[2026-09-26T11:36:34.916Z] !! capture open /dev/serial/by-id/usb-Espressif_USB_JTAG_serial_debug_unit_94:A9:90:7A:26:AC-if00 @ 115200 backend=pyserial dtr=1 rts=0
[2026-09-26T11:36:36.063Z] I (9271) RouteLoom: HIL LINK rx peer=2 type=32 cid=3440832784 cuI (60171) RouteLoom: HIL LINK rx peer=2 type=40 cid=334528459 current=0 status=5 seq=24
[2026-09-26T11:36:36.067Z] I (60175) RouteLoom: HIL PROBE tx peer=2 type=41 status=3 detail=ESP-NOW peer not found
[2026-09-26T11:36:36.299Z] I (60407) RouteLoom: stack hwm main 11096 B
[2026-09-26T11:36:36.299Z] I (60407) RouteLoom: HIL HEAP free=22092 largest=19456 min=21268 B
[2026-09-26T11:36:36.309Z] I (60408) RouteLoom: HIL DISCOVERY candidates=0 neighbors=1 capacity=0 auth=2 stale=1 probes=14 send_failures=50 kind_rejects=1
[2026-09-26T11:36:36.316Z] I (60418) RouteLoom: HIL ROUTE peer=1 phase=-1 via=0 metric=0 generation=0 seq=0
[2026-09-26T11:36:36.323Z] I (60425) RouteLoom: HIL ROUTE peer=2 phase=5 via=0 metric=0 generation=0 seq=0
[2026-09-26T11:36:38.065Z] I (62173) RouteLoom: HIL LINK rx peer=2 type=40 cid=334528459 current=0 status=5 seq=25
[2026-09-26T11:36:38.069Z] I (62176) RouteLoom: HIL PROBE tx peer=2 type=41 status=3 detail=ESP-NOW peer not found
[2026-09-26T11:36:40.067Z] I (64175) RouteLoom: HIL LINK rx peer=2 type=40 cid=334528459 current=0 status=5 seq=26
[2026-09-26T11:36:40.071Z] I (64178) RouteLoom: HIL PROBE tx peer=2 type=41 status=3 detail=ESP-NOW peer not found
[2026-09-26T11:36:42.070Z] I (66179) RouteLoom: HIL LINK rx peer=2 type=40 cid=334528459 current=0 status=5 seq=27
[2026-09-26T11:36:42.075Z] I (66182) RouteLoom: HIL PROBE tx peer=2 type=41 status=3 detail=ESP-NOW peer not found
[2026-09-26T11:36:44.071Z] I (68179) RouteLoom: HIL LINK rx peer=2 type=40 cid=334528459 current=0 status=5 seq=28
[2026-09-26T11:36:44.075Z] I (68182) RouteLoom: HIL PROBE tx peer=2 type=41 status=3 detail=ESP-NOW peer not found
[2026-09-26T11:36:46.075Z] I (70183) RouteLoom: HIL LINK rx peer=2 type=40 cid=334528459 current=0 status=5 seq=29
[2026-09-26T11:36:46.079Z] I (70186) RouteLoom: HIL PROBE tx peer=2 type=41 status=3 detail=ESP-NOW peer not found
[2026-09-26T11:36:48.079Z] I (72187) RouteLoom: HIL LINK rx peer=2 type=40 cid=334528459 current=0 status=5 seq=30
[2026-09-26T11:36:48.083Z] I (72190) RouteLoom: HIL PROBE tx peer=2 type=41 status=3 detail=ESP-NOW peer not found
[2026-09-26T11:36:50.081Z] I (74189) RouteLoom: HIL LINK rx peer=2 type=40 cid=334528459 current=0 status=5 seq=31
[2026-09-26T11:36:50.085Z] I (74192) RouteLoom: HIL PROBE tx peer=2 type=41 status=3 detail=ESP-NOW peer not found
[2026-09-26T11:37:00.082Z] I (84190) RouteLoom: HIL PROBE tx peer=2 type=40 status=3 detail=ESP-NOW peer not found
[2026-09-26T11:37:00.088Z] I (84196) RouteLoom: HIL PROBE tx peer=2 type=40 status=3 detail=ESP-NOW peer not found
[2026-09-26T11:37:00.095Z] I (84202) RouteLoom: HIL PROBE tx peer=2 type=40 status=3 detail=ESP-NOW peer not found
[2026-09-26T11:37:00.102Z] I (84208) RouteLoom: HIL PROBE tx peer=2 type=40 status=3 detail=ESP-NOW peer not found
[2026-09-26T11:37:00.110Z] I (84216) RouteLoom: HIL PROBE tx peer=2 type=40 status=3 detail=ESP-NOW peer not found
[2026-09-26T11:37:00.118Z] I (84223) RouteLoom: HIL PROBE tx peer=2 type=40 status=3 detail=ESP-NOW peer not found
[2026-09-26T11:37:00.125Z] I (84231) RouteLoom: HIL PROBE tx peer=2 type=40 status=3 detail=ESP-NOW peer not found
[2026-09-26T11:37:00.133Z] I (84239) RouteLoom: HIL PROBE tx peer=2 type=40 status=3 detail=ESP-NOW peer not found
[2026-09-26T11:37:00.140Z] I (84247) RouteLoom: HIL PROBE tx peer=2 type=40 status=3 detail=ESP-NOW peer not found
[2026-09-26T11:37:00.148Z] I (84254) RouteLoom: HIL PROBE tx peer=2 type=40 status=3 detail=ESP-NOW peer not found
[2026-09-26T11:37:00.156Z] I (84262) RouteLoom: HIL PROBE tx peer=2 type=40 status=3 detail=ESP-NOW peer not found
[2026-09-26T11:37:00.164Z] I (84270) RouteLoom: HIL PROBE tx peer=2 type=40 status=3 detail=ESP-NOW peer not found
[2026-09-26T11:37:00.171Z] I (84277) RouteLoom: HIL PROBE tx peer=2 type=40 status=3 detail=ESP-NOW peer not found
[2026-09-26T11:37:00.179Z] I (84285) RouteLoom: HIL PROBE tx peer=2 type=40 status=3 detail=ESP-NOW peer not found
[2026-09-26T11:37:00.187Z] I (84293) RouteLoom: HIL PROBE tx peer=2 type=40 status=3 detail=ESP-NOW peer not found
[2026-09-26T11:37:00.195Z] I (84301) RouteLoom: HIL PROBE tx peer=2 type=40 status=3 detail=ESP-NOW peer not found
[2026-09-26T11:37:00.202Z] I (84308) RouteLoom: HIL PROBE tx peer=2 type=40 status=3 detail=ESP-NOW peer not found
[2026-09-26T11:37:00.210Z] I (84316) RouteLoom: HIL PROBE tx peer=2 type=40 status=3 detail=ESP-NOW peer not found
[2026-09-26T11:37:00.218Z] I (84324) RouteLoom: HIL PROBE tx peer=2 type=40 status=3 detail=ESP-NOW peer not found
[2026-09-26T11:37:00.225Z] I (84332) RouteLoom: HIL PROBE tx peer=2 type=40 status=3 detail=ESP-NOW peer not found
[2026-09-26T11:37:00.233Z] I (84339) RouteLoom: HIL PROBE tx peer=2 type=40 status=3 detail=ESP-NOW peer not found
[2026-09-26T11:37:00.241Z] I (84347) RouteLoom: HIL PROBE tx peer=2 type=40 status=3 detail=ESP-NOW peer not found
[2026-09-26T11:37:00.249Z] I (84355) RouteLoom: HIL PROBE tx peer=2 type=40 status=3 detail=ESP-NOW peer not found
[2026-09-26T11:37:00.256Z] I (84362) RouteLoom: HIL PROBE tx peer=2 type=40 status=3 detail=ESP-NOW peer not found
[2026-09-26T11:37:00.264Z] I (84370) RouteLoom: HIL PROBE tx peer=2 type=40 status=3 detail=ESP-NOW peer not found
[2026-09-26T11:37:00.272Z] I (84378) RouteLoom: HIL PROBE tx peer=2 type=40 status=3 detail=ESP-NOW peer not found
[2026-09-26T11:37:00.280Z] I (84386) RouteLoom: HIL PROBE tx peer=2 type=40 status=3 detail=ESP-NOW peer not found
[2026-09-26T11:37:00.287Z] I (84393) RouteLoom: HIL PROBE tx peer=2 type=40 status=3 detail=ESP-NOW peer not found
[2026-09-26T11:37:00.295Z] I (84401) RouteLoom: HIL PROBE tx peer=2 type=40 status=3 detail=ESP-NOW peer not found
[2026-09-26T11:37:00.303Z] I (84409) RouteLoom: HIL PROBE tx peer=2 type=40 status=3 detail=ESP-NOW peer not found
[2026-09-26T11:37:00.311Z] I (84416) RouteLoom: HIL PROBE tx peer=2 type=40 status=3 detail=ESP-NOW peer not found
[2026-09-26T11:37:00.319Z] I (84424) RouteLoom: HIL PROBE tx peer=2 type=40 status=3 detail=ESP-NOW peer not found
[2026-09-26T11:37:00.326Z] I (84432) RouteLoom: HIL PROBE tx peer=2 type=40 status=3 detail=ESP-NOW peer not found
[2026-09-26T11:37:00.334Z] I (84440) RouteLoom: HIL PROBE tx peer=2 type=40 status=3 detail=ESP-NOW peer not found
[2026-09-26T11:37:00.341Z] I (84447) RouteLoom: HIL PROBE tx peer=2 type=40 status=3 detail=ESP-NOW peer not found
[2026-09-26T11:37:00.349Z] I (84455) RouteLoom: HIL PROBE tx peer=2 type=40 status=3 detail=ESP-NOW peer not found
[2026-09-26T11:37:00.357Z] I (84463) RouteLoom: HIL PROBE tx peer=2 type=40 status=3 detail=ESP-NOW peer not found
[2026-09-26T11:37:00.365Z] I (84471) RouteLoom: HIL PROBE tx peer=2 type=40 status=3 detail=ESP-NOW peer not found
[2026-09-26T11:37:00.372Z] I (84478) RouteLoom: HIL PROBE tx peer=2 type=40 status=3 detail=ESP-NOW peer not found
[2026-09-26T11:37:00.380Z] I (84486) RouteLoom: HIL PROBE tx peer=2 type=40 status=3 detail=ESP-NOW peer not found
[2026-09-26T11:37:00.388Z] I (84494) RouteLoom: HIL PROBE tx peer=2 type=40 status=3 detail=ESP-NOW peer not found
[2026-09-26T11:37:00.395Z] I (84501) RouteLoom: HIL PROBE tx peer=2 type=40 status=3 detail=ESP-NOW peer not found
[2026-09-26T11:37:00.403Z] I (84509) RouteLoom: HIL PROBE tx peer=2 type=40 status=3 detail=ESP-NOW peer not found
[2026-09-26T11:37:00.411Z] I (84517) RouteLoom: HIL PROBE tx peer=2 type=40 status=3 detail=ESP-NOW peer not found
[2026-09-26T11:37:00.419Z] I (84525) RouteLoom: HIL PROBE tx peer=2 type=40 status=3 detail=ESP-NOW peer not found
[2026-09-26T11:37:00.426Z] I (84532) RouteLoom: HIL PROBE tx peer=2 type=40 status=3 detail=ESP-NOW peer not found
[2026-09-26T11:37:00.434Z] I (84540) RouteLoom: HIL PROBE tx peer=2 type=40 status=3 detail=ESP-NOW peer not found
[2026-09-26T11:37:00.442Z] I (84548) RouteLoom: HIL PROBE tx peer=2 type=40 status=3 detail=ESP-NOW peer not found
[2026-09-26T11:37:00.449Z] I (84556) RouteLoom: HIL PROBE tx peer=2 type=40 status=3 detail=ESP-NOW peer not found
[2026-09-26T11:37:00.457Z] I (84563) RouteLoom: HIL PROBE tx peer=2 type=40 status=3 detail=ESP-NOW peer not found
[2026-09-26T11:37:00.465Z] I (84571) RouteLoom: HIL PROBE tx peer=2 type=40 status=3 detail=ESP-NOW peer not found
[2026-09-26T11:37:00.473Z] I (84579) RouteLoom: HIL PROBE tx peer=2 type=40 status=3 detail=ESP-NOW peer not found
[2026-09-26T11:37:00.480Z] I (84586) RouteLoom: HIL PROBE tx peer=2 type=40 status=3 detail=ESP-NOW peer not found
[2026-09-26T11:37:00.488Z] I (84594) RouteLoom: HIL PROBE tx peer=2 type=40 status=3 detail=ESP-NOW peer not found
[2026-09-26T11:37:00.496Z] I (84602) RouteLoom: HIL PROBE tx peer=2 type=40 status=3 detail=ESP-NOW peer not found
[2026-09-26T11:37:00.504Z] I (84610) RouteLoom: HIL PROBE tx peer=2 type=40 status=3 detail=ESP-NOW peer not found
[2026-09-26T11:37:00.512Z] I (84617) RouteLoom: HIL PROBE tx peer=2 type=40 status=3 detail=ESP-NOW peer not found
[2026-09-26T11:37:00.520Z] I (84625) RouteLoom: HIL PROBE tx peer=2 type=40 status=3 detail=ESP-NOW peer not found
[2026-09-26T11:37:00.527Z] I (84633) RouteLoom: HIL PROBE tx peer=2 type=40 status=3 detail=ESP-NOW peer not found
[2026-09-26T11:37:00.535Z] I (84640) RouteLoom: HIL PROBE tx peer=2 type=40 status=3 detail=ESP-NOW peer not found
[2026-09-26T11:37:00.542Z] I (84648) RouteLoom: HIL PROBE tx peer=2 type=40 status=3 detail=ESP-NOW peer not found
[2026-09-26T11:37:00.550Z] I (84656) RouteLoom: HIL PROBE tx peer=2 type=40 status=3 detail=ESP-NOW peer not found
[2026-09-26T11:37:00.558Z] I (84664) RouteLoom: HIL PROBE tx peer=2 type=40 status=3 detail=ESP-NOW peer not found
[2026-09-26T11:37:00.565Z] I (84671) RouteLoom: HIL PROBE tx peer=2 type=40 status=3 detail=ESP-NOW peer not found
[2026-09-26T11:37:00.573Z] I (84679) RouteLoom: HIL PROBE tx peer=2 type=40 status=3 detail=ESP-NOW peer not found
[2026-09-26T11:37:00.581Z] I (84687) RouteLoom: HIL PROBE tx peer=2 type=40 status=3 detail=ESP-NOW peer not found
[2026-09-26T11:37:00.589Z] I (84695) RouteLoom: HIL PROBE tx peer=2 type=40 status=3 detail=ESP-NOW peer not found
[2026-09-26T11:37:00.596Z] I (84702) RouteLoom: HIL PROBE tx peer=2 type=40 status=3 detail=ESP-NOW peer not found
[2026-09-26T11:37:00.604Z] I (84711) RouteLoom: HIL PROBE tx peer=2 type=40 status=3 detail=ESP-NOW peer not found
[2026-09-26T11:37:00.612Z] I (84717) RouteLoom: HIL PROBE tx peer=2 type=40 status=3 detail=ESP-NOW peer not found
[2026-09-26T11:37:00.619Z] I (84724) RouteLoom: HIL PROBE tx peer=2 type=40 status=3 detail=ESP-NOW peer not found
[2026-09-26T11:37:00.627Z] I (84732) RouteLoom: HIL PROBE tx peer=2 type=40 status=3 detail=ESP-NOW peer not found
[2026-09-26T11:37:00.635Z] I (84740) RouteLoom: HIL PROBE tx peer=2 type=40 status=3 detail=ESP-NOW peer not found
[2026-09-26T11:37:00.643Z] I (84748) RouteLoom: HIL PROBE tx peer=2 type=40 status=3 detail=ESP-NOW peer not found
[2026-09-26T11:37:00.651Z] I (84755) RouteLoom: HIL PROBE tx peer=2 type=40 status=3 detail=ESP-NOW peer not found
[2026-09-26T11:37:00.658Z] I (84763) RouteLoom: HIL PROBE tx peer=2 type=40 status=3 detail=ESP-NOW peer not found
[2026-09-26T11:37:00.666Z] I (84771) RouteLoom: HIL PROBE tx peer=2 type=40 status=3 detail=ESP-NOW peer not found
[2026-09-26T11:37:00.674Z] I (84779) RouteLoom: HIL PROBE tx peer=2 type=40 status=3 detail=ESP-NOW peer not found
[2026-09-26T11:37:00.682Z] I (84786) RouteLoom: HIL PROBE tx peer=2 type=40 status=3 detail=ESP-NOW peer not found
[2026-09-26T11:37:00.689Z] I (84794) RouteLoom: HIL PROBE tx peer=2 type=40 status=3 detail=ESP-NOW peer not found
[2026-09-26T11:37:00.697Z] I (84802) RouteLoom: HIL PROBE tx peer=2 type=40 status=3 detail=ESP-NOW peer not found
[2026-09-26T11:37:00.704Z] I (84809) RouteLoom: HIL PROBE tx peer=2 type=40 status=3 detail=ESP-NOW peer not found
[2026-09-26T11:37:00.712Z] I (84817) RouteLoom: HIL PROBE tx peer=2 type=40 status=3 detail=ESP-NOW peer not found
[2026-09-26T11:37:00.722Z] I (84825) RouteLoom: HIL PROBE tx peer=2 type=40 status=3 detail=ESP-NOW peer not found
[2026-09-26T11:37:00.728Z] I (84834) RouteLoom: HIL PROBE tx peer=2 type=40 status=3 detail=ESP-NOW peer not found
[2026-09-26T11:37:00.735Z] I (84841) RouteLoom: HIL PROBE tx peer=2 type=40 status=3 detail=ESP-NOW peer not found
[2026-09-26T11:37:00.743Z] I (84849) RouteLoom: HIL PROBE tx peer=2 type=40 status=3 detail=ESP-NOW peer not found
[2026-09-26T11:37:00.751Z] I (84857) RouteLoom: HIL PROBE tx peer=2 type=40 status=3 detail=ESP-NOW peer not found
[2026-09-26T11:37:00.759Z] I (84865) RouteLoom: HIL PROBE tx peer=2 type=40 status=3 detail=ESP-NOW peer not found
[2026-09-26T11:37:00.766Z] I (84872) RouteLoom: HIL PROBE tx peer=2 type=40 status=3 detail=ESP-NOW peer not found
[2026-09-26T11:37:00.774Z] I (84880) RouteLoom: HIL PROBE tx peer=2 type=40 status=3 detail=ESP-NOW peer not found
[2026-09-26T11:37:00.782Z] I (84888) RouteLoom: HIL PROBE tx peer=2 type=40 status=3 detail=ESP-NOW peer not found
[2026-09-26T11:37:00.789Z] I (84895) RouteLoom: HIL PROBE tx peer=2 type=40 status=3 detail=ESP-NOW peer not found
[2026-09-26T11:37:00.797Z] I (84903) RouteLoom: HIL PROBE tx peer=2 type=40 status=3 detail=ESP-NOW peer not found
[2026-09-26T11:37:00.805Z] I (84911) RouteLoom: HIL PROBE tx peer=2 type=40 status=3 detail=ESP-NOW peer not found
[2026-09-26T11:37:00.813Z] I (84919) RouteLoom: HIL PROBE tx peer=2 type=40 status=3 detail=ESP-NOW peer not found
[2026-09-26T11:37:00.821Z] I (84926) RouteLoom: HIL PROBE tx peer=2 type=40 status=3 detail=ESP-NOW peer not found
[2026-09-26T11:37:00.828Z] I (84934) RouteLoom: HIL PROBE tx peer=2 type=40 status=3 detail=ESP-NOW peer not found
[2026-09-26T11:37:00.836Z] I (84942) RouteLoom: HIL PROBE tx peer=2 type=40 status=3 detail=ESP-NOW peer not found
[2026-09-26T11:37:00.843Z] I (84949) RouteLoom: HIL PROBE tx peer=2 type=40 status=3 detail=ESP-NOW peer not found
[2026-09-26T11:37:00.851Z] I (84957) RouteLoom: HIL PROBE tx peer=2 type=40 status=3 detail=ESP-NOW peer not found
[2026-09-26T11:37:00.859Z] I (84965) RouteLoom: HIL PROBE tx peer=2 type=40 status=3 detail=ESP-NOW peer not found
[2026-09-26T11:37:00.867Z] I (84973) RouteLoom: HIL PROBE tx peer=2 type=40 status=3 detail=ESP-NOW peer not found
[2026-09-26T11:37:00.874Z] I (84980) RouteLoom: HIL PROBE tx peer=2 type=40 status=3 detail=ESP-NOW peer not found
[2026-09-26T11:37:00.882Z] I (84988) RouteLoom: HIL PROBE tx peer=2 type=40 status=3 detail=ESP-NOW peer not found
[2026-09-26T11:37:00.890Z] I (84996) RouteLoom: HIL PROBE tx peer=2 type=40 status=3 detail=ESP-NOW peer not found
[2026-09-26T11:37:00.898Z] I (85004) RouteLoom: HIL PROBE tx peer=2 type=40 status=3 detail=ESP-NOW peer not found
[2026-09-26T11:37:00.905Z] I (85011) RouteLoom: HIL PROBE tx peer=2 type=40 status=3 detail=ESP-NOW peer not found
[2026-09-26T11:37:00.913Z] I (85019) RouteLoom: HIL PROBE tx peer=2 type=40 status=3 detail=ESP-NOW peer not found
[2026-09-26T11:37:00.921Z] I (85027) RouteLoom: HIL PROBE tx peer=2 type=40 status=3 detail=ESP-NOW peer not found
[2026-09-26T11:37:00.929Z] I (85034) RouteLoom: HIL PROBE tx peer=2 type=40 status=3 detail=ESP-NOW peer not found
[2026-09-26T11:37:00.936Z] I (85042) RouteLoom: HIL PROBE tx peer=2 type=40 status=3 detail=ESP-NOW peer not found
[2026-09-26T11:37:00.944Z] I (85050) RouteLoom: HIL PROBE tx peer=2 type=40 status=3 detail=ESP-NOW peer not found
[2026-09-26T11:37:00.952Z] I (85058) RouteLoom: HIL PROBE tx peer=2 type=40 status=3 detail=ESP-NOW peer not found
[2026-09-26T11:37:00.959Z] I (85065) RouteLoom: HIL PROBE tx peer=2 type=40 status=3 detail=ESP-NOW peer not found
[2026-09-26T11:37:00.967Z] I (85073) RouteLoom: HIL PROBE tx peer=2 type=40 status=3 detail=ESP-NOW peer not found
[2026-09-26T11:37:00.975Z] I (85081) RouteLoom: HIL PROBE tx peer=2 type=40 status=3 detail=ESP-NOW peer not found
[2026-09-26T11:37:00.983Z] I (85089) RouteLoom: HIL PROBE tx peer=2 type=40 status=3 detail=ESP-NOW peer not found
[2026-09-26T11:37:00.990Z] I (85096) RouteLoom: HIL PROBE tx peer=2 type=40 status=3 detail=ESP-NOW peer not found
[2026-09-26T11:37:00.998Z] I (85104) RouteLoom: HIL PROBE tx peer=2 type=40 status=3 detail=ESP-NOW peer not found
[2026-09-26T11:37:01.006Z] I (85112) RouteLoom: HIL PROBE tx peer=2 type=40 status=3 detail=ESP-NOW peer not found
[2026-09-26T11:37:01.014Z] I (85119) RouteLoom: HIL PROBE tx peer=2 type=40 status=3 detail=ESP-NOW peer not found
[2026-09-26T11:37:01.021Z] I (85127) RouteLoom: HIL PROBE tx peer=2 type=40 status=3 detail=ESP-NOW peer not found
[2026-09-26T11:37:01.029Z] I (85135) RouteLoom: HIL PROBE tx peer=2 type=40 status=3 detail=ESP-NOW peer not found
[2026-09-26T11:37:01.037Z] I (85143) RouteLoom: HIL PROBE tx peer=2 type=40 status=3 detail=ESP-NOW peer not found
[2026-09-26T11:37:01.045Z] I (85150) RouteLoom: HIL PROBE tx peer=2 type=40 status=3 detail=ESP-NOW peer not found
[2026-09-26T11:37:01.052Z] I (85158) RouteLoom: HIL PROBE tx peer=2 type=40 status=3 detail=ESP-NOW peer not found
[2026-09-26T11:37:01.060Z] I (85166) RouteLoom: HIL PROBE tx peer=2 type=40 status=3 detail=ESP-NOW peer not found
[2026-09-26T11:37:01.067Z] I (85174) RouteLoom: HIL PROBE tx peer=2 type=40 status=3 detail=ESP-NOW peer not found
[2026-09-26T11:37:01.075Z] I (85181) RouteLoom: HIL PROBE tx peer=2 type=40 status=3 detail=ESP-NOW peer not found
[2026-09-26T11:37:01.083Z] I (85189) RouteLoom: HIL PROBE tx peer=2 type=40 status=3 detail=ESP-NOW peer not found
[2026-09-26T11:37:01.091Z] I (85197) RouteLoom: HIL PROBE tx peer=2 type=40 status=3 detail=ESP-NOW peer not found
[2026-09-26T11:37:01.098Z] I (85204) RouteLoom: HIL PROBE tx peer=2 type=40 status=3 detail=ESP-NOW peer not found
[2026-09-26T11:37:01.106Z] I (85212) RouteLoom: HIL PROBE tx peer=2 type=40 status=3 detail=ESP-NOW peer not found
[2026-09-26T11:37:01.114Z] I (85220) RouteLoom: HIL PROBE tx peer=2 type=40 status=3 detail=ESP-NOW peer not found
[2026-09-26T11:37:01.122Z] I (85228) RouteLoom: HIL PROBE tx peer=2 type=40 status=3 detail=ESP-NOW peer not found
[2026-09-26T11:37:01.129Z] I (85235) RouteLoom: HIL PROBE tx peer=2 type=40 status=3 detail=ESP-NOW peer not found
[2026-09-26T11:37:01.137Z] I (85243) RouteLoom: HIL PROBE tx peer=2 type=40 status=3 detail=ESP-NOW peer not found
[2026-09-26T11:37:01.145Z] I (85251) RouteLoom: HIL PROBE tx peer=2 type=40 status=3 detail=ESP-NOW peer not found
[2026-09-26T11:37:01.153Z] I (85258) RouteLoom: HIL PROBE tx peer=2 type=40 status=3 detail=ESP-NOW peer not found
[2026-09-26T11:37:01.160Z] I (85266) RouteLoom: HIL PROBE tx peer=2 type=40 status=3 detail=ESP-NOW peer not found
[2026-09-26T11:37:01.168Z] I (85274) RouteLoom: HIL PROBE tx peer=2 type=40 status=3 detail=ESP-NOW peer not found
[2026-09-26T11:37:01.176Z] I (85282) RouteLoom: HIL PROBE tx peer=2 type=40 status=3 detail=ESP-NOW peer not found
[2026-09-26T11:37:01.183Z] I (85289) RouteLoom: HIL PROBE tx peer=2 type=40 status=3 detail=ESP-NOW peer not found
[2026-09-26T11:37:01.191Z] I (85297) RouteLoom: HIL PROBE tx peer=2 type=40 status=3 detail=ESP-NOW peer not found
[2026-09-26T11:37:01.199Z] I (85305) RouteLoom: HIL PROBE tx peer=2 type=40 status=3 detail=ESP-NOW peer not found
[2026-09-26T11:37:01.207Z] I (85313) RouteLoom: HIL PROBE tx peer=2 type=40 status=3 detail=ESP-NOW peer not found
[2026-09-26T11:37:01.214Z] I (85320) RouteLoom: HIL PROBE tx peer=2 type=40 status=3 detail=ESP-NOW peer not found
[2026-09-26T11:37:01.222Z] I (85328) RouteLoom: HIL PROBE tx peer=2 type=40 status=3 detail=ESP-NOW peer not found
[2026-09-26T11:37:01.230Z] I (85336) RouteLoom: HIL PROBE tx peer=2 type=40 status=3 detail=ESP-NOW peer not found
[2026-09-26T11:37:01.238Z] I (85343) RouteLoom: HIL PROBE tx peer=2 type=40 status=3 detail=ESP-NOW peer not found
[2026-09-26T11:37:01.245Z] I (85351) RouteLoom: HIL PROBE tx peer=2 type=40 status=3 detail=ESP-NOW peer not found
[2026-09-26T11:37:01.253Z] I (85359) RouteLoom: HIL PROBE tx peer=2 type=40 status=3 detail=ESP-NOW peer not found
[2026-09-26T11:37:01.261Z] I (85367) RouteLoom: HIL PROBE tx peer=2 type=40 status=3 detail=ESP-NOW peer not found
[2026-09-26T11:37:01.268Z] I (85374) RouteLoom: HIL PROBE tx peer=2 type=40 status=3 detail=ESP-NOW peer not found
[2026-09-26T11:37:01.276Z] I (85382) RouteLoom: HIL PROBE tx peer=2 type=40 status=3 detail=ESP-NOW peer not found
[2026-09-26T11:37:01.284Z] I (85390) RouteLoom: HIL PROBE tx peer=2 type=40 status=3 detail=ESP-NOW peer not found
[2026-09-26T11:37:01.291Z] I (85398) RouteLoom: HIL PROBE tx peer=2 type=40 status=3 detail=ESP-NOW peer not found
[2026-09-26T11:37:01.299Z] I (85405) RouteLoom: HIL PROBE tx peer=2 type=40 status=3 detail=ESP-NOW peer not found
[2026-09-26T11:37:01.307Z] I (85413) RouteLoom: HIL PROBE tx peer=2 type=40 status=3 detail=ESP-NOW peer not found
[2026-09-26T11:37:01.315Z] I (85421) RouteLoom: HIL PROBE tx peer=2 type=40 status=3 detail=ESP-NOW peer not found
[2026-09-26T11:37:01.322Z] I (85428) RouteLoom: HIL PROBE tx peer=2 type=40 status=3 detail=ESP-NOW peer not found
[2026-09-26T11:37:01.330Z] I (85436) RouteLoom: HIL PROBE tx peer=2 type=40 status=3 detail=ESP-NOW peer not found
[2026-09-26T11:37:01.338Z] I (85444) RouteLoom: HIL PROBE tx peer=2 type=40 status=3 detail=ESP-NOW peer not found
[2026-09-26T11:37:01.346Z] I (85452) RouteLoom: HIL PROBE tx peer=2 type=40 status=3 detail=ESP-NOW peer not found
[2026-09-26T11:37:01.353Z] I (85459) RouteLoom: HIL PROBE tx peer=2 type=40 status=3 detail=ESP-NOW peer not found
[2026-09-26T11:37:01.361Z] I (85467) RouteLoom: HIL PROBE tx peer=2 type=40 status=3 detail=ESP-NOW peer not found
[2026-09-26T11:37:01.369Z] I (85475) RouteLoom: HIL PROBE tx peer=2 type=40 status=3 detail=ESP-NOW peer not found
[2026-09-26T11:37:01.377Z] I (85483) RouteLoom: HIL PROBE tx peer=2 type=40 status=3 detail=ESP-NOW peer not found
[2026-09-26T11:37:01.384Z] I (85490) RouteLoom: HIL PROBE tx peer=2 type=40 status=3 detail=ESP-NOW peer not found
[2026-09-26T11:37:01.392Z] I (85498) RouteLoom: HIL PROBE tx peer=2 type=40 status=3 detail=ESP-NOW peer not found
[2026-09-26T11:37:01.400Z] I (85506) RouteLoom: HIL PROBE tx peer=2 type=40 status=3 detail=ESP-NOW peer not found
[2026-09-26T11:37:01.407Z] I (85513) RouteLoom: HIL PROBE tx peer=2 type=40 status=3 detail=ESP-NOW peer not found
[2026-09-26T11:37:01.415Z] I (85521) RouteLoom: HIL PROBE tx peer=2 type=40 status=3 detail=ESP-NOW peer not found
[2026-09-26T11:37:01.423Z] I (85529) RouteLoom: HIL PROBE tx peer=2 type=40 status=3 detail=ESP-NOW peer not found
[2026-09-26T11:37:01.431Z] I (85537) RouteLoom: HIL PROBE tx peer=2 type=40 status=3 detail=ESP-NOW peer not found
[2026-09-26T11:37:01.438Z] I (85544) RouteLoom: HIL PROBE tx peer=2 type=40 status=3 detail=ESP-NOW peer not found
[2026-09-26T11:37:01.446Z] I (85552) RouteLoom: HIL PROBE tx peer=2 type=40 status=3 detail=ESP-NOW peer not found
[2026-09-26T11:37:01.454Z] I (85560) RouteLoom: HIL PROBE tx peer=2 type=40 status=3 detail=ESP-NOW peer not found
[2026-09-26T11:37:01.461Z] I (85567) RouteLoom: HIL PROBE tx peer=2 type=40 status=3 detail=ESP-NOW peer not found
[2026-09-26T11:37:01.469Z] I (85575) RouteLoom: HIL PROBE tx peer=2 type=40 status=3 detail=ESP-NOW peer not found
[2026-09-26T11:37:01.477Z] I (85583) RouteLoom: HIL PROBE tx peer=2 type=40 status=3 detail=ESP-NOW peer not found
[2026-09-26T11:37:01.485Z] I (85591) RouteLoom: HIL PROBE tx peer=2 type=40 status=3 detail=ESP-NOW peer not found
[2026-09-26T11:37:01.492Z] I (85598) RouteLoom: HIL PROBE tx peer=2 type=40 status=3 detail=ESP-NOW peer not found
[2026-09-26T11:37:01.500Z] I (85606) RouteLoom: HIL PROBE tx peer=2 type=40 status=3 detail=ESP-NOW peer not found
[2026-09-26T11:37:01.508Z] I (85614) RouteLoom: HIL PROBE tx peer=2 type=40 status=3 detail=ESP-NOW peer not found
[2026-09-26T11:37:01.516Z] I (85622) RouteLoom: HIL PROBE tx peer=2 type=40 status=3 detail=ESP-NOW peer not found
[2026-09-26T11:37:01.523Z] I (85629) RouteLoom: HIL PROBE tx peer=2 type=40 status=3 detail=ESP-NOW peer not found
[2026-09-26T11:37:01.531Z] I (85637) RouteLoom: HIL PROBE tx peer=2 type=40 status=3 detail=ESP-NOW peer not found
[2026-09-26T11:37:01.539Z] I (85645) RouteLoom: HIL PROBE tx peer=2 type=40 status=3 detail=ESP-NOW peer not found
[2026-09-26T11:37:01.547Z] I (85653) RouteLoom: HIL PROBE tx peer=2 type=40 status=3 detail=ESP-NOW peer not found
[2026-09-26T11:37:01.554Z] I (85660) RouteLoom: HIL PROBE tx peer=2 type=40 status=3 detail=ESP-NOW peer not found
[2026-09-26T11:37:01.562Z] I (85668) RouteLoom: HIL PROBE tx peer=2 type=40 status=3 detail=ESP-NOW peer not found
[2026-09-26T11:37:01.570Z] I (85676) RouteLoom: HIL PROBE tx peer=2 type=40 status=3 detail=ESP-NOW peer not found
[2026-09-26T11:37:01.577Z] I (85683) RouteLoom: HIL PROBE tx peer=2 type=40 status=3 detail=ESP-NOW peer not found
[2026-09-26T11:37:01.585Z] I (85691) RouteLoom: HIL PROBE tx peer=2 type=40 status=3 detail=ESP-NOW peer not found
[2026-09-26T11:37:01.593Z] I (85699) RouteLoom: HIL PROBE tx peer=2 type=40 status=3 detail=ESP-NOW peer not found
[2026-09-26T11:37:01.600Z] I (85707) RouteLoom: HIL PROBE tx peer=2 type=40 status=3 detail=ESP-NOW peer not found
[2026-09-26T11:37:01.608Z] I (85714) RouteLoom: HIL PROBE tx peer=2 type=40 status=3 detail=ESP-NOW peer not found
[2026-09-26T11:37:01.616Z] I (85722) RouteLoom: HIL PROBE tx peer=2 type=40 status=3 detail=ESP-NOW peer not found
[2026-09-26T11:37:01.624Z] I (85730) RouteLoom: HIL PROBE tx peer=2 type=40 status=3 detail=ESP-NOW peer not found
[2026-09-26T11:37:01.631Z] I (85737) RouteLoom: HIL PROBE tx peer=2 type=40 status=3 detail=ESP-NOW peer not found
[2026-09-26T11:37:01.639Z] I (85745) RouteLoom: HIL PROBE tx peer=2 type=40 status=3 detail=ESP-NOW peer not found
[2026-09-26T11:37:01.647Z] I (85753) RouteLoom: HIL PROBE tx peer=2 type=40 status=3 detail=ESP-NOW peer not found
[2026-09-26T11:37:01.655Z] I (85761) RouteLoom: HIL PROBE tx peer=2 type=40 status=3 detail=ESP-NOW peer not found
[2026-09-26T11:37:01.662Z] I (85768) RouteLoom: HIL PROBE tx peer=2 type=40 status=3 detail=ESP-NOW peer not found
[2026-09-26T11:37:01.670Z] I (85776) RouteLoom: HIL PROBE tx peer=2 type=40 status=3 detail=ESP-NOW peer not found
[2026-09-26T11:37:01.678Z] I (85784) RouteLoom: HIL PROBE tx peer=2 type=40 status=3 detail=ESP-NOW peer not found
[2026-09-26T11:37:01.686Z] I (85792) RouteLoom: HIL PROBE tx peer=2 type=40 status=3 detail=ESP-NOW peer not found
[2026-09-26T11:37:01.693Z] I (85799) RouteLoom: HIL PROBE tx peer=2 type=40 status=3 detail=ESP-NOW peer not found
[2026-09-26T11:37:01.701Z] I (85807) RouteLoom: HIL PROBE tx peer=2 type=40 status=3 detail=ESP-NOW peer not found
[2026-09-26T11:37:01.709Z] I (85815) RouteLoom: HIL PROBE tx peer=2 type=40 status=3 detail=ESP-NOW peer not found
[2026-09-26T11:37:01.716Z] I (85822) RouteLoom: HIL PROBE tx peer=2 type=40 status=3 detail=ESP-NOW peer not found
[2026-09-26T11:37:01.724Z] I (85830) RouteLoom: HIL PROBE tx peer=2 type=40 status=3 detail=ESP-NOW peer not found
[2026-09-26T11:37:01.732Z] I (85838) RouteLoom: HIL PROBE tx peer=2 type=40 status=3 detail=ESP-NOW peer not found
[2026-09-26T11:37:01.740Z] I (85846) RouteLoom: HIL PROBE tx peer=2 type=40 status=3 detail=ESP-NOW peer not found
[2026-09-26T11:37:01.747Z] I (85853) RouteLoom: HIL PROBE tx peer=2 type=40 status=3 detail=ESP-NOW peer not found
[2026-09-26T11:37:01.755Z] I (85861) RouteLoom: HIL PROBE tx peer=2 type=40 status=3 detail=ESP-NOW peer not found
[2026-09-26T11:37:01.763Z] I (85869) RouteLoom: HIL PROBE tx peer=2 type=40 status=3 detail=ESP-NOW peer not found
[2026-09-26T11:37:01.771Z] I (85877) RouteLoom: HIL PROBE tx peer=2 type=40 status=3 detail=ESP-NOW peer not found
[2026-09-26T11:37:01.778Z] I (85884) RouteLoom: HIL PROBE tx peer=2 type=40 status=3 detail=ESP-NOW peer not found
[2026-09-26T11:37:01.786Z] I (85892) RouteLoom: HIL PROBE tx peer=2 type=40 status=3 detail=ESP-NOW peer not found
[2026-09-26T11:37:01.794Z] I (85900) RouteLoom: HIL PROBE tx peer=2 type=40 status=3 detail=ESP-NOW peer not found
[2026-09-26T11:37:01.801Z] I (85907) RouteLoom: HIL PROBE tx peer=2 type=40 status=3 detail=ESP-NOW peer not found
[2026-09-26T11:37:01.809Z] I (85915) RouteLoom: HIL PROBE tx peer=2 type=40 status=3 detail=ESP-NOW peer not found
[2026-09-26T11:37:01.817Z] I (85923) RouteLoom: HIL PROBE tx peer=2 type=40 status=3 detail=ESP-NOW peer not found
[2026-09-26T11:37:01.825Z] I (85931) RouteLoom: HIL PROBE tx peer=2 type=40 status=3 detail=ESP-NOW peer not found
[2026-09-26T11:37:01.832Z] I (85938) RouteLoom: HIL PROBE tx peer=2 type=40 status=3 detail=ESP-NOW peer not found
[2026-09-26T11:37:01.840Z] I (85946) RouteLoom: HIL PROBE tx peer=2 type=40 status=3 detail=ESP-NOW peer not found
[2026-09-26T11:37:01.848Z] I (85954) RouteLoom: HIL PROBE tx peer=2 type=40 status=3 detail=ESP-NOW peer not found
[2026-09-26T11:37:01.856Z] I (85962) RouteLoom: HIL PROBE tx peer=2 type=40 status=3 detail=ESP-NOW peer not found
[2026-09-26T11:37:01.863Z] I (85969) RouteLoom: HIL PROBE tx peer=2 type=40 status=3 detail=ESP-NOW peer not found
[2026-09-26T11:37:01.871Z] I (85977) RouteLoom: HIL PROBE tx peer=2 type=40 status=3 detail=ESP-NOW peer not found
[2026-09-26T11:37:01.879Z] I (85985) RouteLoom: HIL PROBE tx peer=2 type=40 status=3 detail=ESP-NOW peer not found
[2026-09-26T11:37:01.887Z] I (85992) RouteLoom: HIL PROBE tx peer=2 type=40 status=3 detail=ESP-NOW peer not found
[2026-09-26T11:37:01.894Z] I (86000) RouteLoom: HIL PROBE tx peer=2 type=40 status=3 detail=ESP-NOW peer not found
[2026-09-26T11:37:01.902Z] I (86008) RouteLoom: HIL PROBE tx peer=2 type=40 status=3 detail=ESP-NOW peer not found
[2026-09-26T11:37:01.909Z] I (86016) RouteLoom: HIL PROBE tx peer=2 type=40 status=3 detail=ESP-NOW peer not found
[2026-09-26T11:37:01.917Z] I (86023) RouteLoom: HIL PROBE tx peer=2 type=40 status=3 detail=ESP-NOW peer not found
[2026-09-26T11:37:01.925Z] I (86031) RouteLoom: HIL PROBE tx peer=2 type=40 status=3 detail=ESP-NOW peer not found
[2026-09-26T11:37:01.933Z] I (86039) RouteLoom: HIL PROBE tx peer=2 type=40 status=3 detail=ESP-NOW peer not found
[2026-09-26T11:37:01.940Z] I (86046) RouteLoom: HIL PROBE tx peer=2 type=40 status=3 detail=ESP-NOW peer not found
[2026-09-26T11:37:01.948Z] I (86054) RouteLoom: HIL PROBE tx peer=2 type=40 status=3 detail=ESP-NOW peer not found
[2026-09-26T11:37:01.956Z] I (86062) RouteLoom: HIL PROBE tx peer=2 type=40 status=3 detail=ESP-NOW peer not found
[2026-09-26T11:37:01.964Z] I (86070) RouteLoom: HIL PROBE tx peer=2 type=40 status=3 detail=ESP-NOW peer not found
[2026-09-26T11:37:01.971Z] I (86077) RouteLoom: HIL PROBE tx peer=2 type=40 status=3 detail=ESP-NOW peer not found
[2026-09-26T11:37:01.979Z] I (86085) RouteLoom: HIL PROBE tx peer=2 type=40 status=3 detail=ESP-NOW peer not found
[2026-09-26T11:37:01.987Z] I (86093) RouteLoom: HIL PROBE tx peer=2 type=40 status=3 detail=ESP-NOW peer not found
[2026-09-26T11:37:01.994Z] I (86101) RouteLoom: HIL PROBE tx peer=2 type=40 status=3 detail=ESP-NOW peer not found
[2026-09-26T11:37:02.002Z] I (86108) RouteLoom: HIL PROBE tx peer=2 type=40 status=3 detail=ESP-NOW peer not found
[2026-09-26T11:37:02.010Z] I (86116) RouteLoom: HIL PROBE tx peer=2 type=40 status=3 detail=ESP-NOW peer not found
[2026-09-26T11:37:02.018Z] I (86124) RouteLoom: HIL PROBE tx peer=2 type=40 status=3 detail=ESP-NOW peer not found
[2026-09-26T11:37:02.026Z] I (86131) RouteLoom: HIL PROBE tx peer=2 type=40 status=3 detail=ESP-NOW peer not found
[2026-09-26T11:37:02.033Z] I (86139) RouteLoom: HIL PROBE tx peer=2 type=40 status=3 detail=ESP-NOW peer not found
[2026-09-26T11:37:02.041Z] I (86147) RouteLoom: HIL PROBE tx peer=2 type=40 status=3 detail=ESP-NOW peer not found
[2026-09-26T11:37:02.049Z] I (86155) RouteLoom: HIL PROBE tx peer=2 type=40 status=3 detail=ESP-NOW peer not found
[2026-09-26T11:37:02.056Z] I (86162) RouteLoom: HIL PROBE tx peer=2 type=40 status=3 detail=ESP-NOW peer not found
[2026-09-26T11:37:02.064Z] I (86170) RouteLoom: HIL PROBE tx peer=2 type=40 status=3 detail=ESP-NOW peer not found
[2026-09-26T11:37:02.072Z] I (86178) RouteLoom: HIL PROBE tx peer=2 type=40 status=3 detail=ESP-NOW peer not found
[2026-09-26T11:37:02.080Z] I (86186) RouteLoom: HIL PROBE tx peer=2 type=40 status=3 detail=ESP-NOW peer not found
[2026-09-26T11:37:02.087Z] I (86193) RouteLoom: HIL PROBE tx peer=2 type=40 status=3 detail=ESP-NOW peer not found
[2026-09-26T11:37:02.095Z] I (86201) RouteLoom: HIL PROBE tx peer=2 type=40 status=3 detail=ESP-NOW peer not found
[2026-09-26T11:37:02.103Z] I (86209) RouteLoom: HIL PROBE tx peer=2 type=40 status=3 detail=ESP-NOW peer not found
[2026-09-26T11:37:02.111Z] I (86216) RouteLoom: HIL PROBE tx peer=2 type=40 status=3 detail=ESP-NOW peer not found
[2026-09-26T11:37:02.118Z] I (86224) RouteLoom: HIL PROBE tx peer=2 type=40 status=3 detail=ESP-NOW peer not found
[2026-09-26T11:37:02.126Z] I (86232) RouteLoom: HIL PROBE tx peer=2 type=40 status=3 detail=ESP-NOW peer not found
[2026-09-26T11:37:02.134Z] I (86240) RouteLoom: HIL PROBE tx peer=2 type=40 status=3 detail=ESP-NOW peer not found
[2026-09-26T11:37:02.141Z] I (86247) RouteLoom: HIL PROBE tx peer=2 type=40 status=3 detail=ESP-NOW peer not found
[2026-09-26T11:37:02.149Z] I (86255) RouteLoom: HIL PROBE tx peer=2 type=40 status=3 detail=ESP-NOW peer not found
[2026-09-26T11:37:02.157Z] I (86263) RouteLoom: HIL PROBE tx peer=2 type=40 status=3 detail=ESP-NOW peer not found
[2026-09-26T11:37:02.165Z] I (86271) RouteLoom: HIL PROBE tx peer=2 type=40 status=3 detail=ESP-NOW peer not found
[2026-09-26T11:37:02.174Z] I (86278) RouteLoom: HIL PROBE tx peer=2 type=40 status=3 detail=ESP-NOW peer not found
[2026-09-26T11:37:02.180Z] I (86286) RouteLoom: HIL PROBE tx peer=2 type=40 status=3 detail=ESP-NOW peer not found
[2026-09-26T11:37:02.188Z] I (86294) RouteLoom: HIL PROBE tx peer=2 type=40 status=3 detail=ESP-NOW peer not found
[2026-09-26T11:37:02.195Z] I (86301) RouteLoom: HIL PROBE tx peer=2 type=40 status=3 detail=ESP-NOW peer not found
[2026-09-26T11:37:02.203Z] I (86309) RouteLoom: HIL PROBE tx peer=2 type=40 status=3 detail=ESP-NOW peer not found
[2026-09-26T11:37:02.211Z] I (86317) RouteLoom: HIL PROBE tx peer=2 type=40 status=3 detail=ESP-NOW peer not found
[2026-09-26T11:37:02.218Z] I (86325) RouteLoom: HIL PROBE tx peer=2 type=40 status=3 detail=ESP-NOW peer not found
[2026-09-26T11:37:02.226Z] I (86332) RouteLoom: HIL PROBE tx peer=2 type=40 status=3 detail=ESP-NOW peer not found
[2026-09-26T11:37:02.234Z] I (86340) RouteLoom: HIL PROBE tx peer=2 type=40 status=3 detail=ESP-NOW peer not found
[2026-09-26T11:37:02.242Z] I (86348) RouteLoom: HIL PROBE tx peer=2 type=40 status=3 detail=ESP-NOW peer not found
[2026-09-26T11:37:02.250Z] I (86355) RouteLoom: HIL PROBE tx peer=2 type=40 status=3 detail=ESP-NOW peer not found
[2026-09-26T11:37:02.257Z] I (86363) RouteLoom: HIL PROBE tx peer=2 type=40 status=3 detail=ESP-NOW peer not found
[2026-09-26T11:37:02.265Z] I (86371) RouteLoom: HIL PROBE tx peer=2 type=40 status=3 detail=ESP-NOW peer not found
[2026-09-26T11:37:02.273Z] I (86379) RouteLoom: HIL PROBE tx peer=2 type=40 status=3 detail=ESP-NOW peer not found
[2026-09-26T11:37:02.280Z] I (86386) RouteLoom: HIL PROBE tx peer=2 type=40 status=3 detail=ESP-NOW peer not found
[2026-09-26T11:37:02.288Z] I (86394) RouteLoom: HIL PROBE tx peer=2 type=40 status=3 detail=ESP-NOW peer not found
[2026-09-26T11:37:02.296Z] I (86402) RouteLoom: HIL PROBE tx peer=2 type=40 status=3 detail=ESP-NOW peer not found
[2026-09-26T11:37:02.304Z] I (86410) RouteLoom: HIL PROBE tx peer=2 type=40 status=3 detail=ESP-NOW peer not found
[2026-09-26T11:37:02.311Z] I (86417) RouteLoom: HIL PROBE tx peer=2 type=40 status=3 detail=ESP-NOW peer not found
[2026-09-26T11:37:02.319Z] I (86425) RouteLoom: HIL PROBE tx peer=2 type=40 status=3 detail=ESP-NOW peer not found
[2026-09-26T11:37:02.327Z] I (86433) RouteLoom: HIL PROBE tx peer=2 type=40 status=3 detail=ESP-NOW peer not found
[2026-09-26T11:37:02.334Z] I (86440) RouteLoom: HIL PROBE tx peer=2 type=40 status=3 detail=ESP-NOW peer not found
[2026-09-26T11:37:02.342Z] I (86448) RouteLoom: HIL PROBE tx peer=2 type=40 status=3 detail=ESP-NOW peer not found
[2026-09-26T11:37:02.350Z] I (86456) RouteLoom: HIL PROBE tx peer=2 type=40 status=3 detail=ESP-NOW peer not found
[2026-09-26T11:37:02.358Z] I (86464) RouteLoom: HIL PROBE tx peer=2 type=40 status=3 detail=ESP-NOW peer not found
[2026-09-26T11:37:02.366Z] I (86471) RouteLoom: HIL PROBE tx peer=2 type=40 status=3 detail=ESP-NOW peer not found
[2026-09-26T11:37:02.373Z] I (86479) RouteLoom: HIL PROBE tx peer=2 type=40 status=3 detail=ESP-NOW peer not found
[2026-09-26T11:37:02.381Z] I (86487) RouteLoom: HIL PROBE tx peer=2 type=40 status=3 detail=ESP-NOW peer not found
[2026-09-26T11:37:02.389Z] I (86495) RouteLoom: HIL PROBE tx peer=2 type=40 status=3 detail=ESP-NOW peer not found
[2026-09-26T11:37:02.396Z] I (86502) RouteLoom: HIL PROBE tx peer=2 type=40 status=3 detail=ESP-NOW peer not found
[2026-09-26T11:37:02.404Z] I (86510) RouteLoom: HIL PROBE tx peer=2 type=40 status=3 detail=ESP-NOW peer not found
[2026-09-26T11:37:02.412Z] I (86518) RouteLoom: HIL PROBE tx peer=2 type=40 status=3 detail=ESP-NOW peer not found
[2026-09-26T11:37:02.420Z] I (86525) RouteLoom: HIL PROBE tx peer=2 type=40 status=3 detail=ESP-NOW peer not found
[2026-09-26T11:37:02.427Z] I (86533) RouteLoom: HIL PROBE tx peer=2 type=40 status=3 detail=ESP-NOW peer not found
[2026-09-26T11:37:02.435Z] I (86541) RouteLoom: HIL PROBE tx peer=2 type=40 status=3 detail=ESP-NOW peer not found
[2026-09-26T11:37:02.443Z] I (86549) RouteLoom: HIL PROBE tx peer=2 type=40 status=3 detail=ESP-NOW peer not found
[2026-09-26T11:37:02.450Z] I (86556) RouteLoom: HIL PROBE tx peer=2 type=40 status=3 detail=ESP-NOW peer not found
[2026-09-26T11:37:02.458Z] I (86564) RouteLoom: HIL PROBE tx peer=2 type=40 status=3 detail=ESP-NOW peer not found
[2026-09-26T11:37:02.466Z] I (86572) RouteLoom: HIL PROBE tx peer=2 type=40 status=3 detail=ESP-NOW peer not found
[2026-09-26T11:37:02.473Z] I (86580) RouteLoom: HIL PROBE tx peer=2 type=40 status=3 detail=ESP-NOW peer not found
[2026-09-26T11:37:02.481Z] I (86587) RouteLoom: HIL PROBE tx peer=2 type=40 status=3 detail=ESP-NOW peer not found
[2026-09-26T11:37:02.489Z] I (86595) RouteLoom: HIL PROBE tx peer=2 type=40 status=3 detail=ESP-NOW peer not found
[2026-09-26T11:37:02.497Z] I (86603) RouteLoom: HIL PROBE tx peer=2 type=40 status=3 detail=ESP-NOW peer not found
[2026-09-26T11:37:02.505Z] I (86610) RouteLoom: HIL PROBE tx peer=2 type=40 status=3 detail=ESP-NOW peer not found
[2026-09-26T11:37:02.512Z] I (86618) RouteLoom: HIL PROBE tx peer=2 type=40 status=3 detail=ESP-NOW peer not found
[2026-09-26T11:37:02.520Z] I (86626) RouteLoom: HIL PROBE tx peer=2 type=40 status=3 detail=ESP-NOW peer not found
[2026-09-26T11:37:02.527Z] I (86634) RouteLoom: HIL PROBE tx peer=2 type=40 status=3 detail=ESP-NOW peer not found
[2026-09-26T11:37:02.535Z] I (86641) RouteLoom: HIL PROBE tx peer=2 type=40 status=3 detail=ESP-NOW peer not found
[2026-09-26T11:37:02.543Z] I (86649) RouteLoom: HIL PROBE tx peer=2 type=40 status=3 detail=ESP-NOW peer not found
[2026-09-26T11:37:02.551Z] I (86657) RouteLoom: HIL PROBE tx peer=2 type=40 status=3 detail=ESP-NOW peer not found
[2026-09-26T11:37:02.558Z] I (86664) RouteLoom: HIL PROBE tx peer=2 type=40 status=3 detail=ESP-NOW peer not found
[2026-09-26T11:37:02.566Z] I (86672) RouteLoom: HIL PROBE tx peer=2 type=40 status=3 detail=ESP-NOW peer not found
[2026-09-26T11:37:02.574Z] I (86680) RouteLoom: HIL PROBE tx peer=2 type=40 status=3 detail=ESP-NOW peer not found
[2026-09-26T11:37:02.582Z] I (86688) RouteLoom: HIL PROBE tx peer=2 type=40 status=3 detail=ESP-NOW peer not found
[2026-09-26T11:37:02.589Z] I (86695) RouteLoom: HIL PROBE tx peer=2 type=40 status=3 detail=ESP-NOW peer not found
[2026-09-26T11:37:02.597Z] I (86703) RouteLoom: HIL PROBE tx peer=2 type=40 status=3 detail=ESP-NOW peer not found
[2026-09-26T11:37:02.605Z] I (86711) RouteLoom: HIL PROBE tx peer=2 type=40 status=3 detail=ESP-NOW peer not found
[2026-09-26T11:37:02.613Z] I (86719) RouteLoom: HIL PROBE tx peer=2 type=40 status=3 detail=ESP-NOW peer not found
[2026-09-26T11:37:02.620Z] I (86726) RouteLoom: HIL PROBE tx peer=2 type=40 status=3 detail=ESP-NOW peer not found
[2026-09-26T11:37:02.628Z] I (86734) RouteLoom: HIL PROBE tx peer=2 type=40 status=3 detail=ESP-NOW peer not found
[2026-09-26T11:37:02.636Z] I (86742) RouteLoom: HIL PROBE tx peer=2 type=40 status=3 detail=ESP-NOW peer not found
[2026-09-26T11:37:02.643Z] I (86749) RouteLoom: HIL PROBE tx peer=2 type=40 status=3 detail=ESP-NOW peer not found
[2026-09-26T11:37:02.651Z] I (86757) RouteLoom: HIL PROBE tx peer=2 type=40 status=3 detail=ESP-NOW peer not found
[2026-09-26T11:37:02.659Z] I (86765) RouteLoom: HIL PROBE tx peer=2 type=40 status=3 detail=ESP-NOW peer not found
[2026-09-26T11:37:02.667Z] I (86773) RouteLoom: HIL PROBE tx peer=2 type=40 status=3 detail=ESP-NOW peer not found
[2026-09-26T11:37:02.674Z] I (86780) RouteLoom: HIL PROBE tx peer=2 type=40 status=3 detail=ESP-NOW peer not found
[2026-09-26T11:37:02.682Z] I (86788) RouteLoom: HIL PROBE tx peer=2 type=40 status=3 detail=ESP-NOW peer not found
[2026-09-26T11:37:02.690Z] I (86796) RouteLoom: HIL PROBE tx peer=2 type=40 status=3 detail=ESP-NOW peer not found
[2026-09-26T11:37:02.697Z] I (86804) RouteLoom: HIL PROBE tx peer=2 type=40 status=3 detail=ESP-NOW peer not found
[2026-09-26T11:37:02.705Z] I (86811) RouteLoom: HIL PROBE tx peer=2 type=40 status=3 detail=ESP-NOW peer not found
[2026-09-26T11:37:02.713Z] I (86819) RouteLoom: HIL PROBE tx peer=2 type=40 status=3 detail=ESP-NOW peer not found
[2026-09-26T11:37:02.721Z] I (86827) RouteLoom: HIL PROBE tx peer=2 type=40 status=3 detail=ESP-NOW peer not found
[2026-09-26T11:37:02.728Z] I (86834) RouteLoom: HIL PROBE tx peer=2 type=40 status=3 detail=ESP-NOW peer not found
[2026-09-26T11:37:02.736Z] I (86842) RouteLoom: HIL PROBE tx peer=2 type=40 status=3 detail=ESP-NOW peer not found
[2026-09-26T11:37:02.749Z] I (86850) RouteLoom: HIL PROBE tx peer=2 type=40 status=3 detail=ESP-NOW peer not found
[2026-09-26T11:37:02.752Z] I (86858) RouteLoom: HIL PROBE tx peer=2 type=40 status=3 detail=ESP-NOW peer not found
[2026-09-26T11:37:02.759Z] I (86865) RouteLoom: HIL PROBE tx peer=2 type=40 status=3 detail=ESP-NOW peer not found
[2026-09-26T11:37:02.767Z] I (86873) RouteLoom: HIL PROBE tx peer=2 type=40 status=3 detail=ESP-NOW peer not found
[2026-09-26T11:37:02.775Z] I (86881) RouteLoom: HIL PROBE tx peer=2 type=40 status=3 detail=ESP-NOW peer not found
[2026-09-26T11:37:02.782Z] I (86888) RouteLoom: HIL PROBE tx peer=2 type=40 status=3 detail=ESP-NOW peer not found
[2026-09-26T11:37:02.790Z] I (86896) RouteLoom: HIL PROBE tx peer=2 type=40 status=3 detail=ESP-NOW peer not found
[2026-09-26T11:37:02.798Z] I (86904) RouteLoom: HIL PROBE tx peer=2 type=40 status=3 detail=ESP-NOW peer not found
[2026-09-26T11:37:02.806Z] I (86912) RouteLoom: HIL PROBE tx peer=2 type=40 status=3 detail=ESP-NOW peer not found
[2026-09-26T11:37:02.813Z] I (86919) RouteLoom: HIL PROBE tx peer=2 type=40 status=3 detail=ESP-NOW peer not found
[2026-09-26T11:37:02.822Z] I (86927) RouteLoom: HIL PROBE tx peer=2 type=40 status=3 detail=ESP-NOW peer not found
[2026-09-26T11:37:02.829Z] I (86935) RouteLoom: HIL PROBE tx peer=2 type=40 status=3 detail=ESP-NOW peer not found
[2026-09-26T11:37:02.837Z] I (86943) RouteLoom: HIL PROBE tx peer=2 type=40 status=3 detail=ESP-NOW peer not found
[2026-09-26T11:37:02.844Z] I (86950) RouteLoom: HIL PROBE tx peer=2 type=40 status=3 detail=ESP-NOW peer not found
[2026-09-26T11:37:02.852Z] I (86958) RouteLoom: HIL PROBE tx peer=2 type=40 status=3 detail=ESP-NOW peer not found
[2026-09-26T11:37:02.860Z] I (86966) RouteLoom: HIL PROBE tx peer=2 type=40 status=3 detail=ESP-NOW peer not found
[2026-09-26T11:37:02.867Z] I (86973) RouteLoom: HIL PROBE tx peer=2 type=40 status=3 detail=ESP-NOW peer not found
[2026-09-26T11:37:02.875Z] I (86981) RouteLoom: HIL PROBE tx peer=2 type=40 status=3 detail=ESP-NOW peer not found
[2026-09-26T11:37:02.883Z] I (86989) RouteLoom: HIL PROBE tx peer=2 type=40 status=3 detail=ESP-NOW peer not found
[2026-09-26T11:37:02.891Z] I (86997) RouteLoom: HIL PROBE tx peer=2 type=40 status=3 detail=ESP-NOW peer not found
[2026-09-26T11:37:02.898Z] I (87004) RouteLoom: HIL PROBE tx peer=2 type=40 status=3 detail=ESP-NOW peer not found
[2026-09-26T11:37:02.906Z] I (87012) RouteLoom: HIL PROBE tx peer=2 type=40 status=3 detail=ESP-NOW peer not found
[2026-09-26T11:37:02.914Z] I (87020) RouteLoom: HIL PROBE tx peer=2 type=40 status=3 detail=ESP-NOW peer not found
[2026-09-26T11:37:02.921Z] I (87028) RouteLoom: HIL PROBE tx peer=2 type=40 status=3 detail=ESP-NOW peer not found
[2026-09-26T11:37:02.929Z] I (87035) RouteLoom: HIL PROBE tx peer=2 type=40 status=3 detail=ESP-NOW peer not found
[2026-09-26T11:37:02.937Z] I (87043) RouteLoom: HIL PROBE tx peer=2 type=40 status=3 detail=ESP-NOW peer not found
[2026-09-26T11:37:02.945Z] I (87051) RouteLoom: HIL PROBE tx peer=2 type=40 status=3 detail=ESP-NOW peer not found
[2026-09-26T11:37:02.952Z] I (87058) RouteLoom: HIL PROBE tx peer=2 type=40 status=3 detail=ESP-NOW peer not found
[2026-09-26T11:37:02.960Z] I (87066) RouteLoom: HIL PROBE tx peer=2 type=40 status=3 detail=ESP-NOW peer not found
[2026-09-26T11:37:02.968Z] I (87074) RouteLoom: HIL PROBE tx peer=2 type=40 status=3 detail=ESP-NOW peer not found
[2026-09-26T11:37:02.977Z] I (87082) RouteLoom: HIL PROBE tx peer=2 type=40 status=3 detail=ESP-NOW peer not found
[2026-09-26T11:37:02.983Z] I (87089) RouteLoom: HIL PROBE tx peer=2 type=40 status=3 detail=ESP-NOW peer not found
[2026-09-26T11:37:02.991Z] I (87097) RouteLoom: HIL PROBE tx peer=2 type=40 status=3 detail=ESP-NOW peer not found
[2026-09-26T11:37:02.999Z] I (87105) RouteLoom: HIL PROBE tx peer=2 type=40 status=3 detail=ESP-NOW peer not found
[2026-09-26T11:37:03.007Z] I (87113) RouteLoom: HIL PROBE tx peer=2 type=40 status=3 detail=ESP-NOW peer not found
[2026-09-26T11:37:03.014Z] I (87120) RouteLoom: HIL PROBE tx peer=2 type=40 status=3 detail=ESP-NOW peer not found
[2026-09-26T11:37:03.022Z] I (87128) RouteLoom: HIL PROBE tx peer=2 type=40 status=3 detail=ESP-NOW peer not found
[2026-09-26T11:37:03.030Z] I (87136) RouteLoom: HIL PROBE tx peer=2 type=40 status=3 detail=ESP-NOW peer not found
[2026-09-26T11:37:03.037Z] I (87143) RouteLoom: HIL PROBE tx peer=2 type=40 status=3 detail=ESP-NOW peer not found
[2026-09-26T11:37:03.045Z] I (87151) RouteLoom: HIL PROBE tx peer=2 type=40 status=3 detail=ESP-NOW peer not found
[2026-09-26T11:37:03.053Z] I (87159) RouteLoom: HIL PROBE tx peer=2 type=40 status=3 detail=ESP-NOW peer not found
[2026-09-26T11:37:03.061Z] I (87167) RouteLoom: HIL PROBE tx peer=2 type=40 status=3 detail=ESP-NOW peer not found
[2026-09-26T11:37:03.068Z] I (87174) RouteLoom: HIL PROBE tx peer=2 type=40 status=3 detail=ESP-NOW peer not found
[2026-09-26T11:37:03.076Z] I (87182) RouteLoom: HIL PROBE tx peer=2 type=40 status=3 detail=ESP-NOW peer not found
[2026-09-26T11:37:03.084Z] I (87190) RouteLoom: HIL PROBE tx peer=2 type=40 status=3 detail=ESP-NOW peer not found
[2026-09-26T11:37:03.092Z] I (87197) RouteLoom: HIL PROBE tx peer=2 type=40 status=3 detail=ESP-NOW peer not found
[2026-09-26T11:37:03.099Z] I (87205) RouteLoom: HIL PROBE tx peer=2 type=40 status=3 detail=ESP-NOW peer not found
[2026-09-26T11:37:03.107Z] I (87213) RouteLoom: HIL PROBE tx peer=2 type=40 status=3 detail=ESP-NOW peer not found
[2026-09-26T11:37:03.115Z] I (87221) RouteLoom: HIL PROBE tx peer=2 type=40 status=3 detail=ESP-NOW peer not found
[2026-09-26T11:37:03.122Z] I (87228) RouteLoom: HIL PROBE tx peer=2 type=40 status=3 detail=ESP-NOW peer not found
[2026-09-26T11:37:03.130Z] I (87236) RouteLoom: HIL PROBE tx peer=2 type=40 status=3 detail=ESP-NOW peer not found
[2026-09-26T11:37:03.138Z] I (87244) RouteLoom: HIL PROBE tx peer=2 type=40 status=3 detail=ESP-NOW peer not found
[2026-09-26T11:37:03.146Z] I (87252) RouteLoom: HIL PROBE tx peer=2 type=40 status=3 detail=ESP-NOW peer not found
[2026-09-26T11:37:03.153Z] I (87259) RouteLoom: HIL PROBE tx peer=2 type=40 status=3 detail=ESP-NOW peer not found
[2026-09-26T11:37:03.162Z] I (87267) RouteLoom: HIL PROBE tx peer=2 type=40 status=3 detail=ESP-NOW peer not found
[2026-09-26T11:37:03.169Z] I (87275) RouteLoom: HIL PROBE tx peer=2 type=40 status=3 detail=ESP-NOW peer not found
[2026-09-26T11:37:03.176Z] I (87282) RouteLoom: HIL PROBE tx peer=2 type=40 status=3 detail=ESP-NOW peer not found
[2026-09-26T11:37:03.184Z] I (87290) RouteLoom: HIL PROBE tx peer=2 type=40 status=3 detail=ESP-NOW peer not found
[2026-09-26T11:37:03.192Z] I (87298) RouteLoom: HIL PROBE tx peer=2 type=40 status=3 detail=ESP-NOW peer not found
[2026-09-26T11:37:03.200Z] I (87306) RouteLoom: HIL PROBE tx peer=2 type=40 status=3 detail=ESP-NOW peer not found
[2026-09-26T11:37:03.207Z] I (87313) RouteLoom: HIL PROBE tx peer=2 type=40 status=3 detail=ESP-NOW peer not found
[2026-09-26T11:37:03.215Z] I (87321) RouteLoom: HIL PROBE tx peer=2 type=40 status=3 detail=ESP-NOW peer not found
[2026-09-26T11:37:03.223Z] I (87329) RouteLoom: HIL PROBE tx peer=2 type=40 status=3 detail=ESP-NOW peer not found
[2026-09-26T11:37:03.246Z] I (87352) RouteLoom: HIL PROBE tx peer=2 type=40 status=3 detail=ESP-NOW peer not found
[2026-09-26T11:37:03.254Z] I (87360) RouteLoom: HIL PROBE tx peer=2 type=40 status=3 detail=ESP-NOW peer not found
[2026-09-26T11:37:03.269Z] I (87375) RouteLoom: HIL PROBE tx peer=2 type=40 status=3 detail=ESP-NOW peer not found
[2026-09-26T11:37:03.277Z] I (87383) RouteLoom: HIL PROBE tx peer=2 type=40 status=3 detail=ESP-NOW peer not found
[2026-09-26T11:37:03.285Z] I (87391) RouteLoom: HIL PROBE tx peer=2 type=40 status=3 detail=ESP-NOW peer not found
[2026-09-26T11:37:03.292Z] I (87398) RouteLoom: HIL PROBE tx peer=2 type=40 status=3 detail=ESP-NOW peer not found
[2026-09-26T11:37:03.300Z] I (87406) RouteLoom: HIL PROBE tx peer=2 type=40 status=3 detail=ESP-NOW peer not found
[2026-09-26T11:37:03.308Z] I (87414) RouteLoom: HIL PROBE tx peer=2 type=40 status=3 detail=ESP-NOW peer not found
[2026-09-26T11:37:03.316Z] I (87422) RouteLoom: HIL PROBE tx peer=2 type=40 status=3 detail=ESP-NOW peer not found
[2026-09-26T11:37:03.323Z] I (87429) RouteLoom: HIL PROBE tx peer=2 type=40 status=3 detail=ESP-NOW peer not found
[2026-09-26T11:37:03.331Z] I (87437) RouteLoom: HIL PROBE tx peer=2 type=40 status=3 detail=ESP-NOW peer not found
[2026-09-26T11:37:03.339Z] I (87445) RouteLoom: HIL PROBE tx peer=2 type=40 status=3 detail=ESP-NOW peer not found
[2026-09-26T11:37:03.346Z] I (87452) RouteLoom: HIL PROBE tx peer=2 type=40 status=3 detail=ESP-NOW peer not found
[2026-09-26T11:37:03.354Z] I (87460) RouteLoom: HIL PROBE tx peer=2 type=40 status=3 detail=ESP-NOW peer not found
[2026-09-26T11:37:03.362Z] I (87468) RouteLoom: HIL PROBE tx peer=2 type=40 status=3 detail=ESP-NOW peer not found
[2026-09-26T11:37:03.370Z] I (87476) RouteLoom: HIL PROBE tx peer=2 type=40 status=3 detail=ESP-NOW peer not found
[2026-09-26T11:37:03.377Z] I (87483) RouteLoom: HIL PROBE tx peer=2 type=40 status=3 detail=ESP-NOW peer not found
[2026-09-26T11:37:03.385Z] I (87491) RouteLoom: HIL PROBE tx peer=2 type=40 status=3 detail=ESP-NOW peer not found
[2026-09-26T11:37:03.393Z] I (87499) RouteLoom: HIL PROBE tx peer=2 type=40 status=3 detail=ESP-NOW peer not found
[2026-09-26T11:37:03.400Z] I (87506) RouteLoom: HIL PROBE tx peer=2 type=40 status=3 detail=ESP-NOW peer not found
[2026-09-26T11:37:03.408Z] I (87514) RouteLoom: HIL PROBE tx peer=2 type=40 status=3 detail=ESP-NOW peer not found
[2026-09-26T11:37:03.416Z] I (87522) RouteLoom: HIL PROBE tx peer=2 type=40 status=3 detail=ESP-NOW peer not found
[2026-09-26T11:37:03.424Z] I (87530) RouteLoom: HIL PROBE tx peer=2 type=40 status=3 detail=ESP-NOW peer not found
[2026-09-26T11:37:03.431Z] I (87537) RouteLoom: HIL PROBE tx peer=2 type=40 status=3 detail=ESP-NOW peer not found
[2026-09-26T11:37:03.439Z] I (87545) RouteLoom: HIL PROBE tx peer=2 type=40 status=3 detail=ESP-NOW peer not found
[2026-09-26T11:37:03.447Z] I (87553) RouteLoom: HIL PROBE tx peer=2 type=40 status=3 detail=ESP-NOW peer not found
[2026-09-26T11:37:03.455Z] I (87561) RouteLoom: HIL PROBE tx peer=2 type=40 status=3 detail=ESP-NOW peer not found
[2026-09-26T11:37:03.462Z] I (87568) RouteLoom: HIL PROBE tx peer=2 type=40 status=3 detail=ESP-NOW peer not found
[2026-09-26T11:37:03.470Z] I (87576) RouteLoom: HIL PROBE tx peer=2 type=40 status=3 detail=ESP-NOW peer not found
[2026-09-26T11:37:03.478Z] I (87584) RouteLoom: HIL PROBE tx peer=2 type=40 status=3 detail=ESP-NOW peer not found
[2026-09-26T11:37:03.485Z] I (87591) RouteLoom: HIL PROBE tx peer=2 type=40 status=3 detail=ESP-NOW peer not found
[2026-09-26T11:37:03.493Z] I (87599) RouteLoom: HIL PROBE tx peer=2 type=40 status=3 detail=ESP-NOW peer not found
[2026-09-26T11:37:03.501Z] I (87607) RouteLoom: HIL PROBE tx peer=2 type=40 status=3 detail=ESP-NOW peer not found
[2026-09-26T11:37:03.509Z] I (87615) RouteLoom: HIL PROBE tx peer=2 type=40 status=3 detail=ESP-NOW peer not found
[2026-09-26T11:37:03.516Z] I (87622) RouteLoom: HIL PROBE tx peer=2 type=40 status=3 detail=ESP-NOW peer not found
[2026-09-26T11:37:03.524Z] I (87630) RouteLoom: HIL PROBE tx peer=2 type=40 status=3 detail=ESP-NOW peer not found
[2026-09-26T11:37:03.532Z] I (87638) RouteLoom: HIL PROBE tx peer=2 type=40 status=3 detail=ESP-NOW peer not found
[2026-09-26T11:37:03.540Z] I (87646) RouteLoom: HIL PROBE tx peer=2 type=40 status=3 detail=ESP-NOW peer not found
[2026-09-26T11:37:03.547Z] I (87653) RouteLoom: HIL PROBE tx peer=2 type=40 status=3 detail=ESP-NOW peer not found
[2026-09-26T11:37:03.555Z] I (87661) RouteLoom: HIL PROBE tx peer=2 type=40 status=3 detail=ESP-NOW peer not found
[2026-09-26T11:37:03.563Z] I (87669) RouteLoom: HIL PROBE tx peer=2 type=40 status=3 detail=ESP-NOW peer not found
[2026-09-26T11:37:03.571Z] I (87676) RouteLoom: HIL PROBE tx peer=2 type=40 status=3 detail=ESP-NOW peer not found
[2026-09-26T11:37:03.578Z] I (87684) RouteLoom: HIL PROBE tx peer=2 type=40 status=3 detail=ESP-NOW peer not found
[2026-09-26T11:37:03.586Z] I (87692) RouteLoom: HIL PROBE tx peer=2 type=40 status=3 detail=ESP-NOW peer not found
[2026-09-26T11:37:03.594Z] I (87700) RouteLoom: HIL PROBE tx peer=2 type=40 status=3 detail=ESP-NOW peer not found
[2026-09-26T11:37:03.601Z] I (87707) RouteLoom: HIL PROBE tx peer=2 type=40 status=3 detail=ESP-NOW peer not found
[2026-09-26T11:37:03.609Z] I (87715) RouteLoom: HIL PROBE tx peer=2 type=40 status=3 detail=ESP-NOW peer not found
[2026-09-26T11:37:03.617Z] I (87723) RouteLoom: HIL PROBE tx peer=2 type=40 status=3 detail=ESP-NOW peer not found
[2026-09-26T11:37:03.625Z] I (87731) RouteLoom: HIL PROBE tx peer=2 type=40 status=3 detail=ESP-NOW peer not found
[2026-09-26T11:37:03.634Z] I (87738) RouteLoom: HIL PROBE tx peer=2 type=40 status=3 detail=ESP-NOW peer not found
[2026-09-26T11:37:03.640Z] I (87746) RouteLoom: HIL PROBE tx peer=2 type=40 status=3 detail=ESP-NOW peer not found
[2026-09-26T11:37:03.648Z] I (87754) RouteLoom: HIL PROBE tx peer=2 type=40 status=3 detail=ESP-NOW peer not found
[2026-09-26T11:37:03.655Z] I (87761) RouteLoom: HIL PROBE tx peer=2 type=40 status=3 detail=ESP-NOW peer not found
[2026-09-26T11:37:03.663Z] I (87769) RouteLoom: HIL PROBE tx peer=2 type=40 status=3 detail=ESP-NOW peer not found
[2026-09-26T11:37:03.671Z] I (87777) RouteLoom: HIL PROBE tx peer=2 type=40 status=3 detail=ESP-NOW peer not found
[2026-09-26T11:37:03.678Z] I (87785) RouteLoom: HIL PROBE tx peer=2 type=40 status=3 detail=ESP-NOW peer not found
[2026-09-26T11:37:03.686Z] I (87792) RouteLoom: HIL PROBE tx peer=2 type=40 status=3 detail=ESP-NOW peer not found
[2026-09-26T11:37:03.694Z] I (87800) RouteLoom: HIL PROBE tx peer=2 type=40 status=3 detail=ESP-NOW peer not found
[2026-09-26T11:37:03.702Z] I (87808) RouteLoom: HIL PROBE tx peer=2 type=40 status=3 detail=ESP-NOW peer not found
[2026-09-26T11:37:03.709Z] I (87815) RouteLoom: HIL PROBE tx peer=2 type=40 status=3 detail=ESP-NOW peer not found
[2026-09-26T11:37:03.717Z] I (87823) RouteLoom: HIL PROBE tx peer=2 type=40 status=3 detail=ESP-NOW peer not found
[2026-09-26T11:37:03.725Z] I (87831) RouteLoom: HIL PROBE tx peer=2 type=40 status=3 detail=ESP-NOW peer not found
[2026-09-26T11:37:03.733Z] I (87839) RouteLoom: HIL PROBE tx peer=2 type=40 status=3 detail=ESP-NOW peer not found
[2026-09-26T11:37:03.740Z] I (87846) RouteLoom: HIL PROBE tx peer=2 type=40 status=3 detail=ESP-NOW peer not found
[2026-09-26T11:37:03.748Z] I (87854) RouteLoom: HIL PROBE tx peer=2 type=40 status=3 detail=ESP-NOW peer not found
[2026-09-26T11:37:03.756Z] I (87862) RouteLoom: HIL PROBE tx peer=2 type=40 status=3 detail=ESP-NOW peer not found
[2026-09-26T11:37:03.764Z] I (87870) RouteLoom: HIL PROBE tx peer=2 type=40 status=3 detail=ESP-NOW peer not found
[2026-09-26T11:37:03.771Z] I (87877) RouteLoom: HIL PROBE tx peer=2 type=40 status=3 detail=ESP-NOW peer not found
[2026-09-26T11:37:03.779Z] I (87885) RouteLoom: HIL PROBE tx peer=2 type=40 status=3 detail=ESP-NOW peer not found
[2026-09-26T11:37:03.787Z] I (87893) RouteLoom: HIL PROBE tx peer=2 type=40 status=3 detail=ESP-NOW peer not found
[2026-09-26T11:37:03.794Z] I (87900) RouteLoom: HIL PROBE tx peer=2 type=40 status=3 detail=ESP-NOW peer not found
[2026-09-26T11:37:03.802Z] I (87908) RouteLoom: HIL PROBE tx peer=2 type=40 status=3 detail=ESP-NOW peer not found
[2026-09-26T11:37:03.810Z] I (87916) RouteLoom: HIL PROBE tx peer=2 type=40 status=3 detail=ESP-NOW peer not found
[2026-09-26T11:37:03.818Z] I (87924) RouteLoom: HIL PROBE tx peer=2 type=40 status=3 detail=ESP-NOW peer not found
[2026-09-26T11:37:03.825Z] I (87931) RouteLoom: HIL PROBE tx peer=2 type=40 status=3 detail=ESP-NOW peer not found
[2026-09-26T11:37:03.833Z] I (87939) RouteLoom: HIL PROBE tx peer=2 type=40 status=3 detail=ESP-NOW peer not found
[2026-09-26T11:37:03.841Z] I (87947) RouteLoom: HIL PROBE tx peer=2 type=40 status=3 detail=ESP-NOW peer not found
[2026-09-26T11:37:03.849Z] I (87955) RouteLoom: HIL PROBE tx peer=2 type=40 status=3 detail=ESP-NOW peer not found
[2026-09-26T11:37:03.856Z] I (87962) RouteLoom: HIL PROBE tx peer=2 type=40 status=3 detail=ESP-NOW peer not found
[2026-09-26T11:37:03.864Z] I (87970) RouteLoom: HIL PROBE tx peer=2 type=40 status=3 detail=ESP-NOW peer not found
[2026-09-26T11:37:03.872Z] I (87978) RouteLoom: HIL PROBE tx peer=2 type=40 status=3 detail=ESP-NOW peer not found
[2026-09-26T11:37:03.879Z] I (87985) RouteLoom: HIL PROBE tx peer=2 type=40 status=3 detail=ESP-NOW peer not found
[2026-09-26T11:37:03.887Z] I (87993) RouteLoom: HIL PROBE tx peer=2 type=40 status=3 detail=ESP-NOW peer not found
[2026-09-26T11:37:03.895Z] I (88001) RouteLoom: HIL PROBE tx peer=2 type=40 status=3 detail=ESP-NOW peer not found
[2026-09-26T11:37:03.903Z] I (88009) RouteLoom: HIL PROBE tx peer=2 type=40 status=3 detail=ESP-NOW peer not found
[2026-09-26T11:37:03.910Z] I (88016) RouteLoom: HIL PROBE tx peer=2 type=40 status=3 detail=ESP-NOW peer not found
[2026-09-26T11:37:03.918Z] I (88024) RouteLoom: HIL PROBE tx peer=2 type=40 status=3 detail=ESP-NOW peer not found
[2026-09-26T11:37:03.926Z] I (88032) RouteLoom: HIL PROBE tx peer=2 type=40 status=3 detail=ESP-NOW peer not found
[2026-09-26T11:37:03.934Z] I (88040) RouteLoom: HIL PROBE tx peer=2 type=40 status=3 detail=ESP-NOW peer not found
[2026-09-26T11:37:03.941Z] I (88047) RouteLoom: HIL PROBE tx peer=2 type=40 status=3 detail=ESP-NOW peer not found
[2026-09-26T11:37:03.953Z] I (88055) RouteLoom: HIL PROBE tx peer=2 type=40 status=3 detail=ESP-NOW peer not found
[2026-09-26T11:37:03.957Z] I (88063) RouteLoom: HIL PROBE tx peer=2 type=40 status=3 detail=ESP-NOW peer not found
[2026-09-26T11:37:03.965Z] I (88070) RouteLoom: HIL PROBE tx peer=2 type=40 status=3 detail=ESP-NOW peer not found
[2026-09-26T11:37:03.972Z] I (88078) RouteLoom: HIL PROBE tx peer=2 type=40 status=3 detail=ESP-NOW peer not found
[2026-09-26T11:37:03.980Z] I (88086) RouteLoom: HIL PROBE tx peer=2 type=40 status=3 detail=ESP-NOW peer not found
[2026-09-26T11:37:03.988Z] I (88094) RouteLoom: HIL PROBE tx peer=2 type=40 status=3 detail=ESP-NOW peer not found
[2026-09-26T11:37:03.995Z] I (88101) RouteLoom: HIL PROBE tx peer=2 type=40 status=3 detail=ESP-NOW peer not found
[2026-09-26T11:37:04.003Z] I (88109) RouteLoom: HIL PROBE tx peer=2 type=40 status=3 detail=ESP-NOW peer not found
[2026-09-26T11:37:04.011Z] I (88117) RouteLoom: HIL PROBE tx peer=2 type=40 status=3 detail=ESP-NOW peer not found
[2026-09-26T11:37:04.018Z] I (88124) RouteLoom: HIL PROBE tx peer=2 type=40 status=3 detail=ESP-NOW peer not found
[2026-09-26T11:37:04.026Z] I (88132) RouteLoom: HIL PROBE tx peer=2 type=40 status=3 detail=ESP-NOW peer not found
[2026-09-26T11:37:04.034Z] I (88140) RouteLoom: HIL PROBE tx peer=2 type=40 status=3 detail=ESP-NOW peer not found
[2026-09-26T11:37:04.042Z] I (88148) RouteLoom: HIL PROBE tx peer=2 type=40 status=3 detail=ESP-NOW peer not found
[2026-09-26T11:37:04.049Z] I (88155) RouteLoom: HIL PROBE tx peer=2 type=40 status=3 detail=ESP-NOW peer not found
[2026-09-26T11:37:04.057Z] I (88163) RouteLoom: HIL PROBE tx peer=2 type=40 status=3 detail=ESP-NOW peer not found
[2026-09-26T11:37:04.065Z] I (88171) RouteLoom: HIL PROBE tx peer=2 type=40 status=3 detail=ESP-NOW peer not found
[2026-09-26T11:37:04.073Z] I (88179) RouteLoom: HIL PROBE tx peer=2 type=40 status=3 detail=ESP-NOW peer not found
[2026-09-26T11:37:04.080Z] I (88186) RouteLoom: HIL PROBE tx peer=2 type=40 status=3 detail=ESP-NOW peer not found
[2026-09-26T11:37:04.088Z] I (88194) RouteLoom: HIL PROBE tx peer=2 type=40 status=3 detail=ESP-NOW peer not found
[2026-09-26T11:37:04.096Z] I (88202) RouteLoom: HIL PROBE tx peer=2 type=40 status=3 detail=ESP-NOW peer not found
[2026-09-26T11:37:04.103Z] I (88209) RouteLoom: HIL PROBE tx peer=2 type=40 status=3 detail=ESP-NOW peer not found
[2026-09-26T11:37:04.111Z] I (88217) RouteLoom: HIL PROBE tx peer=2 type=40 status=3 detail=ESP-NOW peer not found
[2026-09-26T11:37:04.119Z] I (88225) RouteLoom: HIL PROBE tx peer=2 type=40 status=3 detail=ESP-NOW peer not found
[2026-09-26T11:37:04.127Z] I (88233) RouteLoom: HIL PROBE tx peer=2 type=40 status=3 detail=ESP-NOW peer not found
[2026-09-26T11:37:04.134Z] I (88240) RouteLoom: HIL PROBE tx peer=2 type=40 status=3 detail=ESP-NOW peer not found
[2026-09-26T11:37:04.142Z] I (88248) RouteLoom: HIL PROBE tx peer=2 type=40 status=3 detail=ESP-NOW peer not found
[2026-09-26T11:37:04.150Z] I (88256) RouteLoom: HIL PROBE tx peer=2 type=40 status=3 detail=ESP-NOW peer not found
[2026-09-26T11:37:04.158Z] I (88264) RouteLoom: HIL PROBE tx peer=2 type=40 status=3 detail=ESP-NOW peer not found
[2026-09-26T11:37:04.165Z] I (88271) RouteLoom: HIL PROBE tx peer=2 type=40 status=3 detail=ESP-NOW peer not found
[2026-09-26T11:37:04.173Z] I (88279) RouteLoom: HIL PROBE tx peer=2 type=40 status=3 detail=ESP-NOW peer not found
[2026-09-26T11:37:04.181Z] I (88287) RouteLoom: HIL PROBE tx peer=2 type=40 status=3 detail=ESP-NOW peer not found
[2026-09-26T11:37:04.188Z] I (88294) RouteLoom: HIL PROBE tx peer=2 type=40 status=3 detail=ESP-NOW peer not found
[2026-09-26T11:37:04.196Z] I (88302) RouteLoom: HIL PROBE tx peer=2 type=40 status=3 detail=ESP-NOW peer not found
[2026-09-26T11:37:04.204Z] I (88310) RouteLoom: HIL PROBE tx peer=2 type=40 status=3 detail=ESP-NOW peer not found
[2026-09-26T11:37:04.212Z] I (88318) RouteLoom: HIL PROBE tx peer=2 type=40 status=3 detail=ESP-NOW peer not found
[2026-09-26T11:37:04.219Z] I (88325) RouteLoom: HIL PROBE tx peer=2 type=40 status=3 detail=ESP-NOW peer not found
[2026-09-26T11:37:04.227Z] I (88333) RouteLoom: HIL PROBE tx peer=2 type=40 status=3 detail=ESP-NOW peer not found
[2026-09-26T11:37:04.235Z] I (88341) RouteLoom: HIL PROBE tx peer=2 type=40 status=3 detail=ESP-NOW peer not found
[2026-09-26T11:37:04.243Z] I (88349) RouteLoom: HIL PROBE tx peer=2 type=40 status=3 detail=ESP-NOW peer not found
[2026-09-26T11:37:04.250Z] I (88356) RouteLoom: HIL PROBE tx peer=2 type=40 status=3 detail=ESP-NOW peer not found
[2026-09-26T11:37:04.258Z] I (88364) RouteLoom: HIL PROBE tx peer=2 type=40 status=3 detail=ESP-NOW peer not found
[2026-09-26T11:37:04.266Z] I (88372) RouteLoom: HIL PROBE tx peer=2 type=40 status=3 detail=ESP-NOW peer not found
[2026-09-26T11:37:04.273Z] I (88379) RouteLoom: HIL PROBE tx peer=2 type=40 status=3 detail=ESP-NOW peer not found
[2026-09-26T11:37:04.281Z] I (88387) RouteLoom: HIL PROBE tx peer=2 type=40 status=3 detail=ESP-NOW peer not found
[2026-09-26T11:37:04.289Z] I (88395) RouteLoom: HIL PROBE tx peer=2 type=40 status=3 detail=ESP-NOW peer not found
[2026-09-26T11:37:04.297Z] I (88403) RouteLoom: HIL PROBE tx peer=2 type=40 status=3 detail=ESP-NOW peer not found
[2026-09-26T11:37:04.304Z] I (88410) RouteLoom: HIL PROBE tx peer=2 type=40 status=3 detail=ESP-NOW peer not found
[2026-09-26T11:37:04.312Z] I (88418) RouteLoom: HIL PROBE tx peer=2 type=40 status=3 detail=ESP-NOW peer not found
[2026-09-26T11:37:04.320Z] I (88426) RouteLoom: HIL PROBE tx peer=2 type=40 status=3 detail=ESP-NOW peer not found
[2026-09-26T11:37:04.327Z] I (88433) RouteLoom: HIL PROBE tx peer=2 type=40 status=3 detail=ESP-NOW peer not found
[2026-09-26T11:37:04.335Z] I (88441) RouteLoom: HIL PROBE tx peer=2 type=40 status=3 detail=ESP-NOW peer not found
[2026-09-26T11:37:04.343Z] I (88449) RouteLoom: HIL PROBE tx peer=2 type=40 status=3 detail=ESP-NOW peer not found
[2026-09-26T11:37:04.351Z] I (88457) RouteLoom: HIL PROBE tx peer=2 type=40 status=3 detail=ESP-NOW peer not found
[2026-09-26T11:37:04.358Z] I (88464) RouteLoom: HIL PROBE tx peer=2 type=40 status=3 detail=ESP-NOW peer not found
[2026-09-26T11:37:04.366Z] I (88472) RouteLoom: HIL PROBE tx peer=2 type=40 status=3 detail=ESP-NOW peer not found
[2026-09-26T11:37:04.374Z] I (88480) RouteLoom: HIL PROBE tx peer=2 type=40 status=3 detail=ESP-NOW peer not found
[2026-09-26T11:37:04.382Z] I (88488) RouteLoom: HIL PROBE tx peer=2 type=40 status=3 detail=ESP-NOW peer not found
[2026-09-26T11:37:04.389Z] I (88495) RouteLoom: HIL PROBE tx peer=2 type=40 status=3 detail=ESP-NOW peer not found
[2026-09-26T11:37:04.397Z] I (88503) RouteLoom: HIL PROBE tx peer=2 type=40 status=3 detail=ESP-NOW peer not found
[2026-09-26T11:37:04.405Z] I (88511) RouteLoom: HIL PROBE tx peer=2 type=40 status=3 detail=ESP-NOW peer not found
[2026-09-26T11:37:04.412Z] I (88518) RouteLoom: HIL PROBE tx peer=2 type=40 status=3 detail=ESP-NOW peer not found
[2026-09-26T11:37:04.420Z] I (88526) RouteLoom: HIL PROBE tx peer=2 type=40 status=3 detail=ESP-NOW peer not found
[2026-09-26T11:37:04.428Z] I (88534) RouteLoom: HIL PROBE tx peer=2 type=40 status=3 detail=ESP-NOW peer not found
[2026-09-26T11:37:04.436Z] I (88542) RouteLoom: HIL PROBE tx peer=2 type=40 status=3 detail=ESP-NOW peer not found
[2026-09-26T11:37:04.443Z] I (88549) RouteLoom: HIL PROBE tx peer=2 type=40 status=3 detail=ESP-NOW peer not found
[2026-09-26T11:37:04.451Z] I (88557) RouteLoom: HIL PROBE tx peer=2 type=40 status=3 detail=ESP-NOW peer not found
[2026-09-26T11:37:04.459Z] I (88565) RouteLoom: HIL PROBE tx peer=2 type=40 status=3 detail=ESP-NOW peer not found
[2026-09-26T11:37:04.467Z] I (88573) RouteLoom: HIL PROBE tx peer=2 type=40 status=3 detail=ESP-NOW peer not found
[2026-09-26T11:37:04.474Z] I (88580) RouteLoom: HIL PROBE tx peer=2 type=40 status=3 detail=ESP-NOW peer not found
[2026-09-26T11:37:04.482Z] I (88588) RouteLoom: HIL PROBE tx peer=2 type=40 status=3 detail=ESP-NOW peer not found
[2026-09-26T11:37:04.490Z] I (88596) RouteLoom: HIL PROBE tx peer=2 type=40 status=3 detail=ESP-NOW peer not found
[2026-09-26T11:37:04.497Z] I (88603) RouteLoom: HIL PROBE tx peer=2 type=40 status=3 detail=ESP-NOW peer not found
[2026-09-26T11:37:04.505Z] I (88611) RouteLoom: HIL PROBE tx peer=2 type=40 status=3 detail=ESP-NOW peer not found
[2026-09-26T11:37:04.513Z] I (88619) RouteLoom: HIL PROBE tx peer=2 type=40 status=3 detail=ESP-NOW peer not found
[2026-09-26T11:37:04.521Z] I (88627) RouteLoom: HIL PROBE tx peer=2 type=40 status=3 detail=ESP-NOW peer not found
[2026-09-26T11:37:04.528Z] I (88634) RouteLoom: HIL PROBE tx peer=2 type=40 status=3 detail=ESP-NOW peer not found
[2026-09-26T11:37:04.536Z] I (88642) RouteLoom: HIL PROBE tx peer=2 type=40 status=3 detail=ESP-NOW peer not found
[2026-09-26T11:37:04.544Z] I (88650) RouteLoom: HIL PROBE tx peer=2 type=40 status=3 detail=ESP-NOW peer not found
[2026-09-26T11:37:04.551Z] I (88658) RouteLoom: HIL PROBE tx peer=2 type=40 status=3 detail=ESP-NOW peer not found
[2026-09-26T11:37:04.559Z] I (88665) RouteLoom: HIL PROBE tx peer=2 type=40 status=3 detail=ESP-NOW peer not found
[2026-09-26T11:37:04.567Z] I (88673) RouteLoom: HIL PROBE tx peer=2 type=40 status=3 detail=ESP-NOW peer not found
[2026-09-26T11:37:04.575Z] I (88681) RouteLoom: HIL PROBE tx peer=2 type=40 status=3 detail=ESP-NOW peer not found
[2026-09-26T11:37:04.583Z] I (88688) RouteLoom: HIL PROBE tx peer=2 type=40 status=3 detail=ESP-NOW peer not found
[2026-09-26T11:37:04.590Z] I (88696) RouteLoom: HIL PROBE tx peer=2 type=40 status=3 detail=ESP-NOW peer not found
[2026-09-26T11:37:04.598Z] I (88704) RouteLoom: HIL PROBE tx peer=2 type=40 status=3 detail=ESP-NOW peer not found
[2026-09-26T11:37:04.606Z] I (88712) RouteLoom: HIL PROBE tx peer=2 type=40 status=3 detail=ESP-NOW peer not found
[2026-09-26T11:37:04.613Z] I (88719) RouteLoom: HIL PROBE tx peer=2 type=40 status=3 detail=ESP-NOW peer not found
[2026-09-26T11:37:04.621Z] I (88727) RouteLoom: HIL PROBE tx peer=2 type=40 status=3 detail=ESP-NOW peer not found
[2026-09-26T11:37:04.629Z] I (88735) RouteLoom: HIL PROBE tx peer=2 type=40 status=3 detail=ESP-NOW peer not found
[2026-09-26T11:37:04.636Z] I (88742) RouteLoom: HIL PROBE tx peer=2 type=40 status=3 detail=ESP-NOW peer not found
[2026-09-26T11:37:04.644Z] I (88750) RouteLoom: HIL PROBE tx peer=2 type=40 status=3 detail=ESP-NOW peer not found
[2026-09-26T11:37:04.652Z] I (88758) RouteLoom: HIL PROBE tx peer=2 type=40 status=3 detail=ESP-NOW peer not found
[2026-09-26T11:37:04.660Z] I (88766) RouteLoom: HIL PROBE tx peer=2 type=40 status=3 detail=ESP-NOW peer not found
[2026-09-26T11:37:04.667Z] I (88773) RouteLoom: HIL PROBE tx peer=2 type=40 status=3 detail=ESP-NOW peer not found
[2026-09-26T11:37:04.675Z] I (88781) RouteLoom: HIL PROBE tx peer=2 type=40 status=3 detail=ESP-NOW peer not found
[2026-09-26T11:37:04.686Z] I (88789) RouteLoom: HIL PROBE tx peer=2 type=40 status=3 detail=ESP-NOW peer not found
[2026-09-26T11:37:04.691Z] I (88797) RouteLoom: HIL PROBE tx peer=2 type=40 status=3 detail=ESP-NOW peer not found
[2026-09-26T11:37:04.698Z] I (88804) RouteLoom: HIL PROBE tx peer=2 type=40 status=3 detail=ESP-NOW peer not found
[2026-09-26T11:37:04.706Z] I (88812) RouteLoom: HIL PROBE tx peer=2 type=40 status=3 detail=ESP-NOW peer not found
[2026-09-26T11:37:04.714Z] I (88820) RouteLoom: HIL PROBE tx peer=2 type=40 status=3 detail=ESP-NOW peer not found
[2026-09-26T11:37:04.722Z] I (88827) RouteLoom: HIL PROBE tx peer=2 type=40 status=3 detail=ESP-NOW peer not found
[2026-09-26T11:37:04.729Z] I (88835) RouteLoom: HIL PROBE tx peer=2 type=40 status=3 detail=ESP-NOW peer not found
[2026-09-26T11:37:04.737Z] I (88843) RouteLoom: HIL PROBE tx peer=2 type=40 status=3 detail=ESP-NOW peer not found
[2026-09-26T11:37:04.745Z] I (88851) RouteLoom: HIL PROBE tx peer=2 type=40 status=3 detail=ESP-NOW peer not found
[2026-09-26T11:37:04.753Z] I (88858) RouteLoom: HIL PROBE tx peer=2 type=40 status=3 detail=ESP-NOW peer not found
[2026-09-26T11:37:04.760Z] I (88866) RouteLoom: HIL PROBE tx peer=2 type=40 status=3 detail=ESP-NOW peer not found
[2026-09-26T11:37:04.768Z] I (88874) RouteLoom: HIL PROBE tx peer=2 type=40 status=3 detail=ESP-NOW peer not found
[2026-09-26T11:37:04.775Z] I (88882) RouteLoom: HIL PROBE tx peer=2 type=40 status=3 detail=ESP-NOW peer not found
[2026-09-26T11:37:04.783Z] I (88889) RouteLoom: HIL PROBE tx peer=2 type=40 status=3 detail=ESP-NOW peer not found
[2026-09-26T11:37:04.792Z] I (88897) RouteLoom: HIL PROBE tx peer=2 type=40 status=3 detail=ESP-NOW peer not found
[2026-09-26T11:37:04.799Z] I (88905) RouteLoom: HIL PROBE tx peer=2 type=40 status=3 detail=ESP-NOW peer not found
[2026-09-26T11:37:04.807Z] I (88912) RouteLoom: HIL PROBE tx peer=2 type=40 status=3 detail=ESP-NOW peer not found
[2026-09-26T11:37:04.816Z] I (88920) RouteLoom: HIL PROBE tx peer=2 type=40 status=3 detail=ESP-NOW peer not found
[2026-09-26T11:37:04.822Z] I (88928) RouteLoom: HIL PROBE tx peer=2 type=40 status=3 detail=ESP-NOW peer not found
[2026-09-26T11:37:04.830Z] I (88936) RouteLoom: HIL PROBE tx peer=2 type=40 status=3 detail=ESP-NOW peer not found
[2026-09-26T11:37:04.837Z] I (88943) RouteLoom: HIL PROBE tx peer=2 type=40 status=3 detail=ESP-NOW peer not found
[2026-09-26T11:37:04.845Z] I (88951) RouteLoom: HIL PROBE tx peer=2 type=40 status=3 detail=ESP-NOW peer not found
[2026-09-26T11:37:04.853Z] I (88959) RouteLoom: HIL PROBE tx peer=2 type=40 status=3 detail=ESP-NOW peer not found
[2026-09-26T11:37:04.861Z] I (88966) RouteLoom: HIL PROBE tx peer=2 type=40 status=3 detail=ESP-NOW peer not found
[2026-09-26T11:37:04.868Z] I (88974) RouteLoom: HIL PROBE tx peer=2 type=40 status=3 detail=ESP-NOW peer not found
[2026-09-26T11:37:04.876Z] I (88982) RouteLoom: HIL PROBE tx peer=2 type=40 status=3 detail=ESP-NOW peer not found
[2026-09-26T11:37:04.884Z] I (88990) RouteLoom: HIL PROBE tx peer=2 type=40 status=3 detail=ESP-NOW peer not found
[2026-09-26T11:37:04.892Z] I (88997) RouteLoom: HIL PROBE tx peer=2 type=40 status=3 detail=ESP-NOW peer not found
[2026-09-26T11:37:04.899Z] I (89005) RouteLoom: HIL PROBE tx peer=2 type=40 status=3 detail=ESP-NOW peer not found
[2026-09-26T11:37:04.919Z] I (89013) RouteLoom: HIL PROBE tx peer=2 type=40 status=3 detail=ESP-NOW peer not found
[2026-09-26T11:37:04.919Z] I (89021) RouteLoom: HIL PROBE tx peer=2 type=40 status=3 detail=ESP-NOW peer not found
[2026-09-26T11:37:04.928Z] I (89028) RouteLoom: HIL PROBE tx peer=2 type=40 status=3 detail=ESP-NOW peer not found
[2026-09-26T11:37:04.931Z] I (89036) RouteLoom: HIL PROBE tx peer=2 type=40 status=3 detail=ESP-NOW peer not found
[2026-09-26T11:37:04.938Z] I (89044) RouteLoom: HIL PROBE tx peer=2 type=40 status=3 detail=ESP-NOW peer not found
[2026-09-26T11:37:04.946Z] I (89051) RouteLoom: HIL PROBE tx peer=2 type=40 status=3 detail=ESP-NOW peer not found
[2026-09-26T11:37:04.953Z] I (89059) RouteLoom: HIL PROBE tx peer=2 type=40 status=3 detail=ESP-NOW peer not found
[2026-09-26T11:37:04.961Z] I (89067) RouteLoom: HIL PROBE tx peer=2 type=40 status=3 detail=ESP-NOW peer not found
[2026-09-26T11:37:04.969Z] I (89075) RouteLoom: HIL PROBE tx peer=2 type=40 status=3 detail=ESP-NOW peer not found
[2026-09-26T11:37:04.976Z] I (89082) RouteLoom: HIL PROBE tx peer=2 type=40 status=3 detail=ESP-NOW peer not found
[2026-09-26T11:37:04.984Z] I (89090) RouteLoom: HIL PROBE tx peer=2 type=40 status=3 detail=ESP-NOW peer not found
[2026-09-26T11:37:04.992Z] I (89098) RouteLoom: HIL PROBE tx peer=2 type=40 status=3 detail=ESP-NOW peer not found
[2026-09-26T11:37:05.000Z] I (89106) RouteLoom: HIL PROBE tx peer=2 type=40 status=3 detail=ESP-NOW peer not found
[2026-09-26T11:37:05.007Z] I (89113) RouteLoom: HIL PROBE tx peer=2 type=40 status=3 detail=ESP-NOW peer not found
[2026-09-26T11:37:05.015Z] I (89121) RouteLoom: HIL PROBE tx peer=2 type=40 status=3 detail=ESP-NOW peer not found
[2026-09-26T11:37:05.023Z] I (89129) RouteLoom: HIL PROBE tx peer=2 type=40 status=3 detail=ESP-NOW peer not found
[2026-09-26T11:37:05.031Z] I (89136) RouteLoom: HIL PROBE tx peer=2 type=40 status=3 detail=ESP-NOW peer not found
[2026-09-26T11:37:05.038Z] I (89144) RouteLoom: HIL PROBE tx peer=2 type=40 status=3 detail=ESP-NOW peer not found
[2026-09-26T11:37:05.046Z] I (89152) RouteLoom: HIL PROBE tx peer=2 type=40 status=3 detail=ESP-NOW peer not found
[2026-09-26T11:37:05.054Z] I (89160) RouteLoom: HIL PROBE tx peer=2 type=40 status=3 detail=ESP-NOW peer not found
[2026-09-26T11:37:05.061Z] I (89167) RouteLoom: HIL PROBE tx peer=2 type=40 status=3 detail=ESP-NOW peer not found
[2026-09-26T11:37:05.069Z] I (89175) RouteLoom: HIL PROBE tx peer=2 type=40 status=3 detail=ESP-NOW peer not found
[2026-09-26T11:37:05.077Z] I (89185) RouteLoom: HIL PROBE tx peer=2 type=40 status=3 detail=ESP-NOW peer not found
[2026-09-26T11:37:05.085Z] I (89191) RouteLoom: HIL PROBE tx peer=2 type=40 status=3 detail=ESP-NOW peer not found
[2026-09-26T11:37:05.093Z] I (89198) RouteLoom: HIL PROBE tx peer=2 type=40 status=3 detail=ESP-NOW peer not found
[2026-09-26T11:37:05.100Z] I (89206) RouteLoom: HIL PROBE tx peer=2 type=40 status=3 detail=ESP-NOW peer not found
[2026-09-26T11:37:05.112Z] I (89214) RouteLoom: HIL PROBE tx peer=2 type=40 status=3 detail=ESP-NOW peer not found
[2026-09-26T11:37:05.115Z] I (89221) RouteLoom: HIL PROBE tx peer=2 type=40 status=3 detail=ESP-NOW peer not found
[2026-09-26T11:37:05.123Z] I (89229) RouteLoom: HIL PROBE tx peer=2 type=40 status=3 detail=ESP-NOW peer not found
[2026-09-26T11:37:05.131Z] I (89237) RouteLoom: HIL PROBE tx peer=2 type=40 status=3 detail=ESP-NOW peer not found
[2026-09-26T11:37:05.139Z] I (89245) RouteLoom: HIL PROBE tx peer=2 type=40 status=3 detail=ESP-NOW peer not found
[2026-09-26T11:37:05.146Z] I (89252) RouteLoom: HIL PROBE tx peer=2 type=40 status=3 detail=ESP-NOW peer not found
[2026-09-26T11:37:05.154Z] I (89260) RouteLoom: HIL PROBE tx peer=2 type=40 status=3 detail=ESP-NOW peer not found
[2026-09-26T11:37:05.162Z] I (89268) RouteLoom: HIL PROBE tx peer=2 type=40 status=3 detail=ESP-NOW peer not found
[2026-09-26T11:37:05.169Z] I (89275) RouteLoom: HIL PROBE tx peer=2 type=40 status=3 detail=ESP-NOW peer not found
[2026-09-26T11:37:05.177Z] I (89283) RouteLoom: HIL PROBE tx peer=2 type=40 status=3 detail=ESP-NOW peer not found
[2026-09-26T11:37:05.185Z] I (89291) RouteLoom: HIL PROBE tx peer=2 type=40 status=3 detail=ESP-NOW peer not found
[2026-09-26T11:37:05.193Z] I (89299) RouteLoom: HIL PROBE tx peer=2 type=40 status=3 detail=ESP-NOW peer not found
[2026-09-26T11:37:05.200Z] I (89306) RouteLoom: HIL PROBE tx peer=2 type=40 status=3 detail=ESP-NOW peer not found
[2026-09-26T11:37:05.208Z] I (89314) RouteLoom: HIL PROBE tx peer=2 type=40 status=3 detail=ESP-NOW peer not found
[2026-09-26T11:37:05.216Z] I (89322) RouteLoom: HIL PROBE tx peer=2 type=40 status=3 detail=ESP-NOW peer not found
[2026-09-26T11:37:05.224Z] I (89330) RouteLoom: HIL PROBE tx peer=2 type=40 status=3 detail=ESP-NOW peer not found
[2026-09-26T11:37:05.231Z] I (89337) RouteLoom: HIL PROBE tx peer=2 type=40 status=3 detail=ESP-NOW peer not found
[2026-09-26T11:37:05.239Z] I (89345) RouteLoom: HIL PROBE tx peer=2 type=40 status=3 detail=ESP-NOW peer not found
[2026-09-26T11:37:05.248Z] I (89353) RouteLoom: HIL PROBE tx peer=2 type=40 status=3 detail=ESP-NOW peer not found
[2026-09-26T11:37:05.254Z] I (89360) RouteLoom: HIL PROBE tx peer=2 type=40 status=3 detail=ESP-NOW peer not found
[2026-09-26T11:37:05.262Z] I (89368) RouteLoom: HIL PROBE tx peer=2 type=40 status=3 detail=ESP-NOW peer not found
[2026-09-26T11:37:05.270Z] I (89376) RouteLoom: HIL PROBE tx peer=2 type=40 status=3 detail=ESP-NOW peer not found
[2026-09-26T11:37:05.278Z] I (89384) RouteLoom: HIL PROBE tx peer=2 type=40 status=3 detail=ESP-NOW peer not found
[2026-09-26T11:37:05.285Z] I (89391) RouteLoom: HIL PROBE tx peer=2 type=40 status=3 detail=ESP-NOW peer not found
[2026-09-26T11:37:05.295Z] I (89399) RouteLoom: HIL PROBE tx peer=2 type=40 status=3 detail=ESP-NOW peer not found
[2026-09-26T11:37:05.301Z] I (89407) RouteLoom: HIL PROBE tx peer=2 type=40 status=3 detail=ESP-NOW peer not found
[2026-09-26T11:37:05.309Z] I (89415) RouteLoom: HIL PROBE tx peer=2 type=40 status=3 detail=ESP-NOW peer not found
[2026-09-26T11:37:05.317Z] I (89422) RouteLoom: HIL PROBE tx peer=2 type=40 status=3 detail=ESP-NOW peer not found
[2026-09-26T11:37:05.324Z] I (89430) RouteLoom: HIL PROBE tx peer=2 type=40 status=3 detail=ESP-NOW peer not found
[2026-09-26T11:37:05.332Z] I (89438) RouteLoom: HIL PROBE tx peer=2 type=40 status=3 detail=ESP-NOW peer not found
[2026-09-26T11:37:05.339Z] I (89445) RouteLoom: HIL PROBE tx peer=2 type=40 status=3 detail=ESP-NOW peer not found
[2026-09-26T11:37:05.347Z] I (89453) RouteLoom: HIL PROBE tx peer=2 type=40 status=3 detail=ESP-NOW peer not found
[2026-09-26T11:37:05.355Z] I (89461) RouteLoom: HIL PROBE tx peer=2 type=40 status=3 detail=ESP-NOW peer not found
[2026-09-26T11:37:05.363Z] I (89469) RouteLoom: HIL PROBE tx peer=2 type=40 status=3 detail=ESP-NOW peer not found
[2026-09-26T11:37:05.370Z] I (89476) RouteLoom: HIL PROBE tx peer=2 type=40 status=3 detail=ESP-NOW peer not found
[2026-09-26T11:37:05.378Z] I (89484) RouteLoom: HIL PROBE tx peer=2 type=40 status=3 detail=ESP-NOW peer not found
[2026-09-26T11:37:05.386Z] I (89492) RouteLoom: HIL PROBE tx peer=2 type=40 status=3 detail=ESP-NOW peer not found
[2026-09-26T11:37:05.394Z] I (89500) RouteLoom: HIL PROBE tx peer=2 type=40 status=3 detail=ESP-NOW peer not found
[2026-09-26T11:37:05.401Z] I (89507) RouteLoom: HIL PROBE tx peer=2 type=40 status=3 detail=ESP-NOW peer not found
[2026-09-26T11:37:05.409Z] I (89515) RouteLoom: HIL PROBE tx peer=2 type=40 status=3 detail=ESP-NOW peer not found
[2026-09-26T11:37:05.417Z] I (89523) RouteLoom: HIL PROBE tx peer=2 type=40 status=3 detail=ESP-NOW peer not found
[2026-09-26T11:37:05.424Z] I (89530) RouteLoom: HIL PROBE tx peer=2 type=40 status=3 detail=ESP-NOW peer not found
[2026-09-26T11:37:05.432Z] I (89538) RouteLoom: HIL PROBE tx peer=2 type=40 status=3 detail=ESP-NOW peer not found
[2026-09-26T11:37:05.440Z] I (89546) RouteLoom: HIL PROBE tx peer=2 type=40 status=3 detail=ESP-NOW peer not found
[2026-09-26T11:37:05.448Z] I (89554) RouteLoom: HIL PROBE tx peer=2 type=40 status=3 detail=ESP-NOW peer not found
[2026-09-26T11:37:05.455Z] I (89561) RouteLoom: HIL PROBE tx peer=2 type=40 status=3 detail=ESP-NOW peer not found
[2026-09-26T11:37:05.463Z] I (89569) RouteLoom: HIL PROBE tx peer=2 type=40 status=3 detail=ESP-NOW peer not found
[2026-09-26T11:37:05.471Z] I (89577) RouteLoom: HIL PROBE tx peer=2 type=40 status=3 detail=ESP-NOW peer not found
[2026-09-26T11:37:05.479Z] I (89584) RouteLoom: HIL PROBE tx peer=2 type=40 status=3 detail=ESP-NOW peer not found
[2026-09-26T11:37:05.486Z] I (89592) RouteLoom: HIL PROBE tx peer=2 type=40 status=3 detail=ESP-NOW peer not found
[2026-09-26T11:37:05.494Z] I (89600) RouteLoom: HIL PROBE tx peer=2 type=40 status=3 detail=ESP-NOW peer not found
[2026-09-26T11:37:05.502Z] I (89608) RouteLoom: HIL PROBE tx peer=2 type=40 status=3 detail=ESP-NOW peer not found
[2026-09-26T11:37:05.509Z] I (89615) RouteLoom: HIL PROBE tx peer=2 type=40 status=3 detail=ESP-NOW peer not found
[2026-09-26T11:37:05.517Z] I (89623) RouteLoom: HIL PROBE tx peer=2 type=40 status=3 detail=ESP-NOW peer not found
[2026-09-26T11:37:05.525Z] I (89631) RouteLoom: HIL PROBE tx peer=2 type=40 status=3 detail=ESP-NOW peer not found
[2026-09-26T11:37:05.533Z] I (89639) RouteLoom: HIL PROBE tx peer=2 type=40 status=3 detail=ESP-NOW peer not found
[2026-09-26T11:37:05.540Z] I (89646) RouteLoom: HIL PROBE tx peer=2 type=40 status=3 detail=ESP-NOW peer not found
[2026-09-26T11:37:05.548Z] I (89654) RouteLoom: HIL PROBE tx peer=2 type=40 status=3 detail=ESP-NOW peer not found
[2026-09-26T11:37:05.556Z] I (89662) RouteLoom: HIL PROBE tx peer=2 type=40 status=3 detail=ESP-NOW peer not found
[2026-09-26T11:37:05.563Z] I (89669) RouteLoom: HIL PROBE tx peer=2 type=40 status=3 detail=ESP-NOW peer not found
[2026-09-26T11:37:05.571Z] I (89677) RouteLoom: HIL PROBE tx peer=2 type=40 status=3 detail=ESP-NOW peer not found
[2026-09-26T11:37:05.579Z] I (89685) RouteLoom: HIL PROBE tx peer=2 type=40 status=3 detail=ESP-NOW peer not found
[2026-09-26T11:37:05.587Z] I (89693) RouteLoom: HIL PROBE tx peer=2 type=40 status=3 detail=ESP-NOW peer not found
[2026-09-26T11:37:05.595Z] I (89700) RouteLoom: HIL PROBE tx peer=2 type=40 status=3 detail=ESP-NOW peer not found
[2026-09-26T11:37:05.602Z] I (89708) RouteLoom: HIL PROBE tx peer=2 type=40 status=3 detail=ESP-NOW peer not found
[2026-09-26T11:37:05.610Z] I (89715) RouteLoom: HIL PROBE tx peer=2 type=40 status=3 detail=ESP-NOW peer not found
[2026-09-26T11:37:05.618Z] I (89723) RouteLoom: HIL PROBE tx peer=2 type=40 status=3 detail=ESP-NOW peer not found
[2026-09-26T11:37:05.626Z] I (89730) RouteLoom: HIL PROBE tx peer=2 type=40 status=3 detail=ESP-NOW peer not found
[2026-09-26T11:37:05.633Z] I (89738) RouteLoom: HIL PROBE tx peer=2 type=40 status=3 detail=ESP-NOW peer not found
[2026-09-26T11:37:05.641Z] I (89746) RouteLoom: HIL PROBE tx peer=2 type=40 status=3 detail=ESP-NOW peer not found
[2026-09-26T11:37:05.649Z] I (89753) RouteLoom: HIL PROBE tx peer=2 type=40 status=3 detail=ESP-NOW peer not found
[2026-09-26T11:37:05.656Z] I (89761) RouteLoom: HIL PROBE tx peer=2 type=40 status=3 detail=ESP-NOW peer not found
[2026-09-26T11:37:05.664Z] I (89769) RouteLoom: HIL PROBE tx peer=2 type=40 status=3 detail=ESP-NOW peer not found
[2026-09-26T11:37:05.672Z] I (89777) RouteLoom: HIL PROBE tx peer=2 type=40 status=3 detail=ESP-NOW peer not found
[2026-09-26T11:37:05.679Z] I (89784) RouteLoom: HIL PROBE tx peer=2 type=40 status=3 detail=ESP-NOW peer not found
[2026-09-26T11:37:05.687Z] I (89792) RouteLoom: HIL PROBE tx peer=2 type=40 status=3 detail=ESP-NOW peer not found
[2026-09-26T11:37:05.695Z] I (89800) RouteLoom: HIL PROBE tx peer=2 type=40 status=3 detail=ESP-NOW peer not found
[2026-09-26T11:37:05.703Z] I (89808) RouteLoom: HIL PROBE tx peer=2 type=40 status=3 detail=ESP-NOW peer not found
[2026-09-26T11:37:05.710Z] I (89815) RouteLoom: HIL PROBE tx peer=2 type=40 status=3 detail=ESP-NOW peer not found
[2026-09-26T11:37:05.718Z] I (89823) RouteLoom: HIL PROBE tx peer=2 type=40 status=3 detail=ESP-NOW peer not found
[2026-09-26T11:37:05.726Z] I (89831) RouteLoom: HIL PROBE tx peer=2 type=40 status=3 detail=ESP-NOW peer not found
[2026-09-26T11:37:05.733Z] I (89838) RouteLoom: HIL PROBE tx peer=2 type=40 status=3 detail=ESP-NOW peer not found
[2026-09-26T11:37:05.741Z] I (89846) RouteLoom: HIL PROBE tx peer=2 type=40 status=3 detail=ESP-NOW peer not found
[2026-09-26T11:37:05.749Z] I (89854) RouteLoom: HIL PROBE tx peer=2 type=40 status=3 detail=ESP-NOW peer not found
[2026-09-26T11:37:05.757Z] I (89862) RouteLoom: HIL PROBE tx peer=2 type=40 status=3 detail=ESP-NOW peer not found
[2026-09-26T11:37:05.764Z] I (89869) RouteLoom: HIL PROBE tx peer=2 type=40 status=3 detail=ESP-NOW peer not found
[2026-09-26T11:37:05.772Z] I (89877) RouteLoom: HIL PROBE tx peer=2 type=40 status=3 detail=ESP-NOW peer not found
[2026-09-26T11:37:05.780Z] I (89885) RouteLoom: HIL PROBE tx peer=2 type=40 status=3 detail=ESP-NOW peer not found
[2026-09-26T11:37:05.787Z] I (89892) RouteLoom: HIL PROBE tx peer=2 type=40 status=3 detail=ESP-NOW peer not found
[2026-09-26T11:37:05.795Z] I (89900) RouteLoom: HIL PROBE tx peer=2 type=40 status=3 detail=ESP-NOW peer not found
[2026-09-26T11:37:05.803Z] I (89908) RouteLoom: HIL PROBE tx peer=2 type=40 status=3 detail=ESP-NOW peer not found
[2026-09-26T11:37:05.811Z] I (89916) RouteLoom: HIL PROBE tx peer=2 type=40 status=3 detail=ESP-NOW peer not found
[2026-09-26T11:37:05.818Z] I (89923) RouteLoom: HIL PROBE tx peer=2 type=40 status=3 detail=ESP-NOW peer not found
[2026-09-26T11:37:05.826Z] I (89931) RouteLoom: HIL PROBE tx peer=2 type=40 status=3 detail=ESP-NOW peer not found
[2026-09-26T11:37:05.834Z] I (89939) RouteLoom: HIL PROBE tx peer=2 type=40 status=3 detail=ESP-NOW peer not found
[2026-09-26T11:37:05.842Z] I (89947) RouteLoom: HIL PROBE tx peer=2 type=40 status=3 detail=ESP-NOW peer not found
[2026-09-26T11:37:05.849Z] I (89954) RouteLoom: HIL PROBE tx peer=2 type=40 status=3 detail=ESP-NOW peer not found
[2026-09-26T11:37:05.857Z] I (89962) RouteLoom: HIL PROBE tx peer=2 type=40 status=3 detail=ESP-NOW peer not found
[2026-09-26T11:37:05.865Z] I (89970) RouteLoom: HIL PROBE tx peer=2 type=40 status=3 detail=ESP-NOW peer not found
[2026-09-26T11:37:05.872Z] I (89977) RouteLoom: HIL PROBE tx peer=2 type=40 status=3 detail=ESP-NOW peer not found
[2026-09-26T11:37:05.880Z] I (89985) RouteLoom: HIL PROBE tx peer=2 type=40 status=3 detail=ESP-NOW peer not found
[2026-09-26T11:37:05.888Z] I (89993) RouteLoom: HIL PROBE tx peer=2 type=40 status=3 detail=ESP-NOW peer not found
[2026-09-26T11:37:05.896Z] I (90001) RouteLoom: HIL PROBE tx peer=2 type=40 status=3 detail=ESP-NOW peer not found
[2026-09-26T11:37:05.903Z] I (90008) RouteLoom: HIL PROBE tx peer=2 type=40 status=3 detail=ESP-NOW peer not found
[2026-09-26T11:37:05.911Z] I (90016) RouteLoom: HIL PROBE tx peer=2 type=40 status=3 detail=ESP-NOW peer not found
[2026-09-26T11:37:05.919Z] I (90024) RouteLoom: HIL PROBE tx peer=2 type=40 status=3 detail=ESP-NOW peer not found
[2026-09-26T11:37:05.927Z] I (90032) RouteLoom: HIL PROBE tx peer=2 type=40 status=3 detail=ESP-NOW peer not found
[2026-09-26T11:37:05.934Z] I (90039) RouteLoom: HIL PROBE tx peer=2 type=40 status=3 detail=ESP-NOW peer not found
[2026-09-26T11:37:05.942Z] I (90047) RouteLoom: HIL PROBE tx peer=2 type=40 status=3 detail=ESP-NOW peer not found
[2026-09-26T11:37:05.950Z] I (90055) RouteLoom: HIL PROBE tx peer=2 type=40 status=3 detail=ESP-NOW peer not found
[2026-09-26T11:37:05.958Z] I (90062) RouteLoom: HIL PROBE tx peer=2 type=40 status=3 detail=ESP-NOW peer not found
[2026-09-26T11:37:05.965Z] I (90070) RouteLoom: HIL PROBE tx peer=2 type=40 status=3 detail=ESP-NOW peer not found
[2026-09-26T11:37:05.973Z] I (90078) RouteLoom: HIL PROBE tx peer=2 type=40 status=3 detail=ESP-NOW peer not found
[2026-09-26T11:37:05.981Z] I (90086) RouteLoom: HIL PROBE tx peer=2 type=40 status=3 detail=ESP-NOW peer not found
[2026-09-26T11:37:05.988Z] I (90093) RouteLoom: HIL PROBE tx peer=2 type=40 status=3 detail=ESP-NOW peer not found
[2026-09-26T11:37:05.996Z] I (90101) RouteLoom: HIL PROBE tx peer=2 type=40 status=3 detail=ESP-NOW peer not found
[2026-09-26T11:37:06.004Z] I (90109) RouteLoom: HIL PROBE tx peer=2 type=40 status=3 detail=ESP-NOW peer not found
[2026-09-26T11:37:06.012Z] I (90117) RouteLoom: HIL PROBE tx peer=2 type=40 status=3 detail=ESP-NOW peer not found
[2026-09-26T11:37:06.019Z] I (90124) RouteLoom: HIL PROBE tx peer=2 type=40 status=3 detail=ESP-NOW peer not found
[2026-09-26T11:37:06.027Z] I (90132) RouteLoom: HIL PROBE tx peer=2 type=40 status=3 detail=ESP-NOW peer not found
[2026-09-26T11:37:06.035Z] I (90140) RouteLoom: HIL PROBE tx peer=2 type=40 status=3 detail=ESP-NOW peer not found
[2026-09-26T11:37:06.042Z] I (90147) RouteLoom: HIL PROBE tx peer=2 type=40 status=3 detail=ESP-NOW peer not found
[2026-09-26T11:37:06.050Z] I (90155) RouteLoom: HIL PROBE tx peer=2 type=40 status=3 detail=ESP-NOW peer not found
[2026-09-26T11:37:06.058Z] I (90163) RouteLoom: HIL PROBE tx peer=2 type=40 status=3 detail=ESP-NOW peer not found
[2026-09-26T11:37:06.066Z] I (90171) RouteLoom: HIL PROBE tx peer=2 type=40 status=3 detail=ESP-NOW peer not found
[2026-09-26T11:37:06.073Z] I (90178) RouteLoom: HIL PROBE tx peer=2 type=40 status=3 detail=ESP-NOW peer not found
[2026-09-26T11:37:06.081Z] I (90186) RouteLoom: HIL PROBE tx peer=2 type=40 status=3 detail=ESP-NOW peer not found
[2026-09-26T11:37:06.089Z] I (90194) RouteLoom: HIL PROBE tx peer=2 type=40 status=3 detail=ESP-NOW peer not found
[2026-09-26T11:37:06.096Z] I (90201) RouteLoom: HIL PROBE tx peer=2 type=40 status=3 detail=ESP-NOW peer not found
[2026-09-26T11:37:06.105Z] I (90209) RouteLoom: HIL PROBE tx peer=2 type=40 status=3 detail=ESP-NOW peer not found
[2026-09-26T11:37:06.112Z] I (90217) RouteLoom: HIL PROBE tx peer=2 type=40 status=3 detail=ESP-NOW peer not found
[2026-09-26T11:37:06.120Z] I (90225) RouteLoom: HIL PROBE tx peer=2 type=40 status=3 detail=ESP-NOW peer not found
[2026-09-26T11:37:06.127Z] I (90232) RouteLoom: HIL PROBE tx peer=2 type=40 status=3 detail=ESP-NOW peer not found
[2026-09-26T11:37:06.135Z] I (90240) RouteLoom: HIL PROBE tx peer=2 type=40 status=3 detail=ESP-NOW peer not found
[2026-09-26T11:37:06.143Z] I (90248) RouteLoom: HIL PROBE tx peer=2 type=40 status=3 detail=ESP-NOW peer not found
[2026-09-26T11:37:06.151Z] I (90256) RouteLoom: HIL PROBE tx peer=2 type=40 status=3 detail=ESP-NOW peer not found
[2026-09-26T11:37:06.159Z] I (90263) RouteLoom: HIL PROBE tx peer=2 type=40 status=3 detail=ESP-NOW peer not found
[2026-09-26T11:37:06.166Z] I (90271) RouteLoom: HIL PROBE tx peer=2 type=40 status=3 detail=ESP-NOW peer not found
[2026-09-26T11:37:06.174Z] I (90279) RouteLoom: HIL PROBE tx peer=2 type=40 status=3 detail=ESP-NOW peer not found
[2026-09-26T11:37:06.181Z] I (90286) RouteLoom: HIL PROBE tx peer=2 type=40 status=3 detail=ESP-NOW peer not found
[2026-09-26T11:37:06.189Z] I (90294) RouteLoom: HIL PROBE tx peer=2 type=40 status=3 detail=ESP-NOW peer not found
[2026-09-26T11:37:06.197Z] I (90302) RouteLoom: HIL PROBE tx peer=2 type=40 status=3 detail=ESP-NOW peer not found
[2026-09-26T11:37:06.205Z] I (90310) RouteLoom: HIL PROBE tx peer=2 type=40 status=3 detail=ESP-NOW peer not found
[2026-09-26T11:37:06.212Z] I (90317) RouteLoom: HIL PROBE tx peer=2 type=40 status=3 detail=ESP-NOW peer not found
[2026-09-26T11:37:06.220Z] I (90325) RouteLoom: HIL PROBE tx peer=2 type=40 status=3 detail=ESP-NOW peer not found
[2026-09-26T11:37:06.228Z] I (90333) RouteLoom: HIL PROBE tx peer=2 type=40 status=3 detail=ESP-NOW peer not found
[2026-09-26T11:37:06.242Z] I (90341) RouteLoom: HIL PROBE tx peer=2 type=40 status=3 detail=ESP-NOW peer not found
[2026-09-26T11:37:06.243Z] I (90348) RouteLoom: HIL PROBE tx peer=2 type=40 status=3 detail=ESP-NOW peer not found
[2026-09-26T11:37:06.251Z] I (90356) RouteLoom: HIL PROBE tx peer=2 type=40 status=3 detail=ESP-NOW peer not found
[2026-09-26T11:37:06.259Z] I (90364) RouteLoom: HIL PROBE tx peer=2 type=40 status=3 detail=ESP-NOW peer not found
[2026-09-26T11:37:06.266Z] I (90371) RouteLoom: HIL PROBE tx peer=2 type=40 status=3 detail=ESP-NOW peer not found
[2026-09-26T11:37:06.274Z] I (90379) RouteLoom: HIL PROBE tx peer=2 type=40 status=3 detail=ESP-NOW peer not found
[2026-09-26T11:37:06.282Z] I (90387) RouteLoom: HIL PROBE tx peer=2 type=40 status=3 detail=ESP-NOW peer not found
[2026-09-26T11:37:06.290Z] I (90395) RouteLoom: HIL PROBE tx peer=2 type=40 status=3 detail=ESP-NOW peer not found
[2026-09-26T11:37:06.297Z] I (90402) RouteLoom: HIL PROBE tx peer=2 type=40 status=3 detail=ESP-NOW peer not found
[2026-09-26T11:37:06.305Z] I (90410) RouteLoom: HIL PROBE tx peer=2 type=40 status=3 detail=ESP-NOW peer not found
[2026-09-26T11:37:06.313Z] I (90418) RouteLoom: HIL PROBE tx peer=2 type=40 status=3 detail=ESP-NOW peer not found
[2026-09-26T11:37:06.321Z] I (90426) RouteLoom: HIL PROBE tx peer=2 type=40 status=3 detail=ESP-NOW peer not found
[2026-09-26T11:37:06.328Z] I (90433) RouteLoom: HIL PROBE tx peer=2 type=40 status=3 detail=ESP-NOW peer not found
[2026-09-26T11:37:06.336Z] I (90441) RouteLoom: HIL PROBE tx peer=2 type=40 status=3 detail=ESP-NOW peer not found
[2026-09-26T11:37:06.344Z] I (90449) RouteLoom: HIL PROBE tx peer=2 type=40 status=3 detail=ESP-NOW peer not found
[2026-09-26T11:37:06.351Z] I (90456) RouteLoom: HIL PROBE tx peer=2 type=40 status=3 detail=ESP-NOW peer not found
[2026-09-26T11:37:06.359Z] I (90464) RouteLoom: HIL PROBE tx peer=2 type=40 status=3 detail=ESP-NOW peer not found
[2026-09-26T11:37:06.367Z] I (90472) RouteLoom: HIL PROBE tx peer=2 type=40 status=3 detail=ESP-NOW peer not found
[2026-09-26T11:37:06.375Z] I (90480) RouteLoom: HIL PROBE tx peer=2 type=40 status=3 detail=ESP-NOW peer not found
[2026-09-26T11:37:06.382Z] I (90487) RouteLoom: HIL PROBE tx peer=2 type=40 status=3 detail=ESP-NOW peer not found
[2026-09-26T11:37:06.390Z] I (90495) RouteLoom: HIL PROBE tx peer=2 type=40 status=3 detail=ESP-NOW peer not found
[2026-09-26T11:37:06.398Z] I (90503) RouteLoom: HIL PROBE tx peer=2 type=40 status=3 detail=ESP-NOW peer not found
[2026-09-26T11:37:06.405Z] I (90510) RouteLoom: HIL PROBE tx peer=2 type=40 status=3 detail=ESP-NOW peer not found
[2026-09-26T11:37:06.413Z] I (90518) RouteLoom: HIL PROBE tx peer=2 type=40 status=3 detail=ESP-NOW peer not found
[2026-09-26T11:37:06.421Z] I (90526) RouteLoom: HIL PROBE tx peer=2 type=40 status=3 detail=ESP-NOW peer not found
[2026-09-26T11:37:06.429Z] I (90534) RouteLoom: HIL PROBE tx peer=2 type=40 status=3 detail=ESP-NOW peer not found
[2026-09-26T11:37:06.436Z] I (90541) RouteLoom: HIL PROBE tx peer=2 type=40 status=3 detail=ESP-NOW peer not found
[2026-09-26T11:37:06.444Z] I (90549) RouteLoom: HIL PROBE tx peer=2 type=40 status=3 detail=ESP-NOW peer not found
[2026-09-26T11:37:06.452Z] I (90557) RouteLoom: HIL PROBE tx peer=2 type=40 status=3 detail=ESP-NOW peer not found
[2026-09-26T11:37:06.462Z] I (90565) RouteLoom: HIL PROBE tx peer=2 type=40 status=3 detail=ESP-NOW peer not found
[2026-09-26T11:37:06.467Z] I (90572) RouteLoom: HIL PROBE tx peer=2 type=40 status=3 detail=ESP-NOW peer not found
[2026-09-26T11:37:06.475Z] I (90580) RouteLoom: HIL PROBE tx peer=2 type=40 status=3 detail=ESP-NOW peer not found
[2026-09-26T11:37:06.483Z] I (90588) RouteLoom: HIL PROBE tx peer=2 type=40 status=3 detail=ESP-NOW peer not found
[2026-09-26T11:37:06.490Z] I (90595) RouteLoom: HIL PROBE tx peer=2 type=40 status=3 detail=ESP-NOW peer not found
[2026-09-26T11:37:06.498Z] I (90603) RouteLoom: HIL PROBE tx peer=2 type=40 status=3 detail=ESP-NOW peer not found
[2026-09-26T11:37:06.506Z] I (90611) RouteLoom: HIL PROBE tx peer=2 type=40 status=3 detail=ESP-NOW peer not found
[2026-09-26T11:37:06.514Z] I (90619) RouteLoom: HIL PROBE tx peer=2 type=40 status=3 detail=ESP-NOW peer not found
[2026-09-26T11:37:06.521Z] I (90626) RouteLoom: HIL PROBE tx peer=2 type=40 status=3 detail=ESP-NOW peer not found
[2026-09-26T11:37:06.529Z] I (90634) RouteLoom: HIL PROBE tx peer=2 type=40 status=3 detail=ESP-NOW peer not found
[2026-09-26T11:37:06.537Z] I (90642) RouteLoom: HIL PROBE tx peer=2 type=40 status=3 detail=ESP-NOW peer not found
[2026-09-26T11:37:06.545Z] I (90650) RouteLoom: HIL PROBE tx peer=2 type=40 status=3 detail=ESP-NOW peer not found
[2026-09-26T11:37:06.552Z] I (90657) RouteLoom: HIL PROBE tx peer=2 type=40 status=3 detail=ESP-NOW peer not found
[2026-09-26T11:37:06.560Z] I (90665) RouteLoom: HIL PROBE tx peer=2 type=40 status=3 detail=ESP-NOW peer not found
[2026-09-26T11:37:06.568Z] I (90673) RouteLoom: HIL PROBE tx peer=2 type=40 status=3 detail=ESP-NOW peer not found
[2026-09-26T11:37:06.575Z] I (90680) RouteLoom: HIL PROBE tx peer=2 type=40 status=3 detail=ESP-NOW peer not found
[2026-09-26T11:37:06.583Z] I (90688) RouteLoom: HIL PROBE tx peer=2 type=40 status=3 detail=ESP-NOW peer not found
[2026-09-26T11:37:06.591Z] I (90696) RouteLoom: HIL PROBE tx peer=2 type=40 status=3 detail=ESP-NOW peer not found
[2026-09-26T11:37:06.599Z] I (90704) RouteLoom: HIL PROBE tx peer=2 type=40 status=3 detail=ESP-NOW peer not found
[2026-09-26T11:37:06.606Z] I (90711) RouteLoom: HIL PROBE tx peer=2 type=40 status=3 detail=ESP-NOW peer not found
[2026-09-26T11:37:06.614Z] I (90719) RouteLoom: HIL PROBE tx peer=2 type=40 status=3 detail=ESP-NOW peer not found
[2026-09-26T11:37:06.622Z] I (90727) RouteLoom: HIL PROBE tx peer=2 type=40 status=3 detail=ESP-NOW peer not found
[2026-09-26T11:37:06.630Z] I (90735) RouteLoom: HIL PROBE tx peer=2 type=40 status=3 detail=ESP-NOW peer not found
[2026-09-26T11:37:06.637Z] I (90742) RouteLoom: HIL PROBE tx peer=2 type=40 status=3 detail=ESP-NOW peer not found
[2026-09-26T11:37:06.645Z] I (90750) RouteLoom: HIL PROBE tx peer=2 type=40 status=3 detail=ESP-NOW peer not found
[2026-09-26T11:37:06.653Z] I (90758) RouteLoom: HIL PROBE tx peer=2 type=40 status=3 detail=ESP-NOW peer not found
[2026-09-26T11:37:06.660Z] I (90765) RouteLoom: HIL PROBE tx peer=2 type=40 status=3 detail=ESP-NOW peer not found
[2026-09-26T11:37:06.668Z] I (90773) RouteLoom: HIL PROBE tx peer=2 type=40 status=3 detail=ESP-NOW peer not found
[2026-09-26T11:37:06.676Z] I (90781) RouteLoom: HIL PROBE tx peer=2 type=40 status=3 detail=ESP-NOW peer not found
[2026-09-26T11:37:06.684Z] I (90789) RouteLoom: HIL PROBE tx peer=2 type=40 status=3 detail=ESP-NOW peer not found
[2026-09-26T11:37:06.691Z] I (90796) RouteLoom: HIL PROBE tx peer=2 type=40 status=3 detail=ESP-NOW peer not found
[2026-09-26T11:37:06.699Z] I (90804) RouteLoom: HIL PROBE tx peer=2 type=40 status=3 detail=ESP-NOW peer not found
[2026-09-26T11:37:06.707Z] I (90812) RouteLoom: HIL PROBE tx peer=2 type=40 status=3 detail=ESP-NOW peer not found
[2026-09-26T11:37:06.714Z] I (90819) RouteLoom: HIL PROBE tx peer=2 type=40 status=3 detail=ESP-NOW peer not found
[2026-09-26T11:37:06.722Z] I (90827) RouteLoom: HIL PROBE tx peer=2 type=40 status=3 detail=ESP-NOW peer not found
[2026-09-26T11:37:06.730Z] I (90835) RouteLoom: HIL PROBE tx peer=2 type=40 status=3 detail=ESP-NOW peer not found
[2026-09-26T11:37:06.738Z] I (90843) RouteLoom: HIL PROBE tx peer=2 type=40 status=3 detail=ESP-NOW peer not found
[2026-09-26T11:37:06.745Z] I (90850) RouteLoom: HIL PROBE tx peer=2 type=40 status=3 detail=ESP-NOW peer not found
[2026-09-26T11:37:06.753Z] I (90858) RouteLoom: HIL PROBE tx peer=2 type=40 status=3 detail=ESP-NOW peer not found
[2026-09-26T11:37:06.761Z] I (90866) RouteLoom: HIL PROBE tx peer=2 type=40 status=3 detail=ESP-NOW peer not found
[2026-09-26T11:37:06.769Z] I (90874) RouteLoom: HIL PROBE tx peer=2 type=40 status=3 detail=ESP-NOW peer not found
[2026-09-26T11:37:06.776Z] I (90881) RouteLoom: HIL PROBE tx peer=2 type=40 status=3 detail=ESP-NOW peer not found
[2026-09-26T11:37:06.784Z] I (90889) RouteLoom: HIL PROBE tx peer=2 type=40 status=3 detail=ESP-NOW peer not found
[2026-09-26T11:37:06.792Z] I (90897) RouteLoom: HIL PROBE tx peer=2 type=40 status=3 detail=ESP-NOW peer not found
[2026-09-26T11:37:06.799Z] I (90904) RouteLoom: HIL PROBE tx peer=2 type=40 status=3 detail=ESP-NOW peer not found
[2026-09-26T11:37:06.807Z] I (90912) RouteLoom: HIL PROBE tx peer=2 type=40 status=3 detail=ESP-NOW peer not found
[2026-09-26T11:37:06.815Z] I (90920) RouteLoom: HIL PROBE tx peer=2 type=40 status=3 detail=ESP-NOW peer not found
[2026-09-26T11:37:06.823Z] I (90928) RouteLoom: HIL PROBE tx peer=2 type=40 status=3 detail=ESP-NOW peer not found
[2026-09-26T11:37:06.830Z] I (90935) RouteLoom: HIL PROBE tx peer=2 type=40 status=3 detail=ESP-NOW peer not found
[2026-09-26T11:37:06.838Z] I (90943) RouteLoom: HIL PROBE tx peer=2 type=40 status=3 detail=ESP-NOW peer not found
[2026-09-26T11:37:06.846Z] I (90951) RouteLoom: HIL PROBE tx peer=2 type=40 status=3 detail=ESP-NOW peer not found
[2026-09-26T11:37:06.854Z] I (90959) RouteLoom: HIL PROBE tx peer=2 type=40 status=3 detail=ESP-NOW peer not found
[2026-09-26T11:37:06.871Z] I (90966) RouteLoom: HIL PROBE tx peer=2 type=40 status=3 detail=ESP-NOW peer not found
[2026-09-26T11:37:06.871Z] I (90974) RouteLoom: HIL PROBE tx peer=2 type=40 status=3 detail=ESP-NOW peer not found
[2026-09-26T11:37:06.877Z] I (90982) RouteLoom: HIL PROBE tx peer=2 type=40 status=3 detail=ESP-NOW peer not found
[2026-09-26T11:37:06.884Z] I (90989) RouteLoom: HIL PROBE tx peer=2 type=40 status=3 detail=ESP-NOW peer not found
[2026-09-26T11:37:06.892Z] I (90997) RouteLoom: HIL PROBE tx peer=2 type=40 status=3 detail=ESP-NOW peer not found
[2026-09-26T11:37:06.900Z] I (91005) RouteLoom: HIL PROBE tx peer=2 type=40 status=3 detail=ESP-NOW peer not found
[2026-09-26T11:37:06.908Z] I (91013) RouteLoom: HIL PROBE tx peer=2 type=40 status=3 detail=ESP-NOW peer not found
[2026-09-26T11:37:06.915Z] I (91020) RouteLoom: HIL PROBE tx peer=2 type=40 status=3 detail=ESP-NOW peer not found
[2026-09-26T11:37:06.923Z] I (91028) RouteLoom: HIL PROBE tx peer=2 type=40 status=3 detail=ESP-NOW peer not found
[2026-09-26T11:37:06.931Z] I (91036) RouteLoom: HIL PROBE tx peer=2 type=40 status=3 detail=ESP-NOW peer not found
[2026-09-26T11:37:06.939Z] I (91044) RouteLoom: HIL PROBE tx peer=2 type=40 status=3 detail=ESP-NOW peer not found
[2026-09-26T11:37:06.946Z] I (91051) RouteLoom: HIL PROBE tx peer=2 type=40 status=3 detail=ESP-NOW peer not found
[2026-09-26T11:37:06.954Z] I (91059) RouteLoom: HIL PROBE tx peer=2 type=40 status=3 detail=ESP-NOW peer not found
[2026-09-26T11:37:06.962Z] I (91067) RouteLoom: HIL PROBE tx peer=2 type=40 status=3 detail=ESP-NOW peer not found
[2026-09-26T11:37:06.969Z] I (91074) RouteLoom: HIL PROBE tx peer=2 type=40 status=3 detail=ESP-NOW peer not found
[2026-09-26T11:37:06.977Z] I (91082) RouteLoom: HIL PROBE tx peer=2 type=40 status=3 detail=ESP-NOW peer not found
[2026-09-26T11:37:06.985Z] I (91090) RouteLoom: HIL PROBE tx peer=2 type=40 status=3 detail=ESP-NOW peer not found
[2026-09-26T11:37:06.993Z] I (91098) RouteLoom: HIL PROBE tx peer=2 type=40 status=3 detail=ESP-NOW peer not found
[2026-09-26T11:37:07.001Z] I (91105) RouteLoom: HIL PROBE tx peer=2 type=40 status=3 detail=ESP-NOW peer not found
[2026-09-26T11:37:07.008Z] I (91113) RouteLoom: HIL PROBE tx peer=2 type=40 status=3 detail=ESP-NOW peer not found
[2026-09-26T11:37:07.016Z] I (91121) RouteLoom: HIL PROBE tx peer=2 type=40 status=3 detail=ESP-NOW peer not found
[2026-09-26T11:37:07.024Z] I (91128) RouteLoom: HIL PROBE tx peer=2 type=40 status=3 detail=ESP-NOW peer not found
[2026-09-26T11:37:07.031Z] I (91136) RouteLoom: HIL PROBE tx peer=2 type=40 status=3 detail=ESP-NOW peer not found
[2026-09-26T11:37:07.039Z] I (91144) RouteLoom: HIL PROBE tx peer=2 type=40 status=3 detail=ESP-NOW peer not found
[2026-09-26T11:37:07.047Z] I (91152) RouteLoom: HIL PROBE tx peer=2 type=40 status=3 detail=ESP-NOW peer not found
[2026-09-26T11:37:07.054Z] I (91159) RouteLoom: HIL PROBE tx peer=2 type=40 status=3 detail=ESP-NOW peer not found
[2026-09-26T11:37:07.062Z] I (91167) RouteLoom: HIL PROBE tx peer=2 type=40 status=3 detail=ESP-NOW peer not found
[2026-09-26T11:37:07.070Z] I (91175) RouteLoom: HIL PROBE tx peer=2 type=40 status=3 detail=ESP-NOW peer not found
[2026-09-26T11:37:07.078Z] I (91183) RouteLoom: HIL PROBE tx peer=2 type=40 status=3 detail=ESP-NOW peer not found
[2026-09-26T11:37:07.085Z] I (91190) RouteLoom: HIL PROBE tx peer=2 type=40 status=3 detail=ESP-NOW peer not found
[2026-09-26T11:37:07.093Z] I (91198) RouteLoom: HIL PROBE tx peer=2 type=40 status=3 detail=ESP-NOW peer not found
[2026-09-26T11:37:07.101Z] I (91206) RouteLoom: HIL PROBE tx peer=2 type=40 status=3 detail=ESP-NOW peer not found
[2026-09-26T11:37:07.109Z] I (91213) RouteLoom: HIL PROBE tx peer=2 type=40 status=3 detail=ESP-NOW peer not found
[2026-09-26T11:37:07.116Z] I (91221) RouteLoom: HIL PROBE tx peer=2 type=40 status=3 detail=ESP-NOW peer not found
[2026-09-26T11:37:07.124Z] I (91229) RouteLoom: HIL PROBE tx peer=2 type=40 status=3 detail=ESP-NOW peer not found
[2026-09-26T11:37:07.132Z] I (91237) RouteLoom: HIL PROBE tx peer=2 type=40 status=3 detail=ESP-NOW peer not found
[2026-09-26T11:37:07.139Z] I (91244) RouteLoom: HIL PROBE tx peer=2 type=40 status=3 detail=ESP-NOW peer not found
[2026-09-26T11:37:07.147Z] I (91252) RouteLoom: HIL PROBE tx peer=2 type=40 status=3 detail=ESP-NOW peer not found
[2026-09-26T11:37:07.155Z] I (91260) RouteLoom: HIL PROBE tx peer=2 type=40 status=3 detail=ESP-NOW peer not found
[2026-09-26T11:37:07.163Z] I (91268) RouteLoom: HIL PROBE tx peer=2 type=40 status=3 detail=ESP-NOW peer not found
[2026-09-26T11:37:07.170Z] I (91275) RouteLoom: HIL PROBE tx peer=2 type=40 status=3 detail=ESP-NOW peer not found
[2026-09-26T11:37:07.178Z] I (91283) RouteLoom: HIL PROBE tx peer=2 type=40 status=3 detail=ESP-NOW peer not found
[2026-09-26T11:37:07.186Z] I (91291) RouteLoom: HIL PROBE tx peer=2 type=40 status=3 detail=ESP-NOW peer not found
[2026-09-26T11:37:07.193Z] I (91298) RouteLoom: HIL PROBE tx peer=2 type=40 status=3 detail=ESP-NOW peer not found
[2026-09-26T11:37:07.201Z] I (91306) RouteLoom: HIL PROBE tx peer=2 type=40 status=3 detail=ESP-NOW peer not found
[2026-09-26T11:37:07.209Z] I (91314) RouteLoom: HIL PROBE tx peer=2 type=40 status=3 detail=ESP-NOW peer not found
[2026-09-26T11:37:07.217Z] I (91322) RouteLoom: HIL PROBE tx peer=2 type=40 status=3 detail=ESP-NOW peer not found
[2026-09-26T11:37:07.224Z] I (91329) RouteLoom: HIL PROBE tx peer=2 type=40 status=3 detail=ESP-NOW peer not found
[2026-09-26T11:37:07.232Z] I (91337) RouteLoom: HIL PROBE tx peer=2 type=40 status=3 detail=ESP-NOW peer not found
[2026-09-26T11:37:07.242Z] I (91345) RouteLoom: HIL PROBE tx peer=2 type=40 status=3 detail=ESP-NOW peer not found
[2026-09-26T11:37:07.247Z] I (91353) RouteLoom: HIL PROBE tx peer=2 type=40 status=3 detail=ESP-NOW peer not found
[2026-09-26T11:37:07.255Z] I (91360) RouteLoom: HIL PROBE tx peer=2 type=40 status=3 detail=ESP-NOW peer not found
[2026-09-26T11:37:07.263Z] I (91368) RouteLoom: HIL PROBE tx peer=2 type=40 status=3 detail=ESP-NOW peer not found
[2026-09-26T11:37:07.271Z] I (91376) RouteLoom: HIL PROBE tx peer=2 type=40 status=3 detail=ESP-NOW peer not found
[2026-09-26T11:37:07.279Z] I (91383) RouteLoom: HIL PROBE tx peer=2 type=40 status=3 detail=ESP-NOW peer not found
[2026-09-26T11:37:07.287Z] I (91391) RouteLoom: HIL PROBE tx peer=2 type=40 status=3 detail=ESP-NOW peer not found
[2026-09-26T11:37:07.294Z] I (91399) RouteLoom: HIL PROBE tx peer=2 type=40 status=3 detail=ESP-NOW peer not found
[2026-09-26T11:37:07.302Z] I (91407) RouteLoom: HIL PROBE tx peer=2 type=40 status=3 detail=ESP-NOW peer not found
[2026-09-26T11:37:07.309Z] I (91414) RouteLoom: HIL PROBE tx peer=2 type=40 status=3 detail=ESP-NOW peer not found
[2026-09-26T11:37:07.317Z] I (91422) RouteLoom: HIL PROBE tx peer=2 type=40 status=3 detail=ESP-NOW peer not found
[2026-09-26T11:37:07.325Z] I (91430) RouteLoom: HIL PROBE tx peer=2 type=40 status=3 detail=ESP-NOW peer not found
[2026-09-26T11:37:07.332Z] I (91437) RouteLoom: HIL PROBE tx peer=2 type=40 status=3 detail=ESP-NOW peer not found
[2026-09-26T11:37:07.340Z] I (91445) RouteLoom: HIL PROBE tx peer=2 type=40 status=3 detail=ESP-NOW peer not found
[2026-09-26T11:37:07.350Z] I (91453) RouteLoom: HIL PROBE tx peer=2 type=40 status=3 detail=ESP-NOW peer not found
[2026-09-26T11:37:07.356Z] I (91461) RouteLoom: HIL PROBE tx peer=2 type=40 status=3 detail=ESP-NOW peer not found
[2026-09-26T11:37:07.363Z] I (91468) RouteLoom: HIL PROBE tx peer=2 type=40 status=3 detail=ESP-NOW peer not found
[2026-09-26T11:37:07.371Z] I (91476) RouteLoom: HIL PROBE tx peer=2 type=40 status=3 detail=ESP-NOW peer not found
[2026-09-26T11:37:07.379Z] I (91484) RouteLoom: HIL PROBE tx peer=2 type=40 status=3 detail=ESP-NOW peer not found
[2026-09-26T11:37:07.387Z] I (91492) RouteLoom: HIL PROBE tx peer=2 type=40 status=3 detail=ESP-NOW peer not found
[2026-09-26T11:37:07.394Z] I (91499) RouteLoom: HIL PROBE tx peer=2 type=40 status=3 detail=ESP-NOW peer not found
[2026-09-26T11:37:07.402Z] I (91507) RouteLoom: HIL PROBE tx peer=2 type=40 status=3 detail=ESP-NOW peer not found
[2026-09-26T11:37:07.410Z] I (91515) RouteLoom: HIL PROBE tx peer=2 type=40 status=3 detail=ESP-NOW peer not found
[2026-09-26T11:37:07.418Z] I (91522) RouteLoom: HIL PROBE tx peer=2 type=40 status=3 detail=ESP-NOW peer not found
[2026-09-26T11:37:07.425Z] I (91530) RouteLoom: HIL PROBE tx peer=2 type=40 status=3 detail=ESP-NOW peer not found
[2026-09-26T11:37:07.433Z] I (91538) RouteLoom: HIL PROBE tx peer=2 type=40 status=3 detail=ESP-NOW peer not found
[2026-09-26T11:37:07.441Z] I (91546) RouteLoom: HIL PROBE tx peer=2 type=40 status=3 detail=ESP-NOW peer not found
[2026-09-26T11:37:07.448Z] I (91553) RouteLoom: HIL PROBE tx peer=2 type=40 status=3 detail=ESP-NOW peer not found
[2026-09-26T11:37:07.456Z] I (91561) RouteLoom: HIL PROBE tx peer=2 type=40 status=3 detail=ESP-NOW peer not found
[2026-09-26T11:37:07.464Z] I (91569) RouteLoom: HIL PROBE tx peer=2 type=40 status=3 detail=ESP-NOW peer not found
[2026-09-26T11:37:07.472Z] I (91577) RouteLoom: HIL PROBE tx peer=2 type=40 status=3 detail=ESP-NOW peer not found
[2026-09-26T11:37:07.479Z] I (91584) RouteLoom: HIL PROBE tx peer=2 type=40 status=3 detail=ESP-NOW peer not found
[2026-09-26T11:37:07.487Z] I (91592) RouteLoom: HIL PROBE tx peer=2 type=40 status=3 detail=ESP-NOW peer not found
[2026-09-26T11:37:07.495Z] I (91600) RouteLoom: HIL PROBE tx peer=2 type=40 status=3 detail=ESP-NOW peer not found
[2026-09-26T11:37:07.502Z] I (91607) RouteLoom: HIL PROBE tx peer=2 type=40 status=3 detail=ESP-NOW peer not found
[2026-09-26T11:37:07.510Z] I (91615) RouteLoom: HIL PROBE tx peer=2 type=40 status=3 detail=ESP-NOW peer not found
[2026-09-26T11:37:07.519Z] I (91623) RouteLoom: HIL PROBE tx peer=2 type=40 status=3 detail=ESP-NOW peer not found
[2026-09-26T11:37:07.526Z] I (91631) RouteLoom: HIL PROBE tx peer=2 type=40 status=3 detail=ESP-NOW peer not found
[2026-09-26T11:37:07.533Z] I (91638) RouteLoom: HIL PROBE tx peer=2 type=40 status=3 detail=ESP-NOW peer not found
[2026-09-26T11:37:07.541Z] I (91646) RouteLoom: HIL PROBE tx peer=2 type=40 status=3 detail=ESP-NOW peer not found
[2026-09-26T11:37:07.549Z] I (91654) RouteLoom: HIL PROBE tx peer=2 type=40 status=3 detail=ESP-NOW peer not found
[2026-09-26T11:37:07.557Z] I (91661) RouteLoom: HIL PROBE tx peer=2 type=40 status=3 detail=ESP-NOW peer not found
[2026-09-26T11:37:07.565Z] I (91669) RouteLoom: HIL PROBE tx peer=2 type=40 status=3 detail=ESP-NOW peer not found
[2026-09-26T11:37:07.572Z] I (91677) RouteLoom: HIL PROBE tx peer=2 type=40 status=3 detail=ESP-NOW peer not found
[2026-09-26T11:37:07.580Z] I (91685) RouteLoom: HIL PROBE tx peer=2 type=40 status=3 detail=ESP-NOW peer not found
[2026-09-26T11:37:07.587Z] I (91692) RouteLoom: HIL PROBE tx peer=2 type=40 status=3 detail=ESP-NOW peer not found
[2026-09-26T11:37:07.595Z] I (91700) RouteLoom: HIL PROBE tx peer=2 type=40 status=3 detail=ESP-NOW peer not found
[2026-09-26T11:37:07.603Z] I (91708) RouteLoom: HIL PROBE tx peer=2 type=40 status=3 detail=ESP-NOW peer not found
[2026-09-26T11:37:07.611Z] I (91716) RouteLoom: HIL PROBE tx peer=2 type=40 status=3 detail=ESP-NOW peer not found
[2026-09-26T11:37:07.618Z] I (91723) RouteLoom: HIL PROBE tx peer=2 type=40 status=3 detail=ESP-NOW peer not found
[2026-09-26T11:37:07.626Z] I (91731) RouteLoom: HIL PROBE tx peer=2 type=40 status=3 detail=ESP-NOW peer not found
[2026-09-26T11:37:07.634Z] I (91739) RouteLoom: HIL PROBE tx peer=2 type=40 status=3 detail=ESP-NOW peer not found
[2026-09-26T11:37:07.642Z] I (91746) RouteLoom: HIL PROBE tx peer=2 type=40 status=3 detail=ESP-NOW peer not found
[2026-09-26T11:37:07.649Z] I (91754) RouteLoom: HIL PROBE tx peer=2 type=40 status=3 detail=ESP-NOW peer not found
[2026-09-26T11:37:07.657Z] I (91762) RouteLoom: HIL PROBE tx peer=2 type=40 status=3 detail=ESP-NOW peer not found
[2026-09-26T11:37:07.665Z] I (91770) RouteLoom: HIL PROBE tx peer=2 type=40 status=3 detail=ESP-NOW peer not found
[2026-09-26T11:37:07.672Z] I (91777) RouteLoom: HIL PROBE tx peer=2 type=40 status=3 detail=ESP-NOW peer not found
[2026-09-26T11:37:07.680Z] I (91785) RouteLoom: HIL PROBE tx peer=2 type=40 status=3 detail=ESP-NOW peer not found
[2026-09-26T11:37:07.688Z] I (91793) RouteLoom: HIL PROBE tx peer=2 type=40 status=3 detail=ESP-NOW peer not found
[2026-09-26T11:37:07.696Z] I (91801) RouteLoom: HIL PROBE tx peer=2 type=40 status=3 detail=ESP-NOW peer not found
[2026-09-26T11:37:07.703Z] I (91808) RouteLoom: HIL PROBE tx peer=2 type=40 status=3 detail=ESP-NOW peer not found
[2026-09-26T11:37:07.711Z] I (91816) RouteLoom: HIL PROBE tx peer=2 type=40 status=3 detail=ESP-NOW peer not found
[2026-09-26T11:37:07.719Z] I (91824) RouteLoom: HIL PROBE tx peer=2 type=40 status=3 detail=ESP-NOW peer not found
[2026-09-26T11:37:07.726Z] I (91831) RouteLoom: HIL PROBE tx peer=2 type=40 status=3 detail=ESP-NOW peer not found
[2026-09-26T11:37:07.734Z] I (91839) RouteLoom: HIL PROBE tx peer=2 type=40 status=3 detail=ESP-NOW peer not found
[2026-09-26T11:37:07.742Z] I (91847) RouteLoom: HIL PROBE tx peer=2 type=40 status=3 detail=ESP-NOW peer not found
[2026-09-26T11:37:07.750Z] I (91855) RouteLoom: HIL PROBE tx peer=2 type=40 status=3 detail=ESP-NOW peer not found
[2026-09-26T11:37:07.758Z] I (91862) RouteLoom: HIL PROBE tx peer=2 type=40 status=3 detail=ESP-NOW peer not found
[2026-09-26T11:37:07.765Z] I (91870) RouteLoom: HIL PROBE tx peer=2 type=40 status=3 detail=ESP-NOW peer not found
[2026-09-26T11:37:07.773Z] I (91878) RouteLoom: HIL PROBE tx peer=2 type=40 status=3 detail=ESP-NOW peer not found
[2026-09-26T11:37:07.781Z] I (91886) RouteLoom: HIL PROBE tx peer=2 type=40 status=3 detail=ESP-NOW peer not found
[2026-09-26T11:37:07.788Z] I (91893) RouteLoom: HIL PROBE tx peer=2 type=40 status=3 detail=ESP-NOW peer not found
[2026-09-26T11:37:07.796Z] I (91901) RouteLoom: HIL PROBE tx peer=2 type=40 status=3 detail=ESP-NOW peer not found
[2026-09-26T11:37:07.804Z] I (91909) RouteLoom: HIL PROBE tx peer=2 type=40 status=3 detail=ESP-NOW peer not found
[2026-09-26T11:37:07.813Z] I (91916) RouteLoom: HIL PROBE tx peer=2 type=40 status=3 detail=ESP-NOW peer not found
[2026-09-26T11:37:07.819Z] I (91924) RouteLoom: HIL PROBE tx peer=2 type=40 status=3 detail=ESP-NOW peer not found
[2026-09-26T11:37:07.827Z] I (91932) RouteLoom: HIL PROBE tx peer=2 type=40 status=3 detail=ESP-NOW peer not found
[2026-09-26T11:37:07.835Z] I (91940) RouteLoom: HIL PROBE tx peer=2 type=40 status=3 detail=ESP-NOW peer not found
[2026-09-26T11:37:07.842Z] I (91947) RouteLoom: HIL PROBE tx peer=2 type=40 status=3 detail=ESP-NOW peer not found
[2026-09-26T11:37:07.850Z] I (91957) RouteLoom: HIL PROBE tx peer=2 type=40 status=3 detail=ESP-NOW peer not found
[2026-09-26T11:37:07.858Z] I (91963) RouteLoom: HIL PROBE tx peer=2 type=40 status=3 detail=ESP-NOW peer not found
[2026-09-26T11:37:07.866Z] I (91970) RouteLoom: HIL PROBE tx peer=2 type=40 status=3 detail=ESP-NOW peer not found
[2026-09-26T11:37:07.873Z] I (91978) RouteLoom: HIL PROBE tx peer=2 type=40 status=3 detail=ESP-NOW peer not found
[2026-09-26T11:37:07.881Z] I (91986) RouteLoom: HIL PROBE tx peer=2 type=40 status=3 detail=ESP-NOW peer not found
[2026-09-26T11:37:07.889Z] I (91994) RouteLoom: HIL PROBE tx peer=2 type=40 status=3 detail=ESP-NOW peer not found
[2026-09-26T11:37:07.897Z] I (92001) RouteLoom: HIL PROBE tx peer=2 type=40 status=3 detail=ESP-NOW peer not found
[2026-09-26T11:37:07.904Z] I (92009) RouteLoom: HIL PROBE tx peer=2 type=40 status=3 detail=ESP-NOW peer not found
[2026-09-26T11:37:07.912Z] I (92017) RouteLoom: HIL PROBE tx peer=2 type=40 status=3 detail=ESP-NOW peer not found
[2026-09-26T11:37:07.920Z] I (92025) RouteLoom: HIL PROBE tx peer=2 type=40 status=3 detail=ESP-NOW peer not found
[2026-09-26T11:37:07.927Z] I (92032) RouteLoom: HIL PROBE tx peer=2 type=40 status=3 detail=ESP-NOW peer not found
[2026-09-26T11:37:07.935Z] I (92040) RouteLoom: HIL PROBE tx peer=2 type=40 status=3 detail=ESP-NOW peer not found
[2026-09-26T11:37:07.943Z] I (92048) RouteLoom: HIL PROBE tx peer=2 type=40 status=3 detail=ESP-NOW peer not found
[2026-09-26T11:37:07.951Z] I (92055) RouteLoom: HIL PROBE tx peer=2 type=40 status=3 detail=ESP-NOW peer not found
[2026-09-26T11:37:07.958Z] I (92063) RouteLoom: HIL PROBE tx peer=2 type=40 status=3 detail=ESP-NOW peer not found
[2026-09-26T11:37:07.966Z] I (92072) RouteLoom: HIL PROBE tx peer=2 type=40 status=3 detail=ESP-NOW peer not found
[2026-09-26T11:37:07.974Z] I (92080) RouteLoom: HIL PROBE tx peer=2 type=40 status=3 detail=ESP-NOW peer not found
[2026-09-26T11:37:07.981Z] I (92087) RouteLoom: HIL PROBE tx peer=2 type=40 status=3 detail=ESP-NOW peer not found
[2026-09-26T11:37:07.989Z] I (92095) RouteLoom: HIL PROBE tx peer=2 type=40 status=3 detail=ESP-NOW peer not found
[2026-09-26T11:37:07.997Z] I (92103) RouteLoom: HIL PROBE tx peer=2 type=40 status=3 detail=ESP-NOW peer not found
[2026-09-26T11:37:08.005Z] I (92111) RouteLoom: HIL PROBE tx peer=2 type=40 status=3 detail=ESP-NOW peer not found
[2026-09-26T11:37:08.012Z] I (92118) RouteLoom: HIL PROBE tx peer=2 type=40 status=3 detail=ESP-NOW peer not found
[2026-09-26T11:37:08.020Z] I (92126) RouteLoom: HIL PROBE tx peer=2 type=40 status=3 detail=ESP-NOW peer not found
[2026-09-26T11:37:08.028Z] I (92134) RouteLoom: HIL PROBE tx peer=2 type=40 status=3 detail=ESP-NOW peer not found
[2026-09-26T11:37:08.035Z] I (92141) RouteLoom: HIL PROBE tx peer=2 type=40 status=3 detail=ESP-NOW peer not found
[2026-09-26T11:37:08.043Z] I (92149) RouteLoom: HIL PROBE tx peer=2 type=40 status=3 detail=ESP-NOW peer not found
[2026-09-26T11:37:08.051Z] I (92157) RouteLoom: HIL PROBE tx peer=2 type=40 status=3 detail=ESP-NOW peer not found
[2026-09-26T11:37:08.059Z] I (92165) RouteLoom: HIL PROBE tx peer=2 type=40 status=3 detail=ESP-NOW peer not found
[2026-09-26T11:37:08.066Z] I (92172) RouteLoom: HIL PROBE tx peer=2 type=40 status=3 detail=ESP-NOW peer not found
[2026-09-26T11:37:08.074Z] I (92180) RouteLoom: HIL PROBE tx peer=2 type=40 status=3 detail=ESP-NOW peer not found
[2026-09-26T11:37:08.082Z] I (92188) RouteLoom: HIL PROBE tx peer=2 type=40 status=3 detail=ESP-NOW peer not found
[2026-09-26T11:37:08.090Z] I (92196) RouteLoom: HIL PROBE tx peer=2 type=40 status=3 detail=ESP-NOW peer not found
[2026-09-26T11:37:08.097Z] I (92203) RouteLoom: HIL PROBE tx peer=2 type=40 status=3 detail=ESP-NOW peer not found
[2026-09-26T11:37:08.105Z] I (92211) RouteLoom: HIL PROBE tx peer=2 type=40 status=3 detail=ESP-NOW peer not found
[2026-09-26T11:37:08.113Z] I (92219) RouteLoom: HIL PROBE tx peer=2 type=40 status=3 detail=ESP-NOW peer not found
[2026-09-26T11:37:08.120Z] I (92226) RouteLoom: HIL PROBE tx peer=2 type=40 status=3 detail=ESP-NOW peer not found
[2026-09-26T11:37:08.128Z] I (92234) RouteLoom: HIL PROBE tx peer=2 type=40 status=3 detail=ESP-NOW peer not found
[2026-09-26T11:37:08.136Z] I (92242) RouteLoom: HIL PROBE tx peer=2 type=40 status=3 detail=ESP-NOW peer not found
[2026-09-26T11:37:08.144Z] I (92250) RouteLoom: HIL PROBE tx peer=2 type=40 status=3 detail=ESP-NOW peer not found
[2026-09-26T11:37:08.151Z] I (92257) RouteLoom: HIL PROBE tx peer=2 type=40 status=3 detail=ESP-NOW peer not found
[2026-09-26T11:37:08.159Z] I (92265) RouteLoom: HIL PROBE tx peer=2 type=40 status=3 detail=ESP-NOW peer not found
[2026-09-26T11:37:08.167Z] I (92273) RouteLoom: HIL PROBE tx peer=2 type=40 status=3 detail=ESP-NOW peer not found
[2026-09-26T11:37:08.175Z] I (92280) RouteLoom: HIL PROBE tx peer=2 type=40 status=3 detail=ESP-NOW peer not found
[2026-09-26T11:37:08.182Z] I (92288) RouteLoom: HIL PROBE tx peer=2 type=40 status=3 detail=ESP-NOW peer not found
[2026-09-26T11:37:08.190Z] I (92296) RouteLoom: HIL PROBE tx peer=2 type=40 status=3 detail=ESP-NOW peer not found
[2026-09-26T11:37:08.198Z] I (92304) RouteLoom: HIL PROBE tx peer=2 type=40 status=3 detail=ESP-NOW peer not found
[2026-09-26T11:37:08.205Z] I (92311) RouteLoom: HIL PROBE tx peer=2 type=40 status=3 detail=ESP-NOW peer not found
[2026-09-26T11:37:08.213Z] I (92319) RouteLoom: HIL PROBE tx peer=2 type=40 status=3 detail=ESP-NOW peer not found
[2026-09-26T11:37:08.221Z] I (92327) RouteLoom: HIL PROBE tx peer=2 type=40 status=3 detail=ESP-NOW peer not found
[2026-09-26T11:37:08.229Z] I (92335) RouteLoom: HIL PROBE tx peer=2 type=40 status=3 detail=ESP-NOW peer not found
[2026-09-26T11:37:08.236Z] I (92342) RouteLoom: HIL PROBE tx peer=2 type=40 status=3 detail=ESP-NOW peer not found
[2026-09-26T11:37:08.244Z] I (92350) RouteLoom: HIL PROBE tx peer=2 type=40 status=3 detail=ESP-NOW peer not found
[2026-09-26T11:37:08.252Z] I (92358) RouteLoom: HIL PROBE tx peer=2 type=40 status=3 detail=ESP-NOW peer not found
[2026-09-26T11:37:08.259Z] I (92365) RouteLoom: HIL PROBE tx peer=2 type=40 status=3 detail=ESP-NOW peer not found
[2026-09-26T11:37:08.267Z] I (92373) RouteLoom: HIL PROBE tx peer=2 type=40 status=3 detail=ESP-NOW peer not found
[2026-09-26T11:37:08.275Z] I (92381) RouteLoom: HIL PROBE tx peer=2 type=40 status=3 detail=ESP-NOW peer not found
[2026-09-26T11:37:08.283Z] I (92389) RouteLoom: HIL PROBE tx peer=2 type=40 status=3 detail=ESP-NOW peer not found
[2026-09-26T11:37:08.291Z] I (92396) RouteLoom: HIL PROBE tx peer=2 type=40 status=3 detail=ESP-NOW peer not found
[2026-09-26T11:37:08.298Z] I (92404) RouteLoom: HIL PROBE tx peer=2 type=40 status=3 detail=ESP-NOW peer not found
[2026-09-26T11:37:08.306Z] I (92412) RouteLoom: HIL PROBE tx peer=2 type=40 status=3 detail=ESP-NOW peer not found
[2026-09-26T11:37:08.314Z] I (92420) RouteLoom: HIL PROBE tx peer=2 type=40 status=3 detail=ESP-NOW peer not found
[2026-09-26T11:37:08.321Z] I (92427) RouteLoom: HIL PROBE tx peer=2 type=40 status=3 detail=ESP-NOW peer not found
[2026-09-26T11:37:08.329Z] I (92435) RouteLoom: HIL PROBE tx peer=2 type=40 status=3 detail=ESP-NOW peer not found
[2026-09-26T11:37:08.337Z] I (92443) RouteLoom: HIL PROBE tx peer=2 type=40 status=3 detail=ESP-NOW peer not found
[2026-09-26T11:37:08.344Z] I (92450) RouteLoom: HIL PROBE tx peer=2 type=40 status=3 detail=ESP-NOW peer not found
[2026-09-26T11:37:08.352Z] I (92458) RouteLoom: HIL PROBE tx peer=2 type=40 status=3 detail=ESP-NOW peer not found
[2026-09-26T11:37:08.360Z] I (92466) RouteLoom: HIL PROBE tx peer=2 type=40 status=3 detail=ESP-NOW peer not found
[2026-09-26T11:37:08.368Z] I (92474) RouteLoom: HIL PROBE tx peer=2 type=40 status=3 detail=ESP-NOW peer not found
[2026-09-26T11:37:08.375Z] I (92481) RouteLoom: HIL PROBE tx peer=2 type=40 status=3 detail=ESP-NOW peer not found
[2026-09-26T11:37:08.383Z] I (92489) RouteLoom: HIL PROBE tx peer=2 type=40 status=3 detail=ESP-NOW peer not found
[2026-09-26T11:37:08.391Z] I (92497) RouteLoom: HIL PROBE tx peer=2 type=40 status=3 detail=ESP-NOW peer not found
[2026-09-26T11:37:08.399Z] I (92505) RouteLoom: HIL PROBE tx peer=2 type=40 status=3 detail=ESP-NOW peer not found
[2026-09-26T11:37:08.406Z] I (92512) RouteLoom: HIL PROBE tx peer=2 type=40 status=3 detail=ESP-NOW peer not found
[2026-09-26T11:37:08.414Z] I (92520) RouteLoom: HIL PROBE tx peer=2 type=40 status=3 detail=ESP-NOW peer not found
[2026-09-26T11:37:08.422Z] I (92528) RouteLoom: HIL PROBE tx peer=2 type=40 status=3 detail=ESP-NOW peer not found
[2026-09-26T11:37:08.429Z] I (92535) RouteLoom: HIL PROBE tx peer=2 type=40 status=3 detail=ESP-NOW peer not found
[2026-09-26T11:37:08.437Z] I (92543) RouteLoom: HIL PROBE tx peer=2 type=40 status=3 detail=ESP-NOW peer not found
[2026-09-26T11:37:08.445Z] I (92551) RouteLoom: HIL PROBE tx peer=2 type=40 status=3 detail=ESP-NOW peer not found
[2026-09-26T11:37:08.453Z] I (92559) RouteLoom: HIL PROBE tx peer=2 type=40 status=3 detail=ESP-NOW peer not found
[2026-09-26T11:37:08.460Z] I (92566) RouteLoom: HIL PROBE tx peer=2 type=40 status=3 detail=ESP-NOW peer not found
[2026-09-26T11:37:08.468Z] I (92574) RouteLoom: HIL PROBE tx peer=2 type=40 status=3 detail=ESP-NOW peer not found
[2026-09-26T11:37:08.476Z] I (92582) RouteLoom: HIL PROBE tx peer=2 type=40 status=3 detail=ESP-NOW peer not found
[2026-09-26T11:37:08.484Z] I (92589) RouteLoom: HIL PROBE tx peer=2 type=40 status=3 detail=ESP-NOW peer not found
[2026-09-26T11:37:08.491Z] I (92597) RouteLoom: HIL PROBE tx peer=2 type=40 status=3 detail=ESP-NOW peer not found
[2026-09-26T11:37:08.499Z] I (92605) RouteLoom: HIL PROBE tx peer=2 type=40 status=3 detail=ESP-NOW peer not found
[2026-09-26T11:37:08.507Z] I (92613) RouteLoom: HIL PROBE tx peer=2 type=40 status=3 detail=ESP-NOW peer not found
[2026-09-26T11:37:08.514Z] I (92620) RouteLoom: HIL PROBE tx peer=2 type=40 status=3 detail=ESP-NOW peer not found
[2026-09-26T11:37:08.522Z] I (92628) RouteLoom: HIL PROBE tx peer=2 type=40 status=3 detail=ESP-NOW peer not found
[2026-09-26T11:37:08.530Z] I (92636) RouteLoom: HIL PROBE tx peer=2 type=40 status=3 detail=ESP-NOW peer not found
[2026-09-26T11:37:08.538Z] I (92644) RouteLoom: HIL PROBE tx peer=2 type=40 status=3 detail=ESP-NOW peer not found
[2026-09-26T11:37:08.545Z] I (92651) RouteLoom: HIL PROBE tx peer=2 type=40 status=3 detail=ESP-NOW peer not found
[2026-09-26T11:37:08.553Z] I (92659) RouteLoom: HIL PROBE tx peer=2 type=40 status=3 detail=ESP-NOW peer not found
[2026-09-26T11:37:08.561Z] I (92667) RouteLoom: HIL PROBE tx peer=2 type=40 status=3 detail=ESP-NOW peer not found
[2026-09-26T11:37:08.569Z] I (92674) RouteLoom: HIL PROBE tx peer=2 type=40 status=3 detail=ESP-NOW peer not found
[2026-09-26T11:37:08.576Z] I (92682) RouteLoom: HIL PROBE tx peer=2 type=40 status=3 detail=ESP-NOW peer not found
[2026-09-26T11:37:08.584Z] I (92690) RouteLoom: HIL PROBE tx peer=2 type=40 status=3 detail=ESP-NOW peer not found
[2026-09-26T11:37:08.600Z] I (92698) RouteLoom: HIL PROBE tx peer=2 type=40 status=3 detail=ESP-NOW peer not found
[2026-09-26T11:37:08.600Z] I (92705) RouteLoom: HIL PROBE tx peer=2 type=40 status=3 detail=ESP-NOW peer not found
[2026-09-26T11:37:08.607Z] I (92713) RouteLoom: HIL PROBE tx peer=2 type=40 status=3 detail=ESP-NOW peer not found
[2026-09-26T11:37:08.615Z] I (92721) RouteLoom: HIL PROBE tx peer=2 type=40 status=3 detail=ESP-NOW peer not found
[2026-09-26T11:37:08.623Z] I (92729) RouteLoom: HIL PROBE tx peer=2 type=40 status=3 detail=ESP-NOW peer not found
[2026-09-26T11:37:08.631Z] I (92736) RouteLoom: HIL PROBE tx peer=2 type=40 status=3 detail=ESP-NOW peer not found
[2026-09-26T11:37:08.638Z] I (92744) RouteLoom: HIL PROBE tx peer=2 type=40 status=3 detail=ESP-NOW peer not found
[2026-09-26T11:37:08.646Z] I (92752) RouteLoom: HIL PROBE tx peer=2 type=40 status=3 detail=ESP-NOW peer not found
[2026-09-26T11:37:08.654Z] I (92759) RouteLoom: HIL PROBE tx peer=2 type=40 status=3 detail=ESP-NOW peer not found
[2026-09-26T11:37:08.661Z] I (92767) RouteLoom: HIL PROBE tx peer=2 type=40 status=3 detail=ESP-NOW peer not found
[2026-09-26T11:37:08.669Z] I (92775) RouteLoom: HIL PROBE tx peer=2 type=40 status=3 detail=ESP-NOW peer not found
[2026-09-26T11:37:08.677Z] I (92783) RouteLoom: HIL PROBE tx peer=2 type=40 status=3 detail=ESP-NOW peer not found
[2026-09-26T11:37:08.684Z] I (92790) RouteLoom: HIL PROBE tx peer=2 type=40 status=3 detail=ESP-NOW peer not found
[2026-09-26T11:37:08.692Z] I (92798) RouteLoom: HIL PROBE tx peer=2 type=40 status=3 detail=ESP-NOW peer not found
[2026-09-26T11:37:08.700Z] I (92806) RouteLoom: HIL PROBE tx peer=2 type=40 status=3 detail=ESP-NOW peer not found
[2026-09-26T11:37:08.707Z] I (92814) RouteLoom: HIL PROBE tx peer=2 type=40 status=3 detail=ESP-NOW peer not found
[2026-09-26T11:37:08.715Z] I (92821) RouteLoom: HIL PROBE tx peer=2 type=40 status=3 detail=ESP-NOW peer not found
[2026-09-26T11:37:08.723Z] I (92829) RouteLoom: HIL PROBE tx peer=2 type=40 status=3 detail=ESP-NOW peer not found
[2026-09-26T11:37:08.731Z] I (92837) RouteLoom: HIL PROBE tx peer=2 type=40 status=3 detail=ESP-NOW peer not found
[2026-09-26T11:37:08.738Z] I (92844) RouteLoom: HIL PROBE tx peer=2 type=40 status=3 detail=ESP-NOW peer not found
[2026-09-26T11:37:08.746Z] I (92852) RouteLoom: HIL PROBE tx peer=2 type=40 status=3 detail=ESP-NOW peer not found
[2026-09-26T11:37:08.755Z] I (92860) RouteLoom: HIL PROBE tx peer=2 type=40 status=3 detail=ESP-NOW peer not found
[2026-09-26T11:37:08.762Z] I (92868) RouteLoom: HIL PROBE tx peer=2 type=40 status=3 detail=ESP-NOW peer not found
[2026-09-26T11:37:08.770Z] I (92875) RouteLoom: HIL PROBE tx peer=2 type=40 status=3 detail=ESP-NOW peer not found
[2026-09-26T11:37:08.777Z] I (92883) RouteLoom: HIL PROBE tx peer=2 type=40 status=3 detail=ESP-NOW peer not found
[2026-09-26T11:37:08.785Z] I (92891) RouteLoom: HIL PROBE tx peer=2 type=40 status=3 detail=ESP-NOW peer not found
[2026-09-26T11:37:08.793Z] I (92898) RouteLoom: HIL PROBE tx peer=2 type=40 status=3 detail=ESP-NOW peer not found
[2026-09-26T11:37:08.800Z] I (92906) RouteLoom: HIL PROBE tx peer=2 type=40 status=3 detail=ESP-NOW peer not found
[2026-09-26T11:37:08.808Z] I (92914) RouteLoom: HIL PROBE tx peer=2 type=40 status=3 detail=ESP-NOW peer not found
[2026-09-26T11:37:08.818Z] I (92922) RouteLoom: HIL PROBE tx peer=2 type=40 status=3 detail=ESP-NOW peer not found
[2026-09-26T11:37:08.824Z] I (92929) RouteLoom: HIL PROBE tx peer=2 type=40 status=3 detail=ESP-NOW peer not found
[2026-09-26T11:37:08.831Z] I (92937) RouteLoom: HIL PROBE tx peer=2 type=40 status=3 detail=ESP-NOW peer not found
[2026-09-26T11:37:08.839Z] I (92945) RouteLoom: HIL PROBE tx peer=2 type=40 status=3 detail=ESP-NOW peer not found
[2026-09-26T11:37:08.847Z] I (92953) RouteLoom: HIL PROBE tx peer=2 type=40 status=3 detail=ESP-NOW peer not found
[2026-09-26T11:37:08.854Z] I (92960) RouteLoom: HIL PROBE tx peer=2 type=40 status=3 detail=ESP-NOW peer not found
[2026-09-26T11:37:08.862Z] I (92968) RouteLoom: HIL PROBE tx peer=2 type=40 status=3 detail=ESP-NOW peer not found
[2026-09-26T11:37:08.870Z] I (92976) RouteLoom: HIL PROBE tx peer=2 type=40 status=3 detail=ESP-NOW peer not found
[2026-09-26T11:37:08.877Z] I (92983) RouteLoom: HIL PROBE tx peer=2 type=40 status=3 detail=ESP-NOW peer not found
[2026-09-26T11:37:08.886Z] I (92991) RouteLoom: HIL PROBE tx peer=2 type=40 status=3 detail=ESP-NOW peer not found
[2026-09-26T11:37:08.893Z] I (92999) RouteLoom: HIL PROBE tx peer=2 type=40 status=3 detail=ESP-NOW peer not found
[2026-09-26T11:37:08.901Z] I (93007) RouteLoom: HIL PROBE tx peer=2 type=40 status=3 detail=ESP-NOW peer not found
[2026-09-26T11:37:08.908Z] I (93014) RouteLoom: HIL PROBE tx peer=2 type=40 status=3 detail=ESP-NOW peer not found
[2026-09-26T11:37:08.916Z] I (93022) RouteLoom: HIL PROBE tx peer=2 type=40 status=3 detail=ESP-NOW peer not found
[2026-09-26T11:37:08.924Z] I (93030) RouteLoom: HIL PROBE tx peer=2 type=40 status=3 detail=ESP-NOW peer not found
[2026-09-26T11:37:08.932Z] I (93038) RouteLoom: HIL PROBE tx peer=2 type=40 status=3 detail=ESP-NOW peer not found
[2026-09-26T11:37:08.940Z] I (93045) RouteLoom: HIL PROBE tx peer=2 type=40 status=3 detail=ESP-NOW peer not found
[2026-09-26T11:37:08.947Z] I (93053) RouteLoom: HIL PROBE tx peer=2 type=40 status=3 detail=ESP-NOW peer not found
[2026-09-26T11:37:08.956Z] I (93061) RouteLoom: HIL PROBE tx peer=2 type=40 status=3 detail=ESP-NOW peer not found
[2026-09-26T11:37:08.962Z] I (93068) RouteLoom: HIL PROBE tx peer=2 type=40 status=3 detail=ESP-NOW peer not found
[2026-09-26T11:37:08.970Z] I (93076) RouteLoom: HIL PROBE tx peer=2 type=40 status=3 detail=ESP-NOW peer not found
[2026-09-26T11:37:08.978Z] I (93084) RouteLoom: HIL PROBE tx peer=2 type=40 status=3 detail=ESP-NOW peer not found
[2026-09-26T11:37:08.986Z] I (93092) RouteLoom: HIL PROBE tx peer=2 type=40 status=3 detail=ESP-NOW peer not found
[2026-09-26T11:37:08.993Z] I (93099) RouteLoom: HIL PROBE tx peer=2 type=40 status=3 detail=ESP-NOW peer not found
[2026-09-26T11:37:09.001Z] I (93107) RouteLoom: HIL PROBE tx peer=2 type=40 status=3 detail=ESP-NOW peer not found
[2026-09-26T11:37:09.009Z] I (93115) RouteLoom: HIL PROBE tx peer=2 type=40 status=3 detail=ESP-NOW peer not found
[2026-09-26T11:37:09.016Z] I (93122) RouteLoom: HIL PROBE tx peer=2 type=40 status=3 detail=ESP-NOW peer not found
[2026-09-26T11:37:09.024Z] I (93130) RouteLoom: HIL PROBE tx peer=2 type=40 status=3 detail=ESP-NOW peer not found
[2026-09-26T11:37:09.032Z] I (93138) RouteLoom: HIL PROBE tx peer=2 type=40 status=3 detail=ESP-NOW peer not found
[2026-09-26T11:37:09.040Z] I (93146) RouteLoom: HIL PROBE tx peer=2 type=40 status=3 detail=ESP-NOW peer not found
[2026-09-26T11:37:09.047Z] I (93153) RouteLoom: HIL PROBE tx peer=2 type=40 status=3 detail=ESP-NOW peer not found
[2026-09-26T11:37:09.055Z] I (93161) RouteLoom: HIL PROBE tx peer=2 type=40 status=3 detail=ESP-NOW peer not found
[2026-09-26T11:37:09.063Z] I (93169) RouteLoom: HIL PROBE tx peer=2 type=40 status=3 detail=ESP-NOW peer not found
[2026-09-26T11:37:09.071Z] I (93177) RouteLoom: HIL PROBE tx peer=2 type=40 status=3 detail=ESP-NOW peer not found
[2026-09-26T11:37:09.078Z] I (93184) RouteLoom: HIL PROBE tx peer=2 type=40 status=3 detail=ESP-NOW peer not found
[2026-09-26T11:37:09.088Z] I (93192) RouteLoom: HIL PROBE tx peer=2 type=40 status=3 detail=ESP-NOW peer not found
[2026-09-26T11:37:09.094Z] I (93200) RouteLoom: HIL PROBE tx peer=2 type=40 status=3 detail=ESP-NOW peer not found
[2026-09-26T11:37:09.101Z] I (93207) RouteLoom: HIL PROBE tx peer=2 type=40 status=3 detail=ESP-NOW peer not found
[2026-09-26T11:37:09.110Z] I (93215) RouteLoom: HIL PROBE tx peer=2 type=40 status=3 detail=ESP-NOW peer not found
[2026-09-26T11:37:09.117Z] I (93223) RouteLoom: HIL PROBE tx peer=2 type=40 status=3 detail=ESP-NOW peer not found
[2026-09-26T11:37:09.125Z] I (93231) RouteLoom: HIL PROBE tx peer=2 type=40 status=3 detail=ESP-NOW peer not found
[2026-09-26T11:37:09.132Z] I (93238) RouteLoom: HIL PROBE tx peer=2 type=40 status=3 detail=ESP-NOW peer not found
[2026-09-26T11:37:09.140Z] I (93246) RouteLoom: HIL PROBE tx peer=2 type=40 status=3 detail=ESP-NOW peer not found
[2026-09-26T11:37:09.148Z] I (93254) RouteLoom: HIL PROBE tx peer=2 type=40 status=3 detail=ESP-NOW peer not found
[2026-09-26T11:37:09.156Z] I (93262) RouteLoom: HIL PROBE tx peer=2 type=40 status=3 detail=ESP-NOW peer not found
[2026-09-26T11:37:09.163Z] I (93269) RouteLoom: HIL PROBE tx peer=2 type=40 status=3 detail=ESP-NOW peer not found
[2026-09-26T11:37:09.171Z] I (93277) RouteLoom: HIL PROBE tx peer=2 type=40 status=3 detail=ESP-NOW peer not found
[2026-09-26T11:37:09.179Z] I (93285) RouteLoom: HIL PROBE tx peer=2 type=40 status=3 detail=ESP-NOW peer not found
[2026-09-26T11:37:09.187Z] I (93292) RouteLoom: HIL PROBE tx peer=2 type=40 status=3 detail=ESP-NOW peer not found
[2026-09-26T11:37:09.194Z] I (93300) RouteLoom: HIL PROBE tx peer=2 type=40 status=3 detail=ESP-NOW peer not found
[2026-09-26T11:37:09.202Z] I (93308) RouteLoom: HIL PROBE tx peer=2 type=40 status=3 detail=ESP-NOW peer not found
[2026-09-26T11:37:09.210Z] I (93316) RouteLoom: HIL PROBE tx peer=2 type=40 status=3 detail=ESP-NOW peer not found
[2026-09-26T11:37:09.218Z] I (93323) RouteLoom: HIL PROBE tx peer=2 type=40 status=3 detail=ESP-NOW peer not found
[2026-09-26T11:37:09.225Z] I (93331) RouteLoom: HIL PROBE tx peer=2 type=40 status=3 detail=ESP-NOW peer not found
[2026-09-26T11:37:09.233Z] I (93339) RouteLoom: HIL PROBE tx peer=2 type=40 status=3 detail=ESP-NOW peer not found
[2026-09-26T11:37:09.241Z] I (93347) RouteLoom: HIL PROBE tx peer=2 type=40 status=3 detail=ESP-NOW peer not found
[2026-09-26T11:37:09.248Z] I (93354) RouteLoom: HIL PROBE tx peer=2 type=40 status=3 detail=ESP-NOW peer not found
[2026-09-26T11:37:09.256Z] I (93362) RouteLoom: HIL PROBE tx peer=2 type=40 status=3 detail=ESP-NOW peer not found
[2026-09-26T11:37:09.264Z] I (93370) RouteLoom: HIL PROBE tx peer=2 type=40 status=3 detail=ESP-NOW peer not found
[2026-09-26T11:37:09.271Z] I (93377) RouteLoom: HIL PROBE tx peer=2 type=40 status=3 detail=ESP-NOW peer not found
[2026-09-26T11:37:09.279Z] I (93385) RouteLoom: HIL PROBE tx peer=2 type=40 status=3 detail=ESP-NOW peer not found
[2026-09-26T11:37:09.287Z] I (93393) RouteLoom: HIL PROBE tx peer=2 type=40 status=3 detail=ESP-NOW peer not found
[2026-09-26T11:37:09.295Z] I (93401) RouteLoom: HIL PROBE tx peer=2 type=40 status=3 detail=ESP-NOW peer not found
[2026-09-26T11:37:09.302Z] I (93408) RouteLoom: HIL PROBE tx peer=2 type=40 status=3 detail=ESP-NOW peer not found
[2026-09-26T11:37:09.310Z] I (93416) RouteLoom: HIL PROBE tx peer=2 type=40 status=3 detail=ESP-NOW peer not found
[2026-09-26T11:37:09.318Z] I (93424) RouteLoom: HIL PROBE tx peer=2 type=40 status=3 detail=ESP-NOW peer not found
[2026-09-26T11:37:09.326Z] I (93431) RouteLoom: HIL PROBE tx peer=2 type=40 status=3 detail=ESP-NOW peer not found
[2026-09-26T11:37:09.333Z] I (93439) RouteLoom: HIL PROBE tx peer=2 type=40 status=3 detail=ESP-NOW peer not found
[2026-09-26T11:37:09.341Z] I (93447) RouteLoom: HIL PROBE tx peer=2 type=40 status=3 detail=ESP-NOW peer not found
[2026-09-26T11:37:09.349Z] I (93455) RouteLoom: HIL PROBE tx peer=2 type=40 status=3 detail=ESP-NOW peer not found
[2026-09-26T11:37:09.356Z] I (93462) RouteLoom: HIL PROBE tx peer=2 type=40 status=3 detail=ESP-NOW peer not found
[2026-09-26T11:37:09.364Z] I (93470) RouteLoom: HIL PROBE tx peer=2 type=40 status=3 detail=ESP-NOW peer not found
[2026-09-26T11:37:09.372Z] I (93478) RouteLoom: HIL PROBE tx peer=2 type=40 status=3 detail=ESP-NOW peer not found
[2026-09-26T11:37:09.380Z] I (93486) RouteLoom: HIL PROBE tx peer=2 type=40 status=3 detail=ESP-NOW peer not found
[2026-09-26T11:37:09.387Z] I (93493) RouteLoom: HIL PROBE tx peer=2 type=40 status=3 detail=ESP-NOW peer not found
[2026-09-26T11:37:09.395Z] I (93501) RouteLoom: HIL PROBE tx peer=2 type=40 status=3 detail=ESP-NOW peer not found
[2026-09-26T11:37:09.403Z] I (93509) RouteLoom: HIL PROBE tx peer=2 type=40 status=3 detail=ESP-NOW peer not found
[2026-09-26T11:37:09.410Z] I (93516) RouteLoom: HIL PROBE tx peer=2 type=40 status=3 detail=ESP-NOW peer not found
[2026-09-26T11:37:09.418Z] I (93524) RouteLoom: HIL PROBE tx peer=2 type=40 status=3 detail=ESP-NOW peer not found
[2026-09-26T11:37:09.426Z] I (93532) RouteLoom: HIL PROBE tx peer=2 type=40 status=3 detail=ESP-NOW peer not found
[2026-09-26T11:37:09.434Z] I (93540) RouteLoom: HIL PROBE tx peer=2 type=40 status=3 detail=ESP-NOW peer not found
[2026-09-26T11:37:09.441Z] I (93547) RouteLoom: HIL PROBE tx peer=2 type=40 status=3 detail=ESP-NOW peer not found
[2026-09-26T11:37:09.449Z] I (93555) RouteLoom: HIL PROBE tx peer=2 type=40 status=3 detail=ESP-NOW peer not found
[2026-09-26T11:37:09.457Z] I (93563) RouteLoom: HIL PROBE tx peer=2 type=40 status=3 detail=ESP-NOW peer not found
[2026-09-26T11:37:09.465Z] I (93571) RouteLoom: HIL PROBE tx peer=2 type=40 status=3 detail=ESP-NOW peer not found
[2026-09-26T11:37:09.472Z] I (93578) RouteLoom: HIL PROBE tx peer=2 type=40 status=3 detail=ESP-NOW peer not found
[2026-09-26T11:37:09.480Z] I (93586) RouteLoom: HIL PROBE tx peer=2 type=40 status=3 detail=ESP-NOW peer not found
[2026-09-26T11:37:09.488Z] I (93594) RouteLoom: HIL PROBE tx peer=2 type=40 status=3 detail=ESP-NOW peer not found
[2026-09-26T11:37:09.496Z] I (93601) RouteLoom: HIL PROBE tx peer=2 type=40 status=3 detail=ESP-NOW peer not found
[2026-09-26T11:37:09.503Z] I (93609) RouteLoom: HIL PROBE tx peer=2 type=40 status=3 detail=ESP-NOW peer not found
[2026-09-26T11:37:09.511Z] I (93617) RouteLoom: HIL PROBE tx peer=2 type=40 status=3 detail=ESP-NOW peer not found
[2026-09-26T11:37:09.519Z] I (93625) RouteLoom: HIL PROBE tx peer=2 type=40 status=3 detail=ESP-NOW peer not found
[2026-09-26T11:37:09.526Z] I (93632) RouteLoom: HIL PROBE tx peer=2 type=40 status=3 detail=ESP-NOW peer not found
[2026-09-26T11:37:09.534Z] I (93640) RouteLoom: HIL PROBE tx peer=2 type=40 status=3 detail=ESP-NOW peer not found
[2026-09-26T11:37:09.542Z] I (93648) RouteLoom: HIL PROBE tx peer=2 type=40 status=3 detail=ESP-NOW peer not found
[2026-09-26T11:37:09.550Z] I (93656) RouteLoom: HIL PROBE tx peer=2 type=40 status=3 detail=ESP-NOW peer not found
[2026-09-26T11:37:09.557Z] I (93663) RouteLoom: HIL PROBE tx peer=2 type=40 status=3 detail=ESP-NOW peer not found
[2026-09-26T11:37:09.565Z] I (93671) RouteLoom: HIL PROBE tx peer=2 type=40 status=3 detail=ESP-NOW peer not found
[2026-09-26T11:37:09.573Z] I (93679) RouteLoom: HIL PROBE tx peer=2 type=40 status=3 detail=ESP-NOW peer not found
[2026-09-26T11:37:09.581Z] I (93686) RouteLoom: HIL PROBE tx peer=2 type=40 status=3 detail=ESP-NOW peer not found
[2026-09-26T11:37:09.588Z] I (93694) RouteLoom: HIL PROBE tx peer=2 type=40 status=3 detail=ESP-NOW peer not found
[2026-09-26T11:37:09.596Z] I (93702) RouteLoom: HIL PROBE tx peer=2 type=40 status=3 detail=ESP-NOW peer not found
[2026-09-26T11:37:09.604Z] I (93710) RouteLoom: HIL PROBE tx peer=2 type=40 status=3 detail=ESP-NOW peer not found
[2026-09-26T11:37:09.611Z] I (93717) RouteLoom: HIL PROBE tx peer=2 type=40 status=3 detail=ESP-NOW peer not found
[2026-09-26T11:37:09.619Z] I (93725) RouteLoom: HIL PROBE tx peer=2 type=40 status=3 detail=ESP-NOW peer not found
[2026-09-26T11:37:09.627Z] I (93733) RouteLoom: HIL PROBE tx peer=2 type=40 status=3 detail=ESP-NOW peer not found
[2026-09-26T11:37:09.635Z] I (93740) RouteLoom: HIL PROBE tx peer=2 type=40 status=3 detail=ESP-NOW peer not found
[2026-09-26T11:37:09.642Z] I (93748) RouteLoom: HIL PROBE tx peer=2 type=40 status=3 detail=ESP-NOW peer not found
[2026-09-26T11:37:09.650Z] I (93756) RouteLoom: HIL PROBE tx peer=2 type=40 status=3 detail=ESP-NOW peer not found
[2026-09-26T11:37:09.658Z] I (93764) RouteLoom: HIL PROBE tx peer=2 type=40 status=3 detail=ESP-NOW peer not found
[2026-09-26T11:37:09.666Z] I (93771) RouteLoom: HIL PROBE tx peer=2 type=40 status=3 detail=ESP-NOW peer not found
[2026-09-26T11:37:09.673Z] I (93779) RouteLoom: HIL PROBE tx peer=2 type=40 status=3 detail=ESP-NOW peer not found
[2026-09-26T11:37:09.681Z] I (93787) RouteLoom: HIL PROBE tx peer=2 type=40 status=3 detail=ESP-NOW peer not found
[2026-09-26T11:37:09.689Z] I (93795) RouteLoom: HIL PROBE tx peer=2 type=40 status=3 detail=ESP-NOW peer not found
[2026-09-26T11:37:09.696Z] I (93802) RouteLoom: HIL PROBE tx peer=2 type=40 status=3 detail=ESP-NOW peer not found
[2026-09-26T11:37:09.704Z] I (93810) RouteLoom: HIL PROBE tx peer=2 type=40 status=3 detail=ESP-NOW peer not found
[2026-09-26T11:37:09.712Z] I (93818) RouteLoom: HIL PROBE tx peer=2 type=40 status=3 detail=ESP-NOW peer not found
[2026-09-26T11:37:09.720Z] I (93825) RouteLoom: HIL PROBE tx peer=2 type=40 status=3 detail=ESP-NOW peer not found
[2026-09-26T11:37:09.727Z] I (93833) RouteLoom: HIL PROBE tx peer=2 type=40 status=3 detail=ESP-NOW peer not found
[2026-09-26T11:37:09.735Z] I (93841) RouteLoom: HIL PROBE tx peer=2 type=40 status=3 detail=ESP-NOW peer not found
[2026-09-26T11:37:09.743Z] I (93849) RouteLoom: HIL PROBE tx peer=2 type=40 status=3 detail=ESP-NOW peer not found
[2026-09-26T11:37:09.750Z] I (93856) RouteLoom: HIL PROBE tx peer=2 type=40 status=3 detail=ESP-NOW peer not found
[2026-09-26T11:37:09.758Z] I (93864) RouteLoom: HIL PROBE tx peer=2 type=40 status=3 detail=ESP-NOW peer not found
[2026-09-26T11:37:09.766Z] I (93872) RouteLoom: HIL PROBE tx peer=2 type=40 status=3 detail=ESP-NOW peer not found
[2026-09-26T11:37:09.774Z] I (93880) RouteLoom: HIL PROBE tx peer=2 type=40 status=3 detail=ESP-NOW peer not found
[2026-09-26T11:37:09.781Z] I (93887) RouteLoom: HIL PROBE tx peer=2 type=40 status=3 detail=ESP-NOW peer not found
[2026-09-26T11:37:09.789Z] I (93895) RouteLoom: HIL PROBE tx peer=2 type=40 status=3 detail=ESP-NOW peer not found
[2026-09-26T11:37:09.797Z] I (93903) RouteLoom: HIL PROBE tx peer=2 type=40 status=3 detail=ESP-NOW peer not found
[2026-09-26T11:37:09.805Z] I (93910) RouteLoom: HIL PROBE tx peer=2 type=40 status=3 detail=ESP-NOW peer not found
[2026-09-26T11:37:09.812Z] I (93918) RouteLoom: HIL PROBE tx peer=2 type=40 status=3 detail=ESP-NOW peer not found
[2026-09-26T11:37:09.820Z] I (93926) RouteLoom: HIL PROBE tx peer=2 type=40 status=3 detail=ESP-NOW peer not found
[2026-09-26T11:37:09.828Z] I (93934) RouteLoom: HIL PROBE tx peer=2 type=40 status=3 detail=ESP-NOW peer not found
[2026-09-26T11:37:09.836Z] I (93941) RouteLoom: HIL PROBE tx peer=2 type=40 status=3 detail=ESP-NOW peer not found
[2026-09-26T11:37:09.843Z] I (93949) RouteLoom: HIL PROBE tx peer=2 type=40 status=3 detail=ESP-NOW peer not found
[2026-09-26T11:37:09.851Z] I (93957) RouteLoom: HIL PROBE tx peer=2 type=40 status=3 detail=ESP-NOW peer not found
[2026-09-26T11:37:09.859Z] I (93965) RouteLoom: HIL PROBE tx peer=2 type=40 status=3 detail=ESP-NOW peer not found
[2026-09-26T11:37:09.866Z] I (93972) RouteLoom: HIL PROBE tx peer=2 type=40 status=3 detail=ESP-NOW peer not found
[2026-09-26T11:37:09.874Z] I (93980) RouteLoom: HIL PROBE tx peer=2 type=40 status=3 detail=ESP-NOW peer not found
[2026-09-26T11:37:09.882Z] I (93988) RouteLoom: HIL PROBE tx peer=2 type=40 status=3 detail=ESP-NOW peer not found
[2026-09-26T11:37:09.889Z] I (93995) RouteLoom: HIL PROBE tx peer=2 type=40 status=3 detail=ESP-NOW peer not found
[2026-09-26T11:37:09.897Z] I (94003) RouteLoom: HIL PROBE tx peer=2 type=40 status=3 detail=ESP-NOW peer not found
[2026-09-26T11:37:09.905Z] I (94011) RouteLoom: HIL PROBE tx peer=2 type=40 status=3 detail=ESP-NOW peer not found
[2026-09-26T11:37:09.913Z] I (94019) RouteLoom: HIL PROBE tx peer=2 type=40 status=3 detail=ESP-NOW peer not found
[2026-09-26T11:37:09.920Z] I (94026) RouteLoom: HIL PROBE tx peer=2 type=40 status=3 detail=ESP-NOW peer not found
[2026-09-26T11:37:09.929Z] I (94034) RouteLoom: HIL PROBE tx peer=2 type=40 status=3 detail=ESP-NOW peer not found
[2026-09-26T11:37:09.936Z] I (94042) RouteLoom: HIL PROBE tx peer=2 type=40 status=3 detail=ESP-NOW peer not found
[2026-09-26T11:37:09.944Z] I (94049) RouteLoom: HIL PROBE tx peer=2 type=40 status=3 detail=ESP-NOW peer not found
[2026-09-26T11:37:09.951Z] I (94057) RouteLoom: HIL PROBE tx peer=2 type=40 status=3 detail=ESP-NOW peer not found
[2026-09-26T11:37:09.959Z] I (94065) RouteLoom: HIL PROBE tx peer=2 type=40 status=3 detail=ESP-NOW peer not found
[2026-09-26T11:37:09.967Z] I (94073) RouteLoom: HIL PROBE tx peer=2 type=40 status=3 detail=ESP-NOW peer not found
[2026-09-26T11:37:09.974Z] I (94080) RouteLoom: HIL PROBE tx peer=2 type=40 status=3 detail=ESP-NOW peer not found
[2026-09-26T11:37:09.982Z] I (94088) RouteLoom: HIL PROBE tx peer=2 type=40 status=3 detail=ESP-NOW peer not found
[2026-09-26T11:37:09.990Z] I (94096) RouteLoom: HIL PROBE tx peer=2 type=40 status=3 detail=ESP-NOW peer not found
[2026-09-26T11:37:09.998Z] I (94104) RouteLoom: HIL PROBE tx peer=2 type=40 status=3 detail=ESP-NOW peer not found
[2026-09-26T11:37:10.007Z] I (94111) RouteLoom: HIL PROBE tx peer=2 type=40 status=3 detail=ESP-NOW peer not found
[2026-09-26T11:37:10.013Z] I (94119) RouteLoom: HIL PROBE tx peer=2 type=40 status=3 detail=ESP-NOW peer not found
[2026-09-26T11:37:10.021Z] I (94127) RouteLoom: HIL PROBE tx peer=2 type=40 status=3 detail=ESP-NOW peer not found
[2026-09-26T11:37:10.029Z] I (94134) RouteLoom: HIL PROBE tx peer=2 type=40 status=3 detail=ESP-NOW peer not found
[2026-09-26T11:37:10.036Z] I (94142) RouteLoom: HIL PROBE tx peer=2 type=40 status=3 detail=ESP-NOW peer not found
[2026-09-26T11:37:10.044Z] I (94150) RouteLoom: HIL PROBE tx peer=2 type=40 status=3 detail=ESP-NOW peer not found
[2026-09-26T11:37:10.052Z] I (94158) RouteLoom: HIL PROBE tx peer=2 type=40 status=3 detail=ESP-NOW peer not found
[2026-09-26T11:37:10.059Z] I (94165) RouteLoom: HIL PROBE tx peer=2 type=40 status=3 detail=ESP-NOW peer not found
[2026-09-26T11:37:10.067Z] I (94173) RouteLoom: HIL PROBE tx peer=2 type=40 status=3 detail=ESP-NOW peer not found
[2026-09-26T11:37:10.075Z] I (94181) RouteLoom: HIL PROBE tx peer=2 type=40 status=3 detail=ESP-NOW peer not found
[2026-09-26T11:37:10.083Z] I (94190) RouteLoom: HIL PROBE tx peer=2 type=40 status=3 detail=ESP-NOW peer not found
[2026-09-26T11:37:10.091Z] I (94196) RouteLoom: HIL PROBE tx peer=2 type=40 status=3 detail=ESP-NOW peer not found
[2026-09-26T11:37:10.098Z] I (94204) RouteLoom: HIL PROBE tx peer=2 type=40 status=3 detail=ESP-NOW peer not found
[2026-09-26T11:37:10.106Z] I (94212) RouteLoom: HIL PROBE tx peer=2 type=40 status=3 detail=ESP-NOW peer not found
[2026-09-26T11:37:10.114Z] I (94219) RouteLoom: HIL PROBE tx peer=2 type=40 status=3 detail=ESP-NOW peer not found
[2026-09-26T11:37:10.121Z] I (94227) RouteLoom: HIL PROBE tx peer=2 type=40 status=3 detail=ESP-NOW peer not found
[2026-09-26T11:37:10.129Z] I (94235) RouteLoom: HIL PROBE tx peer=2 type=40 status=3 detail=ESP-NOW peer not found
[2026-09-26T11:37:10.137Z] I (94243) RouteLoom: HIL PROBE tx peer=2 type=40 status=3 detail=ESP-NOW peer not found
[2026-09-26T11:37:10.145Z] I (94250) RouteLoom: HIL PROBE tx peer=2 type=40 status=3 detail=ESP-NOW peer not found
[2026-09-26T11:37:10.152Z] I (94258) RouteLoom: HIL PROBE tx peer=2 type=40 status=3 detail=ESP-NOW peer not found
[2026-09-26T11:37:10.160Z] I (94266) RouteLoom: HIL PROBE tx peer=2 type=40 status=3 detail=ESP-NOW peer not found
[2026-09-26T11:37:10.168Z] I (94274) RouteLoom: HIL PROBE tx peer=2 type=40 status=3 detail=ESP-NOW peer not found
[2026-09-26T11:37:10.176Z] I (94281) RouteLoom: HIL PROBE tx peer=2 type=40 status=3 detail=ESP-NOW peer not found
[2026-09-26T11:37:10.183Z] I (94289) RouteLoom: HIL PROBE tx peer=2 type=40 status=3 detail=ESP-NOW peer not found
[2026-09-26T11:37:10.191Z] I (94297) RouteLoom: HIL PROBE tx peer=2 type=40 status=3 detail=ESP-NOW peer not found
[2026-09-26T11:37:10.204Z] I (94304) RouteLoom: HIL PROBE tx peer=2 type=40 status=3 detail=ESP-NOW peer not found
[2026-09-26T11:37:10.206Z] I (94312) RouteLoom: HIL PROBE tx peer=2 type=40 status=3 detail=ESP-NOW peer not found
[2026-09-26T11:37:10.214Z] I (94320) RouteLoom: HIL PROBE tx peer=2 type=40 status=3 detail=ESP-NOW peer not found
[2026-09-26T11:37:10.222Z] I (94328) RouteLoom: HIL PROBE tx peer=2 type=40 status=3 detail=ESP-NOW peer not found
[2026-09-26T11:37:10.229Z] I (94335) RouteLoom: HIL PROBE tx peer=2 type=40 status=3 detail=ESP-NOW peer not found
[2026-09-26T11:37:10.237Z] I (94343) RouteLoom: HIL PROBE tx peer=2 type=40 status=3 detail=ESP-NOW peer not found
[2026-09-26T11:37:10.245Z] I (94351) RouteLoom: HIL PROBE tx peer=2 type=40 status=3 detail=ESP-NOW peer not found
[2026-09-26T11:37:10.253Z] I (94358) RouteLoom: HIL PROBE tx peer=2 type=40 status=3 detail=ESP-NOW peer not found
[2026-09-26T11:37:10.260Z] I (94366) RouteLoom: HIL PROBE tx peer=2 type=40 status=3 detail=ESP-NOW peer not found
[2026-09-26T11:37:10.268Z] I (94374) RouteLoom: HIL PROBE tx peer=2 type=40 status=3 detail=ESP-NOW peer not found
[2026-09-26T11:37:10.276Z] I (94382) RouteLoom: HIL PROBE tx peer=2 type=40 status=3 detail=ESP-NOW peer not found
[2026-09-26T11:37:10.283Z] I (94389) RouteLoom: HIL PROBE tx peer=2 type=40 status=3 detail=ESP-NOW peer not found
[2026-09-26T11:37:10.291Z] I (94397) RouteLoom: HIL PROBE tx peer=2 type=40 status=3 detail=ESP-NOW peer not found
[2026-09-26T11:37:10.299Z] I (94405) RouteLoom: HIL PROBE tx peer=2 type=40 status=3 detail=ESP-NOW peer not found
[2026-09-26T11:37:10.307Z] I (94413) RouteLoom: HIL PROBE tx peer=2 type=40 status=3 detail=ESP-NOW peer not found
[2026-09-26T11:37:10.314Z] I (94420) RouteLoom: HIL PROBE tx peer=2 type=40 status=3 detail=ESP-NOW peer not found
[2026-09-26T11:37:10.322Z] I (94428) RouteLoom: HIL PROBE tx peer=2 type=40 status=3 detail=ESP-NOW peer not found
[2026-09-26T11:37:10.330Z] I (94436) RouteLoom: HIL PROBE tx peer=2 type=40 status=3 detail=ESP-NOW peer not found
[2026-09-26T11:37:10.337Z] I (94443) RouteLoom: HIL PROBE tx peer=2 type=40 status=3 detail=ESP-NOW peer not found
[2026-09-26T11:37:10.345Z] I (94451) RouteLoom: HIL PROBE tx peer=2 type=40 status=3 detail=ESP-NOW peer not found
[2026-09-26T11:37:10.353Z] I (94459) RouteLoom: HIL PROBE tx peer=2 type=40 status=3 detail=ESP-NOW peer not found
[2026-09-26T11:37:10.361Z] I (94467) RouteLoom: HIL PROBE tx peer=2 type=40 status=3 detail=ESP-NOW peer not found
[2026-09-26T11:37:10.368Z] I (94474) RouteLoom: HIL PROBE tx peer=2 type=40 status=3 detail=ESP-NOW peer not found
[2026-09-26T11:37:10.376Z] I (94482) RouteLoom: HIL PROBE tx peer=2 type=40 status=3 detail=ESP-NOW peer not found
[2026-09-26T11:37:10.384Z] I (94490) RouteLoom: HIL PROBE tx peer=2 type=40 status=3 detail=ESP-NOW peer not found
[2026-09-26T11:37:10.392Z] I (94498) RouteLoom: HIL PROBE tx peer=2 type=40 status=3 detail=ESP-NOW peer not found
[2026-09-26T11:37:10.399Z] I (94505) RouteLoom: HIL PROBE tx peer=2 type=40 status=3 detail=ESP-NOW peer not found
[2026-09-26T11:37:10.407Z] I (94513) RouteLoom: HIL PROBE tx peer=2 type=40 status=3 detail=ESP-NOW peer not found
[2026-09-26T11:37:10.415Z] I (94521) RouteLoom: HIL PROBE tx peer=2 type=40 status=3 detail=ESP-NOW peer not found
[2026-09-26T11:37:10.422Z] I (94528) RouteLoom: HIL PROBE tx peer=2 type=40 status=3 detail=ESP-NOW peer not found
[2026-09-26T11:37:10.430Z] I (94536) RouteLoom: HIL PROBE tx peer=2 type=40 status=3 detail=ESP-NOW peer not found
[2026-09-26T11:37:10.438Z] I (94544) RouteLoom: HIL PROBE tx peer=2 type=40 status=3 detail=ESP-NOW peer not found
[2026-09-26T11:37:10.446Z] I (94552) RouteLoom: HIL PROBE tx peer=2 type=40 status=3 detail=ESP-NOW peer not found
[2026-09-26T11:37:10.453Z] I (94559) RouteLoom: HIL PROBE tx peer=2 type=40 status=3 detail=ESP-NOW peer not found
[2026-09-26T11:37:10.461Z] I (94567) RouteLoom: HIL PROBE tx peer=2 type=40 status=3 detail=ESP-NOW peer not found
[2026-09-26T11:37:10.469Z] I (94575) RouteLoom: HIL PROBE tx peer=2 type=40 status=3 detail=ESP-NOW peer not found
[2026-09-26T11:37:10.477Z] I (94583) RouteLoom: HIL PROBE tx peer=2 type=40 status=3 detail=ESP-NOW peer not found
[2026-09-26T11:37:10.484Z] I (94590) RouteLoom: HIL PROBE tx peer=2 type=40 status=3 detail=ESP-NOW peer not found
[2026-09-26T11:37:10.492Z] I (94598) RouteLoom: HIL PROBE tx peer=2 type=40 status=3 detail=ESP-NOW peer not found
[2026-09-26T11:37:10.500Z] I (94606) RouteLoom: HIL PROBE tx peer=2 type=40 status=3 detail=ESP-NOW peer not found
[2026-09-26T11:37:10.507Z] I (94613) RouteLoom: HIL PROBE tx peer=2 type=40 status=3 detail=ESP-NOW peer not found
[2026-09-26T11:37:10.515Z] I (94621) RouteLoom: HIL PROBE tx peer=2 type=40 status=3 detail=ESP-NOW peer not found
[2026-09-26T11:37:10.524Z] I (94629) RouteLoom: HIL PROBE tx peer=2 type=40 status=3 detail=ESP-NOW peer not found
[2026-09-26T11:37:10.531Z] I (94637) RouteLoom: HIL PROBE tx peer=2 type=40 status=3 detail=ESP-NOW peer not found
[2026-09-26T11:37:10.538Z] I (94644) RouteLoom: HIL PROBE tx peer=2 type=40 status=3 detail=ESP-NOW peer not found
[2026-09-26T11:37:10.546Z] I (94652) RouteLoom: HIL PROBE tx peer=2 type=40 status=3 detail=ESP-NOW peer not found
[2026-09-26T11:37:10.554Z] I (94660) RouteLoom: HIL PROBE tx peer=2 type=40 status=3 detail=ESP-NOW peer not found
[2026-09-26T11:37:10.562Z] I (94667) RouteLoom: HIL PROBE tx peer=2 type=40 status=3 detail=ESP-NOW peer not found
[2026-09-26T11:37:10.569Z] I (94675) RouteLoom: HIL PROBE tx peer=2 type=40 status=3 detail=ESP-NOW peer not found
[2026-09-26T11:37:10.577Z] I (94683) RouteLoom: HIL PROBE tx peer=2 type=40 status=3 detail=ESP-NOW peer not found
[2026-09-26T11:37:10.585Z] I (94691) RouteLoom: HIL PROBE tx peer=2 type=40 status=3 detail=ESP-NOW peer not found
[2026-09-26T11:37:10.592Z] I (94698) RouteLoom: HIL PROBE tx peer=2 type=40 status=3 detail=ESP-NOW peer not found
[2026-09-26T11:37:10.600Z] I (94706) RouteLoom: HIL PROBE tx peer=2 type=40 status=3 detail=ESP-NOW peer not found
[2026-09-26T11:37:10.608Z] I (94714) RouteLoom: HIL PROBE tx peer=2 type=40 status=3 detail=ESP-NOW peer not found
[2026-09-26T11:37:10.616Z] I (94722) RouteLoom: HIL PROBE tx peer=2 type=40 status=3 detail=ESP-NOW peer not found
[2026-09-26T11:37:10.623Z] I (94729) RouteLoom: HIL PROBE tx peer=2 type=40 status=3 detail=ESP-NOW peer not found
[2026-09-26T11:37:10.631Z] I (94737) RouteLoom: HIL PROBE tx peer=2 type=40 status=3 detail=ESP-NOW peer not found
[2026-09-26T11:37:10.639Z] I (94745) RouteLoom: HIL PROBE tx peer=2 type=40 status=3 detail=ESP-NOW peer not found
[2026-09-26T11:37:10.646Z] I (94752) RouteLoom: HIL PROBE tx peer=2 type=40 status=3 detail=ESP-NOW peer not found
[2026-09-26T11:37:10.654Z] I (94760) RouteLoom: HIL PROBE tx peer=2 type=40 status=3 detail=ESP-NOW peer not found
[2026-09-26T11:37:10.662Z] I (94768) RouteLoom: HIL PROBE tx peer=2 type=40 status=3 detail=ESP-NOW peer not found
[2026-09-26T11:37:10.670Z] I (94776) RouteLoom: HIL PROBE tx peer=2 type=40 status=3 detail=ESP-NOW peer not found
[2026-09-26T11:37:10.677Z] I (94783) RouteLoom: HIL PROBE tx peer=2 type=40 status=3 detail=ESP-NOW peer not found
[2026-09-26T11:37:10.685Z] I (94791) RouteLoom: HIL PROBE tx peer=2 type=40 status=3 detail=ESP-NOW peer not found
[2026-09-26T11:37:10.693Z] I (94799) RouteLoom: HIL PROBE tx peer=2 type=40 status=3 detail=ESP-NOW peer not found
[2026-09-26T11:37:10.701Z] I (94807) RouteLoom: HIL PROBE tx peer=2 type=40 status=3 detail=ESP-NOW peer not found
[2026-09-26T11:37:10.709Z] I (94814) RouteLoom: HIL PROBE tx peer=2 type=40 status=3 detail=ESP-NOW peer not found
[2026-09-26T11:37:10.716Z] I (94822) RouteLoom: HIL PROBE tx peer=2 type=40 status=3 detail=ESP-NOW peer not found
[2026-09-26T11:37:10.724Z] I (94830) RouteLoom: HIL PROBE tx peer=2 type=40 status=3 detail=ESP-NOW peer not found
[2026-09-26T11:37:10.731Z] I (94837) RouteLoom: HIL PROBE tx peer=2 type=40 status=3 detail=ESP-NOW peer not found
[2026-09-26T11:37:10.739Z] I (94845) RouteLoom: HIL PROBE tx peer=2 type=40 status=3 detail=ESP-NOW peer not found
[2026-09-26T11:37:10.747Z] I (94853) RouteLoom: HIL PROBE tx peer=2 type=40 status=3 detail=ESP-NOW peer not found
[2026-09-26T11:37:10.755Z] I (94861) RouteLoom: HIL PROBE tx peer=2 type=40 status=3 detail=ESP-NOW peer not found
[2026-09-26T11:37:10.762Z] I (94868) RouteLoom: HIL PROBE tx peer=2 type=40 status=3 detail=ESP-NOW peer not found
[2026-09-26T11:37:10.770Z] I (94876) RouteLoom: HIL PROBE tx peer=2 type=40 status=3 detail=ESP-NOW peer not found
[2026-09-26T11:37:10.778Z] I (94884) RouteLoom: HIL PROBE tx peer=2 type=40 status=3 detail=ESP-NOW peer not found
[2026-09-26T11:37:10.786Z] I (94892) RouteLoom: HIL PROBE tx peer=2 type=40 status=3 detail=ESP-NOW peer not found
[2026-09-26T11:37:10.793Z] I (94899) RouteLoom: HIL PROBE tx peer=2 type=40 status=3 detail=ESP-NOW peer not found
[2026-09-26T11:37:10.801Z] I (94907) RouteLoom: HIL PROBE tx peer=2 type=40 status=3 detail=ESP-NOW peer not found
[2026-09-26T11:37:10.809Z] I (94915) RouteLoom: HIL PROBE tx peer=2 type=40 status=3 detail=ESP-NOW peer not found
[2026-09-26T11:37:10.816Z] I (94922) RouteLoom: HIL PROBE tx peer=2 type=40 status=3 detail=ESP-NOW peer not found
[2026-09-26T11:37:10.824Z] I (94930) RouteLoom: HIL PROBE tx peer=2 type=40 status=3 detail=ESP-NOW peer not found
[2026-09-26T11:37:10.832Z] I (94938) RouteLoom: HIL PROBE tx peer=2 type=40 status=3 detail=ESP-NOW peer not found
[2026-09-26T11:37:10.840Z] I (94946) RouteLoom: HIL PROBE tx peer=2 type=40 status=3 detail=ESP-NOW peer not found
[2026-09-26T11:37:10.847Z] I (94953) RouteLoom: HIL PROBE tx peer=2 type=40 status=3 detail=ESP-NOW peer not found
[2026-09-26T11:37:10.855Z] I (94961) RouteLoom: HIL PROBE tx peer=2 type=40 status=3 detail=ESP-NOW peer not found
[2026-09-26T11:37:10.863Z] I (94969) RouteLoom: HIL PROBE tx peer=2 type=40 status=3 detail=ESP-NOW peer not found
[2026-09-26T11:37:10.871Z] I (94976) RouteLoom: HIL PROBE tx peer=2 type=40 status=3 detail=ESP-NOW peer not found
[2026-09-26T11:37:10.878Z] I (94984) RouteLoom: HIL PROBE tx peer=2 type=40 status=3 detail=ESP-NOW peer not found
[2026-09-26T11:37:10.886Z] I (94992) RouteLoom: HIL PROBE tx peer=2 type=40 status=3 detail=ESP-NOW peer not found
[2026-09-26T11:37:10.894Z] I (95000) RouteLoom: HIL PROBE tx peer=2 type=40 status=3 detail=ESP-NOW peer not found
[2026-09-26T11:37:10.901Z] I (95007) RouteLoom: HIL PROBE tx peer=2 type=40 status=3 detail=ESP-NOW peer not found
[2026-09-26T11:37:10.909Z] I (95015) RouteLoom: HIL PROBE tx peer=2 type=40 status=3 detail=ESP-NOW peer not found
[2026-09-26T11:37:10.917Z] I (95023) RouteLoom: HIL PROBE tx peer=2 type=40 status=3 detail=ESP-NOW peer not found
[2026-09-26T11:37:10.925Z] I (95031) RouteLoom: HIL PROBE tx peer=2 type=40 status=3 detail=ESP-NOW peer not found
[2026-09-26T11:37:10.932Z] I (95038) RouteLoom: HIL PROBE tx peer=2 type=40 status=3 detail=ESP-NOW peer not found
[2026-09-26T11:37:10.940Z] I (95046) RouteLoom: HIL PROBE tx peer=2 type=40 status=3 detail=ESP-NOW peer not found
[2026-09-26T11:37:10.948Z] I (95054) RouteLoom: HIL PROBE tx peer=2 type=40 status=3 detail=ESP-NOW peer not found
[2026-09-26T11:37:10.956Z] I (95061) RouteLoom: HIL PROBE tx peer=2 type=40 status=3 detail=ESP-NOW peer not found
[2026-09-26T11:37:10.963Z] I (95069) RouteLoom: HIL PROBE tx peer=2 type=40 status=3 detail=ESP-NOW peer not found
[2026-09-26T11:37:10.971Z] I (95077) RouteLoom: HIL PROBE tx peer=2 type=40 status=3 detail=ESP-NOW peer not found
[2026-09-26T11:37:10.979Z] I (95085) RouteLoom: HIL PROBE tx peer=2 type=40 status=3 detail=ESP-NOW peer not found
[2026-09-26T11:37:10.987Z] I (95092) RouteLoom: HIL PROBE tx peer=2 type=40 status=3 detail=ESP-NOW peer not found
[2026-09-26T11:37:10.994Z] I (95100) RouteLoom: HIL PROBE tx peer=2 type=40 status=3 detail=ESP-NOW peer not found
[2026-09-26T11:37:11.002Z] I (95108) RouteLoom: HIL PROBE tx peer=2 type=40 status=3 detail=ESP-NOW peer not found
[2026-09-26T11:37:11.010Z] I (95116) RouteLoom: HIL PROBE tx peer=2 type=40 status=3 detail=ESP-NOW peer not found
[2026-09-26T11:37:11.017Z] I (95123) RouteLoom: HIL PROBE tx peer=2 type=40 status=3 detail=ESP-NOW peer not found
[2026-09-26T11:37:11.025Z] I (95131) RouteLoom: HIL PROBE tx peer=2 type=40 status=3 detail=ESP-NOW peer not found
[2026-09-26T11:37:11.033Z] I (95139) RouteLoom: HIL PROBE tx peer=2 type=40 status=3 detail=ESP-NOW peer not found
[2026-09-26T11:37:11.041Z] I (95146) RouteLoom: HIL PROBE tx peer=2 type=40 status=3 detail=ESP-NOW peer not found
[2026-09-26T11:37:11.048Z] I (95154) RouteLoom: HIL PROBE tx peer=2 type=40 status=3 detail=ESP-NOW peer not found
[2026-09-26T11:37:11.056Z] I (95162) RouteLoom: HIL PROBE tx peer=2 type=40 status=3 detail=ESP-NOW peer not found
[2026-09-26T11:37:11.064Z] I (95170) RouteLoom: HIL PROBE tx peer=2 type=40 status=3 detail=ESP-NOW peer not found
[2026-09-26T11:37:11.071Z] I (95177) RouteLoom: HIL PROBE tx peer=2 type=40 status=3 detail=ESP-NOW peer not found
[2026-09-26T11:37:11.079Z] I (95185) RouteLoom: HIL PROBE tx peer=2 type=40 status=3 detail=ESP-NOW peer not found
[2026-09-26T11:37:11.087Z] I (95193) RouteLoom: HIL PROBE tx peer=2 type=40 status=3 detail=ESP-NOW peer not found
[2026-09-26T11:37:11.095Z] I (95200) RouteLoom: HIL PROBE tx peer=2 type=40 status=3 detail=ESP-NOW peer not found
[2026-09-26T11:37:11.102Z] I (95208) RouteLoom: HIL PROBE tx peer=2 type=40 status=3 detail=ESP-NOW peer not found
[2026-09-26T11:37:11.110Z] I (95216) RouteLoom: HIL PROBE tx peer=2 type=40 status=3 detail=ESP-NOW peer not found
[2026-09-26T11:37:11.118Z] I (95224) RouteLoom: HIL PROBE tx peer=2 type=40 status=3 detail=ESP-NOW peer not found
[2026-09-26T11:37:11.125Z] I (95231) RouteLoom: HIL PROBE tx peer=2 type=40 status=3 detail=ESP-NOW peer not found
[2026-09-26T11:37:11.133Z] I (95239) RouteLoom: HIL PROBE tx peer=2 type=40 status=3 detail=ESP-NOW peer not found
[2026-09-26T11:37:11.141Z] I (95247) RouteLoom: HIL PROBE tx peer=2 type=40 status=3 detail=ESP-NOW peer not found
[2026-09-26T11:37:11.150Z] I (95255) RouteLoom: HIL PROBE tx peer=2 type=40 status=3 detail=ESP-NOW peer not found
[2026-09-26T11:37:11.156Z] I (95262) RouteLoom: HIL PROBE tx peer=2 type=40 status=3 detail=ESP-NOW peer not found
[2026-09-26T11:37:11.164Z] I (95270) RouteLoom: HIL PROBE tx peer=2 type=40 status=3 detail=ESP-NOW peer not found
[2026-09-26T11:37:11.172Z] I (95278) RouteLoom: HIL PROBE tx peer=2 type=40 status=3 detail=ESP-NOW peer not found
[2026-09-26T11:37:11.180Z] I (95285) RouteLoom: HIL PROBE tx peer=2 type=40 status=3 detail=ESP-NOW peer not found
[2026-09-26T11:37:11.187Z] I (95293) RouteLoom: HIL PROBE tx peer=2 type=40 status=3 detail=ESP-NOW peer not found
[2026-09-26T11:37:11.195Z] I (95301) RouteLoom: HIL PROBE tx peer=2 type=40 status=3 detail=ESP-NOW peer not found
[2026-09-26T11:37:11.203Z] I (95309) RouteLoom: HIL PROBE tx peer=2 type=40 status=3 detail=ESP-NOW peer not found
[2026-09-26T11:37:11.210Z] I (95316) RouteLoom: HIL PROBE tx peer=2 type=40 status=3 detail=ESP-NOW peer not found
[2026-09-26T11:37:11.218Z] I (95324) RouteLoom: HIL PROBE tx peer=2 type=40 status=3 detail=ESP-NOW peer not found
[2026-09-26T11:37:11.226Z] I (95332) RouteLoom: HIL PROBE tx peer=2 type=40 status=3 detail=ESP-NOW peer not found
[2026-09-26T11:37:11.234Z] I (95340) RouteLoom: HIL PROBE tx peer=2 type=40 status=3 detail=ESP-NOW peer not found
[2026-09-26T11:37:11.241Z] I (95347) RouteLoom: HIL PROBE tx peer=2 type=40 status=3 detail=ESP-NOW peer not found
[2026-09-26T11:37:11.249Z] I (95355) RouteLoom: HIL PROBE tx peer=2 type=40 status=3 detail=ESP-NOW peer not found
[2026-09-26T11:37:11.257Z] I (95363) RouteLoom: HIL PROBE tx peer=2 type=40 status=3 detail=ESP-NOW peer not found
[2026-09-26T11:37:11.265Z] I (95370) RouteLoom: HIL PROBE tx peer=2 type=40 status=3 detail=ESP-NOW peer not found
[2026-09-26T11:37:11.272Z] I (95378) RouteLoom: HIL PROBE tx peer=2 type=40 status=3 detail=ESP-NOW peer not found
[2026-09-26T11:37:11.280Z] I (95386) RouteLoom: HIL PROBE tx peer=2 type=40 status=3 detail=ESP-NOW peer not found
[2026-09-26T11:37:11.288Z] I (95394) RouteLoom: HIL PROBE tx peer=2 type=40 status=3 detail=ESP-NOW peer not found
[2026-09-26T11:37:11.296Z] I (95401) RouteLoom: HIL PROBE tx peer=2 type=40 status=3 detail=ESP-NOW peer not found
[2026-09-26T11:37:11.303Z] I (95409) RouteLoom: HIL PROBE tx peer=2 type=40 status=3 detail=ESP-NOW peer not found
[2026-09-26T11:37:11.311Z] I (95417) RouteLoom: HIL PROBE tx peer=2 type=40 status=3 detail=ESP-NOW peer not found
[2026-09-26T11:37:11.319Z] I (95425) RouteLoom: HIL PROBE tx peer=2 type=40 status=3 detail=ESP-NOW peer not found
[2026-09-26T11:37:11.327Z] I (95432) RouteLoom: HIL PROBE tx peer=2 type=40 status=3 detail=ESP-NOW peer not found
[2026-09-26T11:37:11.335Z] I (95440) RouteLoom: HIL PROBE tx peer=2 type=40 status=3 detail=ESP-NOW peer not found
[2026-09-26T11:37:11.342Z] I (95448) RouteLoom: HIL PROBE tx peer=2 type=40 status=3 detail=ESP-NOW peer not found
[2026-09-26T11:37:11.350Z] I (95455) RouteLoom: HIL PROBE tx peer=2 type=40 status=3 detail=ESP-NOW peer not found
[2026-09-26T11:37:11.357Z] I (95463) RouteLoom: HIL PROBE tx peer=2 type=40 status=3 detail=ESP-NOW peer not found
[2026-09-26T11:37:11.365Z] I (95471) RouteLoom: HIL PROBE tx peer=2 type=40 status=3 detail=ESP-NOW peer not found
[2026-09-26T11:37:11.373Z] I (95479) RouteLoom: HIL PROBE tx peer=2 type=40 status=3 detail=ESP-NOW peer not found
[2026-09-26T11:37:11.380Z] I (95486) RouteLoom: HIL PROBE tx peer=2 type=40 status=3 detail=ESP-NOW peer not found
[2026-09-26T11:37:11.388Z] I (95494) RouteLoom: HIL PROBE tx peer=2 type=40 status=3 detail=ESP-NOW peer not found
[2026-09-26T11:37:11.396Z] I (95502) RouteLoom: HIL PROBE tx peer=2 type=40 status=3 detail=ESP-NOW peer not found
[2026-09-26T11:37:11.404Z] I (95509) RouteLoom: HIL PROBE tx peer=2 type=40 status=3 detail=ESP-NOW peer not found
[2026-09-26T11:37:11.411Z] I (95517) RouteLoom: HIL PROBE tx peer=2 type=40 status=3 detail=ESP-NOW peer not found
[2026-09-26T11:37:11.419Z] I (95525) RouteLoom: HIL PROBE tx peer=2 type=40 status=3 detail=ESP-NOW peer not found
[2026-09-26T11:37:11.427Z] I (95533) RouteLoom: HIL PROBE tx peer=2 type=40 status=3 detail=ESP-NOW peer not found
[2026-09-26T11:37:11.434Z] I (95540) RouteLoom: HIL PROBE tx peer=2 type=40 status=3 detail=ESP-NOW peer not found
[2026-09-26T11:37:11.442Z] I (95548) RouteLoom: HIL PROBE tx peer=2 type=40 status=3 detail=ESP-NOW peer not found
[2026-09-26T11:37:11.450Z] I (95556) RouteLoom: HIL PROBE tx peer=2 type=40 status=3 detail=ESP-NOW peer not found
[2026-09-26T11:37:11.458Z] I (95564) RouteLoom: HIL PROBE tx peer=2 type=40 status=3 detail=ESP-NOW peer not found
[2026-09-26T11:37:11.465Z] I (95571) RouteLoom: HIL PROBE tx peer=2 type=40 status=3 detail=ESP-NOW peer not found
[2026-09-26T11:37:11.473Z] I (95579) RouteLoom: HIL PROBE tx peer=2 type=40 status=3 detail=ESP-NOW peer not found
[2026-09-26T11:37:11.481Z] I (95587) RouteLoom: HIL PROBE tx peer=2 type=40 status=3 detail=ESP-NOW peer not found
[2026-09-26T11:37:11.489Z] I (95594) RouteLoom: HIL PROBE tx peer=2 type=40 status=3 detail=ESP-NOW peer not found
[2026-09-26T11:37:11.496Z] I (95602) RouteLoom: HIL PROBE tx peer=2 type=40 status=3 detail=ESP-NOW peer not found
[2026-09-26T11:37:11.504Z] I (95610) RouteLoom: HIL PROBE tx peer=2 type=40 status=3 detail=ESP-NOW peer not found
[2026-09-26T11:37:11.512Z] I (95618) RouteLoom: HIL PROBE tx peer=2 type=40 status=3 detail=ESP-NOW peer not found
[2026-09-26T11:37:11.519Z] I (95625) RouteLoom: HIL PROBE tx peer=2 type=40 status=3 detail=ESP-NOW peer not found
[2026-09-26T11:37:11.527Z] I (95633) RouteLoom: HIL PROBE tx peer=2 type=40 status=3 detail=ESP-NOW peer not found
[2026-09-26T11:37:11.535Z] I (95641) RouteLoom: HIL PROBE tx peer=2 type=40 status=3 detail=ESP-NOW peer not found
[2026-09-26T11:37:11.543Z] I (95649) RouteLoom: HIL PROBE tx peer=2 type=40 status=3 detail=ESP-NOW peer not found
[2026-09-26T11:37:11.550Z] I (95656) RouteLoom: HIL PROBE tx peer=2 type=40 status=3 detail=ESP-NOW peer not found
[2026-09-26T11:37:11.558Z] I (95664) RouteLoom: HIL PROBE tx peer=2 type=40 status=3 detail=ESP-NOW peer not found
[2026-09-26T11:37:11.566Z] I (95672) RouteLoom: HIL PROBE tx peer=2 type=40 status=3 detail=ESP-NOW peer not found
[2026-09-26T11:37:11.573Z] I (95679) RouteLoom: HIL PROBE tx peer=2 type=40 status=3 detail=ESP-NOW peer not found
[2026-09-26T11:37:11.581Z] I (95687) RouteLoom: HIL PROBE tx peer=2 type=40 status=3 detail=ESP-NOW peer not found
[2026-09-26T11:37:11.589Z] I (95695) RouteLoom: HIL PROBE tx peer=2 type=40 status=3 detail=ESP-NOW peer not found
[2026-09-26T11:37:11.597Z] I (95703) RouteLoom: HIL PROBE tx peer=2 type=40 status=3 detail=ESP-NOW peer not found
[2026-09-26T11:37:11.604Z] I (95710) RouteLoom: HIL PROBE tx peer=2 type=40 status=3 detail=ESP-NOW peer not found
[2026-09-26T11:37:11.612Z] I (95718) RouteLoom: HIL PROBE tx peer=2 type=40 status=3 detail=ESP-NOW peer not found
[2026-09-26T11:37:11.620Z] I (95726) RouteLoom: HIL PROBE tx peer=2 type=40 status=3 detail=ESP-NOW peer not found
[2026-09-26T11:37:11.628Z] I (95734) RouteLoom: HIL PROBE tx peer=2 type=40 status=3 detail=ESP-NOW peer not found
[2026-09-26T11:37:11.635Z] I (95741) RouteLoom: HIL PROBE tx peer=2 type=40 status=3 detail=ESP-NOW peer not found
[2026-09-26T11:37:11.643Z] I (95749) RouteLoom: HIL PROBE tx peer=2 type=40 status=3 detail=ESP-NOW peer not found
[2026-09-26T11:37:11.653Z] I (95757) RouteLoom: HIL PROBE tx peer=2 type=40 status=3 detail=ESP-NOW peer not found
[2026-09-26T11:37:11.659Z] I (95764) RouteLoom: HIL PROBE tx peer=2 type=40 status=3 detail=ESP-NOW peer not found
[2026-09-26T11:37:11.666Z] I (95772) RouteLoom: HIL PROBE tx peer=2 type=40 status=3 detail=ESP-NOW peer not found
[2026-09-26T11:37:11.674Z] I (95780) RouteLoom: HIL PROBE tx peer=2 type=40 status=3 detail=ESP-NOW peer not found
[2026-09-26T11:37:11.682Z] I (95788) RouteLoom: HIL PROBE tx peer=2 type=40 status=3 detail=ESP-NOW peer not found
[2026-09-26T11:37:11.689Z] I (95795) RouteLoom: HIL PROBE tx peer=2 type=40 status=3 detail=ESP-NOW peer not found
[2026-09-26T11:37:11.697Z] I (95803) RouteLoom: HIL PROBE tx peer=2 type=40 status=3 detail=ESP-NOW peer not found
[2026-09-26T11:37:11.705Z] I (95811) RouteLoom: HIL PROBE tx peer=2 type=40 status=3 detail=ESP-NOW peer not found
[2026-09-26T11:37:11.713Z] I (95818) RouteLoom: HIL PROBE tx peer=2 type=40 status=3 detail=ESP-NOW peer not found
[2026-09-26T11:37:11.720Z] I (95826) RouteLoom: HIL PROBE tx peer=2 type=40 status=3 detail=ESP-NOW peer not found
[2026-09-26T11:37:11.728Z] I (95834) RouteLoom: HIL PROBE tx peer=2 type=40 status=3 detail=ESP-NOW peer not found
[2026-09-26T11:37:11.736Z] I (95842) RouteLoom: HIL PROBE tx peer=2 type=40 status=3 detail=ESP-NOW peer not found
[2026-09-26T11:37:11.744Z] I (95849) RouteLoom: HIL PROBE tx peer=2 type=40 status=3 detail=ESP-NOW peer not found
[2026-09-26T11:37:11.751Z] I (95857) RouteLoom: HIL PROBE tx peer=2 type=40 status=3 detail=ESP-NOW peer not found
[2026-09-26T11:37:11.759Z] I (95865) RouteLoom: HIL PROBE tx peer=2 type=40 status=3 detail=ESP-NOW peer not found
[2026-09-26T11:37:11.767Z] I (95873) RouteLoom: HIL PROBE tx peer=2 type=40 status=3 detail=ESP-NOW peer not found
[2026-09-26T11:37:11.776Z] I (95880) RouteLoom: HIL PROBE tx peer=2 type=40 status=3 detail=ESP-NOW peer not found
[2026-09-26T11:37:11.782Z] I (95888) RouteLoom: HIL PROBE tx peer=2 type=40 status=3 detail=ESP-NOW peer not found
[2026-09-26T11:37:11.790Z] I (95896) RouteLoom: HIL PROBE tx peer=2 type=40 status=3 detail=ESP-NOW peer not found
[2026-09-26T11:37:11.798Z] I (95903) RouteLoom: HIL PROBE tx peer=2 type=40 status=3 detail=ESP-NOW peer not found
[2026-09-26T11:37:11.805Z] I (95911) RouteLoom: HIL PROBE tx peer=2 type=40 status=3 detail=ESP-NOW peer not found
[2026-09-26T11:37:11.813Z] I (95919) RouteLoom: HIL PROBE tx peer=2 type=40 status=3 detail=ESP-NOW peer not found
[2026-09-26T11:37:11.821Z] I (95927) RouteLoom: HIL PROBE tx peer=2 type=40 status=3 detail=ESP-NOW peer not found
[2026-09-26T11:37:11.829Z] I (95934) RouteLoom: HIL PROBE tx peer=2 type=40 status=3 detail=ESP-NOW peer not found
[2026-09-26T11:37:11.836Z] I (95942) RouteLoom: HIL PROBE tx peer=2 type=40 status=3 detail=ESP-NOW peer not found
[2026-09-26T11:37:11.844Z] I (95950) RouteLoom: HIL PROBE tx peer=2 type=40 status=3 detail=ESP-NOW peer not found
[2026-09-26T11:37:11.852Z] I (95958) RouteLoom: HIL PROBE tx peer=2 type=40 status=3 detail=ESP-NOW peer not found
[2026-09-26T11:37:11.859Z] I (95965) RouteLoom: HIL PROBE tx peer=2 type=40 status=3 detail=ESP-NOW peer not found
[2026-09-26T11:37:11.867Z] I (95973) RouteLoom: HIL PROBE tx peer=2 type=40 status=3 detail=ESP-NOW peer not found
[2026-09-26T11:37:11.875Z] I (95981) RouteLoom: HIL PROBE tx peer=2 type=40 status=3 detail=ESP-NOW peer not found
[2026-09-26T11:37:11.883Z] I (95988) RouteLoom: HIL PROBE tx peer=2 type=40 status=3 detail=ESP-NOW peer not found
[2026-09-26T11:37:11.890Z] I (95996) RouteLoom: HIL PROBE tx peer=2 type=40 status=3 detail=ESP-NOW peer not found
[2026-09-26T11:37:11.898Z] I (96004) RouteLoom: HIL PROBE tx peer=2 type=40 status=3 detail=ESP-NOW peer not found
[2026-09-26T11:37:11.906Z] I (96012) RouteLoom: HIL PROBE tx peer=2 type=40 status=3 detail=ESP-NOW peer not found
[2026-09-26T11:37:11.914Z] I (96019) RouteLoom: HIL PROBE tx peer=2 type=40 status=3 detail=ESP-NOW peer not found
[2026-09-26T11:37:11.921Z] I (96027) RouteLoom: HIL PROBE tx peer=2 type=40 status=3 detail=ESP-NOW peer not found
[2026-09-26T11:37:11.929Z] I (96035) RouteLoom: HIL PROBE tx peer=2 type=40 status=3 detail=ESP-NOW peer not found
[2026-09-26T11:37:11.937Z] I (96043) RouteLoom: HIL PROBE tx peer=2 type=40 status=3 detail=ESP-NOW peer not found
[2026-09-26T11:37:11.944Z] I (96050) RouteLoom: HIL PROBE tx peer=2 type=40 status=3 detail=ESP-NOW peer not found
[2026-09-26T11:37:11.952Z] I (96058) RouteLoom: HIL PROBE tx peer=2 type=40 status=3 detail=ESP-NOW peer not found
[2026-09-26T11:37:11.960Z] I (96066) RouteLoom: HIL PROBE tx peer=2 type=40 status=3 detail=ESP-NOW peer not found
[2026-09-26T11:37:11.968Z] I (96073) RouteLoom: HIL PROBE tx peer=2 type=40 status=3 detail=ESP-NOW peer not found
[2026-09-26T11:37:11.975Z] I (96081) RouteLoom: HIL PROBE tx peer=2 type=40 status=3 detail=ESP-NOW peer not found
[2026-09-26T11:37:11.983Z] I (96089) RouteLoom: HIL PROBE tx peer=2 type=40 status=3 detail=ESP-NOW peer not found
[2026-09-26T11:37:11.991Z] I (96097) RouteLoom: HIL PROBE tx peer=2 type=40 status=3 detail=ESP-NOW peer not found
[2026-09-26T11:37:11.998Z] I (96104) RouteLoom: HIL PROBE tx peer=2 type=40 status=3 detail=ESP-NOW peer not found
[2026-09-26T11:37:12.006Z] I (96112) RouteLoom: HIL PROBE tx peer=2 type=40 status=3 detail=ESP-NOW peer not found
[2026-09-26T11:37:12.014Z] I (96120) RouteLoom: HIL PROBE tx peer=2 type=40 status=3 detail=ESP-NOW peer not found
[2026-09-26T11:37:12.022Z] I (96127) RouteLoom: HIL PROBE tx peer=2 type=40 status=3 detail=ESP-NOW peer not found
[2026-09-26T11:37:12.029Z] I (96135) RouteLoom: HIL PROBE tx peer=2 type=40 status=3 detail=ESP-NOW peer not found
[2026-09-26T11:37:12.037Z] I (96143) RouteLoom: HIL PROBE tx peer=2 type=40 status=3 detail=ESP-NOW peer not found
[2026-09-26T11:37:12.045Z] I (96151) RouteLoom: HIL PROBE tx peer=2 type=40 status=3 detail=ESP-NOW peer not found
[2026-09-26T11:37:12.052Z] I (96158) RouteLoom: HIL PROBE tx peer=2 type=40 status=3 detail=ESP-NOW peer not found
[2026-09-26T11:37:12.060Z] I (96166) RouteLoom: HIL PROBE tx peer=2 type=40 status=3 detail=ESP-NOW peer not found
[2026-09-26T11:37:12.068Z] I (96174) RouteLoom: HIL PROBE tx peer=2 type=40 status=3 detail=ESP-NOW peer not found
[2026-09-26T11:37:12.076Z] I (96182) RouteLoom: HIL PROBE tx peer=2 type=40 status=3 detail=ESP-NOW peer not found
[2026-09-26T11:37:12.083Z] I (96189) RouteLoom: HIL PROBE tx peer=2 type=40 status=3 detail=ESP-NOW peer not found
[2026-09-26T11:37:12.091Z] I (96197) RouteLoom: HIL PROBE tx peer=2 type=40 status=3 detail=ESP-NOW peer not found
[2026-09-26T11:37:12.099Z] I (96205) RouteLoom: HIL PROBE tx peer=2 type=40 status=3 detail=ESP-NOW peer not found
[2026-09-26T11:37:12.106Z] I (96212) RouteLoom: HIL PROBE tx peer=2 type=40 status=3 detail=ESP-NOW peer not found
[2026-09-26T11:37:12.114Z] I (96220) RouteLoom: HIL PROBE tx peer=2 type=40 status=3 detail=ESP-NOW peer not found
[2026-09-26T11:37:12.122Z] I (96228) RouteLoom: HIL PROBE tx peer=2 type=40 status=3 detail=ESP-NOW peer not found
[2026-09-26T11:37:12.130Z] I (96236) RouteLoom: HIL PROBE tx peer=2 type=40 status=3 detail=ESP-NOW peer not found
[2026-09-26T11:37:12.137Z] I (96243) RouteLoom: HIL PROBE tx peer=2 type=40 status=3 detail=ESP-NOW peer not found
[2026-09-26T11:37:12.145Z] I (96251) RouteLoom: HIL PROBE tx peer=2 type=40 status=3 detail=ESP-NOW peer not found
[2026-09-26T11:37:12.153Z] I (96259) RouteLoom: HIL PROBE tx peer=2 type=40 status=3 detail=ESP-NOW peer not found
[2026-09-26T11:37:12.161Z] I (96267) RouteLoom: HIL PROBE tx peer=2 type=40 status=3 detail=ESP-NOW peer not found
[2026-09-26T11:37:12.168Z] I (96274) RouteLoom: HIL PROBE tx peer=2 type=40 status=3 detail=ESP-NOW peer not found
[2026-09-26T11:37:12.176Z] I (96282) RouteLoom: HIL PROBE tx peer=2 type=40 status=3 detail=ESP-NOW peer not found
[2026-09-26T11:37:12.184Z] I (96290) RouteLoom: HIL PROBE tx peer=2 type=40 status=3 detail=ESP-NOW peer not found
[2026-09-26T11:37:12.192Z] I (96297) RouteLoom: HIL PROBE tx peer=2 type=40 status=3 detail=ESP-NOW peer not found
[2026-09-26T11:37:12.199Z] I (96305) RouteLoom: HIL PROBE tx peer=2 type=40 status=3 detail=ESP-NOW peer not found
[2026-09-26T11:37:12.207Z] I (96313) RouteLoom: HIL PROBE tx peer=2 type=40 status=3 detail=ESP-NOW peer not found
[2026-09-26T11:37:12.215Z] I (96321) RouteLoom: HIL PROBE tx peer=2 type=40 status=3 detail=ESP-NOW peer not found
[2026-09-26T11:37:12.222Z] I (96328) RouteLoom: HIL PROBE tx peer=2 type=40 status=3 detail=ESP-NOW peer not found
[2026-09-26T11:37:12.230Z] I (96336) RouteLoom: HIL PROBE tx peer=2 type=40 status=3 detail=ESP-NOW peer not found
[2026-09-26T11:37:12.238Z] I (96344) RouteLoom: HIL PROBE tx peer=2 type=40 status=3 detail=ESP-NOW peer not found
[2026-09-26T11:37:12.246Z] I (96352) RouteLoom: HIL PROBE tx peer=2 type=40 status=3 detail=ESP-NOW peer not found
[2026-09-26T11:37:12.253Z] I (96359) RouteLoom: HIL PROBE tx peer=2 type=40 status=3 detail=ESP-NOW peer not found
[2026-09-26T11:37:12.261Z] I (96367) RouteLoom: HIL PROBE tx peer=2 type=40 status=3 detail=ESP-NOW peer not found
[2026-09-26T11:37:12.269Z] I (96375) RouteLoom: HIL PROBE tx peer=2 type=40 status=3 detail=ESP-NOW peer not found
[2026-09-26T11:37:12.276Z] I (96382) RouteLoom: HIL PROBE tx peer=2 type=40 status=3 detail=ESP-NOW peer not found
[2026-09-26T11:37:12.284Z] I (96390) RouteLoom: HIL PROBE tx peer=2 type=40 status=3 detail=ESP-NOW peer not found
[2026-09-26T11:37:12.292Z] I (96398) RouteLoom: HIL PROBE tx peer=2 type=40 status=3 detail=ESP-NOW peer not found
[2026-09-26T11:37:12.300Z] I (96406) RouteLoom: HIL PROBE tx peer=2 type=40 status=3 detail=ESP-NOW peer not found
[2026-09-26T11:37:12.307Z] I (96413) RouteLoom: HIL PROBE tx peer=2 type=40 status=3 detail=ESP-NOW peer not found
[2026-09-26T11:37:12.315Z] I (96421) RouteLoom: HIL PROBE tx peer=2 type=40 status=3 detail=ESP-NOW peer not found
[2026-09-26T11:37:12.323Z] I (96429) RouteLoom: HIL PROBE tx peer=2 type=40 status=3 detail=ESP-NOW peer not found
[2026-09-26T11:37:12.330Z] I (96436) RouteLoom: HIL PROBE tx peer=2 type=40 status=3 detail=ESP-NOW peer not found
[2026-09-26T11:37:12.338Z] I (96444) RouteLoom: HIL PROBE tx peer=2 type=40 status=3 detail=ESP-NOW peer not found
[2026-09-26T11:37:12.346Z] I (96452) RouteLoom: HIL PROBE tx peer=2 type=40 status=3 detail=ESP-NOW peer not found
[2026-09-26T11:37:12.354Z] I (96460) RouteLoom: HIL PROBE tx peer=2 type=40 status=3 detail=ESP-NOW peer not found
[2026-09-26T11:37:12.361Z] I (96467) RouteLoom: HIL PROBE tx peer=2 type=40 status=3 detail=ESP-NOW peer not found
[2026-09-26T11:37:12.369Z] I (96475) RouteLoom: HIL PROBE tx peer=2 type=40 status=3 detail=ESP-NOW peer not found
[2026-09-26T11:37:12.377Z] I (96483) RouteLoom: HIL PROBE tx peer=2 type=40 status=3 detail=ESP-NOW peer not found
[2026-09-26T11:37:12.385Z] I (96491) RouteLoom: HIL PROBE tx peer=2 type=40 status=3 detail=ESP-NOW peer not found
[2026-09-26T11:37:12.392Z] I (96498) RouteLoom: HIL PROBE tx peer=2 type=40 status=3 detail=ESP-NOW peer not found
[2026-09-26T11:37:12.400Z] I (96506) RouteLoom: HIL PROBE tx peer=2 type=40 status=3 detail=ESP-NOW peer not found
[2026-09-26T11:37:12.408Z] I (96514) RouteLoom: HIL PROBE tx peer=2 type=40 status=3 detail=ESP-NOW peer not found
[2026-09-26T11:37:12.415Z] I (96521) RouteLoom: HIL PROBE tx peer=2 type=40 status=3 detail=ESP-NOW peer not found
[2026-09-26T11:37:12.423Z] I (96529) RouteLoom: HIL PROBE tx peer=2 type=40 status=3 detail=ESP-NOW peer not found
[2026-09-26T11:37:12.431Z] I (96537) RouteLoom: HIL PROBE tx peer=2 type=40 status=3 detail=ESP-NOW peer not found
[2026-09-26T11:37:12.439Z] I (96545) RouteLoom: HIL PROBE tx peer=2 type=40 status=3 detail=ESP-NOW peer not found
[2026-09-26T11:37:12.446Z] I (96552) RouteLoom: HIL PROBE tx peer=2 type=40 status=3 detail=ESP-NOW peer not found
[2026-09-26T11:37:12.454Z] I (96560) RouteLoom: HIL PROBE tx peer=2 type=40 status=3 detail=ESP-NOW peer not found
[2026-09-26T11:37:12.462Z] I (96568) RouteLoom: HIL PROBE tx peer=2 type=40 status=3 detail=ESP-NOW peer not found
[2026-09-26T11:37:12.470Z] I (96576) RouteLoom: HIL PROBE tx peer=2 type=40 status=3 detail=ESP-NOW peer not found
[2026-09-26T11:37:12.477Z] I (96583) RouteLoom: HIL PROBE tx peer=2 type=40 status=3 detail=ESP-NOW peer not found
[2026-09-26T11:37:12.485Z] I (96591) RouteLoom: HIL PROBE tx peer=2 type=40 status=3 detail=ESP-NOW peer not found
[2026-09-26T11:37:12.493Z] I (96599) RouteLoom: HIL PROBE tx peer=2 type=40 status=3 detail=ESP-NOW peer not found
[2026-09-26T11:37:12.501Z] I (96606) RouteLoom: HIL PROBE tx peer=2 type=40 status=3 detail=ESP-NOW peer not found
[2026-09-26T11:37:12.508Z] I (96614) RouteLoom: HIL PROBE tx peer=2 type=40 status=3 detail=ESP-NOW peer not found
[2026-09-26T11:37:12.516Z] I (96622) RouteLoom: HIL PROBE tx peer=2 type=40 status=3 detail=ESP-NOW peer not found
[2026-09-26T11:37:12.524Z] I (96630) RouteLoom: HIL PROBE tx peer=2 type=40 status=3 detail=ESP-NOW peer not found
[2026-09-26T11:37:12.531Z] I (96637) RouteLoom: HIL PROBE tx peer=2 type=40 status=3 detail=ESP-NOW peer not found
[2026-09-26T11:37:12.539Z] I (96645) RouteLoom: HIL PROBE tx peer=2 type=40 status=3 detail=ESP-NOW peer not found
[2026-09-26T11:37:12.547Z] I (96653) RouteLoom: HIL PROBE tx peer=2 type=40 status=3 detail=ESP-NOW peer not found
[2026-09-26T11:37:12.555Z] I (96661) RouteLoom: HIL PROBE tx peer=2 type=40 status=3 detail=ESP-NOW peer not found
[2026-09-26T11:37:12.562Z] I (96668) RouteLoom: HIL PROBE tx peer=2 type=40 status=3 detail=ESP-NOW peer not found
[2026-09-26T11:37:12.570Z] I (96676) RouteLoom: HIL PROBE tx peer=2 type=40 status=3 detail=ESP-NOW peer not found
[2026-09-26T11:37:12.578Z] I (96684) RouteLoom: HIL PROBE tx peer=2 type=40 status=3 detail=ESP-NOW peer not found
[2026-09-26T11:37:12.585Z] I (96691) RouteLoom: HIL PROBE tx peer=2 type=40 status=3 detail=ESP-NOW peer not found
[2026-09-26T11:37:12.593Z] I (96699) RouteLoom: HIL PROBE tx peer=2 type=40 status=3 detail=ESP-NOW peer not found
[2026-09-26T11:37:12.601Z] I (96707) RouteLoom: HIL PROBE tx peer=2 type=40 status=3 detail=ESP-NOW peer not found
[2026-09-26T11:37:12.609Z] I (96715) RouteLoom: HIL PROBE tx peer=2 type=40 status=3 detail=ESP-NOW peer not found
[2026-09-26T11:37:12.616Z] I (96722) RouteLoom: HIL PROBE tx peer=2 type=40 status=3 detail=ESP-NOW peer not found
[2026-09-26T11:37:12.624Z] I (96730) RouteLoom: HIL PROBE tx peer=2 type=40 status=3 detail=ESP-NOW peer not found
[2026-09-26T11:37:12.632Z] I (96738) RouteLoom: HIL PROBE tx peer=2 type=40 status=3 detail=ESP-NOW peer not found
[2026-09-26T11:37:12.639Z] I (96745) RouteLoom: HIL PROBE tx peer=2 type=40 status=3 detail=ESP-NOW peer not found
[2026-09-26T11:37:12.647Z] I (96753) RouteLoom: HIL PROBE tx peer=2 type=40 status=3 detail=ESP-NOW peer not found
[2026-09-26T11:37:12.655Z] I (96761) RouteLoom: HIL PROBE tx peer=2 type=40 status=3 detail=ESP-NOW peer not found
[2026-09-26T11:37:12.663Z] I (96769) RouteLoom: HIL PROBE tx peer=2 type=40 status=3 detail=ESP-NOW peer not found
[2026-09-26T11:37:12.670Z] I (96776) RouteLoom: HIL PROBE tx peer=2 type=40 status=3 detail=ESP-NOW peer not found
[2026-09-26T11:37:12.678Z] I (96784) RouteLoom: HIL PROBE tx peer=2 type=40 status=3 detail=ESP-NOW peer not found
[2026-09-26T11:37:12.686Z] I (96792) RouteLoom: HIL PROBE tx peer=2 type=40 status=3 detail=ESP-NOW peer not found
[2026-09-26T11:37:12.694Z] I (96800) RouteLoom: HIL PROBE tx peer=2 type=40 status=3 detail=ESP-NOW peer not found
[2026-09-26T11:37:12.701Z] I (96807) RouteLoom: HIL PROBE tx peer=2 type=40 status=3 detail=ESP-NOW peer not found
[2026-09-26T11:37:12.709Z] I (96815) RouteLoom: HIL PROBE tx peer=2 type=40 status=3 detail=ESP-NOW peer not found
[2026-09-26T11:37:12.717Z] I (96823) RouteLoom: HIL PROBE tx peer=2 type=40 status=3 detail=ESP-NOW peer not found
[2026-09-26T11:37:12.724Z] I (96830) RouteLoom: HIL PROBE tx peer=2 type=40 status=3 detail=ESP-NOW peer not found
[2026-09-26T11:37:12.732Z] I (96838) RouteLoom: HIL PROBE tx peer=2 type=40 status=3 detail=ESP-NOW peer not found
[2026-09-26T11:37:12.740Z] I (96846) RouteLoom: HIL PROBE tx peer=2 type=40 status=3 detail=ESP-NOW peer not found
[2026-09-26T11:37:12.748Z] I (96854) RouteLoom: HIL PROBE tx peer=2 type=40 status=3 detail=ESP-NOW peer not found
[2026-09-26T11:37:12.755Z] I (96861) RouteLoom: HIL PROBE tx peer=2 type=40 status=3 detail=ESP-NOW peer not found
[2026-09-26T11:37:12.763Z] I (96869) RouteLoom: HIL PROBE tx peer=2 type=40 status=3 detail=ESP-NOW peer not found
[2026-09-26T11:37:12.771Z] I (96877) RouteLoom: HIL PROBE tx peer=2 type=40 status=3 detail=ESP-NOW peer not found
[2026-09-26T11:37:12.779Z] I (96885) RouteLoom: HIL PROBE tx peer=2 type=40 status=3 detail=ESP-NOW peer not found
[2026-09-26T11:37:12.786Z] I (96892) RouteLoom: HIL PROBE tx peer=2 type=40 status=3 detail=ESP-NOW peer not found
[2026-09-26T11:37:12.794Z] I (96900) RouteLoom: HIL PROBE tx peer=2 type=40 status=3 detail=ESP-NOW peer not found
[2026-09-26T11:37:12.802Z] I (96908) RouteLoom: HIL PROBE tx peer=2 type=40 status=3 detail=ESP-NOW peer not found
[2026-09-26T11:37:12.810Z] I (96915) RouteLoom: HIL PROBE tx peer=2 type=40 status=3 detail=ESP-NOW peer not found
[2026-09-26T11:37:12.817Z] I (96923) RouteLoom: HIL PROBE tx peer=2 type=40 status=3 detail=ESP-NOW peer not found
[2026-09-26T11:37:12.825Z] I (96931) RouteLoom: HIL PROBE tx peer=2 type=40 status=3 detail=ESP-NOW peer not found
[2026-09-26T11:37:12.833Z] I (96939) RouteLoom: HIL PROBE tx peer=2 type=40 status=3 detail=ESP-NOW peer not found
[2026-09-26T11:37:12.840Z] I (96946) RouteLoom: HIL PROBE tx peer=2 type=40 status=3 detail=ESP-NOW peer not found
[2026-09-26T11:37:12.848Z] I (96954) RouteLoom: HIL PROBE tx peer=2 type=40 status=3 detail=ESP-NOW peer not found
[2026-09-26T11:37:12.856Z] I (96961) RouteLoom: HIL PROBE tx peer=2 type=40 status=3 detail=ESP-NOW peer not found
[2026-09-26T11:37:12.864Z] I (96969) RouteLoom: HIL PROBE tx peer=2 type=40 status=3 detail=ESP-NOW peer not found
[2026-09-26T11:37:12.871Z] I (96976) RouteLoom: HIL PROBE tx peer=2 type=40 status=3 detail=ESP-NOW peer not found
[2026-09-26T11:37:12.879Z] I (96984) RouteLoom: HIL PROBE tx peer=2 type=40 status=3 detail=ESP-NOW peer not found
[2026-09-26T11:37:12.887Z] I (96992) RouteLoom: HIL PROBE tx peer=2 type=40 status=3 detail=ESP-NOW peer not found
[2026-09-26T11:37:12.894Z] I (96999) RouteLoom: HIL PROBE tx peer=2 type=40 status=3 detail=ESP-NOW peer not found
[2026-09-26T11:37:12.902Z] I (97007) RouteLoom: HIL PROBE tx peer=2 type=40 status=3 detail=ESP-NOW peer not found
[2026-09-26T11:37:12.910Z] I (97015) RouteLoom: HIL PROBE tx peer=2 type=40 status=3 detail=ESP-NOW peer not found
[2026-09-26T11:37:12.918Z] I (97023) RouteLoom: HIL PROBE tx peer=2 type=40 status=3 detail=ESP-NOW peer not found
[2026-09-26T11:37:12.925Z] I (97030) RouteLoom: HIL PROBE tx peer=2 type=40 status=3 detail=ESP-NOW peer not found
[2026-09-26T11:37:12.933Z] I (97038) RouteLoom: HIL PROBE tx peer=2 type=40 status=3 detail=ESP-NOW peer not found
[2026-09-26T11:37:12.941Z] I (97046) RouteLoom: HIL PROBE tx peer=2 type=40 status=3 detail=ESP-NOW peer not found
[2026-09-26T11:37:12.949Z] I (97053) RouteLoom: HIL PROBE tx peer=2 type=40 status=3 detail=ESP-NOW peer not found
[2026-09-26T11:37:12.956Z] I (97061) RouteLoom: HIL PROBE tx peer=2 type=40 status=3 detail=ESP-NOW peer not found
[2026-09-26T11:37:12.964Z] I (97069) RouteLoom: HIL PROBE tx peer=2 type=40 status=3 detail=ESP-NOW peer not found
[2026-09-26T11:37:12.972Z] I (97077) RouteLoom: HIL PROBE tx peer=2 type=40 status=3 detail=ESP-NOW peer not found
[2026-09-26T11:37:12.979Z] I (97084) RouteLoom: HIL PROBE tx peer=2 type=40 status=3 detail=ESP-NOW peer not found
[2026-09-26T11:37:12.988Z] I (97092) RouteLoom: HIL PROBE tx peer=2 type=40 status=3 detail=ESP-NOW peer not found
[2026-09-26T11:37:12.995Z] I (97100) RouteLoom: HIL PROBE tx peer=2 type=40 status=3 detail=ESP-NOW peer not found
[2026-09-26T11:37:13.003Z] I (97108) RouteLoom: HIL PROBE tx peer=2 type=40 status=3 detail=ESP-NOW peer not found
[2026-09-26T11:37:13.015Z] I (97115) RouteLoom: HIL PROBE tx peer=2 type=40 status=3 detail=ESP-NOW peer not found
[2026-09-26T11:37:13.018Z] I (97123) RouteLoom: HIL PROBE tx peer=2 type=40 status=3 detail=ESP-NOW peer not found
[2026-09-26T11:37:13.026Z] I (97131) RouteLoom: HIL PROBE tx peer=2 type=40 status=3 detail=ESP-NOW peer not found
[2026-09-26T11:37:13.033Z] I (97138) RouteLoom: HIL PROBE tx peer=2 type=40 status=3 detail=ESP-NOW peer not found
[2026-09-26T11:37:13.043Z] I (97146) RouteLoom: HIL PROBE tx peer=2 type=40 status=3 detail=ESP-NOW peer not found
[2026-09-26T11:37:13.049Z] I (97154) RouteLoom: HIL PROBE tx peer=2 type=40 status=3 detail=ESP-NOW peer not found
[2026-09-26T11:37:13.057Z] I (97162) RouteLoom: HIL PROBE tx peer=2 type=40 status=3 detail=ESP-NOW peer not found
[2026-09-26T11:37:13.066Z] I (97169) RouteLoom: HIL PROBE tx peer=2 type=40 status=3 detail=ESP-NOW peer not found
[2026-09-26T11:37:13.072Z] I (97177) RouteLoom: HIL PROBE tx peer=2 type=40 status=3 detail=ESP-NOW peer not found
[2026-09-26T11:37:13.080Z] I (97185) RouteLoom: HIL PROBE tx peer=2 type=40 status=3 detail=ESP-NOW peer not found
[2026-09-26T11:37:13.088Z] I (97193) RouteLoom: HIL PROBE tx peer=2 type=40 status=3 detail=ESP-NOW peer not found
[2026-09-26T11:37:13.095Z] I (97200) RouteLoom: HIL PROBE tx peer=2 type=40 status=3 detail=ESP-NOW peer not found
[2026-09-26T11:37:13.103Z] I (97208) RouteLoom: HIL PROBE tx peer=2 type=40 status=3 detail=ESP-NOW peer not found
[2026-09-26T11:37:13.111Z] I (97216) RouteLoom: HIL PROBE tx peer=2 type=40 status=3 detail=ESP-NOW peer not found
[2026-09-26T11:37:13.120Z] I (97223) RouteLoom: HIL PROBE tx peer=2 type=40 status=3 detail=ESP-NOW peer not found
[2026-09-26T11:37:13.126Z] I (97231) RouteLoom: HIL PROBE tx peer=2 type=40 status=3 detail=ESP-NOW peer not found
[2026-09-26T11:37:13.136Z] I (97239) RouteLoom: HIL PROBE tx peer=2 type=40 status=3 detail=ESP-NOW peer not found
[2026-09-26T11:37:13.142Z] I (97247) RouteLoom: HIL PROBE tx peer=2 type=40 status=3 detail=ESP-NOW peer not found
[2026-09-26T11:37:13.149Z] I (97254) RouteLoom: HIL PROBE tx peer=2 type=40 status=3 detail=ESP-NOW peer not found
[2026-09-26T11:37:13.157Z] I (97262) RouteLoom: HIL PROBE tx peer=2 type=40 status=3 detail=ESP-NOW peer not found
[2026-09-26T11:37:13.165Z] I (97270) RouteLoom: HIL PROBE tx peer=2 type=40 status=3 detail=ESP-NOW peer not found
[2026-09-26T11:37:13.173Z] I (97278) RouteLoom: HIL PROBE tx peer=2 type=40 status=3 detail=ESP-NOW peer not found
[2026-09-26T11:37:13.180Z] I (97285) RouteLoom: HIL PROBE tx peer=2 type=40 status=3 detail=ESP-NOW peer not found
[2026-09-26T11:37:13.188Z] I (97293) RouteLoom: HIL PROBE tx peer=2 type=40 status=3 detail=ESP-NOW peer not found
[2026-09-26T11:37:13.196Z] I (97301) RouteLoom: HIL PROBE tx peer=2 type=40 status=3 detail=ESP-NOW peer not found
[2026-09-26T11:37:13.203Z] I (97308) RouteLoom: HIL PROBE tx peer=2 type=40 status=3 detail=ESP-NOW peer not found
[2026-09-26T11:37:13.211Z] I (97316) RouteLoom: HIL PROBE tx peer=2 type=40 status=3 detail=ESP-NOW peer not found
[2026-09-26T11:37:13.219Z] I (97324) RouteLoom: HIL PROBE tx peer=2 type=40 status=3 detail=ESP-NOW peer not found
[2026-09-26T11:37:13.227Z] I (97332) RouteLoom: HIL PROBE tx peer=2 type=40 status=3 detail=ESP-NOW peer not found
[2026-09-26T11:37:13.235Z] I (97339) RouteLoom: HIL PROBE tx peer=2 type=40 status=3 detail=ESP-NOW peer not found
[2026-09-26T11:37:13.242Z] I (97347) RouteLoom: HIL PROBE tx peer=2 type=40 status=3 detail=ESP-NOW peer not found
[2026-09-26T11:37:13.250Z] I (97355) RouteLoom: HIL PROBE tx peer=2 type=40 status=3 detail=ESP-NOW peer not found
[2026-09-26T11:37:13.258Z] I (97362) RouteLoom: HIL PROBE tx peer=2 type=40 status=3 detail=ESP-NOW peer not found
[2026-09-26T11:37:13.265Z] I (97370) RouteLoom: HIL PROBE tx peer=2 type=40 status=3 detail=ESP-NOW peer not found
[2026-09-26T11:37:13.273Z] I (97378) RouteLoom: HIL PROBE tx peer=2 type=40 status=3 detail=ESP-NOW peer not found
[2026-09-26T11:37:13.281Z] I (97386) RouteLoom: HIL PROBE tx peer=2 type=40 status=3 detail=ESP-NOW peer not found
[2026-09-26T11:37:13.288Z] I (97393) RouteLoom: HIL PROBE tx peer=2 type=40 status=3 detail=ESP-NOW peer not found
[2026-09-26T11:37:13.296Z] I (97401) RouteLoom: HIL PROBE tx peer=2 type=40 status=3 detail=ESP-NOW peer not found
[2026-09-26T11:37:13.305Z] I (97409) RouteLoom: HIL PROBE tx peer=2 type=40 status=3 detail=ESP-NOW peer not found
[2026-09-26T11:37:13.312Z] I (97417) RouteLoom: HIL PROBE tx peer=2 type=40 status=3 detail=ESP-NOW peer not found
[2026-09-26T11:37:13.319Z] I (97424) RouteLoom: HIL PROBE tx peer=2 type=40 status=3 detail=ESP-NOW peer not found
[2026-09-26T11:37:13.327Z] I (97432) RouteLoom: HIL PROBE tx peer=2 type=40 status=3 detail=ESP-NOW peer not found
[2026-09-26T11:37:13.335Z] I (97440) RouteLoom: HIL PROBE tx peer=2 type=40 status=3 detail=ESP-NOW peer not found
[2026-09-26T11:37:13.343Z] I (97447) RouteLoom: HIL PROBE tx peer=2 type=40 status=3 detail=ESP-NOW peer not found
[2026-09-26T11:37:13.350Z] I (97455) RouteLoom: HIL PROBE tx peer=2 type=40 status=3 detail=ESP-NOW peer not found
[2026-09-26T11:37:13.358Z] I (97463) RouteLoom: HIL PROBE tx peer=2 type=40 status=3 detail=ESP-NOW peer not found
[2026-09-26T11:37:13.366Z] I (97471) RouteLoom: HIL PROBE tx peer=2 type=40 status=3 detail=ESP-NOW peer not found
[2026-09-26T11:37:13.374Z] I (97478) RouteLoom: HIL PROBE tx peer=2 type=40 status=3 detail=ESP-NOW peer not found
[2026-09-26T11:37:13.381Z] I (97486) RouteLoom: HIL PROBE tx peer=2 type=40 status=3 detail=ESP-NOW peer not found
[2026-09-26T11:37:13.389Z] I (97494) RouteLoom: HIL PROBE tx peer=2 type=40 status=3 detail=ESP-NOW peer not found
[2026-09-26T11:37:13.397Z] I (97502) RouteLoom: HIL PROBE tx peer=2 type=40 status=3 detail=ESP-NOW peer not found
[2026-09-26T11:37:13.404Z] I (97509) RouteLoom: HIL PROBE tx peer=2 type=40 status=3 detail=ESP-NOW peer not found
[2026-09-26T11:37:13.412Z] I (97517) RouteLoom: HIL PROBE tx peer=2 type=40 status=3 detail=ESP-NOW peer not found
[2026-09-26T11:37:13.420Z] I (97525) RouteLoom: HIL PROBE tx peer=2 type=40 status=3 detail=ESP-NOW peer not found
[2026-09-26T11:37:13.428Z] I (97532) RouteLoom: HIL PROBE tx peer=2 type=40 status=3 detail=ESP-NOW peer not found
[2026-09-26T11:37:13.435Z] I (97540) RouteLoom: HIL PROBE tx peer=2 type=40 status=3 detail=ESP-NOW peer not found
[2026-09-26T11:37:13.443Z] I (97548) RouteLoom: HIL PROBE tx peer=2 type=40 status=3 detail=ESP-NOW peer not found
[2026-09-26T11:37:13.451Z] I (97556) RouteLoom: HIL PROBE tx peer=2 type=40 status=3 detail=ESP-NOW peer not found
[2026-09-26T11:37:13.459Z] I (97563) RouteLoom: HIL PROBE tx peer=2 type=40 status=3 detail=ESP-NOW peer not found
[2026-09-26T11:37:13.466Z] I (97571) RouteLoom: HIL PROBE tx peer=2 type=40 status=3 detail=ESP-NOW peer not found
[2026-09-26T11:37:13.474Z] I (97579) RouteLoom: HIL PROBE tx peer=2 type=40 status=3 detail=ESP-NOW peer not found
[2026-09-26T11:37:13.482Z] I (97587) RouteLoom: HIL PROBE tx peer=2 type=40 status=3 detail=ESP-NOW peer not found
[2026-09-26T11:37:13.489Z] I (97594) RouteLoom: HIL PROBE tx peer=2 type=40 status=3 detail=ESP-NOW peer not found
[2026-09-26T11:37:13.497Z] I (97602) RouteLoom: HIL PROBE tx peer=2 type=40 status=3 detail=ESP-NOW peer not found
[2026-09-26T11:37:13.505Z] I (97610) RouteLoom: HIL PROBE tx peer=2 type=40 status=3 detail=ESP-NOW peer not found
[2026-09-26T11:37:13.513Z] I (97617) RouteLoom: HIL PROBE tx peer=2 type=40 status=3 detail=ESP-NOW peer not found
[2026-09-26T11:37:13.520Z] I (97625) RouteLoom: HIL PROBE tx peer=2 type=40 status=3 detail=ESP-NOW peer not found
[2026-09-26T11:37:13.528Z] I (97633) RouteLoom: HIL PROBE tx peer=2 type=40 status=3 detail=ESP-NOW peer not found
[2026-09-26T11:37:13.536Z] I (97641) RouteLoom: HIL PROBE tx peer=2 type=40 status=3 detail=ESP-NOW peer not found
[2026-09-26T11:37:13.543Z] I (97648) RouteLoom: HIL PROBE tx peer=2 type=40 status=3 detail=ESP-NOW peer not found
[2026-09-26T11:37:13.551Z] I (97656) RouteLoom: HIL PROBE tx peer=2 type=40 status=3 detail=ESP-NOW peer not found
[2026-09-26T11:37:13.559Z] I (97664) RouteLoom: HIL PROBE tx peer=2 type=40 status=3 detail=ESP-NOW peer not found
[2026-09-26T11:37:13.567Z] I (97671) RouteLoom: HIL PROBE tx peer=2 type=40 status=3 detail=ESP-NOW peer not found
[2026-09-26T11:37:13.574Z] I (97679) RouteLoom: HIL PROBE tx peer=2 type=40 status=3 detail=ESP-NOW peer not found
[2026-09-26T11:37:13.582Z] I (97687) RouteLoom: HIL PROBE tx peer=2 type=40 status=3 detail=ESP-NOW peer not found
[2026-09-26T11:37:13.590Z] I (97695) RouteLoom: HIL PROBE tx peer=2 type=40 status=3 detail=ESP-NOW peer not found
[2026-09-26T11:37:13.597Z] I (97702) RouteLoom: HIL PROBE tx peer=2 type=40 status=3 detail=ESP-NOW peer not found
[2026-09-26T11:37:13.605Z] I (97710) RouteLoom: HIL PROBE tx peer=2 type=40 status=3 detail=ESP-NOW peer not found
[2026-09-26T11:37:13.613Z] I (97718) RouteLoom: HIL PROBE tx peer=2 type=40 status=3 detail=ESP-NOW peer not found
[2026-09-26T11:37:13.621Z] I (97726) RouteLoom: HIL PROBE tx peer=2 type=40 status=3 detail=ESP-NOW peer not found
[2026-09-26T11:37:13.629Z] I (97733) RouteLoom: HIL PROBE tx peer=2 type=40 status=3 detail=ESP-NOW peer not found
[2026-09-26T11:37:13.636Z] I (97741) RouteLoom: HIL PROBE tx peer=2 type=40 status=3 detail=ESP-NOW peer not found
[2026-09-26T11:37:13.644Z] I (97749) RouteLoom: HIL PROBE tx peer=2 type=40 status=3 detail=ESP-NOW peer not found
[2026-09-26T11:37:13.652Z] I (97756) RouteLoom: HIL PROBE tx peer=2 type=40 status=3 detail=ESP-NOW peer not found
[2026-09-26T11:37:13.659Z] I (97764) RouteLoom: HIL PROBE tx peer=2 type=40 status=3 detail=ESP-NOW peer not found
[2026-09-26T11:37:13.667Z] I (97772) RouteLoom: HIL PROBE tx peer=2 type=40 status=3 detail=ESP-NOW peer not found
[2026-09-26T11:37:13.675Z] I (97780) RouteLoom: HIL PROBE tx peer=2 type=40 status=3 detail=ESP-NOW peer not found
[2026-09-26T11:37:13.682Z] I (97787) RouteLoom: HIL PROBE tx peer=2 type=40 status=3 detail=ESP-NOW peer not found
[2026-09-26T11:37:13.690Z] I (97795) RouteLoom: HIL PROBE tx peer=2 type=40 status=3 detail=ESP-NOW peer not found
[2026-09-26T11:37:13.698Z] I (97803) RouteLoom: HIL PROBE tx peer=2 type=40 status=3 detail=ESP-NOW peer not found
[2026-09-26T11:37:13.706Z] I (97811) RouteLoom: HIL PROBE tx peer=2 type=40 status=3 detail=ESP-NOW peer not found
[2026-09-26T11:37:13.713Z] I (97818) RouteLoom: HIL PROBE tx peer=2 type=40 status=3 detail=ESP-NOW peer not found
[2026-09-26T11:37:13.721Z] I (97826) RouteLoom: HIL PROBE tx peer=2 type=40 status=3 detail=ESP-NOW peer not found
[2026-09-26T11:37:13.729Z] I (97834) RouteLoom: HIL PROBE tx peer=2 type=40 status=3 detail=ESP-NOW peer not found
[2026-09-26T11:37:13.737Z] I (97841) RouteLoom: HIL PROBE tx peer=2 type=40 status=3 detail=ESP-NOW peer not found
[2026-09-26T11:37:13.744Z] I (97849) RouteLoom: HIL PROBE tx peer=2 type=40 status=3 detail=ESP-NOW peer not found
[2026-09-26T11:37:13.752Z] I (97857) RouteLoom: HIL PROBE tx peer=2 type=40 status=3 detail=ESP-NOW peer not found
[2026-09-26T11:37:13.760Z] I (97865) RouteLoom: HIL PROBE tx peer=2 type=40 status=3 detail=ESP-NOW peer not found
[2026-09-26T11:37:13.767Z] I (97872) RouteLoom: HIL PROBE tx peer=2 type=40 status=3 detail=ESP-NOW peer not found
[2026-09-26T11:37:13.775Z] I (97880) RouteLoom: HIL PROBE tx peer=2 type=40 status=3 detail=ESP-NOW peer not found
[2026-09-26T11:37:13.783Z] I (97888) RouteLoom: HIL PROBE tx peer=2 type=40 status=3 detail=ESP-NOW peer not found
[2026-09-26T11:37:13.791Z] I (97895) RouteLoom: HIL PROBE tx peer=2 type=40 status=3 detail=ESP-NOW peer not found
[2026-09-26T11:37:13.798Z] I (97903) RouteLoom: HIL PROBE tx peer=2 type=40 status=3 detail=ESP-NOW peer not found
[2026-09-26T11:37:13.806Z] I (97911) RouteLoom: HIL PROBE tx peer=2 type=40 status=3 detail=ESP-NOW peer not found
[2026-09-26T11:37:13.814Z] I (97919) RouteLoom: HIL PROBE tx peer=2 type=40 status=3 detail=ESP-NOW peer not found
[2026-09-26T11:37:13.821Z] I (97926) RouteLoom: HIL PROBE tx peer=2 type=40 status=3 detail=ESP-NOW peer not found
[2026-09-26T11:37:13.829Z] I (97934) RouteLoom: HIL PROBE tx peer=2 type=40 status=3 detail=ESP-NOW peer not found
[2026-09-26T11:37:13.837Z] I (97942) RouteLoom: HIL PROBE tx peer=2 type=40 status=3 detail=ESP-NOW peer not found
[2026-09-26T11:37:13.845Z] I (97950) RouteLoom: HIL PROBE tx peer=2 type=40 status=3 detail=ESP-NOW peer not found
[2026-09-26T11:37:13.852Z] I (97957) RouteLoom: HIL PROBE tx peer=2 type=40 status=3 detail=ESP-NOW peer not found
[2026-09-26T11:37:13.860Z] I (97965) RouteLoom: HIL PROBE tx peer=2 type=40 status=3 detail=ESP-NOW peer not found
[2026-09-26T11:37:13.868Z] I (97973) RouteLoom: HIL PROBE tx peer=2 type=40 status=3 detail=ESP-NOW peer not found
[2026-09-26T11:37:13.876Z] I (97980) RouteLoom: HIL PROBE tx peer=2 type=40 status=3 detail=ESP-NOW peer not found
[2026-09-26T11:37:13.883Z] I (97988) RouteLoom: HIL PROBE tx peer=2 type=40 status=3 detail=ESP-NOW peer not found
[2026-09-26T11:37:13.891Z] I (97996) RouteLoom: HIL PROBE tx peer=2 type=40 status=3 detail=ESP-NOW peer not found
[2026-09-26T11:37:13.899Z] I (98004) RouteLoom: HIL PROBE tx peer=2 type=40 status=3 detail=ESP-NOW peer not found
[2026-09-26T11:37:13.906Z] I (98011) RouteLoom: HIL PROBE tx peer=2 type=40 status=3 detail=ESP-NOW peer not found
[2026-09-26T11:37:13.915Z] I (98019) RouteLoom: HIL PROBE tx peer=2 type=40 status=3 detail=ESP-NOW peer not found
[2026-09-26T11:37:13.922Z] I (98027) RouteLoom: HIL PROBE tx peer=2 type=40 status=3 detail=ESP-NOW peer not found
[2026-09-26T11:37:13.930Z] I (98035) RouteLoom: HIL PROBE tx peer=2 type=40 status=3 detail=ESP-NOW peer not found
[2026-09-26T11:37:13.937Z] I (98042) RouteLoom: HIL PROBE tx peer=2 type=40 status=3 detail=ESP-NOW peer not found
[2026-09-26T11:37:13.945Z] I (98050) RouteLoom: HIL PROBE tx peer=2 type=40 status=3 detail=ESP-NOW peer not found
[2026-09-26T11:37:13.953Z] I (98058) RouteLoom: HIL PROBE tx peer=2 type=40 status=3 detail=ESP-NOW peer not found
[2026-09-26T11:37:13.961Z] I (98065) RouteLoom: HIL PROBE tx peer=2 type=40 status=3 detail=ESP-NOW peer not found
[2026-09-26T11:37:13.968Z] I (98073) RouteLoom: HIL PROBE tx peer=2 type=40 status=3 detail=ESP-NOW peer not found
[2026-09-26T11:37:13.976Z] I (98081) RouteLoom: HIL PROBE tx peer=2 type=40 status=3 detail=ESP-NOW peer not found
[2026-09-26T11:37:13.984Z] I (98089) RouteLoom: HIL PROBE tx peer=2 type=40 status=3 detail=ESP-NOW peer not found
[2026-09-26T11:37:13.991Z] I (98096) RouteLoom: HIL PROBE tx peer=2 type=40 status=3 detail=ESP-NOW peer not found
[2026-09-26T11:37:13.999Z] I (98104) RouteLoom: HIL PROBE tx peer=2 type=40 status=3 detail=ESP-NOW peer not found
[2026-09-26T11:37:14.007Z] I (98112) RouteLoom: HIL PROBE tx peer=2 type=40 status=3 detail=ESP-NOW peer not found
[2026-09-26T11:37:14.015Z] I (98120) RouteLoom: HIL PROBE tx peer=2 type=40 status=3 detail=ESP-NOW peer not found
[2026-09-26T11:37:14.022Z] I (98127) RouteLoom: HIL PROBE tx peer=2 type=40 status=3 detail=ESP-NOW peer not found
[2026-09-26T11:37:14.030Z] I (98135) RouteLoom: HIL PROBE tx peer=2 type=40 status=3 detail=ESP-NOW peer not found
[2026-09-26T11:37:14.038Z] I (98143) RouteLoom: HIL PROBE tx peer=2 type=40 status=3 detail=ESP-NOW peer not found
[2026-09-26T11:37:14.046Z] I (98150) RouteLoom: HIL PROBE tx peer=2 type=40 status=3 detail=ESP-NOW peer not found
[2026-09-26T11:37:14.053Z] I (98158) RouteLoom: HIL PROBE tx peer=2 type=40 status=3 detail=ESP-NOW peer not found
[2026-09-26T11:37:14.061Z] I (98166) RouteLoom: HIL PROBE tx peer=2 type=40 status=3 detail=ESP-NOW peer not found
[2026-09-26T11:37:14.069Z] I (98174) RouteLoom: HIL PROBE tx peer=2 type=40 status=3 detail=ESP-NOW peer not found
[2026-09-26T11:37:14.076Z] I (98181) RouteLoom: HIL PROBE tx peer=2 type=40 status=3 detail=ESP-NOW peer not found
[2026-09-26T11:37:14.084Z] I (98189) RouteLoom: HIL PROBE tx peer=2 type=40 status=3 detail=ESP-NOW peer not found
[2026-09-26T11:37:14.092Z] I (98197) RouteLoom: HIL PROBE tx peer=2 type=40 status=3 detail=ESP-NOW peer not found
[2026-09-26T11:37:14.100Z] I (98204) RouteLoom: HIL PROBE tx peer=2 type=40 status=3 detail=ESP-NOW peer not found
[2026-09-26T11:37:14.107Z] I (98212) RouteLoom: HIL PROBE tx peer=2 type=40 status=3 detail=ESP-NOW peer not found
[2026-09-26T11:37:14.115Z] I (98220) RouteLoom: HIL PROBE tx peer=2 type=40 status=3 detail=ESP-NOW peer not found
[2026-09-26T11:37:14.123Z] I (98228) RouteLoom: HIL PROBE tx peer=2 type=40 status=3 detail=ESP-NOW peer not found
[2026-09-26T11:37:14.131Z] I (98235) RouteLoom: HIL PROBE tx peer=2 type=40 status=3 detail=ESP-NOW peer not found
[2026-09-26T11:37:14.138Z] I (98243) RouteLoom: HIL PROBE tx peer=2 type=40 status=3 detail=ESP-NOW peer not found
[2026-09-26T11:37:14.146Z] I (98251) RouteLoom: HIL PROBE tx peer=2 type=40 status=3 detail=ESP-NOW peer not found
[2026-09-26T11:37:14.154Z] I (98259) RouteLoom: HIL PROBE tx peer=2 type=40 status=3 detail=ESP-NOW peer not found
[2026-09-26T11:37:14.161Z] I (98266) RouteLoom: HIL PROBE tx peer=2 type=40 status=3 detail=ESP-NOW peer not found
[2026-09-26T11:37:14.169Z] I (98274) RouteLoom: HIL PROBE tx peer=2 type=40 status=3 detail=ESP-NOW peer not found
[2026-09-26T11:37:14.177Z] I (98282) RouteLoom: HIL PROBE tx peer=2 type=40 status=3 detail=ESP-NOW peer not found
[2026-09-26T11:37:14.185Z] I (98289) RouteLoom: HIL PROBE tx peer=2 type=40 status=3 detail=ESP-NOW peer not found
[2026-09-26T11:37:14.192Z] I (98297) RouteLoom: HIL PROBE tx peer=2 type=40 status=3 detail=ESP-NOW peer not found
[2026-09-26T11:37:14.200Z] I (98305) RouteLoom: HIL PROBE tx peer=2 type=40 status=3 detail=ESP-NOW peer not found
[2026-09-26T11:37:14.208Z] I (98313) RouteLoom: HIL PROBE tx peer=2 type=40 status=3 detail=ESP-NOW peer not found
[2026-09-26T11:37:14.215Z] I (98320) RouteLoom: HIL PROBE tx peer=2 type=40 status=3 detail=ESP-NOW peer not found
[2026-09-26T11:37:14.223Z] I (98328) RouteLoom: HIL PROBE tx peer=2 type=40 status=3 detail=ESP-NOW peer not found
[2026-09-26T11:37:14.231Z] I (98336) RouteLoom: HIL PROBE tx peer=2 type=40 status=3 detail=ESP-NOW peer not found
[2026-09-26T11:37:14.239Z] I (98344) RouteLoom: HIL PROBE tx peer=2 type=40 status=3 detail=ESP-NOW peer not found
[2026-09-26T11:37:14.246Z] I (98351) RouteLoom: HIL PROBE tx peer=2 type=40 status=3 detail=ESP-NOW peer not found
[2026-09-26T11:37:14.254Z] I (98359) RouteLoom: HIL PROBE tx peer=2 type=40 status=3 detail=ESP-NOW peer not found
[2026-09-26T11:37:14.262Z] I (98367) RouteLoom: HIL PROBE tx peer=2 type=40 status=3 detail=ESP-NOW peer not found
[2026-09-26T11:37:14.270Z] I (98374) RouteLoom: HIL PROBE tx peer=2 type=40 status=3 detail=ESP-NOW peer not found
[2026-09-26T11:37:14.278Z] I (98382) RouteLoom: HIL PROBE tx peer=2 type=40 status=3 detail=ESP-NOW peer not found
[2026-09-26T11:37:14.285Z] I (98390) RouteLoom: HIL PROBE tx peer=2 type=40 status=3 detail=ESP-NOW peer not found
[2026-09-26T11:37:14.293Z] I (98398) RouteLoom: HIL PROBE tx peer=2 type=40 status=3 detail=ESP-NOW peer not found
[2026-09-26T11:37:14.301Z] I (98405) RouteLoom: HIL PROBE tx peer=2 type=40 status=3 detail=ESP-NOW peer not found
[2026-09-26T11:37:14.308Z] I (98413) RouteLoom: HIL PROBE tx peer=2 type=40 status=3 detail=ESP-NOW peer not found
[2026-09-26T11:37:14.316Z] I (98421) RouteLoom: HIL PROBE tx peer=2 type=40 status=3 detail=ESP-NOW peer not found
[2026-09-26T11:37:14.324Z] I (98429) RouteLoom: HIL PROBE tx peer=2 type=40 status=3 detail=ESP-NOW peer not found
[2026-09-26T11:37:14.332Z] I (98436) RouteLoom: HIL PROBE tx peer=2 type=40 status=3 detail=ESP-NOW peer not found
[2026-09-26T11:37:14.339Z] I (98444) RouteLoom: HIL PROBE tx peer=2 type=40 status=3 detail=ESP-NOW peer not found
[2026-09-26T11:37:14.349Z] I (98452) RouteLoom: HIL PROBE tx peer=2 type=40 status=3 detail=ESP-NOW peer not found
[2026-09-26T11:37:14.355Z] I (98459) RouteLoom: HIL PROBE tx peer=2 type=40 status=3 detail=ESP-NOW peer not found
[2026-09-26T11:37:14.362Z] I (98467) RouteLoom: HIL PROBE tx peer=2 type=40 status=3 detail=ESP-NOW peer not found
[2026-09-26T11:37:14.370Z] I (98475) RouteLoom: HIL PROBE tx peer=2 type=40 status=3 detail=ESP-NOW peer not found
[2026-09-26T11:37:14.378Z] I (98483) RouteLoom: HIL PROBE tx peer=2 type=40 status=3 detail=ESP-NOW peer not found
[2026-09-26T11:37:14.386Z] I (98490) RouteLoom: HIL PROBE tx peer=2 type=40 status=3 detail=ESP-NOW peer not found
[2026-09-26T11:37:14.393Z] I (98498) RouteLoom: HIL PROBE tx peer=2 type=40 status=3 detail=ESP-NOW peer not found
[2026-09-26T11:37:14.401Z] I (98506) RouteLoom: HIL PROBE tx peer=2 type=40 status=3 detail=ESP-NOW peer not found
[2026-09-26T11:37:14.409Z] I (98513) RouteLoom: HIL PROBE tx peer=2 type=40 status=3 detail=ESP-NOW peer not found
[2026-09-26T11:37:14.416Z] I (98521) RouteLoom: HIL PROBE tx peer=2 type=40 status=3 detail=ESP-NOW peer not found
[2026-09-26T11:37:14.424Z] I (98529) RouteLoom: HIL PROBE tx peer=2 type=40 status=3 detail=ESP-NOW peer not found
[2026-09-26T11:37:14.432Z] I (98537) RouteLoom: HIL PROBE tx peer=2 type=40 status=3 detail=ESP-NOW peer not found
[2026-09-26T11:37:14.439Z] I (98544) RouteLoom: HIL PROBE tx peer=2 type=40 status=3 detail=ESP-NOW peer not found
[2026-09-26T11:37:14.447Z] I (98552) RouteLoom: HIL PROBE tx peer=2 type=40 status=3 detail=ESP-NOW peer not found
[2026-09-26T11:37:14.455Z] I (98560) RouteLoom: HIL PROBE tx peer=2 type=40 status=3 detail=ESP-NOW peer not found
[2026-09-26T11:37:14.463Z] I (98568) RouteLoom: HIL PROBE tx peer=2 type=40 status=3 detail=ESP-NOW peer not found
[2026-09-26T11:37:14.470Z] I (98575) RouteLoom: HIL PROBE tx peer=2 type=40 status=3 detail=ESP-NOW peer not found
[2026-09-26T11:37:14.478Z] I (98583) RouteLoom: HIL PROBE tx peer=2 type=40 status=3 detail=ESP-NOW peer not found
[2026-09-26T11:37:14.486Z] I (98591) RouteLoom: HIL PROBE tx peer=2 type=40 status=3 detail=ESP-NOW peer not found
[2026-09-26T11:37:14.494Z] I (98598) RouteLoom: HIL PROBE tx peer=2 type=40 status=3 detail=ESP-NOW peer not found
[2026-09-26T11:37:14.501Z] I (98606) RouteLoom: HIL PROBE tx peer=2 type=40 status=3 detail=ESP-NOW peer not found
[2026-09-26T11:37:14.509Z] I (98614) RouteLoom: HIL PROBE tx peer=2 type=40 status=3 detail=ESP-NOW peer not found
[2026-09-26T11:37:14.517Z] I (98622) RouteLoom: HIL PROBE tx peer=2 type=40 status=3 detail=ESP-NOW peer not found
[2026-09-26T11:37:14.524Z] I (98629) RouteLoom: HIL PROBE tx peer=2 type=40 status=3 detail=ESP-NOW peer not found
[2026-09-26T11:37:14.532Z] I (98637) RouteLoom: HIL PROBE tx peer=2 type=40 status=3 detail=ESP-NOW peer not found
[2026-09-26T11:37:14.540Z] I (98645) RouteLoom: HIL PROBE tx peer=2 type=40 status=3 detail=ESP-NOW peer not found
[2026-09-26T11:37:14.548Z] I (98653) RouteLoom: HIL PROBE tx peer=2 type=40 status=3 detail=ESP-NOW peer not found
[2026-09-26T11:37:14.555Z] I (98660) RouteLoom: HIL PROBE tx peer=2 type=40 status=3 detail=ESP-NOW peer not found
[2026-09-26T11:37:14.563Z] I (98668) RouteLoom: HIL PROBE tx peer=2 type=40 status=3 detail=ESP-NOW peer not found
[2026-09-26T11:37:14.571Z] I (98676) RouteLoom: HIL PROBE tx peer=2 type=40 status=3 detail=ESP-NOW peer not found
[2026-09-26T11:37:14.579Z] I (98683) RouteLoom: HIL PROBE tx peer=2 type=40 status=3 detail=ESP-NOW peer not found
[2026-09-26T11:37:14.586Z] I (98691) RouteLoom: HIL PROBE tx peer=2 type=40 status=3 detail=ESP-NOW peer not found
[2026-09-26T11:37:14.594Z] I (98699) RouteLoom: HIL PROBE tx peer=2 type=40 status=3 detail=ESP-NOW peer not found
[2026-09-26T11:37:14.602Z] I (98707) RouteLoom: HIL PROBE tx peer=2 type=40 status=3 detail=ESP-NOW peer not found
[2026-09-26T11:37:14.609Z] I (98714) RouteLoom: HIL PROBE tx peer=2 type=40 status=3 detail=ESP-NOW peer not found
[2026-09-26T11:37:14.617Z] I (98722) RouteLoom: HIL PROBE tx peer=2 type=40 status=3 detail=ESP-NOW peer not found
[2026-09-26T11:37:14.625Z] I (98730) RouteLoom: HIL PROBE tx peer=2 type=40 status=3 detail=ESP-NOW peer not found
[2026-09-26T11:37:14.633Z] I (98738) RouteLoom: HIL PROBE tx peer=2 type=40 status=3 detail=ESP-NOW peer not found
[2026-09-26T11:37:14.640Z] I (98745) RouteLoom: HIL PROBE tx peer=2 type=40 status=3 detail=ESP-NOW peer not found
[2026-09-26T11:37:14.648Z] I (98753) RouteLoom: HIL PROBE tx peer=2 type=40 status=3 detail=ESP-NOW peer not found
[2026-09-26T11:37:14.656Z] I (98761) RouteLoom: HIL PROBE tx peer=2 type=40 status=3 detail=ESP-NOW peer not found
[2026-09-26T11:37:14.664Z] I (98768) RouteLoom: HIL PROBE tx peer=2 type=40 status=3 detail=ESP-NOW peer not found
[2026-09-26T11:37:14.671Z] I (98776) RouteLoom: HIL PROBE tx peer=2 type=40 status=3 detail=ESP-NOW peer not found
[2026-09-26T11:37:14.679Z] I (98784) RouteLoom: HIL PROBE tx peer=2 type=40 status=3 detail=ESP-NOW peer not found
[2026-09-26T11:37:14.687Z] I (98792) RouteLoom: HIL PROBE tx peer=2 type=40 status=3 detail=ESP-NOW peer not found
[2026-09-26T11:37:14.694Z] I (98799) RouteLoom: HIL PROBE tx peer=2 type=40 status=3 detail=ESP-NOW peer not found
[2026-09-26T11:37:14.702Z] I (98807) RouteLoom: HIL PROBE tx peer=2 type=40 status=3 detail=ESP-NOW peer not found
[2026-09-26T11:37:14.710Z] I (98815) RouteLoom: HIL PROBE tx peer=2 type=40 status=3 detail=ESP-NOW peer not found
[2026-09-26T11:37:14.718Z] I (98822) RouteLoom: HIL PROBE tx peer=2 type=40 status=3 detail=ESP-NOW peer not found
[2026-09-26T11:37:14.725Z] I (98830) RouteLoom: HIL PROBE tx peer=2 type=40 status=3 detail=ESP-NOW peer not found
[2026-09-26T11:37:14.733Z] I (98838) RouteLoom: HIL PROBE tx peer=2 type=40 status=3 detail=ESP-NOW peer not found
[2026-09-26T11:37:14.741Z] I (98846) RouteLoom: HIL PROBE tx peer=2 type=40 status=3 detail=ESP-NOW peer not found
[2026-09-26T11:37:14.748Z] I (98853) RouteLoom: HIL PROBE tx peer=2 type=40 status=3 detail=ESP-NOW peer not found
[2026-09-26T11:37:14.756Z] I (98861) RouteLoom: HIL PROBE tx peer=2 type=40 status=3 detail=ESP-NOW peer not found
[2026-09-26T11:37:14.764Z] I (98869) RouteLoom: HIL PROBE tx peer=2 type=40 status=3 detail=ESP-NOW peer not found
[2026-09-26T11:37:14.772Z] I (98877) RouteLoom: HIL PROBE tx peer=2 type=40 status=3 detail=ESP-NOW peer not found
[2026-09-26T11:37:14.779Z] I (98884) RouteLoom: HIL PROBE tx peer=2 type=40 status=3 detail=ESP-NOW peer not found
[2026-09-26T11:37:14.787Z] I (98892) RouteLoom: HIL PROBE tx peer=2 type=40 status=3 detail=ESP-NOW peer not found
[2026-09-26T11:37:14.795Z] I (98900) RouteLoom: HIL PROBE tx peer=2 type=40 status=3 detail=ESP-NOW peer not found
[2026-09-26T11:37:14.803Z] I (98907) RouteLoom: HIL PROBE tx peer=2 type=40 status=3 detail=ESP-NOW peer not found
[2026-09-26T11:37:14.810Z] I (98915) RouteLoom: HIL PROBE tx peer=2 type=40 status=3 detail=ESP-NOW peer not found
[2026-09-26T11:37:14.818Z] I (98923) RouteLoom: HIL PROBE tx peer=2 type=40 status=3 detail=ESP-NOW peer not found
[2026-09-26T11:37:14.826Z] I (98931) RouteLoom: HIL PROBE tx peer=2 type=40 status=3 detail=ESP-NOW peer not found
[2026-09-26T11:37:14.834Z] I (98938) RouteLoom: HIL PROBE tx peer=2 type=40 status=3 detail=ESP-NOW peer not found
[2026-09-26T11:37:14.841Z] I (98946) RouteLoom: HIL PROBE tx peer=2 type=40 status=3 detail=ESP-NOW peer not found
[2026-09-26T11:37:14.849Z] I (98954) RouteLoom: HIL PROBE tx peer=2 type=40 status=3 detail=ESP-NOW peer not found
[2026-09-26T11:37:14.857Z] I (98962) RouteLoom: HIL PROBE tx peer=2 type=40 status=3 detail=ESP-NOW peer not found
[2026-09-26T11:37:14.865Z] I (98969) RouteLoom: HIL PROBE tx peer=2 type=40 status=3 detail=ESP-NOW peer not found
[2026-09-26T11:37:14.872Z] I (98977) RouteLoom: HIL PROBE tx peer=2 type=40 status=3 detail=ESP-NOW peer not found
[2026-09-26T11:37:14.880Z] I (98985) RouteLoom: HIL PROBE tx peer=2 type=40 status=3 detail=ESP-NOW peer not found
[2026-09-26T11:37:14.888Z] I (98992) RouteLoom: HIL PROBE tx peer=2 type=40 status=3 detail=ESP-NOW peer not found
[2026-09-26T11:37:14.895Z] I (99000) RouteLoom: HIL PROBE tx peer=2 type=40 status=3 detail=ESP-NOW peer not found
[2026-09-26T11:37:14.903Z] I (99008) RouteLoom: HIL PROBE tx peer=2 type=40 status=3 detail=ESP-NOW peer not found
[2026-09-26T11:37:14.911Z] I (99016) RouteLoom: HIL PROBE tx peer=2 type=40 status=3 detail=ESP-NOW peer not found
[2026-09-26T11:37:14.918Z] I (99023) RouteLoom: HIL PROBE tx peer=2 type=40 status=3 detail=ESP-NOW peer not found
[2026-09-26T11:37:14.926Z] I (99031) RouteLoom: HIL PROBE tx peer=2 type=40 status=3 detail=ESP-NOW peer not found
[2026-09-26T11:37:14.934Z] I (99039) RouteLoom: HIL PROBE tx peer=2 type=40 status=3 detail=ESP-NOW peer not found
[2026-09-26T11:37:14.942Z] I (99047) RouteLoom: HIL PROBE tx peer=2 type=40 status=3 detail=ESP-NOW peer not found
[2026-09-26T11:37:14.949Z] I (99054) RouteLoom: HIL PROBE tx peer=2 type=40 status=3 detail=ESP-NOW peer not found
[2026-09-26T11:37:14.957Z] I (99062) RouteLoom: HIL PROBE tx peer=2 type=40 status=3 detail=ESP-NOW peer not found
[2026-09-26T11:37:14.965Z] I (99070) RouteLoom: HIL PROBE tx peer=2 type=40 status=3 detail=ESP-NOW peer not found
[2026-09-26T11:37:14.973Z] I (99077) RouteLoom: HIL PROBE tx peer=2 type=40 status=3 detail=ESP-NOW peer not found
[2026-09-26T11:37:14.980Z] I (99085) RouteLoom: HIL PROBE tx peer=2 type=40 status=3 detail=ESP-NOW peer not found
[2026-09-26T11:37:14.988Z] I (99093) RouteLoom: HIL PROBE tx peer=2 type=40 status=3 detail=ESP-NOW peer not found
[2026-09-26T11:37:14.996Z] I (99101) RouteLoom: HIL PROBE tx peer=2 type=40 status=3 detail=ESP-NOW peer not found
[2026-09-26T11:37:15.004Z] I (99108) RouteLoom: HIL PROBE tx peer=2 type=40 status=3 detail=ESP-NOW peer not found
[2026-09-26T11:37:15.011Z] I (99116) RouteLoom: HIL PROBE tx peer=2 type=40 status=3 detail=ESP-NOW peer not found
[2026-09-26T11:37:15.019Z] I (99124) RouteLoom: HIL PROBE tx peer=2 type=40 status=3 detail=ESP-NOW peer not found
[2026-09-26T11:37:15.027Z] I (99131) RouteLoom: HIL PROBE tx peer=2 type=40 status=3 detail=ESP-NOW peer not found
[2026-09-26T11:37:15.035Z] I (99139) RouteLoom: HIL PROBE tx peer=2 type=40 status=3 detail=ESP-NOW peer not found
[2026-09-26T11:37:15.042Z] I (99147) RouteLoom: HIL PROBE tx peer=2 type=40 status=3 detail=ESP-NOW peer not found
[2026-09-26T11:37:15.050Z] I (99155) RouteLoom: HIL PROBE tx peer=2 type=40 status=3 detail=ESP-NOW peer not found
[2026-09-26T11:37:15.057Z] I (99162) RouteLoom: HIL PROBE tx peer=2 type=40 status=3 detail=ESP-NOW peer not found
[2026-09-26T11:37:15.065Z] I (99170) RouteLoom: HIL PROBE tx peer=2 type=40 status=3 detail=ESP-NOW peer not found
[2026-09-26T11:37:15.073Z] I (99178) RouteLoom: HIL PROBE tx peer=2 type=40 status=3 detail=ESP-NOW peer not found
[2026-09-26T11:37:15.083Z] I (99186) RouteLoom: HIL PROBE tx peer=2 type=40 status=3 detail=ESP-NOW peer not found
[2026-09-26T11:37:15.088Z] I (99195) RouteLoom: HIL PROBE tx peer=2 type=40 status=3 detail=ESP-NOW peer not found
[2026-09-26T11:37:15.096Z] I (99201) RouteLoom: HIL PROBE tx peer=2 type=40 status=3 detail=ESP-NOW peer not found
[2026-09-26T11:37:15.104Z] I (99209) RouteLoom: HIL PROBE tx peer=2 type=40 status=3 detail=ESP-NOW peer not found
[2026-09-26T11:37:15.112Z] I (99216) RouteLoom: HIL PROBE tx peer=2 type=40 status=3 detail=ESP-NOW peer not found
[2026-09-26T11:37:15.120Z] I (99224) RouteLoom: HIL PROBE tx peer=2 type=40 status=3 detail=ESP-NOW peer not found
[2026-09-26T11:37:15.127Z] I (99232) RouteLoom: HIL PROBE tx peer=2 type=40 status=3 detail=ESP-NOW peer not found
[2026-09-26T11:37:15.135Z] I (99240) RouteLoom: HIL PROBE tx peer=2 type=40 status=3 detail=ESP-NOW peer not found
[2026-09-26T11:37:15.143Z] I (99247) RouteLoom: HIL PROBE tx peer=2 type=40 status=3 detail=ESP-NOW peer not found
[2026-09-26T11:37:15.150Z] I (99255) RouteLoom: HIL PROBE tx peer=2 type=40 status=3 detail=ESP-NOW peer not found
[2026-09-26T11:37:15.158Z] I (99263) RouteLoom: HIL PROBE tx peer=2 type=40 status=3 detail=ESP-NOW peer not found
[2026-09-26T11:37:15.166Z] I (99271) RouteLoom: HIL PROBE tx peer=2 type=40 status=3 detail=ESP-NOW peer not found
[2026-09-26T11:37:15.173Z] I (99278) RouteLoom: HIL PROBE tx peer=2 type=40 status=3 detail=ESP-NOW peer not found
[2026-09-26T11:37:15.181Z] I (99286) RouteLoom: HIL PROBE tx peer=2 type=40 status=3 detail=ESP-NOW peer not found
[2026-09-26T11:37:15.189Z] I (99294) RouteLoom: HIL PROBE tx peer=2 type=40 status=3 detail=ESP-NOW peer not found
[2026-09-26T11:37:15.197Z] I (99301) RouteLoom: HIL PROBE tx peer=2 type=40 status=3 detail=ESP-NOW peer not found
[2026-09-26T11:37:15.204Z] I (99309) RouteLoom: HIL PROBE tx peer=2 type=40 status=3 detail=ESP-NOW peer not found
[2026-09-26T11:37:15.212Z] I (99317) RouteLoom: HIL PROBE tx peer=2 type=40 status=3 detail=ESP-NOW peer not found
[2026-09-26T11:37:15.220Z] I (99325) RouteLoom: HIL PROBE tx peer=2 type=40 status=3 detail=ESP-NOW peer not found
[2026-09-26T11:37:15.227Z] I (99332) RouteLoom: HIL PROBE tx peer=2 type=40 status=3 detail=ESP-NOW peer not found
[2026-09-26T11:37:15.235Z] I (99340) RouteLoom: HIL PROBE tx peer=2 type=40 status=3 detail=ESP-NOW peer not found
[2026-09-26T11:37:15.243Z] I (99348) RouteLoom: HIL PROBE tx peer=2 type=40 status=3 detail=ESP-NOW peer not found
[2026-09-26T11:37:15.251Z] I (99356) RouteLoom: HIL PROBE tx peer=2 type=40 status=3 detail=ESP-NOW peer not found
[2026-09-26T11:37:15.258Z] I (99363) RouteLoom: HIL PROBE tx peer=2 type=40 status=3 detail=ESP-NOW peer not found
[2026-09-26T11:37:15.266Z] I (99371) RouteLoom: HIL PROBE tx peer=2 type=40 status=3 detail=ESP-NOW peer not found
[2026-09-26T11:37:15.274Z] I (99379) RouteLoom: HIL PROBE tx peer=2 type=40 status=3 detail=ESP-NOW peer not found
[2026-09-26T11:37:15.281Z] I (99386) RouteLoom: HIL PROBE tx peer=2 type=40 status=3 detail=ESP-NOW peer not found
[2026-09-26T11:37:15.289Z] I (99394) RouteLoom: HIL PROBE tx peer=2 type=40 status=3 detail=ESP-NOW peer not found
[2026-09-26T11:37:15.297Z] I (99402) RouteLoom: HIL PROBE tx peer=2 type=40 status=3 detail=ESP-NOW peer not found
[2026-09-26T11:37:15.305Z] I (99410) RouteLoom: HIL PROBE tx peer=2 type=40 status=3 detail=ESP-NOW peer not found
[2026-09-26T11:37:15.313Z] I (99417) RouteLoom: HIL PROBE tx peer=2 type=40 status=3 detail=ESP-NOW peer not found
[2026-09-26T11:37:15.320Z] I (99425) RouteLoom: HIL PROBE tx peer=2 type=40 status=3 detail=ESP-NOW peer not found
[2026-09-26T11:37:15.328Z] I (99433) RouteLoom: HIL PROBE tx peer=2 type=40 status=3 detail=ESP-NOW peer not found
[2026-09-26T11:37:15.336Z] I (99440) RouteLoom: HIL PROBE tx peer=2 type=40 status=3 detail=ESP-NOW peer not found
[2026-09-26T11:37:15.344Z] I (99448) RouteLoom: HIL PROBE tx peer=2 type=40 status=3 detail=ESP-NOW peer not found
[2026-09-26T11:37:15.351Z] I (99456) RouteLoom: HIL PROBE tx peer=2 type=40 status=3 detail=ESP-NOW peer not found
[2026-09-26T11:37:15.359Z] I (99464) RouteLoom: HIL PROBE tx peer=2 type=40 status=3 detail=ESP-NOW peer not found
[2026-09-26T11:37:15.366Z] I (99471) RouteLoom: HIL PROBE tx peer=2 type=40 status=3 detail=ESP-NOW peer not found
[2026-09-26T11:37:15.374Z] I (99479) RouteLoom: HIL PROBE tx peer=2 type=40 status=3 detail=ESP-NOW peer not found
[2026-09-26T11:37:15.382Z] I (99487) RouteLoom: HIL PROBE tx peer=2 type=40 status=3 detail=ESP-NOW peer not found
[2026-09-26T11:37:15.391Z] I (99495) RouteLoom: HIL PROBE tx peer=2 type=40 status=3 detail=ESP-NOW peer not found
[2026-09-26T11:37:15.397Z] I (99502) RouteLoom: HIL PROBE tx peer=2 type=40 status=3 detail=ESP-NOW peer not found
[2026-09-26T11:37:15.405Z] I (99510) RouteLoom: HIL PROBE tx peer=2 type=40 status=3 detail=ESP-NOW peer not found
[2026-09-26T11:37:15.413Z] I (99518) RouteLoom: HIL PROBE tx peer=2 type=40 status=3 detail=ESP-NOW peer not found
[2026-09-26T11:37:15.421Z] I (99525) RouteLoom: HIL PROBE tx peer=2 type=40 status=3 detail=ESP-NOW peer not found
[2026-09-26T11:37:15.429Z] I (99533) RouteLoom: HIL PROBE tx peer=2 type=40 status=3 detail=ESP-NOW peer not found
[2026-09-26T11:37:15.436Z] I (99541) RouteLoom: HIL PROBE tx peer=2 type=40 status=3 detail=ESP-NOW peer not found
[2026-09-26T11:37:15.444Z] I (99549) RouteLoom: HIL PROBE tx peer=2 type=40 status=3 detail=ESP-NOW peer not found
[2026-09-26T11:37:15.451Z] I (99556) RouteLoom: HIL PROBE tx peer=2 type=40 status=3 detail=ESP-NOW peer not found
[2026-09-26T11:37:15.460Z] I (99564) RouteLoom: HIL PROBE tx peer=2 type=40 status=3 detail=ESP-NOW peer not found
[2026-09-26T11:37:15.467Z] I (99572) RouteLoom: HIL PROBE tx peer=2 type=40 status=3 detail=ESP-NOW peer not found
[2026-09-26T11:37:15.475Z] I (99580) RouteLoom: HIL PROBE tx peer=2 type=40 status=3 detail=ESP-NOW peer not found
[2026-09-26T11:37:15.482Z] I (99587) RouteLoom: HIL PROBE tx peer=2 type=40 status=3 detail=ESP-NOW peer not found
[2026-09-26T11:37:15.492Z] I (99595) RouteLoom: HIL PROBE tx peer=2 type=40 status=3 detail=ESP-NOW peer not found
[2026-09-26T11:37:15.498Z] I (99603) RouteLoom: HIL PROBE tx peer=2 type=40 status=3 detail=ESP-NOW peer not found
[2026-09-26T11:37:15.506Z] I (99610) RouteLoom: HIL PROBE tx peer=2 type=40 status=3 detail=ESP-NOW peer not found
[2026-09-26T11:37:15.513Z] I (99618) RouteLoom: HIL PROBE tx peer=2 type=40 status=3 detail=ESP-NOW peer not found
[2026-09-26T11:37:15.521Z] I (99626) RouteLoom: HIL PROBE tx peer=2 type=40 status=3 detail=ESP-NOW peer not found
[2026-09-26T11:37:15.529Z] I (99634) RouteLoom: HIL PROBE tx peer=2 type=40 status=3 detail=ESP-NOW peer not found
[2026-09-26T11:37:15.536Z] I (99642) RouteLoom: HIL PROBE tx peer=2 type=40 status=3 detail=ESP-NOW peer not found
[2026-09-26T11:37:15.544Z] I (99649) RouteLoom: HIL PROBE tx peer=2 type=40 status=3 detail=ESP-NOW peer not found
[2026-09-26T11:37:15.552Z] I (99657) RouteLoom: HIL PROBE tx peer=2 type=40 status=3 detail=ESP-NOW peer not found
[2026-09-26T11:37:15.560Z] I (99665) RouteLoom: HIL PROBE tx peer=2 type=40 status=3 detail=ESP-NOW peer not found
[2026-09-26T11:37:15.567Z] I (99672) RouteLoom: HIL PROBE tx peer=2 type=40 status=3 detail=ESP-NOW peer not found
[2026-09-26T11:37:15.575Z] I (99680) RouteLoom: HIL PROBE tx peer=2 type=40 status=3 detail=ESP-NOW peer not found
[2026-09-26T11:37:15.583Z] I (99688) RouteLoom: HIL PROBE tx peer=2 type=40 status=3 detail=ESP-NOW peer not found
[2026-09-26T11:37:15.591Z] I (99695) RouteLoom: HIL PROBE tx peer=2 type=40 status=3 detail=ESP-NOW peer not found
[2026-09-26T11:37:15.598Z] I (99703) RouteLoom: HIL PROBE tx peer=2 type=40 status=3 detail=ESP-NOW peer not found
[2026-09-26T11:37:15.606Z] I (99711) RouteLoom: HIL PROBE tx peer=2 type=40 status=3 detail=ESP-NOW peer not found
[2026-09-26T11:37:15.614Z] I (99719) RouteLoom: HIL PROBE tx peer=2 type=40 status=3 detail=ESP-NOW peer not found
[2026-09-26T11:37:15.622Z] I (99726) RouteLoom: HIL PROBE tx peer=2 type=40 status=3 detail=ESP-NOW peer not found
[2026-09-26T11:37:15.629Z] I (99734) RouteLoom: HIL PROBE tx peer=2 type=40 status=3 detail=ESP-NOW peer not found
[2026-09-26T11:37:15.637Z] I (99742) RouteLoom: HIL PROBE tx peer=2 type=40 status=3 detail=ESP-NOW peer not found
[2026-09-26T11:37:15.645Z] I (99749) RouteLoom: HIL PROBE tx peer=2 type=40 status=3 detail=ESP-NOW peer not found
[2026-09-26T11:37:15.655Z] I (99757) RouteLoom: HIL PROBE tx peer=2 type=40 status=3 detail=ESP-NOW peer not found
[2026-09-26T11:37:15.660Z] I (99765) RouteLoom: HIL PROBE tx peer=2 type=40 status=3 detail=ESP-NOW peer not found
[2026-09-26T11:37:15.668Z] I (99773) RouteLoom: HIL PROBE tx peer=2 type=40 status=3 detail=ESP-NOW peer not found
[2026-09-26T11:37:15.676Z] I (99780) RouteLoom: HIL PROBE tx peer=2 type=40 status=3 detail=ESP-NOW peer not found
[2026-09-26T11:37:15.683Z] I (99788) RouteLoom: HIL PROBE tx peer=2 type=40 status=3 detail=ESP-NOW peer not found
[2026-09-26T11:37:15.691Z] I (99796) RouteLoom: HIL PROBE tx peer=2 type=40 status=3 detail=ESP-NOW peer not found
[2026-09-26T11:37:15.699Z] I (99804) RouteLoom: HIL PROBE tx peer=2 type=40 status=3 detail=ESP-NOW peer not found
[2026-09-26T11:37:15.706Z] I (99811) RouteLoom: HIL PROBE tx peer=2 type=40 status=3 detail=ESP-NOW peer not found
[2026-09-26T11:37:15.714Z] I (99819) RouteLoom: HIL PROBE tx peer=2 type=40 status=3 detail=ESP-NOW peer not found
[2026-09-26T11:37:15.722Z] I (99827) RouteLoom: HIL PROBE tx peer=2 type=40 status=3 detail=ESP-NOW peer not found
[2026-09-26T11:37:15.730Z] I (99834) RouteLoom: HIL PROBE tx peer=2 type=40 status=3 detail=ESP-NOW peer not found
[2026-09-26T11:37:15.739Z] I (99842) RouteLoom: HIL PROBE tx peer=2 type=40 status=3 detail=ESP-NOW peer not found
[2026-09-26T11:37:15.745Z] I (99850) RouteLoom: HIL PROBE tx peer=2 type=40 status=3 detail=ESP-NOW peer not found
[2026-09-26T11:37:15.753Z] I (99858) RouteLoom: HIL PROBE tx peer=2 type=40 status=3 detail=ESP-NOW peer not found
[2026-09-26T11:37:15.761Z] I (99865) RouteLoom: HIL PROBE tx peer=2 type=40 status=3 detail=ESP-NOW peer not found
[2026-09-26T11:37:15.768Z] I (99873) RouteLoom: HIL PROBE tx peer=2 type=40 status=3 detail=ESP-NOW peer not found
[2026-09-26T11:37:15.776Z] I (99881) RouteLoom: HIL PROBE tx peer=2 type=40 status=3 detail=ESP-NOW peer not found
[2026-09-26T11:37:15.784Z] I (99889) RouteLoom: HIL PROBE tx peer=2 type=40 status=3 detail=ESP-NOW peer not found
[2026-09-26T11:37:15.791Z] I (99896) RouteLoom: HIL PROBE tx peer=2 type=40 status=3 detail=ESP-NOW peer not found
[2026-09-26T11:37:15.799Z] I (99904) RouteLoom: HIL PROBE tx peer=2 type=40 status=3 detail=ESP-NOW peer not found
[2026-09-26T11:37:15.807Z] I (99912) RouteLoom: HIL PROBE tx peer=2 type=40 status=3 detail=ESP-NOW peer not found
[2026-09-26T11:37:15.815Z] I (99919) RouteLoom: HIL PROBE tx peer=2 type=40 status=3 detail=ESP-NOW peer not found
[2026-09-26T11:37:15.822Z] I (99927) RouteLoom: HIL PROBE tx peer=2 type=40 status=3 detail=ESP-NOW peer not found
[2026-09-26T11:37:15.835Z] I (99935) RouteLoom: HIL PROBE tx peer=2 type=40 status=3 detail=ESP-NOW peer not found
[2026-09-26T11:37:15.838Z] I (99943) RouteLoom: HIL PROBE tx peer=2 type=40 status=3 detail=ESP-NOW peer not found
[2026-09-26T11:37:15.845Z] I (99950) RouteLoom: HIL PROBE tx peer=2 type=40 status=3 detail=ESP-NOW peer not found
[2026-09-26T11:37:15.853Z] I (99958) RouteLoom: HIL PROBE tx peer=2 type=40 status=3 detail=ESP-NOW peer not found
[2026-09-26T11:37:15.861Z] I (99966) RouteLoom: HIL PROBE tx peer=2 type=40 status=3 detail=ESP-NOW peer not found
[2026-09-26T11:37:15.869Z] I (99973) RouteLoom: HIL PROBE tx peer=2 type=40 status=3 detail=ESP-NOW peer not found
[2026-09-26T11:37:15.876Z] I (99981) RouteLoom: HIL PROBE tx peer=2 type=40 status=3 detail=ESP-NOW peer not found
[2026-09-26T11:37:15.884Z] I (99989) RouteLoom: HIL PROBE tx peer=2 type=40 status=3 detail=ESP-NOW peer not found
[2026-09-26T11:37:15.892Z] I (99997) RouteLoom: HIL PROBE tx peer=2 type=40 status=3 detail=ESP-NOW peer not found
[2026-09-26T11:37:15.900Z] I (100004) RouteLoom: HIL PROBE tx peer=2 type=40 status=3 detail=ESP-NOW peer not found
[2026-09-26T11:37:15.907Z] I (100012) RouteLoom: HIL PROBE tx peer=2 type=40 status=3 detail=ESP-NOW peer not found
[2026-09-26T11:37:15.915Z] I (100020) RouteLoom: HIL PROBE tx peer=2 type=40 status=3 detail=ESP-NOW peer not found
[2026-09-26T11:37:15.923Z] I (100028) RouteLoom: HIL PROBE tx peer=2 type=40 status=3 detail=ESP-NOW peer not found
[2026-09-26T11:37:15.931Z] I (100036) RouteLoom: HIL PROBE tx peer=2 type=40 status=3 detail=ESP-NOW peer not found
[2026-09-26T11:37:15.939Z] I (100043) RouteLoom: HIL PROBE tx peer=2 type=40 status=3 detail=ESP-NOW peer not found
[2026-09-26T11:37:15.947Z] I (100051) RouteLoom: HIL PROBE tx peer=2 type=40 status=3 detail=ESP-NOW peer not found
[2026-09-26T11:37:15.954Z] I (100059) RouteLoom: HIL PROBE tx peer=2 type=40 status=3 detail=ESP-NOW peer not found
[2026-09-26T11:37:15.963Z] I (100067) RouteLoom: HIL PROBE tx peer=2 type=40 status=3 detail=ESP-NOW peer not found
[2026-09-26T11:37:15.970Z] I (100075) RouteLoom: HIL PROBE tx peer=2 type=40 status=3 detail=ESP-NOW peer not found
[2026-09-26T11:37:15.978Z] I (100083) RouteLoom: HIL PROBE tx peer=2 type=40 status=3 detail=ESP-NOW peer not found
[2026-09-26T11:37:15.986Z] I (100090) RouteLoom: HIL PROBE tx peer=2 type=40 status=3 detail=ESP-NOW peer not found
[2026-09-26T11:37:15.993Z] I (100098) RouteLoom: HIL PROBE tx peer=2 type=40 status=3 detail=ESP-NOW peer not found
[2026-09-26T11:37:16.001Z] I (100106) RouteLoom: HIL PROBE tx peer=2 type=40 status=3 detail=ESP-NOW peer not found
[2026-09-26T11:37:16.009Z] I (100114) RouteLoom: HIL PROBE tx peer=2 type=40 status=3 detail=ESP-NOW peer not found
[2026-09-26T11:37:16.017Z] I (100122) RouteLoom: HIL PROBE tx peer=2 type=40 status=3 detail=ESP-NOW peer not found
[2026-09-26T11:37:16.025Z] I (100129) RouteLoom: HIL PROBE tx peer=2 type=40 status=3 detail=ESP-NOW peer not found
[2026-09-26T11:37:16.032Z] I (100137) RouteLoom: HIL PROBE tx peer=2 type=40 status=3 detail=ESP-NOW peer not found
[2026-09-26T11:37:16.040Z] I (100145) RouteLoom: HIL PROBE tx peer=2 type=40 status=3 detail=ESP-NOW peer not found
[2026-09-26T11:37:16.050Z] I (100153) RouteLoom: HIL PROBE tx peer=2 type=40 status=3 detail=ESP-NOW peer not found
[2026-09-26T11:37:16.056Z] I (100161) RouteLoom: HIL PROBE tx peer=2 type=40 status=3 detail=ESP-NOW peer not found
[2026-09-26T11:37:16.064Z] I (100168) RouteLoom: HIL PROBE tx peer=2 type=40 status=3 detail=ESP-NOW peer not found
[2026-09-26T11:37:16.071Z] I (100176) RouteLoom: HIL PROBE tx peer=2 type=40 status=3 detail=ESP-NOW peer not found
[2026-09-26T11:37:16.079Z] I (100184) RouteLoom: HIL PROBE tx peer=2 type=40 status=3 detail=ESP-NOW peer not found
[2026-09-26T11:37:16.087Z] I (100192) RouteLoom: HIL PROBE tx peer=2 type=40 status=3 detail=ESP-NOW peer not found
[2026-09-26T11:37:16.095Z] I (100200) RouteLoom: HIL PROBE tx peer=2 type=40 status=3 detail=ESP-NOW peer not found
[2026-09-26T11:37:16.103Z] I (100208) RouteLoom: HIL PROBE tx peer=2 type=40 status=3 detail=ESP-NOW peer not found
[2026-09-26T11:37:16.111Z] I (100215) RouteLoom: HIL PROBE tx peer=2 type=40 status=3 detail=ESP-NOW peer not found
[2026-09-26T11:37:16.118Z] I (100223) RouteLoom: HIL PROBE tx peer=2 type=40 status=3 detail=ESP-NOW peer not found
[2026-09-26T11:37:16.126Z] I (100231) RouteLoom: HIL PROBE tx peer=2 type=40 status=3 detail=ESP-NOW peer not found
[2026-09-26T11:37:16.134Z] I (100239) RouteLoom: HIL PROBE tx peer=2 type=40 status=3 detail=ESP-NOW peer not found
[2026-09-26T11:37:16.142Z] I (100247) RouteLoom: HIL PROBE tx peer=2 type=40 status=3 detail=ESP-NOW peer not found
[2026-09-26T11:37:16.150Z] I (100254) RouteLoom: HIL PROBE tx peer=2 type=40 status=3 detail=ESP-NOW peer not found
[2026-09-26T11:37:16.158Z] I (100262) RouteLoom: HIL PROBE tx peer=2 type=40 status=3 detail=ESP-NOW peer not found
[2026-09-26T11:37:16.166Z] I (100270) RouteLoom: HIL PROBE tx peer=2 type=40 status=3 detail=ESP-NOW peer not found
[2026-09-26T11:37:16.173Z] I (100278) RouteLoom: HIL PROBE tx peer=2 type=40 status=3 detail=ESP-NOW peer not found
[2026-09-26T11:37:16.181Z] I (100286) RouteLoom: HIL PROBE tx peer=2 type=40 status=3 detail=ESP-NOW peer not found
[2026-09-26T11:37:16.189Z] I (100293) RouteLoom: HIL PROBE tx peer=2 type=40 status=3 detail=ESP-NOW peer not found
[2026-09-26T11:37:16.196Z] I (100301) RouteLoom: HIL PROBE tx peer=2 type=40 status=3 detail=ESP-NOW peer not found
[2026-09-26T11:37:16.204Z] I (100309) RouteLoom: HIL PROBE tx peer=2 type=40 status=3 detail=ESP-NOW peer not found
[2026-09-26T11:37:16.212Z] I (100317) RouteLoom: HIL PROBE tx peer=2 type=40 status=3 detail=ESP-NOW peer not found
[2026-09-26T11:37:16.220Z] I (100325) RouteLoom: HIL PROBE tx peer=2 type=40 status=3 detail=ESP-NOW peer not found
[2026-09-26T11:37:16.228Z] I (100332) RouteLoom: HIL PROBE tx peer=2 type=40 status=3 detail=ESP-NOW peer not found
[2026-09-26T11:37:16.236Z] I (100340) RouteLoom: HIL PROBE tx peer=2 type=40 status=3 detail=ESP-NOW peer not found
[2026-09-26T11:37:16.244Z] I (100348) RouteLoom: HIL PROBE tx peer=2 type=40 status=3 detail=ESP-NOW peer not found
[2026-09-26T11:37:16.251Z] I (100356) RouteLoom: HIL PROBE tx peer=2 type=40 status=3 detail=ESP-NOW peer not found
[2026-09-26T11:37:16.259Z] I (100364) RouteLoom: HIL PROBE tx peer=2 type=40 status=3 detail=ESP-NOW peer not found
[2026-09-26T11:37:16.267Z] I (100372) RouteLoom: HIL PROBE tx peer=2 type=40 status=3 detail=ESP-NOW peer not found
[2026-09-26T11:37:16.275Z] I (100379) RouteLoom: HIL PROBE tx peer=2 type=40 status=3 detail=ESP-NOW peer not found
[2026-09-26T11:37:16.282Z] I (100387) RouteLoom: HIL PROBE tx peer=2 type=40 status=3 detail=ESP-NOW peer not found
[2026-09-26T11:37:16.290Z] I (100395) RouteLoom: HIL PROBE tx peer=2 type=40 status=3 detail=ESP-NOW peer not found
[2026-09-26T11:37:16.298Z] I (100403) RouteLoom: HIL PROBE tx peer=2 type=40 status=3 detail=ESP-NOW peer not found
[2026-09-26T11:37:16.306Z] I (100411) RouteLoom: HIL PROBE tx peer=2 type=40 status=3 detail=ESP-NOW peer not found
[2026-09-26T11:37:16.314Z] I (100418) RouteLoom: HIL PROBE tx peer=2 type=40 status=3 detail=ESP-NOW peer not found
[2026-09-26T11:37:16.321Z] I (100426) RouteLoom: HIL PROBE tx peer=2 type=40 status=3 detail=ESP-NOW peer not found
[2026-09-26T11:37:16.329Z] I (100434) RouteLoom: HIL PROBE tx peer=2 type=40 status=3 detail=ESP-NOW peer not found
[2026-09-26T11:37:16.337Z] I (100442) RouteLoom: HIL PROBE tx peer=2 type=40 status=3 detail=ESP-NOW peer not found
[2026-09-26T11:37:16.345Z] I (100450) RouteLoom: HIL PROBE tx peer=2 type=40 status=3 detail=ESP-NOW peer not found
[2026-09-26T11:37:16.353Z] I (100457) RouteLoom: HIL PROBE tx peer=2 type=40 status=3 detail=ESP-NOW peer not found
[2026-09-26T11:37:16.360Z] I (100465) RouteLoom: HIL PROBE tx peer=2 type=40 status=3 detail=ESP-NOW peer not found
[2026-09-26T11:37:16.368Z] I (100473) RouteLoom: HIL PROBE tx peer=2 type=40 status=3 detail=ESP-NOW peer not found
[2026-09-26T11:37:16.376Z] I (100481) RouteLoom: HIL PROBE tx peer=2 type=40 status=3 detail=ESP-NOW peer not found
[2026-09-26T11:37:16.385Z] I (100489) RouteLoom: HIL PROBE tx peer=2 type=40 status=3 detail=ESP-NOW peer not found
[2026-09-26T11:37:16.392Z] I (100497) RouteLoom: HIL PROBE tx peer=2 type=40 status=3 detail=ESP-NOW peer not found
[2026-09-26T11:37:16.400Z] I (100504) RouteLoom: HIL PROBE tx peer=2 type=40 status=3 detail=ESP-NOW peer not found
[2026-09-26T11:37:16.408Z] I (100512) RouteLoom: HIL PROBE tx peer=2 type=40 status=3 detail=ESP-NOW peer not found
[2026-09-26T11:37:16.415Z] I (100520) RouteLoom: HIL PROBE tx peer=2 type=40 status=3 detail=ESP-NOW peer not found
[2026-09-26T11:37:16.424Z] I (100528) RouteLoom: HIL PROBE tx peer=2 type=40 status=3 detail=ESP-NOW peer not found
[2026-09-26T11:37:16.431Z] I (100536) RouteLoom: HIL PROBE tx peer=2 type=40 status=3 detail=ESP-NOW peer not found
[2026-09-26T11:37:16.439Z] I (100543) RouteLoom: HIL PROBE tx peer=2 type=40 status=3 detail=ESP-NOW peer not found
[2026-09-26T11:37:16.446Z] I (100551) RouteLoom: HIL PROBE tx peer=2 type=40 status=3 detail=ESP-NOW peer not found
[2026-09-26T11:37:16.454Z] I (100559) RouteLoom: HIL PROBE tx peer=2 type=40 status=3 detail=ESP-NOW peer not found
[2026-09-26T11:37:16.462Z] I (100567) RouteLoom: HIL PROBE tx peer=2 type=40 status=3 detail=ESP-NOW peer not found
[2026-09-26T11:37:16.470Z] I (100575) RouteLoom: HIL PROBE tx peer=2 type=40 status=3 detail=ESP-NOW peer not found
[2026-09-26T11:37:16.478Z] I (100582) RouteLoom: HIL PROBE tx peer=2 type=40 status=3 detail=ESP-NOW peer not found
[2026-09-26T11:37:16.485Z] I (100590) RouteLoom: HIL PROBE tx peer=2 type=40 status=3 detail=ESP-NOW peer not found
[2026-09-26T11:37:16.493Z] I (100598) RouteLoom: HIL PROBE tx peer=2 type=40 status=3 detail=ESP-NOW peer not found
[2026-09-26T11:37:16.501Z] I (100606) RouteLoom: HIL PROBE tx peer=2 type=40 status=3 detail=ESP-NOW peer not found
[2026-09-26T11:37:16.509Z] I (100614) RouteLoom: HIL PROBE tx peer=2 type=40 status=3 detail=ESP-NOW peer not found
[2026-09-26T11:37:16.517Z] I (100622) RouteLoom: HIL PROBE tx peer=2 type=40 status=3 detail=ESP-NOW peer not found
[2026-09-26T11:37:16.525Z] I (100629) RouteLoom: HIL PROBE tx peer=2 type=40 status=3 detail=ESP-NOW peer not found
[2026-09-26T11:37:16.532Z] I (100637) RouteLoom: HIL PROBE tx peer=2 type=40 status=3 detail=ESP-NOW peer not found
[2026-09-26T11:37:16.540Z] I (100645) RouteLoom: HIL PROBE tx peer=2 type=40 status=3 detail=ESP-NOW peer not found
[2026-09-26T11:37:16.548Z] I (100653) RouteLoom: HIL PROBE tx peer=2 type=40 status=3 detail=ESP-NOW peer not found
[2026-09-26T11:37:16.556Z] I (100661) RouteLoom: HIL PROBE tx peer=2 type=40 status=3 detail=ESP-NOW peer not found
[2026-09-26T11:37:16.564Z] I (100668) RouteLoom: HIL PROBE tx peer=2 type=40 status=3 detail=ESP-NOW peer not found
[2026-09-26T11:37:16.571Z] I (100676) RouteLoom: HIL PROBE tx peer=2 type=40 status=3 detail=ESP-NOW peer not found
[2026-09-26T11:37:16.579Z] I (100684) RouteLoom: HIL PROBE tx peer=2 type=40 status=3 detail=ESP-NOW peer not found
[2026-09-26T11:37:16.587Z] I (100692) RouteLoom: HIL PROBE tx peer=2 type=40 status=3 detail=ESP-NOW peer not found
[2026-09-26T11:37:16.596Z] I (100700) RouteLoom: HIL PROBE tx peer=2 type=40 status=3 detail=ESP-NOW peer not found
[2026-09-26T11:37:16.603Z] I (100707) RouteLoom: HIL PROBE tx peer=2 type=40 status=3 detail=ESP-NOW peer not found
[2026-09-26T11:37:16.610Z] I (100715) RouteLoom: HIL PROBE tx peer=2 type=40 status=3 detail=ESP-NOW peer not found
[2026-09-26T11:37:16.618Z] I (100723) RouteLoom: HIL PROBE tx peer=2 type=40 status=3 detail=ESP-NOW peer not found
[2026-09-26T11:37:16.626Z] I (100731) RouteLoom: HIL PROBE tx peer=2 type=40 status=3 detail=ESP-NOW peer not found
[2026-09-26T11:37:16.634Z] I (100739) RouteLoom: HIL PROBE tx peer=2 type=40 status=3 detail=ESP-NOW peer not found
[2026-09-26T11:37:16.642Z] I (100747) RouteLoom: HIL PROBE tx peer=2 type=40 status=3 detail=ESP-NOW peer not found
[2026-09-26T11:37:16.650Z] I (100754) RouteLoom: HIL PROBE tx peer=2 type=40 status=3 detail=ESP-NOW peer not found
[2026-09-26T11:37:16.657Z] I (100762) RouteLoom: HIL PROBE tx peer=2 type=40 status=3 detail=ESP-NOW peer not found
[2026-09-26T11:37:16.667Z] I (100770) RouteLoom: HIL PROBE tx peer=2 type=40 status=3 detail=ESP-NOW peer not found
[2026-09-26T11:37:16.673Z] I (100778) RouteLoom: HIL PROBE tx peer=2 type=40 status=3 detail=ESP-NOW peer not found
[2026-09-26T11:37:16.687Z] I (100786) RouteLoom: HIL PROBE tx peer=2 type=40 status=3 detail=ESP-NOW peer not found
[2026-09-26T11:37:16.689Z] I (100793) RouteLoom: HIL PROBE tx peer=2 type=40 status=3 detail=ESP-NOW peer not found
[2026-09-26T11:37:16.696Z] I (100801) RouteLoom: HIL PROBE tx peer=2 type=40 status=3 detail=ESP-NOW peer not found
[2026-09-26T11:37:16.704Z] I (100809) RouteLoom: HIL PROBE tx peer=2 type=40 status=3 detail=ESP-NOW peer not found
[2026-09-26T11:37:16.712Z] I (100817) RouteLoom: HIL PROBE tx peer=2 type=40 status=3 detail=ESP-NOW peer not found
[2026-09-26T11:37:16.720Z] I (100825) RouteLoom: HIL PROBE tx peer=2 type=40 status=3 detail=ESP-NOW peer not found
[2026-09-26T11:37:16.728Z] I (100832) RouteLoom: HIL PROBE tx peer=2 type=40 status=3 detail=ESP-NOW peer not found
[2026-09-26T11:37:16.735Z] I (100840) RouteLoom: HIL PROBE tx peer=2 type=40 status=3 detail=ESP-NOW peer not found
[2026-09-26T11:37:16.743Z] I (100848) RouteLoom: HIL PROBE tx peer=2 type=40 status=3 detail=ESP-NOW peer not found
[2026-09-26T11:37:16.751Z] I (100856) RouteLoom: HIL PROBE tx peer=2 type=40 status=3 detail=ESP-NOW peer not found
[2026-09-26T11:37:16.759Z] I (100864) RouteLoom: HIL PROBE tx peer=2 type=40 status=3 detail=ESP-NOW peer not found
[2026-09-26T11:37:16.767Z] I (100871) RouteLoom: HIL PROBE tx peer=2 type=40 status=3 detail=ESP-NOW peer not found
[2026-09-26T11:37:16.775Z] I (100879) RouteLoom: HIL PROBE tx peer=2 type=40 status=3 detail=ESP-NOW peer not found
[2026-09-26T11:37:16.783Z] I (100887) RouteLoom: HIL PROBE tx peer=2 type=40 status=3 detail=ESP-NOW peer not found
[2026-09-26T11:37:16.790Z] I (100895) RouteLoom: HIL PROBE tx peer=2 type=40 status=3 detail=ESP-NOW peer not found
[2026-09-26T11:37:16.798Z] I (100903) RouteLoom: HIL PROBE tx peer=2 type=40 status=3 detail=ESP-NOW peer not found
[2026-09-26T11:37:16.806Z] I (100911) RouteLoom: HIL PROBE tx peer=2 type=40 status=3 detail=ESP-NOW peer not found
[2026-09-26T11:37:16.814Z] I (100918) RouteLoom: HIL PROBE tx peer=2 type=40 status=3 detail=ESP-NOW peer not found
[2026-09-26T11:37:16.822Z] I (100926) RouteLoom: HIL PROBE tx peer=2 type=40 status=3 detail=ESP-NOW peer not found
[2026-09-26T11:37:16.829Z] I (100934) RouteLoom: HIL PROBE tx peer=2 type=40 status=3 detail=ESP-NOW peer not found
[2026-09-26T11:37:16.837Z] I (100942) RouteLoom: HIL PROBE tx peer=2 type=40 status=3 detail=ESP-NOW peer not found
[2026-09-26T11:37:16.845Z] I (100950) RouteLoom: HIL PROBE tx peer=2 type=40 status=3 detail=ESP-NOW peer not found
[2026-09-26T11:37:16.853Z] I (100957) RouteLoom: HIL PROBE tx peer=2 type=40 status=3 detail=ESP-NOW peer not found
[2026-09-26T11:37:16.860Z] I (100965) RouteLoom: HIL PROBE tx peer=2 type=40 status=3 detail=ESP-NOW peer not found
[2026-09-26T11:37:16.868Z] I (100973) RouteLoom: HIL PROBE tx peer=2 type=40 status=3 detail=ESP-NOW peer not found
[2026-09-26T11:37:16.876Z] I (100981) RouteLoom: HIL PROBE tx peer=2 type=40 status=3 detail=ESP-NOW peer not found
[2026-09-26T11:37:16.884Z] I (100989) RouteLoom: HIL PROBE tx peer=2 type=40 status=3 detail=ESP-NOW peer not found
[2026-09-26T11:37:16.892Z] I (100996) RouteLoom: HIL PROBE tx peer=2 type=40 status=3 detail=ESP-NOW peer not found
[2026-09-26T11:37:16.900Z] I (101004) RouteLoom: HIL PROBE tx peer=2 type=40 status=3 detail=ESP-NOW peer not found
[2026-09-26T11:37:16.907Z] I (101012) RouteLoom: HIL PROBE tx peer=2 type=40 status=3 detail=ESP-NOW peer not found
[2026-09-26T11:37:16.915Z] I (101020) RouteLoom: HIL PROBE tx peer=2 type=40 status=3 detail=ESP-NOW peer not found
[2026-09-26T11:37:16.923Z] I (101028) RouteLoom: HIL PROBE tx peer=2 type=40 status=3 detail=ESP-NOW peer not found
[2026-09-26T11:37:16.931Z] I (101036) RouteLoom: HIL PROBE tx peer=2 type=40 status=3 detail=ESP-NOW peer not found
[2026-09-26T11:37:16.940Z] I (101043) RouteLoom: HIL PROBE tx peer=2 type=40 status=3 detail=ESP-NOW peer not found
[2026-09-26T11:37:16.946Z] I (101051) RouteLoom: HIL PROBE tx peer=2 type=40 status=3 detail=ESP-NOW peer not found
[2026-09-26T11:37:16.956Z] I (101059) RouteLoom: HIL PROBE tx peer=2 type=40 status=3 detail=ESP-NOW peer not found
[2026-09-26T11:37:16.962Z] I (101067) RouteLoom: HIL PROBE tx peer=2 type=40 status=3 detail=ESP-NOW peer not found
[2026-09-26T11:37:16.970Z] I (101075) RouteLoom: HIL PROBE tx peer=2 type=40 status=3 detail=ESP-NOW peer not found
[2026-09-26T11:37:16.978Z] I (101082) RouteLoom: HIL PROBE tx peer=2 type=40 status=3 detail=ESP-NOW peer not found
[2026-09-26T11:37:16.985Z] I (101090) RouteLoom: HIL PROBE tx peer=2 type=40 status=3 detail=ESP-NOW peer not found
[2026-09-26T11:37:16.993Z] I (101098) RouteLoom: HIL PROBE tx peer=2 type=40 status=3 detail=ESP-NOW peer not found
[2026-09-26T11:37:17.001Z] I (101106) RouteLoom: HIL PROBE tx peer=2 type=40 status=3 detail=ESP-NOW peer not found
[2026-09-26T11:37:17.009Z] I (101114) RouteLoom: HIL PROBE tx peer=2 type=40 status=3 detail=ESP-NOW peer not found
[2026-09-26T11:37:17.018Z] I (101121) RouteLoom: HIL PROBE tx peer=2 type=40 status=3 detail=ESP-NOW peer not found
[2026-09-26T11:37:17.024Z] I (101129) RouteLoom: HIL PROBE tx peer=2 type=40 status=3 detail=ESP-NOW peer not found
[2026-09-26T11:37:17.032Z] I (101137) RouteLoom: HIL PROBE tx peer=2 type=40 status=3 detail=ESP-NOW peer not found
[2026-09-26T11:37:17.040Z] I (101145) RouteLoom: HIL PROBE tx peer=2 type=40 status=3 detail=ESP-NOW peer not found
[2026-09-26T11:37:17.048Z] I (101153) RouteLoom: HIL PROBE tx peer=2 type=40 status=3 detail=ESP-NOW peer not found
[2026-09-26T11:37:17.056Z] I (101161) RouteLoom: HIL PROBE tx peer=2 type=40 status=3 detail=ESP-NOW peer not found
[2026-09-26T11:37:17.064Z] I (101168) RouteLoom: HIL PROBE tx peer=2 type=40 status=3 detail=ESP-NOW peer not found
[2026-09-26T11:37:17.071Z] I (101176) RouteLoom: HIL PROBE tx peer=2 type=40 status=3 detail=ESP-NOW peer not found
[2026-09-26T11:37:17.079Z] I (101184) RouteLoom: HIL PROBE tx peer=2 type=40 status=3 detail=ESP-NOW peer not found
[2026-09-26T11:37:17.087Z] I (101192) RouteLoom: HIL PROBE tx peer=2 type=40 status=3 detail=ESP-NOW peer not found
[2026-09-26T11:37:17.095Z] I (101200) RouteLoom: HIL PROBE tx peer=2 type=40 status=3 detail=ESP-NOW peer not found
[2026-09-26T11:37:17.103Z] I (101207) RouteLoom: HIL PROBE tx peer=2 type=40 status=3 detail=ESP-NOW peer not found
[2026-09-26T11:37:17.110Z] I (101215) RouteLoom: HIL PROBE tx peer=2 type=40 status=3 detail=ESP-NOW peer not found
[2026-09-26T11:37:17.118Z] I (101223) RouteLoom: HIL PROBE tx peer=2 type=40 status=3 detail=ESP-NOW peer not found
[2026-09-26T11:37:17.126Z] I (101231) RouteLoom: HIL PROBE tx peer=2 type=40 status=3 detail=ESP-NOW peer not found
[2026-09-26T11:37:17.134Z] I (101239) RouteLoom: HIL PROBE tx peer=2 type=40 status=3 detail=ESP-NOW peer not found
[2026-09-26T11:37:17.142Z] I (101246) RouteLoom: HIL PROBE tx peer=2 type=40 status=3 detail=ESP-NOW peer not found
[2026-09-26T11:37:17.149Z] I (101254) RouteLoom: HIL PROBE tx peer=2 type=40 status=3 detail=ESP-NOW peer not found
[2026-09-26T11:37:17.157Z] I (101262) RouteLoom: HIL PROBE tx peer=2 type=40 status=3 detail=ESP-NOW peer not found
[2026-09-26T11:37:17.165Z] I (101270) RouteLoom: HIL PROBE tx peer=2 type=40 status=3 detail=ESP-NOW peer not found
[2026-09-26T11:37:17.173Z] I (101278) RouteLoom: HIL PROBE tx peer=2 type=40 status=3 detail=ESP-NOW peer not found
[2026-09-26T11:37:17.181Z] I (101286) RouteLoom: HIL PROBE tx peer=2 type=40 status=3 detail=ESP-NOW peer not found
[2026-09-26T11:37:17.189Z] I (101293) RouteLoom: HIL PROBE tx peer=2 type=40 status=3 detail=ESP-NOW peer not found
[2026-09-26T11:37:17.196Z] I (101301) RouteLoom: HIL PROBE tx peer=2 type=40 status=3 detail=ESP-NOW peer not found
[2026-09-26T11:37:17.204Z] I (101309) RouteLoom: HIL PROBE tx peer=2 type=40 status=3 detail=ESP-NOW peer not found
[2026-09-26T11:37:17.212Z] I (101317) RouteLoom: HIL PROBE tx peer=2 type=40 status=3 detail=ESP-NOW peer not found
[2026-09-26T11:37:17.220Z] I (101325) RouteLoom: HIL PROBE tx peer=2 type=40 status=3 detail=ESP-NOW peer not found
[2026-09-26T11:37:17.228Z] I (101333) RouteLoom: HIL PROBE tx peer=2 type=40 status=3 detail=ESP-NOW peer not found
[2026-09-26T11:37:17.235Z] I (101340) RouteLoom: HIL PROBE tx peer=2 type=40 status=3 detail=ESP-NOW peer not found
[2026-09-26T11:37:17.244Z] I (101348) RouteLoom: HIL PROBE tx peer=2 type=40 status=3 detail=ESP-NOW peer not found
[2026-09-26T11:37:17.251Z] I (101356) RouteLoom: HIL PROBE tx peer=2 type=40 status=3 detail=ESP-NOW peer not found
[2026-09-26T11:37:17.259Z] I (101364) RouteLoom: HIL PROBE tx peer=2 type=40 status=3 detail=ESP-NOW peer not found
[2026-09-26T11:37:17.267Z] I (101371) RouteLoom: HIL PROBE tx peer=2 type=40 status=3 detail=ESP-NOW peer not found
[2026-09-26T11:37:17.274Z] I (101379) RouteLoom: HIL PROBE tx peer=2 type=40 status=3 detail=ESP-NOW peer not found
[2026-09-26T11:37:17.282Z] I (101387) RouteLoom: HIL PROBE tx peer=2 type=40 status=3 detail=ESP-NOW peer not found
[2026-09-26T11:37:17.290Z] I (101395) RouteLoom: HIL PROBE tx peer=2 type=40 status=3 detail=ESP-NOW peer not found
[2026-09-26T11:37:17.298Z] I (101403) RouteLoom: HIL PROBE tx peer=2 type=40 status=3 detail=ESP-NOW peer not found
[2026-09-26T11:37:17.306Z] I (101411) RouteLoom: HIL PROBE tx peer=2 type=40 status=3 detail=ESP-NOW peer not found
[2026-09-26T11:37:17.313Z] I (101418) RouteLoom: HIL PROBE tx peer=2 type=40 status=3 detail=ESP-NOW peer not found
[2026-09-26T11:37:17.321Z] I (101426) RouteLoom: HIL PROBE tx peer=2 type=40 status=3 detail=ESP-NOW peer not found
[2026-09-26T11:37:17.329Z] I (101434) RouteLoom: HIL PROBE tx peer=2 type=40 status=3 detail=ESP-NOW peer not found
[2026-09-26T11:37:17.337Z] I (101442) RouteLoom: HIL PROBE tx peer=2 type=40 status=3 detail=ESP-NOW peer not found
[2026-09-26T11:37:17.345Z] I (101450) RouteLoom: HIL PROBE tx peer=2 type=40 status=3 detail=ESP-NOW peer not found
[2026-09-26T11:37:17.353Z] I (101457) RouteLoom: HIL PROBE tx peer=2 type=40 status=3 detail=ESP-NOW peer not found
[2026-09-26T11:37:17.361Z] I (101465) RouteLoom: HIL PROBE tx peer=2 type=40 status=3 detail=ESP-NOW peer not found
[2026-09-26T11:37:17.368Z] I (101473) RouteLoom: HIL PROBE tx peer=2 type=40 status=3 detail=ESP-NOW peer not found
[2026-09-26T11:37:17.376Z] I (101481) RouteLoom: HIL PROBE tx peer=2 type=40 status=3 detail=ESP-NOW peer not found
[2026-09-26T11:37:17.384Z] I (101489) RouteLoom: HIL PROBE tx peer=2 type=40 status=3 detail=ESP-NOW peer not found
[2026-09-26T11:37:17.392Z] I (101496) RouteLoom: HIL PROBE tx peer=2 type=40 status=3 detail=ESP-NOW peer not found
[2026-09-26T11:37:17.400Z] I (101504) RouteLoom: HIL PROBE tx peer=2 type=40 status=3 detail=ESP-NOW peer not found
[2026-09-26T11:37:17.408Z] I (101512) RouteLoom: HIL PROBE tx peer=2 type=40 status=3 detail=ESP-NOW peer not found
[2026-09-26T11:37:17.415Z] I (101520) RouteLoom: HIL PROBE tx peer=2 type=40 status=3 detail=ESP-NOW peer not found
[2026-09-26T11:37:17.423Z] I (101528) RouteLoom: HIL PROBE tx peer=2 type=40 status=3 detail=ESP-NOW peer not found
[2026-09-26T11:37:17.431Z] I (101535) RouteLoom: HIL PROBE tx peer=2 type=40 status=3 detail=ESP-NOW peer not found
[2026-09-26T11:37:17.439Z] I (101543) RouteLoom: HIL PROBE tx peer=2 type=40 status=3 detail=ESP-NOW peer not found
[2026-09-26T11:37:17.447Z] I (101551) RouteLoom: HIL PROBE tx peer=2 type=40 status=3 detail=ESP-NOW peer not found
[2026-09-26T11:37:17.454Z] I (101559) RouteLoom: HIL PROBE tx peer=2 type=40 status=3 detail=ESP-NOW peer not found
[2026-09-26T11:37:17.462Z] I (101567) RouteLoom: HIL PROBE tx peer=2 type=40 status=3 detail=ESP-NOW peer not found
[2026-09-26T11:37:17.470Z] I (101575) RouteLoom: HIL PROBE tx peer=2 type=40 status=3 detail=ESP-NOW peer not found
[2026-09-26T11:37:17.478Z] I (101582) RouteLoom: HIL PROBE tx peer=2 type=40 status=3 detail=ESP-NOW peer not found
[2026-09-26T11:37:17.485Z] I (101590) RouteLoom: HIL PROBE tx peer=2 type=40 status=3 detail=ESP-NOW peer not found
[2026-09-26T11:37:17.493Z] I (101598) RouteLoom: HIL PROBE tx peer=2 type=40 status=3 detail=ESP-NOW peer not found
[2026-09-26T11:37:17.501Z] I (101606) RouteLoom: HIL PROBE tx peer=2 type=40 status=3 detail=ESP-NOW peer not found
[2026-09-26T11:37:17.509Z] I (101614) RouteLoom: HIL PROBE tx peer=2 type=40 status=3 detail=ESP-NOW peer not found
[2026-09-26T11:37:17.517Z] I (101621) RouteLoom: HIL PROBE tx peer=2 type=40 status=3 detail=ESP-NOW peer not found
[2026-09-26T11:37:17.525Z] I (101629) RouteLoom: HIL PROBE tx peer=2 type=40 status=3 detail=ESP-NOW peer not found
[2026-09-26T11:37:17.533Z] I (101637) RouteLoom: HIL PROBE tx peer=2 type=40 status=3 detail=ESP-NOW peer not found
[2026-09-26T11:37:17.540Z] I (101645) RouteLoom: HIL PROBE tx peer=2 type=40 status=3 detail=ESP-NOW peer not found
[2026-09-26T11:37:17.548Z] I (101653) RouteLoom: HIL PROBE tx peer=2 type=40 status=3 detail=ESP-NOW peer not found
[2026-09-26T11:37:17.556Z] I (101660) RouteLoom: HIL PROBE tx peer=2 type=40 status=3 detail=ESP-NOW peer not found
[2026-09-26T11:37:17.564Z] I (101668) RouteLoom: HIL PROBE tx peer=2 type=40 status=3 detail=ESP-NOW peer not found
[2026-09-26T11:37:17.572Z] I (101676) RouteLoom: HIL PROBE tx peer=2 type=40 status=3 detail=ESP-NOW peer not found
[2026-09-26T11:37:17.579Z] I (101684) RouteLoom: HIL PROBE tx peer=2 type=40 status=3 detail=ESP-NOW peer not found
[2026-09-26T11:37:17.587Z] I (101692) RouteLoom: HIL PROBE tx peer=2 type=40 status=3 detail=ESP-NOW peer not found
[2026-09-26T11:37:17.595Z] I (101700) RouteLoom: HIL PROBE tx peer=2 type=40 status=3 detail=ESP-NOW peer not found
[2026-09-26T11:37:17.603Z] I (101707) RouteLoom: HIL PROBE tx peer=2 type=40 status=3 detail=ESP-NOW peer not found
[2026-09-26T11:37:17.611Z] I (101715) RouteLoom: HIL PROBE tx peer=2 type=40 status=3 detail=ESP-NOW peer not found
[2026-09-26T11:37:17.619Z] I (101723) RouteLoom: HIL PROBE tx peer=2 type=40 status=3 detail=ESP-NOW peer not found
[2026-09-26T11:37:17.626Z] I (101731) RouteLoom: HIL PROBE tx peer=2 type=40 status=3 detail=ESP-NOW peer not found
[2026-09-26T11:37:17.634Z] I (101739) RouteLoom: HIL PROBE tx peer=2 type=40 status=3 detail=ESP-NOW peer not found
[2026-09-26T11:37:17.642Z] I (101746) RouteLoom: HIL PROBE tx peer=2 type=40 status=3 detail=ESP-NOW peer not found
[2026-09-26T11:37:17.650Z] I (101754) RouteLoom: HIL PROBE tx peer=2 type=40 status=3 detail=ESP-NOW peer not found
[2026-09-26T11:37:17.658Z] I (101762) RouteLoom: HIL PROBE tx peer=2 type=40 status=3 detail=ESP-NOW peer not found
[2026-09-26T11:37:17.665Z] I (101770) RouteLoom: HIL PROBE tx peer=2 type=40 status=3 detail=ESP-NOW peer not found
[2026-09-26T11:37:17.673Z] I (101778) RouteLoom: HIL PROBE tx peer=2 type=40 status=3 detail=ESP-NOW peer not found
[2026-09-26T11:37:17.681Z] I (101785) RouteLoom: HIL PROBE tx peer=2 type=40 status=3 detail=ESP-NOW peer not found
[2026-09-26T11:37:17.689Z] I (101793) RouteLoom: HIL PROBE tx peer=2 type=40 status=3 detail=ESP-NOW peer not found
[2026-09-26T11:37:17.696Z] I (101801) RouteLoom: HIL PROBE tx peer=2 type=40 status=3 detail=ESP-NOW peer not found
[2026-09-26T11:37:17.704Z] I (101809) RouteLoom: HIL PROBE tx peer=2 type=40 status=3 detail=ESP-NOW peer not found
[2026-09-26T11:37:17.712Z] I (101817) RouteLoom: HIL PROBE tx peer=2 type=40 status=3 detail=ESP-NOW peer not found
[2026-09-26T11:37:17.720Z] I (101825) RouteLoom: HIL PROBE tx peer=2 type=40 status=3 detail=ESP-NOW peer not found
[2026-09-26T11:37:17.728Z] I (101832) RouteLoom: HIL PROBE tx peer=2 type=40 status=3 detail=ESP-NOW peer not found
[2026-09-26T11:37:17.736Z] I (101840) RouteLoom: HIL PROBE tx peer=2 type=40 status=3 detail=ESP-NOW peer not found
[2026-09-26T11:37:17.743Z] I (101848) RouteLoom: HIL PROBE tx peer=2 type=40 status=3 detail=ESP-NOW peer not found
[2026-09-26T11:37:17.751Z] I (101856) RouteLoom: HIL PROBE tx peer=2 type=40 status=3 detail=ESP-NOW peer not found
[2026-09-26T11:37:17.759Z] I (101864) RouteLoom: HIL PROBE tx peer=2 type=40 status=3 detail=ESP-NOW peer not found
[2026-09-26T11:37:17.767Z] I (101871) RouteLoom: HIL PROBE tx peer=2 type=40 status=3 detail=ESP-NOW peer not found
[2026-09-26T11:37:17.774Z] I (101879) RouteLoom: HIL PROBE tx peer=2 type=40 status=3 detail=ESP-NOW peer not found
[2026-09-26T11:37:17.782Z] I (101887) RouteLoom: HIL PROBE tx peer=2 type=40 status=3 detail=ESP-NOW peer not found
[2026-09-26T11:37:17.790Z] I (101895) RouteLoom: HIL PROBE tx peer=2 type=40 status=3 detail=ESP-NOW peer not found
[2026-09-26T11:37:17.798Z] I (101903) RouteLoom: HIL PROBE tx peer=2 type=40 status=3 detail=ESP-NOW peer not found
[2026-09-26T11:37:17.806Z] I (101910) RouteLoom: HIL PROBE tx peer=2 type=40 status=3 detail=ESP-NOW peer not found
[2026-09-26T11:37:17.814Z] I (101918) RouteLoom: HIL PROBE tx peer=2 type=40 status=3 detail=ESP-NOW peer not found
[2026-09-26T11:37:17.821Z] I (101926) RouteLoom: HIL PROBE tx peer=2 type=40 status=3 detail=ESP-NOW peer not found
[2026-09-26T11:37:17.829Z] I (101934) RouteLoom: HIL PROBE tx peer=2 type=40 status=3 detail=ESP-NOW peer not found
[2026-09-26T11:37:17.837Z] I (101942) RouteLoom: HIL PROBE tx peer=2 type=40 status=3 detail=ESP-NOW peer not found
[2026-09-26T11:37:17.845Z] I (101950) RouteLoom: HIL PROBE tx peer=2 type=40 status=3 detail=ESP-NOW peer not found
[2026-09-26T11:37:17.853Z] I (101957) RouteLoom: HIL PROBE tx peer=2 type=40 status=3 detail=ESP-NOW peer not found
[2026-09-26T11:37:17.860Z] I (101965) RouteLoom: HIL PROBE tx peer=2 type=40 status=3 detail=ESP-NOW peer not found
[2026-09-26T11:37:17.868Z] I (101973) RouteLoom: HIL PROBE tx peer=2 type=40 status=3 detail=ESP-NOW peer not found
[2026-09-26T11:37:17.876Z] I (101981) RouteLoom: HIL PROBE tx peer=2 type=40 status=3 detail=ESP-NOW peer not found
[2026-09-26T11:37:17.884Z] I (101989) RouteLoom: HIL PROBE tx peer=2 type=40 status=3 detail=ESP-NOW peer not found
[2026-09-26T11:37:17.892Z] I (101996) RouteLoom: HIL PROBE tx peer=2 type=40 status=3 detail=ESP-NOW peer not found
[2026-09-26T11:37:17.900Z] I (102004) RouteLoom: HIL PROBE tx peer=2 type=40 status=3 detail=ESP-NOW peer not found
[2026-09-26T11:37:17.907Z] I (102012) RouteLoom: HIL PROBE tx peer=2 type=40 status=3 detail=ESP-NOW peer not found
[2026-09-26T11:37:17.915Z] I (102020) RouteLoom: HIL PROBE tx peer=2 type=40 status=3 detail=ESP-NOW peer not found
[2026-09-26T11:37:17.923Z] I (102028) RouteLoom: HIL PROBE tx peer=2 type=40 status=3 detail=ESP-NOW peer not found
[2026-09-26T11:37:17.931Z] I (102035) RouteLoom: HIL PROBE tx peer=2 type=40 status=3 detail=ESP-NOW peer not found
[2026-09-26T11:37:17.939Z] I (102043) RouteLoom: HIL PROBE tx peer=2 type=40 status=3 detail=ESP-NOW peer not found
[2026-09-26T11:37:17.946Z] I (102051) RouteLoom: HIL PROBE tx peer=2 type=40 status=3 detail=ESP-NOW peer not found
[2026-09-26T11:37:17.954Z] I (102059) RouteLoom: HIL PROBE tx peer=2 type=40 status=3 detail=ESP-NOW peer not found
[2026-09-26T11:37:17.962Z] I (102067) RouteLoom: HIL PROBE tx peer=2 type=40 status=3 detail=ESP-NOW peer not found
[2026-09-26T11:37:17.970Z] I (102074) RouteLoom: HIL PROBE tx peer=2 type=40 status=3 detail=ESP-NOW peer not found
[2026-09-26T11:37:17.978Z] I (102082) RouteLoom: HIL PROBE tx peer=2 type=40 status=3 detail=ESP-NOW peer not found
[2026-09-26T11:37:17.985Z] I (102090) RouteLoom: HIL PROBE tx peer=2 type=40 status=3 detail=ESP-NOW peer not found
[2026-09-26T11:37:17.994Z] I (102098) RouteLoom: HIL PROBE tx peer=2 type=40 status=3 detail=ESP-NOW peer not found
[2026-09-26T11:37:18.001Z] I (102106) RouteLoom: HIL PROBE tx peer=2 type=40 status=3 detail=ESP-NOW peer not found
[2026-09-26T11:37:18.009Z] I (102114) RouteLoom: HIL PROBE tx peer=2 type=40 status=3 detail=ESP-NOW peer not found
[2026-09-26T11:37:18.017Z] I (102121) RouteLoom: HIL PROBE tx peer=2 type=40 status=3 detail=ESP-NOW peer not found
[2026-09-26T11:37:18.024Z] I (102129) RouteLoom: HIL PROBE tx peer=2 type=40 status=3 detail=ESP-NOW peer not found
[2026-09-26T11:37:18.033Z] I (102137) RouteLoom: HIL PROBE tx peer=2 type=40 status=3 detail=ESP-NOW peer not found
[2026-09-26T11:37:18.040Z] I (102145) RouteLoom: HIL PROBE tx peer=2 type=40 status=3 detail=ESP-NOW peer not found
[2026-09-26T11:37:18.048Z] I (102153) RouteLoom: HIL PROBE tx peer=2 type=40 status=3 detail=ESP-NOW peer not found
[2026-09-26T11:37:18.056Z] I (102160) RouteLoom: HIL PROBE tx peer=2 type=40 status=3 detail=ESP-NOW peer not found
[2026-09-26T11:37:18.064Z] I (102168) RouteLoom: HIL PROBE tx peer=2 type=40 status=3 detail=ESP-NOW peer not found
[2026-09-26T11:37:18.071Z] I (102176) RouteLoom: HIL PROBE tx peer=2 type=40 status=3 detail=ESP-NOW peer not found
[2026-09-26T11:37:18.079Z] I (102184) RouteLoom: HIL PROBE tx peer=2 type=40 status=3 detail=ESP-NOW peer not found
[2026-09-26T11:37:18.087Z] I (102192) RouteLoom: HIL PROBE tx peer=2 type=40 status=3 detail=ESP-NOW peer not found
[2026-09-26T11:37:18.095Z] I (102199) RouteLoom: HIL PROBE tx peer=2 type=40 status=3 detail=ESP-NOW peer not found
[2026-09-26T11:37:18.103Z] I (102207) RouteLoom: HIL PROBE tx peer=2 type=40 status=3 detail=ESP-NOW peer not found
[2026-09-26T11:37:18.110Z] I (102215) RouteLoom: HIL PROBE tx peer=2 type=40 status=3 detail=ESP-NOW peer not found
[2026-09-26T11:37:18.118Z] I (102223) RouteLoom: HIL PROBE tx peer=2 type=40 status=3 detail=ESP-NOW peer not found
[2026-09-26T11:37:18.126Z] I (102231) RouteLoom: HIL PROBE tx peer=2 type=40 status=3 detail=ESP-NOW peer not found
[2026-09-26T11:37:18.134Z] I (102239) RouteLoom: HIL PROBE tx peer=2 type=40 status=3 detail=ESP-NOW peer not found
[2026-09-26T11:37:18.142Z] I (102246) RouteLoom: HIL PROBE tx peer=2 type=40 status=3 detail=ESP-NOW peer not found
[2026-09-26T11:37:18.149Z] I (102254) RouteLoom: HIL PROBE tx peer=2 type=40 status=3 detail=ESP-NOW peer not found
[2026-09-26T11:37:18.157Z] I (102262) RouteLoom: HIL PROBE tx peer=2 type=40 status=3 detail=ESP-NOW peer not found
[2026-09-26T11:37:18.165Z] I (102270) RouteLoom: HIL PROBE tx peer=2 type=40 status=3 detail=ESP-NOW peer not found
[2026-09-26T11:37:18.173Z] I (102278) RouteLoom: HIL PROBE tx peer=2 type=40 status=3 detail=ESP-NOW peer not found
[2026-09-26T11:37:18.181Z] I (102285) RouteLoom: HIL PROBE tx peer=2 type=40 status=3 detail=ESP-NOW peer not found
[2026-09-26T11:37:18.188Z] I (102293) RouteLoom: HIL PROBE tx peer=2 type=40 status=3 detail=ESP-NOW peer not found
[2026-09-26T11:37:18.196Z] I (102301) RouteLoom: HIL PROBE tx peer=2 type=40 status=3 detail=ESP-NOW peer not found
[2026-09-26T11:37:18.204Z] I (102309) RouteLoom: HIL PROBE tx peer=2 type=40 status=3 detail=ESP-NOW peer not found
[2026-09-26T11:37:18.212Z] I (102317) RouteLoom: HIL PROBE tx peer=2 type=40 status=3 detail=ESP-NOW peer not found
[2026-09-26T11:37:18.220Z] I (102324) RouteLoom: HIL PROBE tx peer=2 type=40 status=3 detail=ESP-NOW peer not found
[2026-09-26T11:37:18.228Z] I (102332) RouteLoom: HIL PROBE tx peer=2 type=40 status=3 detail=ESP-NOW peer not found
[2026-09-26T11:37:18.235Z] I (102340) RouteLoom: HIL PROBE tx peer=2 type=40 status=3 detail=ESP-NOW peer not found
[2026-09-26T11:37:18.243Z] I (102348) RouteLoom: HIL PROBE tx peer=2 type=40 status=3 detail=ESP-NOW peer not found
[2026-09-26T11:37:18.251Z] I (102356) RouteLoom: HIL PROBE tx peer=2 type=40 status=3 detail=ESP-NOW peer not found
[2026-09-26T11:37:18.259Z] I (102364) RouteLoom: HIL PROBE tx peer=2 type=40 status=3 detail=ESP-NOW peer not found
[2026-09-26T11:37:18.267Z] I (102371) RouteLoom: HIL PROBE tx peer=2 type=40 status=3 detail=ESP-NOW peer not found
[2026-09-26T11:37:18.274Z] I (102379) RouteLoom: HIL PROBE tx peer=2 type=40 status=3 detail=ESP-NOW peer not found
[2026-09-26T11:37:18.282Z] I (102387) RouteLoom: HIL PROBE tx peer=2 type=40 status=3 detail=ESP-NOW peer not found
[2026-09-26T11:37:18.290Z] I (102395) RouteLoom: HIL PROBE tx peer=2 type=40 status=3 detail=ESP-NOW peer not found
[2026-09-26T11:37:18.298Z] I (102403) RouteLoom: HIL PROBE tx peer=2 type=40 status=3 detail=ESP-NOW peer not found
[2026-09-26T11:37:18.306Z] I (102410) RouteLoom: HIL PROBE tx peer=2 type=40 status=3 detail=ESP-NOW peer not found
[2026-09-26T11:37:18.314Z] I (102418) RouteLoom: HIL PROBE tx peer=2 type=40 status=3 detail=ESP-NOW peer not found
[2026-09-26T11:37:18.322Z] I (102426) RouteLoom: HIL PROBE tx peer=2 type=40 status=3 detail=ESP-NOW peer not found
[2026-09-26T11:37:18.329Z] I (102434) RouteLoom: HIL PROBE tx peer=2 type=40 status=3 detail=ESP-NOW peer not found
[2026-09-26T11:37:18.337Z] I (102442) RouteLoom: HIL PROBE tx peer=2 type=40 status=3 detail=ESP-NOW peer not found
[2026-09-26T11:37:18.345Z] I (102449) RouteLoom: HIL PROBE tx peer=2 type=40 status=3 detail=ESP-NOW peer not found
[2026-09-26T11:37:18.353Z] I (102457) RouteLoom: HIL PROBE tx peer=2 type=40 status=3 detail=ESP-NOW peer not found
[2026-09-26T11:37:18.360Z] I (102465) RouteLoom: HIL PROBE tx peer=2 type=40 status=3 detail=ESP-NOW peer not found
[2026-09-26T11:37:18.368Z] I (102473) RouteLoom: HIL PROBE tx peer=2 type=40 status=3 detail=ESP-NOW peer not found
[2026-09-26T11:37:18.376Z] I (102481) RouteLoom: HIL PROBE tx peer=2 type=40 status=3 detail=ESP-NOW peer not found
[2026-09-26T11:37:18.384Z] I (102489) RouteLoom: HIL PROBE tx peer=2 type=40 status=3 detail=ESP-NOW peer not found
[2026-09-26T11:37:18.392Z] I (102496) RouteLoom: HIL PROBE tx peer=2 type=40 status=3 detail=ESP-NOW peer not found
[2026-09-26T11:37:18.400Z] I (102504) RouteLoom: HIL PROBE tx peer=2 type=40 status=3 detail=ESP-NOW peer not found
[2026-09-26T11:37:18.407Z] I (102512) RouteLoom: HIL PROBE tx peer=2 type=40 status=3 detail=ESP-NOW peer not found
[2026-09-26T11:37:18.415Z] I (102520) RouteLoom: HIL PROBE tx peer=2 type=40 status=3 detail=ESP-NOW peer not found
[2026-09-26T11:37:18.423Z] I (102528) RouteLoom: HIL PROBE tx peer=2 type=40 status=3 detail=ESP-NOW peer not found
[2026-09-26T11:37:18.431Z] I (102535) RouteLoom: HIL PROBE tx peer=2 type=40 status=3 detail=ESP-NOW peer not found
[2026-09-26T11:37:18.439Z] I (102543) RouteLoom: HIL PROBE tx peer=2 type=40 status=3 detail=ESP-NOW peer not found
[2026-09-26T11:37:18.447Z] I (102551) RouteLoom: HIL PROBE tx peer=2 type=40 status=3 detail=ESP-NOW peer not found
[2026-09-26T11:37:18.454Z] I (102559) RouteLoom: HIL PROBE tx peer=2 type=40 status=3 detail=ESP-NOW peer not found
[2026-09-26T11:37:18.462Z] I (102567) RouteLoom: HIL PROBE tx peer=2 type=40 status=3 detail=ESP-NOW peer not found
[2026-09-26T11:37:18.470Z] I (102574) RouteLoom: HIL PROBE tx peer=2 type=40 status=3 detail=ESP-NOW peer not found
[2026-09-26T11:37:18.478Z] I (102582) RouteLoom: HIL PROBE tx peer=2 type=40 status=3 detail=ESP-NOW peer not found
[2026-09-26T11:37:18.485Z] I (102590) RouteLoom: HIL PROBE tx peer=2 type=40 status=3 detail=ESP-NOW peer not found
[2026-09-26T11:37:18.493Z] I (102598) RouteLoom: HIL PROBE tx peer=2 type=40 status=3 detail=ESP-NOW peer not found
[2026-09-26T11:37:18.501Z] I (102606) RouteLoom: HIL PROBE tx peer=2 type=40 status=3 detail=ESP-NOW peer not found
[2026-09-26T11:37:18.509Z] I (102614) RouteLoom: HIL PROBE tx peer=2 type=40 status=3 detail=ESP-NOW peer not found
[2026-09-26T11:37:18.517Z] I (102621) RouteLoom: HIL PROBE tx peer=2 type=40 status=3 detail=ESP-NOW peer not found
[2026-09-26T11:37:18.524Z] I (102629) RouteLoom: HIL PROBE tx peer=2 type=40 status=3 detail=ESP-NOW peer not found
[2026-09-26T11:37:18.532Z] I (102637) RouteLoom: HIL PROBE tx peer=2 type=40 status=3 detail=ESP-NOW peer not found
[2026-09-26T11:37:18.540Z] I (102645) RouteLoom: HIL PROBE tx peer=2 type=40 status=3 detail=ESP-NOW peer not found
[2026-09-26T11:37:18.548Z] I (102653) RouteLoom: HIL PROBE tx peer=2 type=40 status=3 detail=ESP-NOW peer not found
[2026-09-26T11:37:18.556Z] I (102660) RouteLoom: HIL PROBE tx peer=2 type=40 status=3 detail=ESP-NOW peer not found
[2026-09-26T11:37:18.563Z] I (102668) RouteLoom: HIL PROBE tx peer=2 type=40 status=3 detail=ESP-NOW peer not found
[2026-09-26T11:37:18.571Z] I (102676) RouteLoom: HIL PROBE tx peer=2 type=40 status=3 detail=ESP-NOW peer not found
[2026-09-26T11:37:18.579Z] I (102684) RouteLoom: HIL PROBE tx peer=2 type=40 status=3 detail=ESP-NOW peer not found
[2026-09-26T11:37:18.587Z] I (102692) RouteLoom: HIL PROBE tx peer=2 type=40 status=3 detail=ESP-NOW peer not found
[2026-09-26T11:37:18.595Z] I (102699) RouteLoom: HIL PROBE tx peer=2 type=40 status=3 detail=ESP-NOW peer not found
[2026-09-26T11:37:18.602Z] I (102707) RouteLoom: HIL PROBE tx peer=2 type=40 status=3 detail=ESP-NOW peer not found
[2026-09-26T11:37:18.610Z] I (102715) RouteLoom: HIL PROBE tx peer=2 type=40 status=3 detail=ESP-NOW peer not found
[2026-09-26T11:37:18.618Z] I (102723) RouteLoom: HIL PROBE tx peer=2 type=40 status=3 detail=ESP-NOW peer not found
[2026-09-26T11:37:18.626Z] I (102731) RouteLoom: HIL PROBE tx peer=2 type=40 status=3 detail=ESP-NOW peer not found
[2026-09-26T11:37:18.634Z] I (102738) RouteLoom: HIL PROBE tx peer=2 type=40 status=3 detail=ESP-NOW peer not found
[2026-09-26T11:37:18.642Z] I (102746) RouteLoom: HIL PROBE tx peer=2 type=40 status=3 detail=ESP-NOW peer not found
[2026-09-26T11:37:18.649Z] I (102754) RouteLoom: HIL PROBE tx peer=2 type=40 status=3 detail=ESP-NOW peer not found
[2026-09-26T11:37:18.657Z] I (102762) RouteLoom: HIL PROBE tx peer=2 type=40 status=3 detail=ESP-NOW peer not found
[2026-09-26T11:37:18.665Z] I (102770) RouteLoom: HIL PROBE tx peer=2 type=40 status=3 detail=ESP-NOW peer not found
[2026-09-26T11:37:18.673Z] I (102778) RouteLoom: HIL PROBE tx peer=2 type=40 status=3 detail=ESP-NOW peer not found
[2026-09-26T11:37:18.681Z] I (102785) RouteLoom: HIL PROBE tx peer=2 type=40 status=3 detail=ESP-NOW peer not found
[2026-09-26T11:37:18.688Z] I (102793) RouteLoom: HIL PROBE tx peer=2 type=40 status=3 detail=ESP-NOW peer not found
[2026-09-26T11:37:18.696Z] I (102801) RouteLoom: HIL PROBE tx peer=2 type=40 status=3 detail=ESP-NOW peer not found
[2026-09-26T11:37:18.704Z] I (102809) RouteLoom: HIL PROBE tx peer=2 type=40 status=3 detail=ESP-NOW peer not found
[2026-09-26T11:37:18.712Z] I (102817) RouteLoom: HIL PROBE tx peer=2 type=40 status=3 detail=ESP-NOW peer not found
[2026-09-26T11:37:18.720Z] I (102824) RouteLoom: HIL PROBE tx peer=2 type=40 status=3 detail=ESP-NOW peer not found
[2026-09-26T11:37:18.728Z] I (102832) RouteLoom: HIL PROBE tx peer=2 type=40 status=3 detail=ESP-NOW peer not found
[2026-09-26T11:37:18.735Z] I (102840) RouteLoom: HIL PROBE tx peer=2 type=40 status=3 detail=ESP-NOW peer not found
[2026-09-26T11:37:18.743Z] I (102848) RouteLoom: HIL PROBE tx peer=2 type=40 status=3 detail=ESP-NOW peer not found
[2026-09-26T11:37:18.751Z] I (102856) RouteLoom: HIL PROBE tx peer=2 type=40 status=3 detail=ESP-NOW peer not found
[2026-09-26T11:37:18.759Z] I (102863) RouteLoom: HIL PROBE tx peer=2 type=40 status=3 detail=ESP-NOW peer not found
[2026-09-26T11:37:18.767Z] I (102871) RouteLoom: HIL PROBE tx peer=2 type=40 status=3 detail=ESP-NOW peer not found
[2026-09-26T11:37:18.775Z] I (102879) RouteLoom: HIL PROBE tx peer=2 type=40 status=3 detail=ESP-NOW peer not found
[2026-09-26T11:37:18.782Z] I (102887) RouteLoom: HIL PROBE tx peer=2 type=40 status=3 detail=ESP-NOW peer not found
[2026-09-26T11:37:18.790Z] I (102895) RouteLoom: HIL PROBE tx peer=2 type=40 status=3 detail=ESP-NOW peer not found
[2026-09-26T11:37:18.798Z] I (102903) RouteLoom: HIL PROBE tx peer=2 type=40 status=3 detail=ESP-NOW peer not found
[2026-09-26T11:37:18.806Z] I (102910) RouteLoom: HIL PROBE tx peer=2 type=40 status=3 detail=ESP-NOW peer not found
[2026-09-26T11:37:18.813Z] I (102918) RouteLoom: HIL PROBE tx peer=2 type=40 status=3 detail=ESP-NOW peer not found
[2026-09-26T11:37:18.823Z] I (102926) RouteLoom: HIL PROBE tx peer=2 type=40 status=3 detail=ESP-NOW peer not found
[2026-09-26T11:37:18.829Z] I (102934) RouteLoom: HIL PROBE tx peer=2 type=40 status=3 detail=ESP-NOW peer not found
[2026-09-26T11:37:18.837Z] I (102942) RouteLoom: HIL PROBE tx peer=2 type=40 status=3 detail=ESP-NOW peer not found
[2026-09-26T11:37:18.845Z] I (102949) RouteLoom: HIL PROBE tx peer=2 type=40 status=3 detail=ESP-NOW peer not found
[2026-09-26T11:37:18.852Z] I (102957) RouteLoom: HIL PROBE tx peer=2 type=40 status=3 detail=ESP-NOW peer not found
[2026-09-26T11:37:18.860Z] I (102965) RouteLoom: HIL PROBE tx peer=2 type=40 status=3 detail=ESP-NOW peer not found
[2026-09-26T11:37:18.868Z] I (102973) RouteLoom: HIL PROBE tx peer=2 type=40 status=3 detail=ESP-NOW peer not found
[2026-09-26T11:37:18.876Z] I (102981) RouteLoom: HIL PROBE tx peer=2 type=40 status=3 detail=ESP-NOW peer not found
[2026-09-26T11:37:18.884Z] I (102988) RouteLoom: HIL PROBE tx peer=2 type=40 status=3 detail=ESP-NOW peer not found
[2026-09-26T11:37:18.892Z] I (102996) RouteLoom: HIL PROBE tx peer=2 type=40 status=3 detail=ESP-NOW peer not found
[2026-09-26T11:37:18.899Z] I (103004) RouteLoom: HIL PROBE tx peer=2 type=40 status=3 detail=ESP-NOW peer not found
[2026-09-26T11:37:18.909Z] I (103012) RouteLoom: HIL PROBE tx peer=2 type=40 status=3 detail=ESP-NOW peer not found
[2026-09-26T11:37:18.915Z] I (103020) RouteLoom: HIL PROBE tx peer=2 type=40 status=3 detail=ESP-NOW peer not found
[2026-09-26T11:37:18.923Z] I (103028) RouteLoom: HIL PROBE tx peer=2 type=40 status=3 detail=ESP-NOW peer not found
[2026-09-26T11:37:18.931Z] I (103035) RouteLoom: HIL PROBE tx peer=2 type=40 status=3 detail=ESP-NOW peer not found
[2026-09-26T11:37:18.938Z] I (103043) RouteLoom: HIL PROBE tx peer=2 type=40 status=3 detail=ESP-NOW peer not found
[2026-09-26T11:37:18.946Z] I (103051) RouteLoom: HIL PROBE tx peer=2 type=40 status=3 detail=ESP-NOW peer not found
[2026-09-26T11:37:18.954Z] I (103059) RouteLoom: HIL PROBE tx peer=2 type=40 status=3 detail=ESP-NOW peer not found
[2026-09-26T11:37:18.962Z] I (103067) RouteLoom: HIL PROBE tx peer=2 type=40 status=3 detail=ESP-NOW peer not found
[2026-09-26T11:37:18.970Z] I (103074) RouteLoom: HIL PROBE tx peer=2 type=40 status=3 detail=ESP-NOW peer not found
[2026-09-26T11:37:18.977Z] I (103082) RouteLoom: HIL PROBE tx peer=2 type=40 status=3 detail=ESP-NOW peer not found
[2026-09-26T11:37:18.985Z] I (103090) RouteLoom: HIL PROBE tx peer=2 type=40 status=3 detail=ESP-NOW peer not found
[2026-09-26T11:37:18.993Z] I (103098) RouteLoom: HIL PROBE tx peer=2 type=40 status=3 detail=ESP-NOW peer not found
[2026-09-26T11:37:19.001Z] I (103106) RouteLoom: HIL PROBE tx peer=2 type=40 status=3 detail=ESP-NOW peer not found
[2026-09-26T11:37:19.009Z] I (103113) RouteLoom: HIL PROBE tx peer=2 type=40 status=3 detail=ESP-NOW peer not found
[2026-09-26T11:37:19.017Z] I (103121) RouteLoom: HIL PROBE tx peer=2 type=40 status=3 detail=ESP-NOW peer not found
[2026-09-26T11:37:19.025Z] I (103129) RouteLoom: HIL PROBE tx peer=2 type=40 status=3 detail=ESP-NOW peer not found
[2026-09-26T11:37:19.032Z] I (103137) RouteLoom: HIL PROBE tx peer=2 type=40 status=3 detail=ESP-NOW peer not found
[2026-09-26T11:37:19.040Z] I (103145) RouteLoom: HIL PROBE tx peer=2 type=40 status=3 detail=ESP-NOW peer not found
[2026-09-26T11:37:19.048Z] I (103153) RouteLoom: HIL PROBE tx peer=2 type=40 status=3 detail=ESP-NOW peer not found
[2026-09-26T11:37:19.056Z] I (103160) RouteLoom: HIL PROBE tx peer=2 type=40 status=3 detail=ESP-NOW peer not found
[2026-09-26T11:37:19.063Z] I (103168) RouteLoom: HIL PROBE tx peer=2 type=40 status=3 detail=ESP-NOW peer not found
[2026-09-26T11:37:19.071Z] I (103176) RouteLoom: HIL PROBE tx peer=2 type=40 status=3 detail=ESP-NOW peer not found
[2026-09-26T11:37:19.079Z] I (103184) RouteLoom: HIL PROBE tx peer=2 type=40 status=3 detail=ESP-NOW peer not found
[2026-09-26T11:37:19.087Z] I (103192) RouteLoom: HIL PROBE tx peer=2 type=40 status=3 detail=ESP-NOW peer not found
[2026-09-26T11:37:19.095Z] I (103199) RouteLoom: HIL PROBE tx peer=2 type=40 status=3 detail=ESP-NOW peer not found
[2026-09-26T11:37:19.102Z] I (103207) RouteLoom: HIL PROBE tx peer=2 type=40 status=3 detail=ESP-NOW peer not found
[2026-09-26T11:37:19.110Z] I (103215) RouteLoom: HIL PROBE tx peer=2 type=40 status=3 detail=ESP-NOW peer not found
[2026-09-26T11:37:19.118Z] I (103223) RouteLoom: HIL PROBE tx peer=2 type=40 status=3 detail=ESP-NOW peer not found
[2026-09-26T11:37:19.126Z] I (103231) RouteLoom: HIL PROBE tx peer=2 type=40 status=3 detail=ESP-NOW peer not found
[2026-09-26T11:37:19.134Z] I (103238) RouteLoom: HIL PROBE tx peer=2 type=40 status=3 detail=ESP-NOW peer not found
[2026-09-26T11:37:19.142Z] I (103246) RouteLoom: HIL PROBE tx peer=2 type=40 status=3 detail=ESP-NOW peer not found
[2026-09-26T11:37:19.149Z] I (103254) RouteLoom: HIL PROBE tx peer=2 type=40 status=3 detail=ESP-NOW peer not found
[2026-09-26T11:37:19.157Z] I (103262) RouteLoom: HIL PROBE tx peer=2 type=40 status=3 detail=ESP-NOW peer not found
[2026-09-26T11:37:19.165Z] I (103270) RouteLoom: HIL PROBE tx peer=2 type=40 status=3 detail=ESP-NOW peer not found
[2026-09-26T11:37:19.173Z] I (103278) RouteLoom: HIL PROBE tx peer=2 type=40 status=3 detail=ESP-NOW peer not found
[2026-09-26T11:37:19.181Z] I (103285) RouteLoom: HIL PROBE tx peer=2 type=40 status=3 detail=ESP-NOW peer not found
[2026-09-26T11:37:19.188Z] I (103293) RouteLoom: HIL PROBE tx peer=2 type=40 status=3 detail=ESP-NOW peer not found
[2026-09-26T11:37:19.196Z] I (103301) RouteLoom: HIL PROBE tx peer=2 type=40 status=3 detail=ESP-NOW peer not found
[2026-09-26T11:37:19.204Z] I (103309) RouteLoom: HIL PROBE tx peer=2 type=40 status=3 detail=ESP-NOW peer not found
[2026-09-26T11:37:19.212Z] I (103317) RouteLoom: HIL PROBE tx peer=2 type=40 status=3 detail=ESP-NOW peer not found
[2026-09-26T11:37:19.220Z] I (103324) RouteLoom: HIL PROBE tx peer=2 type=40 status=3 detail=ESP-NOW peer not found
[2026-09-26T11:37:19.227Z] I (103332) RouteLoom: HIL PROBE tx peer=2 type=40 status=3 detail=ESP-NOW peer not found
[2026-09-26T11:37:19.235Z] I (103340) RouteLoom: HIL PROBE tx peer=2 type=40 status=3 detail=ESP-NOW peer not found
[2026-09-26T11:37:19.243Z] I (103348) RouteLoom: HIL PROBE tx peer=2 type=40 status=3 detail=ESP-NOW peer not found
[2026-09-26T11:37:19.251Z] I (103356) RouteLoom: HIL PROBE tx peer=2 type=40 status=3 detail=ESP-NOW peer not found
[2026-09-26T11:37:19.259Z] I (103363) RouteLoom: HIL PROBE tx peer=2 type=40 status=3 detail=ESP-NOW peer not found
[2026-09-26T11:37:19.266Z] I (103371) RouteLoom: HIL PROBE tx peer=2 type=40 status=3 detail=ESP-NOW peer not found
[2026-09-26T11:37:19.274Z] I (103379) RouteLoom: HIL PROBE tx peer=2 type=40 status=3 detail=ESP-NOW peer not found
[2026-09-26T11:37:19.282Z] I (103387) RouteLoom: HIL PROBE tx peer=2 type=40 status=3 detail=ESP-NOW peer not found
[2026-09-26T11:37:19.292Z] I (103395) RouteLoom: HIL PROBE tx peer=2 type=40 status=3 detail=ESP-NOW peer not found
[2026-09-26T11:37:19.298Z] I (103402) RouteLoom: HIL PROBE tx peer=2 type=40 status=3 detail=ESP-NOW peer not found
[2026-09-26T11:37:19.306Z] I (103410) RouteLoom: HIL PROBE tx peer=2 type=40 status=3 detail=ESP-NOW peer not found
[2026-09-26T11:37:19.313Z] I (103418) RouteLoom: HIL PROBE tx peer=2 type=40 status=3 detail=ESP-NOW peer not found
[2026-09-26T11:37:19.321Z] I (103426) RouteLoom: HIL PROBE tx peer=2 type=40 status=3 detail=ESP-NOW peer not found
[2026-09-26T11:37:19.329Z] I (103434) RouteLoom: HIL PROBE tx peer=2 type=40 status=3 detail=ESP-NOW peer not found
[2026-09-26T11:37:19.337Z] I (103442) RouteLoom: HIL PROBE tx peer=2 type=40 status=3 detail=ESP-NOW peer not found
[2026-09-26T11:37:19.345Z] I (103449) RouteLoom: HIL PROBE tx peer=2 type=40 status=3 detail=ESP-NOW peer not found
[2026-09-26T11:37:19.352Z] I (103457) RouteLoom: HIL PROBE tx peer=2 type=40 status=3 detail=ESP-NOW peer not found
[2026-09-26T11:37:19.360Z] I (103465) RouteLoom: HIL PROBE tx peer=2 type=40 status=3 detail=ESP-NOW peer not found
[2026-09-26T11:37:19.368Z] I (103473) RouteLoom: HIL PROBE tx peer=2 type=40 status=3 detail=ESP-NOW peer not found
[2026-09-26T11:37:19.376Z] I (103481) RouteLoom: HIL PROBE tx peer=2 type=40 status=3 detail=ESP-NOW peer not found
[2026-09-26T11:37:19.384Z] I (103488) RouteLoom: HIL PROBE tx peer=2 type=40 status=3 detail=ESP-NOW peer not found
[2026-09-26T11:37:19.392Z] I (103496) RouteLoom: HIL PROBE tx peer=2 type=40 status=3 detail=ESP-NOW peer not found
[2026-09-26T11:37:19.399Z] I (103504) RouteLoom: HIL PROBE tx peer=2 type=40 status=3 detail=ESP-NOW peer not found
[2026-09-26T11:37:19.407Z] I (103512) RouteLoom: HIL PROBE tx peer=2 type=40 status=3 detail=ESP-NOW peer not found
[2026-09-26T11:37:19.415Z] I (103520) RouteLoom: HIL PROBE tx peer=2 type=40 status=3 detail=ESP-NOW peer not found
[2026-09-26T11:37:19.423Z] I (103527) RouteLoom: HIL PROBE tx peer=2 type=40 status=3 detail=ESP-NOW peer not found
[2026-09-26T11:37:19.431Z] I (103535) RouteLoom: HIL PROBE tx peer=2 type=40 status=3 detail=ESP-NOW peer not found
[2026-09-26T11:37:19.439Z] I (103543) RouteLoom: HIL PROBE tx peer=2 type=40 status=3 detail=ESP-NOW peer not found
[2026-09-26T11:37:19.446Z] I (103551) RouteLoom: HIL PROBE tx peer=2 type=40 status=3 detail=ESP-NOW peer not found
[2026-09-26T11:37:19.454Z] I (103559) RouteLoom: HIL PROBE tx peer=2 type=40 status=3 detail=ESP-NOW peer not found
[2026-09-26T11:37:19.462Z] I (103567) RouteLoom: HIL PROBE tx peer=2 type=40 status=3 detail=ESP-NOW peer not found
[2026-09-26T11:37:19.470Z] I (103574) RouteLoom: HIL PROBE tx peer=2 type=40 status=3 detail=ESP-NOW peer not found
[2026-09-26T11:37:19.478Z] I (103582) RouteLoom: HIL PROBE tx peer=2 type=40 status=3 detail=ESP-NOW peer not found
[2026-09-26T11:37:19.485Z] I (103590) RouteLoom: HIL PROBE tx peer=2 type=40 status=3 detail=ESP-NOW peer not found
[2026-09-26T11:37:19.493Z] I (103598) RouteLoom: HIL PROBE tx peer=2 type=40 status=3 detail=ESP-NOW peer not found
[2026-09-26T11:37:19.501Z] I (103606) RouteLoom: HIL PROBE tx peer=2 type=40 status=3 detail=ESP-NOW peer not found
[2026-09-26T11:37:19.509Z] I (103613) RouteLoom: HIL PROBE tx peer=2 type=40 status=3 detail=ESP-NOW peer not found
[2026-09-26T11:37:19.516Z] I (103621) RouteLoom: HIL PROBE tx peer=2 type=40 status=3 detail=ESP-NOW peer not found
[2026-09-26T11:37:19.524Z] I (103629) RouteLoom: HIL PROBE tx peer=2 type=40 status=3 detail=ESP-NOW peer not found
[2026-09-26T11:37:19.532Z] I (103637) RouteLoom: HIL PROBE tx peer=2 type=40 status=3 detail=ESP-NOW peer not found
[2026-09-26T11:37:19.540Z] I (103645) RouteLoom: HIL PROBE tx peer=2 type=40 status=3 detail=ESP-NOW peer not found
[2026-09-26T11:37:19.548Z] I (103652) RouteLoom: HIL PROBE tx peer=2 type=40 status=3 detail=ESP-NOW peer not found
[2026-09-26T11:37:19.556Z] I (103660) RouteLoom: HIL PROBE tx peer=2 type=40 status=3 detail=ESP-NOW peer not found
[2026-09-26T11:37:19.563Z] I (103668) RouteLoom: HIL PROBE tx peer=2 type=40 status=3 detail=ESP-NOW peer not found
[2026-09-26T11:37:19.571Z] I (103676) RouteLoom: HIL PROBE tx peer=2 type=40 status=3 detail=ESP-NOW peer not found
[2026-09-26T11:37:19.579Z] I (103684) RouteLoom: HIL PROBE tx peer=2 type=40 status=3 detail=ESP-NOW peer not found
[2026-09-26T11:37:19.587Z] I (103692) RouteLoom: HIL PROBE tx peer=2 type=40 status=3 detail=ESP-NOW peer not found
[2026-09-26T11:37:19.595Z] I (103699) RouteLoom: HIL PROBE tx peer=2 type=40 status=3 detail=ESP-NOW peer not found
[2026-09-26T11:37:19.602Z] I (103707) RouteLoom: HIL PROBE tx peer=2 type=40 status=3 detail=ESP-NOW peer not found
[2026-09-26T11:37:19.610Z] I (103715) RouteLoom: HIL PROBE tx peer=2 type=40 status=3 detail=ESP-NOW peer not found
[2026-09-26T11:37:19.618Z] I (103723) RouteLoom: HIL PROBE tx peer=2 type=40 status=3 detail=ESP-NOW peer not found
[2026-09-26T11:37:19.626Z] I (103731) RouteLoom: HIL PROBE tx peer=2 type=40 status=3 detail=ESP-NOW peer not found
[2026-09-26T11:37:19.634Z] I (103738) RouteLoom: HIL PROBE tx peer=2 type=40 status=3 detail=ESP-NOW peer not found
[2026-09-26T11:37:19.642Z] I (103746) RouteLoom: HIL PROBE tx peer=2 type=40 status=3 detail=ESP-NOW peer not found
[2026-09-26T11:37:19.649Z] I (103754) RouteLoom: HIL PROBE tx peer=2 type=40 status=3 detail=ESP-NOW peer not found
[2026-09-26T11:37:19.657Z] I (103762) RouteLoom: HIL PROBE tx peer=2 type=40 status=3 detail=ESP-NOW peer not found
[2026-09-26T11:37:19.665Z] I (103770) RouteLoom: HIL PROBE tx peer=2 type=40 status=3 detail=ESP-NOW peer not found
[2026-09-26T11:37:19.673Z] I (103777) RouteLoom: HIL PROBE tx peer=2 type=40 status=3 detail=ESP-NOW peer not found
[2026-09-26T11:37:19.681Z] I (103785) RouteLoom: HIL PROBE tx peer=2 type=40 status=3 detail=ESP-NOW peer not found
[2026-09-26T11:37:19.688Z] I (103793) RouteLoom: HIL PROBE tx peer=2 type=40 status=3 detail=ESP-NOW peer not found
[2026-09-26T11:37:19.696Z] I (103801) RouteLoom: HIL PROBE tx peer=2 type=40 status=3 detail=ESP-NOW peer not found
[2026-09-26T11:37:19.704Z] I (103809) RouteLoom: HIL PROBE tx peer=2 type=40 status=3 detail=ESP-NOW peer not found
[2026-09-26T11:37:19.712Z] I (103817) RouteLoom: HIL PROBE tx peer=2 type=40 status=3 detail=ESP-NOW peer not found
[2026-09-26T11:37:19.720Z] I (103824) RouteLoom: HIL PROBE tx peer=2 type=40 status=3 detail=ESP-NOW peer not found
[2026-09-26T11:37:19.727Z] I (103832) RouteLoom: HIL PROBE tx peer=2 type=40 status=3 detail=ESP-NOW peer not found
[2026-09-26T11:37:19.735Z] I (103840) RouteLoom: HIL PROBE tx peer=2 type=40 status=3 detail=ESP-NOW peer not found
[2026-09-26T11:37:19.743Z] I (103848) RouteLoom: HIL PROBE tx peer=2 type=40 status=3 detail=ESP-NOW peer not found
[2026-09-26T11:37:19.751Z] I (103856) RouteLoom: HIL PROBE tx peer=2 type=40 status=3 detail=ESP-NOW peer not found
[2026-09-26T11:37:19.759Z] I (103863) RouteLoom: HIL PROBE tx peer=2 type=40 status=3 detail=ESP-NOW peer not found
[2026-09-26T11:37:19.766Z] I (103871) RouteLoom: HIL PROBE tx peer=2 type=40 status=3 detail=ESP-NOW peer not found
[2026-09-26T11:37:19.774Z] I (103879) RouteLoom: HIL PROBE tx peer=2 type=40 status=3 detail=ESP-NOW peer not found
[2026-09-26T11:37:19.782Z] I (103887) RouteLoom: HIL PROBE tx peer=2 type=40 status=3 detail=ESP-NOW peer not found
[2026-09-26T11:37:19.790Z] I (103895) RouteLoom: HIL PROBE tx peer=2 type=40 status=3 detail=ESP-NOW peer not found
[2026-09-26T11:37:19.798Z] I (103902) RouteLoom: HIL PROBE tx peer=2 type=40 status=3 detail=ESP-NOW peer not found
[2026-09-26T11:37:19.805Z] I (103910) RouteLoom: HIL PROBE tx peer=2 type=40 status=3 detail=ESP-NOW peer not found
[2026-09-26T11:37:19.813Z] I (103918) RouteLoom: HIL PROBE tx peer=2 type=40 status=3 detail=ESP-NOW peer not found
[2026-09-26T11:37:19.821Z] I (103926) RouteLoom: HIL PROBE tx peer=2 type=40 status=3 detail=ESP-NOW peer not found
[2026-09-26T11:37:19.829Z] I (103934) RouteLoom: HIL PROBE tx peer=2 type=40 status=3 detail=ESP-NOW peer not found
[2026-09-26T11:37:19.837Z] I (103941) RouteLoom: HIL PROBE tx peer=2 type=40 status=3 detail=ESP-NOW peer not found
[2026-09-26T11:37:19.845Z] I (103949) RouteLoom: HIL PROBE tx peer=2 type=40 status=3 detail=ESP-NOW peer not found
[2026-09-26T11:37:19.852Z] I (103957) RouteLoom: HIL PROBE tx peer=2 type=40 status=3 detail=ESP-NOW peer not found
[2026-09-26T11:37:19.860Z] I (103965) RouteLoom: HIL PROBE tx peer=2 type=40 status=3 detail=ESP-NOW peer not found
[2026-09-26T11:37:19.868Z] I (103973) RouteLoom: HIL PROBE tx peer=2 type=40 status=3 detail=ESP-NOW peer not found
[2026-09-26T11:37:19.876Z] I (103981) RouteLoom: HIL PROBE tx peer=2 type=40 status=3 detail=ESP-NOW peer not found
[2026-09-26T11:37:19.884Z] I (103988) RouteLoom: HIL PROBE tx peer=2 type=40 status=3 detail=ESP-NOW peer not found
[2026-09-26T11:37:19.891Z] I (103996) RouteLoom: HIL PROBE tx peer=2 type=40 status=3 detail=ESP-NOW peer not found
[2026-09-26T11:37:19.899Z] I (104004) RouteLoom: HIL PROBE tx peer=2 type=40 status=3 detail=ESP-NOW peer not found
[2026-09-26T11:37:19.907Z] I (104012) RouteLoom: HIL PROBE tx peer=2 type=40 status=3 detail=ESP-NOW peer not found
[2026-09-26T11:37:19.915Z] I (104020) RouteLoom: HIL PROBE tx peer=2 type=40 status=3 detail=ESP-NOW peer not found
[2026-09-26T11:37:19.923Z] I (104027) RouteLoom: HIL PROBE tx peer=2 type=40 status=3 detail=ESP-NOW peer not found
[2026-09-26T11:37:19.930Z] I (104035) RouteLoom: HIL PROBE tx peer=2 type=40 status=3 detail=ESP-NOW peer not found
[2026-09-26T11:37:19.938Z] I (104043) RouteLoom: HIL PROBE tx peer=2 type=40 status=3 detail=ESP-NOW peer not found
[2026-09-26T11:37:19.946Z] I (104051) RouteLoom: HIL PROBE tx peer=2 type=40 status=3 detail=ESP-NOW peer not found
[2026-09-26T11:37:19.954Z] I (104059) RouteLoom: HIL PROBE tx peer=2 type=40 status=3 detail=ESP-NOW peer not found
[2026-09-26T11:37:19.962Z] I (104066) RouteLoom: HIL PROBE tx peer=2 type=40 status=3 detail=ESP-NOW peer not found
[2026-09-26T11:37:19.970Z] I (104074) RouteLoom: HIL PROBE tx peer=2 type=40 status=3 detail=ESP-NOW peer not found
[2026-09-26T11:37:19.977Z] I (104082) RouteLoom: HIL PROBE tx peer=2 type=40 status=3 detail=ESP-NOW peer not found
[2026-09-26T11:37:19.985Z] I (104090) RouteLoom: HIL PROBE tx peer=2 type=40 status=3 detail=ESP-NOW peer not found
[2026-09-26T11:37:19.993Z] I (104098) RouteLoom: HIL PROBE tx peer=2 type=40 status=3 detail=ESP-NOW peer not found
[2026-09-26T11:37:20.001Z] I (104106) RouteLoom: HIL PROBE tx peer=2 type=40 status=3 detail=ESP-NOW peer not found
[2026-09-26T11:37:20.009Z] I (104113) RouteLoom: HIL PROBE tx peer=2 type=40 status=3 detail=ESP-NOW peer not found
[2026-09-26T11:37:20.016Z] I (104121) RouteLoom: HIL PROBE tx peer=2 type=40 status=3 detail=ESP-NOW peer not found
[2026-09-26T11:37:20.024Z] I (104129) RouteLoom: HIL PROBE tx peer=2 type=40 status=3 detail=ESP-NOW peer not found
[2026-09-26T11:37:20.032Z] I (104137) RouteLoom: HIL PROBE tx peer=2 type=40 status=3 detail=ESP-NOW peer not found
[2026-09-26T11:37:20.040Z] I (104145) RouteLoom: HIL PROBE tx peer=2 type=40 status=3 detail=ESP-NOW peer not found
[2026-09-26T11:37:20.048Z] I (104152) RouteLoom: HIL PROBE tx peer=2 type=40 status=3 detail=ESP-NOW peer not found
[2026-09-26T11:37:20.055Z] I (104160) RouteLoom: HIL PROBE tx peer=2 type=40 status=3 detail=ESP-NOW peer not found
[2026-09-26T11:37:20.063Z] I (104168) RouteLoom: HIL PROBE tx peer=2 type=40 status=3 detail=ESP-NOW peer not found
[2026-09-26T11:37:20.071Z] I (104176) RouteLoom: HIL PROBE tx peer=2 type=40 status=3 detail=ESP-NOW peer not found
[2026-09-26T11:37:20.079Z] I (104184) RouteLoom: HIL PROBE tx peer=2 type=40 status=3 detail=ESP-NOW peer not found
[2026-09-26T11:37:20.084Z] I (104190) RouteLoomRef: discovery event=STALE peer=2
[2026-09-26T11:37:20.090Z] W (104192) RouteLoomRef: diagnostic reason=STALE peer=2 message=none
[2026-09-26T11:37:20.096Z] I (104201) RouteLoom: HIL LR250 peer=94:a9:90:7a:b5:60 result=ESP_OK
[2026-09-26T11:37:20.102Z] I (104206) RouteLoom: HIL PROBE tx peer=2 type=40 status=0 detail=ok
[2026-09-26T11:37:22.083Z] I (106191) RouteLoomRef: discovery event=REDISCOVERY peer=2
[2026-09-26T11:37:22.084Z] W (106191) RouteLoomRef: diagnostic reason=REDISCOVERY peer=2 message=none
[2026-09-26T11:37:22.168Z] I (106276) RouteLoom: HIL LR250 peer=94:a9:90:7a:b5:60 result=ESP_OK
[2026-09-26T11:37:22.169Z] I (106277) RouteLoom: HIL RLD1 tx claimed=3 phase=5 step=1
[2026-09-26T11:37:22.174Z] W (106280) ESPNOW: Peer exists. Please call API esp_now_mod_peer()!
[2026-09-26T11:37:22.180Z] I (106283) RouteLoom: HIL LR250 peer=94:a9:90:7a:b5:60 result=ESP_OK
[2026-09-26T11:37:22.666Z] I (106774) RouteLoom: HIL LR250 peer=94:a9:90:7a:b5:60 result=ESP_OK
[2026-09-26T11:37:22.667Z] I (106775) RouteLoom: HIL RLD1 tx claimed=3 phase=5 step=1
[2026-09-26T11:37:22.672Z] W (106778) ESPNOW: Peer exists. Please call API esp_now_mod_peer()!
[2026-09-26T11:37:22.678Z] I (106781) RouteLoom: HIL LR250 peer=94:a9:90:7a:b5:60 result=ESP_OK
[2026-09-26T11:37:23.168Z] I (107276) RouteLoom: HIL LR250 peer=94:a9:90:7a:b5:60 result=ESP_OK
[2026-09-26T11:37:23.169Z] I (107277) RouteLoom: HIL RLD1 tx claimed=3 phase=5 step=1
[2026-09-26T11:37:23.174Z] W (107280) ESPNOW: Peer exists. Please call API esp_now_mod_peer()!
[2026-09-26T11:37:23.180Z] I (107283) RouteLoom: HIL LR250 peer=94:a9:90:7a:b5:60 result=ESP_OK
[2026-09-26T11:37:23.194Z] I (107302) RouteLoom: HIL RLD1 rx claimed=2 phase=5 step=2
[2026-09-26T11:37:23.669Z] I (107777) RouteLoom: HIL LR250 peer=94:a9:90:7a:b5:60 result=ESP_OK
[2026-09-26T11:37:23.670Z] I (107778) RouteLoom: HIL RLD1 tx claimed=3 phase=5 step=1
[2026-09-26T11:37:23.675Z] W (107781) ESPNOW: Peer exists. Please call API esp_now_mod_peer()!
[2026-09-26T11:37:23.681Z] I (107784) RouteLoom: HIL LR250 peer=94:a9:90:7a:b5:60 result=ESP_OK
[2026-09-26T11:37:23.692Z] I (107800) RouteLoom: HIL RLD1 rx claimed=2 phase=5 step=2
[2026-09-26T11:37:23.697Z] I (107805) RouteLoom: HIL LR250 peer=94:a9:90:7a:b5:60 result=ESP_OK
[2026-09-26T11:37:23.698Z] I (107807) RouteLoom: HIL RLD1 tx claimed=3 phase=5 step=3
[2026-09-26T11:37:23.704Z] W (107807) ESPNOW: Peer exists. Please call API esp_now_mod_peer()!
[2026-09-26T11:37:23.710Z] I (107812) RouteLoom: HIL LR250 peer=94:a9:90:7a:b5:60 result=ESP_OK
[2026-09-26T11:37:23.716Z] I (107820) RouteLoom: HIL PROBE tx peer=2 type=40 status=0 detail=ok
[2026-09-26T11:37:23.726Z] I (107834) RouteLoom: HIL LINK rx peer=2 type=40 cid=3111926047 current=0 status=5 seq=32
[2026-09-26T11:37:23.732Z] I (107838) RouteLoom: HIL PROBE tx peer=2 type=41 status=3 detail=ESP-NOW peer not found
[2026-09-26T11:37:23.740Z] I (107846) RouteLoom: HIL LINK rx peer=2 type=41 cid=3111926047 current=0 status=5 seq=33
[2026-09-26T11:37:23.745Z] I (107849) RouteLoomRef: discovery event=REACHABLE peer=2
[2026-09-26T11:37:23.751Z] W (107853) RouteLoomRef: diagnostic reason=REACHABLE peer=2 message=none
[2026-09-26T11:37:25.720Z] I (109827) RouteLoom: HIL LINK rx peer=2 type=40 cid=3111926047 current=0 status=5 seq=34
[2026-09-26T11:37:25.724Z] I (109831) RouteLoom: HIL PROBE tx peer=2 type=41 status=3 detail=ESP-NOW peer not found
[2026-09-26T11:37:27.721Z] I (111829) RouteLoom: HIL LINK rx peer=2 type=40 cid=3111926047 current=0 status=5 seq=36
[2026-09-26T11:37:27.725Z] I (111832) RouteLoom: HIL PROBE tx peer=2 type=41 status=3 detail=ESP-NOW peer not found
[2026-09-26T11:37:29.727Z] I (113834) RouteLoom: HIL LINK rx peer=2 type=40 cid=3111926047 current=0 status=5 seq=38
[2026-09-26T11:37:29.731Z] I (113838) RouteLoom: HIL PROBE tx peer=2 type=41 status=3 detail=ESP-NOW peer not found
[2026-09-26T11:37:31.727Z] I (115835) RouteLoom: HIL LINK rx peer=2 type=40 cid=3111926047 current=0 status=5 seq=40
[2026-09-26T11:37:31.731Z] I (115838) RouteLoom: HIL PROBE tx peer=2 type=41 status=3 detail=ESP-NOW peer not found
[2026-09-26T11:37:33.728Z] I (117835) RouteLoom: HIL LINK rx peer=2 type=40 cid=3111926047 current=0 status=5 seq=42
[2026-09-26T11:37:33.732Z] I (117839) RouteLoom: HIL PROBE tx peer=2 type=41 status=3 detail=ESP-NOW peer not found
[2026-09-26T11:37:35.729Z] I (119836) RouteLoom: HIL LINK rx peer=2 type=40 cid=3111926047 current=0 status=5 seq=44
[2026-09-26T11:37:35.733Z] I (119840) RouteLoom: HIL PROBE tx peer=2 type=41 status=3 detail=ESP-NOW peer not found
[2026-09-26T11:37:36.301Z] I (120409) RouteLoom: stack hwm main 11096 B
[2026-09-26T11:37:36.302Z] I (120409) RouteLoom: HIL HEAP free=22092 largest=19456 min=21268 B
[2026-09-26T11:37:36.311Z] I (120410) RouteLoom: HIL DISCOVERY candidates=0 neighbors=1 capacity=0 auth=3 stale=2 probes=16 send_failures=8853 kind_rejects=1
[2026-09-26T11:37:36.319Z] I (120420) RouteLoom: HIL ROUTE peer=1 phase=-1 via=0 metric=0 generation=0 seq=0
[2026-09-26T11:37:36.326Z] I (120427) RouteLoom: HIL ROUTE peer=2 phase=5 via=2 metric=1 generation=265 seq=0
[2026-09-26T11:37:37.732Z] I (121840) RouteLoom: HIL LINK rx peer=2 type=40 cid=3111926047 current=0 status=5 seq=46
[2026-09-26T11:37:37.737Z] I (121843) RouteLoom: HIL PROBE tx peer=2 type=41 status=3 detail=ESP-NOW peer not found
[2026-09-26T11:37:39.734Z] I (123841) RouteLoom: HIL LINK rx peer=2 type=40 cid=3111926047 current=0 status=5 seq=48
[2026-09-26T11:37:39.738Z] I (123845) RouteLoom: HIL PROBE tx peer=2 type=41 status=3 detail=ESP-NOW peer not found
[2026-09-26T11:37:41.736Z] I (125843) RouteLoom: HIL LINK rx peer=2 type=40 cid=3111926047 current=0 status=5 seq=50
[2026-09-26T11:37:41.740Z] I (125847) RouteLoom: HIL PROBE tx peer=2 type=41 status=3 detail=ESP-NOW peer not found
[2026-09-26T11:37:43.738Z] I (127845) RouteLoom: HIL LINK rx peer=2 type=40 cid=3111926047 current=0 status=5 seq=52
[2026-09-26T11:37:43.743Z] I (127849) RouteLoom: HIL PROBE tx peer=2 type=41 status=3 detail=ESP-NOW peer not found
[2026-09-26T11:37:45.739Z] I (129846) RouteLoom: HIL LINK rx peer=2 type=40 cid=3111926047 current=0 status=5 seq=54
[2026-09-26T11:37:45.744Z] I (129850) RouteLoom: HIL PROBE tx peer=2 type=41 status=3 detail=ESP-NOW peer not found
[2026-09-26T11:37:47.741Z] I (131848) RouteLoom: HIL LINK rx peer=2 type=40 cid=3111926047 current=0 status=5 seq=56
[2026-09-26T11:37:47.745Z] I (131852) RouteLoom: HIL PROBE tx peer=2 type=41 status=3 detail=ESP-NOW peer not found
[2026-09-26T11:37:49.745Z] I (133852) RouteLoom: HIL LINK rx peer=2 type=40 cid=3111926047 current=0 status=5 seq=58
[2026-09-26T11:37:49.749Z] I (133856) RouteLoom: HIL PROBE tx peer=2 type=41 status=3 detail=ESP-NOW peer not found
[2026-09-26T11:37:51.747Z] I (135854) RouteLoom: HIL LINK rx peer=2 type=40 cid=3111926047 current=0 status=5 seq=60
[2026-09-26T11:37:51.752Z] I (135858) RouteLoom: HIL PROBE tx peer=2 type=41 status=3 detail=ESP-NOW peer not found
[2026-09-26T11:37:53.749Z] I (137856) RouteLoom: HIL LINK rx peer=2 type=40 cid=3111926047 current=0 status=5 seq=62
[2026-09-26T11:37:53.754Z] I (137860) RouteLoom: HIL PROBE tx peer=2 type=41 status=3 detail=ESP-NOW peer not found
[2026-09-26T11:38:03.752Z] I (147859) RouteLoom: HIL PROBE tx peer=2 type=40 status=3 detail=ESP-NOW peer not found
[2026-09-26T11:38:03.760Z] I (147867) RouteLoom: HIL PROBE tx peer=2 type=40 status=3 detail=ESP-NOW peer not found
[2026-09-26T11:38:03.766Z] I (147873) RouteLoom: HIL PROBE tx peer=2 type=40 status=3 detail=ESP-NOW peer not found
[2026-09-26T11:38:03.772Z] I (147879) RouteLoom: HIL PROBE tx peer=2 type=40 status=3 detail=ESP-NOW peer not found
[2026-09-26T11:38:03.780Z] I (147885) RouteLoom: HIL PROBE tx peer=2 type=40 status=3 detail=ESP-NOW peer not found
[2026-09-26T11:38:03.788Z] I (147893) RouteLoom: HIL PROBE tx peer=2 type=40 status=3 detail=ESP-NOW peer not found
[2026-09-26T11:38:03.796Z] I (147901) RouteLoom: HIL PROBE tx peer=2 type=40 status=3 detail=ESP-NOW peer not found
[2026-09-26T11:38:03.803Z] I (147909) RouteLoom: HIL PROBE tx peer=2 type=40 status=3 detail=ESP-NOW peer not found
[2026-09-26T11:38:03.811Z] I (147916) RouteLoom: HIL PROBE tx peer=2 type=40 status=3 detail=ESP-NOW peer not found
[2026-09-26T11:38:03.819Z] I (147924) RouteLoom: HIL PROBE tx peer=2 type=40 status=3 detail=ESP-NOW peer not found
[2026-09-26T11:38:03.827Z] I (147932) RouteLoom: HIL PROBE tx peer=2 type=40 status=3 detail=ESP-NOW peer not found
[2026-09-26T11:38:03.835Z] I (147940) RouteLoom: HIL PROBE tx peer=2 type=40 status=3 detail=ESP-NOW peer not found
[2026-09-26T11:38:03.842Z] I (147948) RouteLoom: HIL PROBE tx peer=2 type=40 status=3 detail=ESP-NOW peer not found
[2026-09-26T11:38:03.850Z] I (147955) RouteLoom: HIL PROBE tx peer=2 type=40 status=3 detail=ESP-NOW peer not found
[2026-09-26T11:38:03.858Z] I (147963) RouteLoom: HIL PROBE tx peer=2 type=40 status=3 detail=ESP-NOW peer not found
[2026-09-26T11:38:03.866Z] I (147971) RouteLoom: HIL PROBE tx peer=2 type=40 status=3 detail=ESP-NOW peer not found
[2026-09-26T11:38:03.874Z] I (147979) RouteLoom: HIL PROBE tx peer=2 type=40 status=3 detail=ESP-NOW peer not found
[2026-09-26T11:38:03.881Z] I (147987) RouteLoom: HIL PROBE tx peer=2 type=40 status=3 detail=ESP-NOW peer not found
[2026-09-26T11:38:03.889Z] I (147995) RouteLoom: HIL PROBE tx peer=2 type=40 status=3 detail=ESP-NOW peer not found
[2026-09-26T11:38:03.897Z] I (148002) RouteLoom: HIL PROBE tx peer=2 type=40 status=3 detail=ESP-NOW peer not found
[2026-09-26T11:38:03.905Z] I (148010) RouteLoom: HIL PROBE tx peer=2 type=40 status=3 detail=ESP-NOW peer not found
[2026-09-26T11:38:03.913Z] I (148018) RouteLoom: HIL PROBE tx peer=2 type=40 status=3 detail=ESP-NOW peer not found
[2026-09-26T11:38:03.920Z] I (148026) RouteLoom: HIL PROBE tx peer=2 type=40 status=3 detail=ESP-NOW peer not found
[2026-09-26T11:38:03.928Z] I (148034) RouteLoom: HIL PROBE tx peer=2 type=40 status=3 detail=ESP-NOW peer not found
[2026-09-26T11:38:03.936Z] I (148041) RouteLoom: HIL PROBE tx peer=2 type=40 status=3 detail=ESP-NOW peer not found
[2026-09-26T11:38:03.944Z] I (148049) RouteLoom: HIL PROBE tx peer=2 type=40 status=3 detail=ESP-NOW peer not found
[2026-09-26T11:38:03.952Z] I (148057) RouteLoom: HIL PROBE tx peer=2 type=40 status=3 detail=ESP-NOW peer not found
[2026-09-26T11:38:03.960Z] I (148065) RouteLoom: HIL PROBE tx peer=2 type=40 status=3 detail=ESP-NOW peer not found
[2026-09-26T11:38:03.967Z] I (148073) RouteLoom: HIL PROBE tx peer=2 type=40 status=3 detail=ESP-NOW peer not found
[2026-09-26T11:38:03.975Z] I (148080) RouteLoom: HIL PROBE tx peer=2 type=40 status=3 detail=ESP-NOW peer not found
[2026-09-26T11:38:03.983Z] I (148088) RouteLoom: HIL PROBE tx peer=2 type=40 status=3 detail=ESP-NOW peer not found
[2026-09-26T11:38:03.991Z] I (148096) RouteLoom: HIL PROBE tx peer=2 type=40 status=3 detail=ESP-NOW peer not found
[2026-09-26T11:38:03.999Z] I (148104) RouteLoom: HIL PROBE tx peer=2 type=40 status=3 detail=ESP-NOW peer not found
[2026-09-26T11:38:04.006Z] I (148112) RouteLoom: HIL PROBE tx peer=2 type=40 status=3 detail=ESP-NOW peer not found
[2026-09-26T11:38:04.014Z] I (148120) RouteLoom: HIL PROBE tx peer=2 type=40 status=3 detail=ESP-NOW peer not found
[2026-09-26T11:38:04.022Z] I (148127) RouteLoom: HIL PROBE tx peer=2 type=40 status=3 detail=ESP-NOW peer not found
[2026-09-26T11:38:04.034Z] I (148135) RouteLoom: HIL PROBE tx peer=2 type=40 status=3 detail=ESP-NOW peer not found
[2026-09-26T11:38:04.038Z] I (148143) RouteLoom: HIL PROBE tx peer=2 type=40 status=3 detail=ESP-NOW peer not found
[2026-09-26T11:38:04.046Z] I (148151) RouteLoom: HIL PROBE tx peer=2 type=40 status=3 detail=ESP-NOW peer not found
[2026-09-26T11:38:04.053Z] I (148159) RouteLoom: HIL PROBE tx peer=2 type=40 status=3 detail=ESP-NOW peer not found
[2026-09-26T11:38:04.061Z] I (148166) RouteLoom: HIL PROBE tx peer=2 type=40 status=3 detail=ESP-NOW peer not found
[2026-09-26T11:38:04.069Z] I (148174) RouteLoom: HIL PROBE tx peer=2 type=40 status=3 detail=ESP-NOW peer not found
[2026-09-26T11:38:04.077Z] I (148182) RouteLoom: HIL PROBE tx peer=2 type=40 status=3 detail=ESP-NOW peer not found
[2026-09-26T11:38:04.085Z] I (148190) RouteLoom: HIL PROBE tx peer=2 type=40 status=3 detail=ESP-NOW peer not found
[2026-09-26T11:38:04.093Z] I (148198) RouteLoom: HIL PROBE tx peer=2 type=40 status=3 detail=ESP-NOW peer not found
[2026-09-26T11:38:04.100Z] I (148205) RouteLoom: HIL PROBE tx peer=2 type=40 status=3 detail=ESP-NOW peer not found
[2026-09-26T11:38:04.108Z] I (148213) RouteLoom: HIL PROBE tx peer=2 type=40 status=3 detail=ESP-NOW peer not found
[2026-09-26T11:38:04.116Z] I (148221) RouteLoom: HIL PROBE tx peer=2 type=40 status=3 detail=ESP-NOW peer not found
[2026-09-26T11:38:04.124Z] I (148229) RouteLoom: HIL PROBE tx peer=2 type=40 status=3 detail=ESP-NOW peer not found
[2026-09-26T11:38:04.131Z] I (148237) RouteLoom: HIL PROBE tx peer=2 type=40 status=3 detail=ESP-NOW peer not found
[2026-09-26T11:38:04.139Z] I (148245) RouteLoom: HIL PROBE tx peer=2 type=40 status=3 detail=ESP-NOW peer not found
[2026-09-26T11:38:04.147Z] I (148252) RouteLoom: HIL PROBE tx peer=2 type=40 status=3 detail=ESP-NOW peer not found
[2026-09-26T11:38:04.155Z] I (148260) RouteLoom: HIL PROBE tx peer=2 type=40 status=3 detail=ESP-NOW peer not found
[2026-09-26T11:38:04.163Z] I (148268) RouteLoom: HIL PROBE tx peer=2 type=40 status=3 detail=ESP-NOW peer not found
[2026-09-26T11:38:04.171Z] I (148276) RouteLoom: HIL PROBE tx peer=2 type=40 status=3 detail=ESP-NOW peer not found
[2026-09-26T11:38:04.179Z] I (148284) RouteLoom: HIL PROBE tx peer=2 type=40 status=3 detail=ESP-NOW peer not found
[2026-09-26T11:38:04.186Z] I (148291) RouteLoom: HIL PROBE tx peer=2 type=40 status=3 detail=ESP-NOW peer not found
[2026-09-26T11:38:04.194Z] I (148299) RouteLoom: HIL PROBE tx peer=2 type=40 status=3 detail=ESP-NOW peer not found
[2026-09-26T11:38:04.202Z] I (148307) RouteLoom: HIL PROBE tx peer=2 type=40 status=3 detail=ESP-NOW peer not found
[2026-09-26T11:38:04.210Z] I (148315) RouteLoom: HIL PROBE tx peer=2 type=40 status=3 detail=ESP-NOW peer not found
[2026-09-26T11:38:04.218Z] I (148323) RouteLoom: HIL PROBE tx peer=2 type=40 status=3 detail=ESP-NOW peer not found
[2026-09-26T11:38:04.225Z] I (148330) RouteLoom: HIL PROBE tx peer=2 type=40 status=3 detail=ESP-NOW peer not found
[2026-09-26T11:38:04.233Z] I (148338) RouteLoom: HIL PROBE tx peer=2 type=40 status=3 detail=ESP-NOW peer not found
[2026-09-26T11:38:04.241Z] I (148346) RouteLoom: HIL PROBE tx peer=2 type=40 status=3 detail=ESP-NOW peer not found
[2026-09-26T11:38:04.249Z] I (148354) RouteLoom: HIL PROBE tx peer=2 type=40 status=3 detail=ESP-NOW peer not found
[2026-09-26T11:38:04.256Z] I (148362) RouteLoom: HIL PROBE tx peer=2 type=40 status=3 detail=ESP-NOW peer not found
[2026-09-26T11:38:04.264Z] I (148370) RouteLoom: HIL PROBE tx peer=2 type=40 status=3 detail=ESP-NOW peer not found
[2026-09-26T11:38:04.272Z] I (148377) RouteLoom: HIL PROBE tx peer=2 type=40 status=3 detail=ESP-NOW peer not found
[2026-09-26T11:38:04.280Z] I (148385) RouteLoom: HIL PROBE tx peer=2 type=40 status=3 detail=ESP-NOW peer not found
[2026-09-26T11:38:04.288Z] I (148393) RouteLoom: HIL PROBE tx peer=2 type=40 status=3 detail=ESP-NOW peer not found
[2026-09-26T11:38:04.295Z] I (148401) RouteLoom: HIL PROBE tx peer=2 type=40 status=3 detail=ESP-NOW peer not found
[2026-09-26T11:38:04.303Z] I (148409) RouteLoom: HIL PROBE tx peer=2 type=40 status=3 detail=ESP-NOW peer not found
[2026-09-26T11:38:04.311Z] I (148416) RouteLoom: HIL PROBE tx peer=2 type=40 status=3 detail=ESP-NOW peer not found
[2026-09-26T11:38:04.319Z] I (148424) RouteLoom: HIL PROBE tx peer=2 type=40 status=3 detail=ESP-NOW peer not found
[2026-09-26T11:38:04.327Z] I (148432) RouteLoom: HIL PROBE tx peer=2 type=40 status=3 detail=ESP-NOW peer not found
[2026-09-26T11:38:04.334Z] I (148440) RouteLoom: HIL PROBE tx peer=2 type=40 status=3 detail=ESP-NOW peer not found
[2026-09-26T11:38:04.343Z] I (148448) RouteLoom: HIL PROBE tx peer=2 type=40 status=3 detail=ESP-NOW peer not found
[2026-09-26T11:38:04.351Z] I (148455) RouteLoom: HIL PROBE tx peer=2 type=40 status=3 detail=ESP-NOW peer not found
[2026-09-26T11:38:04.358Z] I (148463) RouteLoom: HIL PROBE tx peer=2 type=40 status=3 detail=ESP-NOW peer not found
[2026-09-26T11:38:04.366Z] I (148471) RouteLoom: HIL PROBE tx peer=2 type=40 status=3 detail=ESP-NOW peer not found
[2026-09-26T11:38:04.374Z] I (148479) RouteLoom: HIL PROBE tx peer=2 type=40 status=3 detail=ESP-NOW peer not found
[2026-09-26T11:38:04.381Z] I (148487) RouteLoom: HIL PROBE tx peer=2 type=40 status=3 detail=ESP-NOW peer not found
[2026-09-26T11:38:04.389Z] I (148494) RouteLoom: HIL PROBE tx peer=2 type=40 status=3 detail=ESP-NOW peer not found
[2026-09-26T11:38:04.397Z] I (148502) RouteLoom: HIL PROBE tx peer=2 type=40 status=3 detail=ESP-NOW peer not found
[2026-09-26T11:38:04.405Z] I (148510) RouteLoom: HIL PROBE tx peer=2 type=40 status=3 detail=ESP-NOW peer not found
[2026-09-26T11:38:04.413Z] I (148518) RouteLoom: HIL PROBE tx peer=2 type=40 status=3 detail=ESP-NOW peer not found
[2026-09-26T11:38:04.421Z] I (148526) RouteLoom: HIL PROBE tx peer=2 type=40 status=3 detail=ESP-NOW peer not found
[2026-09-26T11:38:04.428Z] I (148534) RouteLoom: HIL PROBE tx peer=2 type=40 status=3 detail=ESP-NOW peer not found
[2026-09-26T11:38:04.436Z] I (148541) RouteLoom: HIL PROBE tx peer=2 type=40 status=3 detail=ESP-NOW peer not found
[2026-09-26T11:38:04.444Z] I (148549) RouteLoom: HIL PROBE tx peer=2 type=40 status=3 detail=ESP-NOW peer not found
[2026-09-26T11:38:04.452Z] I (148557) RouteLoom: HIL PROBE tx peer=2 type=40 status=3 detail=ESP-NOW peer not found
[2026-09-26T11:38:04.460Z] I (148565) RouteLoom: HIL PROBE tx peer=2 type=40 status=3 detail=ESP-NOW peer not found
[2026-09-26T11:38:04.467Z] I (148573) RouteLoom: HIL PROBE tx peer=2 type=40 status=3 detail=ESP-NOW peer not found
[2026-09-26T11:38:04.475Z] I (148580) RouteLoom: HIL PROBE tx peer=2 type=40 status=3 detail=ESP-NOW peer not found
[2026-09-26T11:38:04.483Z] I (148588) RouteLoom: HIL PROBE tx peer=2 type=40 status=3 detail=ESP-NOW peer not found
[2026-09-26T11:38:04.491Z] I (148596) RouteLoom: HIL PROBE tx peer=2 type=40 status=3 detail=ESP-NOW peer not found
[2026-09-26T11:38:04.498Z] I (148604) RouteLoom: HIL PROBE tx peer=2 type=40 status=3 detail=ESP-NOW peer not found
[2026-09-26T11:38:04.506Z] I (148612) RouteLoom: HIL PROBE tx peer=2 type=40 status=3 detail=ESP-NOW peer not found
[2026-09-26T11:38:04.514Z] I (148619) RouteLoom: HIL PROBE tx peer=2 type=40 status=3 detail=ESP-NOW peer not found
[2026-09-26T11:38:04.522Z] I (148627) RouteLoom: HIL PROBE tx peer=2 type=40 status=3 detail=ESP-NOW peer not found
[2026-09-26T11:38:04.530Z] I (148635) RouteLoom: HIL PROBE tx peer=2 type=40 status=3 detail=ESP-NOW peer not found
[2026-09-26T11:38:04.538Z] I (148643) RouteLoom: HIL PROBE tx peer=2 type=40 status=3 detail=ESP-NOW peer not found
[2026-09-26T11:38:04.545Z] I (148651) RouteLoom: HIL PROBE tx peer=2 type=40 status=3 detail=ESP-NOW peer not found
[2026-09-26T11:38:04.557Z] I (148659) RouteLoom: HIL PROBE tx peer=2 type=40 status=3 detail=ESP-NOW peer not found
[2026-09-26T11:38:04.561Z] I (148666) RouteLoom: HIL PROBE tx peer=2 type=40 status=3 detail=ESP-NOW peer not found
[2026-09-26T11:38:04.569Z] I (148674) RouteLoom: HIL PROBE tx peer=2 type=40 status=3 detail=ESP-NOW peer not found
[2026-09-26T11:38:04.577Z] I (148682) RouteLoom: HIL PROBE tx peer=2 type=40 status=3 detail=ESP-NOW peer not found
[2026-09-26T11:38:04.585Z] I (148690) RouteLoom: HIL PROBE tx peer=2 type=40 status=3 detail=ESP-NOW peer not found
[2026-09-26T11:38:04.592Z] I (148698) RouteLoom: HIL PROBE tx peer=2 type=40 status=3 detail=ESP-NOW peer not found
[2026-09-26T11:38:04.600Z] I (148705) RouteLoom: HIL PROBE tx peer=2 type=40 status=3 detail=ESP-NOW peer not found
[2026-09-26T11:38:04.608Z] I (148713) RouteLoom: HIL PROBE tx peer=2 type=40 status=3 detail=ESP-NOW peer not found
[2026-09-26T11:38:04.616Z] I (148721) RouteLoom: HIL PROBE tx peer=2 type=40 status=3 detail=ESP-NOW peer not found
[2026-09-26T11:38:04.624Z] I (148729) RouteLoom: HIL PROBE tx peer=2 type=40 status=3 detail=ESP-NOW peer not found
[2026-09-26T11:38:04.631Z] I (148737) RouteLoom: HIL PROBE tx peer=2 type=40 status=3 detail=ESP-NOW peer not found
[2026-09-26T11:38:04.639Z] I (148744) RouteLoom: HIL PROBE tx peer=2 type=40 status=3 detail=ESP-NOW peer not found
[2026-09-26T11:38:04.647Z] I (148752) RouteLoom: HIL PROBE tx peer=2 type=40 status=3 detail=ESP-NOW peer not found
[2026-09-26T11:38:04.655Z] I (148760) RouteLoom: HIL PROBE tx peer=2 type=40 status=3 detail=ESP-NOW peer not found
[2026-09-26T11:38:04.663Z] I (148768) RouteLoom: HIL PROBE tx peer=2 type=40 status=3 detail=ESP-NOW peer not found
[2026-09-26T11:38:04.670Z] I (148776) RouteLoom: HIL PROBE tx peer=2 type=40 status=3 detail=ESP-NOW peer not found
[2026-09-26T11:38:04.678Z] I (148784) RouteLoom: HIL PROBE tx peer=2 type=40 status=3 detail=ESP-NOW peer not found
[2026-09-26T11:38:04.686Z] I (148791) RouteLoom: HIL PROBE tx peer=2 type=40 status=3 detail=ESP-NOW peer not found
[2026-09-26T11:38:04.694Z] I (148799) RouteLoom: HIL PROBE tx peer=2 type=40 status=3 detail=ESP-NOW peer not found
[2026-09-26T11:38:04.702Z] I (148807) RouteLoom: HIL PROBE tx peer=2 type=40 status=3 detail=ESP-NOW peer not found
[2026-09-26T11:38:04.710Z] I (148815) RouteLoom: HIL PROBE tx peer=2 type=40 status=3 detail=ESP-NOW peer not found
[2026-09-26T11:38:04.717Z] I (148823) RouteLoom: HIL PROBE tx peer=2 type=40 status=3 detail=ESP-NOW peer not found
[2026-09-26T11:38:04.725Z] I (148830) RouteLoom: HIL PROBE tx peer=2 type=40 status=3 detail=ESP-NOW peer not found
[2026-09-26T11:38:04.733Z] I (148838) RouteLoom: HIL PROBE tx peer=2 type=40 status=3 detail=ESP-NOW peer not found
[2026-09-26T11:38:04.741Z] I (148846) RouteLoom: HIL PROBE tx peer=2 type=40 status=3 detail=ESP-NOW peer not found
[2026-09-26T11:38:04.749Z] I (148854) RouteLoom: HIL PROBE tx peer=2 type=40 status=3 detail=ESP-NOW peer not found
[2026-09-26T11:38:04.756Z] I (148862) RouteLoom: HIL PROBE tx peer=2 type=40 status=3 detail=ESP-NOW peer not found
[2026-09-26T11:38:04.764Z] I (148869) RouteLoom: HIL PROBE tx peer=2 type=40 status=3 detail=ESP-NOW peer not found
[2026-09-26T11:38:04.772Z] I (148877) RouteLoom: HIL PROBE tx peer=2 type=40 status=3 detail=ESP-NOW peer not found
[2026-09-26T11:38:04.780Z] I (148885) RouteLoom: HIL PROBE tx peer=2 type=40 status=3 detail=ESP-NOW peer not found
[2026-09-26T11:38:04.788Z] I (148893) RouteLoom: HIL PROBE tx peer=2 type=40 status=3 detail=ESP-NOW peer not found
[2026-09-26T11:38:04.795Z] I (148901) RouteLoom: HIL PROBE tx peer=2 type=40 status=3 detail=ESP-NOW peer not found
[2026-09-26T11:38:04.803Z] I (148909) RouteLoom: HIL PROBE tx peer=2 type=40 status=3 detail=ESP-NOW peer not found
[2026-09-26T11:38:04.811Z] I (148916) RouteLoom: HIL PROBE tx peer=2 type=40 status=3 detail=ESP-NOW peer not found
[2026-09-26T11:38:04.819Z] I (148924) RouteLoom: HIL PROBE tx peer=2 type=40 status=3 detail=ESP-NOW peer not found
[2026-09-26T11:38:04.827Z] I (148932) RouteLoom: HIL PROBE tx peer=2 type=40 status=3 detail=ESP-NOW peer not found
[2026-09-26T11:38:04.835Z] I (148940) RouteLoom: HIL PROBE tx peer=2 type=40 status=3 detail=ESP-NOW peer not found
[2026-09-26T11:38:04.842Z] I (148948) RouteLoom: HIL PROBE tx peer=2 type=40 status=3 detail=ESP-NOW peer not found
[2026-09-26T11:38:04.850Z] I (148955) RouteLoom: HIL PROBE tx peer=2 type=40 status=3 detail=ESP-NOW peer not found
[2026-09-26T11:38:04.858Z] I (148963) RouteLoom: HIL PROBE tx peer=2 type=40 status=3 detail=ESP-NOW peer not found
[2026-09-26T11:38:04.866Z] I (148971) RouteLoom: HIL PROBE tx peer=2 type=40 status=3 detail=ESP-NOW peer not found
[2026-09-26T11:38:04.873Z] I (148979) RouteLoom: HIL PROBE tx peer=2 type=40 status=3 detail=ESP-NOW peer not found
[2026-09-26T11:38:04.881Z] I (148987) RouteLoom: HIL PROBE tx peer=2 type=40 status=3 detail=ESP-NOW peer not found
[2026-09-26T11:38:04.889Z] I (148994) RouteLoom: HIL PROBE tx peer=2 type=40 status=3 detail=ESP-NOW peer not found
[2026-09-26T11:38:04.897Z] I (149002) RouteLoom: HIL PROBE tx peer=2 type=40 status=3 detail=ESP-NOW peer not found
[2026-09-26T11:38:04.905Z] I (149010) RouteLoom: HIL PROBE tx peer=2 type=40 status=3 detail=ESP-NOW peer not found
[2026-09-26T11:38:04.913Z] I (149018) RouteLoom: HIL PROBE tx peer=2 type=40 status=3 detail=ESP-NOW peer not found
[2026-09-26T11:38:04.921Z] I (149026) RouteLoom: HIL PROBE tx peer=2 type=40 status=3 detail=ESP-NOW peer not found
[2026-09-26T11:38:04.928Z] I (149034) RouteLoom: HIL PROBE tx peer=2 type=40 status=3 detail=ESP-NOW peer not found
[2026-09-26T11:38:04.936Z] I (149041) RouteLoom: HIL PROBE tx peer=2 type=40 status=3 detail=ESP-NOW peer not found
[2026-09-26T11:38:04.944Z] I (149049) RouteLoom: HIL PROBE tx peer=2 type=40 status=3 detail=ESP-NOW peer not found
[2026-09-26T11:38:04.952Z] I (149057) RouteLoom: HIL PROBE tx peer=2 type=40 status=3 detail=ESP-NOW peer not found
[2026-09-26T11:38:04.959Z] I (149065) RouteLoom: HIL PROBE tx peer=2 type=40 status=3 detail=ESP-NOW peer not found
[2026-09-26T11:38:04.967Z] I (149073) RouteLoom: HIL PROBE tx peer=2 type=40 status=3 detail=ESP-NOW peer not found
[2026-09-26T11:38:04.975Z] I (149080) RouteLoom: HIL PROBE tx peer=2 type=40 status=3 detail=ESP-NOW peer not found
[2026-09-26T11:38:04.983Z] I (149088) RouteLoom: HIL PROBE tx peer=2 type=40 status=3 detail=ESP-NOW peer not found
[2026-09-26T11:38:04.991Z] I (149096) RouteLoom: HIL PROBE tx peer=2 type=40 status=3 detail=ESP-NOW peer not found
[2026-09-26T11:38:04.998Z] I (149104) RouteLoom: HIL PROBE tx peer=2 type=40 status=3 detail=ESP-NOW peer not found
[2026-09-26T11:38:05.006Z] I (149112) RouteLoom: HIL PROBE tx peer=2 type=40 status=3 detail=ESP-NOW peer not found
[2026-09-26T11:38:05.014Z] I (149119) RouteLoom: HIL PROBE tx peer=2 type=40 status=3 detail=ESP-NOW peer not found
[2026-09-26T11:38:05.022Z] I (149127) RouteLoom: HIL PROBE tx peer=2 type=40 status=3 detail=ESP-NOW peer not found
[2026-09-26T11:38:05.030Z] I (149135) RouteLoom: HIL PROBE tx peer=2 type=40 status=3 detail=ESP-NOW peer not found
[2026-09-26T11:38:05.038Z] I (149143) RouteLoom: HIL PROBE tx peer=2 type=40 status=3 detail=ESP-NOW peer not found
[2026-09-26T11:38:05.045Z] I (149151) RouteLoom: HIL PROBE tx peer=2 type=40 status=3 detail=ESP-NOW peer not found
[2026-09-26T11:38:05.053Z] I (149158) RouteLoom: HIL PROBE tx peer=2 type=40 status=3 detail=ESP-NOW peer not found
[2026-09-26T11:38:05.061Z] I (149166) RouteLoom: HIL PROBE tx peer=2 type=40 status=3 detail=ESP-NOW peer not found
[2026-09-26T11:38:05.069Z] I (149174) RouteLoom: HIL PROBE tx peer=2 type=40 status=3 detail=ESP-NOW peer not found
[2026-09-26T11:38:05.077Z] I (149182) RouteLoom: HIL PROBE tx peer=2 type=40 status=3 detail=ESP-NOW peer not found
[2026-09-26T11:38:05.084Z] I (149190) RouteLoom: HIL PROBE tx peer=2 type=40 status=3 detail=ESP-NOW peer not found
[2026-09-26T11:38:05.092Z] I (149198) RouteLoom: HIL PROBE tx peer=2 type=40 status=3 detail=ESP-NOW peer not found
[2026-09-26T11:38:05.100Z] I (149205) RouteLoom: HIL PROBE tx peer=2 type=40 status=3 detail=ESP-NOW peer not found
[2026-09-26T11:38:05.108Z] I (149213) RouteLoom: HIL PROBE tx peer=2 type=40 status=3 detail=ESP-NOW peer not found
[2026-09-26T11:38:05.116Z] I (149221) RouteLoom: HIL PROBE tx peer=2 type=40 status=3 detail=ESP-NOW peer not found
[2026-09-26T11:38:05.123Z] I (149229) RouteLoom: HIL PROBE tx peer=2 type=40 status=3 detail=ESP-NOW peer not found
[2026-09-26T11:38:05.132Z] I (149237) RouteLoom: HIL PROBE tx peer=2 type=40 status=3 detail=ESP-NOW peer not found
[2026-09-26T11:38:05.139Z] I (149244) RouteLoom: HIL PROBE tx peer=2 type=40 status=3 detail=ESP-NOW peer not found
[2026-09-26T11:38:05.147Z] I (149252) RouteLoom: HIL PROBE tx peer=2 type=40 status=3 detail=ESP-NOW peer not found
[2026-09-26T11:38:05.155Z] I (149260) RouteLoom: HIL PROBE tx peer=2 type=40 status=3 detail=ESP-NOW peer not found
[2026-09-26T11:38:05.163Z] I (149268) RouteLoom: HIL PROBE tx peer=2 type=40 status=3 detail=ESP-NOW peer not found
[2026-09-26T11:38:05.170Z] I (149276) RouteLoom: HIL PROBE tx peer=2 type=40 status=3 detail=ESP-NOW peer not found
[2026-09-26T11:38:05.178Z] I (149283) RouteLoom: HIL PROBE tx peer=2 type=40 status=3 detail=ESP-NOW peer not found
[2026-09-26T11:38:05.186Z] I (149291) RouteLoom: HIL PROBE tx peer=2 type=40 status=3 detail=ESP-NOW peer not found
[2026-09-26T11:38:05.194Z] I (149299) RouteLoom: HIL PROBE tx peer=2 type=40 status=3 detail=ESP-NOW peer not found
[2026-09-26T11:38:05.202Z] I (149307) RouteLoom: HIL PROBE tx peer=2 type=40 status=3 detail=ESP-NOW peer not found
[2026-09-26T11:38:05.210Z] I (149315) RouteLoom: HIL PROBE tx peer=2 type=40 status=3 detail=ESP-NOW peer not found
[2026-09-26T11:38:05.217Z] I (149323) RouteLoom: HIL PROBE tx peer=2 type=40 status=3 detail=ESP-NOW peer not found
[2026-09-26T11:38:05.225Z] I (149330) RouteLoom: HIL PROBE tx peer=2 type=40 status=3 detail=ESP-NOW peer not found
[2026-09-26T11:38:05.233Z] I (149338) RouteLoom: HIL PROBE tx peer=2 type=40 status=3 detail=ESP-NOW peer not found
[2026-09-26T11:38:05.241Z] I (149346) RouteLoom: HIL PROBE tx peer=2 type=40 status=3 detail=ESP-NOW peer not found
[2026-09-26T11:38:05.249Z] I (149354) RouteLoom: HIL PROBE tx peer=2 type=40 status=3 detail=ESP-NOW peer not found
[2026-09-26T11:38:05.256Z] I (149362) RouteLoom: HIL PROBE tx peer=2 type=40 status=3 detail=ESP-NOW peer not found
[2026-09-26T11:38:05.264Z] I (149369) RouteLoom: HIL PROBE tx peer=2 type=40 status=3 detail=ESP-NOW peer not found
[2026-09-26T11:38:05.272Z] I (149377) RouteLoom: HIL PROBE tx peer=2 type=40 status=3 detail=ESP-NOW peer not found
[2026-09-26T11:38:05.280Z] I (149385) RouteLoom: HIL PROBE tx peer=2 type=40 status=3 detail=ESP-NOW peer not found
[2026-09-26T11:38:05.288Z] I (149393) RouteLoom: HIL PROBE tx peer=2 type=40 status=3 detail=ESP-NOW peer not found
[2026-09-26T11:38:05.295Z] I (149401) RouteLoom: HIL PROBE tx peer=2 type=40 status=3 detail=ESP-NOW peer not found
[2026-09-26T11:38:05.303Z] I (149408) RouteLoom: HIL PROBE tx peer=2 type=40 status=3 detail=ESP-NOW peer not found
[2026-09-26T11:38:05.311Z] I (149416) RouteLoom: HIL PROBE tx peer=2 type=40 status=3 detail=ESP-NOW peer not found
[2026-09-26T11:38:05.321Z] I (149424) RouteLoom: HIL PROBE tx peer=2 type=40 status=3 detail=ESP-NOW peer not found
[2026-09-26T11:38:05.327Z] I (149432) RouteLoom: HIL PROBE tx peer=2 type=40 status=3 detail=ESP-NOW peer not found
[2026-09-26T11:38:05.334Z] I (149440) RouteLoom: HIL PROBE tx peer=2 type=40 status=3 detail=ESP-NOW peer not found
[2026-09-26T11:38:05.343Z] I (149448) RouteLoom: HIL PROBE tx peer=2 type=40 status=3 detail=ESP-NOW peer not found
[2026-09-26T11:38:05.350Z] I (149455) RouteLoom: HIL PROBE tx peer=2 type=40 status=3 detail=ESP-NOW peer not found
[2026-09-26T11:38:05.358Z] I (149463) RouteLoom: HIL PROBE tx peer=2 type=40 status=3 detail=ESP-NOW peer not found
[2026-09-26T11:38:05.366Z] I (149471) RouteLoom: HIL PROBE tx peer=2 type=40 status=3 detail=ESP-NOW peer not found
[2026-09-26T11:38:05.373Z] I (149479) RouteLoom: HIL PROBE tx peer=2 type=40 status=3 detail=ESP-NOW peer not found
[2026-09-26T11:38:05.381Z] I (149487) RouteLoom: HIL PROBE tx peer=2 type=40 status=3 detail=ESP-NOW peer not found
[2026-09-26T11:38:05.389Z] I (149494) RouteLoom: HIL PROBE tx peer=2 type=40 status=3 detail=ESP-NOW peer not found
[2026-09-26T11:38:05.397Z] I (149502) RouteLoom: HIL PROBE tx peer=2 type=40 status=3 detail=ESP-NOW peer not found
[2026-09-26T11:38:05.405Z] I (149510) RouteLoom: HIL PROBE tx peer=2 type=40 status=3 detail=ESP-NOW peer not found
[2026-09-26T11:38:05.413Z] I (149518) RouteLoom: HIL PROBE tx peer=2 type=40 status=3 detail=ESP-NOW peer not found
[2026-09-26T11:38:05.420Z] I (149526) RouteLoom: HIL PROBE tx peer=2 type=40 status=3 detail=ESP-NOW peer not found
[2026-09-26T11:38:05.428Z] I (149533) RouteLoom: HIL PROBE tx peer=2 type=40 status=3 detail=ESP-NOW peer not found
[2026-09-26T11:38:05.436Z] I (149541) RouteLoom: HIL PROBE tx peer=2 type=40 status=3 detail=ESP-NOW peer not found
[2026-09-26T11:38:05.444Z] I (149549) RouteLoom: HIL PROBE tx peer=2 type=40 status=3 detail=ESP-NOW peer not found
[2026-09-26T11:38:05.452Z] I (149557) RouteLoom: HIL PROBE tx peer=2 type=40 status=3 detail=ESP-NOW peer not found
[2026-09-26T11:38:05.459Z] I (149565) RouteLoom: HIL PROBE tx peer=2 type=40 status=3 detail=ESP-NOW peer not found
[2026-09-26T11:38:05.467Z] I (149573) RouteLoom: HIL PROBE tx peer=2 type=40 status=3 detail=ESP-NOW peer not found
[2026-09-26T11:38:05.475Z] I (149580) RouteLoom: HIL PROBE tx peer=2 type=40 status=3 detail=ESP-NOW peer not found
[2026-09-26T11:38:05.483Z] I (149588) RouteLoom: HIL PROBE tx peer=2 type=40 status=3 detail=ESP-NOW peer not found
[2026-09-26T11:38:05.491Z] I (149596) RouteLoom: HIL PROBE tx peer=2 type=40 status=3 detail=ESP-NOW peer not found
[2026-09-26T11:38:05.498Z] I (149604) RouteLoom: HIL PROBE tx peer=2 type=40 status=3 detail=ESP-NOW peer not found
[2026-09-26T11:38:05.506Z] I (149612) RouteLoom: HIL PROBE tx peer=2 type=40 status=3 detail=ESP-NOW peer not found
[2026-09-26T11:38:05.514Z] I (149619) RouteLoom: HIL PROBE tx peer=2 type=40 status=3 detail=ESP-NOW peer not found
[2026-09-26T11:38:05.522Z] I (149627) RouteLoom: HIL PROBE tx peer=2 type=40 status=3 detail=ESP-NOW peer not found
[2026-09-26T11:38:05.530Z] I (149635) RouteLoom: HIL PROBE tx peer=2 type=40 status=3 detail=ESP-NOW peer not found
[2026-09-26T11:38:05.537Z] I (149643) RouteLoom: HIL PROBE tx peer=2 type=40 status=3 detail=ESP-NOW peer not found
[2026-09-26T11:38:05.545Z] I (149651) RouteLoom: HIL PROBE tx peer=2 type=40 status=3 detail=ESP-NOW peer not found
[2026-09-26T11:38:05.553Z] I (149658) RouteLoom: HIL PROBE tx peer=2 type=40 status=3 detail=ESP-NOW peer not found
[2026-09-26T11:38:05.561Z] I (149666) RouteLoom: HIL PROBE tx peer=2 type=40 status=3 detail=ESP-NOW peer not found
[2026-09-26T11:38:05.569Z] I (149674) RouteLoom: HIL PROBE tx peer=2 type=40 status=3 detail=ESP-NOW peer not found
[2026-09-26T11:38:05.577Z] I (149682) RouteLoom: HIL PROBE tx peer=2 type=40 status=3 detail=ESP-NOW peer not found
[2026-09-26T11:38:05.585Z] I (149690) RouteLoom: HIL PROBE tx peer=2 type=40 status=3 detail=ESP-NOW peer not found
[2026-09-26T11:38:05.592Z] I (149697) RouteLoom: HIL PROBE tx peer=2 type=40 status=3 detail=ESP-NOW peer not found
[2026-09-26T11:38:05.600Z] I (149705) RouteLoom: HIL PROBE tx peer=2 type=40 status=3 detail=ESP-NOW peer not found
[2026-09-26T11:38:05.608Z] I (149713) RouteLoom: HIL PROBE tx peer=2 type=40 status=3 detail=ESP-NOW peer not found
[2026-09-26T11:38:05.616Z] I (149721) RouteLoom: HIL PROBE tx peer=2 type=40 status=3 detail=ESP-NOW peer not found
[2026-09-26T11:38:05.623Z] I (149729) RouteLoom: HIL PROBE tx peer=2 type=40 status=3 detail=ESP-NOW peer not found
[2026-09-26T11:38:05.631Z] I (149737) RouteLoom: HIL PROBE tx peer=2 type=40 status=3 detail=ESP-NOW peer not found
[2026-09-26T11:38:05.639Z] I (149744) RouteLoom: HIL PROBE tx peer=2 type=40 status=3 detail=ESP-NOW peer not found
[2026-09-26T11:38:05.647Z] I (149752) RouteLoom: HIL PROBE tx peer=2 type=40 status=3 detail=ESP-NOW peer not found
[2026-09-26T11:38:05.655Z] I (149760) RouteLoom: HIL PROBE tx peer=2 type=40 status=3 detail=ESP-NOW peer not found
[2026-09-26T11:38:05.663Z] I (149768) RouteLoom: HIL PROBE tx peer=2 type=40 status=3 detail=ESP-NOW peer not found
[2026-09-26T11:38:05.670Z] I (149776) RouteLoom: HIL PROBE tx peer=2 type=40 status=3 detail=ESP-NOW peer not found
[2026-09-26T11:38:05.707Z] I (149783) RouteLoom: HIL PROBE tx peer=2 type=40 status=3 detail=ESP-NOW peer not found
[2026-09-26T11:38:05.707Z] I (149791) RouteLoom: HIL PROBE tx peer=2 type=40 status=3 detail=ESP-NOW peer not found
[2026-09-26T11:38:05.707Z] I (149799) RouteLoom: HIL PROBE tx peer=2 type=40 status=3 detail=ESP-NOW peer not found
[2026-09-26T11:38:05.707Z] I (149807) RouteLoom: HIL PROBE tx peer=2 type=40 status=3 detail=ESP-NOW peer not found
[2026-09-26T11:38:05.709Z] I (149815) RouteLoom: HIL PROBE tx peer=2 type=40 status=3 detail=ESP-NOW peer not found
[2026-09-26T11:38:05.717Z] I (149822) RouteLoom: HIL PROBE tx peer=2 type=40 status=3 detail=ESP-NOW peer not found
[2026-09-26T11:38:05.726Z] I (149830) RouteLoom: HIL PROBE tx peer=2 type=40 status=3 detail=ESP-NOW peer not found
[2026-09-26T11:38:05.733Z] I (149838) RouteLoom: HIL PROBE tx peer=2 type=40 status=3 detail=ESP-NOW peer not found
[2026-09-26T11:38:05.741Z] I (149846) RouteLoom: HIL PROBE tx peer=2 type=40 status=3 detail=ESP-NOW peer not found
[2026-09-26T11:38:05.749Z] I (149854) RouteLoom: HIL PROBE tx peer=2 type=40 status=3 detail=ESP-NOW peer not found
[2026-09-26T11:38:05.756Z] I (149862) RouteLoom: HIL PROBE tx peer=2 type=40 status=3 detail=ESP-NOW peer not found
[2026-09-26T11:38:05.764Z] I (149869) RouteLoom: HIL PROBE tx peer=2 type=40 status=3 detail=ESP-NOW peer not found
[2026-09-26T11:38:05.772Z] I (149877) RouteLoom: HIL PROBE tx peer=2 type=40 status=3 detail=ESP-NOW peer not found
[2026-09-26T11:38:05.780Z] I (149885) RouteLoom: HIL PROBE tx peer=2 type=40 status=3 detail=ESP-NOW peer not found
[2026-09-26T11:38:05.788Z] I (149893) RouteLoom: HIL PROBE tx peer=2 type=40 status=3 detail=ESP-NOW peer not found
[2026-09-26T11:38:05.796Z] I (149901) RouteLoom: HIL PROBE tx peer=2 type=40 status=3 detail=ESP-NOW peer not found
[2026-09-26T11:38:05.803Z] I (149908) RouteLoom: HIL PROBE tx peer=2 type=40 status=3 detail=ESP-NOW peer not found
[2026-09-26T11:38:05.811Z] I (149916) RouteLoom: HIL PROBE tx peer=2 type=40 status=3 detail=ESP-NOW peer not found
[2026-09-26T11:38:05.820Z] I (149924) RouteLoom: HIL PROBE tx peer=2 type=40 status=3 detail=ESP-NOW peer not found
[2026-09-26T11:38:05.827Z] I (149932) RouteLoom: HIL PROBE tx peer=2 type=40 status=3 detail=ESP-NOW peer not found
[2026-09-26T11:38:05.834Z] I (149940) RouteLoom: HIL PROBE tx peer=2 type=40 status=3 detail=ESP-NOW peer not found
[2026-09-26T11:38:05.842Z] I (149947) RouteLoom: HIL PROBE tx peer=2 type=40 status=3 detail=ESP-NOW peer not found
[2026-09-26T11:38:05.850Z] I (149955) RouteLoom: HIL PROBE tx peer=2 type=40 status=3 detail=ESP-NOW peer not found
[2026-09-26T11:38:05.858Z] I (149963) RouteLoom: HIL PROBE tx peer=2 type=40 status=3 detail=ESP-NOW peer not found
[2026-09-26T11:38:05.866Z] I (149971) RouteLoom: HIL PROBE tx peer=2 type=40 status=3 detail=ESP-NOW peer not found
[2026-09-26T11:38:05.873Z] I (149979) RouteLoom: HIL PROBE tx peer=2 type=40 status=3 detail=ESP-NOW peer not found
[2026-09-26T11:38:05.881Z] I (149987) RouteLoom: HIL PROBE tx peer=2 type=40 status=3 detail=ESP-NOW peer not found
[2026-09-26T11:38:05.889Z] I (149994) RouteLoom: HIL PROBE tx peer=2 type=40 status=3 detail=ESP-NOW peer not found
[2026-09-26T11:38:05.897Z] I (150002) RouteLoom: HIL PROBE tx peer=2 type=40 status=3 detail=ESP-NOW peer not found
[2026-09-26T11:38:05.905Z] I (150010) RouteLoom: HIL PROBE tx peer=2 type=40 status=3 detail=ESP-NOW peer not found
[2026-09-26T11:38:05.915Z] I (150018) RouteLoom: HIL PROBE tx peer=2 type=40 status=3 detail=ESP-NOW peer not found
[2026-09-26T11:38:05.920Z] I (150026) RouteLoom: HIL PROBE tx peer=2 type=40 status=3 detail=ESP-NOW peer not found
[2026-09-26T11:38:05.928Z] I (150033) RouteLoom: HIL PROBE tx peer=2 type=40 status=3 detail=ESP-NOW peer not found
[2026-09-26T11:38:05.936Z] I (150041) RouteLoom: HIL PROBE tx peer=2 type=40 status=3 detail=ESP-NOW peer not found
[2026-09-26T11:38:05.944Z] I (150049) RouteLoom: HIL PROBE tx peer=2 type=40 status=3 detail=ESP-NOW peer not found
[2026-09-26T11:38:05.952Z] I (150057) RouteLoom: HIL PROBE tx peer=2 type=40 status=3 detail=ESP-NOW peer not found
[2026-09-26T11:38:05.959Z] I (150065) RouteLoom: HIL PROBE tx peer=2 type=40 status=3 detail=ESP-NOW peer not found
[2026-09-26T11:38:05.967Z] I (150072) RouteLoom: HIL PROBE tx peer=2 type=40 status=3 detail=ESP-NOW peer not found
[2026-09-26T11:38:05.975Z] I (150080) RouteLoom: HIL PROBE tx peer=2 type=40 status=3 detail=ESP-NOW peer not found
[2026-09-26T11:38:05.983Z] I (150088) RouteLoom: HIL PROBE tx peer=2 type=40 status=3 detail=ESP-NOW peer not found
[2026-09-26T11:38:05.991Z] I (150096) RouteLoom: HIL PROBE tx peer=2 type=40 status=3 detail=ESP-NOW peer not found
[2026-09-26T11:38:05.998Z] I (150104) RouteLoom: HIL PROBE tx peer=2 type=40 status=3 detail=ESP-NOW peer not found
[2026-09-26T11:38:06.006Z] I (150112) RouteLoom: HIL PROBE tx peer=2 type=40 status=3 detail=ESP-NOW peer not found
[2026-09-26T11:38:06.014Z] I (150119) RouteLoom: HIL PROBE tx peer=2 type=40 status=3 detail=ESP-NOW peer not found
[2026-09-26T11:38:06.022Z] I (150127) RouteLoom: HIL PROBE tx peer=2 type=40 status=3 detail=ESP-NOW peer not found
[2026-09-26T11:38:06.030Z] I (150135) RouteLoom: HIL PROBE tx peer=2 type=40 status=3 detail=ESP-NOW peer not found
[2026-09-26T11:38:06.037Z] I (150143) RouteLoom: HIL PROBE tx peer=2 type=40 status=3 detail=ESP-NOW peer not found
[2026-09-26T11:38:06.045Z] I (150151) RouteLoom: HIL PROBE tx peer=2 type=40 status=3 detail=ESP-NOW peer not found
[2026-09-26T11:38:06.053Z] I (150158) RouteLoom: HIL PROBE tx peer=2 type=40 status=3 detail=ESP-NOW peer not found
[2026-09-26T11:38:06.061Z] I (150166) RouteLoom: HIL PROBE tx peer=2 type=40 status=3 detail=ESP-NOW peer not found
[2026-09-26T11:38:06.069Z] I (150174) RouteLoom: HIL PROBE tx peer=2 type=40 status=3 detail=ESP-NOW peer not found
[2026-09-26T11:38:06.076Z] I (150182) RouteLoom: HIL PROBE tx peer=2 type=40 status=3 detail=ESP-NOW peer not found
[2026-09-26T11:38:06.084Z] I (150190) RouteLoom: HIL PROBE tx peer=2 type=40 status=3 detail=ESP-NOW peer not found
[2026-09-26T11:38:06.092Z] I (150197) RouteLoom: HIL PROBE tx peer=2 type=40 status=3 detail=ESP-NOW peer not found
[2026-09-26T11:38:06.101Z] I (150205) RouteLoom: HIL PROBE tx peer=2 type=40 status=3 detail=ESP-NOW peer not found
[2026-09-26T11:38:06.108Z] I (150213) RouteLoom: HIL PROBE tx peer=2 type=40 status=3 detail=ESP-NOW peer not found
[2026-09-26T11:38:06.116Z] I (150221) RouteLoom: HIL PROBE tx peer=2 type=40 status=3 detail=ESP-NOW peer not found
[2026-09-26T11:38:06.123Z] I (150229) RouteLoom: HIL PROBE tx peer=2 type=40 status=3 detail=ESP-NOW peer not found
[2026-09-26T11:38:06.131Z] I (150237) RouteLoom: HIL PROBE tx peer=2 type=40 status=3 detail=ESP-NOW peer not found
[2026-09-26T11:38:06.139Z] I (150244) RouteLoom: HIL PROBE tx peer=2 type=40 status=3 detail=ESP-NOW peer not found
[2026-09-26T11:38:06.147Z] I (150252) RouteLoom: HIL PROBE tx peer=2 type=40 status=3 detail=ESP-NOW peer not found
[2026-09-26T11:38:06.155Z] I (150260) RouteLoom: HIL PROBE tx peer=2 type=40 status=3 detail=ESP-NOW peer not found
[2026-09-26T11:38:06.162Z] I (150268) RouteLoom: HIL PROBE tx peer=2 type=40 status=3 detail=ESP-NOW peer not found
[2026-09-26T11:38:06.170Z] I (150276) RouteLoom: HIL PROBE tx peer=2 type=40 status=3 detail=ESP-NOW peer not found
[2026-09-26T11:38:06.178Z] I (150283) RouteLoom: HIL PROBE tx peer=2 type=40 status=3 detail=ESP-NOW peer not found
[2026-09-26T11:38:06.186Z] I (150291) RouteLoom: HIL PROBE tx peer=2 type=40 status=3 detail=ESP-NOW peer not found
[2026-09-26T11:38:06.194Z] I (150299) RouteLoom: HIL PROBE tx peer=2 type=40 status=3 detail=ESP-NOW peer not found
[2026-09-26T11:38:06.202Z] I (150307) RouteLoom: HIL PROBE tx peer=2 type=40 status=3 detail=ESP-NOW peer not found
[2026-09-26T11:38:06.209Z] I (150315) RouteLoom: HIL PROBE tx peer=2 type=40 status=3 detail=ESP-NOW peer not found
[2026-09-26T11:38:06.217Z] I (150322) RouteLoom: HIL PROBE tx peer=2 type=40 status=3 detail=ESP-NOW peer not found
[2026-09-26T11:38:06.226Z] I (150330) RouteLoom: HIL PROBE tx peer=2 type=40 status=3 detail=ESP-NOW peer not found
[2026-09-26T11:38:06.233Z] I (150338) RouteLoom: HIL PROBE tx peer=2 type=40 status=3 detail=ESP-NOW peer not found
[2026-09-26T11:38:06.241Z] I (150346) RouteLoom: HIL PROBE tx peer=2 type=40 status=3 detail=ESP-NOW peer not found
[2026-09-26T11:38:06.248Z] I (150354) RouteLoom: HIL PROBE tx peer=2 type=40 status=3 detail=ESP-NOW peer not found
[2026-09-26T11:38:06.256Z] I (150361) RouteLoom: HIL PROBE tx peer=2 type=40 status=3 detail=ESP-NOW peer not found
[2026-09-26T11:38:06.264Z] I (150369) RouteLoom: HIL PROBE tx peer=2 type=40 status=3 detail=ESP-NOW peer not found
[2026-09-26T11:38:06.272Z] I (150377) RouteLoom: HIL PROBE tx peer=2 type=40 status=3 detail=ESP-NOW peer not found
[2026-09-26T11:38:06.280Z] I (150385) RouteLoom: HIL PROBE tx peer=2 type=40 status=3 detail=ESP-NOW peer not found
[2026-09-26T11:38:06.287Z] I (150393) RouteLoom: HIL PROBE tx peer=2 type=40 status=3 detail=ESP-NOW peer not found
[2026-09-26T11:38:06.295Z] I (150401) RouteLoom: HIL PROBE tx peer=2 type=40 status=3 detail=ESP-NOW peer not found
[2026-09-26T11:38:06.303Z] I (150408) RouteLoom: HIL PROBE tx peer=2 type=40 status=3 detail=ESP-NOW peer not found
[2026-09-26T11:38:06.311Z] I (150416) RouteLoom: HIL PROBE tx peer=2 type=40 status=3 detail=ESP-NOW peer not found
[2026-09-26T11:38:06.319Z] I (150424) RouteLoom: HIL PROBE tx peer=2 type=40 status=3 detail=ESP-NOW peer not found
[2026-09-26T11:38:06.327Z] I (150432) RouteLoom: HIL PROBE tx peer=2 type=40 status=3 detail=ESP-NOW peer not found
[2026-09-26T11:38:06.334Z] I (150440) RouteLoom: HIL PROBE tx peer=2 type=40 status=3 detail=ESP-NOW peer not found
[2026-09-26T11:38:06.342Z] I (150447) RouteLoom: HIL PROBE tx peer=2 type=40 status=3 detail=ESP-NOW peer not found
[2026-09-26T11:38:06.350Z] I (150455) RouteLoom: HIL PROBE tx peer=2 type=40 status=3 detail=ESP-NOW peer not found
[2026-09-26T11:38:06.358Z] I (150463) RouteLoom: HIL PROBE tx peer=2 type=40 status=3 detail=ESP-NOW peer not found
[2026-09-26T11:38:06.366Z] I (150471) RouteLoom: HIL PROBE tx peer=2 type=40 status=3 detail=ESP-NOW peer not found
[2026-09-26T11:38:06.373Z] I (150479) RouteLoom: HIL PROBE tx peer=2 type=40 status=3 detail=ESP-NOW peer not found
[2026-09-26T11:38:06.381Z] I (150486) RouteLoom: HIL PROBE tx peer=2 type=40 status=3 detail=ESP-NOW peer not found
[2026-09-26T11:38:06.389Z] I (150494) RouteLoom: HIL PROBE tx peer=2 type=40 status=3 detail=ESP-NOW peer not found
[2026-09-26T11:38:06.397Z] I (150502) RouteLoom: HIL PROBE tx peer=2 type=40 status=3 detail=ESP-NOW peer not found
[2026-09-26T11:38:06.405Z] I (150510) RouteLoom: HIL PROBE tx peer=2 type=40 status=3 detail=ESP-NOW peer not found
[2026-09-26T11:38:06.412Z] I (150518) RouteLoom: HIL PROBE tx peer=2 type=40 status=3 detail=ESP-NOW peer not found
[2026-09-26T11:38:06.420Z] I (150526) RouteLoom: HIL PROBE tx peer=2 type=40 status=3 detail=ESP-NOW peer not found
[2026-09-26T11:38:06.428Z] I (150533) RouteLoom: HIL PROBE tx peer=2 type=40 status=3 detail=ESP-NOW peer not found
[2026-09-26T11:38:06.436Z] I (150541) RouteLoom: HIL PROBE tx peer=2 type=40 status=3 detail=ESP-NOW peer not found
[2026-09-26T11:38:06.444Z] I (150549) RouteLoom: HIL PROBE tx peer=2 type=40 status=3 detail=ESP-NOW peer not found
[2026-09-26T11:38:06.452Z] I (150557) RouteLoom: HIL PROBE tx peer=2 type=40 status=3 detail=ESP-NOW peer not found
[2026-09-26T11:38:06.460Z] I (150565) RouteLoom: HIL PROBE tx peer=2 type=40 status=3 detail=ESP-NOW peer not found
[2026-09-26T11:38:06.467Z] I (150572) RouteLoom: HIL PROBE tx peer=2 type=40 status=3 detail=ESP-NOW peer not found
[2026-09-26T11:38:06.475Z] I (150580) RouteLoom: HIL PROBE tx peer=2 type=40 status=3 detail=ESP-NOW peer not found
[2026-09-26T11:38:06.483Z] I (150588) RouteLoom: HIL PROBE tx peer=2 type=40 status=3 detail=ESP-NOW peer not found
[2026-09-26T11:38:06.491Z] I (150596) RouteLoom: HIL PROBE tx peer=2 type=40 status=3 detail=ESP-NOW peer not found
[2026-09-26T11:38:06.498Z] I (150604) RouteLoom: HIL PROBE tx peer=2 type=40 status=3 detail=ESP-NOW peer not found
[2026-09-26T11:38:06.506Z] I (150611) RouteLoom: HIL PROBE tx peer=2 type=40 status=3 detail=ESP-NOW peer not found
[2026-09-26T11:38:06.514Z] I (150619) RouteLoom: HIL PROBE tx peer=2 type=40 status=3 detail=ESP-NOW peer not found
[2026-09-26T11:38:06.522Z] I (150627) RouteLoom: HIL PROBE tx peer=2 type=40 status=3 detail=ESP-NOW peer not found
[2026-09-26T11:38:06.530Z] I (150635) RouteLoom: HIL PROBE tx peer=2 type=40 status=3 detail=ESP-NOW peer not found
[2026-09-26T11:38:06.537Z] I (150643) RouteLoom: HIL PROBE tx peer=2 type=40 status=3 detail=ESP-NOW peer not found
[2026-09-26T11:38:06.545Z] I (150651) RouteLoom: HIL PROBE tx peer=2 type=40 status=3 detail=ESP-NOW peer not found
[2026-09-26T11:38:06.553Z] I (150658) RouteLoom: HIL PROBE tx peer=2 type=40 status=3 detail=ESP-NOW peer not found
[2026-09-26T11:38:06.561Z] I (150666) RouteLoom: HIL PROBE tx peer=2 type=40 status=3 detail=ESP-NOW peer not found
[2026-09-26T11:38:06.569Z] I (150674) RouteLoom: HIL PROBE tx peer=2 type=40 status=3 detail=ESP-NOW peer not found
[2026-09-26T11:38:06.577Z] I (150682) RouteLoom: HIL PROBE tx peer=2 type=40 status=3 detail=ESP-NOW peer not found
[2026-09-26T11:38:06.584Z] I (150690) RouteLoom: HIL PROBE tx peer=2 type=40 status=3 detail=ESP-NOW peer not found
[2026-09-26T11:38:06.592Z] I (150697) RouteLoom: HIL PROBE tx peer=2 type=40 status=3 detail=ESP-NOW peer not found
[2026-09-26T11:38:06.600Z] I (150705) RouteLoom: HIL PROBE tx peer=2 type=40 status=3 detail=ESP-NOW peer not found
[2026-09-26T11:38:06.608Z] I (150713) RouteLoom: HIL PROBE tx peer=2 type=40 status=3 detail=ESP-NOW peer not found
[2026-09-26T11:38:06.616Z] I (150721) RouteLoom: HIL PROBE tx peer=2 type=40 status=3 detail=ESP-NOW peer not found
[2026-09-26T11:38:06.623Z] I (150729) RouteLoom: HIL PROBE tx peer=2 type=40 status=3 detail=ESP-NOW peer not found
[2026-09-26T11:38:06.631Z] I (150736) RouteLoom: HIL PROBE tx peer=2 type=40 status=3 detail=ESP-NOW peer not found
[2026-09-26T11:38:06.639Z] I (150744) RouteLoom: HIL PROBE tx peer=2 type=40 status=3 detail=ESP-NOW peer not found
[2026-09-26T11:38:06.647Z] I (150752) RouteLoom: HIL PROBE tx peer=2 type=40 status=3 detail=ESP-NOW peer not found
[2026-09-26T11:38:06.655Z] I (150760) RouteLoom: HIL PROBE tx peer=2 type=40 status=3 detail=ESP-NOW peer not found
[2026-09-26T11:38:06.662Z] I (150768) RouteLoom: HIL PROBE tx peer=2 type=40 status=3 detail=ESP-NOW peer not found
[2026-09-26T11:38:06.670Z] I (150776) RouteLoom: HIL PROBE tx peer=2 type=40 status=3 detail=ESP-NOW peer not found
[2026-09-26T11:38:06.678Z] I (150783) RouteLoom: HIL PROBE tx peer=2 type=40 status=3 detail=ESP-NOW peer not found
[2026-09-26T11:38:06.686Z] I (150791) RouteLoom: HIL PROBE tx peer=2 type=40 status=3 detail=ESP-NOW peer not found
[2026-09-26T11:38:06.694Z] I (150799) RouteLoom: HIL PROBE tx peer=2 type=40 status=3 detail=ESP-NOW peer not found
[2026-09-26T11:38:06.701Z] I (150807) RouteLoom: HIL PROBE tx peer=2 type=40 status=3 detail=ESP-NOW peer not found
[2026-09-26T11:38:06.709Z] I (150815) RouteLoom: HIL PROBE tx peer=2 type=40 status=3 detail=ESP-NOW peer not found
[2026-09-26T11:38:06.717Z] I (150822) RouteLoom: HIL PROBE tx peer=2 type=40 status=3 detail=ESP-NOW peer not found
[2026-09-26T11:38:06.725Z] I (150830) RouteLoom: HIL PROBE tx peer=2 type=40 status=3 detail=ESP-NOW peer not found
[2026-09-26T11:38:06.733Z] I (150838) RouteLoom: HIL PROBE tx peer=2 type=40 status=3 detail=ESP-NOW peer not found
[2026-09-26T11:38:06.740Z] I (150846) RouteLoom: HIL PROBE tx peer=2 type=40 status=3 detail=ESP-NOW peer not found
[2026-09-26T11:38:06.748Z] I (150854) RouteLoom: HIL PROBE tx peer=2 type=40 status=3 detail=ESP-NOW peer not found
[2026-09-26T11:38:06.756Z] I (150861) RouteLoom: HIL PROBE tx peer=2 type=40 status=3 detail=ESP-NOW peer not found
[2026-09-26T11:38:06.764Z] I (150869) RouteLoom: HIL PROBE tx peer=2 type=40 status=3 detail=ESP-NOW peer not found
[2026-09-26T11:38:06.772Z] I (150877) RouteLoom: HIL PROBE tx peer=2 type=40 status=3 detail=ESP-NOW peer not found
[2026-09-26T11:38:06.780Z] I (150884) RouteLoom: HIL PROBE tx peer=2 type=40 status=3 detail=ESP-NOW peer not found
[2026-09-26T11:38:06.787Z] I (150892) RouteLoom: HIL PROBE tx peer=2 type=40 status=3 detail=ESP-NOW peer not found
[2026-09-26T11:38:06.795Z] I (150900) RouteLoom: HIL PROBE tx peer=2 type=40 status=3 detail=ESP-NOW peer not found
[2026-09-26T11:38:06.803Z] I (150907) RouteLoom: HIL PROBE tx peer=2 type=40 status=3 detail=ESP-NOW peer not found
[2026-09-26T11:38:06.811Z] I (150915) RouteLoom: HIL PROBE tx peer=2 type=40 status=3 detail=ESP-NOW peer not found
[2026-09-26T11:38:06.819Z] I (150923) RouteLoom: HIL PROBE tx peer=2 type=40 status=3 detail=ESP-NOW peer not found
[2026-09-26T11:38:06.826Z] I (150931) RouteLoom: HIL PROBE tx peer=2 type=40 status=3 detail=ESP-NOW peer not found
[2026-09-26T11:38:06.834Z] I (150939) RouteLoom: HIL PROBE tx peer=2 type=40 status=3 detail=ESP-NOW peer not found
[2026-09-26T11:38:06.842Z] I (150946) RouteLoom: HIL PROBE tx peer=2 type=40 status=3 detail=ESP-NOW peer not found
[2026-09-26T11:38:06.850Z] I (150954) RouteLoom: HIL PROBE tx peer=2 type=40 status=3 detail=ESP-NOW peer not found
[2026-09-26T11:38:06.858Z] I (150962) RouteLoom: HIL PROBE tx peer=2 type=40 status=3 detail=ESP-NOW peer not found
[2026-09-26T11:38:06.866Z] I (150970) RouteLoom: HIL PROBE tx peer=2 type=40 status=3 detail=ESP-NOW peer not found
[2026-09-26T11:38:06.873Z] I (150978) RouteLoom: HIL PROBE tx peer=2 type=40 status=3 detail=ESP-NOW peer not found
[2026-09-26T11:38:06.881Z] I (150985) RouteLoom: HIL PROBE tx peer=2 type=40 status=3 detail=ESP-NOW peer not found
[2026-09-26T11:38:06.889Z] I (150993) RouteLoom: HIL PROBE tx peer=2 type=40 status=3 detail=ESP-NOW peer not found
[2026-09-26T11:38:06.897Z] I (151001) RouteLoom: HIL PROBE tx peer=2 type=40 status=3 detail=ESP-NOW peer not found
[2026-09-26T11:38:06.905Z] I (151009) RouteLoom: HIL PROBE tx peer=2 type=40 status=3 detail=ESP-NOW peer not found
[2026-09-26T11:38:06.913Z] I (151017) RouteLoom: HIL PROBE tx peer=2 type=40 status=3 detail=ESP-NOW peer not found
[2026-09-26T11:38:06.920Z] I (151024) RouteLoom: HIL PROBE tx peer=2 type=40 status=3 detail=ESP-NOW peer not found
[2026-09-26T11:38:06.928Z] I (151032) RouteLoom: HIL PROBE tx peer=2 type=40 status=3 detail=ESP-NOW peer not found
[2026-09-26T11:38:06.936Z] I (151040) RouteLoom: HIL PROBE tx peer=2 type=40 status=3 detail=ESP-NOW peer not found
[2026-09-26T11:38:06.944Z] I (151048) RouteLoom: HIL PROBE tx peer=2 type=40 status=3 detail=ESP-NOW peer not found
[2026-09-26T11:38:06.951Z] I (151056) RouteLoom: HIL PROBE tx peer=2 type=40 status=3 detail=ESP-NOW peer not found
[2026-09-26T11:38:06.959Z] I (151064) RouteLoom: HIL PROBE tx peer=2 type=40 status=3 detail=ESP-NOW peer not found
[2026-09-26T11:38:06.967Z] I (151071) RouteLoom: HIL PROBE tx peer=2 type=40 status=3 detail=ESP-NOW peer not found
[2026-09-26T11:38:06.975Z] I (151079) RouteLoom: HIL PROBE tx peer=2 type=40 status=3 detail=ESP-NOW peer not found
[2026-09-26T11:38:06.983Z] I (151087) RouteLoom: HIL PROBE tx peer=2 type=40 status=3 detail=ESP-NOW peer not found
[2026-09-26T11:38:06.991Z] I (151095) RouteLoom: HIL PROBE tx peer=2 type=40 status=3 detail=ESP-NOW peer not found
[2026-09-26T11:38:06.998Z] I (151103) RouteLoom: HIL PROBE tx peer=2 type=40 status=3 detail=ESP-NOW peer not found
[2026-09-26T11:38:07.006Z] I (151110) RouteLoom: HIL PROBE tx peer=2 type=40 status=3 detail=ESP-NOW peer not found
[2026-09-26T11:38:07.014Z] I (151118) RouteLoom: HIL PROBE tx peer=2 type=40 status=3 detail=ESP-NOW peer not found
[2026-09-26T11:38:07.022Z] I (151126) RouteLoom: HIL PROBE tx peer=2 type=40 status=3 detail=ESP-NOW peer not found
[2026-09-26T11:38:07.030Z] I (151134) RouteLoom: HIL PROBE tx peer=2 type=40 status=3 detail=ESP-NOW peer not found
[2026-09-26T11:38:07.037Z] I (151142) RouteLoom: HIL PROBE tx peer=2 type=40 status=3 detail=ESP-NOW peer not found
[2026-09-26T11:38:07.045Z] I (151150) RouteLoom: HIL PROBE tx peer=2 type=40 status=3 detail=ESP-NOW peer not found
[2026-09-26T11:38:07.053Z] I (151157) RouteLoom: HIL PROBE tx peer=2 type=40 status=3 detail=ESP-NOW peer not found
[2026-09-26T11:38:07.061Z] I (151165) RouteLoom: HIL PROBE tx peer=2 type=40 status=3 detail=ESP-NOW peer not found
[2026-09-26T11:38:07.069Z] I (151173) RouteLoom: HIL PROBE tx peer=2 type=40 status=3 detail=ESP-NOW peer not found
[2026-09-26T11:38:07.076Z] I (151181) RouteLoom: HIL PROBE tx peer=2 type=40 status=3 detail=ESP-NOW peer not found
[2026-09-26T11:38:07.084Z] I (151189) RouteLoom: HIL PROBE tx peer=2 type=40 status=3 detail=ESP-NOW peer not found
[2026-09-26T11:38:07.092Z] I (151196) RouteLoom: HIL PROBE tx peer=2 type=40 status=3 detail=ESP-NOW peer not found
[2026-09-26T11:38:07.101Z] I (151204) RouteLoom: HIL PROBE tx peer=2 type=40 status=3 detail=ESP-NOW peer not found
[2026-09-26T11:38:07.108Z] I (151212) RouteLoom: HIL PROBE tx peer=2 type=40 status=3 detail=ESP-NOW peer not found
[2026-09-26T11:38:07.116Z] I (151220) RouteLoom: HIL PROBE tx peer=2 type=40 status=3 detail=ESP-NOW peer not found
[2026-09-26T11:38:07.123Z] I (151228) RouteLoom: HIL PROBE tx peer=2 type=40 status=3 detail=ESP-NOW peer not found
[2026-09-26T11:38:07.131Z] I (151235) RouteLoom: HIL PROBE tx peer=2 type=40 status=3 detail=ESP-NOW peer not found
[2026-09-26T11:38:07.139Z] I (151243) RouteLoom: HIL PROBE tx peer=2 type=40 status=3 detail=ESP-NOW peer not found
[2026-09-26T11:38:07.147Z] I (151251) RouteLoom: HIL PROBE tx peer=2 type=40 status=3 detail=ESP-NOW peer not found
[2026-09-26T11:38:07.155Z] I (151259) RouteLoom: HIL PROBE tx peer=2 type=40 status=3 detail=ESP-NOW peer not found
[2026-09-26T11:38:07.163Z] I (151267) RouteLoom: HIL PROBE tx peer=2 type=40 status=3 detail=ESP-NOW peer not found
[2026-09-26T11:38:07.170Z] I (151274) RouteLoom: HIL PROBE tx peer=2 type=40 status=3 detail=ESP-NOW peer not found
[2026-09-26T11:38:07.178Z] I (151282) RouteLoom: HIL PROBE tx peer=2 type=40 status=3 detail=ESP-NOW peer not found
[2026-09-26T11:38:07.186Z] I (151290) RouteLoom: HIL PROBE tx peer=2 type=40 status=3 detail=ESP-NOW peer not found
[2026-09-26T11:38:07.194Z] I (151298) RouteLoom: HIL PROBE tx peer=2 type=40 status=3 detail=ESP-NOW peer not found
[2026-09-26T11:38:07.201Z] I (151306) RouteLoom: HIL PROBE tx peer=2 type=40 status=3 detail=ESP-NOW peer not found
[2026-09-26T11:38:07.209Z] I (151314) RouteLoom: HIL PROBE tx peer=2 type=40 status=3 detail=ESP-NOW peer not found
[2026-09-26T11:38:07.217Z] I (151321) RouteLoom: HIL PROBE tx peer=2 type=40 status=3 detail=ESP-NOW peer not found
[2026-09-26T11:38:07.225Z] I (151329) RouteLoom: HIL PROBE tx peer=2 type=40 status=3 detail=ESP-NOW peer not found
[2026-09-26T11:38:07.233Z] I (151337) RouteLoom: HIL PROBE tx peer=2 type=40 status=3 detail=ESP-NOW peer not found
[2026-09-26T11:38:07.241Z] I (151345) RouteLoom: HIL PROBE tx peer=2 type=40 status=3 detail=ESP-NOW peer not found
[2026-09-26T11:38:07.248Z] I (151353) RouteLoom: HIL PROBE tx peer=2 type=40 status=3 detail=ESP-NOW peer not found
[2026-09-26T11:38:07.256Z] I (151360) RouteLoom: HIL PROBE tx peer=2 type=40 status=3 detail=ESP-NOW peer not found
[2026-09-26T11:38:07.264Z] I (151368) RouteLoom: HIL PROBE tx peer=2 type=40 status=3 detail=ESP-NOW peer not found
[2026-09-26T11:38:07.272Z] I (151376) RouteLoom: HIL PROBE tx peer=2 type=40 status=3 detail=ESP-NOW peer not found
[2026-09-26T11:38:07.280Z] I (151384) RouteLoom: HIL PROBE tx peer=2 type=40 status=3 detail=ESP-NOW peer not found
[2026-09-26T11:38:07.287Z] I (151392) RouteLoom: HIL PROBE tx peer=2 type=40 status=3 detail=ESP-NOW peer not found
[2026-09-26T11:38:07.295Z] I (151399) RouteLoom: HIL PROBE tx peer=2 type=40 status=3 detail=ESP-NOW peer not found
[2026-09-26T11:38:07.303Z] I (151407) RouteLoom: HIL PROBE tx peer=2 type=40 status=3 detail=ESP-NOW peer not found
[2026-09-26T11:38:07.311Z] I (151415) RouteLoom: HIL PROBE tx peer=2 type=40 status=3 detail=ESP-NOW peer not found
[2026-09-26T11:38:07.320Z] I (151423) RouteLoom: HIL PROBE tx peer=2 type=40 status=3 detail=ESP-NOW peer not found
[2026-09-26T11:38:07.326Z] I (151431) RouteLoom: HIL PROBE tx peer=2 type=40 status=3 detail=ESP-NOW peer not found
[2026-09-26T11:38:07.334Z] I (151439) RouteLoom: HIL PROBE tx peer=2 type=40 status=3 detail=ESP-NOW peer not found
[2026-09-26T11:38:07.342Z] I (151446) RouteLoom: HIL PROBE tx peer=2 type=40 status=3 detail=ESP-NOW peer not found
[2026-09-26T11:38:07.350Z] I (151454) RouteLoom: HIL PROBE tx peer=2 type=40 status=3 detail=ESP-NOW peer not found
[2026-09-26T11:38:07.358Z] I (151462) RouteLoom: HIL PROBE tx peer=2 type=40 status=3 detail=ESP-NOW peer not found
[2026-09-26T11:38:07.366Z] I (151470) RouteLoom: HIL PROBE tx peer=2 type=40 status=3 detail=ESP-NOW peer not found
[2026-09-26T11:38:07.373Z] I (151478) RouteLoom: HIL PROBE tx peer=2 type=40 status=3 detail=ESP-NOW peer not found
[2026-09-26T11:38:07.381Z] I (151485) RouteLoom: HIL PROBE tx peer=2 type=40 status=3 detail=ESP-NOW peer not found
[2026-09-26T11:38:07.390Z] I (151493) RouteLoom: HIL PROBE tx peer=2 type=40 status=3 detail=ESP-NOW peer not found
[2026-09-26T11:38:07.397Z] I (151501) RouteLoom: HIL PROBE tx peer=2 type=40 status=3 detail=ESP-NOW peer not found
[2026-09-26T11:38:07.405Z] I (151509) RouteLoom: HIL PROBE tx peer=2 type=40 status=3 detail=ESP-NOW peer not found
[2026-09-26T11:38:07.412Z] I (151517) RouteLoom: HIL PROBE tx peer=2 type=40 status=3 detail=ESP-NOW peer not found
[2026-09-26T11:38:07.420Z] I (151524) RouteLoom: HIL PROBE tx peer=2 type=40 status=3 detail=ESP-NOW peer not found
[2026-09-26T11:38:07.428Z] I (151532) RouteLoom: HIL PROBE tx peer=2 type=40 status=3 detail=ESP-NOW peer not found
[2026-09-26T11:38:07.436Z] I (151540) RouteLoom: HIL PROBE tx peer=2 type=40 status=3 detail=ESP-NOW peer not found
[2026-09-26T11:38:07.445Z] I (151548) RouteLoom: HIL PROBE tx peer=2 type=40 status=3 detail=ESP-NOW peer not found
[2026-09-26T11:38:07.452Z] I (151556) RouteLoom: HIL PROBE tx peer=2 type=40 status=3 detail=ESP-NOW peer not found
[2026-09-26T11:38:07.459Z] I (151564) RouteLoom: HIL PROBE tx peer=2 type=40 status=3 detail=ESP-NOW peer not found
[2026-09-26T11:38:07.467Z] I (151571) RouteLoom: HIL PROBE tx peer=2 type=40 status=3 detail=ESP-NOW peer not found
[2026-09-26T11:38:07.475Z] I (151579) RouteLoom: HIL PROBE tx peer=2 type=40 status=3 detail=ESP-NOW peer not found
[2026-09-26T11:38:07.483Z] I (151587) RouteLoom: HIL PROBE tx peer=2 type=40 status=3 detail=ESP-NOW peer not found
[2026-09-26T11:38:07.490Z] I (151595) RouteLoom: HIL PROBE tx peer=2 type=40 status=3 detail=ESP-NOW peer not found
[2026-09-26T11:38:07.498Z] I (151603) RouteLoom: HIL PROBE tx peer=2 type=40 status=3 detail=ESP-NOW peer not found
[2026-09-26T11:38:07.506Z] I (151610) RouteLoom: HIL PROBE tx peer=2 type=40 status=3 detail=ESP-NOW peer not found
[2026-09-26T11:38:07.514Z] I (151618) RouteLoom: HIL PROBE tx peer=2 type=40 status=3 detail=ESP-NOW peer not found
[2026-09-26T11:38:07.522Z] I (151626) RouteLoom: HIL PROBE tx peer=2 type=40 status=3 detail=ESP-NOW peer not found
[2026-09-26T11:38:07.530Z] I (151634) RouteLoom: HIL PROBE tx peer=2 type=40 status=3 detail=ESP-NOW peer not found
[2026-09-26T11:38:07.537Z] I (151642) RouteLoom: HIL PROBE tx peer=2 type=40 status=3 detail=ESP-NOW peer not found
[2026-09-26T11:38:07.545Z] I (151649) RouteLoom: HIL PROBE tx peer=2 type=40 status=3 detail=ESP-NOW peer not found
[2026-09-26T11:38:07.560Z] I (151657) RouteLoom: HIL PROBE tx peer=2 type=40 status=3 detail=ESP-NOW peer not found
[2026-09-26T11:38:07.561Z] I (151665) RouteLoom: HIL PROBE tx peer=2 type=40 status=3 detail=ESP-NOW peer not found
[2026-09-26T11:38:07.569Z] I (151673) RouteLoom: HIL PROBE tx peer=2 type=40 status=3 detail=ESP-NOW peer not found
[2026-09-26T11:38:07.580Z] I (151681) RouteLoom: HIL PROBE tx peer=2 type=40 status=3 detail=ESP-NOW peer not found
[2026-09-26T11:38:07.585Z] I (151688) RouteLoom: HIL PROBE tx peer=2 type=40 status=3 detail=ESP-NOW peer not found
[2026-09-26T11:38:07.592Z] I (151696) RouteLoom: HIL PROBE tx peer=2 type=40 status=3 detail=ESP-NOW peer not found
[2026-09-26T11:38:07.600Z] I (151704) RouteLoom: HIL PROBE tx peer=2 type=40 status=3 detail=ESP-NOW peer not found
[2026-09-26T11:38:07.608Z] I (151712) RouteLoom: HIL PROBE tx peer=2 type=40 status=3 detail=ESP-NOW peer not found
[2026-09-26T11:38:07.616Z] I (151720) RouteLoom: HIL PROBE tx peer=2 type=40 status=3 detail=ESP-NOW peer not found
[2026-09-26T11:38:07.625Z] I (151728) RouteLoom: HIL PROBE tx peer=2 type=40 status=3 detail=ESP-NOW peer not found
[2026-09-26T11:38:07.631Z] I (151735) RouteLoom: HIL PROBE tx peer=2 type=40 status=3 detail=ESP-NOW peer not found
[2026-09-26T11:38:07.639Z] I (151743) RouteLoom: HIL PROBE tx peer=2 type=40 status=3 detail=ESP-NOW peer not found
[2026-09-26T11:38:07.647Z] I (151751) RouteLoom: HIL PROBE tx peer=2 type=40 status=3 detail=ESP-NOW peer not found
[2026-09-26T11:38:07.654Z] I (151759) RouteLoom: HIL PROBE tx peer=2 type=40 status=3 detail=ESP-NOW peer not found
[2026-09-26T11:38:07.663Z] I (151767) RouteLoom: HIL PROBE tx peer=2 type=40 status=3 detail=ESP-NOW peer not found
[2026-09-26T11:38:07.672Z] I (151774) RouteLoom: HIL PROBE tx peer=2 type=40 status=3 detail=ESP-NOW peer not found
[2026-09-26T11:38:07.679Z] I (151782) RouteLoom: HIL PROBE tx peer=2 type=40 status=3 detail=ESP-NOW peer not found
[2026-09-26T11:38:07.686Z] I (151790) RouteLoom: HIL PROBE tx peer=2 type=40 status=3 detail=ESP-NOW peer not found
[2026-09-26T11:38:07.694Z] I (151798) RouteLoom: HIL PROBE tx peer=2 type=40 status=3 detail=ESP-NOW peer not found
[2026-09-26T11:38:07.701Z] I (151806) RouteLoom: HIL PROBE tx peer=2 type=40 status=3 detail=ESP-NOW peer not found
[2026-09-26T11:38:07.709Z] I (151814) RouteLoom: HIL PROBE tx peer=2 type=40 status=3 detail=ESP-NOW peer not found
[2026-09-26T11:38:07.717Z] I (151821) RouteLoom: HIL PROBE tx peer=2 type=40 status=3 detail=ESP-NOW peer not found
[2026-09-26T11:38:07.725Z] I (151829) RouteLoom: HIL PROBE tx peer=2 type=40 status=3 detail=ESP-NOW peer not found
[2026-09-26T11:38:07.733Z] I (151837) RouteLoom: HIL PROBE tx peer=2 type=40 status=3 detail=ESP-NOW peer not found
[2026-09-26T11:38:07.741Z] I (151845) RouteLoom: HIL PROBE tx peer=2 type=40 status=3 detail=ESP-NOW peer not found
[2026-09-26T11:38:07.748Z] I (151853) RouteLoom: HIL PROBE tx peer=2 type=40 status=3 detail=ESP-NOW peer not found
[2026-09-26T11:38:07.756Z] I (151860) RouteLoom: HIL PROBE tx peer=2 type=40 status=3 detail=ESP-NOW peer not found
[2026-09-26T11:38:07.764Z] I (151868) RouteLoom: HIL PROBE tx peer=2 type=40 status=3 detail=ESP-NOW peer not found
[2026-09-26T11:38:07.776Z] I (151876) RouteLoom: HIL PROBE tx peer=2 type=40 status=3 detail=ESP-NOW peer not found
[2026-09-26T11:38:07.780Z] I (151884) RouteLoom: HIL PROBE tx peer=2 type=40 status=3 detail=ESP-NOW peer not found
[2026-09-26T11:38:07.787Z] I (151892) RouteLoom: HIL PROBE tx peer=2 type=40 status=3 detail=ESP-NOW peer not found
[2026-09-26T11:38:07.795Z] I (151899) RouteLoom: HIL PROBE tx peer=2 type=40 status=3 detail=ESP-NOW peer not found
[2026-09-26T11:38:07.803Z] I (151907) RouteLoom: HIL PROBE tx peer=2 type=40 status=3 detail=ESP-NOW peer not found
[2026-09-26T11:38:07.811Z] I (151915) RouteLoom: HIL PROBE tx peer=2 type=40 status=3 detail=ESP-NOW peer not found
[2026-09-26T11:38:07.819Z] I (151923) RouteLoom: HIL PROBE tx peer=2 type=40 status=3 detail=ESP-NOW peer not found
[2026-09-26T11:38:07.826Z] I (151931) RouteLoom: HIL PROBE tx peer=2 type=40 status=3 detail=ESP-NOW peer not found
[2026-09-26T11:38:07.834Z] I (151938) RouteLoom: HIL PROBE tx peer=2 type=40 status=3 detail=ESP-NOW peer not found
[2026-09-26T11:38:07.842Z] I (151946) RouteLoom: HIL PROBE tx peer=2 type=40 status=3 detail=ESP-NOW peer not found
[2026-09-26T11:38:07.850Z] I (151954) RouteLoom: HIL PROBE tx peer=2 type=40 status=3 detail=ESP-NOW peer not found
[2026-09-26T11:38:07.859Z] I (151962) RouteLoom: HIL PROBE tx peer=2 type=40 status=3 detail=ESP-NOW peer not found
[2026-09-26T11:38:07.865Z] I (151970) RouteLoom: HIL PROBE tx peer=2 type=40 status=3 detail=ESP-NOW peer not found
[2026-09-26T11:38:07.873Z] I (151978) RouteLoom: HIL PROBE tx peer=2 type=40 status=3 detail=ESP-NOW peer not found
[2026-09-26T11:38:07.881Z] I (151985) RouteLoom: HIL PROBE tx peer=2 type=40 status=3 detail=ESP-NOW peer not found
[2026-09-26T11:38:07.889Z] I (151993) RouteLoom: HIL PROBE tx peer=2 type=40 status=3 detail=ESP-NOW peer not found
[2026-09-26T11:38:07.897Z] I (152001) RouteLoom: HIL PROBE tx peer=2 type=40 status=3 detail=ESP-NOW peer not found
[2026-09-26T11:38:07.904Z] I (152009) RouteLoom: HIL PROBE tx peer=2 type=40 status=3 detail=ESP-NOW peer not found
[2026-09-26T11:38:07.912Z] I (152017) RouteLoom: HIL PROBE tx peer=2 type=40 status=3 detail=ESP-NOW peer not found
[2026-09-26T11:38:07.922Z] I (152024) RouteLoom: HIL PROBE tx peer=2 type=40 status=3 detail=ESP-NOW peer not found
[2026-09-26T11:38:07.928Z] I (152032) RouteLoom: HIL PROBE tx peer=2 type=40 status=3 detail=ESP-NOW peer not found
[2026-09-26T11:38:07.936Z] I (152040) RouteLoom: HIL PROBE tx peer=2 type=40 status=3 detail=ESP-NOW peer not found
[2026-09-26T11:38:07.943Z] I (152048) RouteLoom: HIL PROBE tx peer=2 type=40 status=3 detail=ESP-NOW peer not found
[2026-09-26T11:38:07.951Z] I (152056) RouteLoom: HIL PROBE tx peer=2 type=40 status=3 detail=ESP-NOW peer not found
[2026-09-26T11:38:07.959Z] I (152063) RouteLoom: HIL PROBE tx peer=2 type=40 status=3 detail=ESP-NOW peer not found
[2026-09-26T11:38:07.967Z] I (152071) RouteLoom: HIL PROBE tx peer=2 type=40 status=3 detail=ESP-NOW peer not found
[2026-09-26T11:38:07.975Z] I (152079) RouteLoom: HIL PROBE tx peer=2 type=40 status=3 detail=ESP-NOW peer not found
[2026-09-26T11:38:07.983Z] I (152087) RouteLoom: HIL PROBE tx peer=2 type=40 status=3 detail=ESP-NOW peer not found
[2026-09-26T11:38:07.990Z] I (152095) RouteLoom: HIL PROBE tx peer=2 type=40 status=3 detail=ESP-NOW peer not found
[2026-09-26T11:38:07.998Z] I (152103) RouteLoom: HIL PROBE tx peer=2 type=40 status=3 detail=ESP-NOW peer not found
[2026-09-26T11:38:08.006Z] I (152110) RouteLoom: HIL PROBE tx peer=2 type=40 status=3 detail=ESP-NOW peer not found
[2026-09-26T11:38:08.014Z] I (152118) RouteLoom: HIL PROBE tx peer=2 type=40 status=3 detail=ESP-NOW peer not found
[2026-09-26T11:38:08.022Z] I (152126) RouteLoom: HIL PROBE tx peer=2 type=40 status=3 detail=ESP-NOW peer not found
[2026-09-26T11:38:08.029Z] I (152134) RouteLoom: HIL PROBE tx peer=2 type=40 status=3 detail=ESP-NOW peer not found
[2026-09-26T11:38:08.037Z] I (152142) RouteLoom: HIL PROBE tx peer=2 type=40 status=3 detail=ESP-NOW peer not found
[2026-09-26T11:38:08.045Z] I (152149) RouteLoom: HIL PROBE tx peer=2 type=40 status=3 detail=ESP-NOW peer not found
[2026-09-26T11:38:08.053Z] I (152157) RouteLoom: HIL PROBE tx peer=2 type=40 status=3 detail=ESP-NOW peer not found
[2026-09-26T11:38:08.061Z] I (152165) RouteLoom: HIL PROBE tx peer=2 type=40 status=3 detail=ESP-NOW peer not found
[2026-09-26T11:38:08.069Z] I (152173) RouteLoom: HIL PROBE tx peer=2 type=40 status=3 detail=ESP-NOW peer not found
[2026-09-26T11:38:08.079Z] I (152181) RouteLoom: HIL PROBE tx peer=2 type=40 status=3 detail=ESP-NOW peer not found
[2026-09-26T11:38:08.084Z] I (152188) RouteLoom: HIL PROBE tx peer=2 type=40 status=3 detail=ESP-NOW peer not found
[2026-09-26T11:38:08.092Z] I (152196) RouteLoom: HIL PROBE tx peer=2 type=40 status=3 detail=ESP-NOW peer not found
[2026-09-26T11:38:08.100Z] I (152204) RouteLoom: HIL PROBE tx peer=2 type=40 status=3 detail=ESP-NOW peer not found
[2026-09-26T11:38:08.108Z] I (152212) RouteLoom: HIL PROBE tx peer=2 type=40 status=3 detail=ESP-NOW peer not found
[2026-09-26T11:38:08.115Z] I (152220) RouteLoom: HIL PROBE tx peer=2 type=40 status=3 detail=ESP-NOW peer not found
[2026-09-26T11:38:08.123Z] I (152227) RouteLoom: HIL PROBE tx peer=2 type=40 status=3 detail=ESP-NOW peer not found
[2026-09-26T11:38:08.131Z] I (152235) RouteLoom: HIL PROBE tx peer=2 type=40 status=3 detail=ESP-NOW peer not found
[2026-09-26T11:38:08.139Z] I (152243) RouteLoom: HIL PROBE tx peer=2 type=40 status=3 detail=ESP-NOW peer not found
[2026-09-26T11:38:08.147Z] I (152251) RouteLoom: HIL PROBE tx peer=2 type=40 status=3 detail=ESP-NOW peer not found
[2026-09-26T11:38:08.157Z] I (152259) RouteLoom: HIL PROBE tx peer=2 type=40 status=3 detail=ESP-NOW peer not found
[2026-09-26T11:38:08.163Z] I (152267) RouteLoom: HIL PROBE tx peer=2 type=40 status=3 detail=ESP-NOW peer not found
[2026-09-26T11:38:08.170Z] I (152274) RouteLoom: HIL PROBE tx peer=2 type=40 status=3 detail=ESP-NOW peer not found
[2026-09-26T11:38:08.178Z] I (152282) RouteLoom: HIL PROBE tx peer=2 type=40 status=3 detail=ESP-NOW peer not found
[2026-09-26T11:38:08.186Z] I (152290) RouteLoom: HIL PROBE tx peer=2 type=40 status=3 detail=ESP-NOW peer not found
[2026-09-26T11:38:08.194Z] I (152298) RouteLoom: HIL PROBE tx peer=2 type=40 status=3 detail=ESP-NOW peer not found
[2026-09-26T11:38:08.202Z] I (152306) RouteLoom: HIL PROBE tx peer=2 type=40 status=3 detail=ESP-NOW peer not found
[2026-09-26T11:38:08.209Z] I (152313) RouteLoom: HIL PROBE tx peer=2 type=40 status=3 detail=ESP-NOW peer not found
[2026-09-26T11:38:08.217Z] I (152321) RouteLoom: HIL PROBE tx peer=2 type=40 status=3 detail=ESP-NOW peer not found
[2026-09-26T11:38:08.225Z] I (152329) RouteLoom: HIL PROBE tx peer=2 type=40 status=3 detail=ESP-NOW peer not found
[2026-09-26T11:38:08.233Z] I (152337) RouteLoom: HIL PROBE tx peer=2 type=40 status=3 detail=ESP-NOW peer not found
[2026-09-26T11:38:08.241Z] I (152345) RouteLoom: HIL PROBE tx peer=2 type=40 status=3 detail=ESP-NOW peer not found
[2026-09-26T11:38:08.248Z] I (152352) RouteLoom: HIL PROBE tx peer=2 type=40 status=3 detail=ESP-NOW peer not found
[2026-09-26T11:38:08.257Z] I (152360) RouteLoom: HIL PROBE tx peer=2 type=40 status=3 detail=ESP-NOW peer not found
[2026-09-26T11:38:08.264Z] I (152368) RouteLoom: HIL PROBE tx peer=2 type=40 status=3 detail=ESP-NOW peer not found
[2026-09-26T11:38:08.272Z] I (152376) RouteLoom: HIL PROBE tx peer=2 type=40 status=3 detail=ESP-NOW peer not found
[2026-09-26T11:38:08.279Z] I (152384) RouteLoom: HIL PROBE tx peer=2 type=40 status=3 detail=ESP-NOW peer not found
[2026-09-26T11:38:08.287Z] I (152392) RouteLoom: HIL PROBE tx peer=2 type=40 status=3 detail=ESP-NOW peer not found
[2026-09-26T11:38:08.295Z] I (152399) RouteLoom: HIL PROBE tx peer=2 type=40 status=3 detail=ESP-NOW peer not found
[2026-09-26T11:38:08.303Z] I (152407) RouteLoom: HIL PROBE tx peer=2 type=40 status=3 detail=ESP-NOW peer not found
[2026-09-26T11:38:08.311Z] I (152415) RouteLoom: HIL PROBE tx peer=2 type=40 status=3 detail=ESP-NOW peer not found
[2026-09-26T11:38:08.319Z] I (152423) RouteLoom: HIL PROBE tx peer=2 type=40 status=3 detail=ESP-NOW peer not found
[2026-09-26T11:38:08.327Z] I (152431) RouteLoom: HIL PROBE tx peer=2 type=40 status=3 detail=ESP-NOW peer not found
[2026-09-26T11:38:08.334Z] I (152438) RouteLoom: HIL PROBE tx peer=2 type=40 status=3 detail=ESP-NOW peer not found
[2026-09-26T11:38:08.342Z] I (152446) RouteLoom: HIL PROBE tx peer=2 type=40 status=3 detail=ESP-NOW peer not found
[2026-09-26T11:38:08.350Z] I (152454) RouteLoom: HIL PROBE tx peer=2 type=40 status=3 detail=ESP-NOW peer not found
[2026-09-26T11:38:08.358Z] I (152462) RouteLoom: HIL PROBE tx peer=2 type=40 status=3 detail=ESP-NOW peer not found
[2026-09-26T11:38:08.366Z] I (152470) RouteLoom: HIL PROBE tx peer=2 type=40 status=3 detail=ESP-NOW peer not found
[2026-09-26T11:38:08.373Z] I (152477) RouteLoom: HIL PROBE tx peer=2 type=40 status=3 detail=ESP-NOW peer not found
[2026-09-26T11:38:08.381Z] I (152485) RouteLoom: HIL PROBE tx peer=2 type=40 status=3 detail=ESP-NOW peer not found
[2026-09-26T11:38:08.390Z] I (152493) RouteLoom: HIL PROBE tx peer=2 type=40 status=3 detail=ESP-NOW peer not found
[2026-09-26T11:38:08.397Z] I (152501) RouteLoom: HIL PROBE tx peer=2 type=40 status=3 detail=ESP-NOW peer not found
[2026-09-26T11:38:08.404Z] I (152509) RouteLoom: HIL PROBE tx peer=2 type=40 status=3 detail=ESP-NOW peer not found
[2026-09-26T11:38:08.414Z] I (152517) RouteLoom: HIL PROBE tx peer=2 type=40 status=3 detail=ESP-NOW peer not found
[2026-09-26T11:38:08.420Z] I (152524) RouteLoom: HIL PROBE tx peer=2 type=40 status=3 detail=ESP-NOW peer not found
[2026-09-26T11:38:08.428Z] I (152532) RouteLoom: HIL PROBE tx peer=2 type=40 status=3 detail=ESP-NOW peer not found
[2026-09-26T11:38:08.436Z] I (152540) RouteLoom: HIL PROBE tx peer=2 type=40 status=3 detail=ESP-NOW peer not found
[2026-09-26T11:38:08.444Z] I (152548) RouteLoom: HIL PROBE tx peer=2 type=40 status=3 detail=ESP-NOW peer not found
[2026-09-26T11:38:08.451Z] I (152556) RouteLoom: HIL PROBE tx peer=2 type=40 status=3 detail=ESP-NOW peer not found
[2026-09-26T11:38:08.459Z] I (152563) RouteLoom: HIL PROBE tx peer=2 type=40 status=3 detail=ESP-NOW peer not found
[2026-09-26T11:38:08.467Z] I (152571) RouteLoom: HIL PROBE tx peer=2 type=40 status=3 detail=ESP-NOW peer not found
[2026-09-26T11:38:08.476Z] I (152579) RouteLoom: HIL PROBE tx peer=2 type=40 status=3 detail=ESP-NOW peer not found
[2026-09-26T11:38:08.483Z] I (152587) RouteLoom: HIL PROBE tx peer=2 type=40 status=3 detail=ESP-NOW peer not found
[2026-09-26T11:38:08.490Z] I (152595) RouteLoom: HIL PROBE tx peer=2 type=40 status=3 detail=ESP-NOW peer not found
[2026-09-26T11:38:08.498Z] I (152602) RouteLoom: HIL PROBE tx peer=2 type=40 status=3 detail=ESP-NOW peer not found
[2026-09-26T11:38:08.506Z] I (152610) RouteLoom: HIL PROBE tx peer=2 type=40 status=3 detail=ESP-NOW peer not found
[2026-09-26T11:38:08.514Z] I (152618) RouteLoom: HIL PROBE tx peer=2 type=40 status=3 detail=ESP-NOW peer not found
[2026-09-26T11:38:08.522Z] I (152626) RouteLoom: HIL PROBE tx peer=2 type=40 status=3 detail=ESP-NOW peer not found
[2026-09-26T11:38:08.529Z] I (152634) RouteLoom: HIL PROBE tx peer=2 type=40 status=3 detail=ESP-NOW peer not found
[2026-09-26T11:38:08.537Z] I (152642) RouteLoom: HIL PROBE tx peer=2 type=40 status=3 detail=ESP-NOW peer not found
[2026-09-26T11:38:08.545Z] I (152649) RouteLoom: HIL PROBE tx peer=2 type=40 status=3 detail=ESP-NOW peer not found
[2026-09-26T11:38:08.553Z] I (152657) RouteLoom: HIL PROBE tx peer=2 type=40 status=3 detail=ESP-NOW peer not found
[2026-09-26T11:38:08.561Z] I (152665) RouteLoom: HIL PROBE tx peer=2 type=40 status=3 detail=ESP-NOW peer not found
[2026-09-26T11:38:08.569Z] I (152673) RouteLoom: HIL PROBE tx peer=2 type=40 status=3 detail=ESP-NOW peer not found
[2026-09-26T11:38:08.577Z] I (152681) RouteLoom: HIL PROBE tx peer=2 type=40 status=3 detail=ESP-NOW peer not found
[2026-09-26T11:38:08.584Z] I (152688) RouteLoom: HIL PROBE tx peer=2 type=40 status=3 detail=ESP-NOW peer not found
[2026-09-26T11:38:08.592Z] I (152696) RouteLoom: HIL PROBE tx peer=2 type=40 status=3 detail=ESP-NOW peer not found
[2026-09-26T11:38:08.600Z] I (152704) RouteLoom: HIL PROBE tx peer=2 type=40 status=3 detail=ESP-NOW peer not found
[2026-09-26T11:38:08.607Z] I (152712) RouteLoom: HIL PROBE tx peer=2 type=40 status=3 detail=ESP-NOW peer not found
[2026-09-26T11:38:08.615Z] I (152720) RouteLoom: HIL PROBE tx peer=2 type=40 status=3 detail=ESP-NOW peer not found
[2026-09-26T11:38:08.623Z] I (152727) RouteLoom: HIL PROBE tx peer=2 type=40 status=3 detail=ESP-NOW peer not found
[2026-09-26T11:38:08.631Z] I (152735) RouteLoom: HIL PROBE tx peer=2 type=40 status=3 detail=ESP-NOW peer not found
[2026-09-26T11:38:08.639Z] I (152743) RouteLoom: HIL PROBE tx peer=2 type=40 status=3 detail=ESP-NOW peer not found
[2026-09-26T11:38:08.647Z] I (152751) RouteLoom: HIL PROBE tx peer=2 type=40 status=3 detail=ESP-NOW peer not found
[2026-09-26T11:38:08.654Z] I (152759) RouteLoom: HIL PROBE tx peer=2 type=40 status=3 detail=ESP-NOW peer not found
[2026-09-26T11:38:08.662Z] I (152767) RouteLoom: HIL PROBE tx peer=2 type=40 status=3 detail=ESP-NOW peer not found
[2026-09-26T11:38:08.670Z] I (152774) RouteLoom: HIL PROBE tx peer=2 type=40 status=3 detail=ESP-NOW peer not found
[2026-09-26T11:38:08.678Z] I (152782) RouteLoom: HIL PROBE tx peer=2 type=40 status=3 detail=ESP-NOW peer not found
[2026-09-26T11:38:08.686Z] I (152790) RouteLoom: HIL PROBE tx peer=2 type=40 status=3 detail=ESP-NOW peer not found
[2026-09-26T11:38:08.693Z] I (152798) RouteLoom: HIL PROBE tx peer=2 type=40 status=3 detail=ESP-NOW peer not found
[2026-09-26T11:38:08.701Z] I (152806) RouteLoom: HIL PROBE tx peer=2 type=40 status=3 detail=ESP-NOW peer not found
[2026-09-26T11:38:08.709Z] I (152813) RouteLoom: HIL PROBE tx peer=2 type=40 status=3 detail=ESP-NOW peer not found
[2026-09-26T11:38:08.717Z] I (152821) RouteLoom: HIL PROBE tx peer=2 type=40 status=3 detail=ESP-NOW peer not found
[2026-09-26T11:38:08.725Z] I (152829) RouteLoom: HIL PROBE tx peer=2 type=40 status=3 detail=ESP-NOW peer not found
[2026-09-26T11:38:08.732Z] I (152837) RouteLoom: HIL PROBE tx peer=2 type=40 status=3 detail=ESP-NOW peer not found
[2026-09-26T11:38:08.740Z] I (152845) RouteLoom: HIL PROBE tx peer=2 type=40 status=3 detail=ESP-NOW peer not found
[2026-09-26T11:38:08.748Z] I (152852) RouteLoom: HIL PROBE tx peer=2 type=40 status=3 detail=ESP-NOW peer not found
[2026-09-26T11:38:08.756Z] I (152860) RouteLoom: HIL PROBE tx peer=2 type=40 status=3 detail=ESP-NOW peer not found
[2026-09-26T11:38:08.764Z] I (152870) RouteLoom: HIL PROBE tx peer=2 type=40 status=3 detail=ESP-NOW peer not found
[2026-09-26T11:38:08.772Z] I (152876) RouteLoom: HIL PROBE tx peer=2 type=40 status=3 detail=ESP-NOW peer not found
[2026-09-26T11:38:08.779Z] I (152884) RouteLoom: HIL PROBE tx peer=2 type=40 status=3 detail=ESP-NOW peer not found
[2026-09-26T11:38:08.787Z] I (152891) RouteLoom: HIL PROBE tx peer=2 type=40 status=3 detail=ESP-NOW peer not found
[2026-09-26T11:38:08.795Z] I (152899) RouteLoom: HIL PROBE tx peer=2 type=40 status=3 detail=ESP-NOW peer not found
[2026-09-26T11:38:08.803Z] I (152907) RouteLoom: HIL PROBE tx peer=2 type=40 status=3 detail=ESP-NOW peer not found
[2026-09-26T11:38:08.811Z] I (152915) RouteLoom: HIL PROBE tx peer=2 type=40 status=3 detail=ESP-NOW peer not found
[2026-09-26T11:38:08.818Z] I (152923) RouteLoom: HIL PROBE tx peer=2 type=40 status=3 detail=ESP-NOW peer not found
[2026-09-26T11:38:08.826Z] I (152931) RouteLoom: HIL PROBE tx peer=2 type=40 status=3 detail=ESP-NOW peer not found
[2026-09-26T11:38:08.834Z] I (152938) RouteLoom: HIL PROBE tx peer=2 type=40 status=3 detail=ESP-NOW peer not found
[2026-09-26T11:38:08.842Z] I (152946) RouteLoom: HIL PROBE tx peer=2 type=40 status=3 detail=ESP-NOW peer not found
[2026-09-26T11:38:08.850Z] I (152954) RouteLoom: HIL PROBE tx peer=2 type=40 status=3 detail=ESP-NOW peer not found
[2026-09-26T11:38:08.858Z] I (152962) RouteLoom: HIL PROBE tx peer=2 type=40 status=3 detail=ESP-NOW peer not found
[2026-09-26T11:38:08.865Z] I (152970) RouteLoom: HIL PROBE tx peer=2 type=40 status=3 detail=ESP-NOW peer not found
[2026-09-26T11:38:08.873Z] I (152977) RouteLoom: HIL PROBE tx peer=2 type=40 status=3 detail=ESP-NOW peer not found
[2026-09-26T11:38:08.881Z] I (152985) RouteLoom: HIL PROBE tx peer=2 type=40 status=3 detail=ESP-NOW peer not found
[2026-09-26T11:38:08.889Z] I (152993) RouteLoom: HIL PROBE tx peer=2 type=40 status=3 detail=ESP-NOW peer not found
[2026-09-26T11:38:08.897Z] I (153001) RouteLoom: HIL PROBE tx peer=2 type=40 status=3 detail=ESP-NOW peer not found
[2026-09-26T11:38:08.904Z] I (153009) RouteLoom: HIL PROBE tx peer=2 type=40 status=3 detail=ESP-NOW peer not found
[2026-09-26T11:38:08.912Z] I (153016) RouteLoom: HIL PROBE tx peer=2 type=40 status=3 detail=ESP-NOW peer not found
[2026-09-26T11:38:08.920Z] I (153024) RouteLoom: HIL PROBE tx peer=2 type=40 status=3 detail=ESP-NOW peer not found
[2026-09-26T11:38:08.928Z] I (153032) RouteLoom: HIL PROBE tx peer=2 type=40 status=3 detail=ESP-NOW peer not found
[2026-09-26T11:38:08.936Z] I (153040) RouteLoom: HIL PROBE tx peer=2 type=40 status=3 detail=ESP-NOW peer not found
[2026-09-26T11:38:08.943Z] I (153048) RouteLoom: HIL PROBE tx peer=2 type=40 status=3 detail=ESP-NOW peer not found
[2026-09-26T11:38:08.951Z] I (153056) RouteLoom: HIL PROBE tx peer=2 type=40 status=3 detail=ESP-NOW peer not found
[2026-09-26T11:38:08.959Z] I (153063) RouteLoom: HIL PROBE tx peer=2 type=40 status=3 detail=ESP-NOW peer not found
[2026-09-26T11:38:08.967Z] I (153071) RouteLoom: HIL PROBE tx peer=2 type=40 status=3 detail=ESP-NOW peer not found
[2026-09-26T11:38:08.975Z] I (153079) RouteLoom: HIL PROBE tx peer=2 type=40 status=3 detail=ESP-NOW peer not found
[2026-09-26T11:38:08.982Z] I (153087) RouteLoom: HIL PROBE tx peer=2 type=40 status=3 detail=ESP-NOW peer not found
[2026-09-26T11:38:08.990Z] I (153095) RouteLoom: HIL PROBE tx peer=2 type=40 status=3 detail=ESP-NOW peer not found
[2026-09-26T11:38:08.998Z] I (153102) RouteLoom: HIL PROBE tx peer=2 type=40 status=3 detail=ESP-NOW peer not found
[2026-09-26T11:38:09.006Z] I (153110) RouteLoom: HIL PROBE tx peer=2 type=40 status=3 detail=ESP-NOW peer not found
[2026-09-26T11:38:09.014Z] I (153118) RouteLoom: HIL PROBE tx peer=2 type=40 status=3 detail=ESP-NOW peer not found
[2026-09-26T11:38:09.021Z] I (153126) RouteLoom: HIL PROBE tx peer=2 type=40 status=3 detail=ESP-NOW peer not found
[2026-09-26T11:38:09.029Z] I (153134) RouteLoom: HIL PROBE tx peer=2 type=40 status=3 detail=ESP-NOW peer not found
[2026-09-26T11:38:09.037Z] I (153141) RouteLoom: HIL PROBE tx peer=2 type=40 status=3 detail=ESP-NOW peer not found
[2026-09-26T11:38:09.045Z] I (153149) RouteLoom: HIL PROBE tx peer=2 type=40 status=3 detail=ESP-NOW peer not found
[2026-09-26T11:38:09.053Z] I (153157) RouteLoom: HIL PROBE tx peer=2 type=40 status=3 detail=ESP-NOW peer not found
[2026-09-26T11:38:09.061Z] I (153165) RouteLoom: HIL PROBE tx peer=2 type=40 status=3 detail=ESP-NOW peer not found
[2026-09-26T11:38:09.068Z] I (153173) RouteLoom: HIL PROBE tx peer=2 type=40 status=3 detail=ESP-NOW peer not found
[2026-09-26T11:38:09.076Z] I (153181) RouteLoom: HIL PROBE tx peer=2 type=40 status=3 detail=ESP-NOW peer not found
[2026-09-26T11:38:09.084Z] I (153188) RouteLoom: HIL PROBE tx peer=2 type=40 status=3 detail=ESP-NOW peer not found
[2026-09-26T11:38:09.092Z] I (153196) RouteLoom: HIL PROBE tx peer=2 type=40 status=3 detail=ESP-NOW peer not found
[2026-09-26T11:38:09.100Z] I (153204) RouteLoom: HIL PROBE tx peer=2 type=40 status=3 detail=ESP-NOW peer not found
[2026-09-26T11:38:09.107Z] I (153212) RouteLoom: HIL PROBE tx peer=2 type=40 status=3 detail=ESP-NOW peer not found
[2026-09-26T11:38:09.115Z] I (153220) RouteLoom: HIL PROBE tx peer=2 type=40 status=3 detail=ESP-NOW peer not found
[2026-09-26T11:38:09.123Z] I (153227) RouteLoom: HIL PROBE tx peer=2 type=40 status=3 detail=ESP-NOW peer not found
[2026-09-26T11:38:09.131Z] I (153235) RouteLoom: HIL PROBE tx peer=2 type=40 status=3 detail=ESP-NOW peer not found
[2026-09-26T11:38:09.139Z] I (153243) RouteLoom: HIL PROBE tx peer=2 type=40 status=3 detail=ESP-NOW peer not found
[2026-09-26T11:38:09.147Z] I (153251) RouteLoom: HIL PROBE tx peer=2 type=40 status=3 detail=ESP-NOW peer not found
[2026-09-26T11:38:09.155Z] I (153259) RouteLoom: HIL PROBE tx peer=2 type=40 status=3 detail=ESP-NOW peer not found
[2026-09-26T11:38:09.162Z] I (153266) RouteLoom: HIL PROBE tx peer=2 type=40 status=3 detail=ESP-NOW peer not found
[2026-09-26T11:38:09.170Z] I (153274) RouteLoom: HIL PROBE tx peer=2 type=40 status=3 detail=ESP-NOW peer not found
[2026-09-26T11:38:09.178Z] I (153282) RouteLoom: HIL PROBE tx peer=2 type=40 status=3 detail=ESP-NOW peer not found
[2026-09-26T11:38:09.186Z] I (153290) RouteLoom: HIL PROBE tx peer=2 type=40 status=3 detail=ESP-NOW peer not found
[2026-09-26T11:38:09.193Z] I (153298) RouteLoom: HIL PROBE tx peer=2 type=40 status=3 detail=ESP-NOW peer not found
[2026-09-26T11:38:09.201Z] I (153306) RouteLoom: HIL PROBE tx peer=2 type=40 status=3 detail=ESP-NOW peer not found
[2026-09-26T11:38:09.209Z] I (153313) RouteLoom: HIL PROBE tx peer=2 type=40 status=3 detail=ESP-NOW peer not found
[2026-09-26T11:38:09.217Z] I (153321) RouteLoom: HIL PROBE tx peer=2 type=40 status=3 detail=ESP-NOW peer not found
[2026-09-26T11:38:09.225Z] I (153329) RouteLoom: HIL PROBE tx peer=2 type=40 status=3 detail=ESP-NOW peer not found
[2026-09-26T11:38:09.233Z] I (153337) RouteLoom: HIL PROBE tx peer=2 type=40 status=3 detail=ESP-NOW peer not found
[2026-09-26T11:38:09.240Z] I (153345) RouteLoom: HIL PROBE tx peer=2 type=40 status=3 detail=ESP-NOW peer not found
[2026-09-26T11:38:09.249Z] I (153352) RouteLoom: HIL PROBE tx peer=2 type=40 status=3 detail=ESP-NOW peer not found
[2026-09-26T11:38:09.256Z] I (153360) RouteLoom: HIL PROBE tx peer=2 type=40 status=3 detail=ESP-NOW peer not found
[2026-09-26T11:38:09.264Z] I (153368) RouteLoom: HIL PROBE tx peer=2 type=40 status=3 detail=ESP-NOW peer not found
[2026-09-26T11:38:09.272Z] I (153376) RouteLoom: HIL PROBE tx peer=2 type=40 status=3 detail=ESP-NOW peer not found
[2026-09-26T11:38:09.279Z] I (153384) RouteLoom: HIL PROBE tx peer=2 type=40 status=3 detail=ESP-NOW peer not found
[2026-09-26T11:38:09.289Z] I (153391) RouteLoom: HIL PROBE tx peer=2 type=40 status=3 detail=ESP-NOW peer not found
[2026-09-26T11:38:09.295Z] I (153399) RouteLoom: HIL PROBE tx peer=2 type=40 status=3 detail=ESP-NOW peer not found
[2026-09-26T11:38:09.303Z] I (153407) RouteLoom: HIL PROBE tx peer=2 type=40 status=3 detail=ESP-NOW peer not found
[2026-09-26T11:38:09.311Z] I (153415) RouteLoom: HIL PROBE tx peer=2 type=40 status=3 detail=ESP-NOW peer not found
[2026-09-26T11:38:09.320Z] I (153423) RouteLoom: HIL PROBE tx peer=2 type=40 status=3 detail=ESP-NOW peer not found
[2026-09-26T11:38:09.326Z] I (153431) RouteLoom: HIL PROBE tx peer=2 type=40 status=3 detail=ESP-NOW peer not found
[2026-09-26T11:38:09.334Z] I (153438) RouteLoom: HIL PROBE tx peer=2 type=40 status=3 detail=ESP-NOW peer not found
[2026-09-26T11:38:09.342Z] I (153446) RouteLoom: HIL PROBE tx peer=2 type=40 status=3 detail=ESP-NOW peer not found
[2026-09-26T11:38:09.350Z] I (153454) RouteLoom: HIL PROBE tx peer=2 type=40 status=3 detail=ESP-NOW peer not found
[2026-09-26T11:38:09.358Z] I (153462) RouteLoom: HIL PROBE tx peer=2 type=40 status=3 detail=ESP-NOW peer not found
[2026-09-26T11:38:09.366Z] I (153470) RouteLoom: HIL PROBE tx peer=2 type=40 status=3 detail=ESP-NOW peer not found
[2026-09-26T11:38:09.373Z] I (153477) RouteLoom: HIL PROBE tx peer=2 type=40 status=3 detail=ESP-NOW peer not found
[2026-09-26T11:38:09.381Z] I (153485) RouteLoom: HIL PROBE tx peer=2 type=40 status=3 detail=ESP-NOW peer not found
[2026-09-26T11:38:09.389Z] I (153493) RouteLoom: HIL PROBE tx peer=2 type=40 status=3 detail=ESP-NOW peer not found
[2026-09-26T11:38:09.397Z] I (153501) RouteLoom: HIL PROBE tx peer=2 type=40 status=3 detail=ESP-NOW peer not found
[2026-09-26T11:38:09.404Z] I (153509) RouteLoom: HIL PROBE tx peer=2 type=40 status=3 detail=ESP-NOW peer not found
[2026-09-26T11:38:09.412Z] I (153516) RouteLoom: HIL PROBE tx peer=2 type=40 status=3 detail=ESP-NOW peer not found
[2026-09-26T11:38:09.420Z] I (153524) RouteLoom: HIL PROBE tx peer=2 type=40 status=3 detail=ESP-NOW peer not found
[2026-09-26T11:38:09.428Z] I (153532) RouteLoom: HIL PROBE tx peer=2 type=40 status=3 detail=ESP-NOW peer not found
[2026-09-26T11:38:09.436Z] I (153540) RouteLoom: HIL PROBE tx peer=2 type=40 status=3 detail=ESP-NOW peer not found
[2026-09-26T11:38:09.443Z] I (153548) RouteLoom: HIL PROBE tx peer=2 type=40 status=3 detail=ESP-NOW peer not found
[2026-09-26T11:38:09.451Z] I (153555) RouteLoom: HIL PROBE tx peer=2 type=40 status=3 detail=ESP-NOW peer not found
[2026-09-26T11:38:09.459Z] I (153563) RouteLoom: HIL PROBE tx peer=2 type=40 status=3 detail=ESP-NOW peer not found
[2026-09-26T11:38:09.467Z] I (153571) RouteLoom: HIL PROBE tx peer=2 type=40 status=3 detail=ESP-NOW peer not found
[2026-09-26T11:38:09.475Z] I (153579) RouteLoom: HIL PROBE tx peer=2 type=40 status=3 detail=ESP-NOW peer not found
[2026-09-26T11:38:09.483Z] I (153587) RouteLoom: HIL PROBE tx peer=2 type=40 status=3 detail=ESP-NOW peer not found
[2026-09-26T11:38:09.490Z] I (153595) RouteLoom: HIL PROBE tx peer=2 type=40 status=3 detail=ESP-NOW peer not found
[2026-09-26T11:38:09.498Z] I (153602) RouteLoom: HIL PROBE tx peer=2 type=40 status=3 detail=ESP-NOW peer not found
[2026-09-26T11:38:09.506Z] I (153610) RouteLoom: HIL PROBE tx peer=2 type=40 status=3 detail=ESP-NOW peer not found
[2026-09-26T11:38:09.514Z] I (153618) RouteLoom: HIL PROBE tx peer=2 type=40 status=3 detail=ESP-NOW peer not found
[2026-09-26T11:38:09.521Z] I (153626) RouteLoom: HIL PROBE tx peer=2 type=40 status=3 detail=ESP-NOW peer not found
[2026-09-26T11:38:09.530Z] I (153634) RouteLoom: HIL PROBE tx peer=2 type=40 status=3 detail=ESP-NOW peer not found
[2026-09-26T11:38:09.537Z] I (153642) RouteLoom: HIL PROBE tx peer=2 type=40 status=3 detail=ESP-NOW peer not found
[2026-09-26T11:38:09.545Z] I (153649) RouteLoom: HIL PROBE tx peer=2 type=40 status=3 detail=ESP-NOW peer not found
[2026-09-26T11:38:09.553Z] I (153657) RouteLoom: HIL PROBE tx peer=2 type=40 status=3 detail=ESP-NOW peer not found
[2026-09-26T11:38:09.561Z] I (153665) RouteLoom: HIL PROBE tx peer=2 type=40 status=3 detail=ESP-NOW peer not found
[2026-09-26T11:38:09.568Z] I (153673) RouteLoom: HIL PROBE tx peer=2 type=40 status=3 detail=ESP-NOW peer not found
[2026-09-26T11:38:09.576Z] I (153680) RouteLoom: HIL PROBE tx peer=2 type=40 status=3 detail=ESP-NOW peer not found
[2026-09-26T11:38:09.584Z] I (153688) RouteLoom: HIL PROBE tx peer=2 type=40 status=3 detail=ESP-NOW peer not found
[2026-09-26T11:38:09.592Z] I (153696) RouteLoom: HIL PROBE tx peer=2 type=40 status=3 detail=ESP-NOW peer not found
[2026-09-26T11:38:09.600Z] I (153704) RouteLoom: HIL PROBE tx peer=2 type=40 status=3 detail=ESP-NOW peer not found
[2026-09-26T11:38:09.608Z] I (153712) RouteLoom: HIL PROBE tx peer=2 type=40 status=3 detail=ESP-NOW peer not found
[2026-09-26T11:38:09.615Z] I (153720) RouteLoom: HIL PROBE tx peer=2 type=40 status=3 detail=ESP-NOW peer not found
[2026-09-26T11:38:09.623Z] I (153727) RouteLoom: HIL PROBE tx peer=2 type=40 status=3 detail=ESP-NOW peer not found
[2026-09-26T11:38:09.632Z] I (153735) RouteLoom: HIL PROBE tx peer=2 type=40 status=3 detail=ESP-NOW peer not found
[2026-09-26T11:38:09.639Z] I (153743) RouteLoom: HIL PROBE tx peer=2 type=40 status=3 detail=ESP-NOW peer not found
[2026-09-26T11:38:09.647Z] I (153751) RouteLoom: HIL PROBE tx peer=2 type=40 status=3 detail=ESP-NOW peer not found
[2026-09-26T11:38:09.655Z] I (153759) RouteLoom: HIL PROBE tx peer=2 type=40 status=3 detail=ESP-NOW peer not found
[2026-09-26T11:38:09.663Z] I (153766) RouteLoom: HIL PROBE tx peer=2 type=40 status=3 detail=ESP-NOW peer not found
[2026-09-26T11:38:09.670Z] I (153774) RouteLoom: HIL PROBE tx peer=2 type=40 status=3 detail=ESP-NOW peer not found
[2026-09-26T11:38:09.679Z] I (153782) RouteLoom: HIL PROBE tx peer=2 type=40 status=3 detail=ESP-NOW peer not found
[2026-09-26T11:38:09.686Z] I (153790) RouteLoom: HIL PROBE tx peer=2 type=40 status=3 detail=ESP-NOW peer not found
[2026-09-26T11:38:09.693Z] I (153798) RouteLoom: HIL PROBE tx peer=2 type=40 status=3 detail=ESP-NOW peer not found
[2026-09-26T11:38:09.702Z] I (153805) RouteLoom: HIL PROBE tx peer=2 type=40 status=3 detail=ESP-NOW peer not found
[2026-09-26T11:38:09.709Z] I (153813) RouteLoom: HIL PROBE tx peer=2 type=40 status=3 detail=ESP-NOW peer not found
[2026-09-26T11:38:09.719Z] I (153821) RouteLoom: HIL PROBE tx peer=2 type=40 status=3 detail=ESP-NOW peer not found
[2026-09-26T11:38:09.725Z] I (153829) RouteLoom: HIL PROBE tx peer=2 type=40 status=3 detail=ESP-NOW peer not found
[2026-09-26T11:38:09.734Z] I (153837) RouteLoom: HIL PROBE tx peer=2 type=40 status=3 detail=ESP-NOW peer not found
[2026-09-26T11:38:09.740Z] I (153845) RouteLoom: HIL PROBE tx peer=2 type=40 status=3 detail=ESP-NOW peer not found
[2026-09-26T11:38:09.748Z] I (153852) RouteLoom: HIL PROBE tx peer=2 type=40 status=3 detail=ESP-NOW peer not found
[2026-09-26T11:38:09.756Z] I (153860) RouteLoom: HIL PROBE tx peer=2 type=40 status=3 detail=ESP-NOW peer not found
[2026-09-26T11:38:09.764Z] I (153868) RouteLoom: HIL PROBE tx peer=2 type=40 status=3 detail=ESP-NOW peer not found
[2026-09-26T11:38:09.771Z] I (153876) RouteLoom: HIL PROBE tx peer=2 type=40 status=3 detail=ESP-NOW peer not found
[2026-09-26T11:38:09.779Z] I (153884) RouteLoom: HIL PROBE tx peer=2 type=40 status=3 detail=ESP-NOW peer not found
[2026-09-26T11:38:09.787Z] I (153891) RouteLoom: HIL PROBE tx peer=2 type=40 status=3 detail=ESP-NOW peer not found
[2026-09-26T11:38:09.795Z] I (153899) RouteLoom: HIL PROBE tx peer=2 type=40 status=3 detail=ESP-NOW peer not found
[2026-09-26T11:38:09.803Z] I (153907) RouteLoom: HIL PROBE tx peer=2 type=40 status=3 detail=ESP-NOW peer not found
[2026-09-26T11:38:09.811Z] I (153915) RouteLoom: HIL PROBE tx peer=2 type=40 status=3 detail=ESP-NOW peer not found
[2026-09-26T11:38:09.820Z] I (153923) RouteLoom: HIL PROBE tx peer=2 type=40 status=3 detail=ESP-NOW peer not found
[2026-09-26T11:38:09.826Z] I (153930) RouteLoom: HIL PROBE tx peer=2 type=40 status=3 detail=ESP-NOW peer not found
[2026-09-26T11:38:09.835Z] I (153938) RouteLoom: HIL PROBE tx peer=2 type=40 status=3 detail=ESP-NOW peer not found
[2026-09-26T11:38:09.842Z] I (153946) RouteLoom: HIL PROBE tx peer=2 type=40 status=3 detail=ESP-NOW peer not found
[2026-09-26T11:38:09.851Z] I (153954) RouteLoom: HIL PROBE tx peer=2 type=40 status=3 detail=ESP-NOW peer not found
[2026-09-26T11:38:09.857Z] I (153962) RouteLoom: HIL PROBE tx peer=2 type=40 status=3 detail=ESP-NOW peer not found
[2026-09-26T11:38:09.865Z] I (153970) RouteLoom: HIL PROBE tx peer=2 type=40 status=3 detail=ESP-NOW peer not found
[2026-09-26T11:38:09.873Z] I (153977) RouteLoom: HIL PROBE tx peer=2 type=40 status=3 detail=ESP-NOW peer not found
[2026-09-26T11:38:09.881Z] I (153985) RouteLoom: HIL PROBE tx peer=2 type=40 status=3 detail=ESP-NOW peer not found
[2026-09-26T11:38:09.889Z] I (153993) RouteLoom: HIL PROBE tx peer=2 type=40 status=3 detail=ESP-NOW peer not found
[2026-09-26T11:38:09.896Z] I (154001) RouteLoom: HIL PROBE tx peer=2 type=40 status=3 detail=ESP-NOW peer not found
[2026-09-26T11:38:09.904Z] I (154009) RouteLoom: HIL PROBE tx peer=2 type=40 status=3 detail=ESP-NOW peer not found
[2026-09-26T11:38:09.912Z] I (154016) RouteLoom: HIL PROBE tx peer=2 type=40 status=3 detail=ESP-NOW peer not found
[2026-09-26T11:38:09.920Z] I (154024) RouteLoom: HIL PROBE tx peer=2 type=40 status=3 detail=ESP-NOW peer not found
[2026-09-26T11:38:09.928Z] I (154032) RouteLoom: HIL PROBE tx peer=2 type=40 status=3 detail=ESP-NOW peer not found
[2026-09-26T11:38:09.936Z] I (154040) RouteLoom: HIL PROBE tx peer=2 type=40 status=3 detail=ESP-NOW peer not found
[2026-09-26T11:38:09.943Z] I (154048) RouteLoom: HIL PROBE tx peer=2 type=40 status=3 detail=ESP-NOW peer not found
[2026-09-26T11:38:09.952Z] I (154055) RouteLoom: HIL PROBE tx peer=2 type=40 status=3 detail=ESP-NOW peer not found
[2026-09-26T11:38:09.959Z] I (154063) RouteLoom: HIL PROBE tx peer=2 type=40 status=3 detail=ESP-NOW peer not found
[2026-09-26T11:38:09.967Z] I (154071) RouteLoom: HIL PROBE tx peer=2 type=40 status=3 detail=ESP-NOW peer not found
[2026-09-26T11:38:09.975Z] I (154079) RouteLoom: HIL PROBE tx peer=2 type=40 status=3 detail=ESP-NOW peer not found
[2026-09-26T11:38:09.983Z] I (154087) RouteLoom: HIL PROBE tx peer=2 type=40 status=3 detail=ESP-NOW peer not found
[2026-09-26T11:38:09.990Z] I (154094) RouteLoom: HIL PROBE tx peer=2 type=40 status=3 detail=ESP-NOW peer not found
[2026-09-26T11:38:09.998Z] I (154102) RouteLoom: HIL PROBE tx peer=2 type=40 status=3 detail=ESP-NOW peer not found
[2026-09-26T11:38:10.006Z] I (154110) RouteLoom: HIL PROBE tx peer=2 type=40 status=3 detail=ESP-NOW peer not found
[2026-09-26T11:38:10.014Z] I (154118) RouteLoom: HIL PROBE tx peer=2 type=40 status=3 detail=ESP-NOW peer not found
[2026-09-26T11:38:10.021Z] I (154126) RouteLoom: HIL PROBE tx peer=2 type=40 status=3 detail=ESP-NOW peer not found
[2026-09-26T11:38:10.029Z] I (154134) RouteLoom: HIL PROBE tx peer=2 type=40 status=3 detail=ESP-NOW peer not found
[2026-09-26T11:38:10.038Z] I (154141) RouteLoom: HIL PROBE tx peer=2 type=40 status=3 detail=ESP-NOW peer not found
[2026-09-26T11:38:10.045Z] I (154149) RouteLoom: HIL PROBE tx peer=2 type=40 status=3 detail=ESP-NOW peer not found
[2026-09-26T11:38:10.053Z] I (154157) RouteLoom: HIL PROBE tx peer=2 type=40 status=3 detail=ESP-NOW peer not found
[2026-09-26T11:38:10.061Z] I (154165) RouteLoom: HIL PROBE tx peer=2 type=40 status=3 detail=ESP-NOW peer not found
[2026-09-26T11:38:10.068Z] I (154173) RouteLoom: HIL PROBE tx peer=2 type=40 status=3 detail=ESP-NOW peer not found
[2026-09-26T11:38:10.076Z] I (154180) RouteLoom: HIL PROBE tx peer=2 type=40 status=3 detail=ESP-NOW peer not found
[2026-09-26T11:38:10.084Z] I (154188) RouteLoom: HIL PROBE tx peer=2 type=40 status=3 detail=ESP-NOW peer not found
[2026-09-26T11:38:10.092Z] I (154196) RouteLoom: HIL PROBE tx peer=2 type=40 status=3 detail=ESP-NOW peer not found
[2026-09-26T11:38:10.100Z] I (154204) RouteLoom: HIL PROBE tx peer=2 type=40 status=3 detail=ESP-NOW peer not found
[2026-09-26T11:38:10.107Z] I (154212) RouteLoom: HIL PROBE tx peer=2 type=40 status=3 detail=ESP-NOW peer not found
[2026-09-26T11:38:10.115Z] I (154219) RouteLoom: HIL PROBE tx peer=2 type=40 status=3 detail=ESP-NOW peer not found
[2026-09-26T11:38:10.123Z] I (154227) RouteLoom: HIL PROBE tx peer=2 type=40 status=3 detail=ESP-NOW peer not found
[2026-09-26T11:38:10.131Z] I (154235) RouteLoom: HIL PROBE tx peer=2 type=40 status=3 detail=ESP-NOW peer not found
[2026-09-26T11:38:10.139Z] I (154243) RouteLoom: HIL PROBE tx peer=2 type=40 status=3 detail=ESP-NOW peer not found
[2026-09-26T11:38:10.146Z] I (154251) RouteLoom: HIL PROBE tx peer=2 type=40 status=3 detail=ESP-NOW peer not found
[2026-09-26T11:38:10.154Z] I (154259) RouteLoom: HIL PROBE tx peer=2 type=40 status=3 detail=ESP-NOW peer not found
[2026-09-26T11:38:10.162Z] I (154266) RouteLoom: HIL PROBE tx peer=2 type=40 status=3 detail=ESP-NOW peer not found
[2026-09-26T11:38:10.170Z] I (154274) RouteLoom: HIL PROBE tx peer=2 type=40 status=3 detail=ESP-NOW peer not found
[2026-09-26T11:38:10.178Z] I (154282) RouteLoom: HIL PROBE tx peer=2 type=40 status=3 detail=ESP-NOW peer not found
[2026-09-26T11:38:10.186Z] I (154290) RouteLoom: HIL PROBE tx peer=2 type=40 status=3 detail=ESP-NOW peer not found
[2026-09-26T11:38:10.193Z] I (154298) RouteLoom: HIL PROBE tx peer=2 type=40 status=3 detail=ESP-NOW peer not found
[2026-09-26T11:38:10.201Z] I (154305) RouteLoom: HIL PROBE tx peer=2 type=40 status=3 detail=ESP-NOW peer not found
[2026-09-26T11:38:10.209Z] I (154313) RouteLoom: HIL PROBE tx peer=2 type=40 status=3 detail=ESP-NOW peer not found
[2026-09-26T11:38:10.217Z] I (154321) RouteLoom: HIL PROBE tx peer=2 type=40 status=3 detail=ESP-NOW peer not found
[2026-09-26T11:38:10.225Z] I (154329) RouteLoom: HIL PROBE tx peer=2 type=40 status=3 detail=ESP-NOW peer not found
[2026-09-26T11:38:10.232Z] I (154337) RouteLoom: HIL PROBE tx peer=2 type=40 status=3 detail=ESP-NOW peer not found
[2026-09-26T11:38:10.240Z] I (154344) RouteLoom: HIL PROBE tx peer=2 type=40 status=3 detail=ESP-NOW peer not found
[2026-09-26T11:38:10.248Z] I (154352) RouteLoom: HIL PROBE tx peer=2 type=40 status=3 detail=ESP-NOW peer not found
[2026-09-26T11:38:10.256Z] I (154360) RouteLoom: HIL PROBE tx peer=2 type=40 status=3 detail=ESP-NOW peer not found
[2026-09-26T11:38:10.264Z] I (154368) RouteLoom: HIL PROBE tx peer=2 type=40 status=3 detail=ESP-NOW peer not found
[2026-09-26T11:38:10.272Z] I (154376) RouteLoom: HIL PROBE tx peer=2 type=40 status=3 detail=ESP-NOW peer not found
[2026-09-26T11:38:10.279Z] I (154384) RouteLoom: HIL PROBE tx peer=2 type=40 status=3 detail=ESP-NOW peer not found
[2026-09-26T11:38:10.287Z] I (154391) RouteLoom: HIL PROBE tx peer=2 type=40 status=3 detail=ESP-NOW peer not found
[2026-09-26T11:38:10.295Z] I (154399) RouteLoom: HIL PROBE tx peer=2 type=40 status=3 detail=ESP-NOW peer not found
[2026-09-26T11:38:10.304Z] I (154407) RouteLoom: HIL PROBE tx peer=2 type=40 status=3 detail=ESP-NOW peer not found
[2026-09-26T11:38:10.310Z] I (154415) RouteLoom: HIL PROBE tx peer=2 type=40 status=3 detail=ESP-NOW peer not found
[2026-09-26T11:38:10.318Z] I (154423) RouteLoom: HIL PROBE tx peer=2 type=40 status=3 detail=ESP-NOW peer not found
[2026-09-26T11:38:10.326Z] I (154430) RouteLoom: HIL PROBE tx peer=2 type=40 status=3 detail=ESP-NOW peer not found
[2026-09-26T11:38:10.334Z] I (154438) RouteLoom: HIL PROBE tx peer=2 type=40 status=3 detail=ESP-NOW peer not found
[2026-09-26T11:38:10.344Z] I (154446) RouteLoom: HIL PROBE tx peer=2 type=40 status=3 detail=ESP-NOW peer not found
[2026-09-26T11:38:10.350Z] I (154454) RouteLoom: HIL PROBE tx peer=2 type=40 status=3 detail=ESP-NOW peer not found
[2026-09-26T11:38:10.358Z] I (154462) RouteLoom: HIL PROBE tx peer=2 type=40 status=3 detail=ESP-NOW peer not found
[2026-09-26T11:38:10.365Z] I (154469) RouteLoom: HIL PROBE tx peer=2 type=40 status=3 detail=ESP-NOW peer not found
[2026-09-26T11:38:10.373Z] I (154477) RouteLoom: HIL PROBE tx peer=2 type=40 status=3 detail=ESP-NOW peer not found
[2026-09-26T11:38:10.381Z] I (154485) RouteLoom: HIL PROBE tx peer=2 type=40 status=3 detail=ESP-NOW peer not found
[2026-09-26T11:38:10.389Z] I (154493) RouteLoom: HIL PROBE tx peer=2 type=40 status=3 detail=ESP-NOW peer not found
[2026-09-26T11:38:10.396Z] I (154501) RouteLoom: HIL PROBE tx peer=2 type=40 status=3 detail=ESP-NOW peer not found
[2026-09-26T11:38:10.404Z] I (154509) RouteLoom: HIL PROBE tx peer=2 type=40 status=3 detail=ESP-NOW peer not found
[2026-09-26T11:38:10.413Z] I (154516) RouteLoom: HIL PROBE tx peer=2 type=40 status=3 detail=ESP-NOW peer not found
[2026-09-26T11:38:10.420Z] I (154524) RouteLoom: HIL PROBE tx peer=2 type=40 status=3 detail=ESP-NOW peer not found
[2026-09-26T11:38:10.428Z] I (154532) RouteLoom: HIL PROBE tx peer=2 type=40 status=3 detail=ESP-NOW peer not found
[2026-09-26T11:38:10.439Z] I (154540) RouteLoom: HIL PROBE tx peer=2 type=40 status=3 detail=ESP-NOW peer not found
[2026-09-26T11:38:10.443Z] I (154548) RouteLoom: HIL PROBE tx peer=2 type=40 status=3 detail=ESP-NOW peer not found
[2026-09-26T11:38:10.451Z] I (154555) RouteLoom: HIL PROBE tx peer=2 type=40 status=3 detail=ESP-NOW peer not found
[2026-09-26T11:38:10.460Z] I (154563) RouteLoom: HIL PROBE tx peer=2 type=40 status=3 detail=ESP-NOW peer not found
[2026-09-26T11:38:10.467Z] I (154571) RouteLoom: HIL PROBE tx peer=2 type=40 status=3 detail=ESP-NOW peer not found
[2026-09-26T11:38:10.475Z] I (154579) RouteLoom: HIL PROBE tx peer=2 type=40 status=3 detail=ESP-NOW peer not found
[2026-09-26T11:38:10.482Z] I (154587) RouteLoom: HIL PROBE tx peer=2 type=40 status=3 detail=ESP-NOW peer not found
[2026-09-26T11:38:10.493Z] I (154594) RouteLoom: HIL PROBE tx peer=2 type=40 status=3 detail=ESP-NOW peer not found
[2026-09-26T11:38:10.498Z] I (154602) RouteLoom: HIL PROBE tx peer=2 type=40 status=3 detail=ESP-NOW peer not found
[2026-09-26T11:38:10.507Z] I (154610) RouteLoom: HIL PROBE tx peer=2 type=40 status=3 detail=ESP-NOW peer not found
[2026-09-26T11:38:10.514Z] I (154618) RouteLoom: HIL PROBE tx peer=2 type=40 status=3 detail=ESP-NOW peer not found
[2026-09-26T11:38:10.521Z] I (154626) RouteLoom: HIL PROBE tx peer=2 type=40 status=3 detail=ESP-NOW peer not found
[2026-09-26T11:38:10.529Z] I (154634) RouteLoom: HIL PROBE tx peer=2 type=40 status=3 detail=ESP-NOW peer not found
[2026-09-26T11:38:10.537Z] I (154642) RouteLoom: HIL PROBE tx peer=2 type=40 status=3 detail=ESP-NOW peer not found
[2026-09-26T11:38:10.545Z] I (154649) RouteLoom: HIL PROBE tx peer=2 type=40 status=3 detail=ESP-NOW peer not found
[2026-09-26T11:38:10.553Z] I (154657) RouteLoom: HIL PROBE tx peer=2 type=40 status=3 detail=ESP-NOW peer not found
[2026-09-26T11:38:10.560Z] I (154665) RouteLoom: HIL PROBE tx peer=2 type=40 status=3 detail=ESP-NOW peer not found
[2026-09-26T11:38:10.570Z] I (154673) RouteLoom: HIL PROBE tx peer=2 type=40 status=3 detail=ESP-NOW peer not found
[2026-09-26T11:38:10.576Z] I (154680) RouteLoom: HIL PROBE tx peer=2 type=40 status=3 detail=ESP-NOW peer not found
[2026-09-26T11:38:10.585Z] I (154688) RouteLoom: HIL PROBE tx peer=2 type=40 status=3 detail=ESP-NOW peer not found
[2026-09-26T11:38:10.593Z] I (154696) RouteLoom: HIL PROBE tx peer=2 type=40 status=3 detail=ESP-NOW peer not found
[2026-09-26T11:38:10.600Z] I (154704) RouteLoom: HIL PROBE tx peer=2 type=40 status=3 detail=ESP-NOW peer not found
[2026-09-26T11:38:10.608Z] I (154712) RouteLoom: HIL PROBE tx peer=2 type=40 status=3 detail=ESP-NOW peer not found
[2026-09-26T11:38:10.615Z] I (154719) RouteLoom: HIL PROBE tx peer=2 type=40 status=3 detail=ESP-NOW peer not found
[2026-09-26T11:38:10.626Z] I (154727) RouteLoom: HIL PROBE tx peer=2 type=40 status=3 detail=ESP-NOW peer not found
[2026-09-26T11:38:10.631Z] I (154735) RouteLoom: HIL PROBE tx peer=2 type=40 status=3 detail=ESP-NOW peer not found
[2026-09-26T11:38:10.639Z] I (154743) RouteLoom: HIL PROBE tx peer=2 type=40 status=3 detail=ESP-NOW peer not found
[2026-09-26T11:38:10.647Z] I (154751) RouteLoom: HIL PROBE tx peer=2 type=40 status=3 detail=ESP-NOW peer not found
[2026-09-26T11:38:10.654Z] I (154758) RouteLoom: HIL PROBE tx peer=2 type=40 status=3 detail=ESP-NOW peer not found
[2026-09-26T11:38:10.662Z] I (154766) RouteLoom: HIL PROBE tx peer=2 type=40 status=3 detail=ESP-NOW peer not found
[2026-09-26T11:38:10.670Z] I (154774) RouteLoom: HIL PROBE tx peer=2 type=40 status=3 detail=ESP-NOW peer not found
[2026-09-26T11:38:10.678Z] I (154782) RouteLoom: HIL PROBE tx peer=2 type=40 status=3 detail=ESP-NOW peer not found
[2026-09-26T11:38:10.685Z] I (154790) RouteLoom: HIL PROBE tx peer=2 type=40 status=3 detail=ESP-NOW peer not found
[2026-09-26T11:38:10.693Z] I (154798) RouteLoom: HIL PROBE tx peer=2 type=40 status=3 detail=ESP-NOW peer not found
[2026-09-26T11:38:10.701Z] I (154805) RouteLoom: HIL PROBE tx peer=2 type=40 status=3 detail=ESP-NOW peer not found
[2026-09-26T11:38:10.709Z] I (154813) RouteLoom: HIL PROBE tx peer=2 type=40 status=3 detail=ESP-NOW peer not found
[2026-09-26T11:38:10.717Z] I (154821) RouteLoom: HIL PROBE tx peer=2 type=40 status=3 detail=ESP-NOW peer not found
[2026-09-26T11:38:10.725Z] I (154829) RouteLoom: HIL PROBE tx peer=2 type=40 status=3 detail=ESP-NOW peer not found
[2026-09-26T11:38:10.733Z] I (154837) RouteLoom: HIL PROBE tx peer=2 type=40 status=3 detail=ESP-NOW peer not found
[2026-09-26T11:38:10.740Z] I (154844) RouteLoom: HIL PROBE tx peer=2 type=40 status=3 detail=ESP-NOW peer not found
[2026-09-26T11:38:10.748Z] I (154852) RouteLoom: HIL PROBE tx peer=2 type=40 status=3 detail=ESP-NOW peer not found
[2026-09-26T11:38:10.756Z] I (154860) RouteLoom: HIL PROBE tx peer=2 type=40 status=3 detail=ESP-NOW peer not found
[2026-09-26T11:38:10.764Z] I (154868) RouteLoom: HIL PROBE tx peer=2 type=40 status=3 detail=ESP-NOW peer not found
[2026-09-26T11:38:10.772Z] I (154876) RouteLoom: HIL PROBE tx peer=2 type=40 status=3 detail=ESP-NOW peer not found
[2026-09-26T11:38:10.779Z] I (154883) RouteLoom: HIL PROBE tx peer=2 type=40 status=3 detail=ESP-NOW peer not found
[2026-09-26T11:38:10.787Z] I (154891) RouteLoom: HIL PROBE tx peer=2 type=40 status=3 detail=ESP-NOW peer not found
[2026-09-26T11:38:10.795Z] I (154899) RouteLoom: HIL PROBE tx peer=2 type=40 status=3 detail=ESP-NOW peer not found
[2026-09-26T11:38:10.803Z] I (154907) RouteLoom: HIL PROBE tx peer=2 type=40 status=3 detail=ESP-NOW peer not found
[2026-09-26T11:38:10.810Z] I (154915) RouteLoom: HIL PROBE tx peer=2 type=40 status=3 detail=ESP-NOW peer not found
[2026-09-26T11:38:10.818Z] I (154923) RouteLoom: HIL PROBE tx peer=2 type=40 status=3 detail=ESP-NOW peer not found
[2026-09-26T11:38:10.826Z] I (154930) RouteLoom: HIL PROBE tx peer=2 type=40 status=3 detail=ESP-NOW peer not found
[2026-09-26T11:38:10.834Z] I (154938) RouteLoom: HIL PROBE tx peer=2 type=40 status=3 detail=ESP-NOW peer not found
[2026-09-26T11:38:10.842Z] I (154946) RouteLoom: HIL PROBE tx peer=2 type=40 status=3 detail=ESP-NOW peer not found
[2026-09-26T11:38:10.850Z] I (154954) RouteLoom: HIL PROBE tx peer=2 type=40 status=3 detail=ESP-NOW peer not found
[2026-09-26T11:38:10.857Z] I (154962) RouteLoom: HIL PROBE tx peer=2 type=40 status=3 detail=ESP-NOW peer not found
[2026-09-26T11:38:10.865Z] I (154969) RouteLoom: HIL PROBE tx peer=2 type=40 status=3 detail=ESP-NOW peer not found
[2026-09-26T11:38:10.873Z] I (154977) RouteLoom: HIL PROBE tx peer=2 type=40 status=3 detail=ESP-NOW peer not found
[2026-09-26T11:38:10.881Z] I (154985) RouteLoom: HIL PROBE tx peer=2 type=40 status=3 detail=ESP-NOW peer not found
[2026-09-26T11:38:10.889Z] I (154993) RouteLoom: HIL PROBE tx peer=2 type=40 status=3 detail=ESP-NOW peer not found
[2026-09-26T11:38:10.896Z] I (155001) RouteLoom: HIL PROBE tx peer=2 type=40 status=3 detail=ESP-NOW peer not found
[2026-09-26T11:38:10.904Z] I (155008) RouteLoom: HIL PROBE tx peer=2 type=40 status=3 detail=ESP-NOW peer not found
[2026-09-26T11:38:10.912Z] I (155016) RouteLoom: HIL PROBE tx peer=2 type=40 status=3 detail=ESP-NOW peer not found
[2026-09-26T11:38:10.920Z] I (155024) RouteLoom: HIL PROBE tx peer=2 type=40 status=3 detail=ESP-NOW peer not found
[2026-09-26T11:38:10.928Z] I (155032) RouteLoom: HIL PROBE tx peer=2 type=40 status=3 detail=ESP-NOW peer not found
[2026-09-26T11:38:10.935Z] I (155040) RouteLoom: HIL PROBE tx peer=2 type=40 status=3 detail=ESP-NOW peer not found
[2026-09-26T11:38:10.943Z] I (155048) RouteLoom: HIL PROBE tx peer=2 type=40 status=3 detail=ESP-NOW peer not found
[2026-09-26T11:38:10.951Z] I (155055) RouteLoom: HIL PROBE tx peer=2 type=40 status=3 detail=ESP-NOW peer not found
[2026-09-26T11:38:10.959Z] I (155063) RouteLoom: HIL PROBE tx peer=2 type=40 status=3 detail=ESP-NOW peer not found
[2026-09-26T11:38:10.967Z] I (155071) RouteLoom: HIL PROBE tx peer=2 type=40 status=3 detail=ESP-NOW peer not found
[2026-09-26T11:38:10.975Z] I (155079) RouteLoom: HIL PROBE tx peer=2 type=40 status=3 detail=ESP-NOW peer not found
[2026-09-26T11:38:10.982Z] I (155087) RouteLoom: HIL PROBE tx peer=2 type=40 status=3 detail=ESP-NOW peer not found
[2026-09-26T11:38:10.992Z] I (155094) RouteLoom: HIL PROBE tx peer=2 type=40 status=3 detail=ESP-NOW peer not found
[2026-09-26T11:38:10.998Z] I (155102) RouteLoom: HIL PROBE tx peer=2 type=40 status=3 detail=ESP-NOW peer not found
[2026-09-26T11:38:11.006Z] I (155110) RouteLoom: HIL PROBE tx peer=2 type=40 status=3 detail=ESP-NOW peer not found
[2026-09-26T11:38:11.014Z] I (155118) RouteLoom: HIL PROBE tx peer=2 type=40 status=3 detail=ESP-NOW peer not found
[2026-09-26T11:38:11.021Z] I (155126) RouteLoom: HIL PROBE tx peer=2 type=40 status=3 detail=ESP-NOW peer not found
[2026-09-26T11:38:11.030Z] I (155133) RouteLoom: HIL PROBE tx peer=2 type=40 status=3 detail=ESP-NOW peer not found
[2026-09-26T11:38:11.037Z] I (155141) RouteLoom: HIL PROBE tx peer=2 type=40 status=3 detail=ESP-NOW peer not found
[2026-09-26T11:38:11.045Z] I (155149) RouteLoom: HIL PROBE tx peer=2 type=40 status=3 detail=ESP-NOW peer not found
[2026-09-26T11:38:11.053Z] I (155157) RouteLoom: HIL PROBE tx peer=2 type=40 status=3 detail=ESP-NOW peer not found
[2026-09-26T11:38:11.060Z] I (155165) RouteLoom: HIL PROBE tx peer=2 type=40 status=3 detail=ESP-NOW peer not found
[2026-09-26T11:38:11.068Z] I (155173) RouteLoom: HIL PROBE tx peer=2 type=40 status=3 detail=ESP-NOW peer not found
[2026-09-26T11:38:11.076Z] I (155180) RouteLoom: HIL PROBE tx peer=2 type=40 status=3 detail=ESP-NOW peer not found
[2026-09-26T11:38:11.085Z] I (155188) RouteLoom: HIL PROBE tx peer=2 type=40 status=3 detail=ESP-NOW peer not found
[2026-09-26T11:38:11.092Z] I (155196) RouteLoom: HIL PROBE tx peer=2 type=40 status=3 detail=ESP-NOW peer not found
[2026-09-26T11:38:11.100Z] I (155204) RouteLoom: HIL PROBE tx peer=2 type=40 status=3 detail=ESP-NOW peer not found
[2026-09-26T11:38:11.107Z] I (155212) RouteLoom: HIL PROBE tx peer=2 type=40 status=3 detail=ESP-NOW peer not found
[2026-09-26T11:38:11.115Z] I (155219) RouteLoom: HIL PROBE tx peer=2 type=40 status=3 detail=ESP-NOW peer not found
[2026-09-26T11:38:11.124Z] I (155227) RouteLoom: HIL PROBE tx peer=2 type=40 status=3 detail=ESP-NOW peer not found
[2026-09-26T11:38:11.131Z] I (155235) RouteLoom: HIL PROBE tx peer=2 type=40 status=3 detail=ESP-NOW peer not found
[2026-09-26T11:38:11.139Z] I (155243) RouteLoom: HIL PROBE tx peer=2 type=40 status=3 detail=ESP-NOW peer not found
[2026-09-26T11:38:11.146Z] I (155251) RouteLoom: HIL PROBE tx peer=2 type=40 status=3 detail=ESP-NOW peer not found
[2026-09-26T11:38:11.154Z] I (155258) RouteLoom: HIL PROBE tx peer=2 type=40 status=3 detail=ESP-NOW peer not found
[2026-09-26T11:38:11.162Z] I (155266) RouteLoom: HIL PROBE tx peer=2 type=40 status=3 detail=ESP-NOW peer not found
[2026-09-26T11:38:11.170Z] I (155274) RouteLoom: HIL PROBE tx peer=2 type=40 status=3 detail=ESP-NOW peer not found
[2026-09-26T11:38:11.178Z] I (155282) RouteLoom: HIL PROBE tx peer=2 type=40 status=3 detail=ESP-NOW peer not found
[2026-09-26T11:38:11.186Z] I (155290) RouteLoom: HIL PROBE tx peer=2 type=40 status=3 detail=ESP-NOW peer not found
[2026-09-26T11:38:11.193Z] I (155297) RouteLoom: HIL PROBE tx peer=2 type=40 status=3 detail=ESP-NOW peer not found
[2026-09-26T11:38:11.203Z] I (155305) RouteLoom: HIL PROBE tx peer=2 type=40 status=3 detail=ESP-NOW peer not found
[2026-09-26T11:38:11.209Z] I (155313) RouteLoom: HIL PROBE tx peer=2 type=40 status=3 detail=ESP-NOW peer not found
[2026-09-26T11:38:11.217Z] I (155321) RouteLoom: HIL PROBE tx peer=2 type=40 status=3 detail=ESP-NOW peer not found
[2026-09-26T11:38:11.225Z] I (155329) RouteLoom: HIL PROBE tx peer=2 type=40 status=3 detail=ESP-NOW peer not found
[2026-09-26T11:38:11.232Z] I (155337) RouteLoom: HIL PROBE tx peer=2 type=40 status=3 detail=ESP-NOW peer not found
[2026-09-26T11:38:11.240Z] I (155344) RouteLoom: HIL PROBE tx peer=2 type=40 status=3 detail=ESP-NOW peer not found
[2026-09-26T11:38:11.248Z] I (155352) RouteLoom: HIL PROBE tx peer=2 type=40 status=3 detail=ESP-NOW peer not found
[2026-09-26T11:38:11.256Z] I (155360) RouteLoom: HIL PROBE tx peer=2 type=40 status=3 detail=ESP-NOW peer not found
[2026-09-26T11:38:11.264Z] I (155368) RouteLoom: HIL PROBE tx peer=2 type=40 status=3 detail=ESP-NOW peer not found
[2026-09-26T11:38:11.272Z] I (155376) RouteLoom: HIL PROBE tx peer=2 type=40 status=3 detail=ESP-NOW peer not found
[2026-09-26T11:38:11.279Z] I (155383) RouteLoom: HIL PROBE tx peer=2 type=40 status=3 detail=ESP-NOW peer not found
[2026-09-26T11:38:11.287Z] I (155391) RouteLoom: HIL PROBE tx peer=2 type=40 status=3 detail=ESP-NOW peer not found
[2026-09-26T11:38:11.295Z] I (155399) RouteLoom: HIL PROBE tx peer=2 type=40 status=3 detail=ESP-NOW peer not found
[2026-09-26T11:38:11.303Z] I (155407) RouteLoom: HIL PROBE tx peer=2 type=40 status=3 detail=ESP-NOW peer not found
[2026-09-26T11:38:11.310Z] I (155415) RouteLoom: HIL PROBE tx peer=2 type=40 status=3 detail=ESP-NOW peer not found
[2026-09-26T11:38:11.318Z] I (155422) RouteLoom: HIL PROBE tx peer=2 type=40 status=3 detail=ESP-NOW peer not found
[2026-09-26T11:38:11.326Z] I (155430) RouteLoom: HIL PROBE tx peer=2 type=40 status=3 detail=ESP-NOW peer not found
[2026-09-26T11:38:11.336Z] I (155438) RouteLoom: HIL PROBE tx peer=2 type=40 status=3 detail=ESP-NOW peer not found
[2026-09-26T11:38:11.342Z] I (155446) RouteLoom: HIL PROBE tx peer=2 type=40 status=3 detail=ESP-NOW peer not found
[2026-09-26T11:38:11.350Z] I (155454) RouteLoom: HIL PROBE tx peer=2 type=40 status=3 detail=ESP-NOW peer not found
[2026-09-26T11:38:11.357Z] I (155462) RouteLoom: HIL PROBE tx peer=2 type=40 status=3 detail=ESP-NOW peer not found
[2026-09-26T11:38:11.365Z] I (155469) RouteLoom: HIL PROBE tx peer=2 type=40 status=3 detail=ESP-NOW peer not found
[2026-09-26T11:38:11.373Z] I (155477) RouteLoom: HIL PROBE tx peer=2 type=40 status=3 detail=ESP-NOW peer not found
[2026-09-26T11:38:11.381Z] I (155485) RouteLoom: HIL PROBE tx peer=2 type=40 status=3 detail=ESP-NOW peer not found
[2026-09-26T11:38:11.389Z] I (155493) RouteLoom: HIL PROBE tx peer=2 type=40 status=3 detail=ESP-NOW peer not found
[2026-09-26T11:38:11.396Z] I (155501) RouteLoom: HIL PROBE tx peer=2 type=40 status=3 detail=ESP-NOW peer not found
[2026-09-26T11:38:11.404Z] I (155508) RouteLoom: HIL PROBE tx peer=2 type=40 status=3 detail=ESP-NOW peer not found
[2026-09-26T11:38:11.412Z] I (155516) RouteLoom: HIL PROBE tx peer=2 type=40 status=3 detail=ESP-NOW peer not found
[2026-09-26T11:38:11.420Z] I (155524) RouteLoom: HIL PROBE tx peer=2 type=40 status=3 detail=ESP-NOW peer not found
[2026-09-26T11:38:11.428Z] I (155532) RouteLoom: HIL PROBE tx peer=2 type=40 status=3 detail=ESP-NOW peer not found
[2026-09-26T11:38:11.436Z] I (155540) RouteLoom: HIL PROBE tx peer=2 type=40 status=3 detail=ESP-NOW peer not found
[2026-09-26T11:38:11.443Z] I (155547) RouteLoom: HIL PROBE tx peer=2 type=40 status=3 detail=ESP-NOW peer not found
[2026-09-26T11:38:11.451Z] I (155555) RouteLoom: HIL PROBE tx peer=2 type=40 status=3 detail=ESP-NOW peer not found
[2026-09-26T11:38:11.459Z] I (155563) RouteLoom: HIL PROBE tx peer=2 type=40 status=3 detail=ESP-NOW peer not found
[2026-09-26T11:38:11.467Z] I (155571) RouteLoom: HIL PROBE tx peer=2 type=40 status=3 detail=ESP-NOW peer not found
[2026-09-26T11:38:11.474Z] I (155579) RouteLoom: HIL PROBE tx peer=2 type=40 status=3 detail=ESP-NOW peer not found
[2026-09-26T11:38:11.482Z] I (155587) RouteLoom: HIL PROBE tx peer=2 type=40 status=3 detail=ESP-NOW peer not found
[2026-09-26T11:38:11.490Z] I (155594) RouteLoom: HIL PROBE tx peer=2 type=40 status=3 detail=ESP-NOW peer not found
[2026-09-26T11:38:11.498Z] I (155602) RouteLoom: HIL PROBE tx peer=2 type=40 status=3 detail=ESP-NOW peer not found
[2026-09-26T11:38:11.506Z] I (155610) RouteLoom: HIL PROBE tx peer=2 type=40 status=3 detail=ESP-NOW peer not found
[2026-09-26T11:38:11.515Z] I (155618) RouteLoom: HIL PROBE tx peer=2 type=40 status=3 detail=ESP-NOW peer not found
[2026-09-26T11:38:11.521Z] I (155626) RouteLoom: HIL PROBE tx peer=2 type=40 status=3 detail=ESP-NOW peer not found
[2026-09-26T11:38:11.529Z] I (155633) RouteLoom: HIL PROBE tx peer=2 type=40 status=3 detail=ESP-NOW peer not found
[2026-09-26T11:38:11.537Z] I (155641) RouteLoom: HIL PROBE tx peer=2 type=40 status=3 detail=ESP-NOW peer not found
[2026-09-26T11:38:11.545Z] I (155649) RouteLoom: HIL PROBE tx peer=2 type=40 status=3 detail=ESP-NOW peer not found
[2026-09-26T11:38:11.553Z] I (155657) RouteLoom: HIL PROBE tx peer=2 type=40 status=3 detail=ESP-NOW peer not found
[2026-09-26T11:38:11.560Z] I (155665) RouteLoom: HIL PROBE tx peer=2 type=40 status=3 detail=ESP-NOW peer not found
[2026-09-26T11:38:11.568Z] I (155672) RouteLoom: HIL PROBE tx peer=2 type=40 status=3 detail=ESP-NOW peer not found
[2026-09-26T11:38:11.576Z] I (155680) RouteLoom: HIL PROBE tx peer=2 type=40 status=3 detail=ESP-NOW peer not found
[2026-09-26T11:38:11.584Z] I (155688) RouteLoom: HIL PROBE tx peer=2 type=40 status=3 detail=ESP-NOW peer not found
[2026-09-26T11:38:11.592Z] I (155696) RouteLoom: HIL PROBE tx peer=2 type=40 status=3 detail=ESP-NOW peer not found
[2026-09-26T11:38:11.599Z] I (155704) RouteLoom: HIL PROBE tx peer=2 type=40 status=3 detail=ESP-NOW peer not found
[2026-09-26T11:38:11.607Z] I (155712) RouteLoom: HIL PROBE tx peer=2 type=40 status=3 detail=ESP-NOW peer not found
[2026-09-26T11:38:11.615Z] I (155719) RouteLoom: HIL PROBE tx peer=2 type=40 status=3 detail=ESP-NOW peer not found
[2026-09-26T11:38:11.623Z] I (155727) RouteLoom: HIL PROBE tx peer=2 type=40 status=3 detail=ESP-NOW peer not found
[2026-09-26T11:38:11.631Z] I (155735) RouteLoom: HIL PROBE tx peer=2 type=40 status=3 detail=ESP-NOW peer not found
[2026-09-26T11:38:11.639Z] I (155743) RouteLoom: HIL PROBE tx peer=2 type=40 status=3 detail=ESP-NOW peer not found
[2026-09-26T11:38:11.647Z] I (155751) RouteLoom: HIL PROBE tx peer=2 type=40 status=3 detail=ESP-NOW peer not found
[2026-09-26T11:38:11.654Z] I (155758) RouteLoom: HIL PROBE tx peer=2 type=40 status=3 detail=ESP-NOW peer not found
[2026-09-26T11:38:11.662Z] I (155766) RouteLoom: HIL PROBE tx peer=2 type=40 status=3 detail=ESP-NOW peer not found
[2026-09-26T11:38:11.670Z] I (155774) RouteLoom: HIL PROBE tx peer=2 type=40 status=3 detail=ESP-NOW peer not found
[2026-09-26T11:38:11.678Z] I (155782) RouteLoom: HIL PROBE tx peer=2 type=40 status=3 detail=ESP-NOW peer not found
[2026-09-26T11:38:11.685Z] I (155790) RouteLoom: HIL PROBE tx peer=2 type=40 status=3 detail=ESP-NOW peer not found
[2026-09-26T11:38:11.693Z] I (155797) RouteLoom: HIL PROBE tx peer=2 type=40 status=3 detail=ESP-NOW peer not found
[2026-09-26T11:38:11.701Z] I (155805) RouteLoom: HIL PROBE tx peer=2 type=40 status=3 detail=ESP-NOW peer not found
[2026-09-26T11:38:11.709Z] I (155813) RouteLoom: HIL PROBE tx peer=2 type=40 status=3 detail=ESP-NOW peer not found
[2026-09-26T11:38:11.717Z] I (155821) RouteLoom: HIL PROBE tx peer=2 type=40 status=3 detail=ESP-NOW peer not found
[2026-09-26T11:38:11.725Z] I (155829) RouteLoom: HIL PROBE tx peer=2 type=40 status=3 detail=ESP-NOW peer not found
[2026-09-26T11:38:11.732Z] I (155837) RouteLoom: HIL PROBE tx peer=2 type=40 status=3 detail=ESP-NOW peer not found
[2026-09-26T11:38:11.740Z] I (155844) RouteLoom: HIL PROBE tx peer=2 type=40 status=3 detail=ESP-NOW peer not found
[2026-09-26T11:38:11.748Z] I (155852) RouteLoom: HIL PROBE tx peer=2 type=40 status=3 detail=ESP-NOW peer not found
[2026-09-26T11:38:11.756Z] I (155860) RouteLoom: HIL PROBE tx peer=2 type=40 status=3 detail=ESP-NOW peer not found
[2026-09-26T11:38:11.764Z] I (155868) RouteLoom: HIL PROBE tx peer=2 type=40 status=3 detail=ESP-NOW peer not found
[2026-09-26T11:38:11.772Z] I (155876) RouteLoom: HIL PROBE tx peer=2 type=40 status=3 detail=ESP-NOW peer not found
[2026-09-26T11:38:11.779Z] I (155883) RouteLoom: HIL PROBE tx peer=2 type=40 status=3 detail=ESP-NOW peer not found
[2026-09-26T11:38:11.787Z] I (155891) RouteLoom: HIL PROBE tx peer=2 type=40 status=3 detail=ESP-NOW peer not found
[2026-09-26T11:38:11.795Z] I (155899) RouteLoom: HIL PROBE tx peer=2 type=40 status=3 detail=ESP-NOW peer not found
[2026-09-26T11:38:11.803Z] I (155907) RouteLoom: HIL PROBE tx peer=2 type=40 status=3 detail=ESP-NOW peer not found
[2026-09-26T11:38:11.810Z] I (155915) RouteLoom: HIL PROBE tx peer=2 type=40 status=3 detail=ESP-NOW peer not found
[2026-09-26T11:38:11.818Z] I (155922) RouteLoom: HIL PROBE tx peer=2 type=40 status=3 detail=ESP-NOW peer not found
[2026-09-26T11:38:11.826Z] I (155930) RouteLoom: HIL PROBE tx peer=2 type=40 status=3 detail=ESP-NOW peer not found
[2026-09-26T11:38:11.834Z] I (155938) RouteLoom: HIL PROBE tx peer=2 type=40 status=3 detail=ESP-NOW peer not found
[2026-09-26T11:38:11.842Z] I (155946) RouteLoom: HIL PROBE tx peer=2 type=40 status=3 detail=ESP-NOW peer not found
[2026-09-26T11:38:11.849Z] I (155954) RouteLoom: HIL PROBE tx peer=2 type=40 status=3 detail=ESP-NOW peer not found
[2026-09-26T11:38:11.857Z] I (155961) RouteLoom: HIL PROBE tx peer=2 type=40 status=3 detail=ESP-NOW peer not found
[2026-09-26T11:38:11.865Z] I (155969) RouteLoom: HIL PROBE tx peer=2 type=40 status=3 detail=ESP-NOW peer not found
[2026-09-26T11:38:11.875Z] I (155977) RouteLoom: HIL PROBE tx peer=2 type=40 status=3 detail=ESP-NOW peer not found
[2026-09-26T11:38:11.881Z] I (155985) RouteLoom: HIL PROBE tx peer=2 type=40 status=3 detail=ESP-NOW peer not found
[2026-09-26T11:38:11.888Z] I (155993) RouteLoom: HIL PROBE tx peer=2 type=40 status=3 detail=ESP-NOW peer not found
[2026-09-26T11:38:11.897Z] I (156001) RouteLoom: HIL PROBE tx peer=2 type=40 status=3 detail=ESP-NOW peer not found
[2026-09-26T11:38:11.904Z] I (156008) RouteLoom: HIL PROBE tx peer=2 type=40 status=3 detail=ESP-NOW peer not found
[2026-09-26T11:38:11.913Z] I (156016) RouteLoom: HIL PROBE tx peer=2 type=40 status=3 detail=ESP-NOW peer not found
[2026-09-26T11:38:11.920Z] I (156024) RouteLoom: HIL PROBE tx peer=2 type=40 status=3 detail=ESP-NOW peer not found
[2026-09-26T11:38:11.928Z] I (156032) RouteLoom: HIL PROBE tx peer=2 type=40 status=3 detail=ESP-NOW peer not found
[2026-09-26T11:38:11.936Z] I (156040) RouteLoom: HIL PROBE tx peer=2 type=40 status=3 detail=ESP-NOW peer not found
[2026-09-26T11:38:11.943Z] I (156047) RouteLoom: HIL PROBE tx peer=2 type=40 status=3 detail=ESP-NOW peer not found
[2026-09-26T11:38:11.952Z] I (156055) RouteLoom: HIL PROBE tx peer=2 type=40 status=3 detail=ESP-NOW peer not found
[2026-09-26T11:38:11.959Z] I (156063) RouteLoom: HIL PROBE tx peer=2 type=40 status=3 detail=ESP-NOW peer not found
[2026-09-26T11:38:11.969Z] I (156071) RouteLoom: HIL PROBE tx peer=2 type=40 status=3 detail=ESP-NOW peer not found
[2026-09-26T11:38:11.974Z] I (156079) RouteLoom: HIL PROBE tx peer=2 type=40 status=3 detail=ESP-NOW peer not found
[2026-09-26T11:38:11.982Z] I (156086) RouteLoom: HIL PROBE tx peer=2 type=40 status=3 detail=ESP-NOW peer not found
[2026-09-26T11:38:11.991Z] I (156094) RouteLoom: HIL PROBE tx peer=2 type=40 status=3 detail=ESP-NOW peer not found
[2026-09-26T11:38:11.998Z] I (156102) RouteLoom: HIL PROBE tx peer=2 type=40 status=3 detail=ESP-NOW peer not found
[2026-09-26T11:38:12.006Z] I (156110) RouteLoom: HIL PROBE tx peer=2 type=40 status=3 detail=ESP-NOW peer not found
[2026-09-26T11:38:12.013Z] I (156118) RouteLoom: HIL PROBE tx peer=2 type=40 status=3 detail=ESP-NOW peer not found
[2026-09-26T11:38:12.021Z] I (156126) RouteLoom: HIL PROBE tx peer=2 type=40 status=3 detail=ESP-NOW peer not found
[2026-09-26T11:38:12.029Z] I (156133) RouteLoom: HIL PROBE tx peer=2 type=40 status=3 detail=ESP-NOW peer not found
[2026-09-26T11:38:12.037Z] I (156141) RouteLoom: HIL PROBE tx peer=2 type=40 status=3 detail=ESP-NOW peer not found
[2026-09-26T11:38:12.045Z] I (156149) RouteLoom: HIL PROBE tx peer=2 type=40 status=3 detail=ESP-NOW peer not found
[2026-09-26T11:38:12.053Z] I (156157) RouteLoom: HIL PROBE tx peer=2 type=40 status=3 detail=ESP-NOW peer not found
[2026-09-26T11:38:12.060Z] I (156165) RouteLoom: HIL PROBE tx peer=2 type=40 status=3 detail=ESP-NOW peer not found
[2026-09-26T11:38:12.068Z] I (156172) RouteLoom: HIL PROBE tx peer=2 type=40 status=3 detail=ESP-NOW peer not found
[2026-09-26T11:38:12.077Z] I (156180) RouteLoom: HIL PROBE tx peer=2 type=40 status=3 detail=ESP-NOW peer not found
[2026-09-26T11:38:12.084Z] I (156188) RouteLoom: HIL PROBE tx peer=2 type=40 status=3 detail=ESP-NOW peer not found
[2026-09-26T11:38:12.092Z] I (156196) RouteLoom: HIL PROBE tx peer=2 type=40 status=3 detail=ESP-NOW peer not found
[2026-09-26T11:38:12.100Z] I (156204) RouteLoom: HIL PROBE tx peer=2 type=40 status=3 detail=ESP-NOW peer not found
[2026-09-26T11:38:12.109Z] I (156211) RouteLoom: HIL PROBE tx peer=2 type=40 status=3 detail=ESP-NOW peer not found
[2026-09-26T11:38:12.115Z] I (156219) RouteLoom: HIL PROBE tx peer=2 type=40 status=3 detail=ESP-NOW peer not found
[2026-09-26T11:38:12.124Z] I (156227) RouteLoom: HIL PROBE tx peer=2 type=40 status=3 detail=ESP-NOW peer not found
[2026-09-26T11:38:12.132Z] I (156235) RouteLoom: HIL PROBE tx peer=2 type=40 status=3 detail=ESP-NOW peer not found
[2026-09-26T11:38:12.140Z] I (156243) RouteLoom: HIL PROBE tx peer=2 type=40 status=3 detail=ESP-NOW peer not found
[2026-09-26T11:38:12.146Z] I (156251) RouteLoom: HIL PROBE tx peer=2 type=40 status=3 detail=ESP-NOW peer not found
[2026-09-26T11:38:12.155Z] I (156258) RouteLoom: HIL PROBE tx peer=2 type=40 status=3 detail=ESP-NOW peer not found
[2026-09-26T11:38:12.162Z] I (156266) RouteLoom: HIL PROBE tx peer=2 type=40 status=3 detail=ESP-NOW peer not found
[2026-09-26T11:38:12.170Z] I (156274) RouteLoom: HIL PROBE tx peer=2 type=40 status=3 detail=ESP-NOW peer not found
[2026-09-26T11:38:12.178Z] I (156282) RouteLoom: HIL PROBE tx peer=2 type=40 status=3 detail=ESP-NOW peer not found
[2026-09-26T11:38:12.185Z] I (156290) RouteLoom: HIL PROBE tx peer=2 type=40 status=3 detail=ESP-NOW peer not found
[2026-09-26T11:38:12.195Z] I (156297) RouteLoom: HIL PROBE tx peer=2 type=40 status=3 detail=ESP-NOW peer not found
[2026-09-26T11:38:12.201Z] I (156305) RouteLoom: HIL PROBE tx peer=2 type=40 status=3 detail=ESP-NOW peer not found
[2026-09-26T11:38:12.209Z] I (156313) RouteLoom: HIL PROBE tx peer=2 type=40 status=3 detail=ESP-NOW peer not found
[2026-09-26T11:38:12.221Z] I (156321) RouteLoom: HIL PROBE tx peer=2 type=40 status=3 detail=ESP-NOW peer not found
[2026-09-26T11:38:12.225Z] I (156329) RouteLoom: HIL PROBE tx peer=2 type=40 status=3 detail=ESP-NOW peer not found
[2026-09-26T11:38:12.232Z] I (156336) RouteLoom: HIL PROBE tx peer=2 type=40 status=3 detail=ESP-NOW peer not found
[2026-09-26T11:38:12.240Z] I (156344) RouteLoom: HIL PROBE tx peer=2 type=40 status=3 detail=ESP-NOW peer not found
[2026-09-26T11:38:12.248Z] I (156352) RouteLoom: HIL PROBE tx peer=2 type=40 status=3 detail=ESP-NOW peer not found
[2026-09-26T11:38:12.256Z] I (156360) RouteLoom: HIL PROBE tx peer=2 type=40 status=3 detail=ESP-NOW peer not found
[2026-09-26T11:38:12.264Z] I (156368) RouteLoom: HIL PROBE tx peer=2 type=40 status=3 detail=ESP-NOW peer not found
[2026-09-26T11:38:12.271Z] I (156376) RouteLoom: HIL PROBE tx peer=2 type=40 status=3 detail=ESP-NOW peer not found
[2026-09-26T11:38:12.279Z] I (156383) RouteLoom: HIL PROBE tx peer=2 type=40 status=3 detail=ESP-NOW peer not found
[2026-09-26T11:38:12.287Z] I (156391) RouteLoom: HIL PROBE tx peer=2 type=40 status=3 detail=ESP-NOW peer not found
[2026-09-26T11:38:12.295Z] I (156399) RouteLoom: HIL PROBE tx peer=2 type=40 status=3 detail=ESP-NOW peer not found
[2026-09-26T11:38:12.303Z] I (156407) RouteLoom: HIL PROBE tx peer=2 type=40 status=3 detail=ESP-NOW peer not found
[2026-09-26T11:38:12.310Z] I (156415) RouteLoom: HIL PROBE tx peer=2 type=40 status=3 detail=ESP-NOW peer not found
[2026-09-26T11:38:12.318Z] I (156422) RouteLoom: HIL PROBE tx peer=2 type=40 status=3 detail=ESP-NOW peer not found
[2026-09-26T11:38:12.326Z] I (156430) RouteLoom: HIL PROBE tx peer=2 type=40 status=3 detail=ESP-NOW peer not found
[2026-09-26T11:38:12.334Z] I (156438) RouteLoom: HIL PROBE tx peer=2 type=40 status=3 detail=ESP-NOW peer not found
[2026-09-26T11:38:12.342Z] I (156446) RouteLoom: HIL PROBE tx peer=2 type=40 status=3 detail=ESP-NOW peer not found
[2026-09-26T11:38:12.349Z] I (156454) RouteLoom: HIL PROBE tx peer=2 type=40 status=3 detail=ESP-NOW peer not found
[2026-09-26T11:38:12.360Z] I (156461) RouteLoom: HIL PROBE tx peer=2 type=40 status=3 detail=ESP-NOW peer not found
[2026-09-26T11:38:12.365Z] I (156469) RouteLoom: HIL PROBE tx peer=2 type=40 status=3 detail=ESP-NOW peer not found
[2026-09-26T11:38:12.373Z] I (156477) RouteLoom: HIL PROBE tx peer=2 type=40 status=3 detail=ESP-NOW peer not found
[2026-09-26T11:38:12.381Z] I (156485) RouteLoom: HIL PROBE tx peer=2 type=40 status=3 detail=ESP-NOW peer not found
[2026-09-26T11:38:12.389Z] I (156493) RouteLoom: HIL PROBE tx peer=2 type=40 status=3 detail=ESP-NOW peer not found
[2026-09-26T11:38:12.396Z] I (156501) RouteLoom: HIL PROBE tx peer=2 type=40 status=3 detail=ESP-NOW peer not found
[2026-09-26T11:38:12.404Z] I (156508) RouteLoom: HIL PROBE tx peer=2 type=40 status=3 detail=ESP-NOW peer not found
[2026-09-26T11:38:12.412Z] I (156516) RouteLoom: HIL PROBE tx peer=2 type=40 status=3 detail=ESP-NOW peer not found
[2026-09-26T11:38:12.420Z] I (156524) RouteLoom: HIL PROBE tx peer=2 type=40 status=3 detail=ESP-NOW peer not found
[2026-09-26T11:38:12.428Z] I (156532) RouteLoom: HIL PROBE tx peer=2 type=40 status=3 detail=ESP-NOW peer not found
[2026-09-26T11:38:12.436Z] I (156540) RouteLoom: HIL PROBE tx peer=2 type=40 status=3 detail=ESP-NOW peer not found
[2026-09-26T11:38:12.443Z] I (156547) RouteLoom: HIL PROBE tx peer=2 type=40 status=3 detail=ESP-NOW peer not found
[2026-09-26T11:38:12.452Z] I (156555) RouteLoom: HIL PROBE tx peer=2 type=40 status=3 detail=ESP-NOW peer not found
[2026-09-26T11:38:12.460Z] I (156563) RouteLoom: HIL PROBE tx peer=2 type=40 status=3 detail=ESP-NOW peer not found
[2026-09-26T11:38:12.467Z] I (156571) RouteLoom: HIL PROBE tx peer=2 type=40 status=3 detail=ESP-NOW peer not found
[2026-09-26T11:38:12.474Z] I (156579) RouteLoom: HIL PROBE tx peer=2 type=40 status=3 detail=ESP-NOW peer not found
[2026-09-26T11:38:12.482Z] I (156586) RouteLoom: HIL PROBE tx peer=2 type=40 status=3 detail=ESP-NOW peer not found
[2026-09-26T11:38:12.490Z] I (156594) RouteLoom: HIL PROBE tx peer=2 type=40 status=3 detail=ESP-NOW peer not found
[2026-09-26T11:38:12.498Z] I (156602) RouteLoom: HIL PROBE tx peer=2 type=40 status=3 detail=ESP-NOW peer not found
[2026-09-26T11:38:12.506Z] I (156610) RouteLoom: HIL PROBE tx peer=2 type=40 status=3 detail=ESP-NOW peer not found
[2026-09-26T11:38:12.514Z] I (156618) RouteLoom: HIL PROBE tx peer=2 type=40 status=3 detail=ESP-NOW peer not found
[2026-09-26T11:38:12.523Z] I (156625) RouteLoom: HIL PROBE tx peer=2 type=40 status=3 detail=ESP-NOW peer not found
[2026-09-26T11:38:12.529Z] I (156633) RouteLoom: HIL PROBE tx peer=2 type=40 status=3 detail=ESP-NOW peer not found
[2026-09-26T11:38:12.537Z] I (156641) RouteLoom: HIL PROBE tx peer=2 type=40 status=3 detail=ESP-NOW peer not found
[2026-09-26T11:38:12.545Z] I (156649) RouteLoom: HIL PROBE tx peer=2 type=40 status=3 detail=ESP-NOW peer not found
[2026-09-26T11:38:12.552Z] I (156657) RouteLoom: HIL PROBE tx peer=2 type=40 status=3 detail=ESP-NOW peer not found
[2026-09-26T11:38:12.560Z] I (156665) RouteLoom: HIL PROBE tx peer=2 type=40 status=3 detail=ESP-NOW peer not found
[2026-09-26T11:38:12.569Z] I (156672) RouteLoom: HIL PROBE tx peer=2 type=40 status=3 detail=ESP-NOW peer not found
[2026-09-26T11:38:12.576Z] I (156680) RouteLoom: HIL PROBE tx peer=2 type=40 status=3 detail=ESP-NOW peer not found
[2026-09-26T11:38:12.584Z] I (156688) RouteLoom: HIL PROBE tx peer=2 type=40 status=3 detail=ESP-NOW peer not found
[2026-09-26T11:38:12.603Z] I (156696) RouteLoom: HIL PROBE tx peer=2 type=40 status=3 detail=ESP-NOW peer not found
[2026-09-26T11:38:12.603Z] I (156704) RouteLoom: HIL PROBE tx peer=2 type=40 status=3 detail=ESP-NOW peer not found
[2026-09-26T11:38:12.607Z] I (156711) RouteLoom: HIL PROBE tx peer=2 type=40 status=3 detail=ESP-NOW peer not found
[2026-09-26T11:38:12.615Z] I (156719) RouteLoom: HIL PROBE tx peer=2 type=40 status=3 detail=ESP-NOW peer not found
[2026-09-26T11:38:12.623Z] I (156727) RouteLoom: HIL PROBE tx peer=2 type=40 status=3 detail=ESP-NOW peer not found
[2026-09-26T11:38:12.631Z] I (156735) RouteLoom: HIL PROBE tx peer=2 type=40 status=3 detail=ESP-NOW peer not found
[2026-09-26T11:38:12.638Z] I (156743) RouteLoom: HIL PROBE tx peer=2 type=40 status=3 detail=ESP-NOW peer not found
[2026-09-26T11:38:12.646Z] I (156750) RouteLoom: HIL PROBE tx peer=2 type=40 status=3 detail=ESP-NOW peer not found
[2026-09-26T11:38:12.654Z] I (156758) RouteLoom: HIL PROBE tx peer=2 type=40 status=3 detail=ESP-NOW peer not found
[2026-09-26T11:38:12.662Z] I (156766) RouteLoom: HIL PROBE tx peer=2 type=40 status=3 detail=ESP-NOW peer not found
[2026-09-26T11:38:12.670Z] I (156774) RouteLoom: HIL PROBE tx peer=2 type=40 status=3 detail=ESP-NOW peer not found
[2026-09-26T11:38:12.677Z] I (156782) RouteLoom: HIL PROBE tx peer=2 type=40 status=3 detail=ESP-NOW peer not found
[2026-09-26T11:38:12.685Z] I (156790) RouteLoom: HIL PROBE tx peer=2 type=40 status=3 detail=ESP-NOW peer not found
[2026-09-26T11:38:12.693Z] I (156797) RouteLoom: HIL PROBE tx peer=2 type=40 status=3 detail=ESP-NOW peer not found
[2026-09-26T11:38:12.701Z] I (156805) RouteLoom: HIL PROBE tx peer=2 type=40 status=3 detail=ESP-NOW peer not found
[2026-09-26T11:38:12.709Z] I (156813) RouteLoom: HIL PROBE tx peer=2 type=40 status=3 detail=ESP-NOW peer not found
[2026-09-26T11:38:12.717Z] I (156821) RouteLoom: HIL PROBE tx peer=2 type=40 status=3 detail=ESP-NOW peer not found
[2026-09-26T11:38:12.724Z] I (156829) RouteLoom: HIL PROBE tx peer=2 type=40 status=3 detail=ESP-NOW peer not found
[2026-09-26T11:38:12.733Z] I (156836) RouteLoom: HIL PROBE tx peer=2 type=40 status=3 detail=ESP-NOW peer not found
[2026-09-26T11:38:12.740Z] I (156844) RouteLoom: HIL PROBE tx peer=2 type=40 status=3 detail=ESP-NOW peer not found
[2026-09-26T11:38:12.748Z] I (156852) RouteLoom: HIL PROBE tx peer=2 type=40 status=3 detail=ESP-NOW peer not found
[2026-09-26T11:38:12.756Z] I (156860) RouteLoom: HIL PROBE tx peer=2 type=40 status=3 detail=ESP-NOW peer not found
[2026-09-26T11:38:12.763Z] I (156868) RouteLoom: HIL PROBE tx peer=2 type=40 status=3 detail=ESP-NOW peer not found
[2026-09-26T11:38:12.771Z] I (156875) RouteLoom: HIL PROBE tx peer=2 type=40 status=3 detail=ESP-NOW peer not found
[2026-09-26T11:38:12.779Z] I (156883) RouteLoom: HIL PROBE tx peer=2 type=40 status=3 detail=ESP-NOW peer not found
[2026-09-26T11:38:12.787Z] I (156891) RouteLoom: HIL PROBE tx peer=2 type=40 status=3 detail=ESP-NOW peer not found
[2026-09-26T11:38:12.795Z] I (156899) RouteLoom: HIL PROBE tx peer=2 type=40 status=3 detail=ESP-NOW peer not found
[2026-09-26T11:38:12.802Z] I (156907) RouteLoom: HIL PROBE tx peer=2 type=40 status=3 detail=ESP-NOW peer not found
[2026-09-26T11:38:12.810Z] I (156915) RouteLoom: HIL PROBE tx peer=2 type=40 status=3 detail=ESP-NOW peer not found
[2026-09-26T11:38:12.818Z] I (156922) RouteLoom: HIL PROBE tx peer=2 type=40 status=3 detail=ESP-NOW peer not found
[2026-09-26T11:38:12.826Z] I (156930) RouteLoom: HIL PROBE tx peer=2 type=40 status=3 detail=ESP-NOW peer not found
[2026-09-26T11:38:12.834Z] I (156938) RouteLoom: HIL PROBE tx peer=2 type=40 status=3 detail=ESP-NOW peer not found
[2026-09-26T11:38:12.842Z] I (156946) RouteLoom: HIL PROBE tx peer=2 type=40 status=3 detail=ESP-NOW peer not found
[2026-09-26T11:38:12.849Z] I (156954) RouteLoom: HIL PROBE tx peer=2 type=40 status=3 detail=ESP-NOW peer not found
[2026-09-26T11:38:12.857Z] I (156961) RouteLoom: HIL PROBE tx peer=2 type=40 status=3 detail=ESP-NOW peer not found
[2026-09-26T11:38:12.865Z] I (156969) RouteLoom: HIL PROBE tx peer=2 type=40 status=3 detail=ESP-NOW peer not found
[2026-09-26T11:38:12.873Z] I (156977) RouteLoom: HIL PROBE tx peer=2 type=40 status=3 detail=ESP-NOW peer not found
[2026-09-26T11:38:12.881Z] I (156985) RouteLoom: HIL PROBE tx peer=2 type=40 status=3 detail=ESP-NOW peer not found
[2026-09-26T11:38:12.888Z] I (156993) RouteLoom: HIL PROBE tx peer=2 type=40 status=3 detail=ESP-NOW peer not found
[2026-09-26T11:38:12.896Z] I (157000) RouteLoom: HIL PROBE tx peer=2 type=40 status=3 detail=ESP-NOW peer not found
[2026-09-26T11:38:12.904Z] I (157008) RouteLoom: HIL PROBE tx peer=2 type=40 status=3 detail=ESP-NOW peer not found
[2026-09-26T11:38:12.912Z] I (157016) RouteLoom: HIL PROBE tx peer=2 type=40 status=3 detail=ESP-NOW peer not found
[2026-09-26T11:38:12.920Z] I (157024) RouteLoom: HIL PROBE tx peer=2 type=40 status=3 detail=ESP-NOW peer not found
[2026-09-26T11:38:12.928Z] I (157032) RouteLoom: HIL PROBE tx peer=2 type=40 status=3 detail=ESP-NOW peer not found
[2026-09-26T11:38:12.935Z] I (157040) RouteLoom: HIL PROBE tx peer=2 type=40 status=3 detail=ESP-NOW peer not found
[2026-09-26T11:38:12.943Z] I (157047) RouteLoom: HIL PROBE tx peer=2 type=40 status=3 detail=ESP-NOW peer not found
[2026-09-26T11:38:12.951Z] I (157055) RouteLoom: HIL PROBE tx peer=2 type=40 status=3 detail=ESP-NOW peer not found
[2026-09-26T11:38:12.959Z] I (157063) RouteLoom: HIL PROBE tx peer=2 type=40 status=3 detail=ESP-NOW peer not found
[2026-09-26T11:38:12.967Z] I (157071) RouteLoom: HIL PROBE tx peer=2 type=40 status=3 detail=ESP-NOW peer not found
[2026-09-26T11:38:12.975Z] I (157079) RouteLoom: HIL PROBE tx peer=2 type=40 status=3 detail=ESP-NOW peer not found
[2026-09-26T11:38:12.982Z] I (157086) RouteLoom: HIL PROBE tx peer=2 type=40 status=3 detail=ESP-NOW peer not found
[2026-09-26T11:38:12.990Z] I (157094) RouteLoom: HIL PROBE tx peer=2 type=40 status=3 detail=ESP-NOW peer not found
[2026-09-26T11:38:12.998Z] I (157102) RouteLoom: HIL PROBE tx peer=2 type=40 status=3 detail=ESP-NOW peer not found
[2026-09-26T11:38:13.006Z] I (157110) RouteLoom: HIL PROBE tx peer=2 type=40 status=3 detail=ESP-NOW peer not found
[2026-09-26T11:38:13.013Z] I (157118) RouteLoom: HIL PROBE tx peer=2 type=40 status=3 detail=ESP-NOW peer not found
[2026-09-26T11:38:13.022Z] I (157125) RouteLoom: HIL PROBE tx peer=2 type=40 status=3 detail=ESP-NOW peer not found
[2026-09-26T11:38:13.030Z] I (157133) RouteLoom: HIL PROBE tx peer=2 type=40 status=3 detail=ESP-NOW peer not found
[2026-09-26T11:38:13.039Z] I (157141) RouteLoom: HIL PROBE tx peer=2 type=40 status=3 detail=ESP-NOW peer not found
[2026-09-26T11:38:13.046Z] I (157149) RouteLoom: HIL PROBE tx peer=2 type=40 status=3 detail=ESP-NOW peer not found
[2026-09-26T11:38:13.053Z] I (157157) RouteLoom: HIL PROBE tx peer=2 type=40 status=3 detail=ESP-NOW peer not found
[2026-09-26T11:38:13.061Z] I (157164) RouteLoom: HIL PROBE tx peer=2 type=40 status=3 detail=ESP-NOW peer not found
[2026-09-26T11:38:13.068Z] I (157172) RouteLoom: HIL PROBE tx peer=2 type=40 status=3 detail=ESP-NOW peer not found
[2026-09-26T11:38:13.076Z] I (157180) RouteLoom: HIL PROBE tx peer=2 type=40 status=3 detail=ESP-NOW peer not found
[2026-09-26T11:38:13.084Z] I (157188) RouteLoom: HIL PROBE tx peer=2 type=40 status=3 detail=ESP-NOW peer not found
[2026-09-26T11:38:13.091Z] I (157196) RouteLoom: HIL PROBE tx peer=2 type=40 status=3 detail=ESP-NOW peer not found
[2026-09-26T11:38:13.099Z] I (157204) RouteLoom: HIL PROBE tx peer=2 type=40 status=3 detail=ESP-NOW peer not found
[2026-09-26T11:38:13.108Z] I (157211) RouteLoom: HIL PROBE tx peer=2 type=40 status=3 detail=ESP-NOW peer not found
[2026-09-26T11:38:13.115Z] I (157219) RouteLoom: HIL PROBE tx peer=2 type=40 status=3 detail=ESP-NOW peer not found
[2026-09-26T11:38:13.124Z] I (157227) RouteLoom: HIL PROBE tx peer=2 type=40 status=3 detail=ESP-NOW peer not found
[2026-09-26T11:38:13.131Z] I (157235) RouteLoom: HIL PROBE tx peer=2 type=40 status=3 detail=ESP-NOW peer not found
[2026-09-26T11:38:13.138Z] I (157243) RouteLoom: HIL PROBE tx peer=2 type=40 status=3 detail=ESP-NOW peer not found
[2026-09-26T11:38:13.146Z] I (157250) RouteLoom: HIL PROBE tx peer=2 type=40 status=3 detail=ESP-NOW peer not found
[2026-09-26T11:38:13.155Z] I (157258) RouteLoom: HIL PROBE tx peer=2 type=40 status=3 detail=ESP-NOW peer not found
[2026-09-26T11:38:13.162Z] I (157266) RouteLoom: HIL PROBE tx peer=2 type=40 status=3 detail=ESP-NOW peer not found
[2026-09-26T11:38:13.171Z] I (157274) RouteLoom: HIL PROBE tx peer=2 type=40 status=3 detail=ESP-NOW peer not found
[2026-09-26T11:38:13.178Z] I (157282) RouteLoom: HIL PROBE tx peer=2 type=40 status=3 detail=ESP-NOW peer not found
[2026-09-26T11:38:13.186Z] I (157289) RouteLoom: HIL PROBE tx peer=2 type=40 status=3 detail=ESP-NOW peer not found
[2026-09-26T11:38:13.193Z] I (157297) RouteLoom: HIL PROBE tx peer=2 type=40 status=3 detail=ESP-NOW peer not found
[2026-09-26T11:38:13.201Z] I (157305) RouteLoom: HIL PROBE tx peer=2 type=40 status=3 detail=ESP-NOW peer not found
[2026-09-26T11:38:13.209Z] I (157313) RouteLoom: HIL PROBE tx peer=2 type=40 status=3 detail=ESP-NOW peer not found
[2026-09-26T11:38:13.217Z] I (157321) RouteLoom: HIL PROBE tx peer=2 type=40 status=3 detail=ESP-NOW peer not found
[2026-09-26T11:38:13.225Z] I (157329) RouteLoom: HIL PROBE tx peer=2 type=40 status=3 detail=ESP-NOW peer not found
[2026-09-26T11:38:13.232Z] I (157336) RouteLoom: HIL PROBE tx peer=2 type=40 status=3 detail=ESP-NOW peer not found
[2026-09-26T11:38:13.240Z] I (157344) RouteLoom: HIL PROBE tx peer=2 type=40 status=3 detail=ESP-NOW peer not found
[2026-09-26T11:38:13.248Z] I (157352) RouteLoom: HIL PROBE tx peer=2 type=40 status=3 detail=ESP-NOW peer not found
[2026-09-26T11:38:13.256Z] I (157360) RouteLoom: HIL PROBE tx peer=2 type=40 status=3 detail=ESP-NOW peer not found
[2026-09-26T11:38:13.263Z] I (157368) RouteLoom: HIL PROBE tx peer=2 type=40 status=3 detail=ESP-NOW peer not found
[2026-09-26T11:38:13.271Z] I (157375) RouteLoom: HIL PROBE tx peer=2 type=40 status=3 detail=ESP-NOW peer not found
[2026-09-26T11:38:13.279Z] I (157383) RouteLoom: HIL PROBE tx peer=2 type=40 status=3 detail=ESP-NOW peer not found
[2026-09-26T11:38:13.287Z] I (157391) RouteLoom: HIL PROBE tx peer=2 type=40 status=3 detail=ESP-NOW peer not found
[2026-09-26T11:38:13.295Z] I (157399) RouteLoom: HIL PROBE tx peer=2 type=40 status=3 detail=ESP-NOW peer not found
[2026-09-26T11:38:13.303Z] I (157407) RouteLoom: HIL PROBE tx peer=2 type=40 status=3 detail=ESP-NOW peer not found
[2026-09-26T11:38:13.310Z] I (157414) RouteLoom: HIL PROBE tx peer=2 type=40 status=3 detail=ESP-NOW peer not found
[2026-09-26T11:38:13.318Z] I (157422) RouteLoom: HIL PROBE tx peer=2 type=40 status=3 detail=ESP-NOW peer not found
[2026-09-26T11:38:13.326Z] I (157430) RouteLoom: HIL PROBE tx peer=2 type=40 status=3 detail=ESP-NOW peer not found
[2026-09-26T11:38:13.334Z] I (157438) RouteLoom: HIL PROBE tx peer=2 type=40 status=3 detail=ESP-NOW peer not found
[2026-09-26T11:38:13.342Z] I (157446) RouteLoom: HIL PROBE tx peer=2 type=40 status=3 detail=ESP-NOW peer not found
[2026-09-26T11:38:13.349Z] I (157454) RouteLoom: HIL PROBE tx peer=2 type=40 status=3 detail=ESP-NOW peer not found
[2026-09-26T11:38:13.357Z] I (157461) RouteLoom: HIL PROBE tx peer=2 type=40 status=3 detail=ESP-NOW peer not found
[2026-09-26T11:38:13.366Z] I (157469) RouteLoom: HIL PROBE tx peer=2 type=40 status=3 detail=ESP-NOW peer not found
[2026-09-26T11:38:13.373Z] I (157477) RouteLoom: HIL PROBE tx peer=2 type=40 status=3 detail=ESP-NOW peer not found
[2026-09-26T11:38:13.381Z] I (157485) RouteLoom: HIL PROBE tx peer=2 type=40 status=3 detail=ESP-NOW peer not found
[2026-09-26T11:38:13.388Z] I (157493) RouteLoom: HIL PROBE tx peer=2 type=40 status=3 detail=ESP-NOW peer not found
[2026-09-26T11:38:13.396Z] I (157500) RouteLoom: HIL PROBE tx peer=2 type=40 status=3 detail=ESP-NOW peer not found
[2026-09-26T11:38:13.404Z] I (157508) RouteLoom: HIL PROBE tx peer=2 type=40 status=3 detail=ESP-NOW peer not found
[2026-09-26T11:38:13.412Z] I (157516) RouteLoom: HIL PROBE tx peer=2 type=40 status=3 detail=ESP-NOW peer not found
[2026-09-26T11:38:13.420Z] I (157524) RouteLoom: HIL PROBE tx peer=2 type=40 status=3 detail=ESP-NOW peer not found
[2026-09-26T11:38:13.427Z] I (157532) RouteLoom: HIL PROBE tx peer=2 type=40 status=3 detail=ESP-NOW peer not found
[2026-09-26T11:38:13.436Z] I (157539) RouteLoom: HIL PROBE tx peer=2 type=40 status=3 detail=ESP-NOW peer not found
[2026-09-26T11:38:13.443Z] I (157547) RouteLoom: HIL PROBE tx peer=2 type=40 status=3 detail=ESP-NOW peer not found
[2026-09-26T11:38:13.452Z] I (157555) RouteLoom: HIL PROBE tx peer=2 type=40 status=3 detail=ESP-NOW peer not found
[2026-09-26T11:38:13.459Z] I (157563) RouteLoom: HIL PROBE tx peer=2 type=40 status=3 detail=ESP-NOW peer not found
[2026-09-26T11:38:13.466Z] I (157571) RouteLoom: HIL PROBE tx peer=2 type=40 status=3 detail=ESP-NOW peer not found
[2026-09-26T11:38:13.475Z] I (157579) RouteLoom: HIL PROBE tx peer=2 type=40 status=3 detail=ESP-NOW peer not found
[2026-09-26T11:38:13.482Z] I (157586) RouteLoom: HIL PROBE tx peer=2 type=40 status=3 detail=ESP-NOW peer not found
[2026-09-26T11:38:13.490Z] I (157594) RouteLoom: HIL PROBE tx peer=2 type=40 status=3 detail=ESP-NOW peer not found
[2026-09-26T11:38:13.498Z] I (157602) RouteLoom: HIL PROBE tx peer=2 type=40 status=3 detail=ESP-NOW peer not found
[2026-09-26T11:38:13.505Z] I (157610) RouteLoom: HIL PROBE tx peer=2 type=40 status=3 detail=ESP-NOW peer not found
[2026-09-26T11:38:13.513Z] I (157618) RouteLoom: HIL PROBE tx peer=2 type=40 status=3 detail=ESP-NOW peer not found
[2026-09-26T11:38:13.521Z] I (157625) RouteLoom: HIL PROBE tx peer=2 type=40 status=3 detail=ESP-NOW peer not found
[2026-09-26T11:38:13.529Z] I (157633) RouteLoom: HIL PROBE tx peer=2 type=40 status=3 detail=ESP-NOW peer not found
[2026-09-26T11:38:13.539Z] I (157641) RouteLoom: HIL PROBE tx peer=2 type=40 status=3 detail=ESP-NOW peer not found
[2026-09-26T11:38:13.545Z] I (157649) RouteLoom: HIL PROBE tx peer=2 type=40 status=3 detail=ESP-NOW peer not found
[2026-09-26T11:38:13.553Z] I (157657) RouteLoom: HIL PROBE tx peer=2 type=40 status=3 detail=ESP-NOW peer not found
[2026-09-26T11:38:13.560Z] I (157664) RouteLoom: HIL PROBE tx peer=2 type=40 status=3 detail=ESP-NOW peer not found
[2026-09-26T11:38:13.568Z] I (157672) RouteLoom: HIL PROBE tx peer=2 type=40 status=3 detail=ESP-NOW peer not found
[2026-09-26T11:38:13.576Z] I (157680) RouteLoom: HIL PROBE tx peer=2 type=40 status=3 detail=ESP-NOW peer not found
[2026-09-26T11:38:13.584Z] I (157688) RouteLoom: HIL PROBE tx peer=2 type=40 status=3 detail=ESP-NOW peer not found
[2026-09-26T11:38:13.591Z] I (157696) RouteLoom: HIL PROBE tx peer=2 type=40 status=3 detail=ESP-NOW peer not found
[2026-09-26T11:38:13.599Z] I (157704) RouteLoom: HIL PROBE tx peer=2 type=40 status=3 detail=ESP-NOW peer not found
[2026-09-26T11:38:13.607Z] I (157711) RouteLoom: HIL PROBE tx peer=2 type=40 status=3 detail=ESP-NOW peer not found
[2026-09-26T11:38:13.615Z] I (157719) RouteLoom: HIL PROBE tx peer=2 type=40 status=3 detail=ESP-NOW peer not found
[2026-09-26T11:38:13.623Z] I (157727) RouteLoom: HIL PROBE tx peer=2 type=40 status=3 detail=ESP-NOW peer not found
[2026-09-26T11:38:13.630Z] I (157735) RouteLoom: HIL PROBE tx peer=2 type=40 status=3 detail=ESP-NOW peer not found
[2026-09-26T11:38:13.638Z] I (157743) RouteLoom: HIL PROBE tx peer=2 type=40 status=3 detail=ESP-NOW peer not found
[2026-09-26T11:38:13.646Z] I (157750) RouteLoom: HIL PROBE tx peer=2 type=40 status=3 detail=ESP-NOW peer not found
[2026-09-26T11:38:13.654Z] I (157758) RouteLoom: HIL PROBE tx peer=2 type=40 status=3 detail=ESP-NOW peer not found
[2026-09-26T11:38:13.662Z] I (157766) RouteLoom: HIL PROBE tx peer=2 type=40 status=3 detail=ESP-NOW peer not found
[2026-09-26T11:38:13.670Z] I (157774) RouteLoom: HIL PROBE tx peer=2 type=40 status=3 detail=ESP-NOW peer not found
[2026-09-26T11:38:13.678Z] I (157782) RouteLoom: HIL PROBE tx peer=2 type=40 status=3 detail=ESP-NOW peer not found
[2026-09-26T11:38:13.685Z] I (157789) RouteLoom: HIL PROBE tx peer=2 type=40 status=3 detail=ESP-NOW peer not found
[2026-09-26T11:38:13.693Z] I (157797) RouteLoom: HIL PROBE tx peer=2 type=40 status=3 detail=ESP-NOW peer not found
[2026-09-26T11:38:13.701Z] I (157805) RouteLoom: HIL PROBE tx peer=2 type=40 status=3 detail=ESP-NOW peer not found
[2026-09-26T11:38:13.709Z] I (157813) RouteLoom: HIL PROBE tx peer=2 type=40 status=3 detail=ESP-NOW peer not found
[2026-09-26T11:38:13.716Z] I (157821) RouteLoom: HIL PROBE tx peer=2 type=40 status=3 detail=ESP-NOW peer not found
[2026-09-26T11:38:13.725Z] I (157828) RouteLoom: HIL PROBE tx peer=2 type=40 status=3 detail=ESP-NOW peer not found
[2026-09-26T11:38:13.732Z] I (157836) RouteLoom: HIL PROBE tx peer=2 type=40 status=3 detail=ESP-NOW peer not found
[2026-09-26T11:38:13.740Z] I (157844) RouteLoom: HIL PROBE tx peer=2 type=40 status=3 detail=ESP-NOW peer not found
[2026-09-26T11:38:13.748Z] I (157852) RouteLoom: HIL PROBE tx peer=2 type=40 status=3 detail=ESP-NOW peer not found
[2026-09-26T11:38:13.756Z] I (157860) RouteLoom: HIL PROBE tx peer=2 type=40 status=3 detail=ESP-NOW peer not found
[2026-09-26T11:38:13.764Z] I (157869) RouteLoom: HIL PROBE tx peer=2 type=40 status=3 detail=ESP-NOW peer not found
[2026-09-26T11:38:13.771Z] I (157875) RouteLoom: HIL PROBE tx peer=2 type=40 status=3 detail=ESP-NOW peer not found
[2026-09-26T11:38:13.779Z] I (157883) RouteLoom: HIL PROBE tx peer=2 type=40 status=3 detail=ESP-NOW peer not found
[2026-09-26T11:38:13.787Z] I (157891) RouteLoom: HIL PROBE tx peer=2 type=40 status=3 detail=ESP-NOW peer not found
[2026-09-26T11:38:13.795Z] I (157899) RouteLoom: HIL PROBE tx peer=2 type=40 status=3 detail=ESP-NOW peer not found
[2026-09-26T11:38:13.802Z] I (157907) RouteLoom: HIL PROBE tx peer=2 type=40 status=3 detail=ESP-NOW peer not found
[2026-09-26T11:38:13.810Z] I (157914) RouteLoom: HIL PROBE tx peer=2 type=40 status=3 detail=ESP-NOW peer not found
[2026-09-26T11:38:13.819Z] I (157922) RouteLoom: HIL PROBE tx peer=2 type=40 status=3 detail=ESP-NOW peer not found
[2026-09-26T11:38:13.826Z] I (157930) RouteLoom: HIL PROBE tx peer=2 type=40 status=3 detail=ESP-NOW peer not found
[2026-09-26T11:38:13.834Z] I (157938) RouteLoom: HIL PROBE tx peer=2 type=40 status=3 detail=ESP-NOW peer not found
[2026-09-26T11:38:13.842Z] I (157946) RouteLoom: HIL PROBE tx peer=2 type=40 status=3 detail=ESP-NOW peer not found
[2026-09-26T11:38:13.849Z] I (157953) RouteLoom: HIL PROBE tx peer=2 type=40 status=3 detail=ESP-NOW peer not found
[2026-09-26T11:38:13.858Z] I (157961) RouteLoom: HIL PROBE tx peer=2 type=40 status=3 detail=ESP-NOW peer not found
[2026-09-26T11:38:13.865Z] I (157969) RouteLoom: HIL PROBE tx peer=2 type=40 status=3 detail=ESP-NOW peer not found
[2026-09-26T11:38:13.873Z] I (157977) RouteLoom: HIL PROBE tx peer=2 type=40 status=3 detail=ESP-NOW peer not found
[2026-09-26T11:38:13.881Z] I (157985) RouteLoom: HIL PROBE tx peer=2 type=40 status=3 detail=ESP-NOW peer not found
[2026-09-26T11:38:13.888Z] I (157993) RouteLoom: HIL PROBE tx peer=2 type=40 status=3 detail=ESP-NOW peer not found
[2026-09-26T11:38:13.897Z] I (158000) RouteLoom: HIL PROBE tx peer=2 type=40 status=3 detail=ESP-NOW peer not found
[2026-09-26T11:38:13.904Z] I (158008) RouteLoom: HIL PROBE tx peer=2 type=40 status=3 detail=ESP-NOW peer not found
[2026-09-26T11:38:13.913Z] I (158016) RouteLoom: HIL PROBE tx peer=2 type=40 status=3 detail=ESP-NOW peer not found
[2026-09-26T11:38:13.920Z] I (158024) RouteLoom: HIL PROBE tx peer=2 type=40 status=3 detail=ESP-NOW peer not found
[2026-09-26T11:38:13.927Z] I (158032) RouteLoom: HIL PROBE tx peer=2 type=40 status=3 detail=ESP-NOW peer not found
[2026-09-26T11:38:13.935Z] I (158039) RouteLoom: HIL PROBE tx peer=2 type=40 status=3 detail=ESP-NOW peer not found
[2026-09-26T11:38:13.943Z] I (158047) RouteLoom: HIL PROBE tx peer=2 type=40 status=3 detail=ESP-NOW peer not found
[2026-09-26T11:38:13.951Z] I (158055) RouteLoom: HIL PROBE tx peer=2 type=40 status=3 detail=ESP-NOW peer not found
[2026-09-26T11:38:13.959Z] I (158063) RouteLoom: HIL PROBE tx peer=2 type=40 status=3 detail=ESP-NOW peer not found
[2026-09-26T11:38:13.967Z] I (158071) RouteLoom: HIL PROBE tx peer=2 type=40 status=3 detail=ESP-NOW peer not found
[2026-09-26T11:38:13.974Z] I (158078) RouteLoom: HIL PROBE tx peer=2 type=40 status=3 detail=ESP-NOW peer not found
[2026-09-26T11:38:13.982Z] I (158086) RouteLoom: HIL PROBE tx peer=2 type=40 status=3 detail=ESP-NOW peer not found
[2026-09-26T11:38:13.990Z] I (158094) RouteLoom: HIL PROBE tx peer=2 type=40 status=3 detail=ESP-NOW peer not found
[2026-09-26T11:38:13.998Z] I (158102) RouteLoom: HIL PROBE tx peer=2 type=40 status=3 detail=ESP-NOW peer not found
[2026-09-26T11:38:14.006Z] I (158110) RouteLoom: HIL PROBE tx peer=2 type=40 status=3 detail=ESP-NOW peer not found
[2026-09-26T11:38:14.014Z] I (158118) RouteLoom: HIL PROBE tx peer=2 type=40 status=3 detail=ESP-NOW peer not found
[2026-09-26T11:38:14.021Z] I (158125) RouteLoom: HIL PROBE tx peer=2 type=40 status=3 detail=ESP-NOW peer not found
[2026-09-26T11:38:14.029Z] I (158133) RouteLoom: HIL PROBE tx peer=2 type=40 status=3 detail=ESP-NOW peer not found
[2026-09-26T11:38:14.037Z] I (158141) RouteLoom: HIL PROBE tx peer=2 type=40 status=3 detail=ESP-NOW peer not found
[2026-09-26T11:38:14.045Z] I (158149) RouteLoom: HIL PROBE tx peer=2 type=40 status=3 detail=ESP-NOW peer not found
[2026-09-26T11:38:14.053Z] I (158157) RouteLoom: HIL PROBE tx peer=2 type=40 status=3 detail=ESP-NOW peer not found
[2026-09-26T11:38:14.060Z] I (158164) RouteLoom: HIL PROBE tx peer=2 type=40 status=3 detail=ESP-NOW peer not found
[2026-09-26T11:38:14.068Z] I (158172) RouteLoom: HIL PROBE tx peer=2 type=40 status=3 detail=ESP-NOW peer not found
[2026-09-26T11:38:14.076Z] I (158180) RouteLoom: HIL PROBE tx peer=2 type=40 status=3 detail=ESP-NOW peer not found
[2026-09-26T11:38:14.084Z] I (158188) RouteLoom: HIL PROBE tx peer=2 type=40 status=3 detail=ESP-NOW peer not found
[2026-09-26T11:38:14.092Z] I (158196) RouteLoom: HIL PROBE tx peer=2 type=40 status=3 detail=ESP-NOW peer not found
[2026-09-26T11:38:14.099Z] I (158203) RouteLoom: HIL PROBE tx peer=2 type=40 status=3 detail=ESP-NOW peer not found
[2026-09-26T11:38:14.107Z] I (158211) RouteLoom: HIL PROBE tx peer=2 type=40 status=3 detail=ESP-NOW peer not found
[2026-09-26T11:38:14.115Z] I (158219) RouteLoom: HIL PROBE tx peer=2 type=40 status=3 detail=ESP-NOW peer not found
[2026-09-26T11:38:14.123Z] I (158227) RouteLoom: HIL PROBE tx peer=2 type=40 status=3 detail=ESP-NOW peer not found
[2026-09-26T11:38:14.131Z] I (158235) RouteLoom: HIL PROBE tx peer=2 type=40 status=3 detail=ESP-NOW peer not found
[2026-09-26T11:38:14.138Z] I (158243) RouteLoom: HIL PROBE tx peer=2 type=40 status=3 detail=ESP-NOW peer not found
[2026-09-26T11:38:14.146Z] I (158250) RouteLoom: HIL PROBE tx peer=2 type=40 status=3 detail=ESP-NOW peer not found
[2026-09-26T11:38:14.154Z] I (158258) RouteLoom: HIL PROBE tx peer=2 type=40 status=3 detail=ESP-NOW peer not found
[2026-09-26T11:38:14.162Z] I (158266) RouteLoom: HIL PROBE tx peer=2 type=40 status=3 detail=ESP-NOW peer not found
[2026-09-26T11:38:14.170Z] I (158274) RouteLoom: HIL PROBE tx peer=2 type=40 status=3 detail=ESP-NOW peer not found
[2026-09-26T11:38:14.177Z] I (158282) RouteLoom: HIL PROBE tx peer=2 type=40 status=3 detail=ESP-NOW peer not found
[2026-09-26T11:38:14.185Z] I (158289) RouteLoom: HIL PROBE tx peer=2 type=40 status=3 detail=ESP-NOW peer not found
[2026-09-26T11:38:14.193Z] I (158297) RouteLoom: HIL PROBE tx peer=2 type=40 status=3 detail=ESP-NOW peer not found
[2026-09-26T11:38:14.201Z] I (158305) RouteLoom: HIL PROBE tx peer=2 type=40 status=3 detail=ESP-NOW peer not found
[2026-09-26T11:38:14.209Z] I (158313) RouteLoom: HIL PROBE tx peer=2 type=40 status=3 detail=ESP-NOW peer not found
[2026-09-26T11:38:14.216Z] I (158321) RouteLoom: HIL PROBE tx peer=2 type=40 status=3 detail=ESP-NOW peer not found
[2026-09-26T11:38:14.224Z] I (158328) RouteLoom: HIL PROBE tx peer=2 type=40 status=3 detail=ESP-NOW peer not found
[2026-09-26T11:38:14.232Z] I (158336) RouteLoom: HIL PROBE tx peer=2 type=40 status=3 detail=ESP-NOW peer not found
[2026-09-26T11:38:14.241Z] I (158344) RouteLoom: HIL PROBE tx peer=2 type=40 status=3 detail=ESP-NOW peer not found
[2026-09-26T11:38:14.248Z] I (158352) RouteLoom: HIL PROBE tx peer=2 type=40 status=3 detail=ESP-NOW peer not found
[2026-09-26T11:38:14.256Z] I (158360) RouteLoom: HIL PROBE tx peer=2 type=40 status=3 detail=ESP-NOW peer not found
[2026-09-26T11:38:14.265Z] I (158367) RouteLoom: HIL PROBE tx peer=2 type=40 status=3 detail=ESP-NOW peer not found
[2026-09-26T11:38:14.271Z] I (158375) RouteLoom: HIL PROBE tx peer=2 type=40 status=3 detail=ESP-NOW peer not found
[2026-09-26T11:38:14.279Z] I (158383) RouteLoom: HIL PROBE tx peer=2 type=40 status=3 detail=ESP-NOW peer not found
[2026-09-26T11:38:14.287Z] I (158391) RouteLoom: HIL PROBE tx peer=2 type=40 status=3 detail=ESP-NOW peer not found
[2026-09-26T11:38:14.294Z] I (158399) RouteLoom: HIL PROBE tx peer=2 type=40 status=3 detail=ESP-NOW peer not found
[2026-09-26T11:38:14.303Z] I (158407) RouteLoom: HIL PROBE tx peer=2 type=40 status=3 detail=ESP-NOW peer not found
[2026-09-26T11:38:14.310Z] I (158414) RouteLoom: HIL PROBE tx peer=2 type=40 status=3 detail=ESP-NOW peer not found
[2026-09-26T11:38:14.318Z] I (158422) RouteLoom: HIL PROBE tx peer=2 type=40 status=3 detail=ESP-NOW peer not found
[2026-09-26T11:38:14.326Z] I (158430) RouteLoom: HIL PROBE tx peer=2 type=40 status=3 detail=ESP-NOW peer not found
[2026-09-26T11:38:14.334Z] I (158438) RouteLoom: HIL PROBE tx peer=2 type=40 status=3 detail=ESP-NOW peer not found
[2026-09-26T11:38:14.341Z] I (158446) RouteLoom: HIL PROBE tx peer=2 type=40 status=3 detail=ESP-NOW peer not found
[2026-09-26T11:38:14.349Z] I (158453) RouteLoom: HIL PROBE tx peer=2 type=40 status=3 detail=ESP-NOW peer not found
[2026-09-26T11:38:14.357Z] I (158461) RouteLoom: HIL PROBE tx peer=2 type=40 status=3 detail=ESP-NOW peer not found
[2026-09-26T11:38:14.365Z] I (158469) RouteLoom: HIL PROBE tx peer=2 type=40 status=3 detail=ESP-NOW peer not found
[2026-09-26T11:38:14.373Z] I (158477) RouteLoom: HIL PROBE tx peer=2 type=40 status=3 detail=ESP-NOW peer not found
[2026-09-26T11:38:14.381Z] I (158485) RouteLoom: HIL PROBE tx peer=2 type=40 status=3 detail=ESP-NOW peer not found
[2026-09-26T11:38:14.389Z] I (158492) RouteLoom: HIL PROBE tx peer=2 type=40 status=3 detail=ESP-NOW peer not found
[2026-09-26T11:38:14.396Z] I (158500) RouteLoom: HIL PROBE tx peer=2 type=40 status=3 detail=ESP-NOW peer not found
[2026-09-26T11:38:14.404Z] I (158508) RouteLoom: HIL PROBE tx peer=2 type=40 status=3 detail=ESP-NOW peer not found
[2026-09-26T11:38:14.414Z] I (158516) RouteLoom: HIL PROBE tx peer=2 type=40 status=3 detail=ESP-NOW peer not found
[2026-09-26T11:38:14.419Z] I (158524) RouteLoom: HIL PROBE tx peer=2 type=40 status=3 detail=ESP-NOW peer not found
[2026-09-26T11:38:14.429Z] I (158532) RouteLoom: HIL PROBE tx peer=2 type=40 status=3 detail=ESP-NOW peer not found
[2026-09-26T11:38:14.435Z] I (158539) RouteLoom: HIL PROBE tx peer=2 type=40 status=3 detail=ESP-NOW peer not found
[2026-09-26T11:38:14.443Z] I (158547) RouteLoom: HIL PROBE tx peer=2 type=40 status=3 detail=ESP-NOW peer not found
[2026-09-26T11:38:14.451Z] I (158555) RouteLoom: HIL PROBE tx peer=2 type=40 status=3 detail=ESP-NOW peer not found
[2026-09-26T11:38:14.459Z] I (158563) RouteLoom: HIL PROBE tx peer=2 type=40 status=3 detail=ESP-NOW peer not found
[2026-09-26T11:38:14.466Z] I (158571) RouteLoom: HIL PROBE tx peer=2 type=40 status=3 detail=ESP-NOW peer not found
[2026-09-26T11:38:14.474Z] I (158578) RouteLoom: HIL PROBE tx peer=2 type=40 status=3 detail=ESP-NOW peer not found
[2026-09-26T11:38:14.482Z] I (158586) RouteLoom: HIL PROBE tx peer=2 type=40 status=3 detail=ESP-NOW peer not found
[2026-09-26T11:38:14.490Z] I (158594) RouteLoom: HIL PROBE tx peer=2 type=40 status=3 detail=ESP-NOW peer not found
[2026-09-26T11:38:14.498Z] I (158602) RouteLoom: HIL PROBE tx peer=2 type=40 status=3 detail=ESP-NOW peer not found
[2026-09-26T11:38:14.507Z] I (158610) RouteLoom: HIL PROBE tx peer=2 type=40 status=3 detail=ESP-NOW peer not found
[2026-09-26T11:38:14.513Z] I (158617) RouteLoom: HIL PROBE tx peer=2 type=40 status=3 detail=ESP-NOW peer not found
[2026-09-26T11:38:14.521Z] I (158625) RouteLoom: HIL PROBE tx peer=2 type=40 status=3 detail=ESP-NOW peer not found
[2026-09-26T11:38:14.529Z] I (158633) RouteLoom: HIL PROBE tx peer=2 type=40 status=3 detail=ESP-NOW peer not found
[2026-09-26T11:38:14.540Z] I (158641) RouteLoom: HIL PROBE tx peer=2 type=40 status=3 detail=ESP-NOW peer not found
[2026-09-26T11:38:14.545Z] I (158649) RouteLoom: HIL PROBE tx peer=2 type=40 status=3 detail=ESP-NOW peer not found
[2026-09-26T11:38:14.552Z] I (158657) RouteLoom: HIL PROBE tx peer=2 type=40 status=3 detail=ESP-NOW peer not found
[2026-09-26T11:38:14.560Z] I (158664) RouteLoom: HIL PROBE tx peer=2 type=40 status=3 detail=ESP-NOW peer not found
[2026-09-26T11:38:14.568Z] I (158672) RouteLoom: HIL PROBE tx peer=2 type=40 status=3 detail=ESP-NOW peer not found
[2026-09-26T11:38:14.576Z] I (158680) RouteLoom: HIL PROBE tx peer=2 type=40 status=3 detail=ESP-NOW peer not found
[2026-09-26T11:38:14.584Z] I (158688) RouteLoom: HIL PROBE tx peer=2 type=40 status=3 detail=ESP-NOW peer not found
[2026-09-26T11:38:14.591Z] I (158696) RouteLoom: HIL PROBE tx peer=2 type=40 status=3 detail=ESP-NOW peer not found
[2026-09-26T11:38:14.599Z] I (158703) RouteLoom: HIL PROBE tx peer=2 type=40 status=3 detail=ESP-NOW peer not found
[2026-09-26T11:38:14.607Z] I (158711) RouteLoom: HIL PROBE tx peer=2 type=40 status=3 detail=ESP-NOW peer not found
[2026-09-26T11:38:14.618Z] I (158719) RouteLoom: HIL PROBE tx peer=2 type=40 status=3 detail=ESP-NOW peer not found
[2026-09-26T11:38:14.623Z] I (158727) RouteLoom: HIL PROBE tx peer=2 type=40 status=3 detail=ESP-NOW peer not found
[2026-09-26T11:38:14.631Z] I (158735) RouteLoom: HIL PROBE tx peer=2 type=40 status=3 detail=ESP-NOW peer not found
[2026-09-26T11:38:14.638Z] I (158742) RouteLoom: HIL PROBE tx peer=2 type=40 status=3 detail=ESP-NOW peer not found
[2026-09-26T11:38:14.646Z] I (158750) RouteLoom: HIL PROBE tx peer=2 type=40 status=3 detail=ESP-NOW peer not found
[2026-09-26T11:38:14.654Z] I (158758) RouteLoom: HIL PROBE tx peer=2 type=40 status=3 detail=ESP-NOW peer not found
[2026-09-26T11:38:14.662Z] I (158766) RouteLoom: HIL PROBE tx peer=2 type=40 status=3 detail=ESP-NOW peer not found
[2026-09-26T11:38:14.670Z] I (158774) RouteLoom: HIL PROBE tx peer=2 type=40 status=3 detail=ESP-NOW peer not found
[2026-09-26T11:38:14.677Z] I (158782) RouteLoom: HIL PROBE tx peer=2 type=40 status=3 detail=ESP-NOW peer not found
[2026-09-26T11:38:14.685Z] I (158789) RouteLoom: HIL PROBE tx peer=2 type=40 status=3 detail=ESP-NOW peer not found
[2026-09-26T11:38:14.693Z] I (158797) RouteLoom: HIL PROBE tx peer=2 type=40 status=3 detail=ESP-NOW peer not found
[2026-09-26T11:38:14.701Z] I (158805) RouteLoom: HIL PROBE tx peer=2 type=40 status=3 detail=ESP-NOW peer not found
[2026-09-26T11:38:14.709Z] I (158813) RouteLoom: HIL PROBE tx peer=2 type=40 status=3 detail=ESP-NOW peer not found
[2026-09-26T11:38:14.717Z] I (158821) RouteLoom: HIL PROBE tx peer=2 type=40 status=3 detail=ESP-NOW peer not found
[2026-09-26T11:38:14.724Z] I (158828) RouteLoom: HIL PROBE tx peer=2 type=40 status=3 detail=ESP-NOW peer not found
[2026-09-26T11:38:14.732Z] I (158836) RouteLoom: HIL PROBE tx peer=2 type=40 status=3 detail=ESP-NOW peer not found
[2026-09-26T11:38:14.740Z] I (158844) RouteLoom: HIL PROBE tx peer=2 type=40 status=3 detail=ESP-NOW peer not found
[2026-09-26T11:38:14.748Z] I (158852) RouteLoom: HIL PROBE tx peer=2 type=40 status=3 detail=ESP-NOW peer not found
[2026-09-26T11:38:14.756Z] I (158860) RouteLoom: HIL PROBE tx peer=2 type=40 status=3 detail=ESP-NOW peer not found
[2026-09-26T11:38:14.763Z] I (158867) RouteLoom: HIL PROBE tx peer=2 type=40 status=3 detail=ESP-NOW peer not found
[2026-09-26T11:38:14.771Z] I (158875) RouteLoom: HIL PROBE tx peer=2 type=40 status=3 detail=ESP-NOW peer not found
[2026-09-26T11:38:14.779Z] I (158883) RouteLoom: HIL PROBE tx peer=2 type=40 status=3 detail=ESP-NOW peer not found
[2026-09-26T11:38:14.787Z] I (158891) RouteLoom: HIL PROBE tx peer=2 type=40 status=3 detail=ESP-NOW peer not found
[2026-09-26T11:38:14.795Z] I (158899) RouteLoom: HIL PROBE tx peer=2 type=40 status=3 detail=ESP-NOW peer not found
[2026-09-26T11:38:14.803Z] I (158907) RouteLoom: HIL PROBE tx peer=2 type=40 status=3 detail=ESP-NOW peer not found
[2026-09-26T11:38:14.811Z] I (158914) RouteLoom: HIL PROBE tx peer=2 type=40 status=3 detail=ESP-NOW peer not found
[2026-09-26T11:38:14.819Z] I (158922) RouteLoom: HIL PROBE tx peer=2 type=40 status=3 detail=ESP-NOW peer not found
[2026-09-26T11:38:14.826Z] I (158930) RouteLoom: HIL PROBE tx peer=2 type=40 status=3 detail=ESP-NOW peer not found
[2026-09-26T11:38:14.834Z] I (158938) RouteLoom: HIL PROBE tx peer=2 type=40 status=3 detail=ESP-NOW peer not found
[2026-09-26T11:38:14.842Z] I (158946) RouteLoom: HIL PROBE tx peer=2 type=40 status=3 detail=ESP-NOW peer not found
[2026-09-26T11:38:14.849Z] I (158953) RouteLoom: HIL PROBE tx peer=2 type=40 status=3 detail=ESP-NOW peer not found
[2026-09-26T11:38:14.857Z] I (158961) RouteLoom: HIL PROBE tx peer=2 type=40 status=3 detail=ESP-NOW peer not found
[2026-09-26T11:38:14.865Z] I (158969) RouteLoom: HIL PROBE tx peer=2 type=40 status=3 detail=ESP-NOW peer not found
[2026-09-26T11:38:14.873Z] I (158977) RouteLoom: HIL PROBE tx peer=2 type=40 status=3 detail=ESP-NOW peer not found
[2026-09-26T11:38:14.880Z] I (158985) RouteLoom: HIL PROBE tx peer=2 type=40 status=3 detail=ESP-NOW peer not found
[2026-09-26T11:38:14.888Z] I (158992) RouteLoom: HIL PROBE tx peer=2 type=40 status=3 detail=ESP-NOW peer not found
[2026-09-26T11:38:14.897Z] I (159000) RouteLoom: HIL PROBE tx peer=2 type=40 status=3 detail=ESP-NOW peer not found
[2026-09-26T11:38:14.904Z] I (159008) RouteLoom: HIL PROBE tx peer=2 type=40 status=3 detail=ESP-NOW peer not found
[2026-09-26T11:38:14.912Z] I (159016) RouteLoom: HIL PROBE tx peer=2 type=40 status=3 detail=ESP-NOW peer not found
[2026-09-26T11:38:14.920Z] I (159024) RouteLoom: HIL PROBE tx peer=2 type=40 status=3 detail=ESP-NOW peer not found
[2026-09-26T11:38:14.952Z] !! capture closed
