[2026-09-26T11:36:34.873Z] !! capture open /dev/serial/by-id/usb-Espressif_USB_JTAG_serial_debug_unit_94:A9:90:7A:B5:60-if00 @ 115200 backend=pyserial dtr=1 rts=0
[2026-09-26T11:36:35.337Z] I (11039) RouteLoom: HIL LINK rx peer=1 type=32 cid=1767290969 cI (35010) RouteLoomRef: discovery event=REDISCOVERY peer=1
[2026-09-26T11:36:35.338Z] W (35010) RouteLoomRef: diagnostic reason=REDISCOVERY peer=1 message=none
[2026-09-26T11:36:36.056Z] I (35730) RouteLoom: HIL PROBE tx peer=3 type=40 status=0 detail=ok
[2026-09-26T11:36:38.058Z] I (37732) RouteLoom: HIL PROBE tx peer=3 type=40 status=0 detail=ok
[2026-09-26T11:36:38.738Z] I (38412) RouteLoomRef: discovery event=REDISCOVERY peer=1
[2026-09-26T11:36:38.739Z] W (38412) RouteLoomRef: diagnostic reason=REDISCOVERY peer=1 message=none
[2026-09-26T11:36:40.060Z] I (39734) RouteLoom: HIL PROBE tx peer=3 type=40 status=0 detail=ok
[2026-09-26T11:36:42.062Z] I (41736) RouteLoom: HIL PROBE tx peer=3 type=40 status=0 detail=ok
[2026-09-26T11:36:44.064Z] I (43738) RouteLoom: HIL PROBE tx peer=3 type=40 status=0 detail=ok
[2026-09-26T11:36:45.543Z] I (45216) RouteLoomRef: discovery event=REDISCOVERY peer=1
[2026-09-26T11:36:45.543Z] W (45216) RouteLoomRef: diagnostic reason=REDISCOVERY peer=1 message=none
[2026-09-26T11:36:46.067Z] I (45741) RouteLoom: HIL PROBE tx peer=3 type=40 status=0 detail=ok
[2026-09-26T11:36:47.931Z] I (47604) RouteLoom: HIL LR250 peer=94:a9:90:6a:ee:c4 result=ESP_OK
[2026-09-26T11:36:47.932Z] I (47605) RouteLoom: HIL RLD1 tx claimed=2 phase=5 step=1
[2026-09-26T11:36:47.937Z] W (47608) ESPNOW: Peer exists. Please call API esp_now_mod_peer()!
[2026-09-26T11:36:47.943Z] I (47610) RouteLoom: HIL LR250 peer=94:a9:90:6a:ee:c4 result=ESP_OK
[2026-09-26T11:36:48.070Z] I (47743) RouteLoom: HIL PROBE tx peer=3 type=40 status=0 detail=ok
[2026-09-26T11:36:48.430Z] I (48103) RouteLoom: HIL LR250 peer=94:a9:90:6a:ee:c4 result=ESP_OK
[2026-09-26T11:36:48.431Z] I (48104) RouteLoom: HIL RLD1 tx claimed=2 phase=5 step=1
[2026-09-26T11:36:48.436Z] W (48107) ESPNOW: Peer exists. Please call API esp_now_mod_peer()!
[2026-09-26T11:36:48.442Z] I (48110) RouteLoom: HIL LR250 peer=94:a9:90:6a:ee:c4 result=ESP_OK
[2026-09-26T11:36:48.931Z] I (48604) RouteLoom: HIL LR250 peer=94:a9:90:6a:ee:c4 result=ESP_OK
[2026-09-26T11:36:48.932Z] I (48605) RouteLoom: HIL RLD1 tx claimed=2 phase=5 step=1
[2026-09-26T11:36:48.937Z] W (48608) ESPNOW: Peer exists. Please call API esp_now_mod_peer()!
[2026-09-26T11:36:48.943Z] I (48611) RouteLoom: HIL LR250 peer=94:a9:90:6a:ee:c4 result=ESP_OK
[2026-09-26T11:36:49.432Z] I (49105) RouteLoom: HIL LR250 peer=94:a9:90:6a:ee:c4 result=ESP_OK
[2026-09-26T11:36:49.433Z] I (49106) RouteLoom: HIL RLD1 tx claimed=2 phase=5 step=1
[2026-09-26T11:36:49.438Z] W (49109) ESPNOW: Peer exists. Please call API esp_now_mod_peer()!
[2026-09-26T11:36:49.444Z] I (49112) RouteLoom: HIL LR250 peer=94:a9:90:6a:ee:c4 result=ESP_OK
[2026-09-26T11:36:50.048Z] I (49722) RouteLoomRef: discovery event=STALE peer=3
[2026-09-26T11:36:50.049Z] W (49722) RouteLoomRef: diagnostic reason=STALE peer=3 message=none
[2026-09-26T11:36:50.071Z] I (49744) RouteLoom: HIL LR250 peer=94:a9:90:7a:26:ac result=ESP_OK
[2026-09-26T11:36:50.073Z] I (49746) RouteLoom: HIL PROBE tx peer=3 type=40 status=0 detail=ok
[2026-09-26T11:36:59.151Z] I (58824) RouteLoomRef: discovery event=REDISCOVERY peer=3
[2026-09-26T11:36:59.151Z] W (58824) RouteLoomRef: diagnostic reason=REDISCOVERY peer=3 message=none
[2026-09-26T11:37:00.739Z] I (60411) RouteLoom: stack hwm main 11096 B
[2026-09-26T11:37:00.739Z] I (60411) RouteLoom: HIL HEAP free=21824 largest=18432 min=20952 B
[2026-09-26T11:37:00.748Z] I (60412) RouteLoom: HIL DISCOVERY candidates=0 neighbors=2 capacity=0 auth=2 stale=2 probes=29 send_failures=0 kind_rejects=0
[2026-09-26T11:37:00.755Z] I (60421) RouteLoom: HIL ROUTE peer=1 phase=7 via=0 metric=0 generation=0 seq=0
[2026-09-26T11:37:00.762Z] I (60428) RouteLoom: HIL ROUTE peer=3 phase=7 via=0 metric=0 generation=0 seq=0
[2026-09-26T11:37:17.381Z] I (77054) RouteLoomRef: discovery event=DISCOVERY_FAILED peer=0
[2026-09-26T11:37:17.382Z] W (77054) RouteLoomRef: diagnostic reason=DISCOVERY_FAILED peer=0 message=none
[2026-09-26T11:37:20.110Z] I (79783) RouteLoom: HIL LINK rx peer=3 type=40 cid=3962252618 current=0 status=5 seq=2657
[2026-09-26T11:37:20.114Z] W (79785) RouteLoomRef: diagnostic reason=RX_CONTEXT_CHANGED peer=3 message=present
[2026-09-26T11:37:22.154Z] I (81827) RouteLoom: HIL LR250 peer=94:a9:90:7a:26:ac result=ESP_OK
[2026-09-26T11:37:22.155Z] W (81828) ESPNOW: Peer exists. Please call API esp_now_mod_peer()!
[2026-09-26T11:37:22.161Z] I (81829) RouteLoom: HIL LR250 peer=94:a9:90:7a:26:ac result=ESP_OK
[2026-09-26T11:37:22.178Z] I (81851) RouteLoom: HIL RLD1 rx claimed=3 phase=5 step=1
[2026-09-26T11:37:22.682Z] I (82355) RouteLoom: HIL RLD1 rx claimed=3 phase=5 step=1
[2026-09-26T11:37:23.177Z] I (82850) RouteLoom: HIL RLD1 rx claimed=3 phase=5 step=1
[2026-09-26T11:37:23.184Z] I (82857) RouteLoom: HIL LR250 peer=94:a9:90:7a:26:ac result=ESP_OK
[2026-09-26T11:37:23.185Z] I (82858) RouteLoom: HIL RLD1 tx claimed=2 phase=5 step=2
[2026-09-26T11:37:23.190Z] W (82861) ESPNOW: Peer exists. Please call API esp_now_mod_peer()!
[2026-09-26T11:37:23.196Z] I (82864) RouteLoom: HIL LR250 peer=94:a9:90:7a:26:ac result=ESP_OK
[2026-09-26T11:37:23.678Z] I (83351) RouteLoom: HIL RLD1 rx claimed=3 phase=5 step=1
[2026-09-26T11:37:23.685Z] I (83358) RouteLoom: HIL LR250 peer=94:a9:90:7a:26:ac result=ESP_OK
[2026-09-26T11:37:23.686Z] I (83359) RouteLoom: HIL RLD1 tx claimed=2 phase=5 step=2
[2026-09-26T11:37:23.691Z] W (83362) ESPNOW: Peer exists. Please call API esp_now_mod_peer()!
[2026-09-26T11:37:23.697Z] I (83365) RouteLoom: HIL LR250 peer=94:a9:90:7a:26:ac result=ESP_OK
[2026-09-26T11:37:23.705Z] I (83378) RouteLoom: HIL RLD1 rx claimed=3 phase=5 step=3
[2026-09-26T11:37:23.707Z] HIL resume R3 installed peer=3 tx=3111926047 rx=1748481290
[2026-09-26T11:37:23.713Z] I (83382) RouteLoom: HIL LR250 peer=94:a9:90:7a:26:ac result=ESP_OK
[2026-09-26T11:37:23.719Z] I (83389) RouteLoom: HIL PROBE tx peer=3 type=40 status=0 detail=ok
[2026-09-26T11:37:23.727Z] I (83393) RouteLoom: HIL LINK rx peer=3 type=40 cid=1748481290 current=0 status=5 seq=2658
[2026-09-26T11:37:23.733Z] I (83404) RouteLoom: HIL PROBE tx peer=3 type=41 status=0 detail=ok
[2026-09-26T11:37:25.712Z] I (85385) RouteLoom: HIL PROBE tx peer=3 type=40 status=0 detail=ok
[2026-09-26T11:37:26.368Z] I (86041) RouteLoomRef: discovery event=REDISCOVERY peer=1
[2026-09-26T11:37:26.369Z] W (86041) RouteLoomRef: diagnostic reason=REDISCOVERY peer=1 message=none
[2026-09-26T11:37:26.875Z] I (86548) RouteLoom: HIL LR250 peer=94:a9:90:6a:ee:c4 result=ESP_OK
[2026-09-26T11:37:26.876Z] I (86549) RouteLoom: HIL RLD1 tx claimed=2 phase=5 step=1
[2026-09-26T11:37:26.881Z] W (86552) ESPNOW: Peer exists. Please call API esp_now_mod_peer()!
[2026-09-26T11:37:26.887Z] I (86554) RouteLoom: HIL LR250 peer=94:a9:90:6a:ee:c4 result=ESP_OK
[2026-09-26T11:37:26.899Z] I (86572) RouteLoom: HIL RLD1 rx claimed=1 phase=5 step=2
[2026-09-26T11:37:26.904Z] I (86577) RouteLoom: HIL LR250 peer=94:a9:90:6a:ee:c4 result=ESP_OK
[2026-09-26T11:37:26.905Z] I (86578) RouteLoom: HIL RLD1 tx claimed=2 phase=5 step=3
[2026-09-26T11:37:26.910Z] W (86579) ESPNOW: Peer exists. Please call API esp_now_mod_peer()!
[2026-09-26T11:37:26.916Z] I (86584) RouteLoom: HIL LR250 peer=94:a9:90:6a:ee:c4 result=ESP_OK
[2026-09-26T11:37:26.922Z] I (86591) RouteLoom: HIL PROBE tx peer=1 type=40 status=0 detail=ok
[2026-09-26T11:37:26.930Z] I (86596) RouteLoom: HIL LINK rx peer=1 type=40 cid=1189463847 current=0 status=5 seq=1
[2026-09-26T11:37:26.937Z] W (86604) RouteLoomRef: diagnostic reason=RX_CONTEXT_CHANGED peer=1 message=present
[2026-09-26T11:37:26.945Z] I (86617) RouteLoom: HIL LINK rx peer=1 type=41 cid=1189463847 current=0 status=5 seq=2
[2026-09-26T11:37:26.950Z] I (86619) RouteLoomRef: discovery event=REACHABLE peer=1
[2026-09-26T11:37:26.956Z] W (86623) RouteLoomRef: diagnostic reason=REACHABLE peer=1 message=none
[2026-09-26T11:37:27.713Z] I (87386) RouteLoom: HIL PROBE tx peer=3 type=40 status=0 detail=ok
[2026-09-26T11:37:28.923Z] I (88595) RouteLoom: HIL LINK rx peer=1 type=40 cid=1189463847 current=0 status=5 seq=3
[2026-09-26T11:37:28.927Z] I (88599) RouteLoom: HIL PROBE tx peer=1 type=41 status=3 detail=ESP-NOW peer not found
[2026-09-26T11:37:29.715Z] I (89388) RouteLoom: HIL PROBE tx peer=3 type=40 status=0 detail=ok
[2026-09-26T11:37:30.928Z] I (90600) RouteLoom: HIL LINK rx peer=1 type=40 cid=1189463847 current=0 status=5 seq=4
[2026-09-26T11:37:30.932Z] I (90604) RouteLoom: HIL PROBE tx peer=1 type=41 status=3 detail=ESP-NOW peer not found
[2026-09-26T11:37:31.717Z] I (91390) RouteLoom: HIL PROBE tx peer=3 type=40 status=0 detail=ok
[2026-09-26T11:37:32.927Z] I (92600) RouteLoom: HIL LINK rx peer=1 type=40 cid=1189463847 current=0 status=5 seq=5
[2026-09-26T11:37:32.932Z] I (92603) RouteLoom: HIL PROBE tx peer=1 type=41 status=3 detail=ESP-NOW peer not found
[2026-09-26T11:37:33.720Z] I (93393) RouteLoom: HIL PROBE tx peer=3 type=40 status=0 detail=ok
[2026-09-26T11:37:34.931Z] I (94604) RouteLoom: HIL LINK rx peer=1 type=40 cid=1189463847 current=0 status=5 seq=6
[2026-09-26T11:37:34.936Z] I (94607) RouteLoom: HIL PROBE tx peer=1 type=41 status=3 detail=ESP-NOW peer not found
[2026-09-26T11:37:35.721Z] I (95394) RouteLoom: HIL PROBE tx peer=3 type=40 status=0 detail=ok
[2026-09-26T11:37:36.932Z] I (96604) RouteLoom: HIL LINK rx peer=1 type=40 cid=1189463847 current=0 status=5 seq=7
[2026-09-26T11:37:36.936Z] I (96607) RouteLoom: HIL PROBE tx peer=1 type=41 status=3 detail=ESP-NOW peer not found
[2026-09-26T11:37:37.723Z] I (97396) RouteLoom: HIL PROBE tx peer=3 type=40 status=0 detail=ok
[2026-09-26T11:37:38.933Z] I (98606) RouteLoom: HIL LINK rx peer=1 type=40 cid=1189463847 current=0 status=5 seq=8
[2026-09-26T11:37:38.938Z] I (98609) RouteLoom: HIL PROBE tx peer=1 type=41 status=3 detail=ESP-NOW peer not found
[2026-09-26T11:37:39.726Z] I (99399) RouteLoom: HIL PROBE tx peer=3 type=40 status=0 detail=ok
[2026-09-26T11:37:40.936Z] I (100608) RouteLoom: HIL LINK rx peer=1 type=40 cid=1189463847 current=0 status=5 seq=9
[2026-09-26T11:37:40.940Z] I (100612) RouteLoom: HIL PROBE tx peer=1 type=41 status=3 detail=ESP-NOW peer not found
[2026-09-26T11:37:41.729Z] I (101402) RouteLoom: HIL PROBE tx peer=3 type=40 status=0 detail=ok
[2026-09-26T11:37:42.937Z] I (102609) RouteLoom: HIL LINK rx peer=1 type=40 cid=1189463847 current=0 status=5 seq=10
[2026-09-26T11:37:42.941Z] I (102613) RouteLoom: HIL PROBE tx peer=1 type=41 status=3 detail=ESP-NOW peer not found
[2026-09-26T11:37:43.730Z] I (103403) RouteLoom: HIL PROBE tx peer=3 type=40 status=0 detail=ok
[2026-09-26T11:37:44.939Z] I (104611) RouteLoom: HIL LINK rx peer=1 type=40 cid=1189463847 current=0 status=5 seq=11
[2026-09-26T11:37:44.943Z] I (104614) RouteLoom: HIL PROBE tx peer=1 type=41 status=3 detail=ESP-NOW peer not found
[2026-09-26T11:37:45.731Z] I (105404) RouteLoom: HIL PROBE tx peer=3 type=40 status=0 detail=ok
[2026-09-26T11:37:46.942Z] I (106614) RouteLoom: HIL LINK rx peer=1 type=40 cid=1189463847 current=0 status=5 seq=12
[2026-09-26T11:37:46.946Z] I (106617) RouteLoom: HIL PROBE tx peer=1 type=41 status=3 detail=ESP-NOW peer not found
[2026-09-26T11:37:47.734Z] I (107407) RouteLoom: HIL PROBE tx peer=3 type=40 status=0 detail=ok
[2026-09-26T11:37:48.944Z] I (108616) RouteLoom: HIL LINK rx peer=1 type=40 cid=1189463847 current=0 status=5 seq=13
[2026-09-26T11:37:48.948Z] I (108620) RouteLoom: HIL PROBE tx peer=1 type=41 status=3 detail=ESP-NOW peer not found
[2026-09-26T11:37:49.737Z] I (109410) RouteLoom: HIL PROBE tx peer=3 type=40 status=0 detail=ok
[2026-09-26T11:37:50.946Z] I (110618) RouteLoom: HIL LINK rx peer=1 type=40 cid=1189463847 current=0 status=5 seq=14
[2026-09-26T11:37:50.950Z] I (110621) RouteLoom: HIL PROBE tx peer=1 type=41 status=3 detail=ESP-NOW peer not found
[2026-09-26T11:37:51.739Z] I (111412) RouteLoom: HIL PROBE tx peer=3 type=40 status=0 detail=ok
[2026-09-26T11:37:52.947Z] I (112619) RouteLoom: HIL LINK rx peer=1 type=40 cid=1189463847 current=0 status=5 seq=15
[2026-09-26T11:37:52.951Z] I (112622) RouteLoom: HIL PROBE tx peer=1 type=41 status=3 detail=ESP-NOW peer not found
[2026-09-26T11:37:53.720Z] I (113393) RouteLoomRef: discovery event=STALE peer=3
[2026-09-26T11:37:53.721Z] W (113393) RouteLoomRef: diagnostic reason=STALE peer=3 message=none
[2026-09-26T11:37:53.740Z] I (113412) RouteLoom: HIL LR250 peer=94:a9:90:7a:26:ac result=ESP_OK
[2026-09-26T11:37:53.742Z] I (113414) RouteLoom: HIL PROBE tx peer=3 type=40 status=0 detail=ok
[2026-09-26T11:37:54.958Z] I (114621) RouteLoom: HIL LINK rx peer=1 type=40 cid=1189463847 current=0 status=5 seq=16
[2026-09-26T11:37:54.958Z] I (114625) RouteLoom: HIL PROBE tx peer=1 type=41 status=3 detail=ESP-NOW peer not found
[2026-09-26T11:37:55.723Z] I (115395) RouteLoomRef: discovery event=REDISCOVERY peer=3
[2026-09-26T11:37:55.723Z] W (115395) RouteLoomRef: diagnostic reason=REDISCOVERY peer=3 message=none
[2026-09-26T11:37:56.950Z] I (116623) RouteLoom: HIL LINK rx peer=1 type=40 cid=1189463847 current=0 status=5 seq=17
[2026-09-26T11:37:56.955Z] I (116626) RouteLoom: HIL PROBE tx peer=1 type=41 status=3 detail=ESP-NOW peer not found
[2026-09-26T11:38:00.740Z] I (120412) RouteLoom: stack hwm main 11076 B
[2026-09-26T11:38:00.740Z] I (120412) RouteLoom: HIL HEAP free=21824 largest=18432 min=20952 B
[2026-09-26T11:38:00.750Z] I (120413) RouteLoom: HIL DISCOVERY candidates=1 neighbors=2 capacity=0 auth=4 stale=3 probes=46 send_failures=384 kind_rejects=0
[2026-09-26T11:38:00.757Z] I (120423) RouteLoom: HIL ROUTE peer=1 phase=5 via=0 metric=0 generation=0 seq=0
[2026-09-26T11:38:00.764Z] I (120430) RouteLoom: HIL ROUTE peer=3 phase=7 via=0 metric=0 generation=0 seq=0
[2026-09-26T11:38:06.953Z] I (126625) RouteLoom: HIL PROBE tx peer=1 type=40 status=3 detail=ESP-NOW peer not found
[2026-09-26T11:38:06.959Z] I (126631) RouteLoom: HIL PROBE tx peer=1 type=40 status=3 detail=ESP-NOW peer not found
[2026-09-26T11:38:06.965Z] I (126637) RouteLoom: HIL PROBE tx peer=1 type=40 status=3 detail=ESP-NOW peer not found
[2026-09-26T11:38:06.973Z] I (126645) RouteLoom: HIL PROBE tx peer=1 type=40 status=3 detail=ESP-NOW peer not found
[2026-09-26T11:38:06.981Z] I (126651) RouteLoom: HIL PROBE tx peer=1 type=40 status=3 detail=ESP-NOW peer not found
[2026-09-26T11:38:06.989Z] I (126659) RouteLoom: HIL PROBE tx peer=1 type=40 status=3 detail=ESP-NOW peer not found
[2026-09-26T11:38:06.997Z] I (126667) RouteLoom: HIL PROBE tx peer=1 type=40 status=3 detail=ESP-NOW peer not found
[2026-09-26T11:38:07.004Z] I (126674) RouteLoom: HIL PROBE tx peer=1 type=40 status=3 detail=ESP-NOW peer not found
[2026-09-26T11:38:07.012Z] I (126682) RouteLoom: HIL PROBE tx peer=1 type=40 status=3 detail=ESP-NOW peer not found
[2026-09-26T11:38:07.020Z] I (126690) RouteLoom: HIL PROBE tx peer=1 type=40 status=3 detail=ESP-NOW peer not found
[2026-09-26T11:38:07.028Z] I (126698) RouteLoom: HIL PROBE tx peer=1 type=40 status=3 detail=ESP-NOW peer not found
[2026-09-26T11:38:07.035Z] I (126706) RouteLoom: HIL PROBE tx peer=1 type=40 status=3 detail=ESP-NOW peer not found
[2026-09-26T11:38:07.044Z] I (126713) RouteLoom: HIL PROBE tx peer=1 type=40 status=3 detail=ESP-NOW peer not found
[2026-09-26T11:38:07.051Z] I (126721) RouteLoom: HIL PROBE tx peer=1 type=40 status=3 detail=ESP-NOW peer not found
[2026-09-26T11:38:07.059Z] I (126729) RouteLoom: HIL PROBE tx peer=1 type=40 status=3 detail=ESP-NOW peer not found
[2026-09-26T11:38:07.067Z] I (126737) RouteLoom: HIL PROBE tx peer=1 type=40 status=3 detail=ESP-NOW peer not found
[2026-09-26T11:38:07.075Z] I (126745) RouteLoom: HIL PROBE tx peer=1 type=40 status=3 detail=ESP-NOW peer not found
[2026-09-26T11:38:07.083Z] I (126753) RouteLoom: HIL PROBE tx peer=1 type=40 status=3 detail=ESP-NOW peer not found
[2026-09-26T11:38:07.090Z] I (126760) RouteLoom: HIL PROBE tx peer=1 type=40 status=3 detail=ESP-NOW peer not found
[2026-09-26T11:38:07.098Z] I (126768) RouteLoom: HIL PROBE tx peer=1 type=40 status=3 detail=ESP-NOW peer not found
[2026-09-26T11:38:07.106Z] I (126776) RouteLoom: HIL PROBE tx peer=1 type=40 status=3 detail=ESP-NOW peer not found
[2026-09-26T11:38:07.114Z] I (126784) RouteLoom: HIL PROBE tx peer=1 type=40 status=3 detail=ESP-NOW peer not found
[2026-09-26T11:38:07.121Z] I (126792) RouteLoom: HIL PROBE tx peer=1 type=40 status=3 detail=ESP-NOW peer not found
[2026-09-26T11:38:07.129Z] I (126799) RouteLoom: HIL PROBE tx peer=1 type=40 status=3 detail=ESP-NOW peer not found
[2026-09-26T11:38:07.138Z] I (126807) RouteLoom: HIL PROBE tx peer=1 type=40 status=3 detail=ESP-NOW peer not found
[2026-09-26T11:38:07.145Z] I (126815) RouteLoom: HIL PROBE tx peer=1 type=40 status=3 detail=ESP-NOW peer not found
[2026-09-26T11:38:07.153Z] I (126823) RouteLoom: HIL PROBE tx peer=1 type=40 status=3 detail=ESP-NOW peer not found
[2026-09-26T11:38:07.161Z] I (126831) RouteLoom: HIL PROBE tx peer=1 type=40 status=3 detail=ESP-NOW peer not found
[2026-09-26T11:38:07.169Z] I (126838) RouteLoom: HIL PROBE tx peer=1 type=40 status=3 detail=ESP-NOW peer not found
[2026-09-26T11:38:07.176Z] I (126846) RouteLoom: HIL PROBE tx peer=1 type=40 status=3 detail=ESP-NOW peer not found
[2026-09-26T11:38:07.184Z] I (126854) RouteLoom: HIL PROBE tx peer=1 type=40 status=3 detail=ESP-NOW peer not found
[2026-09-26T11:38:07.192Z] I (126862) RouteLoom: HIL PROBE tx peer=1 type=40 status=3 detail=ESP-NOW peer not found
[2026-09-26T11:38:07.200Z] I (126870) RouteLoom: HIL PROBE tx peer=1 type=40 status=3 detail=ESP-NOW peer not found
[2026-09-26T11:38:07.207Z] I (126877) RouteLoom: HIL PROBE tx peer=1 type=40 status=3 detail=ESP-NOW peer not found
[2026-09-26T11:38:07.215Z] I (126885) RouteLoom: HIL PROBE tx peer=1 type=40 status=3 detail=ESP-NOW peer not found
[2026-09-26T11:38:07.223Z] I (126893) RouteLoom: HIL PROBE tx peer=1 type=40 status=3 detail=ESP-NOW peer not found
[2026-09-26T11:38:07.231Z] I (126901) RouteLoom: HIL PROBE tx peer=1 type=40 status=3 detail=ESP-NOW peer not found
[2026-09-26T11:38:07.239Z] I (126909) RouteLoom: HIL PROBE tx peer=1 type=40 status=3 detail=ESP-NOW peer not found
[2026-09-26T11:38:07.247Z] I (126917) RouteLoom: HIL PROBE tx peer=1 type=40 status=3 detail=ESP-NOW peer not found
[2026-09-26T11:38:07.254Z] I (126924) RouteLoom: HIL PROBE tx peer=1 type=40 status=3 detail=ESP-NOW peer not found
[2026-09-26T11:38:07.262Z] I (126932) RouteLoom: HIL PROBE tx peer=1 type=40 status=3 detail=ESP-NOW peer not found
[2026-09-26T11:38:07.270Z] I (126940) RouteLoom: HIL PROBE tx peer=1 type=40 status=3 detail=ESP-NOW peer not found
[2026-09-26T11:38:07.278Z] I (126948) RouteLoom: HIL PROBE tx peer=1 type=40 status=3 detail=ESP-NOW peer not found
[2026-09-26T11:38:07.285Z] I (126956) RouteLoom: HIL PROBE tx peer=1 type=40 status=3 detail=ESP-NOW peer not found
[2026-09-26T11:38:07.293Z] I (126963) RouteLoom: HIL PROBE tx peer=1 type=40 status=3 detail=ESP-NOW peer not found
[2026-09-26T11:38:07.301Z] I (126971) RouteLoom: HIL PROBE tx peer=1 type=40 status=3 detail=ESP-NOW peer not found
[2026-09-26T11:38:07.309Z] I (126979) RouteLoom: HIL PROBE tx peer=1 type=40 status=3 detail=ESP-NOW peer not found
[2026-09-26T11:38:07.317Z] I (126987) RouteLoom: HIL PROBE tx peer=1 type=40 status=3 detail=ESP-NOW peer not found
[2026-09-26T11:38:07.325Z] I (126995) RouteLoom: HIL PROBE tx peer=1 type=40 status=3 detail=ESP-NOW peer not found
[2026-09-26T11:38:07.332Z] I (127002) RouteLoom: HIL PROBE tx peer=1 type=40 status=3 detail=ESP-NOW peer not found
[2026-09-26T11:38:07.340Z] I (127010) RouteLoom: HIL PROBE tx peer=1 type=40 status=3 detail=ESP-NOW peer not found
[2026-09-26T11:38:07.348Z] I (127018) RouteLoom: HIL PROBE tx peer=1 type=40 status=3 detail=ESP-NOW peer not found
[2026-09-26T11:38:07.356Z] I (127026) RouteLoom: HIL PROBE tx peer=1 type=40 status=3 detail=ESP-NOW peer not found
[2026-09-26T11:38:07.364Z] I (127034) RouteLoom: HIL PROBE tx peer=1 type=40 status=3 detail=ESP-NOW peer not found
[2026-09-26T11:38:07.372Z] I (127042) RouteLoom: HIL PROBE tx peer=1 type=40 status=3 detail=ESP-NOW peer not found
[2026-09-26T11:38:07.379Z] I (127049) RouteLoom: HIL PROBE tx peer=1 type=40 status=3 detail=ESP-NOW peer not found
[2026-09-26T11:38:07.387Z] I (127057) RouteLoom: HIL PROBE tx peer=1 type=40 status=3 detail=ESP-NOW peer not found
[2026-09-26T11:38:07.395Z] I (127065) RouteLoom: HIL PROBE tx peer=1 type=40 status=3 detail=ESP-NOW peer not found
[2026-09-26T11:38:07.403Z] I (127073) RouteLoom: HIL PROBE tx peer=1 type=40 status=3 detail=ESP-NOW peer not found
[2026-09-26T11:38:07.410Z] I (127081) RouteLoom: HIL PROBE tx peer=1 type=40 status=3 detail=ESP-NOW peer not found
[2026-09-26T11:38:07.420Z] I (127088) RouteLoom: HIL PROBE tx peer=1 type=40 status=3 detail=ESP-NOW peer not found
[2026-09-26T11:38:07.426Z] I (127096) RouteLoom: HIL PROBE tx peer=1 type=40 status=3 detail=ESP-NOW peer not found
[2026-09-26T11:38:07.434Z] I (127104) RouteLoom: HIL PROBE tx peer=1 type=40 status=3 detail=ESP-NOW peer not found
[2026-09-26T11:38:07.442Z] I (127112) RouteLoom: HIL PROBE tx peer=1 type=40 status=3 detail=ESP-NOW peer not found
[2026-09-26T11:38:07.450Z] I (127120) RouteLoom: HIL PROBE tx peer=1 type=40 status=3 detail=ESP-NOW peer not found
[2026-09-26T11:38:07.457Z] I (127127) RouteLoom: HIL PROBE tx peer=1 type=40 status=3 detail=ESP-NOW peer not found
[2026-09-26T11:38:07.465Z] I (127135) RouteLoom: HIL PROBE tx peer=1 type=40 status=3 detail=ESP-NOW peer not found
[2026-09-26T11:38:07.473Z] I (127143) RouteLoom: HIL PROBE tx peer=1 type=40 status=3 detail=ESP-NOW peer not found
[2026-09-26T11:38:07.481Z] I (127151) RouteLoom: HIL PROBE tx peer=1 type=40 status=3 detail=ESP-NOW peer not found
[2026-09-26T11:38:07.489Z] I (127159) RouteLoom: HIL PROBE tx peer=1 type=40 status=3 detail=ESP-NOW peer not found
[2026-09-26T11:38:07.496Z] I (127167) RouteLoom: HIL PROBE tx peer=1 type=40 status=3 detail=ESP-NOW peer not found
[2026-09-26T11:38:07.504Z] I (127174) RouteLoom: HIL PROBE tx peer=1 type=40 status=3 detail=ESP-NOW peer not found
[2026-09-26T11:38:07.512Z] I (127182) RouteLoom: HIL PROBE tx peer=1 type=40 status=3 detail=ESP-NOW peer not found
[2026-09-26T11:38:07.520Z] I (127190) RouteLoom: HIL PROBE tx peer=1 type=40 status=3 detail=ESP-NOW peer not found
[2026-09-26T11:38:07.528Z] I (127198) RouteLoom: HIL PROBE tx peer=1 type=40 status=3 detail=ESP-NOW peer not found
[2026-09-26T11:38:07.536Z] I (127206) RouteLoom: HIL PROBE tx peer=1 type=40 status=3 detail=ESP-NOW peer not found
[2026-09-26T11:38:07.544Z] I (127213) RouteLoom: HIL PROBE tx peer=1 type=40 status=3 detail=ESP-NOW peer not found
[2026-09-26T11:38:07.560Z] I (127221) RouteLoom: HIL PROBE tx peer=1 type=40 status=3 detail=ESP-NOW peer not found
[2026-09-26T11:38:07.560Z] I (127229) RouteLoom: HIL PROBE tx peer=1 type=40 status=3 detail=ESP-NOW peer not found
[2026-09-26T11:38:07.567Z] I (127237) RouteLoom: HIL PROBE tx peer=1 type=40 status=3 detail=ESP-NOW peer not found
[2026-09-26T11:38:07.575Z] I (127245) RouteLoom: HIL PROBE tx peer=1 type=40 status=3 detail=ESP-NOW peer not found
[2026-09-26T11:38:07.584Z] I (127252) RouteLoom: HIL PROBE tx peer=1 type=40 status=3 detail=ESP-NOW peer not found
[2026-09-26T11:38:07.590Z] I (127260) RouteLoom: HIL PROBE tx peer=1 type=40 status=3 detail=ESP-NOW peer not found
[2026-09-26T11:38:07.598Z] I (127268) RouteLoom: HIL PROBE tx peer=1 type=40 status=3 detail=ESP-NOW peer not found
[2026-09-26T11:38:07.607Z] I (127276) RouteLoom: HIL PROBE tx peer=1 type=40 status=3 detail=ESP-NOW peer not found
[2026-09-26T11:38:07.614Z] I (127284) RouteLoom: HIL PROBE tx peer=1 type=40 status=3 detail=ESP-NOW peer not found
[2026-09-26T11:38:07.622Z] I (127292) RouteLoom: HIL PROBE tx peer=1 type=40 status=3 detail=ESP-NOW peer not found
[2026-09-26T11:38:07.629Z] I (127299) RouteLoom: HIL PROBE tx peer=1 type=40 status=3 detail=ESP-NOW peer not found
[2026-09-26T11:38:07.637Z] I (127307) RouteLoom: HIL PROBE tx peer=1 type=40 status=3 detail=ESP-NOW peer not found
[2026-09-26T11:38:07.645Z] I (127315) RouteLoom: HIL PROBE tx peer=1 type=40 status=3 detail=ESP-NOW peer not found
[2026-09-26T11:38:07.653Z] I (127323) RouteLoom: HIL PROBE tx peer=1 type=40 status=3 detail=ESP-NOW peer not found
[2026-09-26T11:38:07.661Z] I (127331) RouteLoom: HIL PROBE tx peer=1 type=40 status=3 detail=ESP-NOW peer not found
[2026-09-26T11:38:07.672Z] I (127338) RouteLoom: HIL PROBE tx peer=1 type=40 status=3 detail=ESP-NOW peer not found
[2026-09-26T11:38:07.676Z] I (127346) RouteLoom: HIL PROBE tx peer=1 type=40 status=3 detail=ESP-NOW peer not found
[2026-09-26T11:38:07.684Z] I (127354) RouteLoom: HIL PROBE tx peer=1 type=40 status=3 detail=ESP-NOW peer not found
[2026-09-26T11:38:07.692Z] I (127362) RouteLoom: HIL PROBE tx peer=1 type=40 status=3 detail=ESP-NOW peer not found
[2026-09-26T11:38:07.700Z] I (127370) RouteLoom: HIL PROBE tx peer=1 type=40 status=3 detail=ESP-NOW peer not found
[2026-09-26T11:38:07.708Z] I (127377) RouteLoom: HIL PROBE tx peer=1 type=40 status=3 detail=ESP-NOW peer not found
[2026-09-26T11:38:07.715Z] I (127385) RouteLoom: HIL PROBE tx peer=1 type=40 status=3 detail=ESP-NOW peer not found
[2026-09-26T11:38:07.723Z] I (127393) RouteLoom: HIL PROBE tx peer=1 type=40 status=3 detail=ESP-NOW peer not found
[2026-09-26T11:38:07.731Z] I (127401) RouteLoom: HIL PROBE tx peer=1 type=40 status=3 detail=ESP-NOW peer not found
[2026-09-26T11:38:07.739Z] I (127409) RouteLoom: HIL PROBE tx peer=1 type=40 status=3 detail=ESP-NOW peer not found
[2026-09-26T11:38:07.746Z] I (127417) RouteLoom: HIL PROBE tx peer=1 type=40 status=3 detail=ESP-NOW peer not found
[2026-09-26T11:38:07.754Z] I (127424) RouteLoom: HIL PROBE tx peer=1 type=40 status=3 detail=ESP-NOW peer not found
[2026-09-26T11:38:07.762Z] I (127432) RouteLoom: HIL PROBE tx peer=1 type=40 status=3 detail=ESP-NOW peer not found
[2026-09-26T11:38:07.770Z] I (127440) RouteLoom: HIL PROBE tx peer=1 type=40 status=3 detail=ESP-NOW peer not found
[2026-09-26T11:38:07.778Z] I (127448) RouteLoom: HIL PROBE tx peer=1 type=40 status=3 detail=ESP-NOW peer not found
[2026-09-26T11:38:07.786Z] I (127456) RouteLoom: HIL PROBE tx peer=1 type=40 status=3 detail=ESP-NOW peer not found
[2026-09-26T11:38:07.793Z] I (127463) RouteLoom: HIL PROBE tx peer=1 type=40 status=3 detail=ESP-NOW peer not found
[2026-09-26T11:38:07.801Z] I (127471) RouteLoom: HIL PROBE tx peer=1 type=40 status=3 detail=ESP-NOW peer not found
[2026-09-26T11:38:07.809Z] I (127479) RouteLoom: HIL PROBE tx peer=1 type=40 status=3 detail=ESP-NOW peer not found
[2026-09-26T11:38:07.817Z] I (127487) RouteLoom: HIL PROBE tx peer=1 type=40 status=3 detail=ESP-NOW peer not found
[2026-09-26T11:38:07.825Z] I (127495) RouteLoom: HIL PROBE tx peer=1 type=40 status=3 detail=ESP-NOW peer not found
[2026-09-26T11:38:07.832Z] I (127502) RouteLoom: HIL PROBE tx peer=1 type=40 status=3 detail=ESP-NOW peer not found
[2026-09-26T11:38:07.840Z] I (127510) RouteLoom: HIL PROBE tx peer=1 type=40 status=3 detail=ESP-NOW peer not found
[2026-09-26T11:38:07.848Z] I (127518) RouteLoom: HIL PROBE tx peer=1 type=40 status=3 detail=ESP-NOW peer not found
[2026-09-26T11:38:07.856Z] I (127526) RouteLoom: HIL PROBE tx peer=1 type=40 status=3 detail=ESP-NOW peer not found
[2026-09-26T11:38:07.864Z] I (127534) RouteLoom: HIL PROBE tx peer=1 type=40 status=3 detail=ESP-NOW peer not found
[2026-09-26T11:38:07.872Z] I (127541) RouteLoom: HIL PROBE tx peer=1 type=40 status=3 detail=ESP-NOW peer not found
[2026-09-26T11:38:07.879Z] I (127549) RouteLoom: HIL PROBE tx peer=1 type=40 status=3 detail=ESP-NOW peer not found
[2026-09-26T11:38:07.887Z] I (127557) RouteLoom: HIL PROBE tx peer=1 type=40 status=3 detail=ESP-NOW peer not found
[2026-09-26T11:38:07.895Z] I (127565) RouteLoom: HIL PROBE tx peer=1 type=40 status=3 detail=ESP-NOW peer not found
[2026-09-26T11:38:07.903Z] I (127573) RouteLoom: HIL PROBE tx peer=1 type=40 status=3 detail=ESP-NOW peer not found
[2026-09-26T11:38:07.911Z] I (127581) RouteLoom: HIL PROBE tx peer=1 type=40 status=3 detail=ESP-NOW peer not found
[2026-09-26T11:38:07.918Z] I (127588) RouteLoom: HIL PROBE tx peer=1 type=40 status=3 detail=ESP-NOW peer not found
[2026-09-26T11:38:07.926Z] I (127596) RouteLoom: HIL PROBE tx peer=1 type=40 status=3 detail=ESP-NOW peer not found
[2026-09-26T11:38:07.934Z] I (127604) RouteLoom: HIL PROBE tx peer=1 type=40 status=3 detail=ESP-NOW peer not found
[2026-09-26T11:38:07.942Z] I (127612) RouteLoom: HIL PROBE tx peer=1 type=40 status=3 detail=ESP-NOW peer not found
[2026-09-26T11:38:07.950Z] I (127620) RouteLoom: HIL PROBE tx peer=1 type=40 status=3 detail=ESP-NOW peer not found
[2026-09-26T11:38:07.957Z] I (127627) RouteLoom: HIL PROBE tx peer=1 type=40 status=3 detail=ESP-NOW peer not found
[2026-09-26T11:38:07.965Z] I (127635) RouteLoom: HIL PROBE tx peer=1 type=40 status=3 detail=ESP-NOW peer not found
[2026-09-26T11:38:07.973Z] I (127643) RouteLoom: HIL PROBE tx peer=1 type=40 status=3 detail=ESP-NOW peer not found
[2026-09-26T11:38:07.981Z] I (127651) RouteLoom: HIL PROBE tx peer=1 type=40 status=3 detail=ESP-NOW peer not found
[2026-09-26T11:38:07.989Z] I (127659) RouteLoom: HIL PROBE tx peer=1 type=40 status=3 detail=ESP-NOW peer not found
[2026-09-26T11:38:07.996Z] I (127666) RouteLoom: HIL PROBE tx peer=1 type=40 status=3 detail=ESP-NOW peer not found
[2026-09-26T11:38:08.004Z] I (127674) RouteLoom: HIL PROBE tx peer=1 type=40 status=3 detail=ESP-NOW peer not found
[2026-09-26T11:38:08.012Z] I (127682) RouteLoom: HIL PROBE tx peer=1 type=40 status=3 detail=ESP-NOW peer not found
[2026-09-26T11:38:08.020Z] I (127690) RouteLoom: HIL PROBE tx peer=1 type=40 status=3 detail=ESP-NOW peer not found
[2026-09-26T11:38:08.028Z] I (127698) RouteLoom: HIL PROBE tx peer=1 type=40 status=3 detail=ESP-NOW peer not found
[2026-09-26T11:38:08.035Z] I (127706) RouteLoom: HIL PROBE tx peer=1 type=40 status=3 detail=ESP-NOW peer not found
[2026-09-26T11:38:08.043Z] I (127713) RouteLoom: HIL PROBE tx peer=1 type=40 status=3 detail=ESP-NOW peer not found
[2026-09-26T11:38:08.051Z] I (127721) RouteLoom: HIL PROBE tx peer=1 type=40 status=3 detail=ESP-NOW peer not found
[2026-09-26T11:38:08.059Z] I (127729) RouteLoom: HIL PROBE tx peer=1 type=40 status=3 detail=ESP-NOW peer not found
[2026-09-26T11:38:08.067Z] I (127737) RouteLoom: HIL PROBE tx peer=1 type=40 status=3 detail=ESP-NOW peer not found
[2026-09-26T11:38:08.075Z] I (127745) RouteLoom: HIL PROBE tx peer=1 type=40 status=3 detail=ESP-NOW peer not found
[2026-09-26T11:38:08.082Z] I (127752) RouteLoom: HIL PROBE tx peer=1 type=40 status=3 detail=ESP-NOW peer not found
[2026-09-26T11:38:08.090Z] I (127760) RouteLoom: HIL PROBE tx peer=1 type=40 status=3 detail=ESP-NOW peer not found
[2026-09-26T11:38:08.098Z] I (127768) RouteLoom: HIL PROBE tx peer=1 type=40 status=3 detail=ESP-NOW peer not found
[2026-09-26T11:38:08.106Z] I (127776) RouteLoom: HIL PROBE tx peer=1 type=40 status=3 detail=ESP-NOW peer not found
[2026-09-26T11:38:08.114Z] I (127784) RouteLoom: HIL PROBE tx peer=1 type=40 status=3 detail=ESP-NOW peer not found
[2026-09-26T11:38:08.122Z] I (127791) RouteLoom: HIL PROBE tx peer=1 type=40 status=3 detail=ESP-NOW peer not found
[2026-09-26T11:38:08.129Z] I (127799) RouteLoom: HIL PROBE tx peer=1 type=40 status=3 detail=ESP-NOW peer not found
[2026-09-26T11:38:08.137Z] I (127807) RouteLoom: HIL PROBE tx peer=1 type=40 status=3 detail=ESP-NOW peer not found
[2026-09-26T11:38:08.145Z] I (127815) RouteLoom: HIL PROBE tx peer=1 type=40 status=3 detail=ESP-NOW peer not found
[2026-09-26T11:38:08.153Z] I (127823) RouteLoom: HIL PROBE tx peer=1 type=40 status=3 detail=ESP-NOW peer not found
[2026-09-26T11:38:08.160Z] I (127831) RouteLoom: HIL PROBE tx peer=1 type=40 status=3 detail=ESP-NOW peer not found
[2026-09-26T11:38:08.168Z] I (127838) RouteLoom: HIL PROBE tx peer=1 type=40 status=3 detail=ESP-NOW peer not found
[2026-09-26T11:38:08.176Z] I (127846) RouteLoom: HIL PROBE tx peer=1 type=40 status=3 detail=ESP-NOW peer not found
[2026-09-26T11:38:08.184Z] I (127854) RouteLoom: HIL PROBE tx peer=1 type=40 status=3 detail=ESP-NOW peer not found
[2026-09-26T11:38:08.192Z] I (127862) RouteLoom: HIL PROBE tx peer=1 type=40 status=3 detail=ESP-NOW peer not found
[2026-09-26T11:38:08.200Z] I (127870) RouteLoom: HIL PROBE tx peer=1 type=40 status=3 detail=ESP-NOW peer not found
[2026-09-26T11:38:08.208Z] I (127877) RouteLoom: HIL PROBE tx peer=1 type=40 status=3 detail=ESP-NOW peer not found
[2026-09-26T11:38:08.215Z] I (127885) RouteLoom: HIL PROBE tx peer=1 type=40 status=3 detail=ESP-NOW peer not found
[2026-09-26T11:38:08.223Z] I (127893) RouteLoom: HIL PROBE tx peer=1 type=40 status=3 detail=ESP-NOW peer not found
[2026-09-26T11:38:08.231Z] I (127901) RouteLoom: HIL PROBE tx peer=1 type=40 status=3 detail=ESP-NOW peer not found
[2026-09-26T11:38:08.239Z] I (127909) RouteLoom: HIL PROBE tx peer=1 type=40 status=3 detail=ESP-NOW peer not found
[2026-09-26T11:38:08.247Z] I (127916) RouteLoom: HIL PROBE tx peer=1 type=40 status=3 detail=ESP-NOW peer not found
[2026-09-26T11:38:08.254Z] I (127924) RouteLoom: HIL PROBE tx peer=1 type=40 status=3 detail=ESP-NOW peer not found
[2026-09-26T11:38:08.262Z] I (127932) RouteLoom: HIL PROBE tx peer=1 type=40 status=3 detail=ESP-NOW peer not found
[2026-09-26T11:38:08.270Z] I (127940) RouteLoom: HIL PROBE tx peer=1 type=40 status=3 detail=ESP-NOW peer not found
[2026-09-26T11:38:08.278Z] I (127948) RouteLoom: HIL PROBE tx peer=1 type=40 status=3 detail=ESP-NOW peer not found
[2026-09-26T11:38:08.285Z] I (127956) RouteLoom: HIL PROBE tx peer=1 type=40 status=3 detail=ESP-NOW peer not found
[2026-09-26T11:38:08.293Z] I (127963) RouteLoom: HIL PROBE tx peer=1 type=40 status=3 detail=ESP-NOW peer not found
[2026-09-26T11:38:08.302Z] I (127971) RouteLoom: HIL PROBE tx peer=1 type=40 status=3 detail=ESP-NOW peer not found
[2026-09-26T11:38:08.309Z] I (127979) RouteLoom: HIL PROBE tx peer=1 type=40 status=3 detail=ESP-NOW peer not found
[2026-09-26T11:38:08.317Z] I (127987) RouteLoom: HIL PROBE tx peer=1 type=40 status=3 detail=ESP-NOW peer not found
[2026-09-26T11:38:08.324Z] I (127995) RouteLoom: HIL PROBE tx peer=1 type=40 status=3 detail=ESP-NOW peer not found
[2026-09-26T11:38:08.333Z] I (128002) RouteLoom: HIL PROBE tx peer=1 type=40 status=3 detail=ESP-NOW peer not found
[2026-09-26T11:38:08.340Z] I (128010) RouteLoom: HIL PROBE tx peer=1 type=40 status=3 detail=ESP-NOW peer not found
[2026-09-26T11:38:08.348Z] I (128018) RouteLoom: HIL PROBE tx peer=1 type=40 status=3 detail=ESP-NOW peer not found
[2026-09-26T11:38:08.356Z] I (128026) RouteLoom: HIL PROBE tx peer=1 type=40 status=3 detail=ESP-NOW peer not found
[2026-09-26T11:38:08.364Z] I (128034) RouteLoom: HIL PROBE tx peer=1 type=40 status=3 detail=ESP-NOW peer not found
[2026-09-26T11:38:08.372Z] I (128041) RouteLoom: HIL PROBE tx peer=1 type=40 status=3 detail=ESP-NOW peer not found
[2026-09-26T11:38:08.379Z] I (128049) RouteLoom: HIL PROBE tx peer=1 type=40 status=3 detail=ESP-NOW peer not found
[2026-09-26T11:38:08.387Z] I (128057) RouteLoom: HIL PROBE tx peer=1 type=40 status=3 detail=ESP-NOW peer not found
[2026-09-26T11:38:08.395Z] I (128065) RouteLoom: HIL PROBE tx peer=1 type=40 status=3 detail=ESP-NOW peer not found
[2026-09-26T11:38:08.403Z] I (128073) RouteLoom: HIL PROBE tx peer=1 type=40 status=3 detail=ESP-NOW peer not found
[2026-09-26T11:38:08.410Z] I (128081) RouteLoom: HIL PROBE tx peer=1 type=40 status=3 detail=ESP-NOW peer not found
[2026-09-26T11:38:08.418Z] I (128088) RouteLoom: HIL PROBE tx peer=1 type=40 status=3 detail=ESP-NOW peer not found
[2026-09-26T11:38:08.426Z] I (128096) RouteLoom: HIL PROBE tx peer=1 type=40 status=3 detail=ESP-NOW peer not found
[2026-09-26T11:38:08.436Z] I (128104) RouteLoom: HIL PROBE tx peer=1 type=40 status=3 detail=ESP-NOW peer not found
[2026-09-26T11:38:08.442Z] I (128112) RouteLoom: HIL PROBE tx peer=1 type=40 status=3 detail=ESP-NOW peer not found
[2026-09-26T11:38:08.449Z] I (128120) RouteLoom: HIL PROBE tx peer=1 type=40 status=3 detail=ESP-NOW peer not found
[2026-09-26T11:38:08.458Z] I (128127) RouteLoom: HIL PROBE tx peer=1 type=40 status=3 detail=ESP-NOW peer not found
[2026-09-26T11:38:08.465Z] I (128135) RouteLoom: HIL PROBE tx peer=1 type=40 status=3 detail=ESP-NOW peer not found
[2026-09-26T11:38:08.473Z] I (128143) RouteLoom: HIL PROBE tx peer=1 type=40 status=3 detail=ESP-NOW peer not found
[2026-09-26T11:38:08.481Z] I (128151) RouteLoom: HIL PROBE tx peer=1 type=40 status=3 detail=ESP-NOW peer not found
[2026-09-26T11:38:08.489Z] I (128159) RouteLoom: HIL PROBE tx peer=1 type=40 status=3 detail=ESP-NOW peer not found
[2026-09-26T11:38:08.496Z] I (128166) RouteLoom: HIL PROBE tx peer=1 type=40 status=3 detail=ESP-NOW peer not found
[2026-09-26T11:38:08.504Z] I (128174) RouteLoom: HIL PROBE tx peer=1 type=40 status=3 detail=ESP-NOW peer not found
[2026-09-26T11:38:08.512Z] I (128182) RouteLoom: HIL PROBE tx peer=1 type=40 status=3 detail=ESP-NOW peer not found
[2026-09-26T11:38:08.520Z] I (128190) RouteLoom: HIL PROBE tx peer=1 type=40 status=3 detail=ESP-NOW peer not found
[2026-09-26T11:38:08.528Z] I (128198) RouteLoom: HIL PROBE tx peer=1 type=40 status=3 detail=ESP-NOW peer not found
[2026-09-26T11:38:08.535Z] I (128205) RouteLoom: HIL PROBE tx peer=1 type=40 status=3 detail=ESP-NOW peer not found
[2026-09-26T11:38:08.543Z] I (128213) RouteLoom: HIL PROBE tx peer=1 type=40 status=3 detail=ESP-NOW peer not found
[2026-09-26T11:38:08.552Z] I (128221) RouteLoom: HIL PROBE tx peer=1 type=40 status=3 detail=ESP-NOW peer not found
[2026-09-26T11:38:08.559Z] I (128229) RouteLoom: HIL PROBE tx peer=1 type=40 status=3 detail=ESP-NOW peer not found
[2026-09-26T11:38:08.567Z] I (128237) RouteLoom: HIL PROBE tx peer=1 type=40 status=3 detail=ESP-NOW peer not found
[2026-09-26T11:38:08.577Z] I (128245) RouteLoom: HIL PROBE tx peer=1 type=40 status=3 detail=ESP-NOW peer not found
[2026-09-26T11:38:08.582Z] I (128252) RouteLoom: HIL PROBE tx peer=1 type=40 status=3 detail=ESP-NOW peer not found
[2026-09-26T11:38:08.590Z] I (128260) RouteLoom: HIL PROBE tx peer=1 type=40 status=3 detail=ESP-NOW peer not found
[2026-09-26T11:38:08.598Z] I (128268) RouteLoom: HIL PROBE tx peer=1 type=40 status=3 detail=ESP-NOW peer not found
[2026-09-26T11:38:08.606Z] I (128276) RouteLoom: HIL PROBE tx peer=1 type=40 status=3 detail=ESP-NOW peer not found
[2026-09-26T11:38:08.614Z] I (128284) RouteLoom: HIL PROBE tx peer=1 type=40 status=3 detail=ESP-NOW peer not found
[2026-09-26T11:38:08.621Z] I (128291) RouteLoom: HIL PROBE tx peer=1 type=40 status=3 detail=ESP-NOW peer not found
[2026-09-26T11:38:08.629Z] I (128299) RouteLoom: HIL PROBE tx peer=1 type=40 status=3 detail=ESP-NOW peer not found
[2026-09-26T11:38:08.637Z] I (128307) RouteLoom: HIL PROBE tx peer=1 type=40 status=3 detail=ESP-NOW peer not found
[2026-09-26T11:38:08.645Z] I (128315) RouteLoom: HIL PROBE tx peer=1 type=40 status=3 detail=ESP-NOW peer not found
[2026-09-26T11:38:08.653Z] I (128323) RouteLoom: HIL PROBE tx peer=1 type=40 status=3 detail=ESP-NOW peer not found
[2026-09-26T11:38:08.660Z] I (128330) RouteLoom: HIL PROBE tx peer=1 type=40 status=3 detail=ESP-NOW peer not found
[2026-09-26T11:38:08.668Z] I (128338) RouteLoom: HIL PROBE tx peer=1 type=40 status=3 detail=ESP-NOW peer not found
[2026-09-26T11:38:08.676Z] I (128346) RouteLoom: HIL PROBE tx peer=1 type=40 status=3 detail=ESP-NOW peer not found
[2026-09-26T11:38:08.684Z] I (128354) RouteLoom: HIL PROBE tx peer=1 type=40 status=3 detail=ESP-NOW peer not found
[2026-09-26T11:38:08.692Z] I (128362) RouteLoom: HIL PROBE tx peer=1 type=40 status=3 detail=ESP-NOW peer not found
[2026-09-26T11:38:08.699Z] I (128370) RouteLoom: HIL PROBE tx peer=1 type=40 status=3 detail=ESP-NOW peer not found
[2026-09-26T11:38:08.707Z] I (128377) RouteLoom: HIL PROBE tx peer=1 type=40 status=3 detail=ESP-NOW peer not found
[2026-09-26T11:38:08.715Z] I (128385) RouteLoom: HIL PROBE tx peer=1 type=40 status=3 detail=ESP-NOW peer not found
[2026-09-26T11:38:08.723Z] I (128393) RouteLoom: HIL PROBE tx peer=1 type=40 status=3 detail=ESP-NOW peer not found
[2026-09-26T11:38:08.731Z] I (128401) RouteLoom: HIL PROBE tx peer=1 type=40 status=3 detail=ESP-NOW peer not found
[2026-09-26T11:38:08.738Z] I (128409) RouteLoom: HIL PROBE tx peer=1 type=40 status=3 detail=ESP-NOW peer not found
[2026-09-26T11:38:08.746Z] I (128416) RouteLoom: HIL PROBE tx peer=1 type=40 status=3 detail=ESP-NOW peer not found
[2026-09-26T11:38:08.754Z] I (128424) RouteLoom: HIL PROBE tx peer=1 type=40 status=3 detail=ESP-NOW peer not found
[2026-09-26T11:38:08.762Z] I (128432) RouteLoom: HIL PROBE tx peer=1 type=40 status=3 detail=ESP-NOW peer not found
[2026-09-26T11:38:08.770Z] I (128440) RouteLoom: HIL PROBE tx peer=1 type=40 status=3 detail=ESP-NOW peer not found
[2026-09-26T11:38:08.778Z] I (128448) RouteLoom: HIL PROBE tx peer=1 type=40 status=3 detail=ESP-NOW peer not found
[2026-09-26T11:38:08.785Z] I (128455) RouteLoom: HIL PROBE tx peer=1 type=40 status=3 detail=ESP-NOW peer not found
[2026-09-26T11:38:08.793Z] I (128463) RouteLoom: HIL PROBE tx peer=1 type=40 status=3 detail=ESP-NOW peer not found
[2026-09-26T11:38:08.801Z] I (128471) RouteLoom: HIL PROBE tx peer=1 type=40 status=3 detail=ESP-NOW peer not found
[2026-09-26T11:38:08.809Z] I (128479) RouteLoom: HIL PROBE tx peer=1 type=40 status=3 detail=ESP-NOW peer not found
[2026-09-26T11:38:08.817Z] I (128487) RouteLoom: HIL PROBE tx peer=1 type=40 status=3 detail=ESP-NOW peer not found
[2026-09-26T11:38:08.824Z] I (128495) RouteLoom: HIL PROBE tx peer=1 type=40 status=3 detail=ESP-NOW peer not found
[2026-09-26T11:38:08.832Z] I (128502) RouteLoom: HIL PROBE tx peer=1 type=40 status=3 detail=ESP-NOW peer not found
[2026-09-26T11:38:08.840Z] I (128510) RouteLoom: HIL PROBE tx peer=1 type=40 status=3 detail=ESP-NOW peer not found
[2026-09-26T11:38:08.848Z] I (128518) RouteLoom: HIL PROBE tx peer=1 type=40 status=3 detail=ESP-NOW peer not found
[2026-09-26T11:38:08.856Z] I (128526) RouteLoom: HIL PROBE tx peer=1 type=40 status=3 detail=ESP-NOW peer not found
[2026-09-26T11:38:08.863Z] I (128534) RouteLoom: HIL PROBE tx peer=1 type=40 status=3 detail=ESP-NOW peer not found
[2026-09-26T11:38:08.871Z] I (128541) RouteLoom: HIL PROBE tx peer=1 type=40 status=3 detail=ESP-NOW peer not found
[2026-09-26T11:38:08.879Z] I (128549) RouteLoom: HIL PROBE tx peer=1 type=40 status=3 detail=ESP-NOW peer not found
[2026-09-26T11:38:08.887Z] I (128557) RouteLoom: HIL PROBE tx peer=1 type=40 status=3 detail=ESP-NOW peer not found
[2026-09-26T11:38:08.895Z] I (128565) RouteLoom: HIL PROBE tx peer=1 type=40 status=3 detail=ESP-NOW peer not found
[2026-09-26T11:38:08.903Z] I (128573) RouteLoom: HIL PROBE tx peer=1 type=40 status=3 detail=ESP-NOW peer not found
[2026-09-26T11:38:08.910Z] I (128580) RouteLoom: HIL PROBE tx peer=1 type=40 status=3 detail=ESP-NOW peer not found
[2026-09-26T11:38:08.918Z] I (128588) RouteLoom: HIL PROBE tx peer=1 type=40 status=3 detail=ESP-NOW peer not found
[2026-09-26T11:38:08.926Z] I (128596) RouteLoom: HIL PROBE tx peer=1 type=40 status=3 detail=ESP-NOW peer not found
[2026-09-26T11:38:08.934Z] I (128604) RouteLoom: HIL PROBE tx peer=1 type=40 status=3 detail=ESP-NOW peer not found
[2026-09-26T11:38:08.942Z] I (128612) RouteLoom: HIL PROBE tx peer=1 type=40 status=3 detail=ESP-NOW peer not found
[2026-09-26T11:38:08.949Z] I (128620) RouteLoom: HIL PROBE tx peer=1 type=40 status=3 detail=ESP-NOW peer not found
[2026-09-26T11:38:08.957Z] I (128627) RouteLoom: HIL PROBE tx peer=1 type=40 status=3 detail=ESP-NOW peer not found
[2026-09-26T11:38:08.965Z] I (128635) RouteLoom: HIL PROBE tx peer=1 type=40 status=3 detail=ESP-NOW peer not found
[2026-09-26T11:38:08.973Z] I (128643) RouteLoom: HIL PROBE tx peer=1 type=40 status=3 detail=ESP-NOW peer not found
[2026-09-26T11:38:08.981Z] I (128651) RouteLoom: HIL PROBE tx peer=1 type=40 status=3 detail=ESP-NOW peer not found
[2026-09-26T11:38:08.988Z] I (128659) RouteLoom: HIL PROBE tx peer=1 type=40 status=3 detail=ESP-NOW peer not found
[2026-09-26T11:38:08.996Z] I (128666) RouteLoom: HIL PROBE tx peer=1 type=40 status=3 detail=ESP-NOW peer not found
[2026-09-26T11:38:09.004Z] I (128674) RouteLoom: HIL PROBE tx peer=1 type=40 status=3 detail=ESP-NOW peer not found
[2026-09-26T11:38:09.012Z] I (128682) RouteLoom: HIL PROBE tx peer=1 type=40 status=3 detail=ESP-NOW peer not found
[2026-09-26T11:38:09.020Z] I (128690) RouteLoom: HIL PROBE tx peer=1 type=40 status=3 detail=ESP-NOW peer not found
[2026-09-26T11:38:09.027Z] I (128698) RouteLoom: HIL PROBE tx peer=1 type=40 status=3 detail=ESP-NOW peer not found
[2026-09-26T11:38:09.035Z] I (128705) RouteLoom: HIL PROBE tx peer=1 type=40 status=3 detail=ESP-NOW peer not found
[2026-09-26T11:38:09.043Z] I (128713) RouteLoom: HIL PROBE tx peer=1 type=40 status=3 detail=ESP-NOW peer not found
[2026-09-26T11:38:09.051Z] I (128721) RouteLoom: HIL PROBE tx peer=1 type=40 status=3 detail=ESP-NOW peer not found
[2026-09-26T11:38:09.059Z] I (128729) RouteLoom: HIL PROBE tx peer=1 type=40 status=3 detail=ESP-NOW peer not found
[2026-09-26T11:38:09.067Z] I (128737) RouteLoom: HIL PROBE tx peer=1 type=40 status=3 detail=ESP-NOW peer not found
[2026-09-26T11:38:09.074Z] I (128745) RouteLoom: HIL PROBE tx peer=1 type=40 status=3 detail=ESP-NOW peer not found
[2026-09-26T11:38:09.082Z] I (128754) RouteLoom: HIL PROBE tx peer=1 type=40 status=3 detail=ESP-NOW peer not found
[2026-09-26T11:38:09.090Z] I (128760) RouteLoom: HIL PROBE tx peer=1 type=40 status=3 detail=ESP-NOW peer not found
[2026-09-26T11:38:09.098Z] I (128767) RouteLoom: HIL PROBE tx peer=1 type=40 status=3 detail=ESP-NOW peer not found
[2026-09-26T11:38:09.106Z] I (128776) RouteLoom: HIL PROBE tx peer=1 type=40 status=3 detail=ESP-NOW peer not found
[2026-09-26T11:38:09.113Z] I (128784) RouteLoom: HIL PROBE tx peer=1 type=40 status=3 detail=ESP-NOW peer not found
[2026-09-26T11:38:09.121Z] I (128791) RouteLoom: HIL PROBE tx peer=1 type=40 status=3 detail=ESP-NOW peer not found
[2026-09-26T11:38:09.129Z] I (128799) RouteLoom: HIL PROBE tx peer=1 type=40 status=3 detail=ESP-NOW peer not found
[2026-09-26T11:38:09.137Z] I (128807) RouteLoom: HIL PROBE tx peer=1 type=40 status=3 detail=ESP-NOW peer not found
[2026-09-26T11:38:09.145Z] I (128815) RouteLoom: HIL PROBE tx peer=1 type=40 status=3 detail=ESP-NOW peer not found
[2026-09-26T11:38:09.155Z] I (128823) RouteLoom: HIL PROBE tx peer=1 type=40 status=3 detail=ESP-NOW peer not found
[2026-09-26T11:38:09.160Z] I (128830) RouteLoom: HIL PROBE tx peer=1 type=40 status=3 detail=ESP-NOW peer not found
[2026-09-26T11:38:09.168Z] I (128838) RouteLoom: HIL PROBE tx peer=1 type=40 status=3 detail=ESP-NOW peer not found
[2026-09-26T11:38:09.176Z] I (128846) RouteLoom: HIL PROBE tx peer=1 type=40 status=3 detail=ESP-NOW peer not found
[2026-09-26T11:38:09.184Z] I (128854) RouteLoom: HIL PROBE tx peer=1 type=40 status=3 detail=ESP-NOW peer not found
[2026-09-26T11:38:09.192Z] I (128862) RouteLoom: HIL PROBE tx peer=1 type=40 status=3 detail=ESP-NOW peer not found
[2026-09-26T11:38:09.199Z] I (128869) RouteLoom: HIL PROBE tx peer=1 type=40 status=3 detail=ESP-NOW peer not found
[2026-09-26T11:38:09.207Z] I (128877) RouteLoom: HIL PROBE tx peer=1 type=40 status=3 detail=ESP-NOW peer not found
[2026-09-26T11:38:09.215Z] I (128885) RouteLoom: HIL PROBE tx peer=1 type=40 status=3 detail=ESP-NOW peer not found
[2026-09-26T11:38:09.223Z] I (128893) RouteLoom: HIL PROBE tx peer=1 type=40 status=3 detail=ESP-NOW peer not found
[2026-09-26T11:38:09.231Z] I (128901) RouteLoom: HIL PROBE tx peer=1 type=40 status=3 detail=ESP-NOW peer not found
[2026-09-26T11:38:09.239Z] I (128909) RouteLoom: HIL PROBE tx peer=1 type=40 status=3 detail=ESP-NOW peer not found
[2026-09-26T11:38:09.246Z] I (128916) RouteLoom: HIL PROBE tx peer=1 type=40 status=3 detail=ESP-NOW peer not found
[2026-09-26T11:38:09.254Z] I (128924) RouteLoom: HIL PROBE tx peer=1 type=40 status=3 detail=ESP-NOW peer not found
[2026-09-26T11:38:09.262Z] I (128932) RouteLoom: HIL PROBE tx peer=1 type=40 status=3 detail=ESP-NOW peer not found
[2026-09-26T11:38:09.270Z] I (128940) RouteLoom: HIL PROBE tx peer=1 type=40 status=3 detail=ESP-NOW peer not found
[2026-09-26T11:38:09.277Z] I (128948) RouteLoom: HIL PROBE tx peer=1 type=40 status=3 detail=ESP-NOW peer not found
[2026-09-26T11:38:09.285Z] I (128955) RouteLoom: HIL PROBE tx peer=1 type=40 status=3 detail=ESP-NOW peer not found
[2026-09-26T11:38:09.293Z] I (128963) RouteLoom: HIL PROBE tx peer=1 type=40 status=3 detail=ESP-NOW peer not found
[2026-09-26T11:38:09.301Z] I (128971) RouteLoom: HIL PROBE tx peer=1 type=40 status=3 detail=ESP-NOW peer not found
[2026-09-26T11:38:09.309Z] I (128979) RouteLoom: HIL PROBE tx peer=1 type=40 status=3 detail=ESP-NOW peer not found
[2026-09-26T11:38:09.317Z] I (128987) RouteLoom: HIL PROBE tx peer=1 type=40 status=3 detail=ESP-NOW peer not found
[2026-09-26T11:38:09.324Z] I (128994) RouteLoom: HIL PROBE tx peer=1 type=40 status=3 detail=ESP-NOW peer not found
[2026-09-26T11:38:09.332Z] I (129002) RouteLoom: HIL PROBE tx peer=1 type=40 status=3 detail=ESP-NOW peer not found
[2026-09-26T11:38:09.340Z] I (129010) RouteLoom: HIL PROBE tx peer=1 type=40 status=3 detail=ESP-NOW peer not found
[2026-09-26T11:38:09.348Z] I (129018) RouteLoom: HIL PROBE tx peer=1 type=40 status=3 detail=ESP-NOW peer not found
[2026-09-26T11:38:09.356Z] I (129026) RouteLoom: HIL PROBE tx peer=1 type=40 status=3 detail=ESP-NOW peer not found
[2026-09-26T11:38:09.364Z] I (129034) RouteLoom: HIL PROBE tx peer=1 type=40 status=3 detail=ESP-NOW peer not found
[2026-09-26T11:38:09.371Z] I (129041) RouteLoom: HIL PROBE tx peer=1 type=40 status=3 detail=ESP-NOW peer not found
[2026-09-26T11:38:09.379Z] I (129049) RouteLoom: HIL PROBE tx peer=1 type=40 status=3 detail=ESP-NOW peer not found
[2026-09-26T11:38:09.387Z] I (129057) RouteLoom: HIL PROBE tx peer=1 type=40 status=3 detail=ESP-NOW peer not found
[2026-09-26T11:38:09.395Z] I (129065) RouteLoom: HIL PROBE tx peer=1 type=40 status=3 detail=ESP-NOW peer not found
[2026-09-26T11:38:09.403Z] I (129073) RouteLoom: HIL PROBE tx peer=1 type=40 status=3 detail=ESP-NOW peer not found
[2026-09-26T11:38:09.410Z] I (129080) RouteLoom: HIL PROBE tx peer=1 type=40 status=3 detail=ESP-NOW peer not found
[2026-09-26T11:38:09.418Z] I (129088) RouteLoom: HIL PROBE tx peer=1 type=40 status=3 detail=ESP-NOW peer not found
[2026-09-26T11:38:09.426Z] I (129096) RouteLoom: HIL PROBE tx peer=1 type=40 status=3 detail=ESP-NOW peer not found
[2026-09-26T11:38:09.435Z] I (129104) RouteLoom: HIL PROBE tx peer=1 type=40 status=3 detail=ESP-NOW peer not found
[2026-09-26T11:38:09.442Z] I (129112) RouteLoom: HIL PROBE tx peer=1 type=40 status=3 detail=ESP-NOW peer not found
[2026-09-26T11:38:09.450Z] I (129119) RouteLoom: HIL PROBE tx peer=1 type=40 status=3 detail=ESP-NOW peer not found
[2026-09-26T11:38:09.457Z] I (129127) RouteLoom: HIL PROBE tx peer=1 type=40 status=3 detail=ESP-NOW peer not found
[2026-09-26T11:38:09.465Z] I (129135) RouteLoom: HIL PROBE tx peer=1 type=40 status=3 detail=ESP-NOW peer not found
[2026-09-26T11:38:09.473Z] I (129143) RouteLoom: HIL PROBE tx peer=1 type=40 status=3 detail=ESP-NOW peer not found
[2026-09-26T11:38:09.481Z] I (129151) RouteLoom: HIL PROBE tx peer=1 type=40 status=3 detail=ESP-NOW peer not found
[2026-09-26T11:38:09.488Z] I (129159) RouteLoom: HIL PROBE tx peer=1 type=40 status=3 detail=ESP-NOW peer not found
[2026-09-26T11:38:09.496Z] I (129166) RouteLoom: HIL PROBE tx peer=1 type=40 status=3 detail=ESP-NOW peer not found
[2026-09-26T11:38:09.504Z] I (129174) RouteLoom: HIL PROBE tx peer=1 type=40 status=3 detail=ESP-NOW peer not found
[2026-09-26T11:38:09.513Z] I (129182) RouteLoom: HIL PROBE tx peer=1 type=40 status=3 detail=ESP-NOW peer not found
[2026-09-26T11:38:09.520Z] I (129190) RouteLoom: HIL PROBE tx peer=1 type=40 status=3 detail=ESP-NOW peer not found
[2026-09-26T11:38:09.528Z] I (129198) RouteLoom: HIL PROBE tx peer=1 type=40 status=3 detail=ESP-NOW peer not found
[2026-09-26T11:38:09.535Z] I (129205) RouteLoom: HIL PROBE tx peer=1 type=40 status=3 detail=ESP-NOW peer not found
[2026-09-26T11:38:09.543Z] I (129213) RouteLoom: HIL PROBE tx peer=1 type=40 status=3 detail=ESP-NOW peer not found
[2026-09-26T11:38:09.551Z] I (129221) RouteLoom: HIL PROBE tx peer=1 type=40 status=3 detail=ESP-NOW peer not found
[2026-09-26T11:38:09.559Z] I (129229) RouteLoom: HIL PROBE tx peer=1 type=40 status=3 detail=ESP-NOW peer not found
[2026-09-26T11:38:09.567Z] I (129237) RouteLoom: HIL PROBE tx peer=1 type=40 status=3 detail=ESP-NOW peer not found
[2026-09-26T11:38:09.576Z] I (129244) RouteLoom: HIL PROBE tx peer=1 type=40 status=3 detail=ESP-NOW peer not found
[2026-09-26T11:38:09.582Z] I (129252) RouteLoom: HIL PROBE tx peer=1 type=40 status=3 detail=ESP-NOW peer not found
[2026-09-26T11:38:09.590Z] I (129260) RouteLoom: HIL PROBE tx peer=1 type=40 status=3 detail=ESP-NOW peer not found
[2026-09-26T11:38:09.598Z] I (129268) RouteLoom: HIL PROBE tx peer=1 type=40 status=3 detail=ESP-NOW peer not found
[2026-09-26T11:38:09.606Z] I (129276) RouteLoom: HIL PROBE tx peer=1 type=40 status=3 detail=ESP-NOW peer not found
[2026-09-26T11:38:09.614Z] I (129284) RouteLoom: HIL PROBE tx peer=1 type=40 status=3 detail=ESP-NOW peer not found
[2026-09-26T11:38:09.621Z] I (129291) RouteLoom: HIL PROBE tx peer=1 type=40 status=3 detail=ESP-NOW peer not found
[2026-09-26T11:38:09.629Z] I (129299) RouteLoom: HIL PROBE tx peer=1 type=40 status=3 detail=ESP-NOW peer not found
[2026-09-26T11:38:09.638Z] I (129307) RouteLoom: HIL PROBE tx peer=1 type=40 status=3 detail=ESP-NOW peer not found
[2026-09-26T11:38:09.645Z] I (129315) RouteLoom: HIL PROBE tx peer=1 type=40 status=3 detail=ESP-NOW peer not found
[2026-09-26T11:38:09.653Z] I (129323) RouteLoom: HIL PROBE tx peer=1 type=40 status=3 detail=ESP-NOW peer not found
[2026-09-26T11:38:09.660Z] I (129330) RouteLoom: HIL PROBE tx peer=1 type=40 status=3 detail=ESP-NOW peer not found
[2026-09-26T11:38:09.668Z] I (129338) RouteLoom: HIL PROBE tx peer=1 type=40 status=3 detail=ESP-NOW peer not found
[2026-09-26T11:38:09.676Z] I (129346) RouteLoom: HIL PROBE tx peer=1 type=40 status=3 detail=ESP-NOW peer not found
[2026-09-26T11:38:09.684Z] I (129354) RouteLoom: HIL PROBE tx peer=1 type=40 status=3 detail=ESP-NOW peer not found
[2026-09-26T11:38:09.692Z] I (129362) RouteLoom: HIL PROBE tx peer=1 type=40 status=3 detail=ESP-NOW peer not found
[2026-09-26T11:38:09.699Z] I (129369) RouteLoom: HIL PROBE tx peer=1 type=40 status=3 detail=ESP-NOW peer not found
[2026-09-26T11:38:09.707Z] I (129377) RouteLoom: HIL PROBE tx peer=1 type=40 status=3 detail=ESP-NOW peer not found
[2026-09-26T11:38:09.715Z] I (129385) RouteLoom: HIL PROBE tx peer=1 type=40 status=3 detail=ESP-NOW peer not found
[2026-09-26T11:38:09.723Z] I (129393) RouteLoom: HIL PROBE tx peer=1 type=40 status=3 detail=ESP-NOW peer not found
[2026-09-26T11:38:09.731Z] I (129401) RouteLoom: HIL PROBE tx peer=1 type=40 status=3 detail=ESP-NOW peer not found
[2026-09-26T11:38:09.739Z] I (129409) RouteLoom: HIL PROBE tx peer=1 type=40 status=3 detail=ESP-NOW peer not found
[2026-09-26T11:38:09.746Z] I (129416) RouteLoom: HIL PROBE tx peer=1 type=40 status=3 detail=ESP-NOW peer not found
[2026-09-26T11:38:09.754Z] I (129424) RouteLoom: HIL PROBE tx peer=1 type=40 status=3 detail=ESP-NOW peer not found
[2026-09-26T11:38:09.762Z] I (129432) RouteLoom: HIL PROBE tx peer=1 type=40 status=3 detail=ESP-NOW peer not found
[2026-09-26T11:38:09.770Z] I (129440) RouteLoom: HIL PROBE tx peer=1 type=40 status=3 detail=ESP-NOW peer not found
[2026-09-26T11:38:09.777Z] I (129448) RouteLoom: HIL PROBE tx peer=1 type=40 status=3 detail=ESP-NOW peer not found
[2026-09-26T11:38:09.785Z] I (129455) RouteLoom: HIL PROBE tx peer=1 type=40 status=3 detail=ESP-NOW peer not found
[2026-09-26T11:38:09.793Z] I (129463) RouteLoom: HIL PROBE tx peer=1 type=40 status=3 detail=ESP-NOW peer not found
[2026-09-26T11:38:09.801Z] I (129471) RouteLoom: HIL PROBE tx peer=1 type=40 status=3 detail=ESP-NOW peer not found
[2026-09-26T11:38:09.809Z] I (129479) RouteLoom: HIL PROBE tx peer=1 type=40 status=3 detail=ESP-NOW peer not found
[2026-09-26T11:38:09.817Z] I (129487) RouteLoom: HIL PROBE tx peer=1 type=40 status=3 detail=ESP-NOW peer not found
[2026-09-26T11:38:09.825Z] I (129494) RouteLoom: HIL PROBE tx peer=1 type=40 status=3 detail=ESP-NOW peer not found
[2026-09-26T11:38:09.832Z] I (129502) RouteLoom: HIL PROBE tx peer=1 type=40 status=3 detail=ESP-NOW peer not found
[2026-09-26T11:38:09.840Z] I (129510) RouteLoom: HIL PROBE tx peer=1 type=40 status=3 detail=ESP-NOW peer not found
[2026-09-26T11:38:09.848Z] I (129518) RouteLoom: HIL PROBE tx peer=1 type=40 status=3 detail=ESP-NOW peer not found
[2026-09-26T11:38:09.856Z] I (129526) RouteLoom: HIL PROBE tx peer=1 type=40 status=3 detail=ESP-NOW peer not found
[2026-09-26T11:38:09.865Z] I (129533) RouteLoom: HIL PROBE tx peer=1 type=40 status=3 detail=ESP-NOW peer not found
[2026-09-26T11:38:09.871Z] I (129541) RouteLoom: HIL PROBE tx peer=1 type=40 status=3 detail=ESP-NOW peer not found
[2026-09-26T11:38:09.880Z] I (129549) RouteLoom: HIL PROBE tx peer=1 type=40 status=3 detail=ESP-NOW peer not found
[2026-09-26T11:38:09.887Z] I (129557) RouteLoom: HIL PROBE tx peer=1 type=40 status=3 detail=ESP-NOW peer not found
[2026-09-26T11:38:09.895Z] I (129565) RouteLoom: HIL PROBE tx peer=1 type=40 status=3 detail=ESP-NOW peer not found
[2026-09-26T11:38:09.904Z] I (129573) RouteLoom: HIL PROBE tx peer=1 type=40 status=3 detail=ESP-NOW peer not found
[2026-09-26T11:38:09.910Z] I (129580) RouteLoom: HIL PROBE tx peer=1 type=40 status=3 detail=ESP-NOW peer not found
[2026-09-26T11:38:09.918Z] I (129588) RouteLoom: HIL PROBE tx peer=1 type=40 status=3 detail=ESP-NOW peer not found
[2026-09-26T11:38:09.926Z] I (129596) RouteLoom: HIL PROBE tx peer=1 type=40 status=3 detail=ESP-NOW peer not found
[2026-09-26T11:38:09.934Z] I (129604) RouteLoom: HIL PROBE tx peer=1 type=40 status=3 detail=ESP-NOW peer not found
[2026-09-26T11:38:09.942Z] I (129612) RouteLoom: HIL PROBE tx peer=1 type=40 status=3 detail=ESP-NOW peer not found
[2026-09-26T11:38:09.950Z] I (129619) RouteLoom: HIL PROBE tx peer=1 type=40 status=3 detail=ESP-NOW peer not found
[2026-09-26T11:38:09.957Z] I (129627) RouteLoom: HIL PROBE tx peer=1 type=40 status=3 detail=ESP-NOW peer not found
[2026-09-26T11:38:09.965Z] I (129635) RouteLoom: HIL PROBE tx peer=1 type=40 status=3 detail=ESP-NOW peer not found
[2026-09-26T11:38:09.973Z] I (129643) RouteLoom: HIL PROBE tx peer=1 type=40 status=3 detail=ESP-NOW peer not found
[2026-09-26T11:38:09.981Z] I (129651) RouteLoom: HIL PROBE tx peer=1 type=40 status=3 detail=ESP-NOW peer not found
[2026-09-26T11:38:09.988Z] I (129658) RouteLoom: HIL PROBE tx peer=1 type=40 status=3 detail=ESP-NOW peer not found
[2026-09-26T11:38:09.996Z] I (129666) RouteLoom: HIL PROBE tx peer=1 type=40 status=3 detail=ESP-NOW peer not found
[2026-09-26T11:38:10.004Z] I (129674) RouteLoom: HIL PROBE tx peer=1 type=40 status=3 detail=ESP-NOW peer not found
[2026-09-26T11:38:10.012Z] I (129682) RouteLoom: HIL PROBE tx peer=1 type=40 status=3 detail=ESP-NOW peer not found
[2026-09-26T11:38:10.020Z] I (129690) RouteLoom: HIL PROBE tx peer=1 type=40 status=3 detail=ESP-NOW peer not found
[2026-09-26T11:38:10.027Z] I (129698) RouteLoom: HIL PROBE tx peer=1 type=40 status=3 detail=ESP-NOW peer not found
[2026-09-26T11:38:10.035Z] I (129705) RouteLoom: HIL PROBE tx peer=1 type=40 status=3 detail=ESP-NOW peer not found
[2026-09-26T11:38:10.043Z] I (129713) RouteLoom: HIL PROBE tx peer=1 type=40 status=3 detail=ESP-NOW peer not found
[2026-09-26T11:38:10.051Z] I (129721) RouteLoom: HIL PROBE tx peer=1 type=40 status=3 detail=ESP-NOW peer not found
[2026-09-26T11:38:10.059Z] I (129728) RouteLoom: HIL PROBE tx peer=1 type=40 status=3 detail=ESP-NOW peer not found
[2026-09-26T11:38:10.067Z] I (129736) RouteLoom: HIL PROBE tx peer=1 type=40 status=3 detail=ESP-NOW peer not found
[2026-09-26T11:38:10.075Z] I (129743) RouteLoom: HIL PROBE tx peer=1 type=40 status=3 detail=ESP-NOW peer not found
[2026-09-26T11:38:10.082Z] I (129751) RouteLoom: HIL PROBE tx peer=1 type=40 status=3 detail=ESP-NOW peer not found
[2026-09-26T11:38:10.090Z] I (129759) RouteLoom: HIL PROBE tx peer=1 type=40 status=3 detail=ESP-NOW peer not found
[2026-09-26T11:38:10.098Z] I (129767) RouteLoom: HIL PROBE tx peer=1 type=40 status=3 detail=ESP-NOW peer not found
[2026-09-26T11:38:10.106Z] I (129775) RouteLoom: HIL PROBE tx peer=1 type=40 status=3 detail=ESP-NOW peer not found
[2026-09-26T11:38:10.113Z] I (129782) RouteLoom: HIL PROBE tx peer=1 type=40 status=3 detail=ESP-NOW peer not found
[2026-09-26T11:38:10.121Z] I (129790) RouteLoom: HIL PROBE tx peer=1 type=40 status=3 detail=ESP-NOW peer not found
[2026-09-26T11:38:10.129Z] I (129798) RouteLoom: HIL PROBE tx peer=1 type=40 status=3 detail=ESP-NOW peer not found
[2026-09-26T11:38:10.137Z] I (129806) RouteLoom: HIL PROBE tx peer=1 type=40 status=3 detail=ESP-NOW peer not found
[2026-09-26T11:38:10.145Z] I (129814) RouteLoom: HIL PROBE tx peer=1 type=40 status=3 detail=ESP-NOW peer not found
[2026-09-26T11:38:10.152Z] I (129822) RouteLoom: HIL PROBE tx peer=1 type=40 status=3 detail=ESP-NOW peer not found
[2026-09-26T11:38:10.160Z] I (129829) RouteLoom: HIL PROBE tx peer=1 type=40 status=3 detail=ESP-NOW peer not found
[2026-09-26T11:38:10.168Z] I (129837) RouteLoom: HIL PROBE tx peer=1 type=40 status=3 detail=ESP-NOW peer not found
[2026-09-26T11:38:10.176Z] I (129845) RouteLoom: HIL PROBE tx peer=1 type=40 status=3 detail=ESP-NOW peer not found
[2026-09-26T11:38:10.184Z] I (129853) RouteLoom: HIL PROBE tx peer=1 type=40 status=3 detail=ESP-NOW peer not found
[2026-09-26T11:38:10.192Z] I (129861) RouteLoom: HIL PROBE tx peer=1 type=40 status=3 detail=ESP-NOW peer not found
[2026-09-26T11:38:10.199Z] I (129868) RouteLoom: HIL PROBE tx peer=1 type=40 status=3 detail=ESP-NOW peer not found
[2026-09-26T11:38:10.207Z] I (129876) RouteLoom: HIL PROBE tx peer=1 type=40 status=3 detail=ESP-NOW peer not found
[2026-09-26T11:38:10.215Z] I (129884) RouteLoom: HIL PROBE tx peer=1 type=40 status=3 detail=ESP-NOW peer not found
[2026-09-26T11:38:10.223Z] I (129892) RouteLoom: HIL PROBE tx peer=1 type=40 status=3 detail=ESP-NOW peer not found
[2026-09-26T11:38:10.231Z] I (129900) RouteLoom: HIL PROBE tx peer=1 type=40 status=3 detail=ESP-NOW peer not found
[2026-09-26T11:38:10.238Z] I (129907) RouteLoom: HIL PROBE tx peer=1 type=40 status=3 detail=ESP-NOW peer not found
[2026-09-26T11:38:10.246Z] I (129915) RouteLoom: HIL PROBE tx peer=1 type=40 status=3 detail=ESP-NOW peer not found
[2026-09-26T11:38:10.254Z] I (129923) RouteLoom: HIL PROBE tx peer=1 type=40 status=3 detail=ESP-NOW peer not found
[2026-09-26T11:38:10.262Z] I (129931) RouteLoom: HIL PROBE tx peer=1 type=40 status=3 detail=ESP-NOW peer not found
[2026-09-26T11:38:10.270Z] I (129939) RouteLoom: HIL PROBE tx peer=1 type=40 status=3 detail=ESP-NOW peer not found
[2026-09-26T11:38:10.277Z] I (129947) RouteLoom: HIL PROBE tx peer=1 type=40 status=3 detail=ESP-NOW peer not found
[2026-09-26T11:38:10.286Z] I (129954) RouteLoom: HIL PROBE tx peer=1 type=40 status=3 detail=ESP-NOW peer not found
[2026-09-26T11:38:10.293Z] I (129962) RouteLoom: HIL PROBE tx peer=1 type=40 status=3 detail=ESP-NOW peer not found
[2026-09-26T11:38:10.302Z] I (129970) RouteLoom: HIL PROBE tx peer=1 type=40 status=3 detail=ESP-NOW peer not found
[2026-09-26T11:38:10.309Z] I (129978) RouteLoom: HIL PROBE tx peer=1 type=40 status=3 detail=ESP-NOW peer not found
[2026-09-26T11:38:10.316Z] I (129986) RouteLoom: HIL PROBE tx peer=1 type=40 status=3 detail=ESP-NOW peer not found
[2026-09-26T11:38:10.324Z] I (129993) RouteLoom: HIL PROBE tx peer=1 type=40 status=3 detail=ESP-NOW peer not found
[2026-09-26T11:38:10.332Z] I (130001) RouteLoom: HIL PROBE tx peer=1 type=40 status=3 detail=ESP-NOW peer not found
[2026-09-26T11:38:10.340Z] I (130009) RouteLoom: HIL PROBE tx peer=1 type=40 status=3 detail=ESP-NOW peer not found
[2026-09-26T11:38:10.348Z] I (130017) RouteLoom: HIL PROBE tx peer=1 type=40 status=3 detail=ESP-NOW peer not found
[2026-09-26T11:38:10.356Z] I (130025) RouteLoom: HIL PROBE tx peer=1 type=40 status=3 detail=ESP-NOW peer not found
[2026-09-26T11:38:10.363Z] I (130032) RouteLoom: HIL PROBE tx peer=1 type=40 status=3 detail=ESP-NOW peer not found
[2026-09-26T11:38:10.371Z] I (130040) RouteLoom: HIL PROBE tx peer=1 type=40 status=3 detail=ESP-NOW peer not found
[2026-09-26T11:38:10.379Z] I (130048) RouteLoom: HIL PROBE tx peer=1 type=40 status=3 detail=ESP-NOW peer not found
[2026-09-26T11:38:10.387Z] I (130056) RouteLoom: HIL PROBE tx peer=1 type=40 status=3 detail=ESP-NOW peer not found
[2026-09-26T11:38:10.395Z] I (130064) RouteLoom: HIL PROBE tx peer=1 type=40 status=3 detail=ESP-NOW peer not found
[2026-09-26T11:38:10.403Z] I (130072) RouteLoom: HIL PROBE tx peer=1 type=40 status=3 detail=ESP-NOW peer not found
[2026-09-26T11:38:10.410Z] I (130079) RouteLoom: HIL PROBE tx peer=1 type=40 status=3 detail=ESP-NOW peer not found
[2026-09-26T11:38:10.418Z] I (130087) RouteLoom: HIL PROBE tx peer=1 type=40 status=3 detail=ESP-NOW peer not found
[2026-09-26T11:38:10.426Z] I (130095) RouteLoom: HIL PROBE tx peer=1 type=40 status=3 detail=ESP-NOW peer not found
[2026-09-26T11:38:10.434Z] I (130103) RouteLoom: HIL PROBE tx peer=1 type=40 status=3 detail=ESP-NOW peer not found
[2026-09-26T11:38:10.441Z] I (130111) RouteLoom: HIL PROBE tx peer=1 type=40 status=3 detail=ESP-NOW peer not found
[2026-09-26T11:38:10.450Z] I (130118) RouteLoom: HIL PROBE tx peer=1 type=40 status=3 detail=ESP-NOW peer not found
[2026-09-26T11:38:10.457Z] I (130126) RouteLoom: HIL PROBE tx peer=1 type=40 status=3 detail=ESP-NOW peer not found
[2026-09-26T11:38:10.465Z] I (130134) RouteLoom: HIL PROBE tx peer=1 type=40 status=3 detail=ESP-NOW peer not found
[2026-09-26T11:38:10.475Z] I (130142) RouteLoom: HIL PROBE tx peer=1 type=40 status=3 detail=ESP-NOW peer not found
[2026-09-26T11:38:10.481Z] I (130150) RouteLoom: HIL PROBE tx peer=1 type=40 status=3 detail=ESP-NOW peer not found
[2026-09-26T11:38:10.488Z] I (130157) RouteLoom: HIL PROBE tx peer=1 type=40 status=3 detail=ESP-NOW peer not found
[2026-09-26T11:38:10.496Z] I (130165) RouteLoom: HIL PROBE tx peer=1 type=40 status=3 detail=ESP-NOW peer not found
[2026-09-26T11:38:10.504Z] I (130173) RouteLoom: HIL PROBE tx peer=1 type=40 status=3 detail=ESP-NOW peer not found
[2026-09-26T11:38:10.512Z] I (130181) RouteLoom: HIL PROBE tx peer=1 type=40 status=3 detail=ESP-NOW peer not found
[2026-09-26T11:38:10.520Z] I (130189) RouteLoom: HIL PROBE tx peer=1 type=40 status=3 detail=ESP-NOW peer not found
[2026-09-26T11:38:10.528Z] I (130196) RouteLoom: HIL PROBE tx peer=1 type=40 status=3 detail=ESP-NOW peer not found
[2026-09-26T11:38:10.535Z] I (130204) RouteLoom: HIL PROBE tx peer=1 type=40 status=3 detail=ESP-NOW peer not found
[2026-09-26T11:38:10.543Z] I (130212) RouteLoom: HIL PROBE tx peer=1 type=40 status=3 detail=ESP-NOW peer not found
[2026-09-26T11:38:10.551Z] I (130220) RouteLoom: HIL PROBE tx peer=1 type=40 status=3 detail=ESP-NOW peer not found
[2026-09-26T11:38:10.559Z] I (130228) RouteLoom: HIL PROBE tx peer=1 type=40 status=3 detail=ESP-NOW peer not found
[2026-09-26T11:38:10.566Z] I (130236) RouteLoom: HIL PROBE tx peer=1 type=40 status=3 detail=ESP-NOW peer not found
[2026-09-26T11:38:10.574Z] I (130243) RouteLoom: HIL PROBE tx peer=1 type=40 status=3 detail=ESP-NOW peer not found
[2026-09-26T11:38:10.582Z] I (130251) RouteLoom: HIL PROBE tx peer=1 type=40 status=3 detail=ESP-NOW peer not found
[2026-09-26T11:38:10.590Z] I (130259) RouteLoom: HIL PROBE tx peer=1 type=40 status=3 detail=ESP-NOW peer not found
[2026-09-26T11:38:10.598Z] I (130267) RouteLoom: HIL PROBE tx peer=1 type=40 status=3 detail=ESP-NOW peer not found
[2026-09-26T11:38:10.606Z] I (130275) RouteLoom: HIL PROBE tx peer=1 type=40 status=3 detail=ESP-NOW peer not found
[2026-09-26T11:38:10.613Z] I (130282) RouteLoom: HIL PROBE tx peer=1 type=40 status=3 detail=ESP-NOW peer not found
[2026-09-26T11:38:10.621Z] I (130290) RouteLoom: HIL PROBE tx peer=1 type=40 status=3 detail=ESP-NOW peer not found
[2026-09-26T11:38:10.629Z] I (130298) RouteLoom: HIL PROBE tx peer=1 type=40 status=3 detail=ESP-NOW peer not found
[2026-09-26T11:38:10.637Z] I (130306) RouteLoom: HIL PROBE tx peer=1 type=40 status=3 detail=ESP-NOW peer not found
[2026-09-26T11:38:10.645Z] I (130314) RouteLoom: HIL PROBE tx peer=1 type=40 status=3 detail=ESP-NOW peer not found
[2026-09-26T11:38:10.652Z] I (130321) RouteLoom: HIL PROBE tx peer=1 type=40 status=3 detail=ESP-NOW peer not found
[2026-09-26T11:38:10.660Z] I (130329) RouteLoom: HIL PROBE tx peer=1 type=40 status=3 detail=ESP-NOW peer not found
[2026-09-26T11:38:10.668Z] I (130337) RouteLoom: HIL PROBE tx peer=1 type=40 status=3 detail=ESP-NOW peer not found
[2026-09-26T11:38:10.676Z] I (130345) RouteLoom: HIL PROBE tx peer=1 type=40 status=3 detail=ESP-NOW peer not found
[2026-09-26T11:38:10.684Z] I (130353) RouteLoom: HIL PROBE tx peer=1 type=40 status=3 detail=ESP-NOW peer not found
[2026-09-26T11:38:10.691Z] I (130361) RouteLoom: HIL PROBE tx peer=1 type=40 status=3 detail=ESP-NOW peer not found
[2026-09-26T11:38:10.699Z] I (130368) RouteLoom: HIL PROBE tx peer=1 type=40 status=3 detail=ESP-NOW peer not found
[2026-09-26T11:38:10.707Z] I (130376) RouteLoom: HIL PROBE tx peer=1 type=40 status=3 detail=ESP-NOW peer not found
[2026-09-26T11:38:10.715Z] I (130384) RouteLoom: HIL PROBE tx peer=1 type=40 status=3 detail=ESP-NOW peer not found
[2026-09-26T11:38:10.723Z] I (130392) RouteLoom: HIL PROBE tx peer=1 type=40 status=3 detail=ESP-NOW peer not found
[2026-09-26T11:38:10.733Z] I (130400) RouteLoom: HIL PROBE tx peer=1 type=40 status=3 detail=ESP-NOW peer not found
[2026-09-26T11:38:10.738Z] I (130407) RouteLoom: HIL PROBE tx peer=1 type=40 status=3 detail=ESP-NOW peer not found
[2026-09-26T11:38:10.746Z] I (130415) RouteLoom: HIL PROBE tx peer=1 type=40 status=3 detail=ESP-NOW peer not found
[2026-09-26T11:38:10.754Z] I (130423) RouteLoom: HIL PROBE tx peer=1 type=40 status=3 detail=ESP-NOW peer not found
[2026-09-26T11:38:10.762Z] I (130431) RouteLoom: HIL PROBE tx peer=1 type=40 status=3 detail=ESP-NOW peer not found
[2026-09-26T11:38:10.770Z] I (130439) RouteLoom: HIL PROBE tx peer=1 type=40 status=3 detail=ESP-NOW peer not found
[2026-09-26T11:38:10.777Z] I (130446) RouteLoom: HIL PROBE tx peer=1 type=40 status=3 detail=ESP-NOW peer not found
[2026-09-26T11:38:10.785Z] I (130454) RouteLoom: HIL PROBE tx peer=1 type=40 status=3 detail=ESP-NOW peer not found
[2026-09-26T11:38:10.793Z] I (130462) RouteLoom: HIL PROBE tx peer=1 type=40 status=3 detail=ESP-NOW peer not found
[2026-09-26T11:38:10.801Z] I (130470) RouteLoom: HIL PROBE tx peer=1 type=40 status=3 detail=ESP-NOW peer not found
[2026-09-26T11:38:10.809Z] I (130478) RouteLoom: HIL PROBE tx peer=1 type=40 status=3 detail=ESP-NOW peer not found
[2026-09-26T11:38:10.816Z] I (130486) RouteLoom: HIL PROBE tx peer=1 type=40 status=3 detail=ESP-NOW peer not found
[2026-09-26T11:38:10.824Z] I (130493) RouteLoom: HIL PROBE tx peer=1 type=40 status=3 detail=ESP-NOW peer not found
[2026-09-26T11:38:10.832Z] I (130501) RouteLoom: HIL PROBE tx peer=1 type=40 status=3 detail=ESP-NOW peer not found
[2026-09-26T11:38:10.840Z] I (130509) RouteLoom: HIL PROBE tx peer=1 type=40 status=3 detail=ESP-NOW peer not found
[2026-09-26T11:38:10.848Z] I (130517) RouteLoom: HIL PROBE tx peer=1 type=40 status=3 detail=ESP-NOW peer not found
[2026-09-26T11:38:10.856Z] I (130525) RouteLoom: HIL PROBE tx peer=1 type=40 status=3 detail=ESP-NOW peer not found
[2026-09-26T11:38:10.864Z] I (130532) RouteLoom: HIL PROBE tx peer=1 type=40 status=3 detail=ESP-NOW peer not found
[2026-09-26T11:38:10.871Z] I (130540) RouteLoom: HIL PROBE tx peer=1 type=40 status=3 detail=ESP-NOW peer not found
[2026-09-26T11:38:10.879Z] I (130548) RouteLoom: HIL PROBE tx peer=1 type=40 status=3 detail=ESP-NOW peer not found
[2026-09-26T11:38:10.887Z] I (130556) RouteLoom: HIL PROBE tx peer=1 type=40 status=3 detail=ESP-NOW peer not found
[2026-09-26T11:38:10.895Z] I (130564) RouteLoom: HIL PROBE tx peer=1 type=40 status=3 detail=ESP-NOW peer not found
[2026-09-26T11:38:10.902Z] I (130571) RouteLoom: HIL PROBE tx peer=1 type=40 status=3 detail=ESP-NOW peer not found
[2026-09-26T11:38:10.910Z] I (130579) RouteLoom: HIL PROBE tx peer=1 type=40 status=3 detail=ESP-NOW peer not found
[2026-09-26T11:38:10.918Z] I (130587) RouteLoom: HIL PROBE tx peer=1 type=40 status=3 detail=ESP-NOW peer not found
[2026-09-26T11:38:10.926Z] I (130595) RouteLoom: HIL PROBE tx peer=1 type=40 status=3 detail=ESP-NOW peer not found
[2026-09-26T11:38:10.934Z] I (130603) RouteLoom: HIL PROBE tx peer=1 type=40 status=3 detail=ESP-NOW peer not found
[2026-09-26T11:38:10.942Z] I (130611) RouteLoom: HIL PROBE tx peer=1 type=40 status=3 detail=ESP-NOW peer not found
[2026-09-26T11:38:10.949Z] I (130618) RouteLoom: HIL PROBE tx peer=1 type=40 status=3 detail=ESP-NOW peer not found
[2026-09-26T11:38:10.957Z] I (130626) RouteLoom: HIL PROBE tx peer=1 type=40 status=3 detail=ESP-NOW peer not found
[2026-09-26T11:38:10.965Z] I (130634) RouteLoom: HIL PROBE tx peer=1 type=40 status=3 detail=ESP-NOW peer not found
[2026-09-26T11:38:10.973Z] I (130642) RouteLoom: HIL PROBE tx peer=1 type=40 status=3 detail=ESP-NOW peer not found
[2026-09-26T11:38:10.980Z] I (130650) RouteLoom: HIL PROBE tx peer=1 type=40 status=3 detail=ESP-NOW peer not found
[2026-09-26T11:38:10.988Z] I (130657) RouteLoom: HIL PROBE tx peer=1 type=40 status=3 detail=ESP-NOW peer not found
[2026-09-26T11:38:10.996Z] I (130665) RouteLoom: HIL PROBE tx peer=1 type=40 status=3 detail=ESP-NOW peer not found
[2026-09-26T11:38:11.004Z] I (130673) RouteLoom: HIL PROBE tx peer=1 type=40 status=3 detail=ESP-NOW peer not found
[2026-09-26T11:38:11.012Z] I (130681) RouteLoom: HIL PROBE tx peer=1 type=40 status=3 detail=ESP-NOW peer not found
[2026-09-26T11:38:11.020Z] I (130689) RouteLoom: HIL PROBE tx peer=1 type=40 status=3 detail=ESP-NOW peer not found
[2026-09-26T11:38:11.027Z] I (130696) RouteLoom: HIL PROBE tx peer=1 type=40 status=3 detail=ESP-NOW peer not found
[2026-09-26T11:38:11.035Z] I (130704) RouteLoom: HIL PROBE tx peer=1 type=40 status=3 detail=ESP-NOW peer not found
[2026-09-26T11:38:11.043Z] I (130712) RouteLoom: HIL PROBE tx peer=1 type=40 status=3 detail=ESP-NOW peer not found
[2026-09-26T11:38:11.051Z] I (130720) RouteLoom: HIL PROBE tx peer=1 type=40 status=3 detail=ESP-NOW peer not found
[2026-09-26T11:38:11.059Z] I (130728) RouteLoom: HIL PROBE tx peer=1 type=40 status=3 detail=ESP-NOW peer not found
[2026-09-26T11:38:11.066Z] I (130735) RouteLoom: HIL PROBE tx peer=1 type=40 status=3 detail=ESP-NOW peer not found
[2026-09-26T11:38:11.074Z] I (130743) RouteLoom: HIL PROBE tx peer=1 type=40 status=3 detail=ESP-NOW peer not found
[2026-09-26T11:38:11.082Z] I (130751) RouteLoom: HIL PROBE tx peer=1 type=40 status=3 detail=ESP-NOW peer not found
[2026-09-26T11:38:11.090Z] I (130759) RouteLoom: HIL PROBE tx peer=1 type=40 status=3 detail=ESP-NOW peer not found
[2026-09-26T11:38:11.098Z] I (130767) RouteLoom: HIL PROBE tx peer=1 type=40 status=3 detail=ESP-NOW peer not found
[2026-09-26T11:38:11.105Z] I (130775) RouteLoom: HIL PROBE tx peer=1 type=40 status=3 detail=ESP-NOW peer not found
[2026-09-26T11:38:11.113Z] I (130782) RouteLoom: HIL PROBE tx peer=1 type=40 status=3 detail=ESP-NOW peer not found
[2026-09-26T11:38:11.121Z] I (130790) RouteLoom: HIL PROBE tx peer=1 type=40 status=3 detail=ESP-NOW peer not found
[2026-09-26T11:38:11.129Z] I (130798) RouteLoom: HIL PROBE tx peer=1 type=40 status=3 detail=ESP-NOW peer not found
[2026-09-26T11:38:11.137Z] I (130806) RouteLoom: HIL PROBE tx peer=1 type=40 status=3 detail=ESP-NOW peer not found
[2026-09-26T11:38:11.145Z] I (130814) RouteLoom: HIL PROBE tx peer=1 type=40 status=3 detail=ESP-NOW peer not found
[2026-09-26T11:38:11.152Z] I (130821) RouteLoom: HIL PROBE tx peer=1 type=40 status=3 detail=ESP-NOW peer not found
[2026-09-26T11:38:11.160Z] I (130829) RouteLoom: HIL PROBE tx peer=1 type=40 status=3 detail=ESP-NOW peer not found
[2026-09-26T11:38:11.168Z] I (130837) RouteLoom: HIL PROBE tx peer=1 type=40 status=3 detail=ESP-NOW peer not found
[2026-09-26T11:38:11.178Z] I (130845) RouteLoom: HIL PROBE tx peer=1 type=40 status=3 detail=ESP-NOW peer not found
[2026-09-26T11:38:11.184Z] I (130853) RouteLoom: HIL PROBE tx peer=1 type=40 status=3 detail=ESP-NOW peer not found
[2026-09-26T11:38:11.192Z] I (130860) RouteLoom: HIL PROBE tx peer=1 type=40 status=3 detail=ESP-NOW peer not found
[2026-09-26T11:38:11.199Z] I (130868) RouteLoom: HIL PROBE tx peer=1 type=40 status=3 detail=ESP-NOW peer not found
[2026-09-26T11:38:11.208Z] I (130876) RouteLoom: HIL PROBE tx peer=1 type=40 status=3 detail=ESP-NOW peer not found
[2026-09-26T11:38:11.215Z] I (130884) RouteLoom: HIL PROBE tx peer=1 type=40 status=3 detail=ESP-NOW peer not found
[2026-09-26T11:38:11.223Z] I (130892) RouteLoom: HIL PROBE tx peer=1 type=40 status=3 detail=ESP-NOW peer not found
[2026-09-26T11:38:11.231Z] I (130900) RouteLoom: HIL PROBE tx peer=1 type=40 status=3 detail=ESP-NOW peer not found
[2026-09-26T11:38:11.239Z] I (130907) RouteLoom: HIL PROBE tx peer=1 type=40 status=3 detail=ESP-NOW peer not found
[2026-09-26T11:38:11.246Z] I (130915) RouteLoom: HIL PROBE tx peer=1 type=40 status=3 detail=ESP-NOW peer not found
[2026-09-26T11:38:11.254Z] I (130923) RouteLoom: HIL PROBE tx peer=1 type=40 status=3 detail=ESP-NOW peer not found
[2026-09-26T11:38:11.262Z] I (130931) RouteLoom: HIL PROBE tx peer=1 type=40 status=3 detail=ESP-NOW peer not found
[2026-09-26T11:38:11.270Z] I (130939) RouteLoom: HIL PROBE tx peer=1 type=40 status=3 detail=ESP-NOW peer not found
[2026-09-26T11:38:11.278Z] I (130946) RouteLoom: HIL PROBE tx peer=1 type=40 status=3 detail=ESP-NOW peer not found
[2026-09-26T11:38:11.286Z] I (130954) RouteLoom: HIL PROBE tx peer=1 type=40 status=3 detail=ESP-NOW peer not found
[2026-09-26T11:38:11.293Z] I (130962) RouteLoom: HIL PROBE tx peer=1 type=40 status=3 detail=ESP-NOW peer not found
[2026-09-26T11:38:11.301Z] I (130970) RouteLoom: HIL PROBE tx peer=1 type=40 status=3 detail=ESP-NOW peer not found
[2026-09-26T11:38:11.309Z] I (130978) RouteLoom: HIL PROBE tx peer=1 type=40 status=3 detail=ESP-NOW peer not found
[2026-09-26T11:38:11.317Z] I (130985) RouteLoom: HIL PROBE tx peer=1 type=40 status=3 detail=ESP-NOW peer not found
[2026-09-26T11:38:11.324Z] I (130993) RouteLoom: HIL PROBE tx peer=1 type=40 status=3 detail=ESP-NOW peer not found
[2026-09-26T11:38:11.332Z] I (131001) RouteLoom: HIL PROBE tx peer=1 type=40 status=3 detail=ESP-NOW peer not found
[2026-09-26T11:38:11.340Z] I (131009) RouteLoom: HIL PROBE tx peer=1 type=40 status=3 detail=ESP-NOW peer not found
[2026-09-26T11:38:11.348Z] I (131017) RouteLoom: HIL PROBE tx peer=1 type=40 status=3 detail=ESP-NOW peer not found
[2026-09-26T11:38:11.355Z] I (131025) RouteLoom: HIL PROBE tx peer=1 type=40 status=3 detail=ESP-NOW peer not found
[2026-09-26T11:38:11.364Z] I (131032) RouteLoom: HIL PROBE tx peer=1 type=40 status=3 detail=ESP-NOW peer not found
[2026-09-26T11:38:11.372Z] I (131040) RouteLoom: HIL PROBE tx peer=1 type=40 status=3 detail=ESP-NOW peer not found
[2026-09-26T11:38:11.379Z] I (131048) RouteLoom: HIL PROBE tx peer=1 type=40 status=3 detail=ESP-NOW peer not found
[2026-09-26T11:38:11.387Z] I (131056) RouteLoom: HIL PROBE tx peer=1 type=40 status=3 detail=ESP-NOW peer not found
[2026-09-26T11:38:11.395Z] I (131064) RouteLoom: HIL PROBE tx peer=1 type=40 status=3 detail=ESP-NOW peer not found
[2026-09-26T11:38:11.402Z] I (131071) RouteLoom: HIL PROBE tx peer=1 type=40 status=3 detail=ESP-NOW peer not found
[2026-09-26T11:38:11.410Z] I (131079) RouteLoom: HIL PROBE tx peer=1 type=40 status=3 detail=ESP-NOW peer not found
[2026-09-26T11:38:11.418Z] I (131087) RouteLoom: HIL PROBE tx peer=1 type=40 status=3 detail=ESP-NOW peer not found
[2026-09-26T11:38:11.426Z] I (131095) RouteLoom: HIL PROBE tx peer=1 type=40 status=3 detail=ESP-NOW peer not found
[2026-09-26T11:38:11.434Z] I (131103) RouteLoom: HIL PROBE tx peer=1 type=40 status=3 detail=ESP-NOW peer not found
[2026-09-26T11:38:11.442Z] I (131110) RouteLoom: HIL PROBE tx peer=1 type=40 status=3 detail=ESP-NOW peer not found
[2026-09-26T11:38:11.449Z] I (131118) RouteLoom: HIL PROBE tx peer=1 type=40 status=3 detail=ESP-NOW peer not found
[2026-09-26T11:38:11.457Z] I (131126) RouteLoom: HIL PROBE tx peer=1 type=40 status=3 detail=ESP-NOW peer not found
[2026-09-26T11:38:11.465Z] I (131134) RouteLoom: HIL PROBE tx peer=1 type=40 status=3 detail=ESP-NOW peer not found
[2026-09-26T11:38:11.473Z] I (131142) RouteLoom: HIL PROBE tx peer=1 type=40 status=3 detail=ESP-NOW peer not found
[2026-09-26T11:38:11.481Z] I (131150) RouteLoom: HIL PROBE tx peer=1 type=40 status=3 detail=ESP-NOW peer not found
[2026-09-26T11:38:11.489Z] I (131157) RouteLoom: HIL PROBE tx peer=1 type=40 status=3 detail=ESP-NOW peer not found
[2026-09-26T11:38:11.496Z] I (131165) RouteLoom: HIL PROBE tx peer=1 type=40 status=3 detail=ESP-NOW peer not found
[2026-09-26T11:38:11.504Z] I (131173) RouteLoom: HIL PROBE tx peer=1 type=40 status=3 detail=ESP-NOW peer not found
[2026-09-26T11:38:11.512Z] I (131181) RouteLoom: HIL PROBE tx peer=1 type=40 status=3 detail=ESP-NOW peer not found
[2026-09-26T11:38:11.519Z] I (131189) RouteLoom: HIL PROBE tx peer=1 type=40 status=3 detail=ESP-NOW peer not found
[2026-09-26T11:38:11.528Z] I (131196) RouteLoom: HIL PROBE tx peer=1 type=40 status=3 detail=ESP-NOW peer not found
[2026-09-26T11:38:11.535Z] I (131204) RouteLoom: HIL PROBE tx peer=1 type=40 status=3 detail=ESP-NOW peer not found
[2026-09-26T11:38:11.543Z] I (131212) RouteLoom: HIL PROBE tx peer=1 type=40 status=3 detail=ESP-NOW peer not found
[2026-09-26T11:38:11.551Z] I (131220) RouteLoom: HIL PROBE tx peer=1 type=40 status=3 detail=ESP-NOW peer not found
[2026-09-26T11:38:11.559Z] I (131228) RouteLoom: HIL PROBE tx peer=1 type=40 status=3 detail=ESP-NOW peer not found
[2026-09-26T11:38:11.566Z] I (131235) RouteLoom: HIL PROBE tx peer=1 type=40 status=3 detail=ESP-NOW peer not found
[2026-09-26T11:38:11.574Z] I (131243) RouteLoom: HIL PROBE tx peer=1 type=40 status=3 detail=ESP-NOW peer not found
[2026-09-26T11:38:11.582Z] I (131251) RouteLoom: HIL PROBE tx peer=1 type=40 status=3 detail=ESP-NOW peer not found
[2026-09-26T11:38:11.590Z] I (131259) RouteLoom: HIL PROBE tx peer=1 type=40 status=3 detail=ESP-NOW peer not found
[2026-09-26T11:38:11.598Z] I (131267) RouteLoom: HIL PROBE tx peer=1 type=40 status=3 detail=ESP-NOW peer not found
[2026-09-26T11:38:11.606Z] I (131275) RouteLoom: HIL PROBE tx peer=1 type=40 status=3 detail=ESP-NOW peer not found
[2026-09-26T11:38:11.614Z] I (131282) RouteLoom: HIL PROBE tx peer=1 type=40 status=3 detail=ESP-NOW peer not found
[2026-09-26T11:38:11.621Z] I (131290) RouteLoom: HIL PROBE tx peer=1 type=40 status=3 detail=ESP-NOW peer not found
[2026-09-26T11:38:11.629Z] I (131298) RouteLoom: HIL PROBE tx peer=1 type=40 status=3 detail=ESP-NOW peer not found
[2026-09-26T11:38:11.637Z] I (131306) RouteLoom: HIL PROBE tx peer=1 type=40 status=3 detail=ESP-NOW peer not found
[2026-09-26T11:38:11.645Z] I (131314) RouteLoom: HIL PROBE tx peer=1 type=40 status=3 detail=ESP-NOW peer not found
[2026-09-26T11:38:11.652Z] I (131321) RouteLoom: HIL PROBE tx peer=1 type=40 status=3 detail=ESP-NOW peer not found
[2026-09-26T11:38:11.660Z] I (131329) RouteLoom: HIL PROBE tx peer=1 type=40 status=3 detail=ESP-NOW peer not found
[2026-09-26T11:38:11.668Z] I (131337) RouteLoom: HIL PROBE tx peer=1 type=40 status=3 detail=ESP-NOW peer not found
[2026-09-26T11:38:11.676Z] I (131345) RouteLoom: HIL PROBE tx peer=1 type=40 status=3 detail=ESP-NOW peer not found
[2026-09-26T11:38:11.685Z] I (131353) RouteLoom: HIL PROBE tx peer=1 type=40 status=3 detail=ESP-NOW peer not found
[2026-09-26T11:38:11.692Z] I (131360) RouteLoom: HIL PROBE tx peer=1 type=40 status=3 detail=ESP-NOW peer not found
[2026-09-26T11:38:11.699Z] I (131368) RouteLoom: HIL PROBE tx peer=1 type=40 status=3 detail=ESP-NOW peer not found
[2026-09-26T11:38:11.707Z] I (131376) RouteLoom: HIL PROBE tx peer=1 type=40 status=3 detail=ESP-NOW peer not found
[2026-09-26T11:38:11.715Z] I (131384) RouteLoom: HIL PROBE tx peer=1 type=40 status=3 detail=ESP-NOW peer not found
[2026-09-26T11:38:11.723Z] I (131392) RouteLoom: HIL PROBE tx peer=1 type=40 status=3 detail=ESP-NOW peer not found
[2026-09-26T11:38:11.730Z] I (131400) RouteLoom: HIL PROBE tx peer=1 type=40 status=3 detail=ESP-NOW peer not found
[2026-09-26T11:38:11.738Z] I (131407) RouteLoom: HIL PROBE tx peer=1 type=40 status=3 detail=ESP-NOW peer not found
[2026-09-26T11:38:11.746Z] I (131415) RouteLoom: HIL PROBE tx peer=1 type=40 status=3 detail=ESP-NOW peer not found
[2026-09-26T11:38:11.754Z] I (131423) RouteLoom: HIL PROBE tx peer=1 type=40 status=3 detail=ESP-NOW peer not found
[2026-09-26T11:38:11.762Z] I (131431) RouteLoom: HIL PROBE tx peer=1 type=40 status=3 detail=ESP-NOW peer not found
[2026-09-26T11:38:11.770Z] I (131439) RouteLoom: HIL PROBE tx peer=1 type=40 status=3 detail=ESP-NOW peer not found
[2026-09-26T11:38:11.777Z] I (131446) RouteLoom: HIL PROBE tx peer=1 type=40 status=3 detail=ESP-NOW peer not found
[2026-09-26T11:38:11.785Z] I (131454) RouteLoom: HIL PROBE tx peer=1 type=40 status=3 detail=ESP-NOW peer not found
[2026-09-26T11:38:11.793Z] I (131462) RouteLoom: HIL PROBE tx peer=1 type=40 status=3 detail=ESP-NOW peer not found
[2026-09-26T11:38:11.801Z] I (131470) RouteLoom: HIL PROBE tx peer=1 type=40 status=3 detail=ESP-NOW peer not found
[2026-09-26T11:38:11.809Z] I (131478) RouteLoom: HIL PROBE tx peer=1 type=40 status=3 detail=ESP-NOW peer not found
[2026-09-26T11:38:11.816Z] I (131485) RouteLoom: HIL PROBE tx peer=1 type=40 status=3 detail=ESP-NOW peer not found
[2026-09-26T11:38:11.824Z] I (131493) RouteLoom: HIL PROBE tx peer=1 type=40 status=3 detail=ESP-NOW peer not found
[2026-09-26T11:38:11.832Z] I (131501) RouteLoom: HIL PROBE tx peer=1 type=40 status=3 detail=ESP-NOW peer not found
[2026-09-26T11:38:11.840Z] I (131509) RouteLoom: HIL PROBE tx peer=1 type=40 status=3 detail=ESP-NOW peer not found
[2026-09-26T11:38:11.848Z] I (131517) RouteLoom: HIL PROBE tx peer=1 type=40 status=3 detail=ESP-NOW peer not found
[2026-09-26T11:38:11.855Z] I (131524) RouteLoom: HIL PROBE tx peer=1 type=40 status=3 detail=ESP-NOW peer not found
[2026-09-26T11:38:11.863Z] I (131532) RouteLoom: HIL PROBE tx peer=1 type=40 status=3 detail=ESP-NOW peer not found
[2026-09-26T11:38:11.875Z] I (131540) RouteLoom: HIL PROBE tx peer=1 type=40 status=3 detail=ESP-NOW peer not found
[2026-09-26T11:38:11.879Z] I (131548) RouteLoom: HIL PROBE tx peer=1 type=40 status=3 detail=ESP-NOW peer not found
[2026-09-26T11:38:11.887Z] I (131556) RouteLoom: HIL PROBE tx peer=1 type=40 status=3 detail=ESP-NOW peer not found
[2026-09-26T11:38:11.894Z] I (131564) RouteLoom: HIL PROBE tx peer=1 type=40 status=3 detail=ESP-NOW peer not found
[2026-09-26T11:38:11.902Z] I (131571) RouteLoom: HIL PROBE tx peer=1 type=40 status=3 detail=ESP-NOW peer not found
[2026-09-26T11:38:11.910Z] I (131579) RouteLoom: HIL PROBE tx peer=1 type=40 status=3 detail=ESP-NOW peer not found
[2026-09-26T11:38:11.918Z] I (131587) RouteLoom: HIL PROBE tx peer=1 type=40 status=3 detail=ESP-NOW peer not found
[2026-09-26T11:38:11.926Z] I (131595) RouteLoom: HIL PROBE tx peer=1 type=40 status=3 detail=ESP-NOW peer not found
[2026-09-26T11:38:11.934Z] I (131603) RouteLoom: HIL PROBE tx peer=1 type=40 status=3 detail=ESP-NOW peer not found
[2026-09-26T11:38:11.941Z] I (131610) RouteLoom: HIL PROBE tx peer=1 type=40 status=3 detail=ESP-NOW peer not found
[2026-09-26T11:38:11.949Z] I (131618) RouteLoom: HIL PROBE tx peer=1 type=40 status=3 detail=ESP-NOW peer not found
[2026-09-26T11:38:11.957Z] I (131626) RouteLoom: HIL PROBE tx peer=1 type=40 status=3 detail=ESP-NOW peer not found
[2026-09-26T11:38:11.965Z] I (131634) RouteLoom: HIL PROBE tx peer=1 type=40 status=3 detail=ESP-NOW peer not found
[2026-09-26T11:38:11.973Z] I (131642) RouteLoom: HIL PROBE tx peer=1 type=40 status=3 detail=ESP-NOW peer not found
[2026-09-26T11:38:11.981Z] I (131651) RouteLoom: HIL PROBE tx peer=1 type=40 status=3 detail=ESP-NOW peer not found
[2026-09-26T11:38:11.988Z] I (131657) RouteLoom: HIL PROBE tx peer=1 type=40 status=3 detail=ESP-NOW peer not found
[2026-09-26T11:38:11.996Z] I (131665) RouteLoom: HIL PROBE tx peer=1 type=40 status=3 detail=ESP-NOW peer not found
[2026-09-26T11:38:12.004Z] I (131673) RouteLoom: HIL PROBE tx peer=1 type=40 status=3 detail=ESP-NOW peer not found
[2026-09-26T11:38:12.012Z] I (131681) RouteLoom: HIL PROBE tx peer=1 type=40 status=3 detail=ESP-NOW peer not found
[2026-09-26T11:38:12.019Z] I (131689) RouteLoom: HIL PROBE tx peer=1 type=40 status=3 detail=ESP-NOW peer not found
[2026-09-26T11:38:12.027Z] I (131696) RouteLoom: HIL PROBE tx peer=1 type=40 status=3 detail=ESP-NOW peer not found
[2026-09-26T11:38:12.036Z] I (131704) RouteLoom: HIL PROBE tx peer=1 type=40 status=3 detail=ESP-NOW peer not found
[2026-09-26T11:38:12.043Z] I (131712) RouteLoom: HIL PROBE tx peer=1 type=40 status=3 detail=ESP-NOW peer not found
[2026-09-26T11:38:12.051Z] I (131720) RouteLoom: HIL PROBE tx peer=1 type=40 status=3 detail=ESP-NOW peer not found
[2026-09-26T11:38:12.059Z] I (131728) RouteLoom: HIL PROBE tx peer=1 type=40 status=3 detail=ESP-NOW peer not found
[2026-09-26T11:38:12.067Z] I (131735) RouteLoom: HIL PROBE tx peer=1 type=40 status=3 detail=ESP-NOW peer not found
[2026-09-26T11:38:12.074Z] I (131743) RouteLoom: HIL PROBE tx peer=1 type=40 status=3 detail=ESP-NOW peer not found
[2026-09-26T11:38:12.082Z] I (131751) RouteLoom: HIL PROBE tx peer=1 type=40 status=3 detail=ESP-NOW peer not found
[2026-09-26T11:38:12.090Z] I (131759) RouteLoom: HIL PROBE tx peer=1 type=40 status=3 detail=ESP-NOW peer not found
[2026-09-26T11:38:12.098Z] I (131767) RouteLoom: HIL PROBE tx peer=1 type=40 status=3 detail=ESP-NOW peer not found
[2026-09-26T11:38:12.105Z] I (131774) RouteLoom: HIL PROBE tx peer=1 type=40 status=3 detail=ESP-NOW peer not found
[2026-09-26T11:38:12.113Z] I (131782) RouteLoom: HIL PROBE tx peer=1 type=40 status=3 detail=ESP-NOW peer not found
[2026-09-26T11:38:12.121Z] I (131790) RouteLoom: HIL PROBE tx peer=1 type=40 status=3 detail=ESP-NOW peer not found
[2026-09-26T11:38:12.129Z] I (131798) RouteLoom: HIL PROBE tx peer=1 type=40 status=3 detail=ESP-NOW peer not found
[2026-09-26T11:38:12.137Z] I (131806) RouteLoom: HIL PROBE tx peer=1 type=40 status=3 detail=ESP-NOW peer not found
[2026-09-26T11:38:12.144Z] I (131814) RouteLoom: HIL PROBE tx peer=1 type=40 status=3 detail=ESP-NOW peer not found
[2026-09-26T11:38:12.152Z] I (131821) RouteLoom: HIL PROBE tx peer=1 type=40 status=3 detail=ESP-NOW peer not found
[2026-09-26T11:38:12.160Z] I (131829) RouteLoom: HIL PROBE tx peer=1 type=40 status=3 detail=ESP-NOW peer not found
[2026-09-26T11:38:12.168Z] I (131837) RouteLoom: HIL PROBE tx peer=1 type=40 status=3 detail=ESP-NOW peer not found
[2026-09-26T11:38:12.176Z] I (131845) RouteLoom: HIL PROBE tx peer=1 type=40 status=3 detail=ESP-NOW peer not found
[2026-09-26T11:38:12.184Z] I (131853) RouteLoom: HIL PROBE tx peer=1 type=40 status=3 detail=ESP-NOW peer not found
[2026-09-26T11:38:12.191Z] I (131860) RouteLoom: HIL PROBE tx peer=1 type=40 status=3 detail=ESP-NOW peer not found
[2026-09-26T11:38:12.199Z] I (131868) RouteLoom: HIL PROBE tx peer=1 type=40 status=3 detail=ESP-NOW peer not found
[2026-09-26T11:38:12.207Z] I (131876) RouteLoom: HIL PROBE tx peer=1 type=40 status=3 detail=ESP-NOW peer not found
[2026-09-26T11:38:12.221Z] I (131884) RouteLoom: HIL PROBE tx peer=1 type=40 status=3 detail=ESP-NOW peer not found
[2026-09-26T11:38:12.223Z] I (131892) RouteLoom: HIL PROBE tx peer=1 type=40 status=3 detail=ESP-NOW peer not found
[2026-09-26T11:38:12.231Z] I (131899) RouteLoom: HIL PROBE tx peer=1 type=40 status=3 detail=ESP-NOW peer not found
[2026-09-26T11:38:12.239Z] I (131907) RouteLoom: HIL PROBE tx peer=1 type=40 status=3 detail=ESP-NOW peer not found
[2026-09-26T11:38:12.246Z] I (131915) RouteLoom: HIL PROBE tx peer=1 type=40 status=3 detail=ESP-NOW peer not found
[2026-09-26T11:38:12.254Z] I (131923) RouteLoom: HIL PROBE tx peer=1 type=40 status=3 detail=ESP-NOW peer not found
[2026-09-26T11:38:12.262Z] I (131931) RouteLoom: HIL PROBE tx peer=1 type=40 status=3 detail=ESP-NOW peer not found
[2026-09-26T11:38:12.269Z] I (131939) RouteLoom: HIL PROBE tx peer=1 type=40 status=3 detail=ESP-NOW peer not found
[2026-09-26T11:38:12.277Z] I (131946) RouteLoom: HIL PROBE tx peer=1 type=40 status=3 detail=ESP-NOW peer not found
[2026-09-26T11:38:12.285Z] I (131954) RouteLoom: HIL PROBE tx peer=1 type=40 status=3 detail=ESP-NOW peer not found
[2026-09-26T11:38:12.293Z] I (131962) RouteLoom: HIL PROBE tx peer=1 type=40 status=3 detail=ESP-NOW peer not found
[2026-09-26T11:38:12.301Z] I (131970) RouteLoom: HIL PROBE tx peer=1 type=40 status=3 detail=ESP-NOW peer not found
[2026-09-26T11:38:12.309Z] I (131978) RouteLoom: HIL PROBE tx peer=1 type=40 status=3 detail=ESP-NOW peer not found
[2026-09-26T11:38:12.317Z] I (131985) RouteLoom: HIL PROBE tx peer=1 type=40 status=3 detail=ESP-NOW peer not found
[2026-09-26T11:38:12.325Z] I (131993) RouteLoom: HIL PROBE tx peer=1 type=40 status=3 detail=ESP-NOW peer not found
[2026-09-26T11:38:12.332Z] I (132001) RouteLoom: HIL PROBE tx peer=1 type=40 status=3 detail=ESP-NOW peer not found
[2026-09-26T11:38:12.340Z] I (132009) RouteLoom: HIL PROBE tx peer=1 type=40 status=3 detail=ESP-NOW peer not found
[2026-09-26T11:38:12.348Z] I (132017) RouteLoom: HIL PROBE tx peer=1 type=40 status=3 detail=ESP-NOW peer not found
[2026-09-26T11:38:12.355Z] I (132024) RouteLoom: HIL PROBE tx peer=1 type=40 status=3 detail=ESP-NOW peer not found
[2026-09-26T11:38:12.363Z] I (132032) RouteLoom: HIL PROBE tx peer=1 type=40 status=3 detail=ESP-NOW peer not found
[2026-09-26T11:38:12.371Z] I (132040) RouteLoom: HIL PROBE tx peer=1 type=40 status=3 detail=ESP-NOW peer not found
[2026-09-26T11:38:12.379Z] I (132048) RouteLoom: HIL PROBE tx peer=1 type=40 status=3 detail=ESP-NOW peer not found
[2026-09-26T11:38:12.387Z] I (132056) RouteLoom: HIL PROBE tx peer=1 type=40 status=3 detail=ESP-NOW peer not found
[2026-09-26T11:38:12.395Z] I (132063) RouteLoom: HIL PROBE tx peer=1 type=40 status=3 detail=ESP-NOW peer not found
[2026-09-26T11:38:12.402Z] I (132071) RouteLoom: HIL PROBE tx peer=1 type=40 status=3 detail=ESP-NOW peer not found
[2026-09-26T11:38:12.412Z] I (132079) RouteLoom: HIL PROBE tx peer=1 type=40 status=3 detail=ESP-NOW peer not found
[2026-09-26T11:38:12.418Z] I (132087) RouteLoom: HIL PROBE tx peer=1 type=40 status=3 detail=ESP-NOW peer not found
[2026-09-26T11:38:12.426Z] I (132095) RouteLoom: HIL PROBE tx peer=1 type=40 status=3 detail=ESP-NOW peer not found
[2026-09-26T11:38:12.434Z] I (132103) RouteLoom: HIL PROBE tx peer=1 type=40 status=3 detail=ESP-NOW peer not found
[2026-09-26T11:38:12.441Z] I (132110) RouteLoom: HIL PROBE tx peer=1 type=40 status=3 detail=ESP-NOW peer not found
[2026-09-26T11:38:12.449Z] I (132118) RouteLoom: HIL PROBE tx peer=1 type=40 status=3 detail=ESP-NOW peer not found
[2026-09-26T11:38:12.457Z] I (132126) RouteLoom: HIL PROBE tx peer=1 type=40 status=3 detail=ESP-NOW peer not found
[2026-09-26T11:38:12.465Z] I (132134) RouteLoom: HIL PROBE tx peer=1 type=40 status=3 detail=ESP-NOW peer not found
[2026-09-26T11:38:12.473Z] I (132142) RouteLoom: HIL PROBE tx peer=1 type=40 status=3 detail=ESP-NOW peer not found
[2026-09-26T11:38:12.480Z] I (132149) RouteLoom: HIL PROBE tx peer=1 type=40 status=3 detail=ESP-NOW peer not found
[2026-09-26T11:38:12.488Z] I (132157) RouteLoom: HIL PROBE tx peer=1 type=40 status=3 detail=ESP-NOW peer not found
[2026-09-26T11:38:12.496Z] I (132165) RouteLoom: HIL PROBE tx peer=1 type=40 status=3 detail=ESP-NOW peer not found
[2026-09-26T11:38:12.504Z] I (132173) RouteLoom: HIL PROBE tx peer=1 type=40 status=3 detail=ESP-NOW peer not found
[2026-09-26T11:38:12.512Z] I (132181) RouteLoom: HIL PROBE tx peer=1 type=40 status=3 detail=ESP-NOW peer not found
[2026-09-26T11:38:12.519Z] I (132188) RouteLoom: HIL PROBE tx peer=1 type=40 status=3 detail=ESP-NOW peer not found
[2026-09-26T11:38:12.527Z] I (132196) RouteLoom: HIL PROBE tx peer=1 type=40 status=3 detail=ESP-NOW peer not found
[2026-09-26T11:38:12.535Z] I (132204) RouteLoom: HIL PROBE tx peer=1 type=40 status=3 detail=ESP-NOW peer not found
[2026-09-26T11:38:12.543Z] I (132212) RouteLoom: HIL PROBE tx peer=1 type=40 status=3 detail=ESP-NOW peer not found
[2026-09-26T11:38:12.551Z] I (132220) RouteLoom: HIL PROBE tx peer=1 type=40 status=3 detail=ESP-NOW peer not found
[2026-09-26T11:38:12.558Z] I (132228) RouteLoom: HIL PROBE tx peer=1 type=40 status=3 detail=ESP-NOW peer not found
[2026-09-26T11:38:12.566Z] I (132235) RouteLoom: HIL PROBE tx peer=1 type=40 status=3 detail=ESP-NOW peer not found
[2026-09-26T11:38:12.574Z] I (132243) RouteLoom: HIL PROBE tx peer=1 type=40 status=3 detail=ESP-NOW peer not found
[2026-09-26T11:38:12.582Z] I (132251) RouteLoom: HIL PROBE tx peer=1 type=40 status=3 detail=ESP-NOW peer not found
[2026-09-26T11:38:12.590Z] I (132259) RouteLoom: HIL PROBE tx peer=1 type=40 status=3 detail=ESP-NOW peer not found
[2026-09-26T11:38:12.604Z] I (132267) RouteLoom: HIL PROBE tx peer=1 type=40 status=3 detail=ESP-NOW peer not found
[2026-09-26T11:38:12.605Z] I (132274) RouteLoom: HIL PROBE tx peer=1 type=40 status=3 detail=ESP-NOW peer not found
[2026-09-26T11:38:12.613Z] I (132282) RouteLoom: HIL PROBE tx peer=1 type=40 status=3 detail=ESP-NOW peer not found
[2026-09-26T11:38:12.621Z] I (132290) RouteLoom: HIL PROBE tx peer=1 type=40 status=3 detail=ESP-NOW peer not found
[2026-09-26T11:38:12.629Z] I (132298) RouteLoom: HIL PROBE tx peer=1 type=40 status=3 detail=ESP-NOW peer not found
[2026-09-26T11:38:12.637Z] I (132306) RouteLoom: HIL PROBE tx peer=1 type=40 status=3 detail=ESP-NOW peer not found
[2026-09-26T11:38:12.645Z] I (132313) RouteLoom: HIL PROBE tx peer=1 type=40 status=3 detail=ESP-NOW peer not found
[2026-09-26T11:38:12.652Z] I (132321) RouteLoom: HIL PROBE tx peer=1 type=40 status=3 detail=ESP-NOW peer not found
[2026-09-26T11:38:12.660Z] I (132329) RouteLoom: HIL PROBE tx peer=1 type=40 status=3 detail=ESP-NOW peer not found
[2026-09-26T11:38:12.668Z] I (132337) RouteLoom: HIL PROBE tx peer=1 type=40 status=3 detail=ESP-NOW peer not found
[2026-09-26T11:38:12.676Z] I (132345) RouteLoom: HIL PROBE tx peer=1 type=40 status=3 detail=ESP-NOW peer not found
[2026-09-26T11:38:12.684Z] I (132353) RouteLoom: HIL PROBE tx peer=1 type=40 status=3 detail=ESP-NOW peer not found
[2026-09-26T11:38:12.691Z] I (132360) RouteLoom: HIL PROBE tx peer=1 type=40 status=3 detail=ESP-NOW peer not found
[2026-09-26T11:38:12.699Z] I (132368) RouteLoom: HIL PROBE tx peer=1 type=40 status=3 detail=ESP-NOW peer not found
[2026-09-26T11:38:12.707Z] I (132376) RouteLoom: HIL PROBE tx peer=1 type=40 status=3 detail=ESP-NOW peer not found
[2026-09-26T11:38:12.715Z] I (132384) RouteLoom: HIL PROBE tx peer=1 type=40 status=3 detail=ESP-NOW peer not found
[2026-09-26T11:38:12.723Z] I (132392) RouteLoom: HIL PROBE tx peer=1 type=40 status=3 detail=ESP-NOW peer not found
[2026-09-26T11:38:12.730Z] I (132399) RouteLoom: HIL PROBE tx peer=1 type=40 status=3 detail=ESP-NOW peer not found
[2026-09-26T11:38:12.738Z] I (132407) RouteLoom: HIL PROBE tx peer=1 type=40 status=3 detail=ESP-NOW peer not found
[2026-09-26T11:38:12.746Z] I (132415) RouteLoom: HIL PROBE tx peer=1 type=40 status=3 detail=ESP-NOW peer not found
[2026-09-26T11:38:12.754Z] I (132423) RouteLoom: HIL PROBE tx peer=1 type=40 status=3 detail=ESP-NOW peer not found
[2026-09-26T11:38:12.762Z] I (132431) RouteLoom: HIL PROBE tx peer=1 type=40 status=3 detail=ESP-NOW peer not found
[2026-09-26T11:38:12.770Z] I (132438) RouteLoom: HIL PROBE tx peer=1 type=40 status=3 detail=ESP-NOW peer not found
[2026-09-26T11:38:12.777Z] I (132446) RouteLoom: HIL PROBE tx peer=1 type=40 status=3 detail=ESP-NOW peer not found
[2026-09-26T11:38:12.785Z] I (132454) RouteLoom: HIL PROBE tx peer=1 type=40 status=3 detail=ESP-NOW peer not found
[2026-09-26T11:38:12.793Z] I (132462) RouteLoom: HIL PROBE tx peer=1 type=40 status=3 detail=ESP-NOW peer not found
[2026-09-26T11:38:12.801Z] I (132470) RouteLoom: HIL PROBE tx peer=1 type=40 status=3 detail=ESP-NOW peer not found
[2026-09-26T11:38:12.808Z] I (132478) RouteLoom: HIL PROBE tx peer=1 type=40 status=3 detail=ESP-NOW peer not found
[2026-09-26T11:38:12.817Z] I (132485) RouteLoom: HIL PROBE tx peer=1 type=40 status=3 detail=ESP-NOW peer not found
[2026-09-26T11:38:12.824Z] I (132493) RouteLoom: HIL PROBE tx peer=1 type=40 status=3 detail=ESP-NOW peer not found
[2026-09-26T11:38:12.832Z] I (132501) RouteLoom: HIL PROBE tx peer=1 type=40 status=3 detail=ESP-NOW peer not found
[2026-09-26T11:38:12.840Z] I (132509) RouteLoom: HIL PROBE tx peer=1 type=40 status=3 detail=ESP-NOW peer not found
[2026-09-26T11:38:12.848Z] I (132517) RouteLoom: HIL PROBE tx peer=1 type=40 status=3 detail=ESP-NOW peer not found
[2026-09-26T11:38:12.855Z] I (132524) RouteLoom: HIL PROBE tx peer=1 type=40 status=3 detail=ESP-NOW peer not found
[2026-09-26T11:38:12.863Z] I (132532) RouteLoom: HIL PROBE tx peer=1 type=40 status=3 detail=ESP-NOW peer not found
[2026-09-26T11:38:12.871Z] I (132540) RouteLoom: HIL PROBE tx peer=1 type=40 status=3 detail=ESP-NOW peer not found
[2026-09-26T11:38:12.879Z] I (132548) RouteLoom: HIL PROBE tx peer=1 type=40 status=3 detail=ESP-NOW peer not found
[2026-09-26T11:38:12.887Z] I (132556) RouteLoom: HIL PROBE tx peer=1 type=40 status=3 detail=ESP-NOW peer not found
[2026-09-26T11:38:12.895Z] I (132563) RouteLoom: HIL PROBE tx peer=1 type=40 status=3 detail=ESP-NOW peer not found
[2026-09-26T11:38:12.902Z] I (132571) RouteLoom: HIL PROBE tx peer=1 type=40 status=3 detail=ESP-NOW peer not found
[2026-09-26T11:38:12.910Z] I (132579) RouteLoom: HIL PROBE tx peer=1 type=40 status=3 detail=ESP-NOW peer not found
[2026-09-26T11:38:12.918Z] I (132587) RouteLoom: HIL PROBE tx peer=1 type=40 status=3 detail=ESP-NOW peer not found
[2026-09-26T11:38:12.926Z] I (132595) RouteLoom: HIL PROBE tx peer=1 type=40 status=3 detail=ESP-NOW peer not found
[2026-09-26T11:38:12.933Z] I (132603) RouteLoom: HIL PROBE tx peer=1 type=40 status=3 detail=ESP-NOW peer not found
[2026-09-26T11:38:12.941Z] I (132610) RouteLoom: HIL PROBE tx peer=1 type=40 status=3 detail=ESP-NOW peer not found
[2026-09-26T11:38:12.949Z] I (132618) RouteLoom: HIL PROBE tx peer=1 type=40 status=3 detail=ESP-NOW peer not found
[2026-09-26T11:38:12.957Z] I (132626) RouteLoom: HIL PROBE tx peer=1 type=40 status=3 detail=ESP-NOW peer not found
[2026-09-26T11:38:12.965Z] I (132634) RouteLoom: HIL PROBE tx peer=1 type=40 status=3 detail=ESP-NOW peer not found
[2026-09-26T11:38:12.973Z] I (132642) RouteLoom: HIL PROBE tx peer=1 type=40 status=3 detail=ESP-NOW peer not found
[2026-09-26T11:38:12.981Z] I (132649) RouteLoom: HIL PROBE tx peer=1 type=40 status=3 detail=ESP-NOW peer not found
[2026-09-26T11:38:12.988Z] I (132657) RouteLoom: HIL PROBE tx peer=1 type=40 status=3 detail=ESP-NOW peer not found
[2026-09-26T11:38:12.996Z] I (132665) RouteLoom: HIL PROBE tx peer=1 type=40 status=3 detail=ESP-NOW peer not found
[2026-09-26T11:38:13.004Z] I (132673) RouteLoom: HIL PROBE tx peer=1 type=40 status=3 detail=ESP-NOW peer not found
[2026-09-26T11:38:13.012Z] I (132681) RouteLoom: HIL PROBE tx peer=1 type=40 status=3 detail=ESP-NOW peer not found
[2026-09-26T11:38:13.020Z] I (132688) RouteLoom: HIL PROBE tx peer=1 type=40 status=3 detail=ESP-NOW peer not found
[2026-09-26T11:38:13.027Z] I (132696) RouteLoom: HIL PROBE tx peer=1 type=40 status=3 detail=ESP-NOW peer not found
[2026-09-26T11:38:13.035Z] I (132704) RouteLoom: HIL PROBE tx peer=1 type=40 status=3 detail=ESP-NOW peer not found
[2026-09-26T11:38:13.043Z] I (132712) RouteLoom: HIL PROBE tx peer=1 type=40 status=3 detail=ESP-NOW peer not found
[2026-09-26T11:38:13.051Z] I (132720) RouteLoom: HIL PROBE tx peer=1 type=40 status=3 detail=ESP-NOW peer not found
[2026-09-26T11:38:13.058Z] I (132727) RouteLoom: HIL PROBE tx peer=1 type=40 status=3 detail=ESP-NOW peer not found
[2026-09-26T11:38:13.066Z] I (132735) RouteLoom: HIL PROBE tx peer=1 type=40 status=3 detail=ESP-NOW peer not found
[2026-09-26T11:38:13.074Z] I (132743) RouteLoom: HIL PROBE tx peer=1 type=40 status=3 detail=ESP-NOW peer not found
[2026-09-26T11:38:13.082Z] I (132751) RouteLoom: HIL PROBE tx peer=1 type=40 status=3 detail=ESP-NOW peer not found
[2026-09-26T11:38:13.090Z] I (132759) RouteLoom: HIL PROBE tx peer=1 type=40 status=3 detail=ESP-NOW peer not found
[2026-09-26T11:38:13.097Z] I (132767) RouteLoom: HIL PROBE tx peer=1 type=40 status=3 detail=ESP-NOW peer not found
[2026-09-26T11:38:13.105Z] I (132774) RouteLoom: HIL PROBE tx peer=1 type=40 status=3 detail=ESP-NOW peer not found
[2026-09-26T11:38:13.113Z] I (132782) RouteLoom: HIL PROBE tx peer=1 type=40 status=3 detail=ESP-NOW peer not found
[2026-09-26T11:38:13.121Z] I (132790) RouteLoom: HIL PROBE tx peer=1 type=40 status=3 detail=ESP-NOW peer not found
[2026-09-26T11:38:13.129Z] I (132798) RouteLoom: HIL PROBE tx peer=1 type=40 status=3 detail=ESP-NOW peer not found
[2026-09-26T11:38:13.137Z] I (132806) RouteLoom: HIL PROBE tx peer=1 type=40 status=3 detail=ESP-NOW peer not found
[2026-09-26T11:38:13.144Z] I (132813) RouteLoom: HIL PROBE tx peer=1 type=40 status=3 detail=ESP-NOW peer not found
[2026-09-26T11:38:13.152Z] I (132821) RouteLoom: HIL PROBE tx peer=1 type=40 status=3 detail=ESP-NOW peer not found
[2026-09-26T11:38:13.160Z] I (132829) RouteLoom: HIL PROBE tx peer=1 type=40 status=3 detail=ESP-NOW peer not found
[2026-09-26T11:38:13.168Z] I (132837) RouteLoom: HIL PROBE tx peer=1 type=40 status=3 detail=ESP-NOW peer not found
[2026-09-26T11:38:13.176Z] I (132845) RouteLoom: HIL PROBE tx peer=1 type=40 status=3 detail=ESP-NOW peer not found
[2026-09-26T11:38:13.184Z] I (132852) RouteLoom: HIL PROBE tx peer=1 type=40 status=3 detail=ESP-NOW peer not found
[2026-09-26T11:38:13.191Z] I (132860) RouteLoom: HIL PROBE tx peer=1 type=40 status=3 detail=ESP-NOW peer not found
[2026-09-26T11:38:13.199Z] I (132868) RouteLoom: HIL PROBE tx peer=1 type=40 status=3 detail=ESP-NOW peer not found
[2026-09-26T11:38:13.207Z] I (132876) RouteLoom: HIL PROBE tx peer=1 type=40 status=3 detail=ESP-NOW peer not found
[2026-09-26T11:38:13.215Z] I (132884) RouteLoom: HIL PROBE tx peer=1 type=40 status=3 detail=ESP-NOW peer not found
[2026-09-26T11:38:13.222Z] I (132892) RouteLoom: HIL PROBE tx peer=1 type=40 status=3 detail=ESP-NOW peer not found
[2026-09-26T11:38:13.231Z] I (132899) RouteLoom: HIL PROBE tx peer=1 type=40 status=3 detail=ESP-NOW peer not found
[2026-09-26T11:38:13.238Z] I (132907) RouteLoom: HIL PROBE tx peer=1 type=40 status=3 detail=ESP-NOW peer not found
[2026-09-26T11:38:13.246Z] I (132915) RouteLoom: HIL PROBE tx peer=1 type=40 status=3 detail=ESP-NOW peer not found
[2026-09-26T11:38:13.254Z] I (132923) RouteLoom: HIL PROBE tx peer=1 type=40 status=3 detail=ESP-NOW peer not found
[2026-09-26T11:38:13.262Z] I (132931) RouteLoom: HIL PROBE tx peer=1 type=40 status=3 detail=ESP-NOW peer not found
[2026-09-26T11:38:13.269Z] I (132938) RouteLoom: HIL PROBE tx peer=1 type=40 status=3 detail=ESP-NOW peer not found
[2026-09-26T11:38:13.277Z] I (132946) RouteLoom: HIL PROBE tx peer=1 type=40 status=3 detail=ESP-NOW peer not found
[2026-09-26T11:38:13.285Z] I (132954) RouteLoom: HIL PROBE tx peer=1 type=40 status=3 detail=ESP-NOW peer not found
[2026-09-26T11:38:13.293Z] I (132962) RouteLoom: HIL PROBE tx peer=1 type=40 status=3 detail=ESP-NOW peer not found
[2026-09-26T11:38:13.301Z] I (132970) RouteLoom: HIL PROBE tx peer=1 type=40 status=3 detail=ESP-NOW peer not found
[2026-09-26T11:38:13.309Z] I (132977) RouteLoom: HIL PROBE tx peer=1 type=40 status=3 detail=ESP-NOW peer not found
[2026-09-26T11:38:13.316Z] I (132985) RouteLoom: HIL PROBE tx peer=1 type=40 status=3 detail=ESP-NOW peer not found
[2026-09-26T11:38:13.324Z] I (132993) RouteLoom: HIL PROBE tx peer=1 type=40 status=3 detail=ESP-NOW peer not found
[2026-09-26T11:38:13.332Z] I (133001) RouteLoom: HIL PROBE tx peer=1 type=40 status=3 detail=ESP-NOW peer not found
[2026-09-26T11:38:13.340Z] I (133009) RouteLoom: HIL PROBE tx peer=1 type=40 status=3 detail=ESP-NOW peer not found
[2026-09-26T11:38:13.347Z] I (133017) RouteLoom: HIL PROBE tx peer=1 type=40 status=3 detail=ESP-NOW peer not found
[2026-09-26T11:38:13.355Z] I (133024) RouteLoom: HIL PROBE tx peer=1 type=40 status=3 detail=ESP-NOW peer not found
[2026-09-26T11:38:13.363Z] I (133032) RouteLoom: HIL PROBE tx peer=1 type=40 status=3 detail=ESP-NOW peer not found
[2026-09-26T11:38:13.371Z] I (133040) RouteLoom: HIL PROBE tx peer=1 type=40 status=3 detail=ESP-NOW peer not found
[2026-09-26T11:38:13.379Z] I (133048) RouteLoom: HIL PROBE tx peer=1 type=40 status=3 detail=ESP-NOW peer not found
[2026-09-26T11:38:13.387Z] I (133056) RouteLoom: HIL PROBE tx peer=1 type=40 status=3 detail=ESP-NOW peer not found
[2026-09-26T11:38:13.394Z] I (133063) RouteLoom: HIL PROBE tx peer=1 type=40 status=3 detail=ESP-NOW peer not found
[2026-09-26T11:38:13.402Z] I (133071) RouteLoom: HIL PROBE tx peer=1 type=40 status=3 detail=ESP-NOW peer not found
[2026-09-26T11:38:13.410Z] I (133079) RouteLoom: HIL PROBE tx peer=1 type=40 status=3 detail=ESP-NOW peer not found
[2026-09-26T11:38:13.418Z] I (133087) RouteLoom: HIL PROBE tx peer=1 type=40 status=3 detail=ESP-NOW peer not found
[2026-09-26T11:38:13.426Z] I (133095) RouteLoom: HIL PROBE tx peer=1 type=40 status=3 detail=ESP-NOW peer not found
[2026-09-26T11:38:13.433Z] I (133102) RouteLoom: HIL PROBE tx peer=1 type=40 status=3 detail=ESP-NOW peer not found
[2026-09-26T11:38:13.441Z] I (133110) RouteLoom: HIL PROBE tx peer=1 type=40 status=3 detail=ESP-NOW peer not found
[2026-09-26T11:38:13.449Z] I (133118) RouteLoom: HIL PROBE tx peer=1 type=40 status=3 detail=ESP-NOW peer not found
[2026-09-26T11:38:13.457Z] I (133126) RouteLoom: HIL PROBE tx peer=1 type=40 status=3 detail=ESP-NOW peer not found
[2026-09-26T11:38:13.465Z] I (133134) RouteLoom: HIL PROBE tx peer=1 type=40 status=3 detail=ESP-NOW peer not found
[2026-09-26T11:38:13.472Z] I (133142) RouteLoom: HIL PROBE tx peer=1 type=40 status=3 detail=ESP-NOW peer not found
[2026-09-26T11:38:13.480Z] I (133149) RouteLoom: HIL PROBE tx peer=1 type=40 status=3 detail=ESP-NOW peer not found
[2026-09-26T11:38:13.488Z] I (133157) RouteLoom: HIL PROBE tx peer=1 type=40 status=3 detail=ESP-NOW peer not found
[2026-09-26T11:38:13.496Z] I (133165) RouteLoom: HIL PROBE tx peer=1 type=40 status=3 detail=ESP-NOW peer not found
[2026-09-26T11:38:13.504Z] I (133173) RouteLoom: HIL PROBE tx peer=1 type=40 status=3 detail=ESP-NOW peer not found
[2026-09-26T11:38:13.512Z] I (133181) RouteLoom: HIL PROBE tx peer=1 type=40 status=3 detail=ESP-NOW peer not found
[2026-09-26T11:38:13.519Z] I (133188) RouteLoom: HIL PROBE tx peer=1 type=40 status=3 detail=ESP-NOW peer not found
[2026-09-26T11:38:13.527Z] I (133196) RouteLoom: HIL PROBE tx peer=1 type=40 status=3 detail=ESP-NOW peer not found
[2026-09-26T11:38:13.535Z] I (133204) RouteLoom: HIL PROBE tx peer=1 type=40 status=3 detail=ESP-NOW peer not found
[2026-09-26T11:38:13.543Z] I (133212) RouteLoom: HIL PROBE tx peer=1 type=40 status=3 detail=ESP-NOW peer not found
[2026-09-26T11:38:13.551Z] I (133220) RouteLoom: HIL PROBE tx peer=1 type=40 status=3 detail=ESP-NOW peer not found
[2026-09-26T11:38:13.559Z] I (133227) RouteLoom: HIL PROBE tx peer=1 type=40 status=3 detail=ESP-NOW peer not found
[2026-09-26T11:38:13.566Z] I (133235) RouteLoom: HIL PROBE tx peer=1 type=40 status=3 detail=ESP-NOW peer not found
[2026-09-26T11:38:13.574Z] I (133243) RouteLoom: HIL PROBE tx peer=1 type=40 status=3 detail=ESP-NOW peer not found
[2026-09-26T11:38:13.582Z] I (133251) RouteLoom: HIL PROBE tx peer=1 type=40 status=3 detail=ESP-NOW peer not found
[2026-09-26T11:38:13.590Z] I (133259) RouteLoom: HIL PROBE tx peer=1 type=40 status=3 detail=ESP-NOW peer not found
[2026-09-26T11:38:13.597Z] I (133267) RouteLoom: HIL PROBE tx peer=1 type=40 status=3 detail=ESP-NOW peer not found
[2026-09-26T11:38:13.605Z] I (133274) RouteLoom: HIL PROBE tx peer=1 type=40 status=3 detail=ESP-NOW peer not found
[2026-09-26T11:38:13.613Z] I (133282) RouteLoom: HIL PROBE tx peer=1 type=40 status=3 detail=ESP-NOW peer not found
[2026-09-26T11:38:13.621Z] I (133290) RouteLoom: HIL PROBE tx peer=1 type=40 status=3 detail=ESP-NOW peer not found
[2026-09-26T11:38:13.629Z] I (133298) RouteLoom: HIL PROBE tx peer=1 type=40 status=3 detail=ESP-NOW peer not found
[2026-09-26T11:38:13.637Z] I (133306) RouteLoom: HIL PROBE tx peer=1 type=40 status=3 detail=ESP-NOW peer not found
[2026-09-26T11:38:13.644Z] I (133313) RouteLoom: HIL PROBE tx peer=1 type=40 status=3 detail=ESP-NOW peer not found
[2026-09-26T11:38:13.652Z] I (133321) RouteLoom: HIL PROBE tx peer=1 type=40 status=3 detail=ESP-NOW peer not found
[2026-09-26T11:38:13.660Z] I (133329) RouteLoom: HIL PROBE tx peer=1 type=40 status=3 detail=ESP-NOW peer not found
[2026-09-26T11:38:13.668Z] I (133337) RouteLoom: HIL PROBE tx peer=1 type=40 status=3 detail=ESP-NOW peer not found
[2026-09-26T11:38:13.676Z] I (133345) RouteLoom: HIL PROBE tx peer=1 type=40 status=3 detail=ESP-NOW peer not found
[2026-09-26T11:38:13.683Z] I (133352) RouteLoom: HIL PROBE tx peer=1 type=40 status=3 detail=ESP-NOW peer not found
[2026-09-26T11:38:13.691Z] I (133360) RouteLoom: HIL PROBE tx peer=1 type=40 status=3 detail=ESP-NOW peer not found
[2026-09-26T11:38:13.699Z] I (133368) RouteLoom: HIL PROBE tx peer=1 type=40 status=3 detail=ESP-NOW peer not found
[2026-09-26T11:38:13.707Z] I (133376) RouteLoom: HIL PROBE tx peer=1 type=40 status=3 detail=ESP-NOW peer not found
[2026-09-26T11:38:13.715Z] I (133384) RouteLoom: HIL PROBE tx peer=1 type=40 status=3 detail=ESP-NOW peer not found
[2026-09-26T11:38:13.722Z] I (133391) RouteLoom: HIL PROBE tx peer=1 type=40 status=3 detail=ESP-NOW peer not found
[2026-09-26T11:38:13.730Z] I (133399) RouteLoom: HIL PROBE tx peer=1 type=40 status=3 detail=ESP-NOW peer not found
[2026-09-26T11:38:13.738Z] I (133407) RouteLoom: HIL PROBE tx peer=1 type=40 status=3 detail=ESP-NOW peer not found
[2026-09-26T11:38:13.746Z] I (133415) RouteLoom: HIL PROBE tx peer=1 type=40 status=3 detail=ESP-NOW peer not found
[2026-09-26T11:38:13.754Z] I (133423) RouteLoom: HIL PROBE tx peer=1 type=40 status=3 detail=ESP-NOW peer not found
[2026-09-26T11:38:13.762Z] I (133431) RouteLoom: HIL PROBE tx peer=1 type=40 status=3 detail=ESP-NOW peer not found
[2026-09-26T11:38:13.769Z] I (133438) RouteLoom: HIL PROBE tx peer=1 type=40 status=3 detail=ESP-NOW peer not found
[2026-09-26T11:38:13.777Z] I (133446) RouteLoom: HIL PROBE tx peer=1 type=40 status=3 detail=ESP-NOW peer not found
[2026-09-26T11:38:13.785Z] I (133454) RouteLoom: HIL PROBE tx peer=1 type=40 status=3 detail=ESP-NOW peer not found
[2026-09-26T11:38:13.793Z] I (133462) RouteLoom: HIL PROBE tx peer=1 type=40 status=3 detail=ESP-NOW peer not found
[2026-09-26T11:38:13.801Z] I (133470) RouteLoom: HIL PROBE tx peer=1 type=40 status=3 detail=ESP-NOW peer not found
[2026-09-26T11:38:13.808Z] I (133477) RouteLoom: HIL PROBE tx peer=1 type=40 status=3 detail=ESP-NOW peer not found
[2026-09-26T11:38:13.816Z] I (133485) RouteLoom: HIL PROBE tx peer=1 type=40 status=3 detail=ESP-NOW peer not found
[2026-09-26T11:38:13.824Z] I (133493) RouteLoom: HIL PROBE tx peer=1 type=40 status=3 detail=ESP-NOW peer not found
[2026-09-26T11:38:13.832Z] I (133501) RouteLoom: HIL PROBE tx peer=1 type=40 status=3 detail=ESP-NOW peer not found
[2026-09-26T11:38:13.840Z] I (133509) RouteLoom: HIL PROBE tx peer=1 type=40 status=3 detail=ESP-NOW peer not found
[2026-09-26T11:38:13.847Z] I (133516) RouteLoom: HIL PROBE tx peer=1 type=40 status=3 detail=ESP-NOW peer not found
[2026-09-26T11:38:13.855Z] I (133524) RouteLoom: HIL PROBE tx peer=1 type=40 status=3 detail=ESP-NOW peer not found
[2026-09-26T11:38:13.863Z] I (133532) RouteLoom: HIL PROBE tx peer=1 type=40 status=3 detail=ESP-NOW peer not found
[2026-09-26T11:38:13.871Z] I (133540) RouteLoom: HIL PROBE tx peer=1 type=40 status=3 detail=ESP-NOW peer not found
[2026-09-26T11:38:13.879Z] I (133548) RouteLoom: HIL PROBE tx peer=1 type=40 status=3 detail=ESP-NOW peer not found
[2026-09-26T11:38:13.886Z] I (133556) RouteLoom: HIL PROBE tx peer=1 type=40 status=3 detail=ESP-NOW peer not found
[2026-09-26T11:38:13.894Z] I (133563) RouteLoom: HIL PROBE tx peer=1 type=40 status=3 detail=ESP-NOW peer not found
[2026-09-26T11:38:13.902Z] I (133571) RouteLoom: HIL PROBE tx peer=1 type=40 status=3 detail=ESP-NOW peer not found
[2026-09-26T11:38:13.910Z] I (133579) RouteLoom: HIL PROBE tx peer=1 type=40 status=3 detail=ESP-NOW peer not found
[2026-09-26T11:38:13.918Z] I (133587) RouteLoom: HIL PROBE tx peer=1 type=40 status=3 detail=ESP-NOW peer not found
[2026-09-26T11:38:13.926Z] I (133595) RouteLoom: HIL PROBE tx peer=1 type=40 status=3 detail=ESP-NOW peer not found
[2026-09-26T11:38:13.933Z] I (133602) RouteLoom: HIL PROBE tx peer=1 type=40 status=3 detail=ESP-NOW peer not found
[2026-09-26T11:38:13.941Z] I (133610) RouteLoom: HIL PROBE tx peer=1 type=40 status=3 detail=ESP-NOW peer not found
[2026-09-26T11:38:13.949Z] I (133618) RouteLoom: HIL PROBE tx peer=1 type=40 status=3 detail=ESP-NOW peer not found
[2026-09-26T11:38:13.957Z] I (133626) RouteLoom: HIL PROBE tx peer=1 type=40 status=3 detail=ESP-NOW peer not found
[2026-09-26T11:38:13.965Z] I (133634) RouteLoom: HIL PROBE tx peer=1 type=40 status=3 detail=ESP-NOW peer not found
[2026-09-26T11:38:13.973Z] I (133641) RouteLoom: HIL PROBE tx peer=1 type=40 status=3 detail=ESP-NOW peer not found
[2026-09-26T11:38:13.980Z] I (133649) RouteLoom: HIL PROBE tx peer=1 type=40 status=3 detail=ESP-NOW peer not found
[2026-09-26T11:38:13.988Z] I (133657) RouteLoom: HIL PROBE tx peer=1 type=40 status=3 detail=ESP-NOW peer not found
[2026-09-26T11:38:13.996Z] I (133665) RouteLoom: HIL PROBE tx peer=1 type=40 status=3 detail=ESP-NOW peer not found
[2026-09-26T11:38:14.004Z] I (133673) RouteLoom: HIL PROBE tx peer=1 type=40 status=3 detail=ESP-NOW peer not found
[2026-09-26T11:38:14.011Z] I (133681) RouteLoom: HIL PROBE tx peer=1 type=40 status=3 detail=ESP-NOW peer not found
[2026-09-26T11:38:14.019Z] I (133688) RouteLoom: HIL PROBE tx peer=1 type=40 status=3 detail=ESP-NOW peer not found
[2026-09-26T11:38:14.027Z] I (133696) RouteLoom: HIL PROBE tx peer=1 type=40 status=3 detail=ESP-NOW peer not found
[2026-09-26T11:38:14.035Z] I (133704) RouteLoom: HIL PROBE tx peer=1 type=40 status=3 detail=ESP-NOW peer not found
[2026-09-26T11:38:14.043Z] I (133712) RouteLoom: HIL PROBE tx peer=1 type=40 status=3 detail=ESP-NOW peer not found
[2026-09-26T11:38:14.051Z] I (133720) RouteLoom: HIL PROBE tx peer=1 type=40 status=3 detail=ESP-NOW peer not found
[2026-09-26T11:38:14.059Z] I (133727) RouteLoom: HIL PROBE tx peer=1 type=40 status=3 detail=ESP-NOW peer not found
[2026-09-26T11:38:14.066Z] I (133735) RouteLoom: HIL PROBE tx peer=1 type=40 status=3 detail=ESP-NOW peer not found
[2026-09-26T11:38:14.074Z] I (133743) RouteLoom: HIL PROBE tx peer=1 type=40 status=3 detail=ESP-NOW peer not found
[2026-09-26T11:38:14.082Z] I (133751) RouteLoom: HIL PROBE tx peer=1 type=40 status=3 detail=ESP-NOW peer not found
[2026-09-26T11:38:14.090Z] I (133759) RouteLoom: HIL PROBE tx peer=1 type=40 status=3 detail=ESP-NOW peer not found
[2026-09-26T11:38:14.097Z] I (133766) RouteLoom: HIL PROBE tx peer=1 type=40 status=3 detail=ESP-NOW peer not found
[2026-09-26T11:38:14.105Z] I (133774) RouteLoom: HIL PROBE tx peer=1 type=40 status=3 detail=ESP-NOW peer not found
[2026-09-26T11:38:14.113Z] I (133782) RouteLoom: HIL PROBE tx peer=1 type=40 status=3 detail=ESP-NOW peer not found
[2026-09-26T11:38:14.121Z] I (133790) RouteLoom: HIL PROBE tx peer=1 type=40 status=3 detail=ESP-NOW peer not found
[2026-09-26T11:38:14.129Z] I (133798) RouteLoom: HIL PROBE tx peer=1 type=40 status=3 detail=ESP-NOW peer not found
[2026-09-26T11:38:14.137Z] I (133806) RouteLoom: HIL PROBE tx peer=1 type=40 status=3 detail=ESP-NOW peer not found
[2026-09-26T11:38:14.144Z] I (133813) RouteLoom: HIL PROBE tx peer=1 type=40 status=3 detail=ESP-NOW peer not found
[2026-09-26T11:38:14.152Z] I (133821) RouteLoom: HIL PROBE tx peer=1 type=40 status=3 detail=ESP-NOW peer not found
[2026-09-26T11:38:14.160Z] I (133829) RouteLoom: HIL PROBE tx peer=1 type=40 status=3 detail=ESP-NOW peer not found
[2026-09-26T11:38:14.168Z] I (133837) RouteLoom: HIL PROBE tx peer=1 type=40 status=3 detail=ESP-NOW peer not found
[2026-09-26T11:38:14.176Z] I (133845) RouteLoom: HIL PROBE tx peer=1 type=40 status=3 detail=ESP-NOW peer not found
[2026-09-26T11:38:14.183Z] I (133852) RouteLoom: HIL PROBE tx peer=1 type=40 status=3 detail=ESP-NOW peer not found
[2026-09-26T11:38:14.191Z] I (133860) RouteLoom: HIL PROBE tx peer=1 type=40 status=3 detail=ESP-NOW peer not found
[2026-09-26T11:38:14.199Z] I (133868) RouteLoom: HIL PROBE tx peer=1 type=40 status=3 detail=ESP-NOW peer not found
[2026-09-26T11:38:14.207Z] I (133876) RouteLoom: HIL PROBE tx peer=1 type=40 status=3 detail=ESP-NOW peer not found
[2026-09-26T11:38:14.215Z] I (133884) RouteLoom: HIL PROBE tx peer=1 type=40 status=3 detail=ESP-NOW peer not found
[2026-09-26T11:38:14.222Z] I (133891) RouteLoom: HIL PROBE tx peer=1 type=40 status=3 detail=ESP-NOW peer not found
[2026-09-26T11:38:14.230Z] I (133899) RouteLoom: HIL PROBE tx peer=1 type=40 status=3 detail=ESP-NOW peer not found
[2026-09-26T11:38:14.238Z] I (133907) RouteLoom: HIL PROBE tx peer=1 type=40 status=3 detail=ESP-NOW peer not found
[2026-09-26T11:38:14.246Z] I (133915) RouteLoom: HIL PROBE tx peer=1 type=40 status=3 detail=ESP-NOW peer not found
[2026-09-26T11:38:14.254Z] I (133923) RouteLoom: HIL PROBE tx peer=1 type=40 status=3 detail=ESP-NOW peer not found
[2026-09-26T11:38:14.262Z] I (133931) RouteLoom: HIL PROBE tx peer=1 type=40 status=3 detail=ESP-NOW peer not found
[2026-09-26T11:38:14.269Z] I (133938) RouteLoom: HIL PROBE tx peer=1 type=40 status=3 detail=ESP-NOW peer not found
[2026-09-26T11:38:14.277Z] I (133946) RouteLoom: HIL PROBE tx peer=1 type=40 status=3 detail=ESP-NOW peer not found
[2026-09-26T11:38:14.285Z] I (133954) RouteLoom: HIL PROBE tx peer=1 type=40 status=3 detail=ESP-NOW peer not found
[2026-09-26T11:38:14.293Z] I (133962) RouteLoom: HIL PROBE tx peer=1 type=40 status=3 detail=ESP-NOW peer not found
[2026-09-26T11:38:14.301Z] I (133970) RouteLoom: HIL PROBE tx peer=1 type=40 status=3 detail=ESP-NOW peer not found
[2026-09-26T11:38:14.309Z] I (133977) RouteLoom: HIL PROBE tx peer=1 type=40 status=3 detail=ESP-NOW peer not found
[2026-09-26T11:38:14.316Z] I (133985) RouteLoom: HIL PROBE tx peer=1 type=40 status=3 detail=ESP-NOW peer not found
[2026-09-26T11:38:14.324Z] I (133993) RouteLoom: HIL PROBE tx peer=1 type=40 status=3 detail=ESP-NOW peer not found
[2026-09-26T11:38:14.332Z] I (134001) RouteLoom: HIL PROBE tx peer=1 type=40 status=3 detail=ESP-NOW peer not found
[2026-09-26T11:38:14.340Z] I (134009) RouteLoom: HIL PROBE tx peer=1 type=40 status=3 detail=ESP-NOW peer not found
[2026-09-26T11:38:14.347Z] I (134016) RouteLoom: HIL PROBE tx peer=1 type=40 status=3 detail=ESP-NOW peer not found
[2026-09-26T11:38:14.355Z] I (134024) RouteLoom: HIL PROBE tx peer=1 type=40 status=3 detail=ESP-NOW peer not found
[2026-09-26T11:38:14.363Z] I (134032) RouteLoom: HIL PROBE tx peer=1 type=40 status=3 detail=ESP-NOW peer not found
[2026-09-26T11:38:14.371Z] I (134040) RouteLoom: HIL PROBE tx peer=1 type=40 status=3 detail=ESP-NOW peer not found
[2026-09-26T11:38:14.379Z] I (134048) RouteLoom: HIL PROBE tx peer=1 type=40 status=3 detail=ESP-NOW peer not found
[2026-09-26T11:38:14.387Z] I (134055) RouteLoom: HIL PROBE tx peer=1 type=40 status=3 detail=ESP-NOW peer not found
[2026-09-26T11:38:14.394Z] I (134063) RouteLoom: HIL PROBE tx peer=1 type=40 status=3 detail=ESP-NOW peer not found
[2026-09-26T11:38:14.402Z] I (134071) RouteLoom: HIL PROBE tx peer=1 type=40 status=3 detail=ESP-NOW peer not found
[2026-09-26T11:38:14.410Z] I (134079) RouteLoom: HIL PROBE tx peer=1 type=40 status=3 detail=ESP-NOW peer not found
[2026-09-26T11:38:14.418Z] I (134087) RouteLoom: HIL PROBE tx peer=1 type=40 status=3 detail=ESP-NOW peer not found
[2026-09-26T11:38:14.426Z] I (134095) RouteLoom: HIL PROBE tx peer=1 type=40 status=3 detail=ESP-NOW peer not found
[2026-09-26T11:38:14.435Z] I (134102) RouteLoom: HIL PROBE tx peer=1 type=40 status=3 detail=ESP-NOW peer not found
[2026-09-26T11:38:14.441Z] I (134110) RouteLoom: HIL PROBE tx peer=1 type=40 status=3 detail=ESP-NOW peer not found
[2026-09-26T11:38:14.449Z] I (134118) RouteLoom: HIL PROBE tx peer=1 type=40 status=3 detail=ESP-NOW peer not found
[2026-09-26T11:38:14.457Z] I (134126) RouteLoom: HIL PROBE tx peer=1 type=40 status=3 detail=ESP-NOW peer not found
[2026-09-26T11:38:14.465Z] I (134134) RouteLoom: HIL PROBE tx peer=1 type=40 status=3 detail=ESP-NOW peer not found
[2026-09-26T11:38:14.472Z] I (134141) RouteLoom: HIL PROBE tx peer=1 type=40 status=3 detail=ESP-NOW peer not found
[2026-09-26T11:38:14.480Z] I (134149) RouteLoom: HIL PROBE tx peer=1 type=40 status=3 detail=ESP-NOW peer not found
[2026-09-26T11:38:14.488Z] I (134157) RouteLoom: HIL PROBE tx peer=1 type=40 status=3 detail=ESP-NOW peer not found
[2026-09-26T11:38:14.496Z] I (134165) RouteLoom: HIL PROBE tx peer=1 type=40 status=3 detail=ESP-NOW peer not found
[2026-09-26T11:38:14.504Z] I (134173) RouteLoom: HIL PROBE tx peer=1 type=40 status=3 detail=ESP-NOW peer not found
[2026-09-26T11:38:14.511Z] I (134180) RouteLoom: HIL PROBE tx peer=1 type=40 status=3 detail=ESP-NOW peer not found
[2026-09-26T11:38:14.519Z] I (134188) RouteLoom: HIL PROBE tx peer=1 type=40 status=3 detail=ESP-NOW peer not found
[2026-09-26T11:38:14.527Z] I (134196) RouteLoom: HIL PROBE tx peer=1 type=40 status=3 detail=ESP-NOW peer not found
[2026-09-26T11:38:14.540Z] I (134204) RouteLoom: HIL PROBE tx peer=1 type=40 status=3 detail=ESP-NOW peer not found
[2026-09-26T11:38:14.543Z] I (134212) RouteLoom: HIL PROBE tx peer=1 type=40 status=3 detail=ESP-NOW peer not found
[2026-09-26T11:38:14.551Z] I (134220) RouteLoom: HIL PROBE tx peer=1 type=40 status=3 detail=ESP-NOW peer not found
[2026-09-26T11:38:14.558Z] I (134227) RouteLoom: HIL PROBE tx peer=1 type=40 status=3 detail=ESP-NOW peer not found
[2026-09-26T11:38:14.566Z] I (134235) RouteLoom: HIL PROBE tx peer=1 type=40 status=3 detail=ESP-NOW peer not found
[2026-09-26T11:38:14.574Z] I (134243) RouteLoom: HIL PROBE tx peer=1 type=40 status=3 detail=ESP-NOW peer not found
[2026-09-26T11:38:14.582Z] I (134251) RouteLoom: HIL PROBE tx peer=1 type=40 status=3 detail=ESP-NOW peer not found
[2026-09-26T11:38:14.590Z] I (134259) RouteLoom: HIL PROBE tx peer=1 type=40 status=3 detail=ESP-NOW peer not found
[2026-09-26T11:38:14.597Z] I (134266) RouteLoom: HIL PROBE tx peer=1 type=40 status=3 detail=ESP-NOW peer not found
[2026-09-26T11:38:14.605Z] I (134274) RouteLoom: HIL PROBE tx peer=1 type=40 status=3 detail=ESP-NOW peer not found
[2026-09-26T11:38:14.614Z] I (134282) RouteLoom: HIL PROBE tx peer=1 type=40 status=3 detail=ESP-NOW peer not found
[2026-09-26T11:38:14.621Z] I (134290) RouteLoom: HIL PROBE tx peer=1 type=40 status=3 detail=ESP-NOW peer not found
[2026-09-26T11:38:14.629Z] I (134298) RouteLoom: HIL PROBE tx peer=1 type=40 status=3 detail=ESP-NOW peer not found
[2026-09-26T11:38:14.637Z] I (134305) RouteLoom: HIL PROBE tx peer=1 type=40 status=3 detail=ESP-NOW peer not found
[2026-09-26T11:38:14.644Z] I (134313) RouteLoom: HIL PROBE tx peer=1 type=40 status=3 detail=ESP-NOW peer not found
[2026-09-26T11:38:14.652Z] I (134321) RouteLoom: HIL PROBE tx peer=1 type=40 status=3 detail=ESP-NOW peer not found
[2026-09-26T11:38:14.660Z] I (134329) RouteLoom: HIL PROBE tx peer=1 type=40 status=3 detail=ESP-NOW peer not found
[2026-09-26T11:38:14.668Z] I (134337) RouteLoom: HIL PROBE tx peer=1 type=40 status=3 detail=ESP-NOW peer not found
[2026-09-26T11:38:14.676Z] I (134345) RouteLoom: HIL PROBE tx peer=1 type=40 status=3 detail=ESP-NOW peer not found
[2026-09-26T11:38:14.684Z] I (134352) RouteLoom: HIL PROBE tx peer=1 type=40 status=3 detail=ESP-NOW peer not found
[2026-09-26T11:38:14.691Z] I (134360) RouteLoom: HIL PROBE tx peer=1 type=40 status=3 detail=ESP-NOW peer not found
[2026-09-26T11:38:14.699Z] I (134368) RouteLoom: HIL PROBE tx peer=1 type=40 status=3 detail=ESP-NOW peer not found
[2026-09-26T11:38:14.707Z] I (134376) RouteLoom: HIL PROBE tx peer=1 type=40 status=3 detail=ESP-NOW peer not found
[2026-09-26T11:38:14.715Z] I (134384) RouteLoom: HIL PROBE tx peer=1 type=40 status=3 detail=ESP-NOW peer not found
[2026-09-26T11:38:14.722Z] I (134391) RouteLoom: HIL PROBE tx peer=1 type=40 status=3 detail=ESP-NOW peer not found
[2026-09-26T11:38:14.730Z] I (134399) RouteLoom: HIL PROBE tx peer=1 type=40 status=3 detail=ESP-NOW peer not found
[2026-09-26T11:38:14.738Z] I (134407) RouteLoom: HIL PROBE tx peer=1 type=40 status=3 detail=ESP-NOW peer not found
[2026-09-26T11:38:14.746Z] I (134415) RouteLoom: HIL PROBE tx peer=1 type=40 status=3 detail=ESP-NOW peer not found
[2026-09-26T11:38:14.754Z] I (134423) RouteLoom: HIL PROBE tx peer=1 type=40 status=3 detail=ESP-NOW peer not found
[2026-09-26T11:38:14.761Z] I (134430) RouteLoom: HIL PROBE tx peer=1 type=40 status=3 detail=ESP-NOW peer not found
[2026-09-26T11:38:14.769Z] I (134438) RouteLoom: HIL PROBE tx peer=1 type=40 status=3 detail=ESP-NOW peer not found
[2026-09-26T11:38:14.777Z] I (134446) RouteLoom: HIL PROBE tx peer=1 type=40 status=3 detail=ESP-NOW peer not found
[2026-09-26T11:38:14.785Z] I (134454) RouteLoom: HIL PROBE tx peer=1 type=40 status=3 detail=ESP-NOW peer not found
[2026-09-26T11:38:14.793Z] I (134462) RouteLoom: HIL PROBE tx peer=1 type=40 status=3 detail=ESP-NOW peer not found
[2026-09-26T11:38:14.801Z] I (134470) RouteLoom: HIL PROBE tx peer=1 type=40 status=3 detail=ESP-NOW peer not found
[2026-09-26T11:38:14.809Z] I (134477) RouteLoom: HIL PROBE tx peer=1 type=40 status=3 detail=ESP-NOW peer not found
[2026-09-26T11:38:14.816Z] I (134485) RouteLoom: HIL PROBE tx peer=1 type=40 status=3 detail=ESP-NOW peer not found
[2026-09-26T11:38:14.824Z] I (134493) RouteLoom: HIL PROBE tx peer=1 type=40 status=3 detail=ESP-NOW peer not found
[2026-09-26T11:38:14.832Z] I (134501) RouteLoom: HIL PROBE tx peer=1 type=40 status=3 detail=ESP-NOW peer not found
[2026-09-26T11:38:14.840Z] I (134509) RouteLoom: HIL PROBE tx peer=1 type=40 status=3 detail=ESP-NOW peer not found
[2026-09-26T11:38:14.848Z] I (134516) RouteLoom: HIL PROBE tx peer=1 type=40 status=3 detail=ESP-NOW peer not found
[2026-09-26T11:38:14.855Z] I (134524) RouteLoom: HIL PROBE tx peer=1 type=40 status=3 detail=ESP-NOW peer not found
[2026-09-26T11:38:14.863Z] I (134532) RouteLoom: HIL PROBE tx peer=1 type=40 status=3 detail=ESP-NOW peer not found
[2026-09-26T11:38:14.871Z] I (134540) RouteLoom: HIL PROBE tx peer=1 type=40 status=3 detail=ESP-NOW peer not found
[2026-09-26T11:38:14.879Z] I (134548) RouteLoom: HIL PROBE tx peer=1 type=40 status=3 detail=ESP-NOW peer not found
[2026-09-26T11:38:14.881Z] !! capture closed
