[2026-09-26T13:32:18.874Z] !! capture open /dev/serial/by-id/usb-Espressif_USB_JTAG_serial_debug_unit_94:A9:90:7A:B5:60-if00 @ 115200 backend=pyserial dtr=1 rts=0
[2026-09-26T13:32:19.342Z] I (156093) RouteLoom: HIL LINK tx peer=3 type=32 cid=3131591193 I (181103) RouteLoom: HIL LINK rx peer=3 type=32 cid=2065731346 current=0 status=5 seq=40
[2026-09-26T13:32:19.439Z] I (181195) RouteLoom: HIL LINK rx peer=1 type=32 cid=3139351763 current=0 status=5 seq=6
[2026-09-26T13:32:19.490Z] I (181247) RouteLoom: HIL PROBE tx peer=3 type=40 status=0 detail=ok
[2026-09-26T13:32:19.502Z] I (181264) RouteLoom: HIL LINK rx peer=3 type=41 cid=2065731346 current=0 status=5 seq=23
[2026-09-26T13:32:20.451Z] I (182208) RouteLoom: HIL LINK tx peer=1 type=32 cid=3445906384 seq=47
[2026-09-26T13:32:22.947Z] I (184709) RouteLoom: HIL LINK tx peer=3 type=32 cid=3131591193 seq=48
[2026-09-26T13:32:24.342Z] I (186103) RouteLoom: HIL LINK rx peer=3 type=32 cid=2065731346 current=0 status=5 seq=41
[2026-09-26T13:32:24.425Z] I (186186) RouteLoom: HIL LINK rx peer=1 type=40 cid=3139351763 current=0 status=5 seq=5
[2026-09-26T13:32:24.429Z] I (186190) RouteLoom: HIL PROBE tx peer=1 type=41 status=0 detail=ok
[2026-09-26T13:32:24.445Z] I (186205) RouteLoom: HIL LINK rx peer=1 type=32 cid=3139351763 current=0 status=5 seq=7
[2026-09-26T13:32:25.447Z] I (187209) RouteLoom: HIL LINK tx peer=1 type=32 cid=3445906384 seq=49
[2026-09-26T13:32:27.949Z] I (189711) RouteLoom: HIL LINK tx peer=3 type=32 cid=3131591193 seq=50
[2026-09-26T13:32:29.343Z] I (191104) RouteLoom: HIL LINK rx peer=3 type=32 cid=2065731346 current=0 status=5 seq=42
[2026-09-26T13:32:29.438Z] I (191198) RouteLoom: HIL LINK rx peer=1 type=32 cid=3139351763 current=0 status=5 seq=8
[2026-09-26T13:32:29.502Z] I (191264) RouteLoom: HIL LINK rx peer=3 type=40 cid=2065731346 current=0 status=5 seq=24
[2026-09-26T13:32:29.508Z] I (191268) RouteLoom: HIL PROBE tx peer=3 type=41 status=0 detail=ok
[2026-09-26T13:32:29.996Z] I (191757) RouteLoom: HIL LINK rx peer=1 type=3 cid=3139351763 current=0 status=5 seq=2
[2026-09-26T13:32:30.001Z] I (191763) RouteLoom: HIL LINK tx peer=1 type=17 cid=3445906384 seq=2
[2026-09-26T13:32:30.013Z] I (191775) RouteLoom: HIL LINK tx peer=1 type=3 cid=3445906384 seq=1
[2026-09-26T13:32:30.025Z] I (191787) RouteLoom: HIL LINK tx peer=1 type=3 cid=3445906384 seq=2
[2026-09-26T13:32:30.042Z] I (191803) RouteLoom: HIL LINK rx peer=1 type=17 cid=3139351763 current=0 status=5 seq=1
[2026-09-26T13:32:30.053Z] I (191814) RouteLoom: HIL LINK rx peer=1 type=17 cid=3139351763 current=0 status=5 seq=2
[2026-09-26T13:32:30.065Z] I (191826) RouteLoom: HIL LINK rx peer=1 type=16 cid=3139351763 current=0 status=5 seq=1
[2026-09-26T13:32:30.070Z] W (191829) RouteLoomRef: diagnostic reason=session unknown context peer=1 message=present
[2026-09-26T13:32:30.077Z] I (191837) RouteLoom: HIL LINK rx peer=1 type=3 cid=3139351763 current=0 status=5 seq=3
[2026-09-26T13:32:30.083Z] I (191844) RouteLoom: HIL LINK tx peer=1 type=17 cid=3445906384 seq=3
[2026-09-26T13:32:30.116Z] I (191878) RouteLoom: HIL LINK rx peer=1 type=16 cid=3139351763 current=0 status=5 seq=1
[2026-09-26T13:32:30.120Z] I (191881) RouteLoomRef: message origin=1 session=307 sequence=1 bytes=9
[2026-09-26T13:32:30.126Z] I (191885) RouteLoom: HIL LINK tx peer=1 type=17 cid=3445906384 seq=1
[2026-09-26T13:32:30.134Z] I (191896) RouteLoom: HIL LINK tx peer=1 type=18 cid=3445906384 seq=1
[2026-09-26T13:32:30.157Z] I (191918) RouteLoom: HIL LINK rx peer=1 type=17 cid=3139351763 current=0 status=5 seq=1
[2026-09-26T13:32:30.450Z] I (192212) RouteLoom: HIL LINK tx peer=1 type=32 cid=3445906384 seq=51
[2026-09-26T13:32:30.539Z] I (192300) RouteLoom: HIL LINK rx peer=1 type=3 cid=3139351763 current=0 status=5 seq=4
[2026-09-26T13:32:30.577Z] I (192306) RouteLoom: HIL LINK tx peer=1 type=17 cid=3445906384 seq=4
[2026-09-26T13:32:30.577Z] I (192328) RouteLoom: HIL LINK rx peer=1 type=32 cid=3139351763 current=0 status=5 seq=9
[2026-09-26T13:32:31.040Z] I (192801) RouteLoom: HIL LINK rx peer=1 type=3 cid=3139351763 current=0 status=5 seq=5
[2026-09-26T13:32:31.045Z] I (192807) RouteLoom: HIL LINK tx peer=1 type=17 cid=3445906384 seq=5
[2026-09-26T13:32:31.541Z] I (193303) RouteLoom: HIL LINK rx peer=1 type=3 cid=3139351763 current=0 status=5 seq=6
[2026-09-26T13:32:31.547Z] I (193308) RouteLoom: HIL LINK tx peer=1 type=17 cid=3445906384 seq=6
[2026-09-26T13:32:32.006Z] I (193767) RouteLoom: HIL LINK rx peer=1 type=32 cid=3139351763 current=0 status=5 seq=10
[2026-09-26T13:32:32.951Z] I (194712) RouteLoom: HIL LINK tx peer=3 type=32 cid=3131591193 seq=52
[2026-09-26T13:32:32.995Z] I (194757) RouteLoom: HIL LINK rx peer=1 type=3 cid=3139351763 current=0 status=5 seq=8
[2026-09-26T13:32:33.001Z] I (194763) RouteLoom: HIL LINK tx peer=1 type=17 cid=3445906384 seq=8
[2026-09-26T13:32:33.012Z] I (194774) RouteLoom: HIL LINK tx peer=3 type=3 cid=3131591193 seq=8
[2026-09-26T13:32:33.033Z] I (194794) RouteLoom: HIL LINK rx peer=3 type=17 cid=2065731346 current=0 status=5 seq=8
[2026-09-26T13:32:33.047Z] I (194808) RouteLoom: HIL LINK rx peer=3 type=3 cid=2065731346 current=0 status=5 seq=1
[2026-09-26T13:32:33.052Z] I (194814) RouteLoom: HIL LINK tx peer=3 type=17 cid=3131591193 seq=1
[2026-09-26T13:32:33.059Z] I (194820) RouteLoom: HIL LINK rx peer=3 type=3 cid=2065731346 current=0 status=5 seq=2
[2026-09-26T13:32:33.070Z] I (194832) RouteLoom: HIL LINK tx peer=3 type=17 cid=3131591193 seq=2
[2026-09-26T13:32:33.081Z] I (194843) RouteLoom: HIL LINK tx peer=1 type=3 cid=3445906384 seq=1
[2026-09-26T13:32:33.093Z] I (194855) RouteLoom: HIL LINK tx peer=1 type=3 cid=3445906384 seq=2
[2026-09-26T13:32:33.109Z] I (194870) RouteLoom: HIL LINK rx peer=1 type=17 cid=3139351763 current=0 status=5 seq=1
[2026-09-26T13:32:33.121Z] I (194882) RouteLoom: HIL LINK rx peer=1 type=17 cid=3139351763 current=0 status=5 seq=2
[2026-09-26T13:32:33.132Z] I (194893) RouteLoom: HIL LINK rx peer=1 type=16 cid=3139351763 current=0 status=5 seq=7
[2026-09-26T13:32:33.137Z] I (194899) RouteLoom: HIL LINK tx peer=1 type=17 cid=3445906384 seq=7
[2026-09-26T13:32:33.148Z] I (194910) RouteLoom: HIL LINK tx peer=3 type=16 cid=3131591193 seq=7
[2026-09-26T13:32:33.153Z] I (194914) RouteLoom: HIL LINK rx peer=1 type=3 cid=3139351763 current=0 status=5 seq=9
[2026-09-26T13:32:33.165Z] I (194927) RouteLoom: HIL LINK tx peer=1 type=17 cid=3445906384 seq=9
[2026-09-26T13:32:33.170Z] I (194932) RouteLoom: HIL LINK rx peer=1 type=32 cid=3139351763 current=0 status=5 seq=11
[2026-09-26T13:32:33.181Z] I (194942) RouteLoom: HIL LINK tx peer=3 type=3 cid=3131591193 seq=9
[2026-09-26T13:32:33.195Z] I (194957) RouteLoom: HIL LINK tx peer=3 type=16 cid=3131591193 seq=7
[2026-09-26T13:32:33.200Z] I (194962) RouteLoom: HIL LINK rx peer=3 type=17 cid=2065731346 current=0 status=5 seq=9
[2026-09-26T13:32:33.220Z] I (194981) RouteLoom: HIL LINK rx peer=3 type=17 cid=2065731346 current=0 status=5 seq=7
[2026-09-26T13:32:33.233Z] I (194994) RouteLoom: HIL LINK rx peer=3 type=18 cid=2065731346 current=0 status=5 seq=7
[2026-09-26T13:32:33.239Z] I (195000) RouteLoom: HIL LINK tx peer=3 type=17 cid=3131591193 seq=7
[2026-09-26T13:32:33.250Z] I (195011) RouteLoom: HIL LINK tx peer=1 type=18 cid=3445906384 seq=7
[2026-09-26T13:32:33.270Z] I (195031) RouteLoom: HIL LINK rx peer=1 type=17 cid=3139351763 current=0 status=5 seq=7
[2026-09-26T13:32:33.611Z] I (195372) RouteLoom: HIL LINK rx peer=1 type=3 cid=3139351763 current=0 status=5 seq=10
[2026-09-26T13:32:33.617Z] I (195378) RouteLoom: HIL LINK tx peer=1 type=17 cid=3445906384 seq=10
[2026-09-26T13:32:33.628Z] I (195389) RouteLoom: HIL LINK tx peer=3 type=3 cid=3131591193 seq=10
[2026-09-26T13:32:33.646Z] I (195407) RouteLoom: HIL LINK rx peer=3 type=17 cid=2065731346 current=0 status=5 seq=10
[2026-09-26T13:32:33.682Z] I (195443) RouteLoom: HIL LINK tx peer=3 type=32 cid=3131591193 seq=53
[2026-09-26T13:32:33.693Z] I (195454) RouteLoom: HIL LINK tx peer=1 type=32 cid=3445906384 seq=54
[2026-09-26T13:32:34.111Z] I (195872) RouteLoom: HIL LINK rx peer=1 type=3 cid=3139351763 current=0 status=5 seq=11
[2026-09-26T13:32:34.117Z] I (195878) RouteLoom: HIL LINK tx peer=1 type=17 cid=3445906384 seq=11
[2026-09-26T13:32:34.128Z] I (195889) RouteLoom: HIL LINK tx peer=3 type=3 cid=3131591193 seq=11
[2026-09-26T13:32:34.149Z] I (195907) RouteLoom: HIL LINK rx peer=3 type=17 cid=2065731346 current=0 status=5 seq=11
[2026-09-26T13:32:34.199Z] I (195960) RouteLoom: HIL LINK rx peer=1 type=32 cid=3139351763 current=0 status=5 seq=12
[2026-09-26T13:32:34.345Z] I (196105) RouteLoom: HIL LINK rx peer=3 type=32 cid=2065731346 current=0 status=5 seq=43
[2026-09-26T13:32:34.427Z] I (196188) RouteLoom: HIL PROBE tx peer=1 type=40 status=0 detail=ok
[2026-09-26T13:32:34.442Z] I (196203) RouteLoom: HIL LINK rx peer=1 type=32 cid=3139351763 current=0 status=5 seq=13
[2026-09-26T13:32:34.612Z] I (196373) RouteLoom: HIL LINK rx peer=1 type=3 cid=3139351763 current=0 status=5 seq=12
[2026-09-26T13:32:34.618Z] I (196379) RouteLoom: HIL LINK tx peer=1 type=17 cid=3445906384 seq=12
[2026-09-26T13:32:34.629Z] I (196390) RouteLoom: HIL LINK tx peer=3 type=3 cid=3131591193 seq=12
[2026-09-26T13:32:34.648Z] I (196408) RouteLoom: HIL LINK rx peer=3 type=17 cid=2065731346 current=0 status=5 seq=12
[2026-09-26T13:32:35.051Z] I (196813) RouteLoom: HIL LINK tx peer=3 type=32 cid=3131591193 seq=55
[2026-09-26T13:32:35.063Z] I (196824) RouteLoom: HIL LINK tx peer=1 type=32 cid=3445906384 seq=56
[2026-09-26T13:32:35.257Z] I (197018) RouteLoom: HIL LINK rx peer=1 type=32 cid=3139351763 current=0 status=5 seq=14
[2026-09-26T13:32:35.451Z] I (197213) RouteLoom: HIL LINK tx peer=1 type=32 cid=3445906384 seq=57
[2026-09-26T13:32:35.987Z] I (197748) RouteLoom: HIL LINK rx peer=1 type=16 cid=3139351763 current=0 status=5 seq=13
[2026-09-26T13:32:35.991Z] I (197752) RouteLoomRef: message origin=1 session=307 sequence=13 bytes=9
[2026-09-26T13:32:35.997Z] I (197756) RouteLoom: HIL LINK tx peer=1 type=17 cid=3445906384 seq=13
[2026-09-26T13:32:36.006Z] I (197767) RouteLoom: HIL LINK tx peer=1 type=18 cid=3445906384 seq=13
[2026-09-26T13:32:36.028Z] I (197789) RouteLoom: HIL LINK rx peer=1 type=17 cid=3139351763 current=0 status=5 seq=13
[2026-09-26T13:32:36.266Z] I (198027) RouteLoom: HIL LINK rx peer=1 type=32 cid=3139351763 current=0 status=5 seq=15
[2026-09-26T13:32:36.429Z] I (198191) RouteLoom: HIL PROBE tx peer=1 type=40 status=0 detail=ok
[2026-09-26T13:32:36.448Z] I (198209) RouteLoom: HIL LINK rx peer=1 type=41 cid=3139351763 current=0 status=5 seq=7
[2026-09-26T13:32:37.954Z] I (199715) RouteLoom: HIL LINK tx peer=3 type=32 cid=3131591193 seq=58
[2026-09-26T13:32:38.981Z] I (200742) RouteLoom: HIL LINK rx peer=1 type=16 cid=3139351763 current=0 status=5 seq=14
[2026-09-26T13:32:38.987Z] I (200748) RouteLoom: HIL LINK tx peer=1 type=17 cid=3445906384 seq=14
[2026-09-26T13:32:38.998Z] I (200760) RouteLoom: HIL LINK tx peer=3 type=16 cid=3131591193 seq=14
[2026-09-26T13:32:39.019Z] I (200780) RouteLoom: HIL LINK rx peer=3 type=17 cid=2065731346 current=0 status=5 seq=14
[2026-09-26T13:32:39.031Z] I (200792) RouteLoom: HIL LINK rx peer=3 type=18 cid=2065731346 current=0 status=5 seq=14
[2026-09-26T13:32:39.036Z] I (200798) RouteLoom: HIL LINK tx peer=3 type=17 cid=3131591193 seq=14
[2026-09-26T13:32:39.047Z] I (200809) RouteLoom: HIL LINK tx peer=1 type=18 cid=3445906384 seq=14
[2026-09-26T13:32:39.068Z] I (200830) RouteLoom: HIL LINK rx peer=1 type=17 cid=3139351763 current=0 status=5 seq=14
[2026-09-26T13:32:39.346Z] I (201107) RouteLoom: HIL LINK rx peer=3 type=32 cid=2065731346 current=0 status=5 seq=44
[2026-09-26T13:32:39.437Z] I (201198) RouteLoom: HIL LINK rx peer=1 type=32 cid=3139351763 current=0 status=5 seq=16
[2026-09-26T13:32:39.504Z] I (201266) RouteLoom: HIL PROBE tx peer=3 type=40 status=0 detail=ok
[2026-09-26T13:32:39.521Z] I (201283) RouteLoom: HIL LINK rx peer=3 type=41 cid=2065731346 current=0 status=5 seq=25
[2026-09-26T13:32:40.453Z] I (202215) RouteLoom: HIL LINK tx peer=1 type=32 cid=3445906384 seq=59
[2026-09-26T13:32:41.979Z] I (203740) RouteLoom: HIL LINK rx peer=1 type=16 cid=3139351763 current=0 status=5 seq=15
[2026-09-26T13:32:41.983Z] I (203744) RouteLoomRef: message origin=1 session=307 sequence=15 bytes=9
[2026-09-26T13:32:41.989Z] I (203748) RouteLoom: HIL LINK tx peer=1 type=17 cid=3445906384 seq=15
[2026-09-26T13:32:41.998Z] I (203759) RouteLoom: HIL LINK tx peer=1 type=18 cid=3445906384 seq=15
[2026-09-26T13:32:42.020Z] I (203781) RouteLoom: HIL LINK rx peer=1 type=17 cid=3139351763 current=0 status=5 seq=15
[2026-09-26T13:32:42.956Z] I (204717) RouteLoom: HIL LINK tx peer=3 type=32 cid=3131591193 seq=60
[2026-09-26T13:32:44.347Z] I (206108) RouteLoom: HIL LINK rx peer=3 type=32 cid=2065731346 current=0 status=5 seq=45
[2026-09-26T13:32:44.438Z] I (206199) RouteLoom: HIL LINK rx peer=1 type=32 cid=3139351763 current=0 status=5 seq=17
[2026-09-26T13:32:44.980Z] I (206741) RouteLoom: HIL LINK rx peer=1 type=16 cid=3139351763 current=0 status=5 seq=16
[2026-09-26T13:32:44.986Z] I (206747) RouteLoom: HIL LINK tx peer=1 type=17 cid=3445906384 seq=16
[2026-09-26T13:32:44.996Z] I (206758) RouteLoom: HIL LINK tx peer=3 type=16 cid=3131591193 seq=16
[2026-09-26T13:32:45.017Z] I (206778) RouteLoom: HIL LINK rx peer=3 type=17 cid=2065731346 current=0 status=5 seq=16
[2026-09-26T13:32:45.032Z] I (206793) RouteLoom: HIL LINK rx peer=3 type=18 cid=2065731346 current=0 status=5 seq=16
[2026-09-26T13:32:45.038Z] I (206799) RouteLoom: HIL LINK tx peer=3 type=17 cid=3131591193 seq=16
[2026-09-26T13:32:45.049Z] I (206810) RouteLoom: HIL LINK tx peer=1 type=18 cid=3445906384 seq=16
[2026-09-26T13:32:45.069Z] I (206831) RouteLoom: HIL LINK rx peer=1 type=17 cid=3139351763 current=0 status=5 seq=16
[2026-09-26T13:32:45.455Z] I (207217) RouteLoom: HIL LINK tx peer=1 type=32 cid=3445906384 seq=61
[2026-09-26T13:32:46.447Z] I (208208) RouteLoom: HIL LINK rx peer=1 type=40 cid=3139351763 current=0 status=5 seq=8
[2026-09-26T13:32:46.451Z] I (208212) RouteLoom: HIL PROBE tx peer=1 type=41 status=0 detail=ok
[2026-09-26T13:32:47.956Z] I (209718) RouteLoom: HIL LINK tx peer=3 type=32 cid=3131591193 seq=62
[2026-09-26T13:32:49.349Z] I (211110) RouteLoom: HIL LINK rx peer=3 type=32 cid=2065731346 current=0 status=5 seq=46
[2026-09-26T13:32:49.439Z] I (211200) RouteLoom: HIL LINK rx peer=1 type=32 cid=3139351763 current=0 status=5 seq=18
[2026-09-26T13:32:49.521Z] I (211282) RouteLoom: HIL LINK rx peer=3 type=40 cid=2065731346 current=0 status=5 seq=26
[2026-09-26T13:32:49.525Z] I (211286) RouteLoom: HIL PROBE tx peer=3 type=41 status=0 detail=ok
[2026-09-26T13:32:50.457Z] I (212219) RouteLoom: HIL LINK tx peer=1 type=32 cid=3445906384 seq=63
[2026-09-26T13:32:52.960Z] I (214721) RouteLoom: HIL LINK tx peer=3 type=32 cid=3131591193 seq=64
[2026-09-26T13:32:54.351Z] I (216112) RouteLoom: HIL LINK rx peer=3 type=32 cid=2065731346 current=0 status=5 seq=47
[2026-09-26T13:32:54.441Z] I (216200) RouteLoom: HIL LINK rx peer=1 type=32 cid=3139351763 current=0 status=5 seq=19
[2026-09-26T13:32:55.462Z] I (217223) RouteLoom: HIL LINK tx peer=1 type=32 cid=3445906384 seq=65
[2026-09-26T13:32:56.451Z] I (218212) RouteLoom: HIL PROBE tx peer=1 type=40 status=0 detail=ok
[2026-09-26T13:32:56.469Z] I (218230) RouteLoom: HIL LINK rx peer=1 type=41 cid=3139351763 current=0 status=5 seq=9
[2026-09-26T13:32:57.963Z] I (219724) RouteLoom: HIL LINK tx peer=3 type=32 cid=3131591193 seq=66
[2026-09-26T13:32:58.847Z] I (220608) RouteLoom: HIL LINK rx peer=1 type=16 cid=3139351763 current=0 status=5 seq=17
[2026-09-26T13:32:58.853Z] I (220612) RouteLoomRef: message origin=1 session=307 sequence=17 bytes=9
[2026-09-26T13:32:58.857Z] I (220615) RouteLoom: HIL LINK tx peer=1 type=17 cid=3445906384 seq=17
[2026-09-26T13:32:58.866Z] I (220627) RouteLoom: HIL LINK tx peer=1 type=18 cid=3445906384 seq=17
[2026-09-26T13:32:58.886Z] I (220647) RouteLoom: HIL LINK rx peer=1 type=17 cid=3139351763 current=0 status=5 seq=17
[2026-09-26T13:32:59.351Z] I (221111) RouteLoom: HIL LINK rx peer=3 type=32 cid=2065731346 current=0 status=5 seq=48
[2026-09-26T13:32:59.442Z] I (221202) RouteLoom: HIL LINK rx peer=1 type=32 cid=3139351763 current=0 status=5 seq=20
[2026-09-26T13:32:59.524Z] I (221285) RouteLoom: HIL PROBE tx peer=3 type=40 status=0 detail=ok
[2026-09-26T13:32:59.541Z] I (221302) RouteLoom: HIL LINK rx peer=3 type=41 cid=2065731346 current=0 status=5 seq=27
[2026-09-26T13:33:00.464Z] I (222225) RouteLoom: HIL LINK tx peer=1 type=32 cid=3445906384 seq=67
[2026-09-26T13:33:02.966Z] I (224727) RouteLoom: HIL LINK tx peer=3 type=32 cid=3131591193 seq=68
[2026-09-26T13:33:04.351Z] I (226112) RouteLoom: HIL LINK rx peer=3 type=32 cid=2065731346 current=0 status=5 seq=49
[2026-09-26T13:33:04.443Z] I (226204) RouteLoom: HIL LINK rx peer=1 type=32 cid=3139351763 current=0 status=5 seq=21
[2026-09-26T13:33:05.466Z] I (227227) RouteLoom: HIL LINK tx peer=1 type=32 cid=3445906384 seq=69
[2026-09-26T13:33:06.470Z] I (228230) RouteLoom: HIL LINK rx peer=1 type=40 cid=3139351763 current=0 status=5 seq=10
[2026-09-26T13:33:06.473Z] I (228234) RouteLoom: HIL PROBE tx peer=1 type=41 status=0 detail=ok
[2026-09-26T13:33:07.967Z] I (229728) RouteLoom: HIL LINK tx peer=3 type=32 cid=3131591193 seq=70
[2026-09-26T13:33:09.353Z] I (231113) RouteLoom: HIL LINK rx peer=3 type=32 cid=2065731346 current=0 status=5 seq=50
[2026-09-26T13:33:09.445Z] I (231205) RouteLoom: HIL LINK rx peer=1 type=32 cid=3139351763 current=0 status=5 seq=22
[2026-09-26T13:33:09.539Z] I (231299) RouteLoom: HIL LINK rx peer=3 type=40 cid=2065731346 current=0 status=5 seq=28
[2026-09-26T13:33:09.544Z] I (231303) RouteLoom: HIL PROBE tx peer=3 type=41 status=0 detail=ok
[2026-09-26T13:33:10.469Z] I (232230) RouteLoom: HIL LINK tx peer=1 type=32 cid=3445906384 seq=71
[2026-09-26T13:33:12.971Z] I (234732) RouteLoom: HIL LINK tx peer=3 type=32 cid=3131591193 seq=72
[2026-09-26T13:33:14.353Z] I (236114) RouteLoom: HIL LINK rx peer=3 type=32 cid=2065731346 current=0 status=5 seq=51
[2026-09-26T13:33:14.445Z] I (236205) RouteLoom: HIL LINK rx peer=1 type=32 cid=3139351763 current=0 status=5 seq=23
[2026-09-26T13:33:15.473Z] I (237234) RouteLoom: HIL LINK tx peer=1 type=32 cid=3445906384 seq=73
[2026-09-26T13:33:16.471Z] I (238232) RouteLoom: HIL PROBE tx peer=1 type=40 status=0 detail=ok
[2026-09-26T13:33:16.490Z] I (238250) RouteLoom: HIL LINK rx peer=1 type=41 cid=3139351763 current=0 status=5 seq=11
[2026-09-26T13:33:17.974Z] I (239735) RouteLoom: HIL LINK tx peer=3 type=32 cid=3131591193 seq=74
[2026-09-26T13:33:18.649Z] I (240410) RouteLoom: stack hwm main 11096 B
[2026-09-26T13:33:18.650Z] I (240410) RouteLoom: HIL HEAP free=21708 largest=18432 min=20932 B
[2026-09-26T13:33:18.660Z] I (240411) RouteLoom: HIL DISCOVERY candidates=0 neighbors=2 capacity=0 auth=2 stale=0 probes=20 send_failures=2 kind_rejects=0
[2026-09-26T13:33:18.667Z] I (240421) RouteLoom: HIL ROUTE peer=1 phase=5 via=1 metric=1 generation=307 seq=1
[2026-09-26T13:33:18.674Z] I (240428) RouteLoom: HIL ROUTE peer=3 phase=5 via=3 metric=1 generation=107 seq=1
[2026-09-26T13:33:19.354Z] I (241114) RouteLoom: HIL LINK rx peer=3 type=32 cid=2065731346 current=0 status=5 seq=52
[2026-09-26T13:33:19.446Z] I (241206) RouteLoom: HIL LINK rx peer=1 type=32 cid=3139351763 current=0 status=5 seq=24
[2026-09-26T13:33:19.540Z] I (241301) RouteLoom: HIL PROBE tx peer=3 type=40 status=0 detail=ok
[2026-09-26T13:33:19.560Z] I (241320) RouteLoom: HIL LINK rx peer=3 type=41 cid=2065731346 current=0 status=5 seq=29
[2026-09-26T13:33:20.474Z] I (242235) RouteLoom: HIL LINK tx peer=1 type=32 cid=3445906384 seq=75
[2026-09-26T13:33:22.976Z] I (244737) RouteLoom: HIL LINK tx peer=3 type=32 cid=3131591193 seq=76
[2026-09-26T13:33:24.355Z] I (246115) RouteLoom: HIL LINK rx peer=3 type=32 cid=2065731346 current=0 status=5 seq=53
[2026-09-26T13:33:24.447Z] I (246207) RouteLoom: HIL LINK rx peer=1 type=32 cid=3139351763 current=0 status=5 seq=25
[2026-09-26T13:33:25.478Z] I (247239) RouteLoom: HIL LINK tx peer=1 type=32 cid=3445906384 seq=77
[2026-09-26T13:33:26.488Z] I (248248) RouteLoom: HIL LINK rx peer=1 type=40 cid=3139351763 current=0 status=5 seq=12
[2026-09-26T13:33:26.492Z] I (248252) RouteLoom: HIL PROBE tx peer=1 type=41 status=0 detail=ok
[2026-09-26T13:33:27.979Z] I (249740) RouteLoom: HIL LINK tx peer=3 type=32 cid=3131591193 seq=78
[2026-09-26T13:33:29.355Z] I (251115) RouteLoom: HIL LINK rx peer=3 type=32 cid=2065731346 current=0 status=5 seq=54
[2026-09-26T13:33:29.449Z] I (251208) RouteLoom: HIL LINK rx peer=1 type=32 cid=3139351763 current=0 status=5 seq=26
[2026-09-26T13:33:29.557Z] I (251317) RouteLoom: HIL LINK rx peer=3 type=40 cid=2065731346 current=0 status=5 seq=30
[2026-09-26T13:33:29.561Z] I (251321) RouteLoom: HIL PROBE tx peer=3 type=41 status=0 detail=ok
[2026-09-26T13:33:30.481Z] I (252242) RouteLoom: HIL LINK tx peer=1 type=32 cid=3445906384 seq=79
[2026-09-26T13:33:32.983Z] I (254744) RouteLoom: HIL LINK tx peer=3 type=32 cid=3131591193 seq=80
[2026-09-26T13:33:34.356Z] I (256116) RouteLoom: HIL LINK rx peer=3 type=32 cid=2065731346 current=0 status=5 seq=55
[2026-09-26T13:33:34.448Z] I (256208) RouteLoom: HIL LINK rx peer=1 type=32 cid=3139351763 current=0 status=5 seq=27
[2026-09-26T13:33:35.485Z] I (257246) RouteLoom: HIL LINK tx peer=1 type=32 cid=3445906384 seq=81
[2026-09-26T13:33:35.847Z] I (257607) RouteLoom: HIL LINK rx peer=1 type=16 cid=3139351763 current=0 status=5 seq=18
[2026-09-26T13:33:35.853Z] I (257613) RouteLoom: HIL LINK tx peer=1 type=17 cid=3445906384 seq=18
[2026-09-26T13:33:35.863Z] I (257624) RouteLoom: HIL LINK tx peer=3 type=16 cid=3131591193 seq=18
[2026-09-26T13:33:35.884Z] I (257644) RouteLoom: HIL LINK rx peer=3 type=17 cid=2065731346 current=0 status=5 seq=18
[2026-09-26T13:33:35.896Z] I (257656) RouteLoom: HIL LINK rx peer=3 type=18 cid=2065731346 current=0 status=5 seq=18
[2026-09-26T13:33:35.902Z] I (257662) RouteLoom: HIL LINK tx peer=3 type=17 cid=3131591193 seq=18
[2026-09-26T13:33:35.912Z] I (257673) RouteLoom: HIL LINK tx peer=1 type=18 cid=3445906384 seq=18
[2026-09-26T13:33:35.933Z] I (257694) RouteLoom: HIL LINK rx peer=1 type=17 cid=3139351763 current=0 status=5 seq=18
[2026-09-26T13:33:36.489Z] I (258250) RouteLoom: HIL PROBE tx peer=1 type=40 status=0 detail=ok
[2026-09-26T13:33:36.507Z] I (258267) RouteLoom: HIL LINK rx peer=1 type=41 cid=3139351763 current=0 status=5 seq=13
[2026-09-26T13:33:37.987Z] I (259748) RouteLoom: HIL LINK tx peer=3 type=32 cid=3131591193 seq=82
[2026-09-26T13:33:39.357Z] I (261117) RouteLoom: HIL LINK rx peer=3 type=32 cid=2065731346 current=0 status=5 seq=56
[2026-09-26T13:33:39.448Z] I (261208) RouteLoom: HIL LINK rx peer=1 type=32 cid=3139351763 current=0 status=5 seq=28
[2026-09-26T13:33:39.560Z] I (261321) RouteLoom: HIL PROBE tx peer=3 type=40 status=0 detail=ok
[2026-09-26T13:33:39.579Z] I (261339) RouteLoom: HIL LINK rx peer=3 type=41 cid=2065731346 current=0 status=5 seq=31
[2026-09-26T13:33:40.487Z] I (262248) RouteLoom: HIL LINK tx peer=1 type=32 cid=3445906384 seq=83
[2026-09-26T13:33:42.989Z] I (264750) RouteLoom: HIL LINK tx peer=3 type=32 cid=3131591193 seq=84
[2026-09-26T13:33:44.359Z] I (266119) RouteLoom: HIL LINK rx peer=3 type=32 cid=2065731346 current=0 status=5 seq=57
[2026-09-26T13:33:44.448Z] I (266208) RouteLoom: HIL LINK rx peer=1 type=32 cid=3139351763 current=0 status=5 seq=29
[2026-09-26T13:33:45.490Z] I (267251) RouteLoom: HIL LINK tx peer=1 type=32 cid=3445906384 seq=85
[2026-09-26T13:33:46.506Z] I (268266) RouteLoom: HIL LINK rx peer=1 type=40 cid=3139351763 current=0 status=5 seq=14
[2026-09-26T13:33:46.510Z] I (268270) RouteLoom: HIL PROBE tx peer=1 type=41 status=0 detail=ok
[2026-09-26T13:33:47.991Z] I (269752) RouteLoom: HIL LINK tx peer=3 type=32 cid=3131591193 seq=86
[2026-09-26T13:33:49.361Z] I (271121) RouteLoom: HIL LINK rx peer=3 type=32 cid=2065731346 current=0 status=5 seq=58
[2026-09-26T13:33:49.450Z] I (271210) RouteLoom: HIL LINK rx peer=1 type=32 cid=3139351763 current=0 status=5 seq=30
[2026-09-26T13:33:49.577Z] I (271337) RouteLoom: HIL LINK rx peer=3 type=40 cid=2065731346 current=0 status=5 seq=32
[2026-09-26T13:33:49.581Z] I (271341) RouteLoom: HIL PROBE tx peer=3 type=41 status=0 detail=ok
[2026-09-26T13:33:50.492Z] I (272253) RouteLoom: HIL LINK tx peer=1 type=32 cid=3445906384 seq=87
[2026-09-26T13:33:52.994Z] I (274755) RouteLoom: HIL LINK tx peer=3 type=32 cid=3131591193 seq=88
[2026-09-26T13:33:54.362Z] I (276122) RouteLoom: HIL LINK rx peer=3 type=32 cid=2065731346 current=0 status=5 seq=59
[2026-09-26T13:33:54.450Z] I (276210) RouteLoom: HIL LINK rx peer=1 type=32 cid=3139351763 current=0 status=5 seq=31
[2026-09-26T13:33:55.498Z] I (277257) RouteLoom: HIL LINK tx peer=1 type=32 cid=3445906384 seq=89
[2026-09-26T13:33:56.510Z] I (278270) RouteLoom: HIL PROBE tx peer=1 type=40 status=0 detail=ok
[2026-09-26T13:33:56.528Z] I (278288) RouteLoom: HIL LINK rx peer=1 type=41 cid=3139351763 current=0 status=5 seq=15
[2026-09-26T13:33:57.997Z] I (279758) RouteLoom: HIL LINK tx peer=3 type=32 cid=3131591193 seq=90
[2026-09-26T13:33:59.365Z] I (281124) RouteLoom: HIL LINK rx peer=3 type=32 cid=2065731346 current=0 status=5 seq=60
[2026-09-26T13:33:59.452Z] I (281212) RouteLoom: HIL LINK rx peer=1 type=32 cid=3139351763 current=0 status=5 seq=32
[2026-09-26T13:33:59.580Z] I (281340) RouteLoom: HIL PROBE tx peer=3 type=40 status=0 detail=ok
[2026-09-26T13:33:59.597Z] I (281357) RouteLoom: HIL LINK rx peer=3 type=41 cid=2065731346 current=0 status=5 seq=33
[2026-09-26T13:34:00.499Z] I (282259) RouteLoom: HIL LINK tx peer=1 type=32 cid=3445906384 seq=91
[2026-09-26T13:34:03.004Z] I (284761) RouteLoom: HIL LINK tx peer=3 type=32 cid=3131591193 seq=92
[2026-09-26T13:34:04.365Z] I (286125) RouteLoom: HIL LINK rx peer=3 type=32 cid=2065731346 current=0 status=5 seq=61
[2026-09-26T13:34:04.455Z] I (286215) RouteLoom: HIL LINK rx peer=1 type=32 cid=3139351763 current=0 status=5 seq=33
[2026-09-26T13:34:05.502Z] I (287262) RouteLoom: HIL LINK tx peer=1 type=32 cid=3445906384 seq=93
[2026-09-26T13:34:06.527Z] I (288286) RouteLoom: HIL LINK rx peer=1 type=40 cid=3139351763 current=0 status=5 seq=16
[2026-09-26T13:34:06.530Z] I (288290) RouteLoom: HIL PROBE tx peer=1 type=41 status=0 detail=ok
[2026-09-26T13:34:08.003Z] I (289763) RouteLoom: HIL LINK tx peer=3 type=32 cid=3131591193 seq=94
[2026-09-26T13:34:09.367Z] I (291126) RouteLoom: HIL LINK rx peer=3 type=32 cid=2065731346 current=0 status=5 seq=62
[2026-09-26T13:34:09.457Z] I (291217) RouteLoom: HIL LINK rx peer=1 type=32 cid=3139351763 current=0 status=5 seq=34
[2026-09-26T13:34:09.594Z] I (291354) RouteLoom: HIL LINK rx peer=3 type=40 cid=2065731346 current=0 status=5 seq=34
[2026-09-26T13:34:09.598Z] I (291358) RouteLoom: HIL PROBE tx peer=3 type=41 status=0 detail=ok
[2026-09-26T13:34:10.504Z] I (292264) RouteLoom: HIL LINK tx peer=1 type=32 cid=3445906384 seq=95
[2026-09-26T13:34:12.848Z] I (294607) RouteLoom: HIL LINK rx peer=1 type=16 cid=3139351763 current=0 status=5 seq=19
[2026-09-26T13:34:12.851Z] I (294611) RouteLoomRef: message origin=1 session=307 sequence=19 bytes=9
[2026-09-26T13:34:12.857Z] I (294615) RouteLoom: HIL LINK tx peer=1 type=17 cid=3445906384 seq=19
[2026-09-26T13:34:12.866Z] I (294626) RouteLoom: HIL LINK tx peer=1 type=18 cid=3445906384 seq=19
[2026-09-26T13:34:12.889Z] I (294648) RouteLoom: HIL LINK rx peer=1 type=17 cid=3139351763 current=0 status=5 seq=19
[2026-09-26T13:34:13.005Z] I (294765) RouteLoom: HIL LINK tx peer=3 type=32 cid=3131591193 seq=96
[2026-09-26T13:34:14.367Z] I (296127) RouteLoom: HIL LINK rx peer=3 type=32 cid=2065731346 current=0 status=5 seq=63
[2026-09-26T13:34:14.458Z] I (296217) RouteLoom: HIL LINK rx peer=1 type=32 cid=3139351763 current=0 status=5 seq=35
[2026-09-26T13:34:15.507Z] I (297267) RouteLoom: HIL LINK tx peer=1 type=32 cid=3445906384 seq=97
[2026-09-26T13:34:16.529Z] I (298289) RouteLoom: HIL PROBE tx peer=1 type=40 status=0 detail=ok
[2026-09-26T13:34:16.548Z] I (298307) RouteLoom: HIL LINK rx peer=1 type=41 cid=3139351763 current=0 status=5 seq=17
[2026-09-26T13:34:18.008Z] I (299768) RouteLoom: HIL LINK tx peer=3 type=32 cid=3131591193 seq=98
[2026-09-26T13:34:18.650Z] I (300410) RouteLoom: stack hwm main 11096 B
[2026-09-26T13:34:18.650Z] I (300410) RouteLoom: HIL HEAP free=21708 largest=18432 min=20932 B
[2026-09-26T13:34:18.660Z] I (300411) RouteLoom: HIL DISCOVERY candidates=0 neighbors=2 capacity=0 auth=2 stale=0 probes=26 send_failures=2 kind_rejects=0
[2026-09-26T13:34:18.667Z] I (300421) RouteLoom: HIL ROUTE peer=1 phase=5 via=1 metric=1 generation=307 seq=1
[2026-09-26T13:34:18.675Z] I (300428) RouteLoom: HIL ROUTE peer=3 phase=5 via=3 metric=1 generation=107 seq=1
[2026-09-26T13:34:19.370Z] I (301129) RouteLoom: HIL LINK rx peer=3 type=32 cid=2065731346 current=0 status=5 seq=64
[2026-09-26T13:34:19.459Z] I (301219) RouteLoom: HIL LINK rx peer=1 type=32 cid=3139351763 current=0 status=5 seq=36
[2026-09-26T13:34:19.596Z] I (301356) RouteLoom: HIL PROBE tx peer=3 type=40 status=0 detail=ok
[2026-09-26T13:34:19.613Z] I (301373) RouteLoom: HIL LINK rx peer=3 type=41 cid=2065731346 current=0 status=5 seq=35
[2026-09-26T13:34:20.509Z] I (302269) RouteLoom: HIL LINK tx peer=1 type=32 cid=3445906384 seq=99
[2026-09-26T13:34:23.011Z] I (304771) RouteLoom: HIL LINK tx peer=3 type=32 cid=3131591193 seq=100
[2026-09-26T13:34:24.371Z] I (306129) RouteLoom: HIL LINK rx peer=3 type=32 cid=2065731346 current=0 status=5 seq=65
[2026-09-26T13:34:24.460Z] I (306220) RouteLoom: HIL LINK rx peer=1 type=32 cid=3139351763 current=0 status=5 seq=37
[2026-09-26T13:34:25.512Z] I (307272) RouteLoom: HIL LINK tx peer=1 type=32 cid=3445906384 seq=101
[2026-09-26T13:34:26.546Z] I (308305) RouteLoom: HIL LINK rx peer=1 type=40 cid=3139351763 current=0 status=5 seq=18
[2026-09-26T13:34:26.550Z] I (308309) RouteLoom: HIL PROBE tx peer=1 type=41 status=0 detail=ok
[2026-09-26T13:34:28.013Z] I (309773) RouteLoom: HIL LINK tx peer=3 type=32 cid=3131591193 seq=102
[2026-09-26T13:34:29.371Z] I (311130) RouteLoom: HIL LINK rx peer=3 type=32 cid=2065731346 current=0 status=5 seq=66
[2026-09-26T13:34:29.460Z] I (311220) RouteLoom: HIL LINK rx peer=1 type=32 cid=3139351763 current=0 status=5 seq=38
[2026-09-26T13:34:29.610Z] I (311370) RouteLoom: HIL LINK rx peer=3 type=40 cid=2065731346 current=0 status=5 seq=36
[2026-09-26T13:34:29.615Z] I (311374) RouteLoom: HIL PROBE tx peer=3 type=41 status=0 detail=ok
[2026-09-26T13:34:30.514Z] I (312274) RouteLoom: HIL LINK tx peer=1 type=32 cid=3445906384 seq=103
[2026-09-26T13:34:33.015Z] I (314775) RouteLoom: HIL LINK tx peer=3 type=32 cid=3131591193 seq=104
[2026-09-26T13:34:34.373Z] I (316132) RouteLoom: HIL LINK rx peer=3 type=32 cid=2065731346 current=0 status=5 seq=67
[2026-09-26T13:34:34.461Z] I (316220) RouteLoom: HIL LINK rx peer=1 type=32 cid=3139351763 current=0 status=5 seq=39
[2026-09-26T13:34:35.516Z] I (317276) RouteLoom: HIL LINK tx peer=1 type=32 cid=3445906384 seq=105
[2026-09-26T13:34:36.547Z] I (318307) RouteLoom: HIL PROBE tx peer=1 type=40 status=0 detail=ok
[2026-09-26T13:34:36.566Z] I (318325) RouteLoom: HIL LINK rx peer=1 type=41 cid=3139351763 current=0 status=5 seq=19
[2026-09-26T13:34:38.017Z] I (319777) RouteLoom: HIL LINK tx peer=3 type=32 cid=3131591193 seq=106
[2026-09-26T13:34:39.375Z] I (321134) RouteLoom: HIL LINK rx peer=3 type=32 cid=2065731346 current=0 status=5 seq=68
[2026-09-26T13:34:39.462Z] I (321221) RouteLoom: HIL LINK rx peer=1 type=32 cid=3139351763 current=0 status=5 seq=40
[2026-09-26T13:34:39.612Z] I (321372) RouteLoom: HIL PROBE tx peer=3 type=40 status=0 detail=ok
[2026-09-26T13:34:39.631Z] I (321390) RouteLoom: HIL LINK rx peer=3 type=41 cid=2065731346 current=0 status=5 seq=37
[2026-09-26T13:34:40.518Z] I (322278) RouteLoom: HIL LINK tx peer=1 type=32 cid=3445906384 seq=107
[2026-09-26T13:34:43.020Z] I (324780) RouteLoom: HIL LINK tx peer=3 type=32 cid=3131591193 seq=108
[2026-09-26T13:34:44.380Z] I (326139) RouteLoom: HIL LINK rx peer=3 type=32 cid=2065731346 current=0 status=5 seq=69
[2026-09-26T13:34:44.466Z] I (326225) RouteLoom: HIL LINK rx peer=1 type=32 cid=3139351763 current=0 status=5 seq=41
[2026-09-26T13:34:45.520Z] I (327280) RouteLoom: HIL LINK tx peer=1 type=32 cid=3445906384 seq=109
[2026-09-26T13:34:46.569Z] I (328328) RouteLoom: HIL PROBE tx peer=1 type=40 status=0 detail=ok
[2026-09-26T13:34:46.571Z] I (328330) RouteLoom: HIL LINK rx peer=1 type=40 cid=3139351763 current=0 status=5 seq=20
[2026-09-26T13:34:46.580Z] I (328334) RouteLoom: HIL PROBE tx peer=1 type=41 status=6 detail=autonomy TX already in flight to peer
[2026-09-26T13:34:46.595Z] I (328354) RouteLoom: HIL LINK rx peer=1 type=41 cid=3139351763 current=0 status=5 seq=21
[2026-09-26T13:34:48.022Z] I (329782) RouteLoom: HIL LINK tx peer=3 type=32 cid=3131591193 seq=110
[2026-09-26T13:34:49.376Z] I (331135) RouteLoom: HIL LINK rx peer=3 type=32 cid=2065731346 current=0 status=5 seq=70
[2026-09-26T13:34:49.465Z] I (331224) RouteLoom: HIL LINK rx peer=1 type=32 cid=3139351763 current=0 status=5 seq=42
[2026-09-26T13:34:49.631Z] I (331390) RouteLoom: HIL LINK rx peer=3 type=40 cid=2065731346 current=0 status=5 seq=38
[2026-09-26T13:34:49.635Z] I (331394) RouteLoom: HIL PROBE tx peer=3 type=41 status=0 detail=ok
[2026-09-26T13:34:49.851Z] I (331610) RouteLoom: HIL LINK rx peer=1 type=16 cid=3139351763 current=0 status=5 seq=20
[2026-09-26T13:34:49.856Z] I (331615) RouteLoom: HIL LINK tx peer=1 type=17 cid=3445906384 seq=20
[2026-09-26T13:34:49.867Z] I (331627) RouteLoom: HIL LINK tx peer=3 type=16 cid=3131591193 seq=20
[2026-09-26T13:34:49.889Z] I (331648) RouteLoom: HIL LINK rx peer=3 type=17 cid=2065731346 current=0 status=5 seq=20
[2026-09-26T13:34:49.903Z] I (331662) RouteLoom: HIL LINK rx peer=3 type=18 cid=2065731346 current=0 status=5 seq=20
[2026-09-26T13:34:49.909Z] I (331668) RouteLoom: HIL LINK tx peer=3 type=17 cid=3131591193 seq=20
[2026-09-26T13:34:49.920Z] I (331679) RouteLoom: HIL LINK tx peer=1 type=18 cid=3445906384 seq=20
[2026-09-26T13:34:49.949Z] I (331708) RouteLoom: HIL LINK rx peer=1 type=17 cid=3139351763 current=0 status=5 seq=20
[2026-09-26T13:34:50.523Z] I (332283) RouteLoom: HIL LINK tx peer=1 type=32 cid=3445906384 seq=111
[2026-09-26T13:34:53.025Z] I (334785) RouteLoom: HIL LINK tx peer=3 type=32 cid=3131591193 seq=112
[2026-09-26T13:34:54.377Z] I (336137) RouteLoom: HIL LINK rx peer=3 type=32 cid=2065731346 current=0 status=5 seq=71
[2026-09-26T13:34:54.465Z] I (336224) RouteLoom: HIL LINK rx peer=1 type=32 cid=3139351763 current=0 status=5 seq=43
[2026-09-26T13:34:55.526Z] I (337286) RouteLoom: HIL LINK tx peer=1 type=32 cid=3445906384 seq=113
[2026-09-26T13:34:56.587Z] I (338346) RouteLoom: HIL LINK rx peer=1 type=40 cid=3139351763 current=0 status=5 seq=22
[2026-09-26T13:34:56.593Z] I (338350) RouteLoom: HIL PROBE tx peer=1 type=41 status=0 detail=ok
[2026-09-26T13:34:58.027Z] I (339787) RouteLoom: HIL LINK tx peer=3 type=32 cid=3131591193 seq=114
[2026-09-26T13:34:59.379Z] I (341139) RouteLoom: HIL LINK rx peer=3 type=32 cid=2065731346 current=0 status=5 seq=72
[2026-09-26T13:34:59.465Z] I (341224) RouteLoom: HIL LINK rx peer=1 type=32 cid=3139351763 current=0 status=5 seq=44
[2026-09-26T13:34:59.633Z] I (341393) RouteLoom: HIL PROBE tx peer=3 type=40 status=0 detail=ok
[2026-09-26T13:34:59.650Z] I (341410) RouteLoom: HIL LINK rx peer=3 type=41 cid=2065731346 current=0 status=5 seq=39
[2026-09-26T13:35:00.528Z] I (342288) RouteLoom: HIL LINK tx peer=1 type=32 cid=3445906384 seq=115
[2026-09-26T13:35:03.030Z] I (344790) RouteLoom: HIL LINK tx peer=3 type=32 cid=3131591193 seq=116
[2026-09-26T13:35:04.380Z] I (346139) RouteLoom: HIL LINK rx peer=3 type=32 cid=2065731346 current=0 status=5 seq=73
[2026-09-26T13:35:04.466Z] I (346225) RouteLoom: HIL LINK rx peer=1 type=32 cid=3139351763 current=0 status=5 seq=45
[2026-09-26T13:35:05.532Z] I (347292) RouteLoom: HIL LINK tx peer=1 type=32 cid=3445906384 seq=117
[2026-09-26T13:35:06.591Z] I (348350) RouteLoom: HIL PROBE tx peer=1 type=40 status=0 detail=ok
[2026-09-26T13:35:06.609Z] I (348368) RouteLoom: HIL LINK rx peer=1 type=41 cid=3139351763 current=0 status=5 seq=23
[2026-09-26T13:35:08.034Z] I (349793) RouteLoom: HIL LINK tx peer=3 type=32 cid=3131591193 seq=118
[2026-09-26T13:35:09.381Z] I (351140) RouteLoom: HIL LINK rx peer=3 type=32 cid=2065731346 current=0 status=5 seq=74
[2026-09-26T13:35:09.466Z] I (351225) RouteLoom: HIL LINK rx peer=1 type=32 cid=3139351763 current=0 status=5 seq=46
[2026-09-26T13:35:09.648Z] I (351407) RouteLoom: HIL LINK rx peer=3 type=40 cid=2065731346 current=0 status=5 seq=40
[2026-09-26T13:35:09.652Z] I (351411) RouteLoom: HIL PROBE tx peer=3 type=41 status=0 detail=ok
[2026-09-26T13:35:10.533Z] I (352293) RouteLoom: HIL LINK tx peer=1 type=32 cid=3445906384 seq=119
[2026-09-26T13:35:13.036Z] I (354795) RouteLoom: HIL LINK tx peer=3 type=32 cid=3131591193 seq=120
[2026-09-26T13:35:14.382Z] I (356141) RouteLoom: HIL LINK rx peer=3 type=32 cid=2065731346 current=0 status=5 seq=75
[2026-09-26T13:35:14.467Z] I (356226) RouteLoom: HIL LINK rx peer=1 type=32 cid=3139351763 current=0 status=5 seq=47
[2026-09-26T13:35:15.537Z] I (357296) RouteLoom: HIL LINK tx peer=1 type=32 cid=3445906384 seq=121
[2026-09-26T13:35:16.609Z] I (358368) RouteLoom: HIL LINK rx peer=1 type=40 cid=3139351763 current=0 status=5 seq=24
[2026-09-26T13:35:16.614Z] I (358372) RouteLoom: HIL PROBE tx peer=1 type=41 status=0 detail=ok
[2026-09-26T13:35:18.038Z] I (359797) RouteLoom: HIL LINK tx peer=3 type=32 cid=3131591193 seq=122
[2026-09-26T13:35:18.653Z] I (360412) RouteLoom: stack hwm main 11096 B
[2026-09-26T13:35:18.653Z] I (360412) RouteLoom: HIL HEAP free=21708 largest=18432 min=20932 B
[2026-09-26T13:35:18.663Z] I (360413) RouteLoom: HIL DISCOVERY candidates=0 neighbors=2 capacity=0 auth=2 stale=0 probes=32 send_failures=3 kind_rejects=0
[2026-09-26T13:35:18.670Z] I (360423) RouteLoom: HIL ROUTE peer=1 phase=5 via=1 metric=1 generation=307 seq=1
[2026-09-26T13:35:18.678Z] I (360430) RouteLoom: HIL ROUTE peer=3 phase=5 via=3 metric=1 generation=107 seq=1
[2026-09-26T13:35:19.382Z] I (361141) RouteLoom: HIL LINK rx peer=3 type=32 cid=2065731346 current=0 status=5 seq=76
[2026-09-26T13:35:19.467Z] I (361226) RouteLoom: HIL LINK rx peer=1 type=32 cid=3139351763 current=0 status=5 seq=48
[2026-09-26T13:35:19.651Z] I (361410) RouteLoom: HIL PROBE tx peer=3 type=40 status=0 detail=ok
[2026-09-26T13:35:19.669Z] I (361428) RouteLoom: HIL LINK rx peer=3 type=41 cid=2065731346 current=0 status=5 seq=41
[2026-09-26T13:35:20.538Z] I (362297) RouteLoom: HIL LINK tx peer=1 type=32 cid=3445906384 seq=123
[2026-09-26T13:35:23.044Z] I (364799) RouteLoom: HIL LINK tx peer=3 type=32 cid=3131591193 seq=124
[2026-09-26T13:35:24.383Z] I (366142) RouteLoom: HIL LINK rx peer=3 type=32 cid=2065731346 current=0 status=5 seq=77
[2026-09-26T13:35:24.471Z] I (366227) RouteLoom: HIL LINK rx peer=1 type=32 cid=3139351763 current=0 status=5 seq=49
[2026-09-26T13:35:25.541Z] I (367300) RouteLoom: HIL LINK tx peer=1 type=32 cid=3445906384 seq=125
[2026-09-26T13:35:26.611Z] I (368370) RouteLoom: HIL PROBE tx peer=1 type=40 status=0 detail=ok
[2026-09-26T13:35:26.630Z] I (368388) RouteLoom: HIL LINK rx peer=1 type=41 cid=3139351763 current=0 status=5 seq=25
[2026-09-26T13:35:26.847Z] I (368605) RouteLoom: HIL LINK rx peer=1 type=16 cid=3139351763 current=0 status=5 seq=21
[2026-09-26T13:35:26.850Z] I (368609) RouteLoomRef: message origin=1 session=307 sequence=21 bytes=9
[2026-09-26T13:35:26.856Z] I (368613) RouteLoom: HIL LINK tx peer=1 type=17 cid=3445906384 seq=21
[2026-09-26T13:35:26.865Z] I (368624) RouteLoom: HIL LINK tx peer=1 type=18 cid=3445906384 seq=21
[2026-09-26T13:35:26.888Z] I (368646) RouteLoom: HIL LINK rx peer=1 type=17 cid=3139351763 current=0 status=5 seq=21
[2026-09-26T13:35:28.042Z] I (369801) RouteLoom: HIL LINK tx peer=3 type=32 cid=3131591193 seq=126
[2026-09-26T13:35:29.388Z] I (371146) RouteLoom: HIL LINK rx peer=3 type=32 cid=2065731346 current=0 status=5 seq=78
[2026-09-26T13:35:29.469Z] I (371227) RouteLoom: HIL LINK rx peer=1 type=32 cid=3139351763 current=0 status=5 seq=50
[2026-09-26T13:35:29.668Z] I (371426) RouteLoom: HIL LINK rx peer=3 type=40 cid=2065731346 current=0 status=5 seq=42
[2026-09-26T13:35:29.671Z] I (371430) RouteLoom: HIL PROBE tx peer=3 type=41 status=0 detail=ok
[2026-09-26T13:35:30.544Z] I (372303) RouteLoom: HIL LINK tx peer=1 type=32 cid=3445906384 seq=127
[2026-09-26T13:35:33.046Z] I (374805) RouteLoom: HIL LINK tx peer=3 type=32 cid=3131591193 seq=128
[2026-09-26T13:35:34.386Z] I (376145) RouteLoom: HIL LINK rx peer=3 type=32 cid=2065731346 current=0 status=5 seq=79
[2026-09-26T13:35:34.468Z] I (376227) RouteLoom: HIL LINK rx peer=1 type=32 cid=3139351763 current=0 status=5 seq=51
[2026-09-26T13:35:35.547Z] I (377306) RouteLoom: HIL LINK tx peer=1 type=32 cid=3445906384 seq=129
[2026-09-26T13:35:36.629Z] I (378387) RouteLoom: HIL LINK rx peer=1 type=40 cid=3139351763 current=0 status=5 seq=26
[2026-09-26T13:35:36.633Z] I (378391) RouteLoom: HIL PROBE tx peer=1 type=41 status=0 detail=ok
[2026-09-26T13:35:38.048Z] I (379807) RouteLoom: HIL LINK tx peer=3 type=32 cid=3131591193 seq=130
[2026-09-26T13:35:39.389Z] I (381148) RouteLoom: HIL LINK rx peer=3 type=32 cid=2065731346 current=0 status=5 seq=80
[2026-09-26T13:35:39.468Z] I (381227) RouteLoom: HIL LINK rx peer=1 type=32 cid=3139351763 current=0 status=5 seq=52
[2026-09-26T13:35:39.670Z] I (381429) RouteLoom: HIL PROBE tx peer=3 type=40 status=0 detail=ok
[2026-09-26T13:35:39.687Z] I (381446) RouteLoom: HIL LINK rx peer=3 type=41 cid=2065731346 current=0 status=5 seq=43
[2026-09-26T13:35:40.551Z] I (382309) RouteLoom: HIL LINK tx peer=1 type=32 cid=3445906384 seq=131
[2026-09-26T13:35:43.052Z] I (384811) RouteLoom: HIL LINK tx peer=3 type=32 cid=3131591193 seq=132
[2026-09-26T13:35:44.390Z] I (386147) RouteLoom: HIL LINK rx peer=3 type=32 cid=2065731346 current=0 status=5 seq=81
[2026-09-26T13:35:44.469Z] I (386227) RouteLoom: HIL LINK rx peer=1 type=32 cid=3139351763 current=0 status=5 seq=53
[2026-09-26T13:35:45.553Z] I (387312) RouteLoom: HIL LINK tx peer=1 type=32 cid=3445906384 seq=133
[2026-09-26T13:35:46.632Z] I (388391) RouteLoom: HIL PROBE tx peer=1 type=40 status=0 detail=ok
[2026-09-26T13:35:46.651Z] I (388409) RouteLoom: HIL LINK rx peer=1 type=41 cid=3139351763 current=0 status=5 seq=27
[2026-09-26T13:35:48.054Z] I (389813) RouteLoom: HIL LINK tx peer=3 type=32 cid=3131591193 seq=134
[2026-09-26T13:35:49.391Z] I (391149) RouteLoom: HIL LINK rx peer=3 type=32 cid=2065731346 current=0 status=5 seq=82
[2026-09-26T13:35:49.471Z] I (391229) RouteLoom: HIL LINK rx peer=1 type=32 cid=3139351763 current=0 status=5 seq=54
[2026-09-26T13:35:49.685Z] I (391444) RouteLoom: HIL LINK rx peer=3 type=40 cid=2065731346 current=0 status=5 seq=44
[2026-09-26T13:35:49.689Z] I (391448) RouteLoom: HIL PROBE tx peer=3 type=41 status=0 detail=ok
[2026-09-26T13:35:50.556Z] I (392315) RouteLoom: HIL LINK tx peer=1 type=32 cid=3445906384 seq=135
[2026-09-26T13:35:53.058Z] I (394817) RouteLoom: HIL LINK tx peer=3 type=32 cid=3131591193 seq=136
[2026-09-26T13:35:54.392Z] I (396150) RouteLoom: HIL LINK rx peer=3 type=32 cid=2065731346 current=0 status=5 seq=83
[2026-09-26T13:35:54.471Z] I (396229) RouteLoom: HIL LINK rx peer=1 type=32 cid=3139351763 current=0 status=5 seq=55
[2026-09-26T13:35:55.559Z] I (397318) RouteLoom: HIL LINK tx peer=1 type=32 cid=3445906384 seq=137
[2026-09-26T13:35:56.654Z] I (398408) RouteLoom: HIL LINK rx peer=1 type=40 cid=3139351763 current=0 status=5 seq=28
[2026-09-26T13:35:56.654Z] I (398412) RouteLoom: HIL PROBE tx peer=1 type=41 status=0 detail=ok
[2026-09-26T13:35:58.060Z] I (399819) RouteLoom: HIL LINK tx peer=3 type=32 cid=3131591193 seq=138
[2026-09-26T13:35:59.394Z] I (401152) RouteLoom: HIL LINK rx peer=3 type=32 cid=2065731346 current=0 status=5 seq=84
[2026-09-26T13:35:59.473Z] I (401231) RouteLoom: HIL LINK rx peer=1 type=32 cid=3139351763 current=0 status=5 seq=56
[2026-09-26T13:35:59.687Z] I (401446) RouteLoom: HIL PROBE tx peer=3 type=40 status=0 detail=ok
[2026-09-26T13:35:59.704Z] I (401463) RouteLoom: HIL LINK rx peer=3 type=41 cid=2065731346 current=0 status=5 seq=45
[2026-09-26T13:36:00.561Z] I (402320) RouteLoom: HIL LINK tx peer=1 type=32 cid=3445906384 seq=139
[2026-09-26T13:36:03.063Z] I (404822) RouteLoom: HIL LINK tx peer=3 type=32 cid=3131591193 seq=140
[2026-09-26T13:36:03.846Z] I (405604) RouteLoom: HIL LINK rx peer=1 type=16 cid=3139351763 current=0 status=5 seq=22
[2026-09-26T13:36:03.852Z] I (405610) RouteLoom: HIL LINK tx peer=1 type=17 cid=3445906384 seq=22
[2026-09-26T13:36:03.863Z] I (405621) RouteLoom: HIL LINK tx peer=3 type=16 cid=3131591193 seq=22
[2026-09-26T13:36:03.883Z] I (405641) RouteLoom: HIL LINK rx peer=3 type=17 cid=2065731346 current=0 status=5 seq=22
[2026-09-26T13:36:03.897Z] I (405655) RouteLoom: HIL LINK rx peer=3 type=18 cid=2065731346 current=0 status=5 seq=22
[2026-09-26T13:36:03.903Z] I (405661) RouteLoom: HIL LINK tx peer=3 type=17 cid=3131591193 seq=22
[2026-09-26T13:36:03.914Z] I (405672) RouteLoom: HIL LINK tx peer=1 type=18 cid=3445906384 seq=22
[2026-09-26T13:36:03.936Z] I (405692) RouteLoom: HIL LINK rx peer=1 type=17 cid=3139351763 current=0 status=5 seq=22
[2026-09-26T13:36:04.404Z] I (406153) RouteLoom: HIL LINK rx peer=3 type=32 cid=2065731346 current=0 status=5 seq=85
[2026-09-26T13:36:04.474Z] I (406232) RouteLoom: HIL LINK rx peer=1 type=32 cid=3139351763 current=0 status=5 seq=57
[2026-09-26T13:36:05.565Z] I (407324) RouteLoom: HIL LINK tx peer=1 type=32 cid=3445906384 seq=141
[2026-09-26T13:36:06.654Z] I (408412) RouteLoom: HIL PROBE tx peer=1 type=40 status=0 detail=ok
[2026-09-26T13:36:06.678Z] I (408431) RouteLoom: HIL LINK rx peer=1 type=41 cid=3139351763 current=0 status=5 seq=29
[2026-09-26T13:36:08.068Z] I (409826) RouteLoom: HIL LINK tx peer=3 type=32 cid=3131591193 seq=142
[2026-09-26T13:36:09.396Z] I (411154) RouteLoom: HIL LINK rx peer=3 type=32 cid=2065731346 current=0 status=5 seq=86
[2026-09-26T13:36:09.476Z] I (411234) RouteLoom: HIL LINK rx peer=1 type=32 cid=3139351763 current=0 status=5 seq=58
[2026-09-26T13:36:09.703Z] I (411461) RouteLoom: HIL LINK rx peer=3 type=40 cid=2065731346 current=0 status=5 seq=46
[2026-09-26T13:36:09.706Z] I (411465) RouteLoom: HIL PROBE tx peer=3 type=41 status=0 detail=ok
[2026-09-26T13:36:10.570Z] I (412328) RouteLoom: HIL LINK tx peer=1 type=32 cid=3445906384 seq=143
[2026-09-26T13:36:13.072Z] I (414830) RouteLoom: HIL LINK tx peer=3 type=32 cid=3131591193 seq=144
[2026-09-26T13:36:14.397Z] I (416155) RouteLoom: HIL LINK rx peer=3 type=32 cid=2065731346 current=0 status=5 seq=87
[2026-09-26T13:36:14.478Z] I (416236) RouteLoom: HIL LINK rx peer=1 type=32 cid=3139351763 current=0 status=5 seq=59
[2026-09-26T13:36:15.572Z] I (417330) RouteLoom: HIL LINK tx peer=1 type=32 cid=3445906384 seq=145
[2026-09-26T13:36:16.671Z] I (418429) RouteLoom: HIL LINK rx peer=1 type=40 cid=3139351763 current=0 status=5 seq=30
[2026-09-26T13:36:16.675Z] I (418433) RouteLoom: HIL PROBE tx peer=1 type=41 status=0 detail=ok
[2026-09-26T13:36:18.073Z] I (419831) RouteLoom: HIL LINK tx peer=3 type=32 cid=3131591193 seq=146
[2026-09-26T13:36:18.655Z] I (420413) RouteLoom: stack hwm main 11096 B
[2026-09-26T13:36:18.655Z] I (420413) RouteLoom: HIL HEAP free=21708 largest=18432 min=20932 B
[2026-09-26T13:36:18.665Z] I (420414) RouteLoom: HIL DISCOVERY candidates=0 neighbors=2 capacity=0 auth=2 stale=0 probes=38 send_failures=3 kind_rejects=0
[2026-09-26T13:36:18.673Z] I (420424) RouteLoom: HIL ROUTE peer=1 phase=5 via=1 metric=1 generation=307 seq=1
[2026-09-26T13:36:18.683Z] I (420431) RouteLoom: HIL ROUTE peer=3 phase=5 via=3 metric=1 generation=107 seq=1
[2026-09-26T13:36:19.399Z] I (421157) RouteLoom: HIL LINK rx peer=3 type=32 cid=2065731346 current=0 status=5 seq=88
[2026-09-26T13:36:19.483Z] I (421237) RouteLoom: HIL LINK rx peer=1 type=32 cid=3139351763 current=0 status=5 seq=60
[2026-09-26T13:36:19.705Z] I (421463) RouteLoom: HIL PROBE tx peer=3 type=40 status=0 detail=ok
[2026-09-26T13:36:19.722Z] I (421480) RouteLoom: HIL LINK rx peer=3 type=41 cid=2065731346 current=0 status=5 seq=47
[2026-09-26T13:36:20.573Z] I (422331) RouteLoom: HIL LINK tx peer=1 type=32 cid=3445906384 seq=147
[2026-09-26T13:36:23.075Z] I (424833) RouteLoom: HIL LINK tx peer=3 type=32 cid=3131591193 seq=148
[2026-09-26T13:36:24.400Z] I (426157) RouteLoom: HIL LINK rx peer=3 type=32 cid=2065731346 current=0 status=5 seq=89
[2026-09-26T13:36:24.481Z] I (426239) RouteLoom: HIL LINK rx peer=1 type=32 cid=3139351763 current=0 status=5 seq=61
[2026-09-26T13:36:25.576Z] I (427334) RouteLoom: HIL LINK tx peer=1 type=32 cid=3445906384 seq=149
[2026-09-26T13:36:26.673Z] I (428431) RouteLoom: HIL PROBE tx peer=1 type=40 status=0 detail=ok
[2026-09-26T13:36:26.692Z] I (428449) RouteLoom: HIL LINK rx peer=1 type=41 cid=3139351763 current=0 status=5 seq=31
[2026-09-26T13:36:28.077Z] I (429835) RouteLoom: HIL LINK tx peer=3 type=32 cid=3131591193 seq=150
[2026-09-26T13:36:29.402Z] I (431159) RouteLoom: HIL LINK rx peer=3 type=32 cid=2065731346 current=0 status=5 seq=90
[2026-09-26T13:36:29.484Z] I (431241) RouteLoom: HIL LINK rx peer=1 type=32 cid=3139351763 current=0 status=5 seq=62
[2026-09-26T13:36:29.720Z] I (431478) RouteLoom: HIL LINK rx peer=3 type=40 cid=2065731346 current=0 status=5 seq=48
[2026-09-26T13:36:29.724Z] I (431482) RouteLoom: HIL PROBE tx peer=3 type=41 status=0 detail=ok
[2026-09-26T13:36:30.578Z] I (432336) RouteLoom: HIL LINK tx peer=1 type=32 cid=3445906384 seq=151
[2026-09-26T13:36:33.080Z] I (434838) RouteLoom: HIL LINK tx peer=3 type=32 cid=3131591193 seq=152
[2026-09-26T13:36:34.403Z] I (436160) RouteLoom: HIL LINK rx peer=3 type=32 cid=2065731346 current=0 status=5 seq=91
[2026-09-26T13:36:34.483Z] I (436241) RouteLoom: HIL LINK rx peer=1 type=32 cid=3139351763 current=0 status=5 seq=63
[2026-09-26T13:36:35.580Z] I (437338) RouteLoom: HIL LINK tx peer=1 type=32 cid=3445906384 seq=153
[2026-09-26T13:36:36.692Z] I (438449) RouteLoom: HIL LINK rx peer=1 type=40 cid=3139351763 current=0 status=5 seq=32
[2026-09-26T13:36:36.695Z] I (438453) RouteLoom: HIL PROBE tx peer=1 type=41 status=0 detail=ok
[2026-09-26T13:36:38.081Z] I (439839) RouteLoom: HIL LINK tx peer=3 type=32 cid=3131591193 seq=154
[2026-09-26T13:36:39.404Z] I (441161) RouteLoom: HIL LINK rx peer=3 type=32 cid=2065731346 current=0 status=5 seq=92
[2026-09-26T13:36:39.484Z] I (441242) RouteLoom: HIL LINK rx peer=1 type=32 cid=3139351763 current=0 status=5 seq=64
[2026-09-26T13:36:39.722Z] I (441480) RouteLoom: HIL PROBE tx peer=3 type=40 status=0 detail=ok
[2026-09-26T13:36:39.739Z] I (441497) RouteLoom: HIL LINK rx peer=3 type=41 cid=2065731346 current=0 status=5 seq=49
[2026-09-26T13:36:40.581Z] I (442339) RouteLoom: HIL LINK tx peer=1 type=32 cid=3445906384 seq=155
[2026-09-26T13:36:40.851Z] I (442607) RouteLoom: HIL LINK rx peer=1 type=16 cid=3139351763 current=0 status=5 seq=23
[2026-09-26T13:36:40.854Z] I (442611) RouteLoomRef: message origin=1 session=307 sequence=23 bytes=9
[2026-09-26T13:36:40.859Z] I (442614) RouteLoom: HIL LINK tx peer=1 type=17 cid=3445906384 seq=23
[2026-09-26T13:36:40.869Z] I (442626) RouteLoom: HIL LINK tx peer=1 type=18 cid=3445906384 seq=23
[2026-09-26T13:36:40.889Z] I (442646) RouteLoom: HIL LINK rx peer=1 type=17 cid=3139351763 current=0 status=5 seq=23
[2026-09-26T13:36:43.081Z] I (444839) RouteLoom: HIL LINK tx peer=3 type=32 cid=3131591193 seq=156
[2026-09-26T13:36:44.406Z] I (446163) RouteLoom: HIL LINK rx peer=3 type=32 cid=2065731346 current=0 status=5 seq=93
[2026-09-26T13:36:44.486Z] I (446244) RouteLoom: HIL LINK rx peer=1 type=32 cid=3139351763 current=0 status=5 seq=65
[2026-09-26T13:36:45.581Z] I (447339) RouteLoom: HIL LINK tx peer=1 type=32 cid=3445906384 seq=157
[2026-09-26T13:36:46.693Z] I (448451) RouteLoom: HIL PROBE tx peer=1 type=40 status=0 detail=ok
[2026-09-26T13:36:46.713Z] I (448470) RouteLoom: HIL LINK rx peer=1 type=41 cid=3139351763 current=0 status=5 seq=33
[2026-09-26T13:36:48.083Z] I (449841) RouteLoom: HIL LINK tx peer=3 type=32 cid=3131591193 seq=158
[2026-09-26T13:36:49.408Z] I (451165) RouteLoom: HIL LINK rx peer=3 type=32 cid=2065731346 current=0 status=5 seq=94
[2026-09-26T13:36:49.488Z] I (451245) RouteLoom: HIL LINK rx peer=1 type=32 cid=3139351763 current=0 status=5 seq=66
[2026-09-26T13:36:49.738Z] I (451495) RouteLoom: HIL LINK rx peer=3 type=40 cid=2065731346 current=0 status=5 seq=50
[2026-09-26T13:36:49.742Z] I (451499) RouteLoom: HIL PROBE tx peer=3 type=41 status=0 detail=ok
[2026-09-26T13:36:50.584Z] I (452342) RouteLoom: HIL LINK tx peer=1 type=32 cid=3445906384 seq=159
[2026-09-26T13:36:53.086Z] I (454844) RouteLoom: HIL LINK tx peer=3 type=32 cid=3131591193 seq=160
[2026-09-26T13:36:54.409Z] I (456166) RouteLoom: HIL LINK rx peer=3 type=32 cid=2065731346 current=0 status=5 seq=95
[2026-09-26T13:36:54.488Z] I (456245) RouteLoom: HIL LINK rx peer=1 type=32 cid=3139351763 current=0 status=5 seq=67
[2026-09-26T13:36:55.588Z] I (457346) RouteLoom: HIL LINK tx peer=1 type=32 cid=3445906384 seq=161
[2026-09-26T13:36:56.712Z] I (458469) RouteLoom: HIL LINK rx peer=1 type=40 cid=3139351763 current=0 status=5 seq=34
[2026-09-26T13:36:56.716Z] I (458473) RouteLoom: HIL PROBE tx peer=1 type=41 status=0 detail=ok
[2026-09-26T13:36:58.089Z] I (459847) RouteLoom: HIL LINK tx peer=3 type=32 cid=3131591193 seq=162
[2026-09-26T13:36:59.411Z] I (461168) RouteLoom: HIL LINK rx peer=3 type=32 cid=2065731346 current=0 status=5 seq=96
[2026-09-26T13:36:59.490Z] I (461247) RouteLoom: HIL LINK rx peer=1 type=32 cid=3139351763 current=0 status=5 seq=68
[2026-09-26T13:36:59.740Z] I (461498) RouteLoom: HIL PROBE tx peer=3 type=40 status=0 detail=ok
[2026-09-26T13:36:59.757Z] I (461515) RouteLoom: HIL LINK rx peer=3 type=41 cid=2065731346 current=0 status=5 seq=51
[2026-09-26T13:37:00.590Z] I (462348) RouteLoom: HIL LINK tx peer=1 type=32 cid=3445906384 seq=163
[2026-09-26T13:37:03.092Z] I (464850) RouteLoom: HIL LINK tx peer=3 type=32 cid=3131591193 seq=164
[2026-09-26T13:37:04.412Z] I (466169) RouteLoom: HIL LINK rx peer=3 type=32 cid=2065731346 current=0 status=5 seq=97
[2026-09-26T13:37:04.491Z] I (466248) RouteLoom: HIL LINK rx peer=1 type=32 cid=3139351763 current=0 status=5 seq=69
[2026-09-26T13:37:05.594Z] I (467352) RouteLoom: HIL LINK tx peer=1 type=32 cid=3445906384 seq=165
[2026-09-26T13:37:06.715Z] I (468473) RouteLoom: HIL PROBE tx peer=1 type=40 status=0 detail=ok
[2026-09-26T13:37:06.734Z] I (468491) RouteLoom: HIL LINK rx peer=1 type=41 cid=3139351763 current=0 status=5 seq=35
[2026-09-26T13:37:08.095Z] I (469853) RouteLoom: HIL LINK tx peer=3 type=32 cid=3131591193 seq=166
[2026-09-26T13:37:09.413Z] I (471170) RouteLoom: HIL LINK rx peer=3 type=32 cid=2065731346 current=0 status=5 seq=98
[2026-09-26T13:37:09.493Z] I (471250) RouteLoom: HIL LINK rx peer=1 type=32 cid=3139351763 current=0 status=5 seq=70
[2026-09-26T13:37:09.755Z] I (471512) RouteLoom: HIL LINK rx peer=3 type=40 cid=2065731346 current=0 status=5 seq=52
[2026-09-26T13:37:09.760Z] I (471516) RouteLoom: HIL PROBE tx peer=3 type=41 status=0 detail=ok
[2026-09-26T13:37:10.596Z] I (472353) RouteLoom: HIL LINK tx peer=1 type=32 cid=3445906384 seq=167
[2026-09-26T13:37:13.098Z] I (474855) RouteLoom: HIL LINK tx peer=3 type=32 cid=3131591193 seq=168
[2026-09-26T13:37:14.414Z] I (476171) RouteLoom: HIL LINK rx peer=3 type=32 cid=2065731346 current=0 status=5 seq=99
[2026-09-26T13:37:14.495Z] I (476252) RouteLoom: HIL LINK rx peer=1 type=32 cid=3139351763 current=0 status=5 seq=71
[2026-09-26T13:37:15.598Z] I (477356) RouteLoom: HIL LINK tx peer=1 type=32 cid=3445906384 seq=169
[2026-09-26T13:37:16.734Z] I (478491) RouteLoom: HIL LINK rx peer=1 type=40 cid=3139351763 current=0 status=5 seq=36
[2026-09-26T13:37:16.738Z] I (478495) RouteLoom: HIL PROBE tx peer=1 type=41 status=0 detail=ok
[2026-09-26T13:37:17.846Z] I (479603) RouteLoom: HIL LINK rx peer=1 type=16 cid=3139351763 current=0 status=5 seq=24
[2026-09-26T13:37:17.853Z] I (479609) RouteLoom: HIL LINK tx peer=1 type=17 cid=3445906384 seq=24
[2026-09-26T13:37:17.863Z] I (479620) RouteLoom: HIL LINK tx peer=3 type=16 cid=3131591193 seq=24
[2026-09-26T13:37:17.884Z] I (479641) RouteLoom: HIL LINK rx peer=3 type=17 cid=2065731346 current=0 status=5 seq=24
[2026-09-26T13:37:17.896Z] I (479653) RouteLoom: HIL LINK rx peer=3 type=18 cid=2065731346 current=0 status=5 seq=24
[2026-09-26T13:37:17.901Z] I (479658) RouteLoom: HIL LINK tx peer=3 type=17 cid=3131591193 seq=24
[2026-09-26T13:37:17.912Z] I (479670) RouteLoom: HIL LINK tx peer=1 type=18 cid=3445906384 seq=24
[2026-09-26T13:37:17.933Z] I (479690) RouteLoom: HIL LINK rx peer=1 type=17 cid=3139351763 current=0 status=5 seq=24
[2026-09-26T13:37:18.100Z] I (479858) RouteLoom: HIL LINK tx peer=3 type=32 cid=3131591193 seq=170
[2026-09-26T13:37:18.656Z] I (480413) RouteLoom: stack hwm main 11096 B
[2026-09-26T13:37:18.656Z] I (480413) RouteLoom: HIL HEAP free=21708 largest=18432 min=20932 B
[2026-09-26T13:37:18.666Z] I (480414) RouteLoom: HIL DISCOVERY candidates=0 neighbors=2 capacity=0 auth=2 stale=0 probes=44 send_failures=3 kind_rejects=0
[2026-09-26T13:37:18.673Z] I (480424) RouteLoom: HIL ROUTE peer=1 phase=5 via=1 metric=1 generation=307 seq=1
[2026-09-26T13:37:18.680Z] I (480431) RouteLoom: HIL ROUTE peer=3 phase=5 via=3 metric=1 generation=107 seq=1
[2026-09-26T13:37:19.414Z] I (481171) RouteLoom: HIL LINK rx peer=3 type=32 cid=2065731346 current=0 status=5 seq=100
[2026-09-26T13:37:19.497Z] I (481254) RouteLoom: HIL LINK rx peer=1 type=32 cid=3139351763 current=0 status=5 seq=72
[2026-09-26T13:37:19.762Z] I (481516) RouteLoom: HIL PROBE tx peer=3 type=40 status=0 detail=ok
[2026-09-26T13:37:19.782Z] I (481534) RouteLoom: HIL LINK rx peer=3 type=41 cid=2065731346 current=0 status=5 seq=53
[2026-09-26T13:37:20.602Z] I (482359) RouteLoom: HIL LINK tx peer=1 type=32 cid=3445906384 seq=171
[2026-09-26T13:37:23.103Z] I (484861) RouteLoom: HIL LINK tx peer=3 type=32 cid=3131591193 seq=172
[2026-09-26T13:37:24.416Z] I (486173) RouteLoom: HIL LINK rx peer=3 type=32 cid=2065731346 current=0 status=5 seq=101
[2026-09-26T13:37:24.498Z] I (486255) RouteLoom: HIL LINK rx peer=1 type=32 cid=3139351763 current=0 status=5 seq=73
[2026-09-26T13:37:25.605Z] I (487362) RouteLoom: HIL LINK tx peer=1 type=32 cid=3445906384 seq=173
[2026-09-26T13:37:26.737Z] I (488494) RouteLoom: HIL PROBE tx peer=1 type=40 status=0 detail=ok
[2026-09-26T13:37:26.755Z] I (488512) RouteLoom: HIL LINK rx peer=1 type=41 cid=3139351763 current=0 status=5 seq=37
[2026-09-26T13:37:28.105Z] I (489862) RouteLoom: HIL LINK tx peer=3 type=32 cid=3131591193 seq=174
[2026-09-26T13:37:29.417Z] I (491174) RouteLoom: HIL LINK rx peer=3 type=32 cid=2065731346 current=0 status=5 seq=102
[2026-09-26T13:37:29.498Z] I (491255) RouteLoom: HIL LINK rx peer=1 type=32 cid=3139351763 current=0 status=5 seq=74
[2026-09-26T13:37:29.774Z] I (491531) RouteLoom: HIL LINK rx peer=3 type=40 cid=2065731346 current=0 status=5 seq=54
[2026-09-26T13:37:29.778Z] I (491535) RouteLoom: HIL PROBE tx peer=3 type=41 status=0 detail=ok
[2026-09-26T13:37:30.606Z] I (492363) RouteLoom: HIL LINK tx peer=1 type=32 cid=3445906384 seq=175
[2026-09-26T13:37:33.108Z] I (494865) RouteLoom: HIL LINK tx peer=3 type=32 cid=3131591193 seq=176
[2026-09-26T13:37:34.421Z] I (496178) RouteLoom: HIL LINK rx peer=3 type=32 cid=2065731346 current=0 status=5 seq=103
[2026-09-26T13:37:34.500Z] I (496256) RouteLoom: HIL LINK rx peer=1 type=32 cid=3139351763 current=0 status=5 seq=75
[2026-09-26T13:37:35.610Z] I (497366) RouteLoom: HIL LINK tx peer=1 type=32 cid=3445906384 seq=177
[2026-09-26T13:37:36.757Z] I (498514) RouteLoom: HIL PROBE tx peer=1 type=40 status=0 detail=ok
[2026-09-26T13:37:36.760Z] I (498516) RouteLoom: HIL LINK rx peer=1 type=40 cid=3139351763 current=0 status=5 seq=38
[2026-09-26T13:37:36.769Z] I (498520) RouteLoom: HIL PROBE tx peer=1 type=41 status=6 detail=autonomy TX already in flight to peer
[2026-09-26T13:37:36.777Z] I (498532) RouteLoom: HIL LINK rx peer=1 type=41 cid=3139351763 current=0 status=5 seq=39
[2026-09-26T13:37:38.111Z] I (499868) RouteLoom: HIL LINK tx peer=3 type=32 cid=3131591193 seq=178
[2026-09-26T13:37:39.421Z] I (501177) RouteLoom: HIL LINK rx peer=3 type=32 cid=2065731346 current=0 status=5 seq=104
[2026-09-26T13:37:39.500Z] I (501256) RouteLoom: HIL LINK rx peer=1 type=32 cid=3139351763 current=0 status=5 seq=76
[2026-09-26T13:37:39.777Z] I (501534) RouteLoom: HIL PROBE tx peer=3 type=40 status=0 detail=ok
[2026-09-26T13:37:39.794Z] I (501551) RouteLoom: HIL LINK rx peer=3 type=41 cid=2065731346 current=0 status=5 seq=55
[2026-09-26T13:37:40.612Z] I (502369) RouteLoom: HIL LINK tx peer=1 type=32 cid=3445906384 seq=179
[2026-09-26T13:37:43.114Z] I (504871) RouteLoom: HIL LINK tx peer=3 type=32 cid=3131591193 seq=180
[2026-09-26T13:37:44.421Z] I (506178) RouteLoom: HIL LINK rx peer=3 type=32 cid=2065731346 current=0 status=5 seq=105
[2026-09-26T13:37:44.500Z] I (506256) RouteLoom: HIL LINK rx peer=1 type=32 cid=3139351763 current=0 status=5 seq=77
[2026-09-26T13:37:45.615Z] I (507372) RouteLoom: HIL LINK tx peer=1 type=32 cid=3445906384 seq=181
[2026-09-26T13:37:46.775Z] I (508531) RouteLoom: HIL LINK rx peer=1 type=40 cid=3139351763 current=0 status=5 seq=40
[2026-09-26T13:37:46.780Z] I (508535) RouteLoom: HIL PROBE tx peer=1 type=41 status=0 detail=ok
[2026-09-26T13:37:48.116Z] I (509873) RouteLoom: HIL LINK tx peer=3 type=32 cid=3131591193 seq=182
[2026-09-26T13:37:49.423Z] I (511179) RouteLoom: HIL LINK rx peer=3 type=32 cid=2065731346 current=0 status=5 seq=106
[2026-09-26T13:37:49.502Z] I (511258) RouteLoom: HIL LINK rx peer=1 type=32 cid=3139351763 current=0 status=5 seq=78
[2026-09-26T13:37:49.792Z] I (511548) RouteLoom: HIL LINK rx peer=3 type=40 cid=2065731346 current=0 status=5 seq=56
[2026-09-26T13:37:49.795Z] I (511552) RouteLoom: HIL PROBE tx peer=3 type=41 status=0 detail=ok
[2026-09-26T13:37:50.617Z] I (512374) RouteLoom: HIL LINK tx peer=1 type=32 cid=3445906384 seq=183
[2026-09-26T13:37:53.119Z] I (514876) RouteLoom: HIL LINK tx peer=3 type=32 cid=3131591193 seq=184
[2026-09-26T13:37:54.425Z] I (516181) RouteLoom: HIL LINK rx peer=3 type=32 cid=2065731346 current=0 status=5 seq=107
[2026-09-26T13:37:54.501Z] I (516258) RouteLoom: HIL LINK rx peer=1 type=32 cid=3139351763 current=0 status=5 seq=79
[2026-09-26T13:37:54.849Z] I (516603) RouteLoom: HIL LINK rx peer=1 type=16 cid=3139351763 current=0 status=5 seq=25
[2026-09-26T13:37:54.851Z] I (516607) RouteLoomRef: message origin=1 session=307 sequence=25 bytes=9
[2026-09-26T13:37:54.856Z] I (516611) RouteLoom: HIL LINK tx peer=1 type=17 cid=3445906384 seq=25
[2026-09-26T13:37:54.865Z] I (516622) RouteLoom: HIL LINK tx peer=1 type=18 cid=3445906384 seq=25
[2026-09-26T13:37:54.887Z] I (516644) RouteLoom: HIL LINK rx peer=1 type=17 cid=3139351763 current=0 status=5 seq=25
[2026-09-26T13:37:55.621Z] I (517378) RouteLoom: HIL LINK tx peer=1 type=32 cid=3445906384 seq=185
[2026-09-26T13:37:56.778Z] I (518535) RouteLoom: HIL PROBE tx peer=1 type=40 status=0 detail=ok
[2026-09-26T13:37:56.798Z] I (518553) RouteLoom: HIL LINK rx peer=1 type=41 cid=3139351763 current=0 status=5 seq=41
[2026-09-26T13:37:58.123Z] I (519879) RouteLoom: HIL LINK tx peer=3 type=32 cid=3131591193 seq=186
[2026-09-26T13:37:59.427Z] I (521183) RouteLoom: HIL LINK rx peer=3 type=32 cid=2065731346 current=0 status=5 seq=108
[2026-09-26T13:37:59.503Z] I (521258) RouteLoom: HIL LINK rx peer=1 type=32 cid=3139351763 current=0 status=5 seq=80
[2026-09-26T13:37:59.794Z] I (521551) RouteLoom: HIL PROBE tx peer=3 type=40 status=0 detail=ok
[2026-09-26T13:37:59.811Z] I (521568) RouteLoom: HIL LINK rx peer=3 type=41 cid=2065731346 current=0 status=5 seq=57
[2026-09-26T13:38:00.623Z] I (522380) RouteLoom: HIL LINK tx peer=1 type=32 cid=3445906384 seq=187
[2026-09-26T13:38:03.125Z] I (524882) RouteLoom: HIL LINK tx peer=3 type=32 cid=3131591193 seq=188
[2026-09-26T13:38:04.426Z] I (526183) RouteLoom: HIL LINK rx peer=3 type=32 cid=2065731346 current=0 status=5 seq=109
[2026-09-26T13:38:04.503Z] I (526259) RouteLoom: HIL LINK rx peer=1 type=32 cid=3139351763 current=0 status=5 seq=81
[2026-09-26T13:38:05.626Z] I (527383) RouteLoom: HIL LINK tx peer=1 type=32 cid=3445906384 seq=189
[2026-09-26T13:38:06.795Z] I (528551) RouteLoom: HIL LINK rx peer=1 type=40 cid=3139351763 current=0 status=5 seq=42
[2026-09-26T13:38:06.799Z] I (528555) RouteLoom: HIL PROBE tx peer=1 type=41 status=0 detail=ok
[2026-09-26T13:38:08.132Z] I (529884) RouteLoom: HIL LINK tx peer=3 type=32 cid=3131591193 seq=190
[2026-09-26T13:38:09.428Z] I (531184) RouteLoom: HIL LINK rx peer=3 type=32 cid=2065731346 current=0 status=5 seq=110
[2026-09-26T13:38:09.504Z] I (531260) RouteLoom: HIL LINK rx peer=1 type=32 cid=3139351763 current=0 status=5 seq=82
[2026-09-26T13:38:09.809Z] I (531565) RouteLoom: HIL LINK rx peer=3 type=40 cid=2065731346 current=0 status=5 seq=58
[2026-09-26T13:38:09.813Z] I (531569) RouteLoom: HIL PROBE tx peer=3 type=41 status=0 detail=ok
[2026-09-26T13:38:10.629Z] I (532386) RouteLoom: HIL LINK tx peer=1 type=32 cid=3445906384 seq=191
[2026-09-26T13:38:13.131Z] I (534888) RouteLoom: HIL LINK tx peer=3 type=32 cid=3131591193 seq=192
[2026-09-26T13:38:14.429Z] I (536185) RouteLoom: HIL LINK rx peer=3 type=32 cid=2065731346 current=0 status=5 seq=111
[2026-09-26T13:38:14.505Z] I (536261) RouteLoom: HIL LINK rx peer=1 type=32 cid=3139351763 current=0 status=5 seq=83
[2026-09-26T13:38:15.632Z] I (537389) RouteLoom: HIL LINK tx peer=1 type=32 cid=3445906384 seq=193
[2026-09-26T13:38:16.798Z] I (538555) RouteLoom: HIL PROBE tx peer=1 type=40 status=0 detail=ok
[2026-09-26T13:38:16.817Z] I (538573) RouteLoom: HIL LINK rx peer=1 type=41 cid=3139351763 current=0 status=5 seq=43
[2026-09-26T13:38:18.133Z] I (539890) RouteLoom: HIL LINK tx peer=3 type=32 cid=3131591193 seq=194
[2026-09-26T13:38:18.659Z] I (540415) RouteLoom: stack hwm main 11096 B
[2026-09-26T13:38:18.660Z] I (540415) RouteLoom: HIL HEAP free=21708 largest=18432 min=20932 B
[2026-09-26T13:38:18.669Z] I (540416) RouteLoom: HIL DISCOVERY candidates=0 neighbors=2 capacity=0 auth=2 stale=0 probes=51 send_failures=4 kind_rejects=0
[2026-09-26T13:38:18.676Z] I (540426) RouteLoom: HIL ROUTE peer=1 phase=5 via=1 metric=1 generation=307 seq=1
[2026-09-26T13:38:18.684Z] I (540433) RouteLoom: HIL ROUTE peer=3 phase=5 via=3 metric=1 generation=107 seq=1
[2026-09-26T13:38:19.429Z] I (541185) RouteLoom: HIL LINK rx peer=3 type=32 cid=2065731346 current=0 status=5 seq=112
[2026-09-26T13:38:19.507Z] I (541263) RouteLoom: HIL LINK rx peer=1 type=32 cid=3139351763 current=0 status=5 seq=84
[2026-09-26T13:38:19.811Z] I (541567) RouteLoom: HIL PROBE tx peer=3 type=40 status=0 detail=ok
[2026-09-26T13:38:19.828Z] I (541584) RouteLoom: HIL LINK rx peer=3 type=41 cid=2065731346 current=0 status=5 seq=59
[2026-09-26T13:38:20.633Z] I (542390) RouteLoom: HIL LINK tx peer=1 type=32 cid=3445906384 seq=195
[2026-09-26T13:38:23.136Z] I (544892) RouteLoom: HIL LINK tx peer=3 type=32 cid=3131591193 seq=196
[2026-09-26T13:38:24.431Z] I (546187) RouteLoom: HIL LINK rx peer=3 type=32 cid=2065731346 current=0 status=5 seq=113
[2026-09-26T13:38:24.509Z] I (546265) RouteLoom: HIL LINK rx peer=1 type=32 cid=3139351763 current=0 status=5 seq=85
[2026-09-26T13:38:25.636Z] I (547393) RouteLoom: HIL LINK tx peer=1 type=32 cid=3445906384 seq=197
[2026-09-26T13:38:26.817Z] I (548573) RouteLoom: HIL LINK rx peer=1 type=40 cid=3139351763 current=0 status=5 seq=44
[2026-09-26T13:38:26.821Z] I (548577) RouteLoom: HIL PROBE tx peer=1 type=41 status=0 detail=ok
[2026-09-26T13:38:28.137Z] I (549894) RouteLoom: HIL LINK tx peer=3 type=32 cid=3131591193 seq=198
[2026-09-26T13:38:29.432Z] I (551188) RouteLoom: HIL LINK rx peer=3 type=32 cid=2065731346 current=0 status=5 seq=114
[2026-09-26T13:38:29.515Z] I (551270) RouteLoom: HIL LINK rx peer=1 type=32 cid=3139351763 current=0 status=5 seq=86
[2026-09-26T13:38:29.827Z] I (551583) RouteLoom: HIL LINK rx peer=3 type=40 cid=2065731346 current=0 status=5 seq=60
[2026-09-26T13:38:29.831Z] I (551587) RouteLoom: HIL PROBE tx peer=3 type=41 status=0 detail=ok
[2026-09-26T13:38:30.638Z] I (552394) RouteLoom: HIL LINK tx peer=1 type=32 cid=3445906384 seq=199
[2026-09-26T13:38:31.845Z] I (553601) RouteLoom: HIL LINK rx peer=1 type=16 cid=3139351763 current=0 status=5 seq=26
[2026-09-26T13:38:31.851Z] I (553607) RouteLoom: HIL LINK tx peer=1 type=17 cid=3445906384 seq=26
[2026-09-26T13:38:31.862Z] I (553618) RouteLoom: HIL LINK tx peer=3 type=16 cid=3131591193 seq=26
[2026-09-26T13:38:31.882Z] I (553638) RouteLoom: HIL LINK rx peer=3 type=17 cid=2065731346 current=0 status=5 seq=26
[2026-09-26T13:38:31.894Z] I (553650) RouteLoom: HIL LINK rx peer=3 type=18 cid=2065731346 current=0 status=5 seq=26
[2026-09-26T13:38:31.900Z] I (553656) RouteLoom: HIL LINK tx peer=3 type=17 cid=3131591193 seq=26
[2026-09-26T13:38:31.911Z] I (553667) RouteLoom: HIL LINK tx peer=1 type=18 cid=3445906384 seq=26
[2026-09-26T13:38:31.933Z] I (553689) RouteLoom: HIL LINK rx peer=1 type=17 cid=3139351763 current=0 status=5 seq=26
[2026-09-26T13:38:33.138Z] I (554895) RouteLoom: HIL LINK tx peer=3 type=32 cid=3131591193 seq=200
[2026-09-26T13:38:34.434Z] I (556190) RouteLoom: HIL LINK rx peer=3 type=32 cid=2065731346 current=0 status=5 seq=115
[2026-09-26T13:38:34.513Z] I (556269) RouteLoom: HIL LINK rx peer=1 type=32 cid=3139351763 current=0 status=5 seq=87
[2026-09-26T13:38:35.640Z] I (557396) RouteLoom: HIL LINK tx peer=1 type=32 cid=3445906384 seq=201
[2026-09-26T13:38:36.821Z] I (558577) RouteLoom: HIL PROBE tx peer=1 type=40 status=0 detail=ok
[2026-09-26T13:38:36.839Z] I (558595) RouteLoom: HIL LINK rx peer=1 type=41 cid=3139351763 current=0 status=5 seq=45
[2026-09-26T13:38:38.141Z] I (559897) RouteLoom: HIL LINK tx peer=3 type=32 cid=3131591193 seq=202
[2026-09-26T13:38:39.435Z] I (561191) RouteLoom: HIL LINK rx peer=3 type=32 cid=2065731346 current=0 status=5 seq=116
[2026-09-26T13:38:39.515Z] I (561271) RouteLoom: HIL LINK rx peer=1 type=32 cid=3139351763 current=0 status=5 seq=88
[2026-09-26T13:38:39.831Z] I (561587) RouteLoom: HIL PROBE tx peer=3 type=40 status=0 detail=ok
[2026-09-26T13:38:39.848Z] I (561604) RouteLoom: HIL LINK rx peer=3 type=41 cid=2065731346 current=0 status=5 seq=61
[2026-09-26T13:38:40.642Z] I (562398) RouteLoom: HIL LINK tx peer=1 type=32 cid=3445906384 seq=203
[2026-09-26T13:38:43.144Z] I (564900) RouteLoom: HIL LINK tx peer=3 type=32 cid=3131591193 seq=204
[2026-09-26T13:38:44.436Z] I (566192) RouteLoom: HIL LINK rx peer=3 type=32 cid=2065731346 current=0 status=5 seq=117
[2026-09-26T13:38:44.517Z] I (566273) RouteLoom: HIL LINK rx peer=1 type=32 cid=3139351763 current=0 status=5 seq=89
[2026-09-26T13:38:45.645Z] I (567401) RouteLoom: HIL LINK tx peer=1 type=32 cid=3445906384 seq=205
[2026-09-26T13:38:46.838Z] I (568593) RouteLoom: HIL LINK rx peer=1 type=40 cid=3139351763 current=0 status=5 seq=46
[2026-09-26T13:38:46.841Z] I (568597) RouteLoom: HIL PROBE tx peer=1 type=41 status=0 detail=ok
[2026-09-26T13:38:48.146Z] I (569902) RouteLoom: HIL LINK tx peer=3 type=32 cid=3131591193 seq=206
[2026-09-26T13:38:49.438Z] I (571193) RouteLoom: HIL LINK rx peer=3 type=32 cid=2065731346 current=0 status=5 seq=118
[2026-09-26T13:38:49.520Z] I (571275) RouteLoom: HIL LINK rx peer=1 type=32 cid=3139351763 current=0 status=5 seq=90
[2026-09-26T13:38:49.845Z] I (571601) RouteLoom: HIL LINK rx peer=3 type=40 cid=2065731346 current=0 status=5 seq=62
[2026-09-26T13:38:49.849Z] I (571605) RouteLoom: HIL PROBE tx peer=3 type=41 status=0 detail=ok
[2026-09-26T13:38:50.647Z] I (572403) RouteLoom: HIL LINK tx peer=1 type=32 cid=3445906384 seq=207
[2026-09-26T13:38:53.149Z] I (574905) RouteLoom: HIL LINK tx peer=3 type=32 cid=3131591193 seq=208
[2026-09-26T13:38:54.438Z] I (576194) RouteLoom: HIL LINK rx peer=3 type=32 cid=2065731346 current=0 status=5 seq=119
[2026-09-26T13:38:54.520Z] I (576275) RouteLoom: HIL LINK rx peer=1 type=32 cid=3139351763 current=0 status=5 seq=91
[2026-09-26T13:38:55.650Z] I (577406) RouteLoom: HIL LINK tx peer=1 type=32 cid=3445906384 seq=209
[2026-09-26T13:38:56.840Z] I (578596) RouteLoom: HIL PROBE tx peer=1 type=40 status=0 detail=ok
[2026-09-26T13:38:56.859Z] I (578614) RouteLoom: HIL LINK rx peer=1 type=41 cid=3139351763 current=0 status=5 seq=47
[2026-09-26T13:38:58.151Z] I (579907) RouteLoom: HIL LINK tx peer=3 type=32 cid=3131591193 seq=210
[2026-09-26T13:38:59.440Z] I (581196) RouteLoom: HIL LINK rx peer=3 type=32 cid=2065731346 current=0 status=5 seq=120
[2026-09-26T13:38:59.520Z] I (581276) RouteLoom: HIL LINK rx peer=1 type=32 cid=3139351763 current=0 status=5 seq=92
[2026-09-26T13:38:59.848Z] I (581604) RouteLoom: HIL PROBE tx peer=3 type=40 status=0 detail=ok
[2026-09-26T13:38:59.869Z] I (581625) RouteLoom: HIL LINK rx peer=3 type=41 cid=2065731346 current=0 status=5 seq=63
[2026-09-26T13:39:00.651Z] I (582407) RouteLoom: HIL LINK tx peer=1 type=32 cid=3445906384 seq=211
[2026-09-26T13:39:03.153Z] I (584909) RouteLoom: HIL LINK tx peer=3 type=32 cid=3131591193 seq=212
[2026-09-26T13:39:04.442Z] I (586198) RouteLoom: HIL LINK rx peer=3 type=32 cid=2065731346 current=0 status=5 seq=121
[2026-09-26T13:39:04.521Z] I (586277) RouteLoom: HIL LINK rx peer=1 type=32 cid=3139351763 current=0 status=5 seq=93
[2026-09-26T13:39:05.654Z] I (587410) RouteLoom: HIL LINK tx peer=1 type=32 cid=3445906384 seq=213
[2026-09-26T13:39:06.859Z] I (588614) RouteLoom: HIL LINK rx peer=1 type=40 cid=3139351763 current=0 status=5 seq=48
[2026-09-26T13:39:06.863Z] I (588618) RouteLoom: HIL PROBE tx peer=1 type=41 status=0 detail=ok
[2026-09-26T13:39:08.156Z] I (589912) RouteLoom: HIL LINK tx peer=3 type=32 cid=3131591193 seq=214
[2026-09-26T13:39:08.848Z] I (590603) RouteLoom: HIL LINK rx peer=1 type=16 cid=3139351763 current=0 status=5 seq=27
[2026-09-26T13:39:08.852Z] I (590607) RouteLoomRef: message origin=1 session=307 sequence=27 bytes=9
[2026-09-26T13:39:08.857Z] I (590611) RouteLoom: HIL LINK tx peer=1 type=17 cid=3445906384 seq=27
[2026-09-26T13:39:08.867Z] I (590622) RouteLoom: HIL LINK tx peer=1 type=18 cid=3445906384 seq=27
[2026-09-26T13:39:08.892Z] I (590647) RouteLoom: HIL LINK rx peer=1 type=17 cid=3139351763 current=0 status=5 seq=27
[2026-09-26T13:39:09.443Z] I (591199) RouteLoom: HIL LINK rx peer=3 type=32 cid=2065731346 current=0 status=5 seq=122
[2026-09-26T13:39:09.522Z] I (591277) RouteLoom: HIL LINK rx peer=1 type=32 cid=3139351763 current=0 status=5 seq=94
[2026-09-26T13:39:09.863Z] I (591619) RouteLoom: HIL LINK rx peer=3 type=40 cid=2065731346 current=0 status=5 seq=64
[2026-09-26T13:39:09.867Z] I (591623) RouteLoom: HIL PROBE tx peer=3 type=41 status=0 detail=ok
[2026-09-26T13:39:10.656Z] I (592412) RouteLoom: HIL LINK tx peer=1 type=32 cid=3445906384 seq=215
[2026-09-26T13:39:13.158Z] I (594914) RouteLoom: HIL LINK tx peer=3 type=32 cid=3131591193 seq=216
[2026-09-26T13:39:14.444Z] I (596200) RouteLoom: HIL LINK rx peer=3 type=32 cid=2065731346 current=0 status=5 seq=123
[2026-09-26T13:39:14.523Z] I (596278) RouteLoom: HIL LINK rx peer=1 type=32 cid=3139351763 current=0 status=5 seq=95
[2026-09-26T13:39:15.659Z] I (597415) RouteLoom: HIL LINK tx peer=1 type=32 cid=3445906384 seq=217
[2026-09-26T13:39:16.860Z] I (598616) RouteLoom: HIL PROBE tx peer=1 type=40 status=0 detail=ok
[2026-09-26T13:39:16.878Z] I (598633) RouteLoom: HIL LINK rx peer=1 type=41 cid=3139351763 current=0 status=5 seq=49
[2026-09-26T13:39:18.160Z] I (599916) RouteLoom: HIL LINK tx peer=3 type=32 cid=3131591193 seq=218
[2026-09-26T13:39:18.662Z] I (600417) RouteLoom: stack hwm main 11096 B
[2026-09-26T13:39:18.663Z] I (600417) RouteLoom: HIL HEAP free=21708 largest=18432 min=20932 B
[2026-09-26T13:39:18.672Z] I (600418) RouteLoom: HIL DISCOVERY candidates=0 neighbors=2 capacity=0 auth=2 stale=0 probes=57 send_failures=4 kind_rejects=0
[2026-09-26T13:39:18.679Z] I (600428) RouteLoom: HIL ROUTE peer=1 phase=5 via=1 metric=1 generation=307 seq=1
[2026-09-26T13:39:18.688Z] I (600435) RouteLoom: HIL ROUTE peer=3 phase=5 via=3 metric=1 generation=107 seq=1
[2026-09-26T13:39:19.445Z] I (601199) RouteLoom: HIL LINK rx peer=3 type=32 cid=2065731346 current=0 status=5 seq=124
[2026-09-26T13:39:19.524Z] I (601279) RouteLoom: HIL LINK rx peer=1 type=32 cid=3139351763 current=0 status=5 seq=96
[2026-09-26T13:39:19.866Z] I (601622) RouteLoom: HIL PROBE tx peer=3 type=40 status=0 detail=ok
[2026-09-26T13:39:19.883Z] I (601639) RouteLoom: HIL LINK rx peer=3 type=41 cid=2065731346 current=0 status=5 seq=65
[2026-09-26T13:39:20.662Z] I (602418) RouteLoom: HIL LINK tx peer=1 type=32 cid=3445906384 seq=219
[2026-09-26T13:39:23.164Z] I (604920) RouteLoom: HIL LINK tx peer=3 type=32 cid=3131591193 seq=220
[2026-09-26T13:39:24.444Z] I (606199) RouteLoom: HIL LINK rx peer=3 type=32 cid=2065731346 current=0 status=5 seq=125
[2026-09-26T13:39:24.526Z] I (606281) RouteLoom: HIL LINK rx peer=1 type=32 cid=3139351763 current=0 status=5 seq=97
[2026-09-26T13:39:25.665Z] I (607421) RouteLoom: HIL LINK tx peer=1 type=32 cid=3445906384 seq=221
[2026-09-26T13:39:26.880Z] I (608635) RouteLoom: HIL PROBE tx peer=1 type=40 status=0 detail=ok
[2026-09-26T13:39:26.884Z] I (608637) RouteLoom: HIL LINK rx peer=1 type=40 cid=3139351763 current=0 status=5 seq=50
[2026-09-26T13:39:26.892Z] I (608641) RouteLoom: HIL PROBE tx peer=1 type=41 status=6 detail=autonomy TX already in flight to peer
[2026-09-26T13:39:26.899Z] I (608653) RouteLoom: HIL LINK rx peer=1 type=41 cid=3139351763 current=0 status=5 seq=51
[2026-09-26T13:39:28.167Z] I (609923) RouteLoom: HIL LINK tx peer=3 type=32 cid=3131591193 seq=222
[2026-09-26T13:39:29.446Z] I (611201) RouteLoom: HIL LINK rx peer=3 type=32 cid=2065731346 current=0 status=5 seq=126
[2026-09-26T13:39:29.526Z] I (611281) RouteLoom: HIL LINK rx peer=1 type=32 cid=3139351763 current=0 status=5 seq=98
[2026-09-26T13:39:29.882Z] I (611637) RouteLoom: HIL LINK rx peer=3 type=40 cid=2065731346 current=0 status=5 seq=66
[2026-09-26T13:39:29.885Z] I (611641) RouteLoom: HIL PROBE tx peer=3 type=41 status=0 detail=ok
[2026-09-26T13:39:30.668Z] I (612424) RouteLoom: HIL LINK tx peer=1 type=32 cid=3445906384 seq=223
[2026-09-26T13:39:33.171Z] I (614926) RouteLoom: HIL LINK tx peer=3 type=32 cid=3131591193 seq=224
[2026-09-26T13:39:34.448Z] I (616202) RouteLoom: HIL LINK rx peer=3 type=32 cid=2065731346 current=0 status=5 seq=127
[2026-09-26T13:39:34.526Z] I (616281) RouteLoom: HIL LINK rx peer=1 type=32 cid=3139351763 current=0 status=5 seq=99
[2026-09-26T13:39:35.672Z] I (617427) RouteLoom: HIL LINK tx peer=1 type=32 cid=3445906384 seq=225
[2026-09-26T13:39:36.898Z] I (618652) RouteLoom: HIL LINK rx peer=1 type=40 cid=3139351763 current=0 status=5 seq=52
[2026-09-26T13:39:36.901Z] I (618656) RouteLoom: HIL PROBE tx peer=1 type=41 status=0 detail=ok
[2026-09-26T13:39:38.172Z] I (619928) RouteLoom: HIL LINK tx peer=3 type=32 cid=3131591193 seq=226
[2026-09-26T13:39:39.450Z] I (621205) RouteLoom: HIL LINK rx peer=3 type=32 cid=2065731346 current=0 status=5 seq=128
[2026-09-26T13:39:39.527Z] I (621281) RouteLoom: HIL LINK rx peer=1 type=32 cid=3139351763 current=0 status=5 seq=100
[2026-09-26T13:39:39.885Z] I (621640) RouteLoom: HIL PROBE tx peer=3 type=40 status=0 detail=ok
[2026-09-26T13:39:39.903Z] I (621658) RouteLoom: HIL LINK rx peer=3 type=41 cid=2065731346 current=0 status=5 seq=67
[2026-09-26T13:39:40.674Z] I (622429) RouteLoom: HIL LINK tx peer=1 type=32 cid=3445906384 seq=227
[2026-09-26T13:39:43.175Z] I (624930) RouteLoom: HIL LINK tx peer=3 type=32 cid=3131591193 seq=228
[2026-09-26T13:39:44.452Z] I (626206) RouteLoom: HIL LINK rx peer=3 type=32 cid=2065731346 current=0 status=5 seq=129
[2026-09-26T13:39:44.527Z] I (626282) RouteLoom: HIL LINK rx peer=1 type=32 cid=3139351763 current=0 status=5 seq=101
[2026-09-26T13:39:45.676Z] I (627431) RouteLoom: HIL LINK tx peer=1 type=32 cid=3445906384 seq=229
[2026-09-26T13:39:45.845Z] I (627600) RouteLoom: HIL LINK rx peer=1 type=16 cid=3139351763 current=0 status=5 seq=28
[2026-09-26T13:39:45.852Z] I (627606) RouteLoom: HIL LINK tx peer=1 type=17 cid=3445906384 seq=28
[2026-09-26T13:39:45.862Z] I (627617) RouteLoom: HIL LINK tx peer=3 type=16 cid=3131591193 seq=28
[2026-09-26T13:39:45.883Z] I (627638) RouteLoom: HIL LINK rx peer=3 type=17 cid=2065731346 current=0 status=5 seq=28
[2026-09-26T13:39:45.895Z] I (627650) RouteLoom: HIL LINK rx peer=3 type=18 cid=2065731346 current=0 status=5 seq=28
[2026-09-26T13:39:45.901Z] I (627656) RouteLoom: HIL LINK tx peer=3 type=17 cid=3131591193 seq=28
[2026-09-26T13:39:45.912Z] I (627667) RouteLoom: HIL LINK tx peer=1 type=18 cid=3445906384 seq=28
[2026-09-26T13:39:45.933Z] I (627687) RouteLoom: HIL LINK rx peer=1 type=17 cid=3139351763 current=0 status=5 seq=28
[2026-09-26T13:39:46.900Z] I (628655) RouteLoom: HIL PROBE tx peer=1 type=40 status=0 detail=ok
[2026-09-26T13:39:46.920Z] I (628673) RouteLoom: HIL LINK rx peer=1 type=41 cid=3139351763 current=0 status=5 seq=53
[2026-09-26T13:39:48.178Z] I (629933) RouteLoom: HIL LINK tx peer=3 type=32 cid=3131591193 seq=230
[2026-09-26T13:39:49.451Z] I (631206) RouteLoom: HIL LINK rx peer=3 type=32 cid=2065731346 current=0 status=5 seq=130
[2026-09-26T13:39:49.528Z] I (631283) RouteLoom: HIL LINK rx peer=1 type=32 cid=3139351763 current=0 status=5 seq=102
[2026-09-26T13:39:49.899Z] I (631654) RouteLoom: HIL LINK rx peer=3 type=40 cid=2065731346 current=0 status=5 seq=68
[2026-09-26T13:39:49.903Z] I (631658) RouteLoom: HIL PROBE tx peer=3 type=41 status=0 detail=ok
[2026-09-26T13:39:50.679Z] I (632434) RouteLoom: HIL LINK tx peer=1 type=32 cid=3445906384 seq=231
[2026-09-26T13:39:53.181Z] I (634936) RouteLoom: HIL LINK tx peer=3 type=32 cid=3131591193 seq=232
[2026-09-26T13:39:54.455Z] I (636209) RouteLoom: HIL LINK rx peer=3 type=32 cid=2065731346 current=0 status=5 seq=131
[2026-09-26T13:39:54.528Z] I (636283) RouteLoom: HIL LINK rx peer=1 type=32 cid=3139351763 current=0 status=5 seq=103
[2026-09-26T13:39:55.682Z] I (637437) RouteLoom: HIL LINK tx peer=1 type=32 cid=3445906384 seq=233
[2026-09-26T13:39:56.917Z] I (638671) RouteLoom: HIL LINK rx peer=1 type=40 cid=3139351763 current=0 status=5 seq=54
[2026-09-26T13:39:56.921Z] I (638675) RouteLoom: HIL PROBE tx peer=1 type=41 status=0 detail=ok
[2026-09-26T13:39:58.183Z] I (639938) RouteLoom: HIL LINK tx peer=3 type=32 cid=3131591193 seq=234
[2026-09-26T13:39:59.454Z] I (641208) RouteLoom: HIL LINK rx peer=3 type=32 cid=2065731346 current=0 status=5 seq=132
[2026-09-26T13:39:59.530Z] I (641284) RouteLoom: HIL LINK rx peer=1 type=32 cid=3139351763 current=0 status=5 seq=104
[2026-09-26T13:39:59.903Z] I (641658) RouteLoom: HIL PROBE tx peer=3 type=40 status=0 detail=ok
[2026-09-26T13:39:59.920Z] I (641675) RouteLoom: HIL LINK rx peer=3 type=41 cid=2065731346 current=0 status=5 seq=69
[2026-09-26T13:40:00.684Z] I (642439) RouteLoom: HIL LINK tx peer=1 type=32 cid=3445906384 seq=235
[2026-09-26T13:40:03.186Z] I (644941) RouteLoom: HIL LINK tx peer=3 type=32 cid=3131591193 seq=236
[2026-09-26T13:40:04.454Z] I (646208) RouteLoom: HIL LINK rx peer=3 type=32 cid=2065731346 current=0 status=5 seq=133
[2026-09-26T13:40:04.531Z] I (646286) RouteLoom: HIL LINK rx peer=1 type=32 cid=3139351763 current=0 status=5 seq=105
[2026-09-26T13:40:05.688Z] I (647443) RouteLoom: HIL LINK tx peer=1 type=32 cid=3445906384 seq=237
[2026-09-26T13:40:06.920Z] I (648675) RouteLoom: HIL PROBE tx peer=1 type=40 status=0 detail=ok
[2026-09-26T13:40:06.939Z] I (648694) RouteLoom: HIL LINK rx peer=1 type=41 cid=3139351763 current=0 status=5 seq=55
[2026-09-26T13:40:08.189Z] I (649944) RouteLoom: HIL LINK tx peer=3 type=32 cid=3131591193 seq=238
[2026-09-26T13:40:09.455Z] I (651209) RouteLoom: HIL LINK rx peer=3 type=32 cid=2065731346 current=0 status=5 seq=134
[2026-09-26T13:40:09.532Z] I (651286) RouteLoom: HIL LINK rx peer=1 type=32 cid=3139351763 current=0 status=5 seq=106
[2026-09-26T13:40:09.923Z] I (651678) RouteLoom: HIL PROBE tx peer=3 type=40 status=0 detail=ok
[2026-09-26T13:40:09.926Z] I (651680) RouteLoom: HIL LINK rx peer=3 type=40 cid=2065731346 current=0 status=5 seq=70
[2026-09-26T13:40:09.938Z] I (651684) RouteLoom: HIL PROBE tx peer=3 type=41 status=6 detail=autonomy TX already in flight to peer
[2026-09-26T13:40:09.943Z] I (651696) RouteLoom: HIL LINK rx peer=3 type=41 cid=2065731346 current=0 status=5 seq=71
[2026-09-26T13:40:10.689Z] I (652444) RouteLoom: HIL LINK tx peer=1 type=32 cid=3445906384 seq=239
[2026-09-26T13:40:13.191Z] I (654946) RouteLoom: HIL LINK tx peer=3 type=32 cid=3131591193 seq=240
[2026-09-26T13:40:14.457Z] I (656211) RouteLoom: HIL LINK rx peer=3 type=32 cid=2065731346 current=0 status=5 seq=135
[2026-09-26T13:40:14.532Z] I (656286) RouteLoom: HIL LINK rx peer=1 type=32 cid=3139351763 current=0 status=5 seq=107
[2026-09-26T13:40:15.691Z] I (657446) RouteLoom: HIL LINK tx peer=1 type=32 cid=3445906384 seq=241
[2026-09-26T13:40:16.938Z] I (658692) RouteLoom: HIL LINK rx peer=1 type=40 cid=3139351763 current=0 status=5 seq=56
[2026-09-26T13:40:16.942Z] I (658696) RouteLoom: HIL PROBE tx peer=1 type=41 status=0 detail=ok
[2026-09-26T13:40:18.192Z] I (659947) RouteLoom: HIL LINK tx peer=3 type=32 cid=3131591193 seq=242
[2026-09-26T13:40:18.663Z] I (660418) RouteLoom: stack hwm main 11096 B
[2026-09-26T13:40:18.665Z] I (660418) RouteLoom: HIL HEAP free=21708 largest=18432 min=20932 B
[2026-09-26T13:40:18.674Z] I (660419) RouteLoom: HIL DISCOVERY candidates=0 neighbors=2 capacity=0 auth=2 stale=0 probes=64 send_failures=6 kind_rejects=0
[2026-09-26T13:40:18.681Z] I (660429) RouteLoom: HIL ROUTE peer=1 phase=5 via=1 metric=1 generation=307 seq=1
[2026-09-26T13:40:18.688Z] I (660436) RouteLoom: HIL ROUTE peer=3 phase=5 via=3 metric=1 generation=107 seq=1
[2026-09-26T13:40:19.456Z] I (661210) RouteLoom: HIL LINK rx peer=3 type=32 cid=2065731346 current=0 status=5 seq=136
[2026-09-26T13:40:19.533Z] I (661287) RouteLoom: HIL LINK rx peer=1 type=32 cid=3139351763 current=0 status=5 seq=108
[2026-09-26T13:40:19.941Z] I (661695) RouteLoom: HIL LINK rx peer=3 type=40 cid=2065731346 current=0 status=5 seq=72
[2026-09-26T13:40:19.945Z] I (661699) RouteLoom: HIL PROBE tx peer=3 type=41 status=0 detail=ok
[2026-09-26T13:40:20.694Z] I (662449) RouteLoom: HIL LINK tx peer=1 type=32 cid=3445906384 seq=243
[2026-09-26T13:40:22.847Z] I (664601) RouteLoom: HIL LINK rx peer=1 type=16 cid=3139351763 current=0 status=5 seq=29
[2026-09-26T13:40:22.851Z] I (664605) RouteLoomRef: message origin=1 session=307 sequence=29 bytes=9
[2026-09-26T13:40:22.856Z] I (664608) RouteLoom: HIL LINK tx peer=1 type=17 cid=3445906384 seq=29
[2026-09-26T13:40:22.865Z] I (664620) RouteLoom: HIL LINK tx peer=1 type=18 cid=3445906384 seq=29
[2026-09-26T13:40:22.888Z] I (664642) RouteLoom: HIL LINK rx peer=1 type=17 cid=3139351763 current=0 status=5 seq=29
[2026-09-26T13:40:23.197Z] I (664951) RouteLoom: HIL LINK tx peer=3 type=32 cid=3131591193 seq=244
[2026-09-26T13:40:24.458Z] I (666212) RouteLoom: HIL LINK rx peer=3 type=32 cid=2065731346 current=0 status=5 seq=137
[2026-09-26T13:40:24.535Z] I (666289) RouteLoom: HIL LINK rx peer=1 type=32 cid=3139351763 current=0 status=5 seq=109
[2026-09-26T13:40:25.698Z] I (667453) RouteLoom: HIL LINK tx peer=1 type=32 cid=3445906384 seq=245
[2026-09-26T13:40:26.939Z] I (668694) RouteLoom: HIL PROBE tx peer=1 type=40 status=0 detail=ok
[2026-09-26T13:40:26.957Z] I (668711) RouteLoom: HIL LINK rx peer=1 type=41 cid=3139351763 current=0 status=5 seq=57
[2026-09-26T13:40:28.198Z] I (669953) RouteLoom: HIL LINK tx peer=3 type=32 cid=3131591193 seq=246
[2026-09-26T13:40:29.462Z] I (671216) RouteLoom: HIL LINK rx peer=3 type=32 cid=2065731346 current=0 status=5 seq=138
[2026-09-26T13:40:29.536Z] I (671290) RouteLoom: HIL LINK rx peer=1 type=32 cid=3139351763 current=0 status=5 seq=110
[2026-09-26T13:40:29.944Z] I (671699) RouteLoom: HIL PROBE tx peer=3 type=40 status=0 detail=ok
[2026-09-26T13:40:29.963Z] I (671717) RouteLoom: HIL LINK rx peer=3 type=41 cid=2065731346 current=0 status=5 seq=73
[2026-09-26T13:40:30.700Z] I (672455) RouteLoom: HIL LINK tx peer=1 type=32 cid=3445906384 seq=247
[2026-09-26T13:40:33.202Z] I (674957) RouteLoom: HIL LINK tx peer=3 type=32 cid=3131591193 seq=248
[2026-09-26T13:40:34.461Z] I (676215) RouteLoom: HIL LINK rx peer=3 type=32 cid=2065731346 current=0 status=5 seq=139
[2026-09-26T13:40:34.537Z] I (676291) RouteLoom: HIL LINK rx peer=1 type=32 cid=3139351763 current=0 status=5 seq=111
[2026-09-26T13:40:35.703Z] I (677458) RouteLoom: HIL LINK tx peer=1 type=32 cid=3445906384 seq=249
[2026-09-26T13:40:36.956Z] I (678710) RouteLoom: HIL LINK rx peer=1 type=40 cid=3139351763 current=0 status=5 seq=58
[2026-09-26T13:40:36.960Z] I (678714) RouteLoom: HIL PROBE tx peer=1 type=41 status=0 detail=ok
[2026-09-26T13:40:38.205Z] I (679959) RouteLoom: HIL LINK tx peer=3 type=32 cid=3131591193 seq=250
[2026-09-26T13:40:39.463Z] I (681217) RouteLoom: HIL LINK rx peer=3 type=32 cid=2065731346 current=0 status=5 seq=140
[2026-09-26T13:40:39.539Z] I (681293) RouteLoom: HIL LINK rx peer=1 type=32 cid=3139351763 current=0 status=5 seq=112
[2026-09-26T13:40:39.962Z] I (681715) RouteLoom: HIL LINK rx peer=3 type=40 cid=2065731346 current=0 status=5 seq=74
[2026-09-26T13:40:39.965Z] I (681719) RouteLoom: HIL PROBE tx peer=3 type=41 status=0 detail=ok
[2026-09-26T13:40:40.706Z] I (682461) RouteLoom: HIL LINK tx peer=1 type=32 cid=3445906384 seq=251
[2026-09-26T13:40:43.209Z] I (684963) RouteLoom: HIL LINK tx peer=3 type=32 cid=3131591193 seq=252
[2026-09-26T13:40:44.465Z] I (686219) RouteLoom: HIL LINK rx peer=3 type=32 cid=2065731346 current=0 status=5 seq=141
[2026-09-26T13:40:44.540Z] I (686294) RouteLoom: HIL LINK rx peer=1 type=32 cid=3139351763 current=0 status=5 seq=113
[2026-09-26T13:40:45.709Z] I (687463) RouteLoom: HIL LINK tx peer=1 type=32 cid=3445906384 seq=253
[2026-09-26T13:40:46.959Z] I (688713) RouteLoom: HIL PROBE tx peer=1 type=40 status=0 detail=ok
[2026-09-26T13:40:46.977Z] I (688731) RouteLoom: HIL LINK rx peer=1 type=41 cid=3139351763 current=0 status=5 seq=59
[2026-09-26T13:40:48.210Z] I (689964) RouteLoom: HIL LINK tx peer=3 type=32 cid=3131591193 seq=254
[2026-09-26T13:40:49.466Z] I (691220) RouteLoom: HIL LINK rx peer=3 type=32 cid=2065731346 current=0 status=5 seq=142
[2026-09-26T13:40:49.540Z] I (691294) RouteLoom: HIL LINK rx peer=1 type=32 cid=3139351763 current=0 status=5 seq=114
[2026-09-26T13:40:49.964Z] I (691718) RouteLoom: HIL PROBE tx peer=3 type=40 status=0 detail=ok
[2026-09-26T13:40:49.981Z] I (691735) RouteLoom: HIL LINK rx peer=3 type=41 cid=2065731346 current=0 status=5 seq=75
[2026-09-26T13:40:50.712Z] I (692466) RouteLoom: HIL LINK tx peer=1 type=32 cid=3445906384 seq=255
[2026-09-26T13:40:53.214Z] I (694968) RouteLoom: HIL LINK tx peer=3 type=32 cid=3131591193 seq=256
[2026-09-26T13:40:54.467Z] I (696221) RouteLoom: HIL LINK rx peer=3 type=32 cid=2065731346 current=0 status=5 seq=143
[2026-09-26T13:40:54.543Z] I (696296) RouteLoom: HIL LINK rx peer=1 type=32 cid=3139351763 current=0 status=5 seq=115
[2026-09-26T13:40:55.715Z] I (697469) RouteLoom: HIL LINK tx peer=1 type=32 cid=3445906384 seq=257
[2026-09-26T13:40:56.977Z] I (698730) RouteLoom: HIL LINK rx peer=1 type=40 cid=3139351763 current=0 status=5 seq=60
[2026-09-26T13:40:56.981Z] I (698734) RouteLoom: HIL PROBE tx peer=1 type=41 status=0 detail=ok
[2026-09-26T13:40:58.216Z] I (699970) RouteLoom: HIL LINK tx peer=3 type=32 cid=3131591193 seq=258
[2026-09-26T13:40:59.468Z] I (701222) RouteLoom: HIL LINK rx peer=3 type=32 cid=2065731346 current=0 status=5 seq=144
[2026-09-26T13:40:59.544Z] I (701298) RouteLoom: HIL LINK rx peer=1 type=32 cid=3139351763 current=0 status=5 seq=116
[2026-09-26T13:40:59.849Z] I (701603) RouteLoom: HIL LINK rx peer=1 type=16 cid=3139351763 current=0 status=5 seq=30
[2026-09-26T13:40:59.855Z] I (701609) RouteLoom: HIL LINK tx peer=1 type=17 cid=3445906384 seq=30
[2026-09-26T13:40:59.866Z] I (701620) RouteLoom: HIL LINK tx peer=3 type=16 cid=3131591193 seq=30
[2026-09-26T13:40:59.886Z] I (701640) RouteLoom: HIL LINK rx peer=3 type=17 cid=2065731346 current=0 status=5 seq=30
[2026-09-26T13:40:59.898Z] I (701652) RouteLoom: HIL LINK rx peer=3 type=18 cid=2065731346 current=0 status=5 seq=30
[2026-09-26T13:40:59.904Z] I (701658) RouteLoom: HIL LINK tx peer=3 type=17 cid=3131591193 seq=30
[2026-09-26T13:40:59.916Z] I (701670) RouteLoom: HIL LINK tx peer=1 type=18 cid=3445906384 seq=30
[2026-09-26T13:40:59.937Z] I (701690) RouteLoom: HIL LINK rx peer=1 type=17 cid=3139351763 current=0 status=5 seq=30
[2026-09-26T13:40:59.979Z] I (701733) RouteLoom: HIL LINK rx peer=3 type=40 cid=2065731346 current=0 status=5 seq=76
[2026-09-26T13:40:59.983Z] I (701737) RouteLoom: HIL PROBE tx peer=3 type=41 status=0 detail=ok
[2026-09-26T13:41:00.718Z] I (702472) RouteLoom: HIL LINK tx peer=1 type=32 cid=3445906384 seq=259
[2026-09-26T13:41:03.220Z] I (704974) RouteLoom: HIL LINK tx peer=3 type=32 cid=3131591193 seq=260
[2026-09-26T13:41:04.470Z] I (706223) RouteLoom: HIL LINK rx peer=3 type=32 cid=2065731346 current=0 status=5 seq=145
[2026-09-26T13:41:04.546Z] I (706300) RouteLoom: HIL LINK rx peer=1 type=32 cid=3139351763 current=0 status=5 seq=117
[2026-09-26T13:41:05.722Z] I (707476) RouteLoom: HIL LINK tx peer=1 type=32 cid=3445906384 seq=261
[2026-09-26T13:41:06.978Z] I (708732) RouteLoom: HIL PROBE tx peer=1 type=40 status=0 detail=ok
[2026-09-26T13:41:06.997Z] I (708750) RouteLoom: HIL LINK rx peer=1 type=41 cid=3139351763 current=0 status=5 seq=61
[2026-09-26T13:41:08.223Z] I (709977) RouteLoom: HIL LINK tx peer=3 type=32 cid=3131591193 seq=262
[2026-09-26T13:41:09.470Z] I (711224) RouteLoom: HIL LINK rx peer=3 type=32 cid=2065731346 current=0 status=5 seq=146
[2026-09-26T13:41:09.546Z] I (711300) RouteLoom: HIL LINK rx peer=1 type=32 cid=3139351763 current=0 status=5 seq=118
[2026-09-26T13:41:09.982Z] I (711736) RouteLoom: HIL PROBE tx peer=3 type=40 status=0 detail=ok
[2026-09-26T13:41:09.999Z] I (711753) RouteLoom: HIL LINK rx peer=3 type=41 cid=2065731346 current=0 status=5 seq=77
[2026-09-26T13:41:10.724Z] I (712478) RouteLoom: HIL LINK tx peer=1 type=32 cid=3445906384 seq=263
[2026-09-26T13:41:13.226Z] I (714980) RouteLoom: HIL LINK tx peer=3 type=32 cid=3131591193 seq=264
[2026-09-26T13:41:14.470Z] I (716224) RouteLoom: HIL LINK rx peer=3 type=32 cid=2065731346 current=0 status=5 seq=147
[2026-09-26T13:41:14.549Z] I (716302) RouteLoom: HIL LINK rx peer=1 type=32 cid=3139351763 current=0 status=5 seq=119
[2026-09-26T13:41:15.727Z] I (717481) RouteLoom: HIL LINK tx peer=1 type=32 cid=3445906384 seq=265
[2026-09-26T13:41:16.995Z] I (718748) RouteLoom: HIL LINK rx peer=1 type=40 cid=3139351763 current=0 status=5 seq=62
[2026-09-26T13:41:16.999Z] I (718752) RouteLoom: HIL PROBE tx peer=1 type=41 status=0 detail=ok
[2026-09-26T13:41:18.228Z] I (719982) RouteLoom: HIL LINK tx peer=3 type=32 cid=3131591193 seq=266
[2026-09-26T13:41:18.667Z] I (720420) RouteLoom: stack hwm main 11096 B
[2026-09-26T13:41:18.667Z] I (720420) RouteLoom: HIL HEAP free=21708 largest=18432 min=20932 B
[2026-09-26T13:41:18.677Z] I (720421) RouteLoom: HIL DISCOVERY candidates=0 neighbors=2 capacity=0 auth=2 stale=0 probes=70 send_failures=6 kind_rejects=0
[2026-09-26T13:41:18.686Z] I (720431) RouteLoom: HIL ROUTE peer=1 phase=5 via=1 metric=1 generation=307 seq=1
[2026-09-26T13:41:18.691Z] I (720438) RouteLoom: HIL ROUTE peer=3 phase=5 via=3 metric=1 generation=107 seq=1
[2026-09-26T13:41:19.473Z] I (721226) RouteLoom: HIL LINK rx peer=3 type=32 cid=2065731346 current=0 status=5 seq=148
[2026-09-26T13:41:19.552Z] I (721305) RouteLoom: HIL LINK rx peer=1 type=32 cid=3139351763 current=0 status=5 seq=120
[2026-09-26T13:41:20.000Z] I (721753) RouteLoom: HIL LINK rx peer=3 type=40 cid=2065731346 current=0 status=5 seq=78
[2026-09-26T13:41:20.004Z] I (721757) RouteLoom: HIL PROBE tx peer=3 type=41 status=0 detail=ok
[2026-09-26T13:41:20.728Z] I (722482) RouteLoom: HIL LINK tx peer=1 type=32 cid=3445906384 seq=267
[2026-09-26T13:41:23.230Z] I (724984) RouteLoom: HIL LINK tx peer=3 type=32 cid=3131591193 seq=268
[2026-09-26T13:41:24.475Z] I (726228) RouteLoom: HIL LINK rx peer=3 type=32 cid=2065731346 current=0 status=5 seq=149
[2026-09-26T13:41:24.552Z] I (726306) RouteLoom: HIL LINK rx peer=1 type=32 cid=3139351763 current=0 status=5 seq=121
[2026-09-26T13:41:25.730Z] I (727484) RouteLoom: HIL LINK tx peer=1 type=32 cid=3445906384 seq=269
[2026-09-26T13:41:26.998Z] I (728752) RouteLoom: HIL PROBE tx peer=1 type=40 status=0 detail=ok
[2026-09-26T13:41:27.017Z] I (728770) RouteLoom: HIL LINK rx peer=1 type=41 cid=3139351763 current=0 status=5 seq=63
[2026-09-26T13:41:28.231Z] I (729985) RouteLoom: HIL LINK tx peer=3 type=32 cid=3131591193 seq=270
[2026-09-26T13:41:29.475Z] I (731228) RouteLoom: HIL LINK rx peer=3 type=32 cid=2065731346 current=0 status=5 seq=150
[2026-09-26T13:41:29.552Z] I (731306) RouteLoom: HIL LINK rx peer=1 type=32 cid=3139351763 current=0 status=5 seq=122
[2026-09-26T13:41:30.003Z] I (731757) RouteLoom: HIL PROBE tx peer=3 type=40 status=0 detail=ok
[2026-09-26T13:41:30.022Z] I (731775) RouteLoom: HIL LINK rx peer=3 type=40 cid=2065731346 current=0 status=5 seq=79
[2026-09-26T13:41:30.026Z] I (731779) RouteLoom: HIL PROBE tx peer=3 type=41 status=0 detail=ok
[2026-09-26T13:41:30.733Z] I (732487) RouteLoom: HIL LINK tx peer=1 type=32 cid=3445906384 seq=271
[2026-09-26T13:41:33.235Z] I (734989) RouteLoom: HIL LINK tx peer=3 type=32 cid=3131591193 seq=272
[2026-09-26T13:41:34.477Z] I (736230) RouteLoom: HIL LINK rx peer=3 type=32 cid=2065731346 current=0 status=5 seq=151
[2026-09-26T13:41:34.555Z] I (736308) RouteLoom: HIL LINK rx peer=1 type=32 cid=3139351763 current=0 status=5 seq=123
[2026-09-26T13:41:35.736Z] I (737490) RouteLoom: HIL LINK tx peer=1 type=32 cid=3445906384 seq=273
[2026-09-26T13:41:36.845Z] I (738598) RouteLoom: HIL LINK rx peer=1 type=16 cid=3139351763 current=0 status=5 seq=31
[2026-09-26T13:41:36.849Z] I (738602) RouteLoomRef: message origin=1 session=307 sequence=31 bytes=9
[2026-09-26T13:41:36.855Z] I (738605) RouteLoom: HIL LINK tx peer=1 type=17 cid=3445906384 seq=31
[2026-09-26T13:41:36.863Z] I (738617) RouteLoom: HIL LINK tx peer=1 type=18 cid=3445906384 seq=31
[2026-09-26T13:41:36.886Z] I (738639) RouteLoom: HIL LINK rx peer=1 type=17 cid=3139351763 current=0 status=5 seq=31
[2026-09-26T13:41:37.019Z] I (738769) RouteLoom: HIL LINK rx peer=1 type=40 cid=3139351763 current=0 status=5 seq=64
[2026-09-26T13:41:37.020Z] I (738773) RouteLoom: HIL PROBE tx peer=1 type=41 status=0 detail=ok
[2026-09-26T13:41:38.238Z] I (739991) RouteLoom: HIL LINK tx peer=3 type=32 cid=3131591193 seq=274
[2026-09-26T13:41:39.479Z] I (741232) RouteLoom: HIL LINK rx peer=3 type=32 cid=2065731346 current=0 status=5 seq=152
[2026-09-26T13:41:39.557Z] I (741310) RouteLoom: HIL LINK rx peer=1 type=32 cid=3139351763 current=0 status=5 seq=124
[2026-09-26T13:41:40.023Z] I (741777) RouteLoom: HIL PROBE tx peer=3 type=40 status=0 detail=ok
[2026-09-26T13:41:40.041Z] I (741794) RouteLoom: HIL LINK rx peer=3 type=41 cid=2065731346 current=0 status=5 seq=81
[2026-09-26T13:41:40.738Z] I (742492) RouteLoom: HIL LINK tx peer=1 type=32 cid=3445906384 seq=275
[2026-09-26T13:41:43.240Z] I (744994) RouteLoom: HIL LINK tx peer=3 type=32 cid=3131591193 seq=276
[2026-09-26T13:41:44.479Z] I (746232) RouteLoom: HIL LINK rx peer=3 type=32 cid=2065731346 current=0 status=5 seq=153
[2026-09-26T13:41:44.557Z] I (746310) RouteLoom: HIL LINK rx peer=1 type=32 cid=3139351763 current=0 status=5 seq=125
[2026-09-26T13:41:45.742Z] I (747495) RouteLoom: HIL LINK tx peer=1 type=32 cid=3445906384 seq=277
[2026-09-26T13:41:47.018Z] I (748772) RouteLoom: HIL PROBE tx peer=1 type=40 status=0 detail=ok
[2026-09-26T13:41:47.037Z] I (748790) RouteLoom: HIL LINK rx peer=1 type=41 cid=3139351763 current=0 status=5 seq=65
[2026-09-26T13:41:48.242Z] I (749996) RouteLoom: HIL LINK tx peer=3 type=32 cid=3131591193 seq=278
[2026-09-26T13:41:49.480Z] I (751232) RouteLoom: HIL LINK rx peer=3 type=32 cid=2065731346 current=0 status=5 seq=154
[2026-09-26T13:41:49.557Z] I (751310) RouteLoom: HIL LINK rx peer=1 type=32 cid=3139351763 current=0 status=5 seq=126
[2026-09-26T13:41:50.040Z] I (751793) RouteLoom: HIL LINK rx peer=3 type=40 cid=2065731346 current=0 status=5 seq=82
[2026-09-26T13:41:50.044Z] I (751797) RouteLoom: HIL PROBE tx peer=3 type=41 status=0 detail=ok
[2026-09-26T13:41:50.742Z] I (752496) RouteLoom: HIL LINK tx peer=1 type=32 cid=3445906384 seq=279
[2026-09-26T13:41:53.245Z] I (754998) RouteLoom: HIL LINK tx peer=3 type=32 cid=3131591193 seq=280
[2026-09-26T13:41:54.480Z] I (756233) RouteLoom: HIL LINK rx peer=3 type=32 cid=2065731346 current=0 status=5 seq=155
[2026-09-26T13:41:54.559Z] I (756311) RouteLoom: HIL LINK rx peer=1 type=32 cid=3139351763 current=0 status=5 seq=127
[2026-09-26T13:41:55.746Z] I (757499) RouteLoom: HIL LINK tx peer=1 type=32 cid=3445906384 seq=281
[2026-09-26T13:41:57.038Z] I (758790) RouteLoom: HIL LINK rx peer=1 type=40 cid=3139351763 current=0 status=5 seq=66
[2026-09-26T13:41:57.041Z] I (758794) RouteLoom: HIL PROBE tx peer=1 type=41 status=0 detail=ok
[2026-09-26T13:41:58.247Z] I (760000) RouteLoom: HIL LINK tx peer=3 type=32 cid=3131591193 seq=282
[2026-09-26T13:41:59.482Z] I (761234) RouteLoom: HIL LINK rx peer=3 type=32 cid=2065731346 current=0 status=5 seq=156
[2026-09-26T13:41:59.558Z] I (761311) RouteLoom: HIL LINK rx peer=1 type=32 cid=3139351763 current=0 status=5 seq=128
[2026-09-26T13:42:00.042Z] I (761795) RouteLoom: HIL PROBE tx peer=3 type=40 status=0 detail=ok
[2026-09-26T13:42:00.059Z] I (761812) RouteLoom: HIL LINK rx peer=3 type=41 cid=2065731346 current=0 status=5 seq=83
[2026-09-26T13:42:00.748Z] I (762501) RouteLoom: HIL LINK tx peer=1 type=32 cid=3445906384 seq=283
[2026-09-26T13:42:03.250Z] I (765003) RouteLoom: HIL LINK tx peer=3 type=32 cid=3131591193 seq=284
[2026-09-26T13:42:04.482Z] I (766235) RouteLoom: HIL LINK rx peer=3 type=32 cid=2065731346 current=0 status=5 seq=157
[2026-09-26T13:42:04.558Z] I (766311) RouteLoom: HIL LINK rx peer=1 type=32 cid=3139351763 current=0 status=5 seq=129
[2026-09-26T13:42:05.752Z] I (767505) RouteLoom: HIL LINK tx peer=1 type=32 cid=3445906384 seq=285
[2026-09-26T13:42:07.041Z] I (768794) RouteLoom: HIL PROBE tx peer=1 type=40 status=0 detail=ok
[2026-09-26T13:42:07.060Z] I (768812) RouteLoom: HIL LINK rx peer=1 type=41 cid=3139351763 current=0 status=5 seq=67
[2026-09-26T13:42:08.253Z] I (770006) RouteLoom: HIL LINK tx peer=3 type=32 cid=3131591193 seq=286
[2026-09-26T13:42:09.485Z] I (771237) RouteLoom: HIL LINK rx peer=3 type=32 cid=2065731346 current=0 status=5 seq=158
[2026-09-26T13:42:09.558Z] I (771311) RouteLoom: HIL LINK rx peer=1 type=32 cid=3139351763 current=0 status=5 seq=130
[2026-09-26T13:42:10.057Z] I (771810) RouteLoom: HIL LINK rx peer=3 type=40 cid=2065731346 current=0 status=5 seq=84
[2026-09-26T13:42:10.061Z] I (771814) RouteLoom: HIL PROBE tx peer=3 type=41 status=0 detail=ok
[2026-09-26T13:42:10.754Z] I (772507) RouteLoom: HIL LINK tx peer=1 type=32 cid=3445906384 seq=287
[2026-09-26T13:42:13.256Z] I (775009) RouteLoom: HIL LINK tx peer=3 type=32 cid=3131591193 seq=288
[2026-09-26T13:42:13.846Z] I (775598) RouteLoom: HIL LINK rx peer=1 type=16 cid=3139351763 current=0 status=5 seq=32
[2026-09-26T13:42:13.851Z] I (775604) RouteLoom: HIL LINK tx peer=1 type=17 cid=3445906384 seq=32
[2026-09-26T13:42:13.862Z] I (775615) RouteLoom: HIL LINK tx peer=3 type=16 cid=3131591193 seq=32
[2026-09-26T13:42:13.882Z] I (775635) RouteLoom: HIL LINK rx peer=3 type=17 cid=2065731346 current=0 status=5 seq=32
[2026-09-26T13:42:13.895Z] I (775647) RouteLoom: HIL LINK rx peer=3 type=18 cid=2065731346 current=0 status=5 seq=32
[2026-09-26T13:42:13.900Z] I (775653) RouteLoom: HIL LINK tx peer=3 type=17 cid=3131591193 seq=32
[2026-09-26T13:42:13.911Z] I (775664) RouteLoom: HIL LINK tx peer=1 type=18 cid=3445906384 seq=32
[2026-09-26T13:42:13.934Z] I (775686) RouteLoom: HIL LINK rx peer=1 type=17 cid=3139351763 current=0 status=5 seq=32
[2026-09-26T13:42:14.487Z] I (776239) RouteLoom: HIL LINK rx peer=3 type=32 cid=2065731346 current=0 status=5 seq=159
[2026-09-26T13:42:14.560Z] I (776313) RouteLoom: HIL LINK rx peer=1 type=32 cid=3139351763 current=0 status=5 seq=131
[2026-09-26T13:42:15.756Z] I (777509) RouteLoom: HIL LINK tx peer=1 type=32 cid=3445906384 seq=289
[2026-09-26T13:42:17.057Z] I (778809) RouteLoom: HIL LINK rx peer=1 type=40 cid=3139351763 current=0 status=5 seq=68
[2026-09-26T13:42:17.061Z] I (778813) RouteLoom: HIL PROBE tx peer=1 type=41 status=0 detail=ok
[2026-09-26T13:42:18.257Z] I (780010) RouteLoom: HIL LINK tx peer=3 type=32 cid=3131591193 seq=290
[2026-09-26T13:42:18.668Z] I (780421) RouteLoom: stack hwm main 11096 B
[2026-09-26T13:42:18.669Z] I (780421) RouteLoom: HIL HEAP free=21708 largest=18432 min=20932 B
[2026-09-26T13:42:18.679Z] I (780422) RouteLoom: HIL DISCOVERY candidates=0 neighbors=2 capacity=0 auth=2 stale=0 probes=76 send_failures=6 kind_rejects=0
[2026-09-26T13:42:18.686Z] I (780432) RouteLoom: HIL ROUTE peer=1 phase=5 via=1 metric=1 generation=307 seq=1
[2026-09-26T13:42:18.693Z] I (780439) RouteLoom: HIL ROUTE peer=3 phase=5 via=3 metric=1 generation=107 seq=1
[2026-09-26T13:42:19.487Z] I (781239) RouteLoom: HIL LINK rx peer=3 type=32 cid=2065731346 current=0 status=5 seq=160
[2026-09-26T13:42:19.563Z] I (781315) RouteLoom: HIL LINK rx peer=1 type=32 cid=3139351763 current=0 status=5 seq=132
[2026-09-26T13:42:20.059Z] I (781812) RouteLoom: HIL PROBE tx peer=3 type=40 status=0 detail=ok
[2026-09-26T13:42:20.076Z] I (781829) RouteLoom: HIL LINK rx peer=3 type=41 cid=2065731346 current=0 status=5 seq=85
[2026-09-26T13:42:20.759Z] I (782512) RouteLoom: HIL LINK tx peer=1 type=32 cid=3445906384 seq=291
[2026-09-26T13:42:23.262Z] I (785014) RouteLoom: HIL LINK tx peer=3 type=32 cid=3131591193 seq=292
[2026-09-26T13:42:24.487Z] I (786240) RouteLoom: HIL LINK rx peer=3 type=32 cid=2065731346 current=0 status=5 seq=161
[2026-09-26T13:42:24.563Z] I (786316) RouteLoom: HIL LINK rx peer=1 type=32 cid=3139351763 current=0 status=5 seq=133
[2026-09-26T13:42:25.762Z] I (787515) RouteLoom: HIL LINK tx peer=1 type=32 cid=3445906384 seq=293
[2026-09-26T13:42:27.060Z] I (788813) RouteLoom: HIL PROBE tx peer=1 type=40 status=0 detail=ok
[2026-09-26T13:42:27.079Z] I (788831) RouteLoom: HIL LINK rx peer=1 type=41 cid=3139351763 current=0 status=5 seq=69
[2026-09-26T13:42:28.263Z] I (790016) RouteLoom: HIL LINK tx peer=3 type=32 cid=3131591193 seq=294
[2026-09-26T13:42:29.490Z] I (791242) RouteLoom: HIL LINK rx peer=3 type=32 cid=2065731346 current=0 status=5 seq=162
[2026-09-26T13:42:29.563Z] I (791316) RouteLoom: HIL LINK rx peer=1 type=32 cid=3139351763 current=0 status=5 seq=134
[2026-09-26T13:42:30.077Z] I (791829) RouteLoom: HIL LINK rx peer=3 type=40 cid=2065731346 current=0 status=5 seq=86
[2026-09-26T13:42:30.081Z] I (791833) RouteLoom: HIL PROBE tx peer=3 type=41 status=0 detail=ok
[2026-09-26T13:42:30.764Z] I (792517) RouteLoom: HIL LINK tx peer=1 type=32 cid=3445906384 seq=295
[2026-09-26T13:42:33.265Z] I (795018) RouteLoom: HIL LINK tx peer=3 type=32 cid=3131591193 seq=296
[2026-09-26T13:42:34.491Z] I (796244) RouteLoom: HIL LINK rx peer=3 type=32 cid=2065731346 current=0 status=5 seq=163
[2026-09-26T13:42:34.564Z] I (796317) RouteLoom: HIL LINK rx peer=1 type=32 cid=3139351763 current=0 status=5 seq=135
[2026-09-26T13:42:35.766Z] I (797519) RouteLoom: HIL LINK tx peer=1 type=32 cid=3445906384 seq=297
[2026-09-26T13:42:37.079Z] I (798831) RouteLoom: HIL LINK rx peer=1 type=40 cid=3139351763 current=0 status=5 seq=70
[2026-09-26T13:42:37.083Z] I (798835) RouteLoom: HIL PROBE tx peer=1 type=41 status=0 detail=ok
[2026-09-26T13:42:38.267Z] I (800020) RouteLoom: HIL LINK tx peer=3 type=32 cid=3131591193 seq=298
[2026-09-26T13:42:39.494Z] I (801247) RouteLoom: HIL LINK rx peer=3 type=32 cid=2065731346 current=0 status=5 seq=164
[2026-09-26T13:42:39.566Z] I (801318) RouteLoom: HIL LINK rx peer=1 type=32 cid=3139351763 current=0 status=5 seq=136
[2026-09-26T13:42:40.079Z] I (801832) RouteLoom: HIL PROBE tx peer=3 type=40 status=0 detail=ok
[2026-09-26T13:42:40.098Z] I (801850) RouteLoom: HIL LINK rx peer=3 type=41 cid=2065731346 current=0 status=5 seq=87
[2026-09-26T13:42:40.769Z] I (802522) RouteLoom: HIL LINK tx peer=1 type=32 cid=3445906384 seq=299
[2026-09-26T13:42:43.270Z] I (805023) RouteLoom: HIL LINK tx peer=3 type=32 cid=3131591193 seq=300
[2026-09-26T13:42:44.496Z] I (806248) RouteLoom: HIL LINK rx peer=3 type=32 cid=2065731346 current=0 status=5 seq=165
[2026-09-26T13:42:44.567Z] I (806319) RouteLoom: HIL LINK rx peer=1 type=32 cid=3139351763 current=0 status=5 seq=137
[2026-09-26T13:42:45.771Z] I (807524) RouteLoom: HIL LINK tx peer=1 type=32 cid=3445906384 seq=301
[2026-09-26T13:42:47.081Z] I (808834) RouteLoom: HIL PROBE tx peer=1 type=40 status=0 detail=ok
[2026-09-26T13:42:47.101Z] I (808854) RouteLoom: HIL LINK rx peer=1 type=41 cid=3139351763 current=0 status=5 seq=71
[2026-09-26T13:42:48.273Z] I (810026) RouteLoom: HIL LINK tx peer=3 type=32 cid=3131591193 seq=302
[2026-09-26T13:42:49.495Z] I (811247) RouteLoom: HIL LINK rx peer=3 type=32 cid=2065731346 current=0 status=5 seq=166
[2026-09-26T13:42:49.568Z] I (811320) RouteLoom: HIL LINK rx peer=1 type=32 cid=3139351763 current=0 status=5 seq=138
[2026-09-26T13:42:50.095Z] I (811847) RouteLoom: HIL LINK rx peer=3 type=40 cid=2065731346 current=0 status=5 seq=88
[2026-09-26T13:42:50.098Z] I (811851) RouteLoom: HIL PROBE tx peer=3 type=41 status=0 detail=ok
[2026-09-26T13:42:50.773Z] I (812526) RouteLoom: HIL LINK tx peer=1 type=32 cid=3445906384 seq=303
[2026-09-26T13:42:50.846Z] I (812598) RouteLoom: HIL LINK rx peer=1 type=16 cid=3139351763 current=0 status=5 seq=33
[2026-09-26T13:42:50.850Z] I (812602) RouteLoomRef: message origin=1 session=307 sequence=33 bytes=9
[2026-09-26T13:42:50.855Z] I (812605) RouteLoom: HIL LINK tx peer=1 type=17 cid=3445906384 seq=33
[2026-09-26T13:42:50.864Z] I (812616) RouteLoom: HIL LINK tx peer=1 type=18 cid=3445906384 seq=33
[2026-09-26T13:42:50.885Z] I (812637) RouteLoom: HIL LINK rx peer=1 type=17 cid=3139351763 current=0 status=5 seq=33
[2026-09-26T13:42:53.275Z] I (815027) RouteLoom: HIL LINK tx peer=3 type=32 cid=3131591193 seq=304
[2026-09-26T13:42:54.496Z] I (816248) RouteLoom: HIL LINK rx peer=3 type=32 cid=2065731346 current=0 status=5 seq=167
[2026-09-26T13:42:54.569Z] I (816321) RouteLoom: HIL LINK rx peer=1 type=32 cid=3139351763 current=0 status=5 seq=139
[2026-09-26T13:42:55.775Z] I (817527) RouteLoom: HIL LINK tx peer=1 type=32 cid=3445906384 seq=305
[2026-09-26T13:42:57.099Z] I (818851) RouteLoom: HIL LINK rx peer=1 type=40 cid=3139351763 current=0 status=5 seq=72
[2026-09-26T13:42:57.103Z] I (818855) RouteLoom: HIL PROBE tx peer=1 type=41 status=0 detail=ok
[2026-09-26T13:42:58.276Z] I (820028) RouteLoom: HIL LINK tx peer=3 type=32 cid=3131591193 seq=306
[2026-09-26T13:42:59.497Z] I (821249) RouteLoom: HIL LINK rx peer=3 type=32 cid=2065731346 current=0 status=5 seq=168
[2026-09-26T13:42:59.571Z] I (821323) RouteLoom: HIL LINK rx peer=1 type=32 cid=3139351763 current=0 status=5 seq=140
[2026-09-26T13:43:00.097Z] I (821849) RouteLoom: HIL PROBE tx peer=3 type=40 status=0 detail=ok
[2026-09-26T13:43:00.114Z] I (821866) RouteLoom: HIL LINK rx peer=3 type=41 cid=2065731346 current=0 status=5 seq=89
[2026-09-26T13:43:00.776Z] I (822528) RouteLoom: HIL LINK tx peer=1 type=32 cid=3445906384 seq=307
[2026-09-26T13:43:03.278Z] I (825030) RouteLoom: HIL LINK tx peer=3 type=32 cid=3131591193 seq=308
[2026-09-26T13:43:04.498Z] I (826249) RouteLoom: HIL LINK rx peer=3 type=32 cid=2065731346 current=0 status=5 seq=169
[2026-09-26T13:43:04.574Z] I (826325) RouteLoom: HIL LINK rx peer=1 type=32 cid=3139351763 current=0 status=5 seq=141
[2026-09-26T13:43:05.779Z] I (827531) RouteLoom: HIL LINK tx peer=1 type=32 cid=3445906384 seq=309
[2026-09-26T13:43:07.101Z] I (828853) RouteLoom: HIL PROBE tx peer=1 type=40 status=0 detail=ok
[2026-09-26T13:43:07.120Z] I (828871) RouteLoom: HIL LINK rx peer=1 type=41 cid=3139351763 current=0 status=5 seq=73
[2026-09-26T13:43:08.280Z] I (830032) RouteLoom: HIL LINK tx peer=3 type=32 cid=3131591193 seq=310
[2026-09-26T13:43:09.500Z] I (831251) RouteLoom: HIL LINK rx peer=3 type=32 cid=2065731346 current=0 status=5 seq=170
[2026-09-26T13:43:09.574Z] I (831326) RouteLoom: HIL LINK rx peer=1 type=32 cid=3139351763 current=0 status=5 seq=142
[2026-09-26T13:43:10.112Z] I (831864) RouteLoom: HIL LINK rx peer=3 type=40 cid=2065731346 current=0 status=5 seq=90
[2026-09-26T13:43:10.277Z] I (831868) RouteLoom: HIL PROBE tx peer=3 type=41 status=0 detail=ok
[2026-09-26T13:43:10.782Z] I (832534) RouteLoom: HIL LINK tx peer=1 type=32 cid=3445906384 seq=311
[2026-09-26T13:43:13.284Z] I (835036) RouteLoom: HIL LINK tx peer=3 type=32 cid=3131591193 seq=312
[2026-09-26T13:43:14.501Z] I (836252) RouteLoom: HIL LINK rx peer=3 type=32 cid=2065731346 current=0 status=5 seq=171
[2026-09-26T13:43:14.578Z] I (836328) RouteLoom: HIL LINK rx peer=1 type=32 cid=3139351763 current=0 status=5 seq=143
[2026-09-26T13:43:15.785Z] I (837537) RouteLoom: HIL LINK tx peer=1 type=32 cid=3445906384 seq=313
[2026-09-26T13:43:17.119Z] I (838870) RouteLoom: HIL LINK rx peer=1 type=40 cid=3139351763 current=0 status=5 seq=74
[2026-09-26T13:43:17.123Z] I (838874) RouteLoom: HIL PROBE tx peer=1 type=41 status=0 detail=ok
[2026-09-26T13:43:18.286Z] I (840038) RouteLoom: HIL LINK tx peer=3 type=32 cid=3131591193 seq=314
[2026-09-26T13:43:18.670Z] I (840422) RouteLoom: stack hwm main 11096 B
[2026-09-26T13:43:18.670Z] I (840422) RouteLoom: HIL HEAP free=21708 largest=18432 min=20932 B
[2026-09-26T13:43:18.680Z] I (840423) RouteLoom: HIL DISCOVERY candidates=0 neighbors=2 capacity=0 auth=2 stale=0 probes=82 send_failures=6 kind_rejects=0
[2026-09-26T13:43:18.687Z] I (840433) RouteLoom: HIL ROUTE peer=1 phase=5 via=1 metric=1 generation=307 seq=1
[2026-09-26T13:43:18.697Z] I (840440) RouteLoom: HIL ROUTE peer=3 phase=5 via=3 metric=1 generation=107 seq=1
[2026-09-26T13:43:19.501Z] I (841252) RouteLoom: HIL LINK rx peer=3 type=32 cid=2065731346 current=0 status=5 seq=172
[2026-09-26T13:43:19.580Z] I (841331) RouteLoom: HIL LINK rx peer=1 type=32 cid=3139351763 current=0 status=5 seq=144
[2026-09-26T13:43:20.115Z] I (841867) RouteLoom: HIL PROBE tx peer=3 type=40 status=0 detail=ok
[2026-09-26T13:43:20.134Z] I (841886) RouteLoom: HIL LINK rx peer=3 type=41 cid=2065731346 current=0 status=5 seq=91
[2026-09-26T13:43:20.787Z] I (842539) RouteLoom: HIL LINK tx peer=1 type=32 cid=3445906384 seq=315
[2026-09-26T13:43:23.289Z] I (845041) RouteLoom: HIL LINK tx peer=3 type=32 cid=3131591193 seq=316
[2026-09-26T13:43:24.503Z] I (846254) RouteLoom: HIL LINK rx peer=3 type=32 cid=2065731346 current=0 status=5 seq=173
[2026-09-26T13:43:24.580Z] I (846332) RouteLoom: HIL LINK rx peer=1 type=32 cid=3139351763 current=0 status=5 seq=145
[2026-09-26T13:43:25.791Z] I (847543) RouteLoom: HIL LINK tx peer=1 type=32 cid=3445906384 seq=317
[2026-09-26T13:43:27.120Z] I (848872) RouteLoom: HIL PROBE tx peer=1 type=40 status=0 detail=ok
[2026-09-26T13:43:27.139Z] I (848890) RouteLoom: HIL LINK rx peer=1 type=41 cid=3139351763 current=0 status=5 seq=75
[2026-09-26T13:43:27.851Z] I (849602) RouteLoom: HIL LINK rx peer=1 type=16 cid=3139351763 current=0 status=5 seq=34
[2026-09-26T13:43:27.857Z] I (849608) RouteLoom: HIL LINK tx peer=1 type=17 cid=3445906384 seq=34
[2026-09-26T13:43:27.867Z] I (849619) RouteLoom: HIL LINK tx peer=3 type=16 cid=3131591193 seq=34
[2026-09-26T13:43:27.889Z] I (849640) RouteLoom: HIL LINK rx peer=3 type=17 cid=2065731346 current=0 status=5 seq=34
[2026-09-26T13:43:27.900Z] I (849651) RouteLoom: HIL LINK rx peer=3 type=18 cid=2065731346 current=0 status=5 seq=34
[2026-09-26T13:43:27.905Z] I (849657) RouteLoom: HIL LINK tx peer=3 type=17 cid=3131591193 seq=34
[2026-09-26T13:43:27.917Z] I (849669) RouteLoom: HIL LINK tx peer=1 type=18 cid=3445906384 seq=34
[2026-09-26T13:43:27.938Z] I (849689) RouteLoom: HIL LINK rx peer=1 type=17 cid=3139351763 current=0 status=5 seq=34
[2026-09-26T13:43:28.291Z] I (850043) RouteLoom: HIL LINK tx peer=3 type=32 cid=3131591193 seq=318
[2026-09-26T13:43:29.505Z] I (851256) RouteLoom: HIL LINK rx peer=3 type=32 cid=2065731346 current=0 status=5 seq=174
[2026-09-26T13:43:29.582Z] I (851334) RouteLoom: HIL LINK rx peer=1 type=32 cid=3139351763 current=0 status=5 seq=146
[2026-09-26T13:43:30.135Z] I (851886) RouteLoom: HIL LINK rx peer=3 type=40 cid=2065731346 current=0 status=5 seq=92
[2026-09-26T13:43:30.138Z] I (851890) RouteLoom: HIL PROBE tx peer=3 type=41 status=0 detail=ok
[2026-09-26T13:43:30.792Z] I (852544) RouteLoom: HIL LINK tx peer=1 type=32 cid=3445906384 seq=319
[2026-09-26T13:43:33.294Z] I (855046) RouteLoom: HIL LINK tx peer=3 type=32 cid=3131591193 seq=320
[2026-09-26T13:43:34.506Z] I (856257) RouteLoom: HIL LINK rx peer=3 type=32 cid=2065731346 current=0 status=5 seq=175
[2026-09-26T13:43:34.582Z] I (856334) RouteLoom: HIL LINK rx peer=1 type=32 cid=3139351763 current=0 status=5 seq=147
[2026-09-26T13:43:35.797Z] I (857548) RouteLoom: HIL LINK tx peer=1 type=32 cid=3445906384 seq=321
[2026-09-26T13:43:37.139Z] I (858890) RouteLoom: HIL LINK rx peer=1 type=40 cid=3139351763 current=0 status=5 seq=76
[2026-09-26T13:43:37.143Z] I (858894) RouteLoom: HIL PROBE tx peer=1 type=41 status=0 detail=ok
[2026-09-26T13:43:38.297Z] I (860049) RouteLoom: HIL LINK tx peer=3 type=32 cid=3131591193 seq=322
[2026-09-26T13:43:39.508Z] I (861259) RouteLoom: HIL LINK rx peer=3 type=32 cid=2065731346 current=0 status=5 seq=176
[2026-09-26T13:43:39.584Z] I (861335) RouteLoom: HIL LINK rx peer=1 type=32 cid=3139351763 current=0 status=5 seq=148
[2026-09-26T13:43:40.137Z] I (861889) RouteLoom: HIL PROBE tx peer=3 type=40 status=0 detail=ok
[2026-09-26T13:43:40.154Z] I (861906) RouteLoom: HIL LINK rx peer=3 type=41 cid=2065731346 current=0 status=5 seq=93
[2026-09-26T13:43:40.798Z] I (862550) RouteLoom: HIL LINK tx peer=1 type=32 cid=3445906384 seq=323
[2026-09-26T13:43:43.300Z] I (865052) RouteLoom: HIL LINK tx peer=3 type=32 cid=3131591193 seq=324
[2026-09-26T13:43:44.508Z] I (866259) RouteLoom: HIL LINK rx peer=3 type=32 cid=2065731346 current=0 status=5 seq=177
[2026-09-26T13:43:44.587Z] I (866338) RouteLoom: HIL LINK rx peer=1 type=32 cid=3139351763 current=0 status=5 seq=149
[2026-09-26T13:43:45.801Z] I (867553) RouteLoom: HIL LINK tx peer=1 type=32 cid=3445906384 seq=325
[2026-09-26T13:43:47.141Z] I (868893) RouteLoom: HIL PROBE tx peer=1 type=40 status=0 detail=ok
[2026-09-26T13:43:47.164Z] I (868916) RouteLoom: HIL LINK rx peer=1 type=41 cid=3139351763 current=0 status=5 seq=77
[2026-09-26T13:43:48.303Z] I (870055) RouteLoom: HIL LINK tx peer=3 type=32 cid=3131591193 seq=326
[2026-09-26T13:43:49.509Z] I (871260) RouteLoom: HIL LINK rx peer=3 type=32 cid=2065731346 current=0 status=5 seq=178
[2026-09-26T13:43:49.587Z] I (871338) RouteLoom: HIL LINK rx peer=1 type=32 cid=3139351763 current=0 status=5 seq=150
[2026-09-26T13:43:50.155Z] I (871906) RouteLoom: HIL LINK rx peer=3 type=40 cid=2065731346 current=0 status=5 seq=94
[2026-09-26T13:43:50.158Z] I (871910) RouteLoom: HIL PROBE tx peer=3 type=41 status=0 detail=ok
[2026-09-26T13:43:50.805Z] I (872557) RouteLoom: HIL LINK tx peer=1 type=32 cid=3445906384 seq=327
[2026-09-26T13:43:53.307Z] I (875059) RouteLoom: HIL LINK tx peer=3 type=32 cid=3131591193 seq=328
[2026-09-26T13:43:54.510Z] I (876261) RouteLoom: HIL LINK rx peer=3 type=32 cid=2065731346 current=0 status=5 seq=179
[2026-09-26T13:43:54.588Z] I (876339) RouteLoom: HIL LINK rx peer=1 type=32 cid=3139351763 current=0 status=5 seq=151
[2026-09-26T13:43:55.808Z] I (877559) RouteLoom: HIL LINK tx peer=1 type=32 cid=3445906384 seq=329
[2026-09-26T13:43:57.159Z] I (878910) RouteLoom: HIL LINK rx peer=1 type=40 cid=3139351763 current=0 status=5 seq=78
[2026-09-26T13:43:57.163Z] I (878914) RouteLoom: HIL PROBE tx peer=1 type=41 status=0 detail=ok
[2026-09-26T13:43:58.309Z] I (880060) RouteLoom: HIL LINK tx peer=3 type=32 cid=3131591193 seq=330
[2026-09-26T13:43:59.511Z] I (881262) RouteLoom: HIL LINK rx peer=3 type=32 cid=2065731346 current=0 status=5 seq=180
[2026-09-26T13:43:59.588Z] I (881339) RouteLoom: HIL LINK rx peer=1 type=32 cid=3139351763 current=0 status=5 seq=152
[2026-09-26T13:44:00.155Z] I (881907) RouteLoom: HIL PROBE tx peer=3 type=40 status=0 detail=ok
[2026-09-26T13:44:00.173Z] I (881924) RouteLoom: HIL LINK rx peer=3 type=41 cid=2065731346 current=0 status=5 seq=95
[2026-09-26T13:44:00.811Z] I (882562) RouteLoom: HIL LINK tx peer=1 type=32 cid=3445906384 seq=331
[2026-09-26T13:44:03.313Z] I (885064) RouteLoom: HIL LINK tx peer=3 type=32 cid=3131591193 seq=332
[2026-09-26T13:44:04.511Z] I (886262) RouteLoom: HIL LINK rx peer=3 type=32 cid=2065731346 current=0 status=5 seq=181
[2026-09-26T13:44:04.591Z] I (886341) RouteLoom: HIL LINK rx peer=1 type=32 cid=3139351763 current=0 status=5 seq=153
[2026-09-26T13:44:04.847Z] I (886598) RouteLoom: HIL LINK rx peer=1 type=16 cid=3139351763 current=0 status=5 seq=35
[2026-09-26T13:44:04.851Z] I (886602) RouteLoomRef: message origin=1 session=307 sequence=35 bytes=9
[2026-09-26T13:44:04.857Z] I (886605) RouteLoom: HIL LINK tx peer=1 type=17 cid=3445906384 seq=35
[2026-09-26T13:44:04.865Z] I (886617) RouteLoom: HIL LINK tx peer=1 type=18 cid=3445906384 seq=35
[2026-09-26T13:44:04.886Z] I (886637) RouteLoom: HIL LINK rx peer=1 type=17 cid=3139351763 current=0 status=5 seq=35
[2026-09-26T13:44:05.813Z] I (887564) RouteLoom: HIL LINK tx peer=1 type=32 cid=3445906384 seq=333
[2026-09-26T13:44:07.162Z] I (888913) RouteLoom: HIL PROBE tx peer=1 type=40 status=0 detail=ok
[2026-09-26T13:44:07.180Z] I (888931) RouteLoom: HIL LINK rx peer=1 type=41 cid=3139351763 current=0 status=5 seq=79
[2026-09-26T13:44:08.314Z] I (890065) RouteLoom: HIL LINK tx peer=3 type=32 cid=3131591193 seq=334
[2026-09-26T13:44:09.513Z] I (891264) RouteLoom: HIL LINK rx peer=3 type=32 cid=2065731346 current=0 status=5 seq=182
[2026-09-26T13:44:09.592Z] I (891343) RouteLoom: HIL LINK rx peer=1 type=32 cid=3139351763 current=0 status=5 seq=154
[2026-09-26T13:44:10.170Z] I (891921) RouteLoom: HIL LINK rx peer=3 type=40 cid=2065731346 current=0 status=5 seq=96
[2026-09-26T13:44:10.174Z] I (891925) RouteLoom: HIL PROBE tx peer=3 type=41 status=0 detail=ok
[2026-09-26T13:44:10.815Z] I (892567) RouteLoom: HIL LINK tx peer=1 type=32 cid=3445906384 seq=335
[2026-09-26T13:44:13.318Z] I (895069) RouteLoom: HIL LINK tx peer=3 type=32 cid=3131591193 seq=336
[2026-09-26T13:44:14.515Z] I (896265) RouteLoom: HIL LINK rx peer=3 type=32 cid=2065731346 current=0 status=5 seq=183
[2026-09-26T13:44:14.594Z] I (896344) RouteLoom: HIL LINK rx peer=1 type=32 cid=3139351763 current=0 status=5 seq=155
[2026-09-26T13:44:15.820Z] I (897571) RouteLoom: HIL LINK tx peer=1 type=32 cid=3445906384 seq=337
[2026-09-26T13:44:17.178Z] I (898928) RouteLoom: HIL LINK rx peer=1 type=40 cid=3139351763 current=0 status=5 seq=80
[2026-09-26T13:44:17.181Z] I (898932) RouteLoom: HIL PROBE tx peer=1 type=41 status=0 detail=ok
[2026-09-26T13:44:18.321Z] I (900072) RouteLoom: HIL LINK tx peer=3 type=32 cid=3131591193 seq=338
[2026-09-26T13:44:18.672Z] I (900423) RouteLoom: stack hwm main 11096 B
[2026-09-26T13:44:18.672Z] I (900423) RouteLoom: HIL HEAP free=21708 largest=18432 min=20932 B
[2026-09-26T13:44:18.682Z] I (900424) RouteLoom: HIL DISCOVERY candidates=0 neighbors=2 capacity=0 auth=2 stale=0 probes=88 send_failures=6 kind_rejects=0
[2026-09-26T13:44:18.690Z] I (900434) RouteLoom: HIL ROUTE peer=1 phase=5 via=1 metric=1 generation=307 seq=1
[2026-09-26T13:44:18.697Z] I (900441) RouteLoom: HIL ROUTE peer=3 phase=5 via=3 metric=1 generation=107 seq=1
[2026-09-26T13:44:19.515Z] I (901265) RouteLoom: HIL LINK rx peer=3 type=32 cid=2065731346 current=0 status=5 seq=184
[2026-09-26T13:44:19.595Z] I (901346) RouteLoom: HIL LINK rx peer=1 type=32 cid=3139351763 current=0 status=5 seq=156
[2026-09-26T13:44:20.172Z] I (901923) RouteLoom: HIL PROBE tx peer=3 type=40 status=0 detail=ok
[2026-09-26T13:44:20.189Z] I (901940) RouteLoom: HIL LINK rx peer=3 type=41 cid=2065731346 current=0 status=5 seq=97
[2026-09-26T13:44:20.821Z] I (902572) RouteLoom: HIL LINK tx peer=1 type=32 cid=3445906384 seq=339
[2026-09-26T13:44:23.323Z] I (905074) RouteLoom: HIL LINK tx peer=3 type=32 cid=3131591193 seq=340
[2026-09-26T13:44:24.517Z] I (906267) RouteLoom: HIL LINK rx peer=3 type=32 cid=2065731346 current=0 status=5 seq=185
[2026-09-26T13:44:24.596Z] I (906347) RouteLoom: HIL LINK rx peer=1 type=32 cid=3139351763 current=0 status=5 seq=157
[2026-09-26T13:44:25.825Z] I (907576) RouteLoom: HIL LINK tx peer=1 type=32 cid=3445906384 seq=341
[2026-09-26T13:44:27.180Z] I (908931) RouteLoom: HIL PROBE tx peer=1 type=40 status=0 detail=ok
[2026-09-26T13:44:27.199Z] I (908949) RouteLoom: HIL LINK rx peer=1 type=41 cid=3139351763 current=0 status=5 seq=81
[2026-09-26T13:44:28.326Z] I (910077) RouteLoom: HIL LINK tx peer=3 type=32 cid=3131591193 seq=342
[2026-09-26T13:44:29.519Z] I (911269) RouteLoom: HIL LINK rx peer=3 type=32 cid=2065731346 current=0 status=5 seq=186
[2026-09-26T13:44:29.596Z] I (911347) RouteLoom: HIL LINK rx peer=1 type=32 cid=3139351763 current=0 status=5 seq=158
[2026-09-26T13:44:30.188Z] I (911938) RouteLoom: HIL LINK rx peer=3 type=40 cid=2065731346 current=0 status=5 seq=98
[2026-09-26T13:44:30.192Z] I (911942) RouteLoom: HIL PROBE tx peer=3 type=41 status=0 detail=ok
[2026-09-26T13:44:30.827Z] I (912578) RouteLoom: HIL LINK tx peer=1 type=32 cid=3445906384 seq=343
[2026-09-26T13:44:33.329Z] I (915080) RouteLoom: HIL LINK tx peer=3 type=32 cid=3131591193 seq=344
[2026-09-26T13:44:34.519Z] I (916270) RouteLoom: HIL LINK rx peer=3 type=32 cid=2065731346 current=0 status=5 seq=187
[2026-09-26T13:44:34.598Z] I (916348) RouteLoom: HIL LINK rx peer=1 type=32 cid=3139351763 current=0 status=5 seq=159
[2026-09-26T13:44:35.829Z] I (917580) RouteLoom: HIL LINK tx peer=1 type=32 cid=3445906384 seq=345
[2026-09-26T13:44:37.199Z] I (918949) RouteLoom: HIL LINK rx peer=1 type=40 cid=3139351763 current=0 status=5 seq=82
[2026-09-26T13:44:37.207Z] I (918953) RouteLoom: HIL PROBE tx peer=1 type=41 status=0 detail=ok
[2026-09-26T13:44:38.335Z] I (920081) RouteLoom: HIL LINK tx peer=3 type=32 cid=3131591193 seq=346
[2026-09-26T13:44:39.521Z] I (921271) RouteLoom: HIL LINK rx peer=3 type=32 cid=2065731346 current=0 status=5 seq=188
[2026-09-26T13:44:39.599Z] I (921349) RouteLoom: HIL LINK rx peer=1 type=32 cid=3139351763 current=0 status=5 seq=160
[2026-09-26T13:44:40.190Z] I (921941) RouteLoom: HIL PROBE tx peer=3 type=40 status=0 detail=ok
[2026-09-26T13:44:40.209Z] I (921959) RouteLoom: HIL LINK rx peer=3 type=41 cid=2065731346 current=0 status=5 seq=99
[2026-09-26T13:44:40.832Z] I (922583) RouteLoom: HIL LINK tx peer=1 type=32 cid=3445906384 seq=347
[2026-09-26T13:44:41.854Z] I (923604) RouteLoom: HIL LINK rx peer=1 type=16 cid=3139351763 current=0 status=5 seq=36
[2026-09-26T13:44:41.859Z] I (923610) RouteLoom: HIL LINK tx peer=1 type=17 cid=3445906384 seq=36
[2026-09-26T13:44:41.870Z] I (923621) RouteLoom: HIL LINK tx peer=3 type=16 cid=3131591193 seq=36
[2026-09-26T13:44:41.890Z] I (923641) RouteLoom: HIL LINK rx peer=3 type=17 cid=2065731346 current=0 status=5 seq=36
[2026-09-26T13:44:41.903Z] I (923653) RouteLoom: HIL LINK rx peer=3 type=18 cid=2065731346 current=0 status=5 seq=36
[2026-09-26T13:44:41.908Z] I (923659) RouteLoom: HIL LINK tx peer=3 type=17 cid=3131591193 seq=36
[2026-09-26T13:44:41.924Z] I (923673) RouteLoom: HIL LINK tx peer=1 type=18 cid=3445906384 seq=36
[2026-09-26T13:44:41.943Z] I (923693) RouteLoom: HIL LINK rx peer=1 type=17 cid=3139351763 current=0 status=5 seq=36
[2026-09-26T13:44:43.334Z] I (925085) RouteLoom: HIL LINK tx peer=3 type=32 cid=3131591193 seq=348
[2026-09-26T13:44:44.523Z] I (926273) RouteLoom: HIL LINK rx peer=3 type=32 cid=2065731346 current=0 status=5 seq=189
[2026-09-26T13:44:44.601Z] I (926351) RouteLoom: HIL LINK rx peer=1 type=32 cid=3139351763 current=0 status=5 seq=161
[2026-09-26T13:44:45.836Z] I (927587) RouteLoom: HIL LINK tx peer=1 type=32 cid=3445906384 seq=349
[2026-09-26T13:44:47.200Z] I (928951) RouteLoom: HIL PROBE tx peer=1 type=40 status=0 detail=ok
[2026-09-26T13:44:47.219Z] I (928969) RouteLoom: HIL LINK rx peer=1 type=41 cid=3139351763 current=0 status=5 seq=83
[2026-09-26T13:44:48.337Z] I (930088) RouteLoom: HIL LINK tx peer=3 type=32 cid=3131591193 seq=350
[2026-09-26T13:44:49.522Z] I (931272) RouteLoom: HIL LINK rx peer=3 type=32 cid=2065731346 current=0 status=5 seq=190
[2026-09-26T13:44:49.601Z] I (931352) RouteLoom: HIL LINK rx peer=1 type=32 cid=3139351763 current=0 status=5 seq=162
[2026-09-26T13:44:50.206Z] I (931956) RouteLoom: HIL LINK rx peer=3 type=40 cid=2065731346 current=0 status=5 seq=100
[2026-09-26T13:44:50.210Z] I (931960) RouteLoom: HIL PROBE tx peer=3 type=41 status=0 detail=ok
[2026-09-26T13:44:50.839Z] I (932590) RouteLoom: HIL LINK tx peer=1 type=32 cid=3445906384 seq=351
[2026-09-26T13:44:53.341Z] I (935092) RouteLoom: HIL LINK tx peer=3 type=32 cid=3131591193 seq=352
[2026-09-26T13:44:54.523Z] I (936273) RouteLoom: HIL LINK rx peer=3 type=32 cid=2065731346 current=0 status=5 seq=191
[2026-09-26T13:44:54.601Z] I (936352) RouteLoom: HIL LINK rx peer=1 type=32 cid=3139351763 current=0 status=5 seq=163
[2026-09-26T13:44:55.842Z] I (937593) RouteLoom: HIL LINK tx peer=1 type=32 cid=3445906384 seq=353
[2026-09-26T13:44:57.218Z] I (938968) RouteLoom: HIL LINK rx peer=1 type=40 cid=3139351763 current=0 status=5 seq=84
[2026-09-26T13:44:57.222Z] I (938972) RouteLoom: HIL PROBE tx peer=1 type=41 status=0 detail=ok
[2026-09-26T13:44:58.343Z] I (940094) RouteLoom: HIL LINK tx peer=3 type=32 cid=3131591193 seq=354
[2026-09-26T13:44:59.527Z] I (941277) RouteLoom: HIL LINK rx peer=3 type=32 cid=2065731346 current=0 status=5 seq=192
[2026-09-26T13:44:59.603Z] I (941354) RouteLoom: HIL LINK rx peer=1 type=32 cid=3139351763 current=0 status=5 seq=164
[2026-09-26T13:45:00.207Z] I (941958) RouteLoom: HIL PROBE tx peer=3 type=40 status=0 detail=ok
[2026-09-26T13:45:00.224Z] I (941975) RouteLoom: HIL LINK rx peer=3 type=41 cid=2065731346 current=0 status=5 seq=101
[2026-09-26T13:45:00.844Z] I (942595) RouteLoom: HIL LINK tx peer=1 type=32 cid=3445906384 seq=355
[2026-09-26T13:45:03.346Z] I (945097) RouteLoom: HIL LINK tx peer=3 type=32 cid=3131591193 seq=356
[2026-09-26T13:45:04.525Z] I (946275) RouteLoom: HIL LINK rx peer=3 type=32 cid=2065731346 current=0 status=5 seq=193
[2026-09-26T13:45:04.605Z] I (946355) RouteLoom: HIL LINK rx peer=1 type=32 cid=3139351763 current=0 status=5 seq=165
[2026-09-26T13:45:05.848Z] I (947599) RouteLoom: HIL LINK tx peer=1 type=32 cid=3445906384 seq=357
[2026-09-26T13:45:07.221Z] I (948972) RouteLoom: HIL PROBE tx peer=1 type=40 status=0 detail=ok
[2026-09-26T13:45:07.240Z] I (948990) RouteLoom: HIL LINK rx peer=1 type=41 cid=3139351763 current=0 status=5 seq=85
[2026-09-26T13:45:08.351Z] I (950100) RouteLoom: HIL LINK tx peer=3 type=32 cid=3131591193 seq=358
[2026-09-26T13:45:09.527Z] I (951277) RouteLoom: HIL LINK rx peer=3 type=32 cid=2065731346 current=0 status=5 seq=194
[2026-09-26T13:45:09.605Z] I (951355) RouteLoom: HIL LINK rx peer=1 type=32 cid=3139351763 current=0 status=5 seq=166
[2026-09-26T13:45:10.224Z] I (951974) RouteLoom: HIL LINK rx peer=3 type=40 cid=2065731346 current=0 status=5 seq=102
[2026-09-26T13:45:10.228Z] I (951978) RouteLoom: HIL PROBE tx peer=3 type=41 status=0 detail=ok
[2026-09-26T13:45:10.852Z] I (952602) RouteLoom: HIL LINK tx peer=1 type=32 cid=3445906384 seq=359
[2026-09-26T13:45:13.354Z] I (955104) RouteLoom: HIL LINK tx peer=3 type=32 cid=3131591193 seq=360
[2026-09-26T13:45:14.529Z] I (956279) RouteLoom: HIL LINK rx peer=3 type=32 cid=2065731346 current=0 status=5 seq=195
[2026-09-26T13:45:14.606Z] I (956356) RouteLoom: HIL LINK rx peer=1 type=32 cid=3139351763 current=0 status=5 seq=167
[2026-09-26T13:45:15.855Z] I (957606) RouteLoom: HIL LINK tx peer=1 type=32 cid=3445906384 seq=361
[2026-09-26T13:45:17.240Z] I (958990) RouteLoom: HIL LINK rx peer=1 type=40 cid=3139351763 current=0 status=5 seq=86
[2026-09-26T13:45:17.244Z] I (958994) RouteLoom: HIL PROBE tx peer=1 type=41 status=0 detail=ok
[2026-09-26T13:45:18.357Z] I (960107) RouteLoom: HIL LINK tx peer=3 type=32 cid=3131591193 seq=362
[2026-09-26T13:45:18.675Z] I (960425) RouteLoom: stack hwm main 11096 B
[2026-09-26T13:45:18.675Z] I (960425) RouteLoom: HIL HEAP free=21708 largest=18432 min=20932 B
[2026-09-26T13:45:18.685Z] I (960426) RouteLoom: HIL DISCOVERY candidates=0 neighbors=2 capacity=0 auth=2 stale=0 probes=94 send_failures=6 kind_rejects=0
[2026-09-26T13:45:18.692Z] I (960436) RouteLoom: HIL ROUTE peer=1 phase=5 via=1 metric=1 generation=307 seq=1
[2026-09-26T13:45:18.700Z] I (960443) RouteLoom: HIL ROUTE peer=3 phase=5 via=3 metric=1 generation=107 seq=1
[2026-09-26T13:45:18.848Z] I (960598) RouteLoom: HIL LINK rx peer=1 type=16 cid=3139351763 current=0 status=5 seq=37
[2026-09-26T13:45:18.852Z] I (960602) RouteLoomRef: message origin=1 session=307 sequence=37 bytes=9
[2026-09-26T13:45:18.858Z] I (960606) RouteLoom: HIL LINK tx peer=1 type=17 cid=3445906384 seq=37
[2026-09-26T13:45:18.867Z] I (960617) RouteLoom: HIL LINK tx peer=1 type=18 cid=3445906384 seq=37
[2026-09-26T13:45:18.887Z] I (960637) RouteLoom: HIL LINK rx peer=1 type=17 cid=3139351763 current=0 status=5 seq=37
[2026-09-26T13:45:19.529Z] I (961279) RouteLoom: HIL LINK rx peer=3 type=32 cid=2065731346 current=0 status=5 seq=196
[2026-09-26T13:45:19.609Z] I (961358) RouteLoom: HIL LINK rx peer=1 type=32 cid=3139351763 current=0 status=5 seq=168
[2026-09-26T13:45:20.228Z] I (961978) RouteLoom: HIL PROBE tx peer=3 type=40 status=0 detail=ok
[2026-09-26T13:45:20.245Z] I (961995) RouteLoom: HIL LINK rx peer=3 type=41 cid=2065731346 current=0 status=5 seq=103
[2026-09-26T13:45:20.859Z] I (962609) RouteLoom: HIL LINK tx peer=1 type=32 cid=3445906384 seq=363
[2026-09-26T13:45:23.361Z] I (965111) RouteLoom: HIL LINK tx peer=3 type=32 cid=3131591193 seq=364
[2026-09-26T13:45:24.530Z] I (966280) RouteLoom: HIL LINK rx peer=3 type=32 cid=2065731346 current=0 status=5 seq=197
[2026-09-26T13:45:24.609Z] I (966359) RouteLoom: HIL LINK rx peer=1 type=32 cid=3139351763 current=0 status=5 seq=169
[2026-09-26T13:45:25.862Z] I (967612) RouteLoom: HIL LINK tx peer=1 type=32 cid=3445906384 seq=365
[2026-09-26T13:45:27.244Z] I (968994) RouteLoom: HIL PROBE tx peer=1 type=40 status=0 detail=ok
[2026-09-26T13:45:27.263Z] I (969012) RouteLoom: HIL LINK rx peer=1 type=41 cid=3139351763 current=0 status=5 seq=87
[2026-09-26T13:45:28.363Z] I (970113) RouteLoom: HIL LINK tx peer=3 type=32 cid=3131591193 seq=366
[2026-09-26T13:45:29.532Z] I (971281) RouteLoom: HIL LINK rx peer=3 type=32 cid=2065731346 current=0 status=5 seq=198
[2026-09-26T13:45:29.609Z] I (971359) RouteLoom: HIL LINK rx peer=1 type=32 cid=3139351763 current=0 status=5 seq=170
[2026-09-26T13:45:30.243Z] I (971992) RouteLoom: HIL LINK rx peer=3 type=40 cid=2065731346 current=0 status=5 seq=104
[2026-09-26T13:45:30.246Z] I (971996) RouteLoom: HIL PROBE tx peer=3 type=41 status=0 detail=ok
[2026-09-26T13:45:30.864Z] I (972614) RouteLoom: HIL LINK tx peer=1 type=32 cid=3445906384 seq=367
[2026-09-26T13:45:33.366Z] I (975116) RouteLoom: HIL LINK tx peer=3 type=32 cid=3131591193 seq=368
[2026-09-26T13:45:34.532Z] I (976282) RouteLoom: HIL LINK rx peer=3 type=32 cid=2065731346 current=0 status=5 seq=199
[2026-09-26T13:45:34.611Z] I (976360) RouteLoom: HIL LINK rx peer=1 type=32 cid=3139351763 current=0 status=5 seq=171
[2026-09-26T13:45:35.867Z] I (977617) RouteLoom: HIL LINK tx peer=1 type=32 cid=3445906384 seq=369
[2026-09-26T13:45:37.261Z] I (979011) RouteLoom: HIL LINK rx peer=1 type=40 cid=3139351763 current=0 status=5 seq=88
[2026-09-26T13:45:37.265Z] I (979014) RouteLoom: HIL PROBE tx peer=1 type=41 status=0 detail=ok
[2026-09-26T13:45:38.371Z] I (980118) RouteLoom: HIL LINK tx peer=3 type=32 cid=3131591193 seq=370
[2026-09-26T13:45:39.534Z] I (981283) RouteLoom: HIL LINK rx peer=3 type=32 cid=2065731346 current=0 status=5 seq=200
[2026-09-26T13:45:39.613Z] I (981362) RouteLoom: HIL LINK rx peer=1 type=32 cid=3139351763 current=0 status=5 seq=172
[2026-09-26T13:45:40.244Z] I (981994) RouteLoom: HIL PROBE tx peer=3 type=40 status=0 detail=ok
[2026-09-26T13:45:40.261Z] I (982011) RouteLoom: HIL LINK rx peer=3 type=41 cid=2065731346 current=0 status=5 seq=105
[2026-09-26T13:45:40.869Z] I (982619) RouteLoom: HIL LINK tx peer=1 type=32 cid=3445906384 seq=371
[2026-09-26T13:45:43.371Z] I (985121) RouteLoom: HIL LINK tx peer=3 type=32 cid=3131591193 seq=372
[2026-09-26T13:45:44.534Z] I (986284) RouteLoom: HIL LINK rx peer=3 type=32 cid=2065731346 current=0 status=5 seq=201
[2026-09-26T13:45:44.614Z] I (986364) RouteLoom: HIL LINK rx peer=1 type=32 cid=3139351763 current=0 status=5 seq=173
[2026-09-26T13:45:45.873Z] I (987623) RouteLoom: HIL LINK tx peer=1 type=32 cid=3445906384 seq=373
[2026-09-26T13:45:47.264Z] I (989014) RouteLoom: HIL PROBE tx peer=1 type=40 status=0 detail=ok
[2026-09-26T13:45:47.283Z] I (989032) RouteLoom: HIL LINK rx peer=1 type=41 cid=3139351763 current=0 status=5 seq=89
[2026-09-26T13:45:48.374Z] I (990124) RouteLoom: HIL LINK tx peer=3 type=32 cid=3131591193 seq=374
[2026-09-26T13:45:49.537Z] I (991286) RouteLoom: HIL LINK rx peer=3 type=32 cid=2065731346 current=0 status=5 seq=202
[2026-09-26T13:45:49.614Z] I (991364) RouteLoom: HIL LINK rx peer=1 type=32 cid=3139351763 current=0 status=5 seq=174
[2026-09-26T13:45:50.262Z] I (992010) RouteLoom: HIL LINK rx peer=3 type=40 cid=2065731346 current=0 status=5 seq=106
[2026-09-26T13:45:50.265Z] I (992014) RouteLoom: HIL PROBE tx peer=3 type=41 status=0 detail=ok
[2026-09-26T13:45:50.876Z] I (992626) RouteLoom: HIL LINK tx peer=1 type=32 cid=3445906384 seq=375
[2026-09-26T13:45:53.378Z] I (995128) RouteLoom: HIL LINK tx peer=3 type=32 cid=3131591193 seq=376
[2026-09-26T13:45:54.538Z] I (996288) RouteLoom: HIL LINK rx peer=3 type=32 cid=2065731346 current=0 status=5 seq=203
[2026-09-26T13:45:54.616Z] I (996365) RouteLoom: HIL LINK rx peer=1 type=32 cid=3139351763 current=0 status=5 seq=175
[2026-09-26T13:45:55.849Z] I (997598) RouteLoom: HIL LINK rx peer=1 type=16 cid=3139351763 current=0 status=5 seq=38
[2026-09-26T13:45:55.857Z] I (997604) RouteLoom: HIL LINK tx peer=1 type=17 cid=3445906384 seq=38
[2026-09-26T13:45:55.865Z] I (997615) RouteLoom: HIL LINK tx peer=3 type=16 cid=3131591193 seq=38
[2026-09-26T13:45:55.879Z] I (997629) RouteLoom: HIL LINK tx peer=1 type=32 cid=3445906384 seq=377
[2026-09-26T13:45:55.894Z] I (997643) RouteLoom: HIL LINK rx peer=3 type=17 cid=2065731346 current=0 status=5 seq=38
[2026-09-26T13:45:55.907Z] I (997656) RouteLoom: HIL LINK rx peer=3 type=18 cid=2065731346 current=0 status=5 seq=38
[2026-09-26T13:45:55.913Z] I (997662) RouteLoom: HIL LINK tx peer=3 type=17 cid=3131591193 seq=38
[2026-09-26T13:45:55.926Z] I (997676) RouteLoom: HIL LINK tx peer=1 type=18 cid=3445906384 seq=38
[2026-09-26T13:45:55.947Z] I (997696) RouteLoom: HIL LINK rx peer=1 type=17 cid=3139351763 current=0 status=5 seq=38
[2026-09-26T13:45:57.281Z] I (999030) RouteLoom: HIL LINK rx peer=1 type=40 cid=3139351763 current=0 status=5 seq=90
[2026-09-26T13:45:57.284Z] I (999034) RouteLoom: HIL PROBE tx peer=1 type=41 status=0 detail=ok
[2026-09-26T13:45:58.379Z] I (1000129) RouteLoom: HIL LINK tx peer=3 type=32 cid=3131591193 seq=378
[2026-09-26T13:45:59.539Z] I (1001288) RouteLoom: HIL LINK rx peer=3 type=32 cid=2065731346 current=0 status=5 seq=204
[2026-09-26T13:45:59.618Z] I (1001367) RouteLoom: HIL LINK rx peer=1 type=32 cid=3139351763 current=0 status=5 seq=176
[2026-09-26T13:46:00.264Z] I (1002014) RouteLoom: HIL PROBE tx peer=3 type=40 status=0 detail=ok
[2026-09-26T13:46:00.282Z] I (1002031) RouteLoom: HIL LINK rx peer=3 type=41 cid=2065731346 current=0 status=5 seq=107
[2026-09-26T13:46:00.880Z] I (1002630) RouteLoom: HIL LINK tx peer=1 type=32 cid=3445906384 seq=379
[2026-09-26T13:46:03.382Z] I (1005132) RouteLoom: HIL LINK tx peer=3 type=32 cid=3131591193 seq=380
[2026-09-26T13:46:04.539Z] I (1006289) RouteLoom: HIL LINK rx peer=3 type=32 cid=2065731346 current=0 status=5 seq=205
[2026-09-26T13:46:04.620Z] I (1006369) RouteLoom: HIL LINK rx peer=1 type=32 cid=3139351763 current=0 status=5 seq=177
[2026-09-26T13:46:05.884Z] I (1007634) RouteLoom: HIL LINK tx peer=1 type=32 cid=3445906384 seq=381
[2026-09-26T13:46:07.284Z] I (1009034) RouteLoom: HIL PROBE tx peer=1 type=40 status=0 detail=ok
[2026-09-26T13:46:07.303Z] I (1009052) RouteLoom: HIL LINK rx peer=1 type=41 cid=3139351763 current=0 status=5 seq=91
[2026-09-26T13:46:08.385Z] I (1010135) RouteLoom: HIL LINK tx peer=3 type=32 cid=3131591193 seq=382
[2026-09-26T13:46:09.540Z] I (1011290) RouteLoom: HIL LINK rx peer=3 type=32 cid=2065731346 current=0 status=5 seq=206
[2026-09-26T13:46:09.620Z] I (1011369) RouteLoom: HIL LINK rx peer=1 type=32 cid=3139351763 current=0 status=5 seq=178
[2026-09-26T13:46:10.279Z] I (1012028) RouteLoom: HIL LINK rx peer=3 type=40 cid=2065731346 current=0 status=5 seq=108
[2026-09-26T13:46:10.283Z] I (1012032) RouteLoom: HIL PROBE tx peer=3 type=41 status=0 detail=ok
[2026-09-26T13:46:10.885Z] I (1012635) RouteLoom: HIL LINK tx peer=1 type=32 cid=3445906384 seq=383
[2026-09-26T13:46:13.387Z] I (1015137) RouteLoom: HIL LINK tx peer=3 type=32 cid=3131591193 seq=384
[2026-09-26T13:46:14.543Z] I (1016292) RouteLoom: HIL LINK rx peer=3 type=32 cid=2065731346 current=0 status=5 seq=207
[2026-09-26T13:46:14.625Z] I (1016374) RouteLoom: HIL LINK rx peer=1 type=32 cid=3139351763 current=0 status=5 seq=179
[2026-09-26T13:46:15.887Z] I (1017637) RouteLoom: HIL LINK tx peer=1 type=32 cid=3445906384 seq=385
[2026-09-26T13:46:17.302Z] I (1019051) RouteLoom: HIL LINK rx peer=1 type=40 cid=3139351763 current=0 status=5 seq=92
[2026-09-26T13:46:17.306Z] I (1019055) RouteLoom: HIL PROBE tx peer=1 type=41 status=0 detail=ok
[2026-09-26T13:46:18.388Z] I (1020138) RouteLoom: HIL LINK tx peer=3 type=32 cid=3131591193 seq=386
[2026-09-26T13:46:18.677Z] I (1020426) RouteLoom: stack hwm main 11096 B
[2026-09-26T13:46:18.677Z] I (1020426) RouteLoom: HIL HEAP free=21708 largest=18432 min=20932 B
[2026-09-26T13:46:18.687Z] I (1020427) RouteLoom: HIL DISCOVERY candidates=0 neighbors=2 capacity=0 auth=2 stale=0 probes=100 send_failures=6 kind_rejects=0
[2026-09-26T13:46:18.695Z] I (1020437) RouteLoom: HIL ROUTE peer=1 phase=5 via=1 metric=1 generation=307 seq=1
[2026-09-26T13:46:18.702Z] I (1020444) RouteLoom: HIL ROUTE peer=3 phase=5 via=3 metric=1 generation=107 seq=1
[2026-09-26T13:46:19.544Z] I (1021293) RouteLoom: HIL LINK rx peer=3 type=32 cid=2065731346 current=0 status=5 seq=208
[2026-09-26T13:46:19.624Z] I (1021373) RouteLoom: HIL LINK rx peer=1 type=32 cid=3139351763 current=0 status=5 seq=180
[2026-09-26T13:46:20.282Z] I (1022031) RouteLoom: HIL PROBE tx peer=3 type=40 status=0 detail=ok
[2026-09-26T13:46:20.300Z] I (1022049) RouteLoom: HIL LINK rx peer=3 type=41 cid=2065731346 current=0 status=5 seq=109
[2026-09-26T13:46:20.890Z] I (1022640) RouteLoom: HIL LINK tx peer=1 type=32 cid=3445906384 seq=387
[2026-09-26T13:46:23.393Z] I (1025142) RouteLoom: HIL LINK tx peer=3 type=32 cid=3131591193 seq=388
[2026-09-26T13:46:24.543Z] I (1026292) RouteLoom: HIL LINK rx peer=3 type=32 cid=2065731346 current=0 status=5 seq=209
[2026-09-26T13:46:24.625Z] I (1026374) RouteLoom: HIL LINK rx peer=1 type=32 cid=3139351763 current=0 status=5 seq=181
[2026-09-26T13:46:25.894Z] I (1027643) RouteLoom: HIL LINK tx peer=1 type=32 cid=3445906384 seq=389
[2026-09-26T13:46:27.306Z] I (1029055) RouteLoom: HIL PROBE tx peer=1 type=40 status=0 detail=ok
[2026-09-26T13:46:27.324Z] I (1029073) RouteLoom: HIL LINK rx peer=1 type=40 cid=3139351763 current=0 status=5 seq=93
[2026-09-26T13:46:27.328Z] I (1029077) RouteLoom: HIL PROBE tx peer=1 type=41 status=0 detail=ok
[2026-09-26T13:46:28.396Z] I (1030145) RouteLoom: HIL LINK tx peer=3 type=32 cid=3131591193 seq=390
[2026-09-26T13:46:29.545Z] I (1031294) RouteLoom: HIL LINK rx peer=3 type=32 cid=2065731346 current=0 status=5 seq=210
[2026-09-26T13:46:29.627Z] I (1031376) RouteLoom: HIL LINK rx peer=1 type=32 cid=3139351763 current=0 status=5 seq=182
[2026-09-26T13:46:30.300Z] I (1032048) RouteLoom: HIL LINK rx peer=3 type=40 cid=2065731346 current=0 status=5 seq=110
[2026-09-26T13:46:30.303Z] I (1032052) RouteLoom: HIL PROBE tx peer=3 type=41 status=0 detail=ok
[2026-09-26T13:46:30.897Z] I (1032646) RouteLoom: HIL LINK tx peer=1 type=32 cid=3445906384 seq=391
[2026-09-26T13:46:32.847Z] I (1034596) RouteLoom: HIL LINK rx peer=1 type=16 cid=3139351763 current=0 status=5 seq=39
[2026-09-26T13:46:32.851Z] I (1034600) RouteLoomRef: message origin=1 session=307 sequence=39 bytes=9
[2026-09-26T13:46:32.857Z] I (1034604) RouteLoom: HIL LINK tx peer=1 type=17 cid=3445906384 seq=39
[2026-09-26T13:46:32.866Z] I (1034615) RouteLoom: HIL LINK tx peer=1 type=18 cid=3445906384 seq=39
[2026-09-26T13:46:32.889Z] I (1034637) RouteLoom: HIL LINK rx peer=1 type=17 cid=3139351763 current=0 status=5 seq=39
[2026-09-26T13:46:33.398Z] I (1035147) RouteLoom: HIL LINK tx peer=3 type=32 cid=3131591193 seq=392
[2026-09-26T13:46:34.546Z] I (1036295) RouteLoom: HIL LINK rx peer=3 type=32 cid=2065731346 current=0 status=5 seq=211
[2026-09-26T13:46:34.630Z] I (1036379) RouteLoom: HIL LINK rx peer=1 type=32 cid=3139351763 current=0 status=5 seq=183
[2026-09-26T13:46:35.899Z] I (1037648) RouteLoom: HIL LINK tx peer=1 type=32 cid=3445906384 seq=393
[2026-09-26T13:46:37.328Z] I (1039077) RouteLoom: HIL PROBE tx peer=1 type=40 status=0 detail=ok
[2026-09-26T13:46:37.347Z] I (1039095) RouteLoom: HIL LINK rx peer=1 type=41 cid=3139351763 current=0 status=5 seq=95
[2026-09-26T13:46:38.399Z] I (1040148) RouteLoom: HIL LINK tx peer=3 type=32 cid=3131591193 seq=394
[2026-09-26T13:46:39.547Z] I (1041296) RouteLoom: HIL LINK rx peer=3 type=32 cid=2065731346 current=0 status=5 seq=212
[2026-09-26T13:46:39.632Z] I (1041380) RouteLoom: HIL LINK rx peer=1 type=32 cid=3139351763 current=0 status=5 seq=184
[2026-09-26T13:46:40.302Z] I (1042051) RouteLoom: HIL PROBE tx peer=3 type=40 status=0 detail=ok
[2026-09-26T13:46:40.320Z] I (1042068) RouteLoom: HIL LINK rx peer=3 type=41 cid=2065731346 current=0 status=5 seq=111
[2026-09-26T13:46:40.900Z] I (1042649) RouteLoom: HIL LINK tx peer=1 type=32 cid=3445906384 seq=395
[2026-09-26T13:46:43.402Z] I (1045151) RouteLoom: HIL LINK tx peer=3 type=32 cid=3131591193 seq=396
[2026-09-26T13:46:44.547Z] I (1046296) RouteLoom: HIL LINK rx peer=3 type=32 cid=2065731346 current=0 status=5 seq=213
[2026-09-26T13:46:44.632Z] I (1046381) RouteLoom: HIL LINK rx peer=1 type=32 cid=3139351763 current=0 status=5 seq=185
[2026-09-26T13:46:45.903Z] I (1047652) RouteLoom: HIL LINK tx peer=1 type=32 cid=3445906384 seq=397
[2026-09-26T13:46:47.345Z] I (1049093) RouteLoom: HIL LINK rx peer=1 type=40 cid=3139351763 current=0 status=5 seq=96
[2026-09-26T13:46:47.349Z] I (1049097) RouteLoom: HIL PROBE tx peer=1 type=41 status=0 detail=ok
[2026-09-26T13:46:48.405Z] I (1050154) RouteLoom: HIL LINK tx peer=3 type=32 cid=3131591193 seq=398
[2026-09-26T13:46:49.548Z] I (1051296) RouteLoom: HIL LINK rx peer=3 type=32 cid=2065731346 current=0 status=5 seq=214
[2026-09-26T13:46:49.633Z] I (1051381) RouteLoom: HIL LINK rx peer=1 type=32 cid=3139351763 current=0 status=5 seq=186
[2026-09-26T13:46:50.316Z] I (1052065) RouteLoom: HIL LINK rx peer=3 type=40 cid=2065731346 current=0 status=5 seq=112
[2026-09-26T13:46:50.320Z] I (1052069) RouteLoom: HIL PROBE tx peer=3 type=41 status=0 detail=ok
[2026-09-26T13:46:50.906Z] I (1052654) RouteLoom: HIL LINK tx peer=1 type=32 cid=3445906384 seq=399
[2026-09-26T13:46:53.407Z] I (1055156) RouteLoom: HIL LINK tx peer=3 type=32 cid=3131591193 seq=400
[2026-09-26T13:46:54.549Z] I (1056297) RouteLoom: HIL LINK rx peer=3 type=32 cid=2065731346 current=0 status=5 seq=215
[2026-09-26T13:46:54.634Z] I (1056383) RouteLoom: HIL LINK rx peer=1 type=32 cid=3139351763 current=0 status=5 seq=187
[2026-09-26T13:46:55.908Z] I (1057657) RouteLoom: HIL LINK tx peer=1 type=32 cid=3445906384 seq=401
[2026-09-26T13:46:57.347Z] I (1059096) RouteLoom: HIL PROBE tx peer=1 type=40 status=0 detail=ok
[2026-09-26T13:46:57.366Z] I (1059114) RouteLoom: HIL LINK rx peer=1 type=41 cid=3139351763 current=0 status=5 seq=97
[2026-09-26T13:46:58.409Z] I (1060158) RouteLoom: HIL LINK tx peer=3 type=32 cid=3131591193 seq=402
[2026-09-26T13:46:59.551Z] I (1061299) RouteLoom: HIL LINK rx peer=3 type=32 cid=2065731346 current=0 status=5 seq=216
[2026-09-26T13:46:59.637Z] I (1061385) RouteLoom: HIL LINK rx peer=1 type=32 cid=3139351763 current=0 status=5 seq=188
[2026-09-26T13:47:00.318Z] I (1062067) RouteLoom: HIL PROBE tx peer=3 type=40 status=0 detail=ok
[2026-09-26T13:47:00.335Z] I (1062084) RouteLoom: HIL LINK rx peer=3 type=41 cid=2065731346 current=0 status=5 seq=113
[2026-09-26T13:47:00.910Z] I (1062659) RouteLoom: HIL LINK tx peer=1 type=32 cid=3445906384 seq=403
[2026-09-26T13:47:03.412Z] I (1065161) RouteLoom: HIL LINK tx peer=3 type=32 cid=3131591193 seq=404
[2026-09-26T13:47:04.551Z] I (1066299) RouteLoom: HIL LINK rx peer=3 type=32 cid=2065731346 current=0 status=5 seq=217
[2026-09-26T13:47:04.636Z] I (1066384) RouteLoom: HIL LINK rx peer=1 type=32 cid=3139351763 current=0 status=5 seq=189
[2026-09-26T13:47:05.913Z] I (1067662) RouteLoom: HIL LINK tx peer=1 type=32 cid=3445906384 seq=405
[2026-09-26T13:47:07.364Z] I (1069112) RouteLoom: HIL LINK rx peer=1 type=40 cid=3139351763 current=0 status=5 seq=98
[2026-09-26T13:47:07.368Z] I (1069116) RouteLoom: HIL PROBE tx peer=1 type=41 status=0 detail=ok
[2026-09-26T13:47:08.415Z] I (1070163) RouteLoom: HIL LINK tx peer=3 type=32 cid=3131591193 seq=406
[2026-09-26T13:47:09.553Z] I (1071301) RouteLoom: HIL LINK rx peer=3 type=32 cid=2065731346 current=0 status=5 seq=218
[2026-09-26T13:47:09.638Z] I (1071386) RouteLoom: HIL LINK rx peer=1 type=32 cid=3139351763 current=0 status=5 seq=190
[2026-09-26T13:47:09.847Z] I (1071595) RouteLoom: HIL LINK rx peer=1 type=16 cid=3139351763 current=0 status=5 seq=40
[2026-09-26T13:47:09.853Z] I (1071601) RouteLoom: HIL LINK tx peer=1 type=17 cid=3445906384 seq=40
[2026-09-26T13:47:09.863Z] I (1071612) RouteLoom: HIL LINK tx peer=3 type=16 cid=3131591193 seq=40
[2026-09-26T13:47:09.885Z] I (1071633) RouteLoom: HIL LINK rx peer=3 type=17 cid=2065731346 current=0 status=5 seq=40
[2026-09-26T13:47:09.896Z] I (1071644) RouteLoom: HIL LINK rx peer=3 type=18 cid=2065731346 current=0 status=5 seq=40
[2026-09-26T13:47:09.911Z] I (1071650) RouteLoom: HIL LINK tx peer=3 type=17 cid=3131591193 seq=40
[2026-09-26T13:47:09.912Z] I (1071661) RouteLoom: HIL LINK tx peer=1 type=18 cid=3445906384 seq=40
[2026-09-26T13:47:09.938Z] I (1071686) RouteLoom: HIL LINK rx peer=1 type=17 cid=3139351763 current=0 status=5 seq=40
[2026-09-26T13:47:10.333Z] I (1072081) RouteLoom: HIL LINK rx peer=3 type=40 cid=2065731346 current=0 status=5 seq=114
[2026-09-26T13:47:10.336Z] I (1072085) RouteLoom: HIL PROBE tx peer=3 type=41 status=0 detail=ok
[2026-09-26T13:47:10.915Z] I (1072664) RouteLoom: HIL LINK tx peer=1 type=32 cid=3445906384 seq=407
[2026-09-26T13:47:13.418Z] I (1075166) RouteLoom: HIL LINK tx peer=3 type=32 cid=3131591193 seq=408
[2026-09-26T13:47:14.553Z] I (1076301) RouteLoom: HIL LINK rx peer=3 type=32 cid=2065731346 current=0 status=5 seq=219
[2026-09-26T13:47:14.640Z] I (1076388) RouteLoom: HIL LINK rx peer=1 type=32 cid=3139351763 current=0 status=5 seq=191
[2026-09-26T13:47:15.919Z] I (1077668) RouteLoom: HIL LINK tx peer=1 type=32 cid=3445906384 seq=409
[2026-09-26T13:47:17.367Z] I (1079116) RouteLoom: HIL PROBE tx peer=1 type=40 status=0 detail=ok
[2026-09-26T13:47:17.386Z] I (1079134) RouteLoom: HIL LINK rx peer=1 type=41 cid=3139351763 current=0 status=5 seq=99
[2026-09-26T13:47:18.420Z] I (1080169) RouteLoom: HIL LINK tx peer=3 type=32 cid=3131591193 seq=410
[2026-09-26T13:47:18.679Z] I (1080427) RouteLoom: stack hwm main 11096 B
[2026-09-26T13:47:18.679Z] I (1080427) RouteLoom: HIL HEAP free=21708 largest=18432 min=20932 B
[2026-09-26T13:47:18.689Z] I (1080428) RouteLoom: HIL DISCOVERY candidates=0 neighbors=2 capacity=0 auth=2 stale=0 probes=107 send_failures=6 kind_rejects=0
[2026-09-26T13:47:18.696Z] I (1080438) RouteLoom: HIL ROUTE peer=1 phase=5 via=1 metric=1 generation=307 seq=1
[2026-09-26T13:47:18.704Z] I (1080445) RouteLoom: HIL ROUTE peer=3 phase=5 via=3 metric=1 generation=107 seq=1
[2026-09-26T13:47:19.553Z] I (1081301) RouteLoom: HIL LINK rx peer=3 type=32 cid=2065731346 current=0 status=5 seq=220
[2026-09-26T13:47:19.640Z] I (1081388) RouteLoom: HIL LINK rx peer=1 type=32 cid=3139351763 current=0 status=5 seq=192
[2026-09-26T13:47:20.336Z] I (1082085) RouteLoom: HIL PROBE tx peer=3 type=40 status=0 detail=ok
[2026-09-26T13:47:20.353Z] I (1082102) RouteLoom: HIL LINK rx peer=3 type=41 cid=2065731346 current=0 status=5 seq=115
[2026-09-26T13:47:20.922Z] I (1082671) RouteLoom: HIL LINK tx peer=1 type=32 cid=3445906384 seq=411
[2026-09-26T13:47:23.424Z] I (1085173) RouteLoom: HIL LINK tx peer=3 type=32 cid=3131591193 seq=412
[2026-09-26T13:47:24.554Z] I (1086302) RouteLoom: HIL LINK rx peer=3 type=32 cid=2065731346 current=0 status=5 seq=221
[2026-09-26T13:47:24.643Z] I (1086389) RouteLoom: HIL LINK rx peer=1 type=32 cid=3139351763 current=0 status=5 seq=193
[2026-09-26T13:47:25.926Z] I (1087675) RouteLoom: HIL LINK tx peer=1 type=32 cid=3445906384 seq=413
[2026-09-26T13:47:27.386Z] I (1089134) RouteLoom: HIL LINK rx peer=1 type=40 cid=3139351763 current=0 status=5 seq=100
[2026-09-26T13:47:27.390Z] I (1089138) RouteLoom: HIL PROBE tx peer=1 type=41 status=0 detail=ok
[2026-09-26T13:47:28.428Z] I (1090176) RouteLoom: HIL LINK tx peer=3 type=32 cid=3131591193 seq=414
[2026-09-26T13:47:29.555Z] I (1091303) RouteLoom: HIL LINK rx peer=3 type=32 cid=2065731346 current=0 status=5 seq=222
[2026-09-26T13:47:29.642Z] I (1091390) RouteLoom: HIL LINK rx peer=1 type=32 cid=3139351763 current=0 status=5 seq=194
[2026-09-26T13:47:30.351Z] I (1092099) RouteLoom: HIL LINK rx peer=3 type=40 cid=2065731346 current=0 status=5 seq=116
[2026-09-26T13:47:30.354Z] I (1092103) RouteLoom: HIL PROBE tx peer=3 type=41 status=0 detail=ok
[2026-09-26T13:47:30.930Z] I (1092678) RouteLoom: HIL LINK tx peer=1 type=32 cid=3445906384 seq=415
[2026-09-26T13:47:33.432Z] I (1095180) RouteLoom: HIL LINK tx peer=3 type=32 cid=3131591193 seq=416
[2026-09-26T13:47:34.557Z] I (1096304) RouteLoom: HIL LINK rx peer=3 type=32 cid=2065731346 current=0 status=5 seq=223
[2026-09-26T13:47:34.643Z] I (1096391) RouteLoom: HIL LINK rx peer=1 type=32 cid=3139351763 current=0 status=5 seq=195
[2026-09-26T13:47:35.932Z] I (1097680) RouteLoom: HIL LINK tx peer=1 type=32 cid=3445906384 seq=417
[2026-09-26T13:47:37.389Z] I (1099137) RouteLoom: HIL PROBE tx peer=1 type=40 status=0 detail=ok
[2026-09-26T13:47:37.408Z] I (1099155) RouteLoom: HIL LINK rx peer=1 type=41 cid=3139351763 current=0 status=5 seq=101
[2026-09-26T13:47:38.433Z] I (1100181) RouteLoom: HIL LINK tx peer=3 type=32 cid=3131591193 seq=418
[2026-09-26T13:47:39.557Z] I (1101305) RouteLoom: HIL LINK rx peer=3 type=32 cid=2065731346 current=0 status=5 seq=224
[2026-09-26T13:47:39.644Z] I (1101391) RouteLoom: HIL LINK rx peer=1 type=32 cid=3139351763 current=0 status=5 seq=196
[2026-09-26T13:47:40.353Z] I (1102101) RouteLoom: HIL PROBE tx peer=3 type=40 status=0 detail=ok
[2026-09-26T13:47:40.370Z] I (1102118) RouteLoom: HIL LINK rx peer=3 type=41 cid=2065731346 current=0 status=5 seq=117
[2026-09-26T13:47:40.933Z] I (1102681) RouteLoom: HIL LINK tx peer=1 type=32 cid=3445906384 seq=419
[2026-09-26T13:47:43.435Z] I (1105183) RouteLoom: HIL LINK tx peer=3 type=32 cid=3131591193 seq=420
[2026-09-26T13:47:44.559Z] I (1106306) RouteLoom: HIL LINK rx peer=3 type=32 cid=2065731346 current=0 status=5 seq=225
[2026-09-26T13:47:44.645Z] I (1106393) RouteLoom: HIL LINK rx peer=1 type=32 cid=3139351763 current=0 status=5 seq=197
[2026-09-26T13:47:45.937Z] I (1107685) RouteLoom: HIL LINK tx peer=1 type=32 cid=3445906384 seq=421
[2026-09-26T13:47:46.845Z] I (1108593) RouteLoom: HIL LINK rx peer=1 type=16 cid=3139351763 current=0 status=5 seq=41
[2026-09-26T13:47:46.849Z] I (1108597) RouteLoomRef: message origin=1 session=307 sequence=41 bytes=9
[2026-09-26T13:47:46.855Z] I (1108600) RouteLoom: HIL LINK tx peer=1 type=17 cid=3445906384 seq=41
[2026-09-26T13:47:46.866Z] I (1108614) RouteLoom: HIL LINK tx peer=1 type=18 cid=3445906384 seq=41
[2026-09-26T13:47:46.889Z] I (1108636) RouteLoom: HIL LINK rx peer=1 type=17 cid=3139351763 current=0 status=5 seq=41
[2026-09-26T13:47:47.406Z] I (1109153) RouteLoom: HIL LINK rx peer=1 type=40 cid=3139351763 current=0 status=5 seq=102
[2026-09-26T13:47:47.409Z] I (1109157) RouteLoom: HIL PROBE tx peer=1 type=41 status=0 detail=ok
[2026-09-26T13:47:48.438Z] I (1110186) RouteLoom: HIL LINK tx peer=3 type=32 cid=3131591193 seq=422
[2026-09-26T13:47:49.561Z] I (1111308) RouteLoom: HIL LINK rx peer=3 type=32 cid=2065731346 current=0 status=5 seq=226
[2026-09-26T13:47:49.646Z] I (1111394) RouteLoom: HIL LINK rx peer=1 type=32 cid=3139351763 current=0 status=5 seq=198
[2026-09-26T13:47:50.371Z] I (1112118) RouteLoom: HIL LINK rx peer=3 type=40 cid=2065731346 current=0 status=5 seq=118
[2026-09-26T13:47:50.374Z] I (1112122) RouteLoom: HIL PROBE tx peer=3 type=41 status=0 detail=ok
[2026-09-26T13:47:50.938Z] I (1112686) RouteLoom: HIL LINK tx peer=1 type=32 cid=3445906384 seq=423
[2026-09-26T13:47:53.440Z] I (1115188) RouteLoom: HIL LINK tx peer=3 type=32 cid=3131591193 seq=424
[2026-09-26T13:47:54.561Z] I (1116308) RouteLoom: HIL LINK rx peer=3 type=32 cid=2065731346 current=0 status=5 seq=227
[2026-09-26T13:47:54.646Z] I (1116394) RouteLoom: HIL LINK rx peer=1 type=32 cid=3139351763 current=0 status=5 seq=199
[2026-09-26T13:47:55.941Z] I (1117689) RouteLoom: HIL LINK tx peer=1 type=32 cid=3445906384 seq=425
[2026-09-26T13:47:57.407Z] I (1119155) RouteLoom: HIL PROBE tx peer=1 type=40 status=0 detail=ok
[2026-09-26T13:47:57.429Z] I (1119176) RouteLoom: HIL LINK rx peer=1 type=41 cid=3139351763 current=0 status=5 seq=103
[2026-09-26T13:47:58.442Z] I (1120190) RouteLoom: HIL LINK tx peer=3 type=32 cid=3131591193 seq=426
[2026-09-26T13:47:59.563Z] I (1121310) RouteLoom: HIL LINK rx peer=3 type=32 cid=2065731346 current=0 status=5 seq=228
[2026-09-26T13:47:59.646Z] I (1121394) RouteLoom: HIL LINK rx peer=1 type=32 cid=3139351763 current=0 status=5 seq=200
[2026-09-26T13:48:00.373Z] I (1122121) RouteLoom: HIL PROBE tx peer=3 type=40 status=0 detail=ok
[2026-09-26T13:48:00.392Z] I (1122140) RouteLoom: HIL LINK rx peer=3 type=41 cid=2065731346 current=0 status=5 seq=119
[2026-09-26T13:48:00.943Z] I (1122691) RouteLoom: HIL LINK tx peer=1 type=32 cid=3445906384 seq=427
[2026-09-26T13:48:03.445Z] I (1125193) RouteLoom: HIL LINK tx peer=3 type=32 cid=3131591193 seq=428
[2026-09-26T13:48:04.564Z] I (1126312) RouteLoom: HIL LINK rx peer=3 type=32 cid=2065731346 current=0 status=5 seq=229
[2026-09-26T13:48:04.649Z] I (1126396) RouteLoom: HIL LINK rx peer=1 type=32 cid=3139351763 current=0 status=5 seq=201
[2026-09-26T13:48:05.947Z] I (1127695) RouteLoom: HIL LINK tx peer=1 type=32 cid=3445906384 seq=429
[2026-09-26T13:48:07.425Z] I (1129172) RouteLoom: HIL LINK rx peer=1 type=40 cid=3139351763 current=0 status=5 seq=104
[2026-09-26T13:48:07.429Z] I (1129176) RouteLoom: HIL PROBE tx peer=1 type=41 status=0 detail=ok
[2026-09-26T13:48:08.448Z] I (1130196) RouteLoom: HIL LINK tx peer=3 type=32 cid=3131591193 seq=430
[2026-09-26T13:48:09.566Z] I (1131313) RouteLoom: HIL LINK rx peer=3 type=32 cid=2065731346 current=0 status=5 seq=230
[2026-09-26T13:48:09.651Z] I (1131398) RouteLoom: HIL LINK rx peer=1 type=32 cid=3139351763 current=0 status=5 seq=202
[2026-09-26T13:48:10.391Z] I (1132138) RouteLoom: HIL LINK rx peer=3 type=40 cid=2065731346 current=0 status=5 seq=120
[2026-09-26T13:48:10.395Z] I (1132142) RouteLoom: HIL PROBE tx peer=3 type=41 status=0 detail=ok
[2026-09-26T13:48:10.949Z] I (1132697) RouteLoom: HIL LINK tx peer=1 type=32 cid=3445906384 seq=431
[2026-09-26T13:48:13.451Z] I (1135199) RouteLoom: HIL LINK tx peer=3 type=32 cid=3131591193 seq=432
[2026-09-26T13:48:14.567Z] I (1136314) RouteLoom: HIL LINK rx peer=3 type=32 cid=2065731346 current=0 status=5 seq=231
[2026-09-26T13:48:14.653Z] I (1136400) RouteLoom: HIL LINK rx peer=1 type=32 cid=3139351763 current=0 status=5 seq=203
[2026-09-26T13:48:15.953Z] I (1137701) RouteLoom: HIL LINK tx peer=1 type=32 cid=3445906384 seq=433
[2026-09-26T13:48:17.429Z] I (1139176) RouteLoom: HIL PROBE tx peer=1 type=40 status=0 detail=ok
[2026-09-26T13:48:17.447Z] I (1139194) RouteLoom: HIL LINK rx peer=1 type=41 cid=3139351763 current=0 status=5 seq=105
[2026-09-26T13:48:18.454Z] I (1140202) RouteLoom: HIL LINK tx peer=3 type=32 cid=3131591193 seq=434
[2026-09-26T13:48:18.680Z] I (1140427) RouteLoom: stack hwm main 11096 B
[2026-09-26T13:48:18.680Z] I (1140427) RouteLoom: HIL HEAP free=21708 largest=18432 min=20932 B
[2026-09-26T13:48:18.690Z] I (1140428) RouteLoom: HIL DISCOVERY candidates=0 neighbors=2 capacity=0 auth=2 stale=0 probes=113 send_failures=6 kind_rejects=0
[2026-09-26T13:48:18.698Z] I (1140438) RouteLoom: HIL ROUTE peer=1 phase=5 via=1 metric=1 generation=307 seq=1
[2026-09-26T13:48:18.705Z] I (1140445) RouteLoom: HIL ROUTE peer=3 phase=5 via=3 metric=1 generation=107 seq=1
[2026-09-26T13:48:19.568Z] I (1141315) RouteLoom: HIL LINK rx peer=3 type=32 cid=2065731346 current=0 status=5 seq=232
[2026-09-26T13:48:19.653Z] I (1141400) RouteLoom: HIL LINK rx peer=1 type=32 cid=3139351763 current=0 status=5 seq=204
[2026-09-26T13:48:20.393Z] I (1142140) RouteLoom: HIL PROBE tx peer=3 type=40 status=0 detail=ok
[2026-09-26T13:48:20.411Z] I (1142158) RouteLoom: HIL LINK rx peer=3 type=41 cid=2065731346 current=0 status=5 seq=121
[2026-09-26T13:48:20.956Z] I (1142704) RouteLoom: HIL LINK tx peer=1 type=32 cid=3445906384 seq=435
[2026-09-26T13:48:23.457Z] I (1145205) RouteLoom: HIL LINK tx peer=3 type=32 cid=3131591193 seq=436
[2026-09-26T13:48:23.846Z] I (1145593) RouteLoom: HIL LINK rx peer=1 type=16 cid=3139351763 current=0 status=5 seq=42
[2026-09-26T13:48:23.852Z] I (1145599) RouteLoom: HIL LINK tx peer=1 type=17 cid=3445906384 seq=42
[2026-09-26T13:48:23.863Z] I (1145610) RouteLoom: HIL LINK tx peer=3 type=16 cid=3131591193 seq=42
[2026-09-26T13:48:23.884Z] I (1145631) RouteLoom: HIL LINK rx peer=3 type=17 cid=2065731346 current=0 status=5 seq=42
[2026-09-26T13:48:23.896Z] I (1145643) RouteLoom: HIL LINK rx peer=3 type=18 cid=2065731346 current=0 status=5 seq=42
[2026-09-26T13:48:23.901Z] I (1145649) RouteLoom: HIL LINK tx peer=3 type=17 cid=3131591193 seq=42
[2026-09-26T13:48:23.912Z] I (1145660) RouteLoom: HIL LINK tx peer=1 type=18 cid=3445906384 seq=42
[2026-09-26T13:48:23.933Z] I (1145680) RouteLoom: HIL LINK rx peer=1 type=17 cid=3139351763 current=0 status=5 seq=42
[2026-09-26T13:48:24.568Z] I (1146315) RouteLoom: HIL LINK rx peer=3 type=32 cid=2065731346 current=0 status=5 seq=233
[2026-09-26T13:48:24.654Z] I (1146401) RouteLoom: HIL LINK rx peer=1 type=32 cid=3139351763 current=0 status=5 seq=205
[2026-09-26T13:48:25.957Z] I (1147705) RouteLoom: HIL LINK tx peer=1 type=32 cid=3445906384 seq=437
[2026-09-26T13:48:27.446Z] I (1149193) RouteLoom: HIL LINK rx peer=1 type=40 cid=3139351763 current=0 status=5 seq=106
[2026-09-26T13:48:27.450Z] I (1149197) RouteLoom: HIL PROBE tx peer=1 type=41 status=0 detail=ok
[2026-09-26T13:48:28.457Z] I (1150205) RouteLoom: HIL LINK tx peer=3 type=32 cid=3131591193 seq=438
[2026-09-26T13:48:29.570Z] I (1151317) RouteLoom: HIL LINK rx peer=3 type=32 cid=2065731346 current=0 status=5 seq=234
[2026-09-26T13:48:29.655Z] I (1151402) RouteLoom: HIL LINK rx peer=1 type=32 cid=3139351763 current=0 status=5 seq=206
[2026-09-26T13:48:30.409Z] I (1152156) RouteLoom: HIL LINK rx peer=3 type=40 cid=2065731346 current=0 status=5 seq=122
[2026-09-26T13:48:30.413Z] I (1152160) RouteLoom: HIL PROBE tx peer=3 type=41 status=0 detail=ok
[2026-09-26T13:48:30.960Z] I (1152706) RouteLoom: HIL LINK tx peer=1 type=32 cid=3445906384 seq=439
[2026-09-26T13:48:33.460Z] I (1155208) RouteLoom: HIL LINK tx peer=3 type=32 cid=3131591193 seq=440
[2026-09-26T13:48:34.570Z] I (1156317) RouteLoom: HIL LINK rx peer=3 type=32 cid=2065731346 current=0 status=5 seq=235
[2026-09-26T13:48:34.655Z] I (1156402) RouteLoom: HIL LINK rx peer=1 type=32 cid=3139351763 current=0 status=5 seq=207
[2026-09-26T13:48:35.963Z] I (1157710) RouteLoom: HIL LINK tx peer=1 type=32 cid=3445906384 seq=441
[2026-09-26T13:48:37.450Z] I (1159197) RouteLoom: HIL PROBE tx peer=1 type=40 status=0 detail=ok
[2026-09-26T13:48:37.468Z] I (1159215) RouteLoom: HIL LINK rx peer=1 type=41 cid=3139351763 current=0 status=5 seq=107
[2026-09-26T13:48:38.464Z] I (1160211) RouteLoom: HIL LINK tx peer=3 type=32 cid=3131591193 seq=442
[2026-09-26T13:48:39.572Z] I (1161319) RouteLoom: HIL LINK rx peer=3 type=32 cid=2065731346 current=0 status=5 seq=236
[2026-09-26T13:48:39.656Z] I (1161403) RouteLoom: HIL LINK rx peer=1 type=32 cid=3139351763 current=0 status=5 seq=208
[2026-09-26T13:48:40.413Z] I (1162160) RouteLoom: HIL PROBE tx peer=3 type=40 status=0 detail=ok
[2026-09-26T13:48:40.430Z] I (1162177) RouteLoom: HIL LINK rx peer=3 type=41 cid=2065731346 current=0 status=5 seq=123
[2026-09-26T13:48:40.966Z] I (1162713) RouteLoom: HIL LINK tx peer=1 type=32 cid=3445906384 seq=443
[2026-09-26T13:48:43.468Z] I (1165215) RouteLoom: HIL LINK tx peer=3 type=32 cid=3131591193 seq=444
[2026-09-26T13:48:44.574Z] I (1166321) RouteLoom: HIL LINK rx peer=3 type=32 cid=2065731346 current=0 status=5 seq=237
[2026-09-26T13:48:44.658Z] I (1166405) RouteLoom: HIL LINK rx peer=1 type=32 cid=3139351763 current=0 status=5 seq=209
[2026-09-26T13:48:45.969Z] I (1167716) RouteLoom: HIL LINK tx peer=1 type=32 cid=3445906384 seq=445
[2026-09-26T13:48:47.468Z] I (1169215) RouteLoom: HIL LINK rx peer=1 type=40 cid=3139351763 current=0 status=5 seq=108
[2026-09-26T13:48:47.472Z] I (1169218) RouteLoom: HIL PROBE tx peer=1 type=41 status=0 detail=ok
[2026-09-26T13:48:48.470Z] I (1170217) RouteLoom: HIL LINK tx peer=3 type=32 cid=3131591193 seq=446
[2026-09-26T13:48:49.575Z] I (1171322) RouteLoom: HIL LINK rx peer=3 type=32 cid=2065731346 current=0 status=5 seq=238
[2026-09-26T13:48:49.660Z] I (1171407) RouteLoom: HIL LINK rx peer=1 type=32 cid=3139351763 current=0 status=5 seq=210
[2026-09-26T13:48:50.427Z] I (1172174) RouteLoom: HIL LINK rx peer=3 type=40 cid=2065731346 current=0 status=5 seq=124
[2026-09-26T13:48:50.431Z] I (1172178) RouteLoom: HIL PROBE tx peer=3 type=41 status=0 detail=ok
[2026-09-26T13:48:50.972Z] I (1172719) RouteLoom: HIL LINK tx peer=1 type=32 cid=3445906384 seq=447
[2026-09-26T13:48:53.474Z] I (1175221) RouteLoom: HIL LINK tx peer=3 type=32 cid=3131591193 seq=448
[2026-09-26T13:48:54.577Z] I (1176324) RouteLoom: HIL LINK rx peer=3 type=32 cid=2065731346 current=0 status=5 seq=239
[2026-09-26T13:48:54.662Z] I (1176408) RouteLoom: HIL LINK rx peer=1 type=32 cid=3139351763 current=0 status=5 seq=211
[2026-09-26T13:48:55.975Z] I (1177722) RouteLoom: HIL LINK tx peer=1 type=32 cid=3445906384 seq=449
[2026-09-26T13:48:57.471Z] I (1179218) RouteLoom: HIL PROBE tx peer=1 type=40 status=0 detail=ok
[2026-09-26T13:48:57.490Z] I (1179236) RouteLoom: HIL LINK rx peer=1 type=41 cid=3139351763 current=0 status=5 seq=109
[2026-09-26T13:48:58.476Z] I (1180223) RouteLoom: HIL LINK tx peer=3 type=32 cid=3131591193 seq=450
[2026-09-26T13:48:59.576Z] I (1181323) RouteLoom: HIL LINK rx peer=3 type=32 cid=2065731346 current=0 status=5 seq=240
[2026-09-26T13:48:59.662Z] I (1181409) RouteLoom: HIL LINK rx peer=1 type=32 cid=3139351763 current=0 status=5 seq=212
[2026-09-26T13:49:00.431Z] I (1182178) RouteLoom: HIL PROBE tx peer=3 type=40 status=0 detail=ok
[2026-09-26T13:49:00.448Z] I (1182195) RouteLoom: HIL LINK rx peer=3 type=41 cid=2065731346 current=0 status=5 seq=125
[2026-09-26T13:49:00.846Z] I (1182593) RouteLoom: HIL LINK rx peer=1 type=16 cid=3139351763 current=0 status=5 seq=43
[2026-09-26T13:49:00.850Z] I (1182597) RouteLoomRef: message origin=1 session=307 sequence=43 bytes=9
[2026-09-26T13:49:00.856Z] I (1182600) RouteLoom: HIL LINK tx peer=1 type=17 cid=3445906384 seq=43
[2026-09-26T13:49:00.865Z] I (1182612) RouteLoom: HIL LINK tx peer=1 type=18 cid=3445906384 seq=43
[2026-09-26T13:49:00.888Z] I (1182635) RouteLoom: HIL LINK rx peer=1 type=17 cid=3139351763 current=0 status=5 seq=43
[2026-09-26T13:49:00.977Z] I (1182724) RouteLoom: HIL LINK tx peer=1 type=32 cid=3445906384 seq=451
[2026-09-26T13:49:03.479Z] I (1185226) RouteLoom: HIL LINK tx peer=3 type=32 cid=3131591193 seq=452
[2026-09-26T13:49:04.579Z] I (1186325) RouteLoom: HIL LINK rx peer=3 type=32 cid=2065731346 current=0 status=5 seq=241
[2026-09-26T13:49:04.664Z] I (1186411) RouteLoom: HIL LINK rx peer=1 type=32 cid=3139351763 current=0 status=5 seq=213
[2026-09-26T13:49:05.981Z] I (1187728) RouteLoom: HIL LINK tx peer=1 type=32 cid=3445906384 seq=453
[2026-09-26T13:49:07.489Z] I (1189235) RouteLoom: HIL LINK rx peer=1 type=40 cid=3139351763 current=0 status=5 seq=110
[2026-09-26T13:49:07.493Z] I (1189239) RouteLoom: HIL PROBE tx peer=1 type=41 status=0 detail=ok
[2026-09-26T13:49:08.482Z] I (1190229) RouteLoom: HIL LINK tx peer=3 type=32 cid=3131591193 seq=454
[2026-09-26T13:49:09.580Z] I (1191327) RouteLoom: HIL LINK rx peer=3 type=32 cid=2065731346 current=0 status=5 seq=242
[2026-09-26T13:49:09.666Z] I (1191413) RouteLoom: HIL LINK rx peer=1 type=32 cid=3139351763 current=0 status=5 seq=214
[2026-09-26T13:49:10.450Z] I (1192197) RouteLoom: HIL PROBE tx peer=3 type=40 status=0 detail=ok
[2026-09-26T13:49:10.454Z] I (1192199) RouteLoom: HIL LINK rx peer=3 type=40 cid=2065731346 current=0 status=5 seq=126
[2026-09-26T13:49:10.464Z] I (1192203) RouteLoom: HIL PROBE tx peer=3 type=41 status=6 detail=autonomy TX already in flight to peer
[2026-09-26T13:49:10.471Z] I (1192215) RouteLoom: HIL LINK rx peer=3 type=41 cid=2065731346 current=0 status=5 seq=127
[2026-09-26T13:49:10.983Z] I (1192730) RouteLoom: HIL LINK tx peer=1 type=32 cid=3445906384 seq=455
[2026-09-26T13:49:13.485Z] I (1195232) RouteLoom: HIL LINK tx peer=3 type=32 cid=3131591193 seq=456
[2026-09-26T13:49:14.579Z] I (1196326) RouteLoom: HIL LINK rx peer=3 type=32 cid=2065731346 current=0 status=5 seq=243
[2026-09-26T13:49:14.669Z] I (1196415) RouteLoom: HIL LINK rx peer=1 type=32 cid=3139351763 current=0 status=5 seq=215
[2026-09-26T13:49:15.987Z] I (1197734) RouteLoom: HIL LINK tx peer=1 type=32 cid=3445906384 seq=457
[2026-09-26T13:49:17.492Z] I (1199239) RouteLoom: HIL PROBE tx peer=1 type=40 status=0 detail=ok
[2026-09-26T13:49:17.511Z] I (1199257) RouteLoom: HIL LINK rx peer=1 type=41 cid=3139351763 current=0 status=5 seq=111
[2026-09-26T13:49:18.488Z] I (1200235) RouteLoom: HIL LINK tx peer=3 type=32 cid=3131591193 seq=458
[2026-09-26T13:49:18.681Z] I (1200427) RouteLoom: stack hwm main 11096 B
[2026-09-26T13:49:18.681Z] I (1200427) RouteLoom: HIL HEAP free=21708 largest=18432 min=20932 B
[2026-09-26T13:49:18.691Z] I (1200428) RouteLoom: HIL DISCOVERY candidates=0 neighbors=2 capacity=0 auth=2 stale=0 probes=120 send_failures=7 kind_rejects=0
[2026-09-26T13:49:18.698Z] I (1200438) RouteLoom: HIL ROUTE peer=1 phase=5 via=1 metric=1 generation=307 seq=1
[2026-09-26T13:49:18.706Z] I (1200445) RouteLoom: HIL ROUTE peer=3 phase=5 via=3 metric=1 generation=107 seq=1
[2026-09-26T13:49:19.581Z] I (1201327) RouteLoom: HIL LINK rx peer=3 type=32 cid=2065731346 current=0 status=5 seq=244
[2026-09-26T13:49:19.669Z] I (1201415) RouteLoom: HIL LINK rx peer=1 type=32 cid=3139351763 current=0 status=5 seq=216
[2026-09-26T13:49:20.466Z] I (1202212) RouteLoom: HIL LINK rx peer=3 type=40 cid=2065731346 current=0 status=5 seq=128
[2026-09-26T13:49:20.470Z] I (1202216) RouteLoom: HIL PROBE tx peer=3 type=41 status=0 detail=ok
[2026-09-26T13:49:20.988Z] I (1202735) RouteLoom: HIL LINK tx peer=1 type=32 cid=3445906384 seq=459
[2026-09-26T13:49:23.490Z] I (1205237) RouteLoom: HIL LINK tx peer=3 type=32 cid=3131591193 seq=460
[2026-09-26T13:49:24.587Z] I (1206333) RouteLoom: HIL LINK rx peer=3 type=32 cid=2065731346 current=0 status=5 seq=245
[2026-09-26T13:49:24.671Z] I (1206417) RouteLoom: HIL LINK rx peer=1 type=32 cid=3139351763 current=0 status=5 seq=217
[2026-09-26T13:49:25.992Z] I (1207739) RouteLoom: HIL LINK tx peer=1 type=32 cid=3445906384 seq=461
[2026-09-26T13:49:27.509Z] I (1209255) RouteLoom: HIL LINK rx peer=1 type=40 cid=3139351763 current=0 status=5 seq=112
[2026-09-26T13:49:27.513Z] I (1209259) RouteLoom: HIL PROBE tx peer=1 type=41 status=0 detail=ok
[2026-09-26T13:49:28.493Z] I (1210240) RouteLoom: HIL LINK tx peer=3 type=32 cid=3131591193 seq=462
[2026-09-26T13:49:29.584Z] I (1211330) RouteLoom: HIL LINK rx peer=3 type=32 cid=2065731346 current=0 status=5 seq=246
[2026-09-26T13:49:29.672Z] I (1211418) RouteLoom: HIL LINK rx peer=1 type=32 cid=3139351763 current=0 status=5 seq=218
[2026-09-26T13:49:30.468Z] I (1212215) RouteLoom: HIL PROBE tx peer=3 type=40 status=0 detail=ok
[2026-09-26T13:49:30.486Z] I (1212232) RouteLoom: HIL LINK rx peer=3 type=41 cid=2065731346 current=0 status=5 seq=129
[2026-09-26T13:49:30.994Z] I (1212741) RouteLoom: HIL LINK tx peer=1 type=32 cid=3445906384 seq=463
[2026-09-26T13:49:33.497Z] I (1215243) RouteLoom: HIL LINK tx peer=3 type=32 cid=3131591193 seq=464
[2026-09-26T13:49:34.585Z] I (1216331) RouteLoom: HIL LINK rx peer=3 type=32 cid=2065731346 current=0 status=5 seq=247
[2026-09-26T13:49:34.674Z] I (1216420) RouteLoom: HIL LINK rx peer=1 type=32 cid=3139351763 current=0 status=5 seq=219
[2026-09-26T13:49:35.999Z] I (1217745) RouteLoom: HIL LINK tx peer=1 type=32 cid=3445906384 seq=465
[2026-09-26T13:49:37.513Z] I (1219259) RouteLoom: HIL PROBE tx peer=1 type=40 status=0 detail=ok
[2026-09-26T13:49:37.531Z] I (1219277) RouteLoom: HIL LINK rx peer=1 type=41 cid=3139351763 current=0 status=5 seq=113
[2026-09-26T13:49:37.847Z] I (1219593) RouteLoom: HIL LINK rx peer=1 type=16 cid=3139351763 current=0 status=5 seq=44
[2026-09-26T13:49:37.854Z] I (1219599) RouteLoom: HIL LINK tx peer=1 type=17 cid=3445906384 seq=44
[2026-09-26T13:49:37.865Z] I (1219611) RouteLoom: HIL LINK tx peer=3 type=16 cid=3131591193 seq=44
[2026-09-26T13:49:37.885Z] I (1219631) RouteLoom: HIL LINK rx peer=3 type=17 cid=2065731346 current=0 status=5 seq=44
[2026-09-26T13:49:37.897Z] I (1219643) RouteLoom: HIL LINK rx peer=3 type=18 cid=2065731346 current=0 status=5 seq=44
[2026-09-26T13:49:37.903Z] I (1219649) RouteLoom: HIL LINK tx peer=3 type=17 cid=3131591193 seq=44
[2026-09-26T13:49:37.914Z] I (1219660) RouteLoom: HIL LINK tx peer=1 type=18 cid=3445906384 seq=44
[2026-09-26T13:49:37.936Z] I (1219682) RouteLoom: HIL LINK rx peer=1 type=17 cid=3139351763 current=0 status=5 seq=44
[2026-09-26T13:49:38.500Z] I (1220246) RouteLoom: HIL LINK tx peer=3 type=32 cid=3131591193 seq=466
[2026-09-26T13:49:39.585Z] I (1221331) RouteLoom: HIL LINK rx peer=3 type=32 cid=2065731346 current=0 status=5 seq=248
[2026-09-26T13:49:39.676Z] I (1221422) RouteLoom: HIL LINK rx peer=1 type=32 cid=3139351763 current=0 status=5 seq=220
[2026-09-26T13:49:40.485Z] I (1222231) RouteLoom: HIL LINK rx peer=3 type=40 cid=2065731346 current=0 status=5 seq=130
[2026-09-26T13:49:40.489Z] I (1222235) RouteLoom: HIL PROBE tx peer=3 type=41 status=0 detail=ok
[2026-09-26T13:49:41.002Z] I (1222748) RouteLoom: HIL LINK tx peer=1 type=32 cid=3445906384 seq=467
[2026-09-26T13:49:43.504Z] I (1225250) RouteLoom: HIL LINK tx peer=3 type=32 cid=3131591193 seq=468
[2026-09-26T13:49:44.586Z] I (1226332) RouteLoom: HIL LINK rx peer=3 type=32 cid=2065731346 current=0 status=5 seq=249
[2026-09-26T13:49:44.677Z] I (1226423) RouteLoom: HIL LINK rx peer=1 type=32 cid=3139351763 current=0 status=5 seq=221
[2026-09-26T13:49:46.005Z] I (1227751) RouteLoom: HIL LINK tx peer=1 type=32 cid=3445906384 seq=469
[2026-09-26T13:49:47.531Z] I (1229276) RouteLoom: HIL LINK rx peer=1 type=40 cid=3139351763 current=0 status=5 seq=114
[2026-09-26T13:49:47.535Z] I (1229280) RouteLoom: HIL PROBE tx peer=1 type=41 status=0 detail=ok
[2026-09-26T13:49:48.506Z] I (1230252) RouteLoom: HIL LINK tx peer=3 type=32 cid=3131591193 seq=470
[2026-09-26T13:49:49.588Z] I (1231333) RouteLoom: HIL LINK rx peer=3 type=32 cid=2065731346 current=0 status=5 seq=250
[2026-09-26T13:49:49.679Z] I (1231424) RouteLoom: HIL LINK rx peer=1 type=32 cid=3139351763 current=0 status=5 seq=222
[2026-09-26T13:49:50.487Z] I (1232233) RouteLoom: HIL PROBE tx peer=3 type=40 status=0 detail=ok
[2026-09-26T13:49:50.504Z] I (1232250) RouteLoom: HIL LINK rx peer=3 type=41 cid=2065731346 current=0 status=5 seq=131
[2026-09-26T13:49:51.007Z] I (1232753) RouteLoom: HIL LINK tx peer=1 type=32 cid=3445906384 seq=471
[2026-09-26T13:49:53.509Z] I (1235255) RouteLoom: HIL LINK tx peer=3 type=32 cid=3131591193 seq=472
[2026-09-26T13:49:54.588Z] I (1236334) RouteLoom: HIL LINK rx peer=3 type=32 cid=2065731346 current=0 status=5 seq=251
[2026-09-26T13:49:54.682Z] I (1236427) RouteLoom: HIL LINK rx peer=1 type=32 cid=3139351763 current=0 status=5 seq=223
[2026-09-26T13:49:56.010Z] I (1237756) RouteLoom: HIL LINK tx peer=1 type=32 cid=3445906384 seq=473
[2026-09-26T13:49:57.532Z] I (1239278) RouteLoom: HIL PROBE tx peer=1 type=40 status=0 detail=ok
[2026-09-26T13:49:57.551Z] I (1239296) RouteLoom: HIL LINK rx peer=1 type=41 cid=3139351763 current=0 status=5 seq=115
[2026-09-26T13:49:58.510Z] I (1240256) RouteLoom: HIL LINK tx peer=3 type=32 cid=3131591193 seq=474
[2026-09-26T13:49:59.589Z] I (1241335) RouteLoom: HIL LINK rx peer=3 type=32 cid=2065731346 current=0 status=5 seq=252
[2026-09-26T13:49:59.681Z] I (1241427) RouteLoom: HIL LINK rx peer=1 type=32 cid=3139351763 current=0 status=5 seq=224
[2026-09-26T13:50:00.502Z] I (1242247) RouteLoom: HIL LINK rx peer=3 type=40 cid=2065731346 current=0 status=5 seq=132
[2026-09-26T13:50:00.505Z] I (1242251) RouteLoom: HIL PROBE tx peer=3 type=41 status=0 detail=ok
[2026-09-26T13:50:01.012Z] I (1242758) RouteLoom: HIL LINK tx peer=1 type=32 cid=3445906384 seq=475
[2026-09-26T13:50:03.514Z] I (1245260) RouteLoom: HIL LINK tx peer=3 type=32 cid=3131591193 seq=476
[2026-09-26T13:50:04.591Z] I (1246337) RouteLoom: HIL LINK rx peer=3 type=32 cid=2065731346 current=0 status=5 seq=253
[2026-09-26T13:50:04.682Z] I (1246427) RouteLoom: HIL LINK rx peer=1 type=32 cid=3139351763 current=0 status=5 seq=225
[2026-09-26T13:50:06.016Z] I (1247762) RouteLoom: HIL LINK tx peer=1 type=32 cid=3445906384 seq=477
[2026-09-26T13:50:07.552Z] I (1249297) RouteLoom: HIL LINK rx peer=1 type=40 cid=3139351763 current=0 status=5 seq=116
[2026-09-26T13:50:07.556Z] I (1249301) RouteLoom: HIL PROBE tx peer=1 type=41 status=0 detail=ok
[2026-09-26T13:50:08.518Z] I (1250264) RouteLoom: HIL LINK tx peer=3 type=32 cid=3131591193 seq=478
[2026-09-26T13:50:09.591Z] I (1251337) RouteLoom: HIL LINK rx peer=3 type=32 cid=2065731346 current=0 status=5 seq=254
[2026-09-26T13:50:09.682Z] I (1251427) RouteLoom: HIL LINK rx peer=1 type=32 cid=3139351763 current=0 status=5 seq=226
[2026-09-26T13:50:10.505Z] I (1252251) RouteLoom: HIL PROBE tx peer=3 type=40 status=0 detail=ok
[2026-09-26T13:50:10.524Z] I (1252269) RouteLoom: HIL LINK rx peer=3 type=41 cid=2065731346 current=0 status=5 seq=133
[2026-09-26T13:50:11.018Z] I (1252764) RouteLoom: HIL LINK tx peer=1 type=32 cid=3445906384 seq=479
[2026-09-26T13:50:13.520Z] I (1255266) RouteLoom: HIL LINK tx peer=3 type=32 cid=3131591193 seq=480
[2026-09-26T13:50:14.593Z] I (1256338) RouteLoom: HIL LINK rx peer=3 type=32 cid=2065731346 current=0 status=5 seq=255
[2026-09-26T13:50:14.683Z] I (1256428) RouteLoom: HIL LINK rx peer=1 type=32 cid=3139351763 current=0 status=5 seq=227
[2026-09-26T13:50:14.847Z] I (1256592) RouteLoom: HIL LINK rx peer=1 type=16 cid=3139351763 current=0 status=5 seq=45
[2026-09-26T13:50:14.851Z] I (1256596) RouteLoomRef: message origin=1 session=307 sequence=45 bytes=9
[2026-09-26T13:50:14.856Z] I (1256599) RouteLoom: HIL LINK tx peer=1 type=17 cid=3445906384 seq=45
[2026-09-26T13:50:14.865Z] I (1256611) RouteLoom: HIL LINK tx peer=1 type=18 cid=3445906384 seq=45
[2026-09-26T13:50:14.888Z] I (1256633) RouteLoom: HIL LINK rx peer=1 type=17 cid=3139351763 current=0 status=5 seq=45
[2026-09-26T13:50:16.021Z] I (1257767) RouteLoom: HIL LINK tx peer=1 type=32 cid=3445906384 seq=481
[2026-09-26T13:50:17.554Z] I (1259299) RouteLoom: HIL PROBE tx peer=1 type=40 status=0 detail=ok
[2026-09-26T13:50:17.571Z] I (1259316) RouteLoom: HIL LINK rx peer=1 type=41 cid=3139351763 current=0 status=5 seq=117
[2026-09-26T13:50:18.524Z] I (1260269) RouteLoom: HIL LINK tx peer=3 type=32 cid=3131591193 seq=482
[2026-09-26T13:50:18.683Z] I (1260428) RouteLoom: stack hwm main 11096 B
[2026-09-26T13:50:18.683Z] I (1260428) RouteLoom: HIL HEAP free=21708 largest=18432 min=20932 B
[2026-09-26T13:50:18.693Z] I (1260429) RouteLoom: HIL DISCOVERY candidates=0 neighbors=2 capacity=0 auth=2 stale=0 probes=126 send_failures=7 kind_rejects=0
[2026-09-26T13:50:18.700Z] I (1260439) RouteLoom: HIL ROUTE peer=1 phase=5 via=1 metric=1 generation=307 seq=1
[2026-09-26T13:50:18.708Z] I (1260446) RouteLoom: HIL ROUTE peer=3 phase=5 via=3 metric=1 generation=107 seq=1
[2026-09-26T13:50:19.592Z] I (1261338) RouteLoom: HIL LINK rx peer=3 type=32 cid=2065731346 current=0 status=5 seq=256
[2026-09-26T13:50:19.687Z] I (1261432) RouteLoom: HIL LINK rx peer=1 type=32 cid=3139351763 current=0 status=5 seq=228
[2026-09-26T13:50:20.523Z] I (1262268) RouteLoom: HIL LINK rx peer=3 type=40 cid=2065731346 current=0 status=5 seq=134
[2026-09-26T13:50:20.527Z] I (1262272) RouteLoom: HIL PROBE tx peer=3 type=41 status=0 detail=ok
[2026-09-26T13:50:21.024Z] I (1262770) RouteLoom: HIL LINK tx peer=1 type=32 cid=3445906384 seq=483
[2026-09-26T13:50:23.526Z] I (1265272) RouteLoom: HIL LINK tx peer=3 type=32 cid=3131591193 seq=484
[2026-09-26T13:50:24.594Z] I (1266339) RouteLoom: HIL LINK rx peer=3 type=32 cid=2065731346 current=0 status=5 seq=257
[2026-09-26T13:50:24.686Z] I (1266431) RouteLoom: HIL LINK rx peer=1 type=32 cid=3139351763 current=0 status=5 seq=229
[2026-09-26T13:50:26.028Z] I (1267774) RouteLoom: HIL LINK tx peer=1 type=32 cid=3445906384 seq=485
[2026-09-26T13:50:27.571Z] I (1269316) RouteLoom: HIL LINK rx peer=1 type=40 cid=3139351763 current=0 status=5 seq=118
[2026-09-26T13:50:27.575Z] I (1269320) RouteLoom: HIL PROBE tx peer=1 type=41 status=0 detail=ok
[2026-09-26T13:50:28.529Z] I (1270274) RouteLoom: HIL LINK tx peer=3 type=32 cid=3131591193 seq=486
[2026-09-26T13:50:29.598Z] I (1271341) RouteLoom: HIL LINK rx peer=3 type=32 cid=2065731346 current=0 status=5 seq=258
[2026-09-26T13:50:29.686Z] I (1271431) RouteLoom: HIL LINK rx peer=1 type=32 cid=3139351763 current=0 status=5 seq=230
[2026-09-26T13:50:30.525Z] I (1272270) RouteLoom: HIL PROBE tx peer=3 type=40 status=0 detail=ok
[2026-09-26T13:50:30.544Z] I (1272288) RouteLoom: HIL LINK rx peer=3 type=41 cid=2065731346 current=0 status=5 seq=135
[2026-09-26T13:50:31.029Z] I (1272774) RouteLoom: HIL LINK tx peer=1 type=32 cid=3445906384 seq=487
[2026-09-26T13:50:33.531Z] I (1275276) RouteLoom: HIL LINK tx peer=3 type=32 cid=3131591193 seq=488
[2026-09-26T13:50:34.598Z] I (1276343) RouteLoom: HIL LINK rx peer=3 type=32 cid=2065731346 current=0 status=5 seq=259
[2026-09-26T13:50:34.689Z] I (1276433) RouteLoom: HIL LINK rx peer=1 type=32 cid=3139351763 current=0 status=5 seq=231
[2026-09-26T13:50:36.033Z] I (1277777) RouteLoom: HIL LINK tx peer=1 type=32 cid=3445906384 seq=489
[2026-09-26T13:50:37.573Z] I (1279318) RouteLoom: HIL PROBE tx peer=1 type=40 status=0 detail=ok
[2026-09-26T13:50:37.596Z] I (1279339) RouteLoom: HIL LINK rx peer=1 type=41 cid=3139351763 current=0 status=5 seq=119
[2026-09-26T13:50:38.535Z] I (1280278) RouteLoom: HIL LINK tx peer=3 type=32 cid=3131591193 seq=490
[2026-09-26T13:50:39.600Z] I (1281344) RouteLoom: HIL LINK rx peer=3 type=32 cid=2065731346 current=0 status=5 seq=260
[2026-09-26T13:50:39.689Z] I (1281433) RouteLoom: HIL LINK rx peer=1 type=32 cid=3139351763 current=0 status=5 seq=232
[2026-09-26T13:50:40.539Z] I (1282284) RouteLoom: HIL LINK rx peer=3 type=40 cid=2065731346 current=0 status=5 seq=136
[2026-09-26T13:50:40.543Z] I (1282288) RouteLoom: HIL PROBE tx peer=3 type=41 status=0 detail=ok
[2026-09-26T13:50:41.035Z] I (1282780) RouteLoom: HIL LINK tx peer=1 type=32 cid=3445906384 seq=491
[2026-09-26T13:50:43.537Z] I (1285282) RouteLoom: HIL LINK tx peer=3 type=32 cid=3131591193 seq=492
[2026-09-26T13:50:44.606Z] I (1286345) RouteLoom: HIL LINK rx peer=3 type=32 cid=2065731346 current=0 status=5 seq=261
[2026-09-26T13:50:44.690Z] I (1286435) RouteLoom: HIL LINK rx peer=1 type=32 cid=3139351763 current=0 status=5 seq=233
[2026-09-26T13:50:46.039Z] I (1287784) RouteLoom: HIL LINK tx peer=1 type=32 cid=3445906384 seq=493
[2026-09-26T13:50:47.592Z] I (1289336) RouteLoom: HIL LINK rx peer=1 type=40 cid=3139351763 current=0 status=5 seq=120
[2026-09-26T13:50:47.596Z] I (1289340) RouteLoom: HIL PROBE tx peer=1 type=41 status=0 detail=ok
[2026-09-26T13:50:48.540Z] I (1290285) RouteLoom: HIL LINK tx peer=3 type=32 cid=3131591193 seq=494
[2026-09-26T13:50:49.602Z] I (1291346) RouteLoom: HIL LINK rx peer=3 type=32 cid=2065731346 current=0 status=5 seq=262
[2026-09-26T13:50:49.691Z] I (1291436) RouteLoom: HIL LINK rx peer=1 type=32 cid=3139351763 current=0 status=5 seq=234
[2026-09-26T13:50:50.541Z] I (1292286) RouteLoom: HIL PROBE tx peer=3 type=40 status=0 detail=ok
[2026-09-26T13:50:50.559Z] I (1292303) RouteLoom: HIL LINK rx peer=3 type=41 cid=2065731346 current=0 status=5 seq=137
[2026-09-26T13:50:51.040Z] I (1292785) RouteLoom: HIL LINK tx peer=1 type=32 cid=3445906384 seq=495
[2026-09-26T13:50:51.849Z] I (1293593) RouteLoom: HIL LINK rx peer=1 type=16 cid=3139351763 current=0 status=5 seq=46
[2026-09-26T13:50:51.854Z] I (1293599) RouteLoom: HIL LINK tx peer=1 type=17 cid=3445906384 seq=46
[2026-09-26T13:50:51.865Z] I (1293610) RouteLoom: HIL LINK tx peer=3 type=16 cid=3131591193 seq=46
[2026-09-26T13:50:51.887Z] I (1293631) RouteLoom: HIL LINK rx peer=3 type=17 cid=2065731346 current=0 status=5 seq=46
[2026-09-26T13:50:51.898Z] I (1293642) RouteLoom: HIL LINK rx peer=3 type=18 cid=2065731346 current=0 status=5 seq=46
[2026-09-26T13:50:51.904Z] I (1293648) RouteLoom: HIL LINK tx peer=3 type=17 cid=3131591193 seq=46
[2026-09-26T13:50:51.914Z] I (1293659) RouteLoom: HIL LINK tx peer=1 type=18 cid=3445906384 seq=46
[2026-09-26T13:50:51.937Z] I (1293681) RouteLoom: HIL LINK rx peer=1 type=17 cid=3139351763 current=0 status=5 seq=46
[2026-09-26T13:50:53.541Z] I (1295286) RouteLoom: HIL LINK tx peer=3 type=32 cid=3131591193 seq=496
[2026-09-26T13:50:54.602Z] I (1296346) RouteLoom: HIL LINK rx peer=3 type=32 cid=2065731346 current=0 status=5 seq=263
[2026-09-26T13:50:54.691Z] I (1296436) RouteLoom: HIL LINK rx peer=1 type=32 cid=3139351763 current=0 status=5 seq=235
[2026-09-26T13:50:56.043Z] I (1297788) RouteLoom: HIL LINK tx peer=1 type=32 cid=3445906384 seq=497
[2026-09-26T13:50:57.593Z] I (1299338) RouteLoom: HIL PROBE tx peer=1 type=40 status=0 detail=ok
[2026-09-26T13:50:57.612Z] I (1299356) RouteLoom: HIL LINK rx peer=1 type=41 cid=3139351763 current=0 status=5 seq=121
[2026-09-26T13:50:58.544Z] I (1300289) RouteLoom: HIL LINK tx peer=3 type=32 cid=3131591193 seq=498
[2026-09-26T13:50:59.603Z] I (1301347) RouteLoom: HIL LINK rx peer=3 type=32 cid=2065731346 current=0 status=5 seq=264
[2026-09-26T13:50:59.691Z] I (1301436) RouteLoom: HIL LINK rx peer=1 type=32 cid=3139351763 current=0 status=5 seq=236
[2026-09-26T13:51:00.557Z] I (1302302) RouteLoom: HIL LINK rx peer=3 type=40 cid=2065731346 current=0 status=5 seq=138
[2026-09-26T13:51:00.561Z] I (1302306) RouteLoom: HIL PROBE tx peer=3 type=41 status=0 detail=ok
[2026-09-26T13:51:01.046Z] I (1302791) RouteLoom: HIL LINK tx peer=1 type=32 cid=3445906384 seq=499
[2026-09-26T13:51:03.548Z] I (1305293) RouteLoom: HIL LINK tx peer=3 type=32 cid=3131591193 seq=500
[2026-09-26T13:51:04.605Z] I (1306349) RouteLoom: HIL LINK rx peer=3 type=32 cid=2065731346 current=0 status=5 seq=265
[2026-09-26T13:51:04.691Z] I (1306436) RouteLoom: HIL LINK rx peer=1 type=32 cid=3139351763 current=0 status=5 seq=237
[2026-09-26T13:51:06.049Z] I (1307794) RouteLoom: HIL LINK tx peer=1 type=32 cid=3445906384 seq=501
[2026-09-26T13:51:07.611Z] I (1309355) RouteLoom: HIL LINK rx peer=1 type=40 cid=3139351763 current=0 status=5 seq=122
[2026-09-26T13:51:07.615Z] I (1309359) RouteLoom: HIL PROBE tx peer=1 type=41 status=0 detail=ok
[2026-09-26T13:51:08.550Z] I (1310295) RouteLoom: HIL LINK tx peer=3 type=32 cid=3131591193 seq=502
[2026-09-26T13:51:09.606Z] I (1311350) RouteLoom: HIL LINK rx peer=3 type=32 cid=2065731346 current=0 status=5 seq=266
[2026-09-26T13:51:09.692Z] I (1311437) RouteLoom: HIL LINK rx peer=1 type=32 cid=3139351763 current=0 status=5 seq=238
[2026-09-26T13:51:10.560Z] I (1312305) RouteLoom: HIL PROBE tx peer=3 type=40 status=0 detail=ok
[2026-09-26T13:51:10.577Z] I (1312322) RouteLoom: HIL LINK rx peer=3 type=41 cid=2065731346 current=0 status=5 seq=139
[2026-09-26T13:51:11.050Z] I (1312795) RouteLoom: HIL LINK tx peer=1 type=32 cid=3445906384 seq=503
[2026-09-26T13:51:13.552Z] I (1315297) RouteLoom: HIL LINK tx peer=3 type=32 cid=3131591193 seq=504
[2026-09-26T13:51:14.607Z] I (1316351) RouteLoom: HIL LINK rx peer=3 type=32 cid=2065731346 current=0 status=5 seq=267
[2026-09-26T13:51:14.694Z] I (1316438) RouteLoom: HIL LINK rx peer=1 type=32 cid=3139351763 current=0 status=5 seq=239
[2026-09-26T13:51:16.054Z] I (1317799) RouteLoom: HIL LINK tx peer=1 type=32 cid=3445906384 seq=505
[2026-09-26T13:51:17.613Z] I (1319358) RouteLoom: HIL PROBE tx peer=1 type=40 status=0 detail=ok
[2026-09-26T13:51:17.634Z] I (1319377) RouteLoom: HIL LINK rx peer=1 type=41 cid=3139351763 current=0 status=5 seq=123
[2026-09-26T13:51:18.555Z] I (1320300) RouteLoom: HIL LINK tx peer=3 type=32 cid=3131591193 seq=506
[2026-09-26T13:51:18.685Z] I (1320429) RouteLoom: stack hwm main 11096 B
[2026-09-26T13:51:18.687Z] I (1320429) RouteLoom: HIL HEAP free=21708 largest=18432 min=20932 B
[2026-09-26T13:51:18.695Z] I (1320430) RouteLoom: HIL DISCOVERY candidates=0 neighbors=2 capacity=0 auth=2 stale=0 probes=132 send_failures=7 kind_rejects=0
[2026-09-26T13:51:18.702Z] I (1320440) RouteLoom: HIL ROUTE peer=1 phase=5 via=1 metric=1 generation=307 seq=1
[2026-09-26T13:51:18.710Z] I (1320447) RouteLoom: HIL ROUTE peer=3 phase=5 via=3 metric=1 generation=107 seq=1
[2026-09-26T13:51:19.607Z] I (1321351) RouteLoom: HIL LINK rx peer=3 type=32 cid=2065731346 current=0 status=5 seq=268
[2026-09-26T13:51:19.694Z] I (1321438) RouteLoom: HIL LINK rx peer=1 type=32 cid=3139351763 current=0 status=5 seq=240
[2026-09-26T13:51:20.577Z] I (1322321) RouteLoom: HIL LINK rx peer=3 type=40 cid=2065731346 current=0 status=5 seq=140
[2026-09-26T13:51:20.580Z] I (1322325) RouteLoom: HIL PROBE tx peer=3 type=41 status=0 detail=ok
[2026-09-26T13:51:21.056Z] I (1322801) RouteLoom: HIL LINK tx peer=1 type=32 cid=3445906384 seq=507
[2026-09-26T13:51:23.558Z] I (1325303) RouteLoom: HIL LINK tx peer=3 type=32 cid=3131591193 seq=508
[2026-09-26T13:51:24.608Z] I (1326352) RouteLoom: HIL LINK rx peer=3 type=32 cid=2065731346 current=0 status=5 seq=269
[2026-09-26T13:51:24.695Z] I (1326439) RouteLoom: HIL LINK rx peer=1 type=32 cid=3139351763 current=0 status=5 seq=241
[2026-09-26T13:51:26.059Z] I (1327803) RouteLoom: HIL LINK tx peer=1 type=32 cid=3445906384 seq=509
[2026-09-26T13:51:27.632Z] I (1329376) RouteLoom: HIL LINK rx peer=1 type=40 cid=3139351763 current=0 status=5 seq=124
[2026-09-26T13:51:27.636Z] I (1329380) RouteLoom: HIL PROBE tx peer=1 type=41 status=0 detail=ok
[2026-09-26T13:51:28.560Z] I (1330304) RouteLoom: HIL LINK tx peer=3 type=32 cid=3131591193 seq=510
[2026-09-26T13:51:28.847Z] I (1330590) RouteLoom: HIL LINK rx peer=1 type=16 cid=3139351763 current=0 status=5 seq=47
[2026-09-26T13:51:28.850Z] I (1330594) RouteLoomRef: message origin=1 session=307 sequence=47 bytes=9
[2026-09-26T13:51:28.856Z] I (1330598) RouteLoom: HIL LINK tx peer=1 type=17 cid=3445906384 seq=47
[2026-09-26T13:51:28.866Z] I (1330610) RouteLoom: HIL LINK tx peer=1 type=18 cid=3445906384 seq=47
[2026-09-26T13:51:28.889Z] I (1330632) RouteLoom: HIL LINK rx peer=1 type=17 cid=3139351763 current=0 status=5 seq=47
[2026-09-26T13:51:29.609Z] I (1331353) RouteLoom: HIL LINK rx peer=3 type=32 cid=2065731346 current=0 status=5 seq=270
[2026-09-26T13:51:29.695Z] I (1331439) RouteLoom: HIL LINK rx peer=1 type=32 cid=3139351763 current=0 status=5 seq=242
[2026-09-26T13:51:30.579Z] I (1332323) RouteLoom: HIL PROBE tx peer=3 type=40 status=0 detail=ok
[2026-09-26T13:51:30.596Z] I (1332340) RouteLoom: HIL LINK rx peer=3 type=41 cid=2065731346 current=0 status=5 seq=141
[2026-09-26T13:51:31.060Z] I (1332804) RouteLoom: HIL LINK tx peer=1 type=32 cid=3445906384 seq=511
[2026-09-26T13:51:33.562Z] I (1335306) RouteLoom: HIL LINK tx peer=3 type=32 cid=3131591193 seq=512
[2026-09-26T13:51:34.613Z] I (1336356) RouteLoom: HIL LINK rx peer=3 type=32 cid=2065731346 current=0 status=5 seq=271
[2026-09-26T13:51:34.696Z] I (1336440) RouteLoom: HIL LINK rx peer=1 type=32 cid=3139351763 current=0 status=5 seq=243
[2026-09-26T13:51:36.063Z] I (1337807) RouteLoom: HIL LINK tx peer=1 type=32 cid=3445906384 seq=513
[2026-09-26T13:51:37.634Z] I (1339378) RouteLoom: HIL PROBE tx peer=1 type=40 status=0 detail=ok
[2026-09-26T13:51:37.653Z] I (1339396) RouteLoom: HIL LINK rx peer=1 type=41 cid=3139351763 current=0 status=5 seq=125
[2026-09-26T13:51:38.566Z] I (1340308) RouteLoom: HIL LINK tx peer=3 type=32 cid=3131591193 seq=514
[2026-09-26T13:51:39.614Z] I (1341357) RouteLoom: HIL LINK rx peer=3 type=32 cid=2065731346 current=0 status=5 seq=272
[2026-09-26T13:51:39.696Z] I (1341440) RouteLoom: HIL LINK rx peer=1 type=32 cid=3139351763 current=0 status=5 seq=244
[2026-09-26T13:51:40.595Z] I (1342338) RouteLoom: HIL LINK rx peer=3 type=40 cid=2065731346 current=0 status=5 seq=142
[2026-09-26T13:51:40.599Z] I (1342342) RouteLoom: HIL PROBE tx peer=3 type=41 status=0 detail=ok
[2026-09-26T13:51:41.066Z] I (1342810) RouteLoom: HIL LINK tx peer=1 type=32 cid=3445906384 seq=515
[2026-09-26T13:51:43.568Z] I (1345312) RouteLoom: HIL LINK tx peer=3 type=32 cid=3131591193 seq=516
[2026-09-26T13:51:44.615Z] I (1346358) RouteLoom: HIL LINK rx peer=3 type=32 cid=2065731346 current=0 status=5 seq=273
[2026-09-26T13:51:44.697Z] I (1346441) RouteLoom: HIL LINK rx peer=1 type=32 cid=3139351763 current=0 status=5 seq=245
[2026-09-26T13:51:46.070Z] I (1347814) RouteLoom: HIL LINK tx peer=1 type=32 cid=3445906384 seq=517
[2026-09-26T13:51:47.653Z] I (1349396) RouteLoom: HIL LINK rx peer=1 type=40 cid=3139351763 current=0 status=5 seq=126
[2026-09-26T13:51:47.657Z] I (1349400) RouteLoom: HIL PROBE tx peer=1 type=41 status=0 detail=ok
[2026-09-26T13:51:48.572Z] I (1350315) RouteLoom: HIL LINK tx peer=3 type=32 cid=3131591193 seq=518
[2026-09-26T13:51:49.616Z] I (1351359) RouteLoom: HIL LINK rx peer=3 type=32 cid=2065731346 current=0 status=5 seq=274
[2026-09-26T13:51:49.698Z] I (1351442) RouteLoom: HIL LINK rx peer=1 type=32 cid=3139351763 current=0 status=5 seq=246
[2026-09-26T13:51:50.596Z] I (1352340) RouteLoom: HIL PROBE tx peer=3 type=40 status=0 detail=ok
[2026-09-26T13:51:50.613Z] I (1352357) RouteLoom: HIL LINK rx peer=3 type=41 cid=2065731346 current=0 status=5 seq=143
[2026-09-26T13:51:51.071Z] I (1352815) RouteLoom: HIL LINK tx peer=1 type=32 cid=3445906384 seq=519
[2026-09-26T13:51:53.572Z] I (1355316) RouteLoom: HIL LINK tx peer=3 type=32 cid=3131591193 seq=520
[2026-09-26T13:51:54.618Z] I (1356361) RouteLoom: HIL LINK rx peer=3 type=32 cid=2065731346 current=0 status=5 seq=275
[2026-09-26T13:51:54.700Z] I (1356443) RouteLoom: HIL LINK rx peer=1 type=32 cid=3139351763 current=0 status=5 seq=247
[2026-09-26T13:51:56.073Z] I (1357817) RouteLoom: HIL LINK tx peer=1 type=32 cid=3445906384 seq=521
[2026-09-26T13:51:57.656Z] I (1359400) RouteLoom: HIL PROBE tx peer=1 type=40 status=0 detail=ok
[2026-09-26T13:51:57.675Z] I (1359418) RouteLoom: HIL LINK rx peer=1 type=40 cid=3139351763 current=0 status=5 seq=127
[2026-09-26T13:51:57.679Z] I (1359422) RouteLoom: HIL PROBE tx peer=1 type=41 status=0 detail=ok
[2026-09-26T13:51:58.575Z] I (1360319) RouteLoom: HIL LINK tx peer=3 type=32 cid=3131591193 seq=522
[2026-09-26T13:51:59.619Z] I (1361362) RouteLoom: HIL LINK rx peer=3 type=32 cid=2065731346 current=0 status=5 seq=276
[2026-09-26T13:51:59.701Z] I (1361445) RouteLoom: HIL LINK rx peer=1 type=32 cid=3139351763 current=0 status=5 seq=248
[2026-09-26T13:52:00.614Z] I (1362357) RouteLoom: HIL LINK rx peer=3 type=40 cid=2065731346 current=0 status=5 seq=144
[2026-09-26T13:52:00.618Z] I (1362361) RouteLoom: HIL PROBE tx peer=3 type=41 status=0 detail=ok
[2026-09-26T13:52:01.076Z] I (1362820) RouteLoom: HIL LINK tx peer=1 type=32 cid=3445906384 seq=523
[2026-09-26T13:52:03.578Z] I (1365322) RouteLoom: HIL LINK tx peer=3 type=32 cid=3131591193 seq=524
[2026-09-26T13:52:04.628Z] I (1366372) RouteLoom: HIL LINK rx peer=3 type=32 cid=2065731346 current=0 status=5 seq=277
[2026-09-26T13:52:04.704Z] I (1366447) RouteLoom: HIL LINK rx peer=1 type=32 cid=3139351763 current=0 status=5 seq=249
[2026-09-26T13:52:05.849Z] I (1367592) RouteLoom: HIL LINK rx peer=1 type=16 cid=3139351763 current=0 status=5 seq=48
[2026-09-26T13:52:05.854Z] I (1367598) RouteLoom: HIL LINK tx peer=1 type=17 cid=3445906384 seq=48
[2026-09-26T13:52:05.866Z] I (1367609) RouteLoom: HIL LINK tx peer=3 type=16 cid=3131591193 seq=48
[2026-09-26T13:52:05.893Z] I (1367636) RouteLoom: HIL LINK rx peer=3 type=17 cid=2065731346 current=0 status=5 seq=48
[2026-09-26T13:52:05.908Z] I (1367651) RouteLoom: HIL LINK rx peer=3 type=18 cid=2065731346 current=0 status=5 seq=48
[2026-09-26T13:52:05.913Z] I (1367657) RouteLoom: HIL LINK tx peer=3 type=17 cid=3131591193 seq=48
[2026-09-26T13:52:05.924Z] I (1367668) RouteLoom: HIL LINK tx peer=1 type=18 cid=3445906384 seq=48
[2026-09-26T13:52:05.947Z] I (1367690) RouteLoom: HIL LINK rx peer=1 type=17 cid=3139351763 current=0 status=5 seq=48
[2026-09-26T13:52:06.078Z] I (1367822) RouteLoom: HIL LINK tx peer=1 type=32 cid=3445906384 seq=525
[2026-09-26T13:52:07.676Z] I (1369420) RouteLoom: HIL PROBE tx peer=1 type=40 status=0 detail=ok
[2026-09-26T13:52:07.700Z] I (1369443) RouteLoom: HIL LINK rx peer=1 type=41 cid=3139351763 current=0 status=5 seq=129
[2026-09-26T13:52:08.578Z] I (1370322) RouteLoom: HIL LINK tx peer=3 type=32 cid=3131591193 seq=526
[2026-09-26T13:52:09.621Z] I (1371364) RouteLoom: HIL LINK rx peer=3 type=32 cid=2065731346 current=0 status=5 seq=278
[2026-09-26T13:52:09.701Z] I (1371445) RouteLoom: HIL LINK rx peer=1 type=32 cid=3139351763 current=0 status=5 seq=250
[2026-09-26T13:52:10.617Z] I (1372361) RouteLoom: HIL PROBE tx peer=3 type=40 status=0 detail=ok
[2026-09-26T13:52:10.634Z] I (1372378) RouteLoom: HIL LINK rx peer=3 type=41 cid=2065731346 current=0 status=5 seq=145
[2026-09-26T13:52:11.080Z] I (1372824) RouteLoom: HIL LINK tx peer=1 type=32 cid=3445906384 seq=527
[2026-09-26T13:52:13.582Z] I (1375326) RouteLoom: HIL LINK tx peer=3 type=32 cid=3131591193 seq=528
[2026-09-26T13:52:14.623Z] I (1376367) RouteLoom: HIL LINK rx peer=3 type=32 cid=2065731346 current=0 status=5 seq=279
[2026-09-26T13:52:14.703Z] I (1376446) RouteLoom: HIL LINK rx peer=1 type=32 cid=3139351763 current=0 status=5 seq=251
[2026-09-26T13:52:16.085Z] I (1377828) RouteLoom: HIL LINK tx peer=1 type=32 cid=3445906384 seq=529
[2026-09-26T13:52:17.694Z] I (1379437) RouteLoom: HIL LINK rx peer=1 type=40 cid=3139351763 current=0 status=5 seq=130
[2026-09-26T13:52:17.698Z] I (1379441) RouteLoom: HIL PROBE tx peer=1 type=41 status=0 detail=ok
[2026-09-26T13:52:18.585Z] I (1380329) RouteLoom: HIL LINK tx peer=3 type=32 cid=3131591193 seq=530
[2026-09-26T13:52:18.688Z] I (1380431) RouteLoom: stack hwm main 11096 B
[2026-09-26T13:52:18.690Z] I (1380431) RouteLoom: HIL HEAP free=21708 largest=18432 min=20932 B
[2026-09-26T13:52:18.698Z] I (1380432) RouteLoom: HIL DISCOVERY candidates=0 neighbors=2 capacity=0 auth=2 stale=0 probes=138 send_failures=7 kind_rejects=0
[2026-09-26T13:52:18.706Z] I (1380442) RouteLoom: HIL ROUTE peer=1 phase=5 via=1 metric=1 generation=307 seq=1
[2026-09-26T13:52:18.713Z] I (1380449) RouteLoom: HIL ROUTE peer=3 phase=5 via=3 metric=1 generation=107 seq=1
[2026-09-26T13:52:19.624Z] I (1381367) RouteLoom: HIL LINK rx peer=3 type=32 cid=2065731346 current=0 status=5 seq=280
[2026-09-26T13:52:19.704Z] I (1381447) RouteLoom: HIL LINK rx peer=1 type=32 cid=3139351763 current=0 status=5 seq=252
[2026-09-26T13:52:20.633Z] I (1382375) RouteLoom: HIL LINK rx peer=3 type=40 cid=2065731346 current=0 status=5 seq=146
[2026-09-26T13:52:20.636Z] I (1382379) RouteLoom: HIL PROBE tx peer=3 type=41 status=0 detail=ok
[2026-09-26T13:52:21.085Z] I (1382829) RouteLoom: HIL LINK tx peer=1 type=32 cid=3445906384 seq=531
[2026-09-26T13:52:23.590Z] I (1385331) RouteLoom: HIL LINK tx peer=3 type=32 cid=3131591193 seq=532
[2026-09-26T13:52:24.625Z] I (1386368) RouteLoom: HIL LINK rx peer=3 type=32 cid=2065731346 current=0 status=5 seq=281
[2026-09-26T13:52:24.708Z] I (1386450) RouteLoom: HIL LINK rx peer=1 type=32 cid=3139351763 current=0 status=5 seq=253
[2026-09-26T13:52:26.090Z] I (1387833) RouteLoom: HIL LINK tx peer=1 type=32 cid=3445906384 seq=533
[2026-09-26T13:52:27.697Z] I (1389440) RouteLoom: HIL PROBE tx peer=1 type=40 status=0 detail=ok
[2026-09-26T13:52:27.715Z] I (1389458) RouteLoom: HIL LINK rx peer=1 type=41 cid=3139351763 current=0 status=5 seq=131
[2026-09-26T13:52:28.591Z] I (1390334) RouteLoom: HIL LINK tx peer=3 type=32 cid=3131591193 seq=534
[2026-09-26T13:52:29.626Z] I (1391369) RouteLoom: HIL LINK rx peer=3 type=32 cid=2065731346 current=0 status=5 seq=282
[2026-09-26T13:52:29.708Z] I (1391451) RouteLoom: HIL LINK rx peer=1 type=32 cid=3139351763 current=0 status=5 seq=254
[2026-09-26T13:52:30.636Z] I (1392379) RouteLoom: HIL PROBE tx peer=3 type=40 status=0 detail=ok
[2026-09-26T13:52:30.653Z] I (1392396) RouteLoom: HIL LINK rx peer=3 type=41 cid=2065731346 current=0 status=5 seq=147
[2026-09-26T13:52:31.093Z] I (1392836) RouteLoom: HIL LINK tx peer=1 type=32 cid=3445906384 seq=535
[2026-09-26T13:52:33.595Z] I (1395338) RouteLoom: HIL LINK tx peer=3 type=32 cid=3131591193 seq=536
[2026-09-26T13:52:34.627Z] I (1396370) RouteLoom: HIL LINK rx peer=3 type=32 cid=2065731346 current=0 status=5 seq=283
[2026-09-26T13:52:34.709Z] I (1396452) RouteLoom: HIL LINK rx peer=1 type=32 cid=3139351763 current=0 status=5 seq=255
[2026-09-26T13:52:36.097Z] I (1397840) RouteLoom: HIL LINK tx peer=1 type=32 cid=3445906384 seq=537
[2026-09-26T13:52:37.716Z] I (1399458) RouteLoom: HIL LINK rx peer=1 type=40 cid=3139351763 current=0 status=5 seq=132
[2026-09-26T13:52:37.719Z] I (1399462) RouteLoom: HIL PROBE tx peer=1 type=41 status=0 detail=ok
[2026-09-26T13:52:38.598Z] I (1400341) RouteLoom: HIL LINK tx peer=3 type=32 cid=3131591193 seq=538
[2026-09-26T13:52:39.629Z] I (1401371) RouteLoom: HIL LINK rx peer=3 type=32 cid=2065731346 current=0 status=5 seq=284
[2026-09-26T13:52:39.711Z] I (1401454) RouteLoom: HIL LINK rx peer=1 type=32 cid=3139351763 current=0 status=5 seq=256
[2026-09-26T13:52:40.651Z] I (1402394) RouteLoom: HIL LINK rx peer=3 type=40 cid=2065731346 current=0 status=5 seq=148
[2026-09-26T13:52:40.655Z] I (1402398) RouteLoom: HIL PROBE tx peer=3 type=41 status=0 detail=ok
[2026-09-26T13:52:41.099Z] I (1402842) RouteLoom: HIL LINK tx peer=1 type=32 cid=3445906384 seq=539
[2026-09-26T13:52:42.847Z] I (1404589) RouteLoom: HIL LINK rx peer=1 type=16 cid=3139351763 current=0 status=5 seq=49
[2026-09-26T13:52:42.850Z] I (1404593) RouteLoomRef: message origin=1 session=307 sequence=49 bytes=9
[2026-09-26T13:52:42.857Z] I (1404596) RouteLoom: HIL LINK tx peer=1 type=17 cid=3445906384 seq=49
[2026-09-26T13:52:42.865Z] I (1404608) RouteLoom: HIL LINK tx peer=1 type=18 cid=3445906384 seq=49
[2026-09-26T13:52:42.888Z] I (1404630) RouteLoom: HIL LINK rx peer=1 type=17 cid=3139351763 current=0 status=5 seq=49
[2026-09-26T13:52:43.601Z] I (1405344) RouteLoom: HIL LINK tx peer=3 type=32 cid=3131591193 seq=540
[2026-09-26T13:52:44.629Z] I (1406372) RouteLoom: HIL LINK rx peer=3 type=32 cid=2065731346 current=0 status=5 seq=285
[2026-09-26T13:52:44.713Z] I (1406454) RouteLoom: HIL LINK rx peer=1 type=32 cid=3139351763 current=0 status=5 seq=257
[2026-09-26T13:52:46.103Z] I (1407845) RouteLoom: HIL LINK tx peer=1 type=32 cid=3445906384 seq=541
[2026-09-26T13:52:47.718Z] I (1409461) RouteLoom: HIL PROBE tx peer=1 type=40 status=0 detail=ok
[2026-09-26T13:52:47.737Z] I (1409479) RouteLoom: HIL LINK rx peer=1 type=41 cid=3139351763 current=0 status=5 seq=133
[2026-09-26T13:52:48.603Z] I (1410346) RouteLoom: HIL LINK tx peer=3 type=32 cid=3131591193 seq=542
[2026-09-26T13:52:49.631Z] I (1411373) RouteLoom: HIL LINK rx peer=3 type=32 cid=2065731346 current=0 status=5 seq=286
[2026-09-26T13:52:49.713Z] I (1411455) RouteLoom: HIL LINK rx peer=1 type=32 cid=3139351763 current=0 status=5 seq=258
[2026-09-26T13:52:50.653Z] I (1412396) RouteLoom: HIL PROBE tx peer=3 type=40 status=0 detail=ok
[2026-09-26T13:52:50.670Z] I (1412413) RouteLoom: HIL LINK rx peer=3 type=41 cid=2065731346 current=0 status=5 seq=149
[2026-09-26T13:52:51.104Z] I (1412847) RouteLoom: HIL LINK tx peer=1 type=32 cid=3445906384 seq=543
[2026-09-26T13:52:53.608Z] I (1415349) RouteLoom: HIL LINK tx peer=3 type=32 cid=3131591193 seq=544
[2026-09-26T13:52:54.631Z] I (1416374) RouteLoom: HIL LINK rx peer=3 type=32 cid=2065731346 current=0 status=5 seq=287
[2026-09-26T13:52:54.713Z] I (1416456) RouteLoom: HIL LINK rx peer=1 type=32 cid=3139351763 current=0 status=5 seq=259
[2026-09-26T13:52:56.107Z] I (1417850) RouteLoom: HIL LINK tx peer=1 type=32 cid=3445906384 seq=545
[2026-09-26T13:52:57.740Z] I (1419481) RouteLoom: HIL PROBE tx peer=1 type=40 status=0 detail=ok
[2026-09-26T13:52:57.742Z] I (1419483) RouteLoom: HIL LINK rx peer=1 type=40 cid=3139351763 current=0 status=5 seq=134
[2026-09-26T13:52:57.751Z] I (1419487) RouteLoom: HIL PROBE tx peer=1 type=41 status=6 detail=autonomy TX already in flight to peer
[2026-09-26T13:52:57.759Z] I (1419499) RouteLoom: HIL LINK rx peer=1 type=41 cid=3139351763 current=0 status=5 seq=135
[2026-09-26T13:52:58.607Z] I (1420350) RouteLoom: HIL LINK tx peer=3 type=32 cid=3131591193 seq=546
[2026-09-26T13:52:59.632Z] I (1421375) RouteLoom: HIL LINK rx peer=3 type=32 cid=2065731346 current=0 status=5 seq=288
[2026-09-26T13:52:59.715Z] I (1421458) RouteLoom: HIL LINK rx peer=1 type=32 cid=3139351763 current=0 status=5 seq=260
[2026-09-26T13:53:00.668Z] I (1422410) RouteLoom: HIL LINK rx peer=3 type=40 cid=2065731346 current=0 status=5 seq=150
[2026-09-26T13:53:00.672Z] I (1422414) RouteLoom: HIL PROBE tx peer=3 type=41 status=0 detail=ok
[2026-09-26T13:53:01.109Z] I (1422852) RouteLoom: HIL LINK tx peer=1 type=32 cid=3445906384 seq=547
[2026-09-26T13:53:03.611Z] I (1425354) RouteLoom: HIL LINK tx peer=3 type=32 cid=3131591193 seq=548
[2026-09-26T13:53:04.635Z] I (1426377) RouteLoom: HIL LINK rx peer=3 type=32 cid=2065731346 current=0 status=5 seq=289
[2026-09-26T13:53:04.716Z] I (1426458) RouteLoom: HIL LINK rx peer=1 type=32 cid=3139351763 current=0 status=5 seq=261
[2026-09-26T13:53:06.113Z] I (1427855) RouteLoom: HIL LINK tx peer=1 type=32 cid=3445906384 seq=549
[2026-09-26T13:53:07.758Z] I (1429499) RouteLoom: HIL LINK rx peer=1 type=40 cid=3139351763 current=0 status=5 seq=136
[2026-09-26T13:53:07.761Z] I (1429503) RouteLoom: HIL PROBE tx peer=1 type=41 status=0 detail=ok
[2026-09-26T13:53:08.612Z] I (1430355) RouteLoom: HIL LINK tx peer=3 type=32 cid=3131591193 seq=550
[2026-09-26T13:53:09.636Z] I (1431378) RouteLoom: HIL LINK rx peer=3 type=32 cid=2065731346 current=0 status=5 seq=290
[2026-09-26T13:53:09.717Z] I (1431459) RouteLoom: HIL LINK rx peer=1 type=32 cid=3139351763 current=0 status=5 seq=262
[2026-09-26T13:53:10.669Z] I (1432412) RouteLoom: HIL PROBE tx peer=3 type=40 status=0 detail=ok
[2026-09-26T13:53:10.686Z] I (1432429) RouteLoom: HIL LINK rx peer=3 type=41 cid=2065731346 current=0 status=5 seq=151
[2026-09-26T13:53:11.114Z] I (1432857) RouteLoom: HIL LINK tx peer=1 type=32 cid=3445906384 seq=551
[2026-09-26T13:53:13.616Z] I (1435359) RouteLoom: HIL LINK tx peer=3 type=32 cid=3131591193 seq=552
[2026-09-26T13:53:14.636Z] I (1436378) RouteLoom: HIL LINK rx peer=3 type=32 cid=2065731346 current=0 status=5 seq=291
[2026-09-26T13:53:14.719Z] I (1436461) RouteLoom: HIL LINK rx peer=1 type=32 cid=3139351763 current=0 status=5 seq=263
[2026-09-26T13:53:16.119Z] I (1437861) RouteLoom: HIL LINK tx peer=1 type=32 cid=3445906384 seq=553
[2026-09-26T13:53:17.759Z] I (1439501) RouteLoom: HIL PROBE tx peer=1 type=40 status=0 detail=ok
[2026-09-26T13:53:17.781Z] I (1439519) RouteLoom: HIL LINK rx peer=1 type=41 cid=3139351763 current=0 status=5 seq=137
[2026-09-26T13:53:18.620Z] I (1440362) RouteLoom: HIL LINK tx peer=3 type=32 cid=3131591193 seq=554
[2026-09-26T13:53:18.689Z] I (1440431) RouteLoom: stack hwm main 11096 B
[2026-09-26T13:53:18.689Z] I (1440431) RouteLoom: HIL HEAP free=21708 largest=18432 min=20932 B
[2026-09-26T13:53:18.699Z] I (1440432) RouteLoom: HIL DISCOVERY candidates=0 neighbors=2 capacity=0 auth=2 stale=0 probes=145 send_failures=8 kind_rejects=0
[2026-09-26T13:53:18.707Z] I (1440442) RouteLoom: HIL ROUTE peer=1 phase=5 via=1 metric=1 generation=307 seq=1
[2026-09-26T13:53:18.714Z] I (1440449) RouteLoom: HIL ROUTE peer=3 phase=5 via=3 metric=1 generation=107 seq=1
[2026-09-26T13:53:19.637Z] I (1441379) RouteLoom: HIL LINK rx peer=3 type=32 cid=2065731346 current=0 status=5 seq=292
[2026-09-26T13:53:19.719Z] I (1441461) RouteLoom: HIL LINK rx peer=1 type=32 cid=3139351763 current=0 status=5 seq=264
[2026-09-26T13:53:19.847Z] I (1441589) RouteLoom: HIL LINK rx peer=1 type=16 cid=3139351763 current=0 status=5 seq=50
[2026-09-26T13:53:19.853Z] I (1441595) RouteLoom: HIL LINK tx peer=1 type=17 cid=3445906384 seq=50
[2026-09-26T13:53:19.867Z] I (1441609) RouteLoom: HIL LINK tx peer=3 type=16 cid=3131591193 seq=50
[2026-09-26T13:53:19.887Z] I (1441629) RouteLoom: HIL LINK rx peer=3 type=17 cid=2065731346 current=0 status=5 seq=50
[2026-09-26T13:53:19.902Z] I (1441644) RouteLoom: HIL LINK rx peer=3 type=18 cid=2065731346 current=0 status=5 seq=50
[2026-09-26T13:53:19.908Z] I (1441650) RouteLoom: HIL LINK tx peer=3 type=17 cid=3131591193 seq=50
[2026-09-26T13:53:19.919Z] I (1441661) RouteLoom: HIL LINK tx peer=1 type=18 cid=3445906384 seq=50
[2026-09-26T13:53:19.939Z] I (1441681) RouteLoom: HIL LINK rx peer=1 type=17 cid=3139351763 current=0 status=5 seq=50
[2026-09-26T13:53:20.684Z] I (1442426) RouteLoom: HIL LINK rx peer=3 type=40 cid=2065731346 current=0 status=5 seq=152
[2026-09-26T13:53:20.688Z] I (1442430) RouteLoom: HIL PROBE tx peer=3 type=41 status=0 detail=ok
[2026-09-26T13:53:21.120Z] I (1442862) RouteLoom: HIL LINK tx peer=1 type=32 cid=3445906384 seq=555
[2026-09-26T13:53:23.622Z] I (1445364) RouteLoom: HIL LINK tx peer=3 type=32 cid=3131591193 seq=556
[2026-09-26T13:53:24.638Z] I (1446380) RouteLoom: HIL LINK rx peer=3 type=32 cid=2065731346 current=0 status=5 seq=293
[2026-09-26T13:53:24.721Z] I (1446463) RouteLoom: HIL LINK rx peer=1 type=32 cid=3139351763 current=0 status=5 seq=265
[2026-09-26T13:53:26.124Z] I (1447866) RouteLoom: HIL LINK tx peer=1 type=32 cid=3445906384 seq=557
[2026-09-26T13:53:27.777Z] I (1449519) RouteLoom: HIL LINK rx peer=1 type=40 cid=3139351763 current=0 status=5 seq=138
[2026-09-26T13:53:27.781Z] I (1449523) RouteLoom: HIL PROBE tx peer=1 type=41 status=0 detail=ok
[2026-09-26T13:53:28.624Z] I (1450366) RouteLoom: HIL LINK tx peer=3 type=32 cid=3131591193 seq=558
[2026-09-26T13:53:29.640Z] I (1451381) RouteLoom: HIL LINK rx peer=3 type=32 cid=2065731346 current=0 status=5 seq=294
[2026-09-26T13:53:29.722Z] I (1451464) RouteLoom: HIL LINK rx peer=1 type=32 cid=3139351763 current=0 status=5 seq=266
[2026-09-26T13:53:30.686Z] I (1452428) RouteLoom: HIL PROBE tx peer=3 type=40 status=0 detail=ok
[2026-09-26T13:53:30.708Z] I (1452449) RouteLoom: HIL LINK rx peer=3 type=41 cid=2065731346 current=0 status=5 seq=153
[2026-09-26T13:53:31.124Z] I (1452866) RouteLoom: HIL LINK tx peer=1 type=32 cid=3445906384 seq=559
[2026-09-26T13:53:33.626Z] I (1455368) RouteLoom: HIL LINK tx peer=3 type=32 cid=3131591193 seq=560
[2026-09-26T13:53:34.642Z] I (1456383) RouteLoom: HIL LINK rx peer=3 type=32 cid=2065731346 current=0 status=5 seq=295
[2026-09-26T13:53:34.724Z] I (1456465) RouteLoom: HIL LINK rx peer=1 type=32 cid=3139351763 current=0 status=5 seq=267
[2026-09-26T13:53:36.127Z] I (1457869) RouteLoom: HIL LINK tx peer=1 type=32 cid=3445906384 seq=561
[2026-09-26T13:53:37.779Z] I (1459521) RouteLoom: HIL PROBE tx peer=1 type=40 status=0 detail=ok
[2026-09-26T13:53:37.798Z] I (1459539) RouteLoom: HIL LINK rx peer=1 type=41 cid=3139351763 current=0 status=5 seq=139
[2026-09-26T13:53:38.628Z] I (1460370) RouteLoom: HIL LINK tx peer=3 type=32 cid=3131591193 seq=562
[2026-09-26T13:53:39.644Z] I (1461385) RouteLoom: HIL LINK rx peer=3 type=32 cid=2065731346 current=0 status=5 seq=296
[2026-09-26T13:53:39.724Z] I (1461466) RouteLoom: HIL LINK rx peer=1 type=32 cid=3139351763 current=0 status=5 seq=268
[2026-09-26T13:53:40.703Z] I (1462444) RouteLoom: HIL LINK rx peer=3 type=40 cid=2065731346 current=0 status=5 seq=154
[2026-09-26T13:53:40.706Z] I (1462448) RouteLoom: HIL PROBE tx peer=3 type=41 status=0 detail=ok
[2026-09-26T13:53:41.129Z] I (1462871) RouteLoom: HIL LINK tx peer=1 type=32 cid=3445906384 seq=563
[2026-09-26T13:53:43.631Z] I (1465373) RouteLoom: HIL LINK tx peer=3 type=32 cid=3131591193 seq=564
[2026-09-26T13:53:44.644Z] I (1466386) RouteLoom: HIL LINK rx peer=3 type=32 cid=2065731346 current=0 status=5 seq=297
[2026-09-26T13:53:44.726Z] I (1466467) RouteLoom: HIL LINK rx peer=1 type=32 cid=3139351763 current=0 status=5 seq=269
[2026-09-26T13:53:46.132Z] I (1467874) RouteLoom: HIL LINK tx peer=1 type=32 cid=3445906384 seq=565
[2026-09-26T13:53:47.795Z] I (1469536) RouteLoom: HIL LINK rx peer=1 type=40 cid=3139351763 current=0 status=5 seq=140
[2026-09-26T13:53:47.799Z] I (1469540) RouteLoom: HIL PROBE tx peer=1 type=41 status=0 detail=ok
[2026-09-26T13:53:48.632Z] I (1470374) RouteLoom: HIL LINK tx peer=3 type=32 cid=3131591193 seq=566
[2026-09-26T13:53:49.645Z] I (1471387) RouteLoom: HIL LINK rx peer=3 type=32 cid=2065731346 current=0 status=5 seq=298
[2026-09-26T13:53:49.728Z] I (1471468) RouteLoom: HIL LINK rx peer=1 type=32 cid=3139351763 current=0 status=5 seq=270
[2026-09-26T13:53:50.706Z] I (1472448) RouteLoom: HIL PROBE tx peer=3 type=40 status=0 detail=ok
[2026-09-26T13:53:50.725Z] I (1472466) RouteLoom: HIL LINK rx peer=3 type=40 cid=2065731346 current=0 status=5 seq=155
[2026-09-26T13:53:50.729Z] I (1472470) RouteLoom: HIL PROBE tx peer=3 type=41 status=0 detail=ok
[2026-09-26T13:53:51.133Z] I (1472875) RouteLoom: HIL LINK tx peer=1 type=32 cid=3445906384 seq=567
[2026-09-26T13:53:53.636Z] I (1475377) RouteLoom: HIL LINK tx peer=3 type=32 cid=3131591193 seq=568
[2026-09-26T13:53:54.647Z] I (1476389) RouteLoom: HIL LINK rx peer=3 type=32 cid=2065731346 current=0 status=5 seq=299
[2026-09-26T13:53:54.729Z] I (1476470) RouteLoom: HIL LINK rx peer=1 type=32 cid=3139351763 current=0 status=5 seq=271
[2026-09-26T13:53:56.135Z] I (1477877) RouteLoom: HIL LINK tx peer=1 type=32 cid=3445906384 seq=569
[2026-09-26T13:53:56.848Z] I (1478589) RouteLoom: HIL LINK rx peer=1 type=16 cid=3139351763 current=0 status=5 seq=51
[2026-09-26T13:53:56.852Z] I (1478593) RouteLoomRef: message origin=1 session=307 sequence=51 bytes=9
[2026-09-26T13:53:56.858Z] I (1478597) RouteLoom: HIL LINK tx peer=1 type=17 cid=3445906384 seq=51
[2026-09-26T13:53:56.869Z] I (1478610) RouteLoom: HIL LINK tx peer=1 type=18 cid=3445906384 seq=51
[2026-09-26T13:53:56.898Z] I (1478639) RouteLoom: HIL LINK rx peer=1 type=17 cid=3139351763 current=0 status=5 seq=51
[2026-09-26T13:53:57.796Z] I (1479538) RouteLoom: HIL PROBE tx peer=1 type=40 status=0 detail=ok
[2026-09-26T13:53:57.819Z] I (1479560) RouteLoom: HIL LINK rx peer=1 type=41 cid=3139351763 current=0 status=5 seq=141
[2026-09-26T13:53:58.638Z] I (1480379) RouteLoom: HIL LINK tx peer=3 type=32 cid=3131591193 seq=570
[2026-09-26T13:53:59.648Z] I (1481390) RouteLoom: HIL LINK rx peer=3 type=32 cid=2065731346 current=0 status=5 seq=300
[2026-09-26T13:53:59.731Z] I (1481472) RouteLoom: HIL LINK rx peer=1 type=32 cid=3139351763 current=0 status=5 seq=272
[2026-09-26T13:54:00.727Z] I (1482469) RouteLoom: HIL PROBE tx peer=3 type=40 status=0 detail=ok
[2026-09-26T13:54:00.745Z] I (1482486) RouteLoom: HIL LINK rx peer=3 type=41 cid=2065731346 current=0 status=5 seq=157
[2026-09-26T13:54:01.139Z] I (1482881) RouteLoom: HIL LINK tx peer=1 type=32 cid=3445906384 seq=571
[2026-09-26T13:54:03.641Z] I (1485383) RouteLoom: HIL LINK tx peer=3 type=32 cid=3131591193 seq=572
[2026-09-26T13:54:04.648Z] I (1486390) RouteLoom: HIL LINK rx peer=3 type=32 cid=2065731346 current=0 status=5 seq=301
[2026-09-26T13:54:04.730Z] I (1486472) RouteLoom: HIL LINK rx peer=1 type=32 cid=3139351763 current=0 status=5 seq=273
[2026-09-26T13:54:06.142Z] I (1487884) RouteLoom: HIL LINK tx peer=1 type=32 cid=3445906384 seq=573
[2026-09-26T13:54:07.817Z] I (1489558) RouteLoom: HIL LINK rx peer=1 type=40 cid=3139351763 current=0 status=5 seq=142
[2026-09-26T13:54:07.821Z] I (1489562) RouteLoom: HIL PROBE tx peer=1 type=41 status=0 detail=ok
[2026-09-26T13:54:08.642Z] I (1490384) RouteLoom: HIL LINK tx peer=3 type=32 cid=3131591193 seq=574
[2026-09-26T13:54:09.649Z] I (1491391) RouteLoom: HIL LINK rx peer=3 type=32 cid=2065731346 current=0 status=5 seq=302
[2026-09-26T13:54:09.731Z] I (1491473) RouteLoom: HIL LINK rx peer=1 type=32 cid=3139351763 current=0 status=5 seq=274
[2026-09-26T13:54:10.742Z] I (1492483) RouteLoom: HIL LINK rx peer=3 type=40 cid=2065731346 current=0 status=5 seq=158
[2026-09-26T13:54:10.746Z] I (1492487) RouteLoom: HIL PROBE tx peer=3 type=41 status=0 detail=ok
[2026-09-26T13:54:11.145Z] I (1492886) RouteLoom: HIL LINK tx peer=1 type=32 cid=3445906384 seq=575
[2026-09-26T13:54:13.646Z] I (1495388) RouteLoom: HIL LINK tx peer=3 type=32 cid=3131591193 seq=576
[2026-09-26T13:54:14.650Z] I (1496392) RouteLoom: HIL LINK rx peer=3 type=32 cid=2065731346 current=0 status=5 seq=303
[2026-09-26T13:54:14.732Z] I (1496473) RouteLoom: HIL LINK rx peer=1 type=32 cid=3139351763 current=0 status=5 seq=275
[2026-09-26T13:54:16.147Z] I (1497889) RouteLoom: HIL LINK tx peer=1 type=32 cid=3445906384 seq=577
[2026-09-26T13:54:17.821Z] I (1499562) RouteLoom: HIL PROBE tx peer=1 type=40 status=0 detail=ok
[2026-09-26T13:54:17.839Z] I (1499580) RouteLoom: HIL LINK rx peer=1 type=41 cid=3139351763 current=0 status=5 seq=143
[2026-09-26T13:54:18.648Z] I (1500390) RouteLoom: HIL LINK tx peer=3 type=32 cid=3131591193 seq=578
[2026-09-26T13:54:18.691Z] I (1500432) RouteLoom: stack hwm main 11096 B
[2026-09-26T13:54:18.691Z] I (1500432) RouteLoom: HIL HEAP free=21708 largest=18432 min=20932 B
[2026-09-26T13:54:18.701Z] I (1500433) RouteLoom: HIL DISCOVERY candidates=0 neighbors=2 capacity=0 auth=2 stale=0 probes=151 send_failures=8 kind_rejects=0
[2026-09-26T13:54:18.709Z] I (1500443) RouteLoom: HIL ROUTE peer=1 phase=5 via=1 metric=1 generation=307 seq=1
[2026-09-26T13:54:18.716Z] I (1500450) RouteLoom: HIL ROUTE peer=3 phase=5 via=3 metric=1 generation=107 seq=1
[2026-09-26T13:54:19.651Z] I (1501393) RouteLoom: HIL LINK rx peer=3 type=32 cid=2065731346 current=0 status=5 seq=304
[2026-09-26T13:54:19.733Z] I (1501474) RouteLoom: HIL LINK rx peer=1 type=32 cid=3139351763 current=0 status=5 seq=276
[2026-09-26T13:54:20.746Z] I (1502487) RouteLoom: HIL PROBE tx peer=3 type=40 status=0 detail=ok
[2026-09-26T13:54:20.763Z] I (1502504) RouteLoom: HIL LINK rx peer=3 type=41 cid=2065731346 current=0 status=5 seq=159
[2026-09-26T13:54:21.149Z] I (1502890) RouteLoom: HIL LINK tx peer=1 type=32 cid=3445906384 seq=579
[2026-09-26T13:54:23.651Z] I (1505392) RouteLoom: HIL LINK tx peer=3 type=32 cid=3131591193 seq=580
[2026-09-26T13:54:24.653Z] I (1506393) RouteLoom: HIL LINK rx peer=3 type=32 cid=2065731346 current=0 status=5 seq=305
[2026-09-26T13:54:24.735Z] I (1506476) RouteLoom: HIL LINK rx peer=1 type=32 cid=3139351763 current=0 status=5 seq=277
[2026-09-26T13:54:26.153Z] I (1507894) RouteLoom: HIL LINK tx peer=1 type=32 cid=3445906384 seq=581
[2026-09-26T13:54:27.836Z] I (1509577) RouteLoom: HIL LINK rx peer=1 type=40 cid=3139351763 current=0 status=5 seq=144
[2026-09-26T13:54:27.840Z] I (1509581) RouteLoom: HIL PROBE tx peer=1 type=41 status=0 detail=ok
[2026-09-26T13:54:28.654Z] I (1510395) RouteLoom: HIL LINK tx peer=3 type=32 cid=3131591193 seq=582
[2026-09-26T13:54:29.655Z] I (1511396) RouteLoom: HIL LINK rx peer=3 type=32 cid=2065731346 current=0 status=5 seq=306
[2026-09-26T13:54:29.735Z] I (1511476) RouteLoom: HIL LINK rx peer=1 type=32 cid=3139351763 current=0 status=5 seq=278
[2026-09-26T13:54:30.760Z] I (1512501) RouteLoom: HIL LINK rx peer=3 type=40 cid=2065731346 current=0 status=5 seq=160
[2026-09-26T13:54:30.764Z] I (1512505) RouteLoom: HIL PROBE tx peer=3 type=41 status=0 detail=ok
[2026-09-26T13:54:31.154Z] I (1512895) RouteLoom: HIL LINK tx peer=1 type=32 cid=3445906384 seq=583
[2026-09-26T13:54:33.656Z] I (1515397) RouteLoom: HIL LINK tx peer=3 type=32 cid=3131591193 seq=584
[2026-09-26T13:54:33.850Z] I (1515590) RouteLoom: HIL LINK rx peer=1 type=16 cid=3139351763 current=0 status=5 seq=52
[2026-09-26T13:54:33.855Z] I (1515596) RouteLoom: HIL LINK tx peer=1 type=17 cid=3445906384 seq=52
[2026-09-26T13:54:33.866Z] I (1515607) RouteLoom: HIL LINK tx peer=3 type=16 cid=3131591193 seq=52
[2026-09-26T13:54:33.888Z] I (1515629) RouteLoom: HIL LINK rx peer=3 type=17 cid=2065731346 current=0 status=5 seq=52
[2026-09-26T13:54:33.901Z] I (1515642) RouteLoom: HIL LINK rx peer=3 type=18 cid=2065731346 current=0 status=5 seq=52
[2026-09-26T13:54:33.907Z] I (1515647) RouteLoom: HIL LINK tx peer=3 type=17 cid=3131591193 seq=52
[2026-09-26T13:54:33.918Z] I (1515659) RouteLoom: HIL LINK tx peer=1 type=18 cid=3445906384 seq=52
[2026-09-26T13:54:33.941Z] I (1515681) RouteLoom: HIL LINK rx peer=1 type=17 cid=3139351763 current=0 status=5 seq=52
[2026-09-26T13:54:34.656Z] I (1516397) RouteLoom: HIL LINK rx peer=3 type=32 cid=2065731346 current=0 status=5 seq=307
[2026-09-26T13:54:34.735Z] I (1516476) RouteLoom: HIL LINK rx peer=1 type=32 cid=3139351763 current=0 status=5 seq=279
[2026-09-26T13:54:36.156Z] I (1517897) RouteLoom: HIL LINK tx peer=1 type=32 cid=3445906384 seq=585
[2026-09-26T13:54:37.838Z] I (1519579) RouteLoom: HIL PROBE tx peer=1 type=40 status=0 detail=ok
[2026-09-26T13:54:37.857Z] I (1519597) RouteLoom: HIL LINK rx peer=1 type=41 cid=3139351763 current=0 status=5 seq=145
[2026-09-26T13:54:38.657Z] I (1520398) RouteLoom: HIL LINK tx peer=3 type=32 cid=3131591193 seq=586
[2026-09-26T13:54:39.656Z] I (1521396) RouteLoom: HIL LINK rx peer=3 type=32 cid=2065731346 current=0 status=5 seq=308
[2026-09-26T13:54:39.735Z] I (1521476) RouteLoom: HIL LINK rx peer=1 type=32 cid=3139351763 current=0 status=5 seq=280
[2026-09-26T13:54:40.762Z] I (1522503) RouteLoom: HIL PROBE tx peer=3 type=40 status=0 detail=ok
[2026-09-26T13:54:40.779Z] I (1522520) RouteLoom: HIL LINK rx peer=3 type=41 cid=2065731346 current=0 status=5 seq=161
[2026-09-26T13:54:41.159Z] I (1522900) RouteLoom: HIL LINK tx peer=1 type=32 cid=3445906384 seq=587
[2026-09-26T13:54:43.661Z] I (1525402) RouteLoom: HIL LINK tx peer=3 type=32 cid=3131591193 seq=588
[2026-09-26T13:54:44.656Z] I (1526396) RouteLoom: HIL LINK rx peer=3 type=32 cid=2065731346 current=0 status=5 seq=309
[2026-09-26T13:54:44.735Z] I (1526476) RouteLoom: HIL LINK rx peer=1 type=32 cid=3139351763 current=0 status=5 seq=281
[2026-09-26T13:54:46.162Z] I (1527903) RouteLoom: HIL LINK tx peer=1 type=32 cid=3445906384 seq=589
[2026-09-26T13:54:47.854Z] I (1529595) RouteLoom: HIL LINK rx peer=1 type=40 cid=3139351763 current=0 status=5 seq=146
[2026-09-26T13:54:47.858Z] I (1529599) RouteLoom: HIL PROBE tx peer=1 type=41 status=0 detail=ok
[2026-09-26T13:54:48.666Z] I (1530403) RouteLoom: HIL LINK tx peer=3 type=32 cid=3131591193 seq=590
[2026-09-26T13:54:49.660Z] I (1531400) RouteLoom: HIL LINK rx peer=3 type=32 cid=2065731346 current=0 status=5 seq=310
[2026-09-26T13:54:49.741Z] I (1531481) RouteLoom: HIL LINK rx peer=1 type=32 cid=3139351763 current=0 status=5 seq=282
[2026-09-26T13:54:50.776Z] I (1532517) RouteLoom: HIL LINK rx peer=3 type=40 cid=2065731346 current=0 status=5 seq=162
[2026-09-26T13:54:50.780Z] I (1532521) RouteLoom: HIL PROBE tx peer=3 type=41 status=0 detail=ok
[2026-09-26T13:54:51.163Z] I (1532904) RouteLoom: HIL LINK tx peer=1 type=32 cid=3445906384 seq=591
[2026-09-26T13:54:53.665Z] I (1535406) RouteLoom: HIL LINK tx peer=3 type=32 cid=3131591193 seq=592
[2026-09-26T13:54:54.658Z] I (1536398) RouteLoom: HIL LINK rx peer=3 type=32 cid=2065731346 current=0 status=5 seq=311
[2026-09-26T13:54:54.738Z] I (1536478) RouteLoom: HIL LINK rx peer=1 type=32 cid=3139351763 current=0 status=5 seq=283
[2026-09-26T13:54:56.167Z] I (1537908) RouteLoom: HIL LINK tx peer=1 type=32 cid=3445906384 seq=593
[2026-09-26T13:54:57.858Z] I (1539599) RouteLoom: HIL PROBE tx peer=1 type=40 status=0 detail=ok
[2026-09-26T13:54:57.876Z] I (1539616) RouteLoom: HIL LINK rx peer=1 type=41 cid=3139351763 current=0 status=5 seq=147
[2026-09-26T13:54:58.669Z] I (1540410) RouteLoom: HIL LINK tx peer=3 type=32 cid=3131591193 seq=594
[2026-09-26T13:54:59.659Z] I (1541399) RouteLoom: HIL LINK rx peer=3 type=32 cid=2065731346 current=0 status=5 seq=312
[2026-09-26T13:54:59.738Z] I (1541478) RouteLoom: HIL LINK rx peer=1 type=32 cid=3139351763 current=0 status=5 seq=284
[2026-09-26T13:55:00.780Z] I (1542521) RouteLoom: HIL PROBE tx peer=3 type=40 status=0 detail=ok
[2026-09-26T13:55:00.797Z] I (1542538) RouteLoom: HIL LINK rx peer=3 type=41 cid=2065731346 current=0 status=5 seq=163
[2026-09-26T13:55:01.171Z] I (1542912) RouteLoom: HIL LINK tx peer=1 type=32 cid=3445906384 seq=595
[2026-09-26T13:55:03.673Z] I (1545414) RouteLoom: HIL LINK tx peer=3 type=32 cid=3131591193 seq=596
[2026-09-26T13:55:04.660Z] I (1546400) RouteLoom: HIL LINK rx peer=3 type=32 cid=2065731346 current=0 status=5 seq=313
[2026-09-26T13:55:04.739Z] I (1546479) RouteLoom: HIL LINK rx peer=1 type=32 cid=3139351763 current=0 status=5 seq=285
[2026-09-26T13:55:06.175Z] I (1547916) RouteLoom: HIL LINK tx peer=1 type=32 cid=3445906384 seq=597
[2026-09-26T13:55:07.874Z] I (1549614) RouteLoom: HIL LINK rx peer=1 type=40 cid=3139351763 current=0 status=5 seq=148
[2026-09-26T13:55:07.878Z] I (1549618) RouteLoom: HIL PROBE tx peer=1 type=41 status=0 detail=ok
[2026-09-26T13:55:08.675Z] I (1550416) RouteLoom: HIL LINK tx peer=3 type=32 cid=3131591193 seq=598
[2026-09-26T13:55:09.662Z] I (1551402) RouteLoom: HIL LINK rx peer=3 type=32 cid=2065731346 current=0 status=5 seq=314
[2026-09-26T13:55:09.740Z] I (1551480) RouteLoom: HIL LINK rx peer=1 type=32 cid=3139351763 current=0 status=5 seq=286
[2026-09-26T13:55:10.797Z] I (1552537) RouteLoom: HIL LINK rx peer=3 type=40 cid=2065731346 current=0 status=5 seq=164
[2026-09-26T13:55:10.801Z] I (1552541) RouteLoom: HIL PROBE tx peer=3 type=41 status=0 detail=ok
[2026-09-26T13:55:10.846Z] I (1552586) RouteLoom: HIL LINK rx peer=1 type=16 cid=3139351763 current=0 status=5 seq=53
[2026-09-26T13:55:10.849Z] I (1552590) RouteLoomRef: message origin=1 session=307 sequence=53 bytes=9
[2026-09-26T13:55:10.855Z] I (1552593) RouteLoom: HIL LINK tx peer=1 type=17 cid=3445906384 seq=53
[2026-09-26T13:55:10.864Z] I (1552604) RouteLoom: HIL LINK tx peer=1 type=18 cid=3445906384 seq=53
[2026-09-26T13:55:10.886Z] I (1552626) RouteLoom: HIL LINK rx peer=1 type=17 cid=3139351763 current=0 status=5 seq=53
[2026-09-26T13:55:11.176Z] I (1552917) RouteLoom: HIL LINK tx peer=1 type=32 cid=3445906384 seq=599
[2026-09-26T13:55:13.679Z] I (1555419) RouteLoom: HIL LINK tx peer=3 type=32 cid=3131591193 seq=600
[2026-09-26T13:55:14.662Z] I (1556402) RouteLoom: HIL LINK rx peer=3 type=32 cid=2065731346 current=0 status=5 seq=315
[2026-09-26T13:55:14.741Z] I (1556481) RouteLoom: HIL LINK rx peer=1 type=32 cid=3139351763 current=0 status=5 seq=287
[2026-09-26T13:55:16.181Z] I (1557921) RouteLoom: HIL LINK tx peer=1 type=32 cid=3445906384 seq=601
[2026-09-26T13:55:17.877Z] I (1559617) RouteLoom: HIL PROBE tx peer=1 type=40 status=0 detail=ok
[2026-09-26T13:55:17.896Z] I (1559635) RouteLoom: HIL LINK rx peer=1 type=41 cid=3139351763 current=0 status=5 seq=149
[2026-09-26T13:55:18.681Z] I (1560421) RouteLoom: HIL LINK tx peer=3 type=32 cid=3131591193 seq=602
[2026-09-26T13:55:18.695Z] I (1560435) RouteLoom: stack hwm main 11096 B
[2026-09-26T13:55:18.695Z] I (1560435) RouteLoom: HIL HEAP free=21708 largest=18432 min=20932 B
[2026-09-26T13:55:18.706Z] I (1560436) RouteLoom: HIL DISCOVERY candidates=0 neighbors=2 capacity=0 auth=2 stale=0 probes=157 send_failures=8 kind_rejects=0
[2026-09-26T13:55:18.713Z] I (1560446) RouteLoom: HIL ROUTE peer=1 phase=5 via=1 metric=1 generation=307 seq=1
[2026-09-26T13:55:18.722Z] I (1560453) RouteLoom: HIL ROUTE peer=3 phase=5 via=3 metric=1 generation=107 seq=1
[2026-09-26T13:55:19.665Z] I (1561404) RouteLoom: HIL LINK rx peer=3 type=32 cid=2065731346 current=0 status=5 seq=316
[2026-09-26T13:55:19.741Z] I (1561481) RouteLoom: HIL LINK rx peer=1 type=32 cid=3139351763 current=0 status=5 seq=288
[2026-09-26T13:55:20.801Z] I (1562541) RouteLoom: HIL PROBE tx peer=3 type=40 status=0 detail=ok
[2026-09-26T13:55:20.818Z] I (1562558) RouteLoom: HIL LINK rx peer=3 type=41 cid=2065731346 current=0 status=5 seq=165
[2026-09-26T13:55:21.183Z] I (1562923) RouteLoom: HIL LINK tx peer=1 type=32 cid=3445906384 seq=603
[2026-09-26T13:55:23.685Z] I (1565425) RouteLoom: HIL LINK tx peer=3 type=32 cid=3131591193 seq=604
[2026-09-26T13:55:24.664Z] I (1566404) RouteLoom: HIL LINK rx peer=3 type=32 cid=2065731346 current=0 status=5 seq=317
[2026-09-26T13:55:24.742Z] I (1566482) RouteLoom: HIL LINK rx peer=1 type=32 cid=3139351763 current=0 status=5 seq=289
[2026-09-26T13:55:26.187Z] I (1567927) RouteLoom: HIL LINK tx peer=1 type=32 cid=3445906384 seq=605
[2026-09-26T13:55:27.894Z] I (1569634) RouteLoom: HIL LINK rx peer=1 type=40 cid=3139351763 current=0 status=5 seq=150
[2026-09-26T13:55:27.898Z] I (1569638) RouteLoom: HIL PROBE tx peer=1 type=41 status=0 detail=ok
[2026-09-26T13:55:28.687Z] I (1570427) RouteLoom: HIL LINK tx peer=3 type=32 cid=3131591193 seq=606
[2026-09-26T13:55:29.667Z] I (1571406) RouteLoom: HIL LINK rx peer=3 type=32 cid=2065731346 current=0 status=5 seq=318
[2026-09-26T13:55:29.743Z] I (1571483) RouteLoom: HIL LINK rx peer=1 type=32 cid=3139351763 current=0 status=5 seq=290
[2026-09-26T13:55:30.816Z] I (1572555) RouteLoom: HIL LINK rx peer=3 type=40 cid=2065731346 current=0 status=5 seq=166
[2026-09-26T13:55:30.820Z] I (1572559) RouteLoom: HIL PROBE tx peer=3 type=41 status=0 detail=ok
[2026-09-26T13:55:31.188Z] I (1572928) RouteLoom: HIL LINK tx peer=1 type=32 cid=3445906384 seq=607
[2026-09-26T13:55:33.690Z] I (1575430) RouteLoom: HIL LINK tx peer=3 type=32 cid=3131591193 seq=608
[2026-09-26T13:55:34.667Z] I (1576407) RouteLoom: HIL LINK rx peer=3 type=32 cid=2065731346 current=0 status=5 seq=319
[2026-09-26T13:55:34.744Z] I (1576484) RouteLoom: HIL LINK rx peer=1 type=32 cid=3139351763 current=0 status=5 seq=291
[2026-09-26T13:55:36.192Z] I (1577932) RouteLoom: HIL LINK tx peer=1 type=32 cid=3445906384 seq=609
[2026-09-26T13:55:37.896Z] I (1579636) RouteLoom: HIL PROBE tx peer=1 type=40 status=0 detail=ok
[2026-09-26T13:55:37.915Z] I (1579654) RouteLoom: HIL LINK rx peer=1 type=41 cid=3139351763 current=0 status=5 seq=151
[2026-09-26T13:55:38.694Z] I (1580434) RouteLoom: HIL LINK tx peer=3 type=32 cid=3131591193 seq=610
[2026-09-26T13:55:39.668Z] I (1581408) RouteLoom: HIL LINK rx peer=3 type=32 cid=2065731346 current=0 status=5 seq=320
[2026-09-26T13:55:39.745Z] I (1581485) RouteLoom: HIL LINK rx peer=1 type=32 cid=3139351763 current=0 status=5 seq=292
[2026-09-26T13:55:40.817Z] I (1582557) RouteLoom: HIL PROBE tx peer=3 type=40 status=0 detail=ok
[2026-09-26T13:55:40.834Z] I (1582574) RouteLoom: HIL LINK rx peer=3 type=41 cid=2065731346 current=0 status=5 seq=167
[2026-09-26T13:55:41.196Z] I (1582936) RouteLoom: HIL LINK tx peer=1 type=32 cid=3445906384 seq=611
[2026-09-26T13:55:43.698Z] I (1585438) RouteLoom: HIL LINK tx peer=3 type=32 cid=3131591193 seq=612
[2026-09-26T13:55:44.670Z] I (1586409) RouteLoom: HIL LINK rx peer=3 type=32 cid=2065731346 current=0 status=5 seq=321
[2026-09-26T13:55:44.746Z] I (1586486) RouteLoom: HIL LINK rx peer=1 type=32 cid=3139351763 current=0 status=5 seq=293
[2026-09-26T13:55:46.200Z] I (1587940) RouteLoom: HIL LINK tx peer=1 type=32 cid=3445906384 seq=613
[2026-09-26T13:55:47.846Z] I (1589585) RouteLoom: HIL LINK rx peer=1 type=16 cid=3139351763 current=0 status=5 seq=54
[2026-09-26T13:55:47.851Z] I (1589591) RouteLoom: HIL LINK tx peer=1 type=17 cid=3445906384 seq=54
[2026-09-26T13:55:47.862Z] I (1589602) RouteLoom: HIL LINK tx peer=3 type=16 cid=3131591193 seq=54
[2026-09-26T13:55:47.887Z] I (1589626) RouteLoom: HIL LINK rx peer=3 type=17 cid=2065731346 current=0 status=5 seq=54
[2026-09-26T13:55:47.899Z] I (1589638) RouteLoom: HIL LINK rx peer=3 type=18 cid=2065731346 current=0 status=5 seq=54
[2026-09-26T13:55:47.904Z] I (1589644) RouteLoom: HIL LINK tx peer=3 type=17 cid=3131591193 seq=54
[2026-09-26T13:55:47.915Z] I (1589655) RouteLoom: HIL LINK tx peer=1 type=18 cid=3445906384 seq=54
[2026-09-26T13:55:47.918Z] I (1589658) RouteLoom: HIL LINK rx peer=1 type=40 cid=3139351763 current=0 status=5 seq=152
[2026-09-26T13:55:47.927Z] I (1589661) RouteLoom: HIL PROBE tx peer=1 type=41 status=6 detail=reserved DATA TX in flight to peer
[2026-09-26T13:55:47.945Z] I (1589684) RouteLoom: HIL LINK rx peer=1 type=17 cid=3139351763 current=0 status=5 seq=54
[2026-09-26T13:55:48.700Z] I (1590440) RouteLoom: HIL LINK tx peer=3 type=32 cid=3131591193 seq=614
[2026-09-26T13:55:49.671Z] I (1591410) RouteLoom: HIL LINK rx peer=3 type=32 cid=2065731346 current=0 status=5 seq=322
[2026-09-26T13:55:49.750Z] I (1591490) RouteLoom: HIL LINK rx peer=1 type=32 cid=3139351763 current=0 status=5 seq=294
[2026-09-26T13:55:49.913Z] I (1591653) RouteLoom: HIL LINK rx peer=1 type=40 cid=3139351763 current=0 status=5 seq=153
[2026-09-26T13:55:49.917Z] I (1591657) RouteLoom: HIL PROBE tx peer=1 type=41 status=0 detail=ok
[2026-09-26T13:55:50.833Z] I (1592572) RouteLoom: HIL LINK rx peer=3 type=40 cid=2065731346 current=0 status=5 seq=168
[2026-09-26T13:55:50.837Z] I (1592576) RouteLoom: HIL PROBE tx peer=3 type=41 status=0 detail=ok
[2026-09-26T13:55:51.202Z] I (1592942) RouteLoom: HIL LINK tx peer=1 type=32 cid=3445906384 seq=615
[2026-09-26T13:55:53.704Z] I (1595443) RouteLoom: HIL LINK tx peer=3 type=32 cid=3131591193 seq=616
[2026-09-26T13:55:54.674Z] I (1596413) RouteLoom: HIL LINK rx peer=3 type=32 cid=2065731346 current=0 status=5 seq=323
[2026-09-26T13:55:54.753Z] I (1596490) RouteLoom: HIL LINK rx peer=1 type=32 cid=3139351763 current=0 status=5 seq=295
[2026-09-26T13:55:56.205Z] I (1597945) RouteLoom: HIL LINK tx peer=1 type=32 cid=3445906384 seq=617
[2026-09-26T13:55:58.707Z] I (1600447) RouteLoom: HIL LINK tx peer=3 type=32 cid=3131591193 seq=618
[2026-09-26T13:55:59.675Z] I (1601414) RouteLoom: HIL LINK rx peer=3 type=32 cid=2065731346 current=0 status=5 seq=324
[2026-09-26T13:55:59.753Z] I (1601492) RouteLoom: HIL LINK rx peer=1 type=32 cid=3139351763 current=0 status=5 seq=296
[2026-09-26T13:55:59.916Z] I (1601656) RouteLoom: HIL PROBE tx peer=1 type=40 status=0 detail=ok
[2026-09-26T13:55:59.935Z] I (1601674) RouteLoom: HIL LINK rx peer=1 type=41 cid=3139351763 current=0 status=5 seq=154
[2026-09-26T13:56:00.836Z] I (1602576) RouteLoom: HIL PROBE tx peer=3 type=40 status=0 detail=ok
[2026-09-26T13:56:00.853Z] I (1602593) RouteLoom: HIL LINK rx peer=3 type=41 cid=2065731346 current=0 status=5 seq=169
[2026-09-26T13:56:01.210Z] I (1602949) RouteLoom: HIL LINK tx peer=1 type=32 cid=3445906384 seq=619
[2026-09-26T13:56:03.711Z] I (1605451) RouteLoom: HIL LINK tx peer=3 type=32 cid=3131591193 seq=620
[2026-09-26T13:56:04.677Z] I (1606416) RouteLoom: HIL LINK rx peer=3 type=32 cid=2065731346 current=0 status=5 seq=325
[2026-09-26T13:56:04.754Z] I (1606493) RouteLoom: HIL LINK rx peer=1 type=32 cid=3139351763 current=0 status=5 seq=297
[2026-09-26T13:56:06.213Z] I (1607953) RouteLoom: HIL LINK tx peer=1 type=32 cid=3445906384 seq=621
[2026-09-26T13:56:08.715Z] I (1610455) RouteLoom: HIL LINK tx peer=3 type=32 cid=3131591193 seq=622
[2026-09-26T13:56:09.678Z] I (1611417) RouteLoom: HIL LINK rx peer=3 type=32 cid=2065731346 current=0 status=5 seq=326
[2026-09-26T13:56:09.756Z] I (1611495) RouteLoom: HIL LINK rx peer=1 type=32 cid=3139351763 current=0 status=5 seq=298
[2026-09-26T13:56:09.934Z] I (1611673) RouteLoom: HIL LINK rx peer=1 type=40 cid=3139351763 current=0 status=5 seq=155
[2026-09-26T13:56:09.938Z] I (1611677) RouteLoom: HIL PROBE tx peer=1 type=41 status=0 detail=ok
[2026-09-26T13:56:10.854Z] I (1612593) RouteLoom: HIL LINK rx peer=3 type=40 cid=2065731346 current=0 status=5 seq=170
[2026-09-26T13:56:10.858Z] I (1612597) RouteLoom: HIL PROBE tx peer=3 type=41 status=0 detail=ok
[2026-09-26T13:56:11.217Z] I (1612957) RouteLoom: HIL LINK tx peer=1 type=32 cid=3445906384 seq=623
[2026-09-26T13:56:13.719Z] I (1615459) RouteLoom: HIL LINK tx peer=3 type=32 cid=3131591193 seq=624
[2026-09-26T13:56:14.679Z] I (1616418) RouteLoom: HIL LINK rx peer=3 type=32 cid=2065731346 current=0 status=5 seq=327
[2026-09-26T13:56:14.756Z] I (1616495) RouteLoom: HIL LINK rx peer=1 type=32 cid=3139351763 current=0 status=5 seq=299
[2026-09-26T13:56:16.222Z] I (1617961) RouteLoom: HIL LINK tx peer=1 type=32 cid=3445906384 seq=625
[2026-09-26T13:56:18.697Z] I (1620436) RouteLoom: stack hwm main 11096 B
[2026-09-26T13:56:18.697Z] I (1620436) RouteLoom: HIL HEAP free=21708 largest=18432 min=20932 B
[2026-09-26T13:56:18.707Z] I (1620437) RouteLoom: HIL DISCOVERY candidates=0 neighbors=2 capacity=0 auth=2 stale=0 probes=162 send_failures=9 kind_rejects=0
[2026-09-26T13:56:18.715Z] I (1620447) RouteLoom: HIL ROUTE peer=1 phase=5 via=1 metric=1 generation=307 seq=1
[2026-09-26T13:56:18.722Z] I (1620454) RouteLoom: HIL ROUTE peer=3 phase=5 via=3 metric=1 generation=107 seq=1
[2026-09-26T13:56:18.729Z] I (1620468) RouteLoom: HIL LINK tx peer=3 type=32 cid=3131591193 seq=626
[2026-09-26T13:56:19.679Z] I (1621418) RouteLoom: HIL LINK rx peer=3 type=32 cid=2065731346 current=0 status=5 seq=328
[2026-09-26T13:56:19.756Z] I (1621495) RouteLoom: HIL LINK rx peer=1 type=32 cid=3139351763 current=0 status=5 seq=300
[2026-09-26T13:56:19.937Z] I (1621676) RouteLoom: HIL PROBE tx peer=1 type=40 status=0 detail=ok
[2026-09-26T13:56:19.957Z] I (1621696) RouteLoom: HIL LINK rx peer=1 type=41 cid=3139351763 current=0 status=5 seq=156
[2026-09-26T13:56:20.858Z] I (1622597) RouteLoom: HIL PROBE tx peer=3 type=40 status=0 detail=ok
[2026-09-26T13:56:20.875Z] I (1622614) RouteLoom: HIL LINK rx peer=3 type=41 cid=2065731346 current=0 status=5 seq=171
[2026-09-26T13:56:21.231Z] I (1622970) RouteLoom: HIL LINK tx peer=1 type=32 cid=3445906384 seq=627
[2026-09-26T13:56:23.733Z] I (1625472) RouteLoom: HIL LINK tx peer=3 type=32 cid=3131591193 seq=628
[2026-09-26T13:56:24.680Z] I (1626419) RouteLoom: HIL LINK rx peer=3 type=32 cid=2065731346 current=0 status=5 seq=329
[2026-09-26T13:56:24.757Z] I (1626496) RouteLoom: HIL LINK rx peer=1 type=32 cid=3139351763 current=0 status=5 seq=301
[2026-09-26T13:56:24.848Z] I (1626586) RouteLoom: HIL LINK rx peer=1 type=16 cid=3139351763 current=0 status=5 seq=55
[2026-09-26T13:56:24.851Z] I (1626590) RouteLoomRef: message origin=1 session=307 sequence=55 bytes=9
[2026-09-26T13:56:24.857Z] I (1626594) RouteLoom: HIL LINK tx peer=1 type=17 cid=3445906384 seq=55
[2026-09-26T13:56:24.871Z] I (1626610) RouteLoom: HIL LINK tx peer=1 type=18 cid=3445906384 seq=55
[2026-09-26T13:56:24.902Z] I (1626640) RouteLoom: HIL LINK rx peer=1 type=17 cid=3139351763 current=0 status=5 seq=55
[2026-09-26T13:56:26.233Z] I (1627972) RouteLoom: HIL LINK tx peer=1 type=32 cid=3445906384 seq=629
[2026-09-26T13:56:28.735Z] I (1630474) RouteLoom: HIL LINK tx peer=3 type=32 cid=3131591193 seq=630
[2026-09-26T13:56:29.682Z] I (1631420) RouteLoom: HIL LINK rx peer=3 type=32 cid=2065731346 current=0 status=5 seq=330
[2026-09-26T13:56:29.758Z] I (1631496) RouteLoom: HIL LINK rx peer=1 type=32 cid=3139351763 current=0 status=5 seq=302
[2026-09-26T13:56:29.961Z] I (1631699) RouteLoom: HIL PROBE tx peer=1 type=40 status=0 detail=ok
[2026-09-26T13:56:29.963Z] I (1631701) RouteLoom: HIL LINK rx peer=1 type=40 cid=3139351763 current=0 status=5 seq=157
[2026-09-26T13:56:29.972Z] I (1631705) RouteLoom: HIL PROBE tx peer=1 type=41 status=6 detail=autonomy TX already in flight to peer
[2026-09-26T13:56:29.984Z] I (1631722) RouteLoom: HIL LINK rx peer=1 type=41 cid=3139351763 current=0 status=5 seq=158
[2026-09-26T13:56:30.873Z] I (1632611) RouteLoom: HIL LINK rx peer=3 type=40 cid=2065731346 current=0 status=5 seq=172
[2026-09-26T13:56:30.876Z] I (1632615) RouteLoom: HIL PROBE tx peer=3 type=41 status=0 detail=ok
[2026-09-26T13:56:31.236Z] I (1632975) RouteLoom: HIL LINK tx peer=1 type=32 cid=3445906384 seq=631
[2026-09-26T13:56:33.737Z] I (1635476) RouteLoom: HIL LINK tx peer=3 type=32 cid=3131591193 seq=632
[2026-09-26T13:56:34.684Z] I (1636422) RouteLoom: HIL LINK rx peer=3 type=32 cid=2065731346 current=0 status=5 seq=331
[2026-09-26T13:56:34.758Z] I (1636497) RouteLoom: HIL LINK rx peer=1 type=32 cid=3139351763 current=0 status=5 seq=303
[2026-09-26T13:56:36.239Z] I (1637978) RouteLoom: HIL LINK tx peer=1 type=32 cid=3445906384 seq=633
[2026-09-26T13:56:38.741Z] I (1640480) RouteLoom: HIL LINK tx peer=3 type=32 cid=3131591193 seq=634
[2026-09-26T13:56:39.685Z] I (1641423) RouteLoom: HIL LINK rx peer=3 type=32 cid=2065731346 current=0 status=5 seq=332
[2026-09-26T13:56:39.758Z] I (1641497) RouteLoom: HIL LINK rx peer=1 type=32 cid=3139351763 current=0 status=5 seq=304
[2026-09-26T13:56:39.978Z] I (1641717) RouteLoom: HIL LINK rx peer=1 type=40 cid=3139351763 current=0 status=5 seq=159
[2026-09-26T13:56:39.982Z] I (1641721) RouteLoom: HIL PROBE tx peer=1 type=41 status=0 detail=ok
[2026-09-26T13:56:40.875Z] I (1642614) RouteLoom: HIL PROBE tx peer=3 type=40 status=0 detail=ok
[2026-09-26T13:56:40.892Z] I (1642631) RouteLoom: HIL LINK rx peer=3 type=41 cid=2065731346 current=0 status=5 seq=173
[2026-09-26T13:56:41.242Z] I (1642981) RouteLoom: HIL LINK tx peer=1 type=32 cid=3445906384 seq=635
[2026-09-26T13:56:43.744Z] I (1645483) RouteLoom: HIL LINK tx peer=3 type=32 cid=3131591193 seq=636
[2026-09-26T13:56:44.685Z] I (1646424) RouteLoom: HIL LINK rx peer=3 type=32 cid=2065731346 current=0 status=5 seq=333
[2026-09-26T13:56:44.761Z] I (1646499) RouteLoom: HIL LINK rx peer=1 type=32 cid=3139351763 current=0 status=5 seq=305
[2026-09-26T13:56:46.245Z] I (1647984) RouteLoom: HIL LINK tx peer=1 type=32 cid=3445906384 seq=637
[2026-09-26T13:56:48.747Z] I (1650486) RouteLoom: HIL LINK tx peer=3 type=32 cid=3131591193 seq=638
[2026-09-26T13:56:49.688Z] I (1651426) RouteLoom: HIL LINK rx peer=3 type=32 cid=2065731346 current=0 status=5 seq=334
[2026-09-26T13:56:49.762Z] I (1651501) RouteLoom: HIL LINK rx peer=1 type=32 cid=3139351763 current=0 status=5 seq=306
[2026-09-26T13:56:49.982Z] I (1651721) RouteLoom: HIL PROBE tx peer=1 type=40 status=0 detail=ok
[2026-09-26T13:56:50.007Z] I (1651745) RouteLoom: HIL LINK rx peer=1 type=40 cid=3139351763 current=0 status=5 seq=160
[2026-09-26T13:56:50.011Z] I (1651749) RouteLoom: HIL PROBE tx peer=1 type=41 status=0 detail=ok
[2026-09-26T13:56:50.894Z] I (1652633) RouteLoom: HIL PROBE tx peer=3 type=40 status=0 detail=ok
[2026-09-26T13:56:50.897Z] I (1652635) RouteLoom: HIL LINK rx peer=3 type=40 cid=2065731346 current=0 status=5 seq=174
[2026-09-26T13:56:50.906Z] I (1652639) RouteLoom: HIL PROBE tx peer=3 type=41 status=6 detail=autonomy TX already in flight to peer
[2026-09-26T13:56:50.918Z] I (1652656) RouteLoom: HIL LINK rx peer=3 type=41 cid=2065731346 current=0 status=5 seq=175
[2026-09-26T13:56:51.247Z] I (1652986) RouteLoom: HIL LINK tx peer=1 type=32 cid=3445906384 seq=639
[2026-09-26T13:56:53.749Z] I (1655488) RouteLoom: HIL LINK tx peer=3 type=32 cid=3131591193 seq=640
[2026-09-26T13:56:54.691Z] I (1656429) RouteLoom: HIL LINK rx peer=3 type=32 cid=2065731346 current=0 status=5 seq=335
[2026-09-26T13:56:54.762Z] I (1656501) RouteLoom: HIL LINK rx peer=1 type=32 cid=3139351763 current=0 status=5 seq=307
[2026-09-26T13:56:56.249Z] I (1657988) RouteLoom: HIL LINK tx peer=1 type=32 cid=3445906384 seq=641
[2026-09-26T13:56:58.751Z] I (1660490) RouteLoom: HIL LINK tx peer=3 type=32 cid=3131591193 seq=642
[2026-09-26T13:56:59.692Z] I (1661430) RouteLoom: HIL LINK rx peer=3 type=32 cid=2065731346 current=0 status=5 seq=336
[2026-09-26T13:56:59.762Z] I (1661501) RouteLoom: HIL LINK rx peer=1 type=32 cid=3139351763 current=0 status=5 seq=308
[2026-09-26T13:57:00.009Z] I (1661748) RouteLoom: HIL PROBE tx peer=1 type=40 status=0 detail=ok
[2026-09-26T13:57:00.028Z] I (1661766) RouteLoom: HIL LINK rx peer=1 type=41 cid=3139351763 current=0 status=5 seq=162
[2026-09-26T13:57:00.914Z] I (1662652) RouteLoom: HIL LINK rx peer=3 type=40 cid=2065731346 current=0 status=5 seq=176
[2026-09-26T13:57:00.918Z] I (1662656) RouteLoom: HIL PROBE tx peer=3 type=41 status=0 detail=ok
[2026-09-26T13:57:01.253Z] I (1662992) RouteLoom: HIL LINK tx peer=1 type=32 cid=3445906384 seq=643
[2026-09-26T13:57:01.849Z] I (1663587) RouteLoom: HIL LINK rx peer=1 type=16 cid=3139351763 current=0 status=5 seq=56
[2026-09-26T13:57:01.855Z] I (1663593) RouteLoom: HIL LINK tx peer=1 type=17 cid=3445906384 seq=56
[2026-09-26T13:57:01.865Z] I (1663604) RouteLoom: HIL LINK tx peer=3 type=16 cid=3131591193 seq=56
[2026-09-26T13:57:01.885Z] I (1663624) RouteLoom: HIL LINK rx peer=3 type=17 cid=2065731346 current=0 status=5 seq=56
[2026-09-26T13:57:01.898Z] I (1663636) RouteLoom: HIL LINK rx peer=3 type=18 cid=2065731346 current=0 status=5 seq=56
[2026-09-26T13:57:01.904Z] I (1663642) RouteLoom: HIL LINK tx peer=3 type=17 cid=3131591193 seq=56
[2026-09-26T13:57:01.916Z] I (1663654) RouteLoom: HIL LINK tx peer=1 type=18 cid=3445906384 seq=56
[2026-09-26T13:57:01.936Z] I (1663674) RouteLoom: HIL LINK rx peer=1 type=17 cid=3139351763 current=0 status=5 seq=56
[2026-09-26T13:57:03.753Z] I (1665492) RouteLoom: HIL LINK tx peer=3 type=32 cid=3131591193 seq=644
[2026-09-26T13:57:04.692Z] I (1666430) RouteLoom: HIL LINK rx peer=3 type=32 cid=2065731346 current=0 status=5 seq=337
[2026-09-26T13:57:04.765Z] I (1666503) RouteLoom: HIL LINK rx peer=1 type=32 cid=3139351763 current=0 status=5 seq=309
[2026-09-26T13:57:06.255Z] I (1667993) RouteLoom: HIL LINK tx peer=1 type=32 cid=3445906384 seq=645
[2026-09-26T13:57:08.756Z] I (1670495) RouteLoom: HIL LINK tx peer=3 type=32 cid=3131591193 seq=646
[2026-09-26T13:57:09.695Z] I (1671432) RouteLoom: HIL LINK rx peer=3 type=32 cid=2065731346 current=0 status=5 seq=338
[2026-09-26T13:57:09.766Z] I (1671504) RouteLoom: HIL LINK rx peer=1 type=32 cid=3139351763 current=0 status=5 seq=310
[2026-09-26T13:57:10.025Z] I (1671763) RouteLoom: HIL LINK rx peer=1 type=40 cid=3139351763 current=0 status=5 seq=163
[2026-09-26T13:57:10.029Z] I (1671767) RouteLoom: HIL PROBE tx peer=1 type=41 status=0 detail=ok
[2026-09-26T13:57:10.915Z] I (1672654) RouteLoom: HIL PROBE tx peer=3 type=40 status=0 detail=ok
[2026-09-26T13:57:10.934Z] I (1672672) RouteLoom: HIL LINK rx peer=3 type=41 cid=2065731346 current=0 status=5 seq=177
[2026-09-26T13:57:11.257Z] I (1672996) RouteLoom: HIL LINK tx peer=1 type=32 cid=3445906384 seq=647
[2026-09-26T13:57:13.759Z] I (1675498) RouteLoom: HIL LINK tx peer=3 type=32 cid=3131591193 seq=648
[2026-09-26T13:57:14.694Z] I (1676432) RouteLoom: HIL LINK rx peer=3 type=32 cid=2065731346 current=0 status=5 seq=339
[2026-09-26T13:57:14.766Z] I (1676504) RouteLoom: HIL LINK rx peer=1 type=32 cid=3139351763 current=0 status=5 seq=311
[2026-09-26T13:57:16.262Z] I (1678000) RouteLoom: HIL LINK tx peer=1 type=32 cid=3445906384 seq=649
[2026-09-26T13:57:18.698Z] I (1680436) RouteLoom: stack hwm main 11096 B
[2026-09-26T13:57:18.698Z] I (1680436) RouteLoom: HIL HEAP free=21708 largest=18432 min=20932 B
[2026-09-26T13:57:18.709Z] I (1680437) RouteLoom: HIL DISCOVERY candidates=0 neighbors=2 capacity=0 auth=2 stale=0 probes=170 send_failures=11 kind_rejects=0
[2026-09-26T13:57:18.716Z] I (1680447) RouteLoom: HIL ROUTE peer=1 phase=5 via=1 metric=1 generation=307 seq=1
[2026-09-26T13:57:18.723Z] I (1680454) RouteLoom: HIL ROUTE peer=3 phase=5 via=3 metric=1 generation=107 seq=1
[2026-09-26T13:57:18.763Z] I (1680501) RouteLoom: HIL LINK tx peer=3 type=32 cid=3131591193 seq=650
[2026-09-26T13:57:19.695Z] I (1681432) RouteLoom: HIL LINK rx peer=3 type=32 cid=2065731346 current=0 status=5 seq=340
[2026-09-26T13:57:19.766Z] I (1681504) RouteLoom: HIL LINK rx peer=1 type=32 cid=3139351763 current=0 status=5 seq=312
[2026-09-26T13:57:20.028Z] I (1681766) RouteLoom: HIL PROBE tx peer=1 type=40 status=0 detail=ok
[2026-09-26T13:57:20.051Z] I (1681789) RouteLoom: HIL LINK rx peer=1 type=41 cid=3139351763 current=0 status=5 seq=164
[2026-09-26T13:57:20.937Z] I (1682675) RouteLoom: HIL PROBE tx peer=3 type=40 status=0 detail=ok
[2026-09-26T13:57:20.942Z] I (1682679) RouteLoom: HIL LINK rx peer=3 type=40 cid=2065731346 current=0 status=5 seq=178
[2026-09-26T13:57:20.949Z] I (1682683) RouteLoom: HIL PROBE tx peer=3 type=41 status=6 detail=autonomy TX already in flight to peer
[2026-09-26T13:57:20.959Z] I (1682696) RouteLoom: HIL LINK rx peer=3 type=41 cid=2065731346 current=0 status=5 seq=179
[2026-09-26T13:57:21.264Z] I (1683002) RouteLoom: HIL LINK tx peer=1 type=32 cid=3445906384 seq=651
[2026-09-26T13:57:23.766Z] I (1685504) RouteLoom: HIL LINK tx peer=3 type=32 cid=3131591193 seq=652
[2026-09-26T13:57:24.695Z] I (1686433) RouteLoom: HIL LINK rx peer=3 type=32 cid=2065731346 current=0 status=5 seq=341
[2026-09-26T13:57:24.767Z] I (1686505) RouteLoom: HIL LINK rx peer=1 type=32 cid=3139351763 current=0 status=5 seq=313
[2026-09-26T13:57:26.267Z] I (1688005) RouteLoom: HIL LINK tx peer=1 type=32 cid=3445906384 seq=653
[2026-09-26T13:57:28.769Z] I (1690507) RouteLoom: HIL LINK tx peer=3 type=32 cid=3131591193 seq=654
[2026-09-26T13:57:29.698Z] I (1691435) RouteLoom: HIL LINK rx peer=3 type=32 cid=2065731346 current=0 status=5 seq=342
[2026-09-26T13:57:29.768Z] I (1691506) RouteLoom: HIL LINK rx peer=1 type=32 cid=3139351763 current=0 status=5 seq=314
[2026-09-26T13:57:30.045Z] I (1691783) RouteLoom: HIL LINK rx peer=1 type=40 cid=3139351763 current=0 status=5 seq=165
[2026-09-26T13:57:30.049Z] I (1691787) RouteLoom: HIL PROBE tx peer=1 type=41 status=0 detail=ok
[2026-09-26T13:57:30.958Z] I (1692696) RouteLoom: HIL LINK rx peer=3 type=40 cid=2065731346 current=0 status=5 seq=180
[2026-09-26T13:57:30.962Z] I (1692700) RouteLoom: HIL PROBE tx peer=3 type=41 status=0 detail=ok
[2026-09-26T13:57:31.271Z] I (1693009) RouteLoom: HIL LINK tx peer=1 type=32 cid=3445906384 seq=655
[2026-09-26T13:57:33.773Z] I (1695511) RouteLoom: HIL LINK tx peer=3 type=32 cid=3131591193 seq=656
[2026-09-26T13:57:34.697Z] I (1696435) RouteLoom: HIL LINK rx peer=3 type=32 cid=2065731346 current=0 status=5 seq=343
[2026-09-26T13:57:34.770Z] I (1696508) RouteLoom: HIL LINK rx peer=1 type=32 cid=3139351763 current=0 status=5 seq=315
[2026-09-26T13:57:36.275Z] I (1698013) RouteLoom: HIL LINK tx peer=1 type=32 cid=3445906384 seq=657
[2026-09-26T13:57:38.777Z] I (1700515) RouteLoom: HIL LINK tx peer=3 type=32 cid=3131591193 seq=658
[2026-09-26T13:57:38.848Z] I (1700586) RouteLoom: HIL LINK rx peer=1 type=16 cid=3139351763 current=0 status=5 seq=57
[2026-09-26T13:57:38.852Z] I (1700590) RouteLoomRef: message origin=1 session=307 sequence=57 bytes=9
[2026-09-26T13:57:38.858Z] I (1700593) RouteLoom: HIL LINK tx peer=1 type=17 cid=3445906384 seq=57
[2026-09-26T13:57:38.867Z] I (1700604) RouteLoom: HIL LINK tx peer=1 type=18 cid=3445906384 seq=57
[2026-09-26T13:57:38.889Z] I (1700626) RouteLoom: HIL LINK rx peer=1 type=17 cid=3139351763 current=0 status=5 seq=57
[2026-09-26T13:57:39.698Z] I (1701436) RouteLoom: HIL LINK rx peer=3 type=32 cid=2065731346 current=0 status=5 seq=344
[2026-09-26T13:57:39.771Z] I (1701509) RouteLoom: HIL LINK rx peer=1 type=32 cid=3139351763 current=0 status=5 seq=316
[2026-09-26T13:57:40.048Z] I (1701786) RouteLoom: HIL PROBE tx peer=1 type=40 status=0 detail=ok
[2026-09-26T13:57:40.067Z] I (1701804) RouteLoom: HIL LINK rx peer=1 type=41 cid=3139351763 current=0 status=5 seq=166
[2026-09-26T13:57:40.962Z] I (1702700) RouteLoom: HIL PROBE tx peer=3 type=40 status=0 detail=ok
[2026-09-26T13:57:40.981Z] I (1702718) RouteLoom: HIL LINK rx peer=3 type=41 cid=2065731346 current=0 status=5 seq=181
[2026-09-26T13:57:41.277Z] I (1703015) RouteLoom: HIL LINK tx peer=1 type=32 cid=3445906384 seq=659
[2026-09-26T13:57:43.779Z] I (1705517) RouteLoom: HIL LINK tx peer=3 type=32 cid=3131591193 seq=660
[2026-09-26T13:57:44.699Z] I (1706437) RouteLoom: HIL LINK rx peer=3 type=32 cid=2065731346 current=0 status=5 seq=345
[2026-09-26T13:57:44.772Z] I (1706510) RouteLoom: HIL LINK rx peer=1 type=32 cid=3139351763 current=0 status=5 seq=317
[2026-09-26T13:57:46.280Z] I (1708018) RouteLoom: HIL LINK tx peer=1 type=32 cid=3445906384 seq=661
[2026-09-26T13:57:48.782Z] I (1710520) RouteLoom: HIL LINK tx peer=3 type=32 cid=3131591193 seq=662
[2026-09-26T13:57:49.700Z] I (1711438) RouteLoom: HIL LINK rx peer=3 type=32 cid=2065731346 current=0 status=5 seq=346
[2026-09-26T13:57:49.773Z] I (1711510) RouteLoom: HIL LINK rx peer=1 type=32 cid=3139351763 current=0 status=5 seq=318
[2026-09-26T13:57:50.065Z] I (1711802) RouteLoom: HIL LINK rx peer=1 type=40 cid=3139351763 current=0 status=5 seq=167
[2026-09-26T13:57:50.069Z] I (1711806) RouteLoom: HIL PROBE tx peer=1 type=41 status=0 detail=ok
[2026-09-26T13:57:50.979Z] I (1712716) RouteLoom: HIL LINK rx peer=3 type=40 cid=2065731346 current=0 status=5 seq=182
[2026-09-26T13:57:50.983Z] I (1712720) RouteLoom: HIL PROBE tx peer=3 type=41 status=0 detail=ok
[2026-09-26T13:57:51.283Z] I (1713020) RouteLoom: HIL LINK tx peer=1 type=32 cid=3445906384 seq=663
[2026-09-26T13:57:53.784Z] I (1715522) RouteLoom: HIL LINK tx peer=3 type=32 cid=3131591193 seq=664
[2026-09-26T13:57:54.701Z] I (1716439) RouteLoom: HIL LINK rx peer=3 type=32 cid=2065731346 current=0 status=5 seq=347
[2026-09-26T13:57:54.774Z] I (1716511) RouteLoom: HIL LINK rx peer=1 type=32 cid=3139351763 current=0 status=5 seq=319
[2026-09-26T13:57:56.285Z] I (1718023) RouteLoom: HIL LINK tx peer=1 type=32 cid=3445906384 seq=665
[2026-09-26T13:57:58.787Z] I (1720525) RouteLoom: HIL LINK tx peer=3 type=32 cid=3131591193 seq=666
[2026-09-26T13:57:59.702Z] I (1721440) RouteLoom: HIL LINK rx peer=3 type=32 cid=2065731346 current=0 status=5 seq=348
[2026-09-26T13:57:59.775Z] I (1721512) RouteLoom: HIL LINK rx peer=1 type=32 cid=3139351763 current=0 status=5 seq=320
[2026-09-26T13:58:00.067Z] I (1721805) RouteLoom: HIL PROBE tx peer=1 type=40 status=0 detail=ok
[2026-09-26T13:58:00.087Z] I (1721824) RouteLoom: HIL LINK rx peer=1 type=41 cid=3139351763 current=0 status=5 seq=168
[2026-09-26T13:58:00.982Z] I (1722720) RouteLoom: HIL PROBE tx peer=3 type=40 status=0 detail=ok
[2026-09-26T13:58:01.001Z] I (1722739) RouteLoom: HIL LINK rx peer=3 type=41 cid=2065731346 current=0 status=5 seq=183
[2026-09-26T13:58:01.288Z] I (1723026) RouteLoom: HIL LINK tx peer=1 type=32 cid=3445906384 seq=667
[2026-09-26T13:58:03.790Z] I (1725528) RouteLoom: HIL LINK tx peer=3 type=32 cid=3131591193 seq=668
[2026-09-26T13:58:04.702Z] I (1726439) RouteLoom: HIL LINK rx peer=3 type=32 cid=2065731346 current=0 status=5 seq=349
[2026-09-26T13:58:04.775Z] I (1726512) RouteLoom: HIL LINK rx peer=1 type=32 cid=3139351763 current=0 status=5 seq=321
[2026-09-26T13:58:06.292Z] I (1728030) RouteLoom: HIL LINK tx peer=1 type=32 cid=3445906384 seq=669
[2026-09-26T13:58:08.794Z] I (1730532) RouteLoom: HIL LINK tx peer=3 type=32 cid=3131591193 seq=670
[2026-09-26T13:58:09.703Z] I (1731440) RouteLoom: HIL LINK rx peer=3 type=32 cid=2065731346 current=0 status=5 seq=350
[2026-09-26T13:58:09.776Z] I (1731513) RouteLoom: HIL LINK rx peer=1 type=32 cid=3139351763 current=0 status=5 seq=322
[2026-09-26T13:58:10.086Z] I (1731823) RouteLoom: HIL LINK rx peer=1 type=40 cid=3139351763 current=0 status=5 seq=169
[2026-09-26T13:58:10.090Z] I (1731827) RouteLoom: HIL PROBE tx peer=1 type=41 status=0 detail=ok
[2026-09-26T13:58:10.997Z] I (1732734) RouteLoom: HIL LINK rx peer=3 type=40 cid=2065731346 current=0 status=5 seq=184
[2026-09-26T13:58:11.001Z] I (1732738) RouteLoom: HIL PROBE tx peer=3 type=41 status=0 detail=ok
[2026-09-26T13:58:11.295Z] I (1733033) RouteLoom: HIL LINK tx peer=1 type=32 cid=3445906384 seq=671
[2026-09-26T13:58:13.798Z] I (1735535) RouteLoom: HIL LINK tx peer=3 type=32 cid=3131591193 seq=672
[2026-09-26T13:58:14.704Z] I (1736441) RouteLoom: HIL LINK rx peer=3 type=32 cid=2065731346 current=0 status=5 seq=351
[2026-09-26T13:58:14.778Z] I (1736515) RouteLoom: HIL LINK rx peer=1 type=32 cid=3139351763 current=0 status=5 seq=323
[2026-09-26T13:58:15.853Z] I (1737589) RouteLoom: HIL LINK rx peer=1 type=16 cid=3139351763 current=0 status=5 seq=58
[2026-09-26T13:58:15.858Z] I (1737595) RouteLoom: HIL LINK tx peer=1 type=17 cid=3445906384 seq=58
[2026-09-26T13:58:15.869Z] I (1737606) RouteLoom: HIL LINK tx peer=3 type=16 cid=3131591193 seq=58
[2026-09-26T13:58:15.892Z] I (1737626) RouteLoom: HIL LINK rx peer=3 type=17 cid=2065731346 current=0 status=5 seq=58
[2026-09-26T13:58:15.905Z] I (1737638) RouteLoom: HIL LINK rx peer=3 type=18 cid=2065731346 current=0 status=5 seq=58
[2026-09-26T13:58:15.910Z] I (1737644) RouteLoom: HIL LINK tx peer=3 type=17 cid=3131591193 seq=58
[2026-09-26T13:58:15.919Z] I (1737655) RouteLoom: HIL LINK tx peer=1 type=18 cid=3445906384 seq=58
[2026-09-26T13:58:15.943Z] I (1737677) RouteLoom: HIL LINK rx peer=1 type=17 cid=3139351763 current=0 status=5 seq=58
[2026-09-26T13:58:16.300Z] I (1738037) RouteLoom: HIL LINK tx peer=1 type=32 cid=3445906384 seq=673
[2026-09-26T13:58:18.702Z] I (1740437) RouteLoom: stack hwm main 11096 B
[2026-09-26T13:58:18.730Z] I (1740437) RouteLoom: HIL HEAP free=21708 largest=18432 min=20932 B
[2026-09-26T13:58:18.731Z] I (1740438) RouteLoom: HIL DISCOVERY candidates=0 neighbors=2 capacity=0 auth=2 stale=0 probes=176 send_failures=12 kind_rejects=0
[2026-09-26T13:58:18.731Z] I (1740448) RouteLoom: HIL ROUTE peer=1 phase=5 via=1 metric=1 generation=307 seq=1
[2026-09-26T13:58:18.731Z] I (1740455) RouteLoom: HIL ROUTE peer=3 phase=5 via=3 metric=1 generation=107 seq=1
[2026-09-26T13:58:18.801Z] I (1740538) RouteLoom: HIL LINK tx peer=3 type=32 cid=3131591193 seq=674
[2026-09-26T13:58:19.705Z] I (1741442) RouteLoom: HIL LINK rx peer=3 type=32 cid=2065731346 current=0 status=5 seq=352
[2026-09-26T13:58:19.779Z] I (1741516) RouteLoom: HIL LINK rx peer=1 type=32 cid=3139351763 current=0 status=5 seq=324
[2026-09-26T13:58:20.089Z] I (1741826) RouteLoom: HIL PROBE tx peer=1 type=40 status=0 detail=ok
[2026-09-26T13:58:20.106Z] I (1741843) RouteLoom: HIL LINK rx peer=1 type=41 cid=3139351763 current=0 status=5 seq=170
[2026-09-26T13:58:21.001Z] I (1742738) RouteLoom: HIL PROBE tx peer=3 type=40 status=0 detail=ok
[2026-09-26T13:58:21.018Z] I (1742755) RouteLoom: HIL LINK rx peer=3 type=41 cid=2065731346 current=0 status=5 seq=185
[2026-09-26T13:58:21.302Z] I (1743039) RouteLoom: HIL LINK tx peer=1 type=32 cid=3445906384 seq=675
[2026-09-26T13:58:23.804Z] I (1745541) RouteLoom: HIL LINK tx peer=3 type=32 cid=3131591193 seq=676
[2026-09-26T13:58:24.705Z] I (1746442) RouteLoom: HIL LINK rx peer=3 type=32 cid=2065731346 current=0 status=5 seq=353
[2026-09-26T13:58:24.779Z] I (1746516) RouteLoom: HIL LINK rx peer=1 type=32 cid=3139351763 current=0 status=5 seq=325
[2026-09-26T13:58:26.305Z] I (1748042) RouteLoom: HIL LINK tx peer=1 type=32 cid=3445906384 seq=677
[2026-09-26T13:58:28.807Z] I (1750544) RouteLoom: HIL LINK tx peer=3 type=32 cid=3131591193 seq=678
[2026-09-26T13:58:29.707Z] I (1751443) RouteLoom: HIL LINK rx peer=3 type=32 cid=2065731346 current=0 status=5 seq=354
[2026-09-26T13:58:29.780Z] I (1751516) RouteLoom: HIL LINK rx peer=1 type=32 cid=3139351763 current=0 status=5 seq=326
[2026-09-26T13:58:30.105Z] I (1751841) RouteLoom: HIL LINK rx peer=1 type=40 cid=3139351763 current=0 status=5 seq=171
[2026-09-26T13:58:30.109Z] I (1751845) RouteLoom: HIL PROBE tx peer=1 type=41 status=0 detail=ok
[2026-09-26T13:58:31.016Z] I (1752753) RouteLoom: HIL LINK rx peer=3 type=40 cid=2065731346 current=0 status=5 seq=186
[2026-09-26T13:58:31.020Z] I (1752757) RouteLoom: HIL PROBE tx peer=3 type=41 status=0 detail=ok
[2026-09-26T13:58:31.308Z] I (1753045) RouteLoom: HIL LINK tx peer=1 type=32 cid=3445906384 seq=679
[2026-09-26T13:58:33.810Z] I (1755547) RouteLoom: HIL LINK tx peer=3 type=32 cid=3131591193 seq=680
[2026-09-26T13:58:34.710Z] I (1756446) RouteLoom: HIL LINK rx peer=3 type=32 cid=2065731346 current=0 status=5 seq=355
[2026-09-26T13:58:34.781Z] I (1756518) RouteLoom: HIL LINK rx peer=1 type=32 cid=3139351763 current=0 status=5 seq=327
[2026-09-26T13:58:36.310Z] I (1758047) RouteLoom: HIL LINK tx peer=1 type=32 cid=3445906384 seq=681
[2026-09-26T13:58:38.811Z] I (1760548) RouteLoom: HIL LINK tx peer=3 type=32 cid=3131591193 seq=682
[2026-09-26T13:58:39.711Z] I (1761447) RouteLoom: HIL LINK rx peer=3 type=32 cid=2065731346 current=0 status=5 seq=356
[2026-09-26T13:58:39.781Z] I (1761518) RouteLoom: HIL LINK rx peer=1 type=32 cid=3139351763 current=0 status=5 seq=328
[2026-09-26T13:58:40.106Z] I (1761843) RouteLoom: HIL PROBE tx peer=1 type=40 status=0 detail=ok
[2026-09-26T13:58:40.126Z] I (1761863) RouteLoom: HIL LINK rx peer=1 type=41 cid=3139351763 current=0 status=5 seq=172
[2026-09-26T13:58:41.018Z] I (1762755) RouteLoom: HIL PROBE tx peer=3 type=40 status=0 detail=ok
[2026-09-26T13:58:41.037Z] I (1762773) RouteLoom: HIL LINK rx peer=3 type=41 cid=2065731346 current=0 status=5 seq=187
[2026-09-26T13:58:41.312Z] I (1763049) RouteLoom: HIL LINK tx peer=1 type=32 cid=3445906384 seq=683
[2026-09-26T13:58:43.814Z] I (1765551) RouteLoom: HIL LINK tx peer=3 type=32 cid=3131591193 seq=684
[2026-09-26T13:58:44.713Z] I (1766449) RouteLoom: HIL LINK rx peer=3 type=32 cid=2065731346 current=0 status=5 seq=357
[2026-09-26T13:58:44.781Z] I (1766518) RouteLoom: HIL LINK rx peer=1 type=32 cid=3139351763 current=0 status=5 seq=329
[2026-09-26T13:58:46.316Z] I (1768053) RouteLoom: HIL LINK tx peer=1 type=32 cid=3445906384 seq=685
[2026-09-26T13:58:48.818Z] I (1770555) RouteLoom: HIL LINK tx peer=3 type=32 cid=3131591193 seq=686
[2026-09-26T13:58:49.714Z] I (1771450) RouteLoom: HIL LINK rx peer=3 type=32 cid=2065731346 current=0 status=5 seq=358
[2026-09-26T13:58:49.781Z] I (1771518) RouteLoom: HIL LINK rx peer=1 type=32 cid=3139351763 current=0 status=5 seq=330
[2026-09-26T13:58:50.124Z] I (1771861) RouteLoom: HIL LINK rx peer=1 type=40 cid=3139351763 current=0 status=5 seq=173
[2026-09-26T13:58:50.128Z] I (1771865) RouteLoom: HIL PROBE tx peer=1 type=41 status=0 detail=ok
[2026-09-26T13:58:51.034Z] I (1772771) RouteLoom: HIL LINK rx peer=3 type=40 cid=2065731346 current=0 status=5 seq=188
[2026-09-26T13:58:51.038Z] I (1772775) RouteLoom: HIL PROBE tx peer=3 type=41 status=0 detail=ok
[2026-09-26T13:58:51.319Z] I (1773056) RouteLoom: HIL LINK tx peer=1 type=32 cid=3445906384 seq=687
[2026-09-26T13:58:52.847Z] I (1774583) RouteLoom: HIL LINK rx peer=1 type=16 cid=3139351763 current=0 status=5 seq=59
[2026-09-26T13:58:52.851Z] I (1774587) RouteLoomRef: message origin=1 session=307 sequence=59 bytes=9
[2026-09-26T13:58:52.857Z] I (1774591) RouteLoom: HIL LINK tx peer=1 type=17 cid=3445906384 seq=59
[2026-09-26T13:58:52.866Z] I (1774603) RouteLoom: HIL LINK tx peer=1 type=18 cid=3445906384 seq=59
[2026-09-26T13:58:52.889Z] I (1774625) RouteLoom: HIL LINK rx peer=1 type=17 cid=3139351763 current=0 status=5 seq=59
[2026-09-26T13:58:53.822Z] I (1775558) RouteLoom: HIL LINK tx peer=3 type=32 cid=3131591193 seq=688
[2026-09-26T13:58:54.715Z] I (1776451) RouteLoom: HIL LINK rx peer=3 type=32 cid=2065731346 current=0 status=5 seq=359
[2026-09-26T13:58:54.782Z] I (1776519) RouteLoom: HIL LINK rx peer=1 type=32 cid=3139351763 current=0 status=5 seq=331
[2026-09-26T13:58:56.323Z] I (1778060) RouteLoom: HIL LINK tx peer=1 type=32 cid=3445906384 seq=689
[2026-09-26T13:58:58.825Z] I (1780562) RouteLoom: HIL LINK tx peer=3 type=32 cid=3131591193 seq=690
[2026-09-26T13:58:59.716Z] I (1781452) RouteLoom: HIL LINK rx peer=3 type=32 cid=2065731346 current=0 status=5 seq=360
[2026-09-26T13:58:59.783Z] I (1781519) RouteLoom: HIL LINK rx peer=1 type=32 cid=3139351763 current=0 status=5 seq=332
[2026-09-26T13:59:00.127Z] I (1781863) RouteLoom: HIL PROBE tx peer=1 type=40 status=0 detail=ok
[2026-09-26T13:59:00.145Z] I (1781881) RouteLoom: HIL LINK rx peer=1 type=41 cid=3139351763 current=0 status=5 seq=174
[2026-09-26T13:59:01.036Z] I (1782773) RouteLoom: HIL PROBE tx peer=3 type=40 status=0 detail=ok
[2026-09-26T13:59:01.054Z] I (1782790) RouteLoom: HIL LINK rx peer=3 type=41 cid=2065731346 current=0 status=5 seq=189
[2026-09-26T13:59:01.325Z] I (1783062) RouteLoom: HIL LINK tx peer=1 type=32 cid=3445906384 seq=691
[2026-09-26T13:59:03.827Z] I (1785564) RouteLoom: HIL LINK tx peer=3 type=32 cid=3131591193 seq=692
[2026-09-26T13:59:04.718Z] I (1786454) RouteLoom: HIL LINK rx peer=3 type=32 cid=2065731346 current=0 status=5 seq=361
[2026-09-26T13:59:04.783Z] I (1786519) RouteLoom: HIL LINK rx peer=1 type=32 cid=3139351763 current=0 status=5 seq=333
[2026-09-26T13:59:06.329Z] I (1788066) RouteLoom: HIL LINK tx peer=1 type=32 cid=3445906384 seq=693
[2026-09-26T13:59:08.831Z] I (1790568) RouteLoom: HIL LINK tx peer=3 type=32 cid=3131591193 seq=694
[2026-09-26T13:59:09.719Z] I (1791455) RouteLoom: HIL LINK rx peer=3 type=32 cid=2065731346 current=0 status=5 seq=362
[2026-09-26T13:59:09.783Z] I (1791519) RouteLoom: HIL LINK rx peer=1 type=32 cid=3139351763 current=0 status=5 seq=334
[2026-09-26T13:59:10.144Z] I (1791880) RouteLoom: HIL LINK rx peer=1 type=40 cid=3139351763 current=0 status=5 seq=175
[2026-09-26T13:59:10.148Z] I (1791884) RouteLoom: HIL PROBE tx peer=1 type=41 status=0 detail=ok
[2026-09-26T13:59:11.053Z] I (1792788) RouteLoom: HIL LINK rx peer=3 type=40 cid=2065731346 current=0 status=5 seq=190
[2026-09-26T13:59:11.056Z] I (1792792) RouteLoom: HIL PROBE tx peer=3 type=41 status=0 detail=ok
[2026-09-26T13:59:11.331Z] I (1793068) RouteLoom: HIL LINK tx peer=1 type=32 cid=3445906384 seq=695
[2026-09-26T13:59:13.833Z] I (1795570) RouteLoom: HIL LINK tx peer=3 type=32 cid=3131591193 seq=696
[2026-09-26T13:59:14.721Z] I (1796456) RouteLoom: HIL LINK rx peer=3 type=32 cid=2065731346 current=0 status=5 seq=363
[2026-09-26T13:59:14.783Z] I (1796519) RouteLoom: HIL LINK rx peer=1 type=32 cid=3139351763 current=0 status=5 seq=335
[2026-09-26T13:59:16.335Z] I (1798072) RouteLoom: HIL LINK tx peer=1 type=32 cid=3445906384 seq=697
[2026-09-26T13:59:18.703Z] I (1800439) RouteLoom: stack hwm main 11096 B
[2026-09-26T13:59:18.703Z] I (1800439) RouteLoom: HIL HEAP free=21708 largest=18432 min=20932 B
[2026-09-26T13:59:18.713Z] I (1800440) RouteLoom: HIL DISCOVERY candidates=0 neighbors=2 capacity=0 auth=2 stale=0 probes=182 send_failures=12 kind_rejects=0
[2026-09-26T13:59:18.721Z] I (1800450) RouteLoom: HIL ROUTE peer=1 phase=5 via=1 metric=1 generation=307 seq=1
[2026-09-26T13:59:18.728Z] I (1800457) RouteLoom: HIL ROUTE peer=3 phase=5 via=3 metric=1 generation=107 seq=1
[2026-09-26T13:59:18.837Z] I (1800573) RouteLoom: HIL LINK tx peer=3 type=32 cid=3131591193 seq=698
[2026-09-26T13:59:19.720Z] I (1801456) RouteLoom: HIL LINK rx peer=3 type=32 cid=2065731346 current=0 status=5 seq=364
[2026-09-26T13:59:19.783Z] I (1801519) RouteLoom: HIL LINK rx peer=1 type=32 cid=3139351763 current=0 status=5 seq=336
[2026-09-26T13:59:20.147Z] I (1801883) RouteLoom: HIL PROBE tx peer=1 type=40 status=0 detail=ok
[2026-09-26T13:59:20.165Z] I (1801901) RouteLoom: HIL LINK rx peer=1 type=41 cid=3139351763 current=0 status=5 seq=176
[2026-09-26T13:59:21.055Z] I (1802791) RouteLoom: HIL PROBE tx peer=3 type=40 status=0 detail=ok
[2026-09-26T13:59:21.072Z] I (1802808) RouteLoom: HIL LINK rx peer=3 type=41 cid=2065731346 current=0 status=5 seq=191
[2026-09-26T13:59:21.340Z] I (1803074) RouteLoom: HIL LINK tx peer=1 type=32 cid=3445906384 seq=699
[2026-09-26T13:59:23.840Z] I (1805576) RouteLoom: HIL LINK tx peer=3 type=32 cid=3131591193 seq=700
[2026-09-26T13:59:24.721Z] I (1806457) RouteLoom: HIL LINK rx peer=3 type=32 cid=2065731346 current=0 status=5 seq=365
[2026-09-26T13:59:24.783Z] I (1806519) RouteLoom: HIL LINK rx peer=1 type=32 cid=3139351763 current=0 status=5 seq=337
[2026-09-26T13:59:26.342Z] I (1808078) RouteLoom: HIL LINK tx peer=1 type=32 cid=3445906384 seq=701
[2026-09-26T13:59:28.844Z] I (1810580) RouteLoom: HIL LINK tx peer=3 type=32 cid=3131591193 seq=702
[2026-09-26T13:59:29.722Z] I (1811458) RouteLoom: HIL LINK rx peer=3 type=32 cid=2065731346 current=0 status=5 seq=366
[2026-09-26T13:59:29.783Z] I (1811519) RouteLoom: HIL LINK rx peer=1 type=32 cid=3139351763 current=0 status=5 seq=338
[2026-09-26T13:59:29.848Z] I (1811584) RouteLoom: HIL LINK rx peer=1 type=16 cid=3139351763 current=0 status=5 seq=60
[2026-09-26T13:59:29.854Z] I (1811590) RouteLoom: HIL LINK tx peer=1 type=17 cid=3445906384 seq=60
[2026-09-26T13:59:29.865Z] I (1811601) RouteLoom: HIL LINK tx peer=3 type=16 cid=3131591193 seq=60
[2026-09-26T13:59:29.885Z] I (1811621) RouteLoom: HIL LINK rx peer=3 type=17 cid=2065731346 current=0 status=5 seq=60
[2026-09-26T13:59:29.897Z] I (1811633) RouteLoom: HIL LINK rx peer=3 type=18 cid=2065731346 current=0 status=5 seq=60
[2026-09-26T13:59:29.903Z] I (1811639) RouteLoom: HIL LINK tx peer=3 type=17 cid=3131591193 seq=60
[2026-09-26T13:59:29.914Z] I (1811650) RouteLoom: HIL LINK tx peer=1 type=18 cid=3445906384 seq=60
[2026-09-26T13:59:29.937Z] I (1811672) RouteLoom: HIL LINK rx peer=1 type=17 cid=3139351763 current=0 status=5 seq=60
[2026-09-26T13:59:30.163Z] I (1811898) RouteLoom: HIL LINK rx peer=1 type=40 cid=3139351763 current=0 status=5 seq=177
[2026-09-26T13:59:30.166Z] I (1811902) RouteLoom: HIL PROBE tx peer=1 type=41 status=0 detail=ok
[2026-09-26T13:59:31.074Z] I (1812810) RouteLoom: HIL PROBE tx peer=3 type=40 status=0 detail=ok
[2026-09-26T13:59:31.077Z] I (1812813) RouteLoom: HIL LINK rx peer=3 type=40 cid=2065731346 current=0 status=5 seq=192
[2026-09-26T13:59:31.086Z] I (1812816) RouteLoom: HIL PROBE tx peer=3 type=41 status=6 detail=autonomy TX already in flight to peer
[2026-09-26T13:59:31.095Z] I (1812831) RouteLoom: HIL LINK rx peer=3 type=41 cid=2065731346 current=0 status=5 seq=193
[2026-09-26T13:59:31.348Z] I (1813082) RouteLoom: HIL LINK tx peer=1 type=32 cid=3445906384 seq=703
[2026-09-26T13:59:33.847Z] I (1815583) RouteLoom: HIL LINK tx peer=3 type=32 cid=3131591193 seq=704
[2026-09-26T13:59:34.724Z] I (1816458) RouteLoom: HIL LINK rx peer=3 type=32 cid=2065731346 current=0 status=5 seq=367
[2026-09-26T13:59:34.784Z] I (1816519) RouteLoom: HIL LINK rx peer=1 type=32 cid=3139351763 current=0 status=5 seq=339
[2026-09-26T13:59:36.349Z] I (1818085) RouteLoom: HIL LINK tx peer=1 type=32 cid=3445906384 seq=705
[2026-09-26T13:59:38.851Z] I (1820587) RouteLoom: HIL LINK tx peer=3 type=32 cid=3131591193 seq=706
[2026-09-26T13:59:39.723Z] I (1821459) RouteLoom: HIL LINK rx peer=3 type=32 cid=2065731346 current=0 status=5 seq=368
[2026-09-26T13:59:39.785Z] I (1821520) RouteLoom: HIL LINK rx peer=1 type=32 cid=3139351763 current=0 status=5 seq=340
[2026-09-26T13:59:40.164Z] I (1821900) RouteLoom: HIL PROBE tx peer=1 type=40 status=0 detail=ok
[2026-09-26T13:59:40.183Z] I (1821918) RouteLoom: HIL LINK rx peer=1 type=41 cid=3139351763 current=0 status=5 seq=178
[2026-09-26T13:59:41.093Z] I (1822828) RouteLoom: HIL LINK rx peer=3 type=40 cid=2065731346 current=0 status=5 seq=194
[2026-09-26T13:59:41.097Z] I (1822832) RouteLoom: HIL PROBE tx peer=3 type=41 status=0 detail=ok
[2026-09-26T13:59:41.353Z] I (1823089) RouteLoom: HIL LINK tx peer=1 type=32 cid=3445906384 seq=707
[2026-09-26T13:59:43.855Z] I (1825591) RouteLoom: HIL LINK tx peer=3 type=32 cid=3131591193 seq=708
[2026-09-26T13:59:44.725Z] I (1826460) RouteLoom: HIL LINK rx peer=3 type=32 cid=2065731346 current=0 status=5 seq=369
[2026-09-26T13:59:44.784Z] I (1826520) RouteLoom: HIL LINK rx peer=1 type=32 cid=3139351763 current=0 status=5 seq=341
[2026-09-26T13:59:46.355Z] I (1828091) RouteLoom: HIL LINK tx peer=1 type=32 cid=3445906384 seq=709
[2026-09-26T13:59:48.857Z] I (1830593) RouteLoom: HIL LINK tx peer=3 type=32 cid=3131591193 seq=710
[2026-09-26T13:59:49.726Z] I (1831461) RouteLoom: HIL LINK rx peer=3 type=32 cid=2065731346 current=0 status=5 seq=370
[2026-09-26T13:59:49.784Z] I (1831520) RouteLoom: HIL LINK rx peer=1 type=32 cid=3139351763 current=0 status=5 seq=342
[2026-09-26T13:59:50.181Z] I (1831917) RouteLoom: HIL LINK rx peer=1 type=40 cid=3139351763 current=0 status=5 seq=179
[2026-09-26T13:59:50.185Z] I (1831921) RouteLoom: HIL PROBE tx peer=1 type=41 status=0 detail=ok
[2026-09-26T13:59:51.096Z] I (1832832) RouteLoom: HIL PROBE tx peer=3 type=40 status=0 detail=ok
[2026-09-26T13:59:51.113Z] I (1832849) RouteLoom: HIL LINK rx peer=3 type=41 cid=2065731346 current=0 status=5 seq=195
[2026-09-26T13:59:51.358Z] I (1833094) RouteLoom: HIL LINK tx peer=1 type=32 cid=3445906384 seq=711
[2026-09-26T13:59:53.860Z] I (1835596) RouteLoom: HIL LINK tx peer=3 type=32 cid=3131591193 seq=712
[2026-09-26T13:59:54.727Z] I (1836462) RouteLoom: HIL LINK rx peer=3 type=32 cid=2065731346 current=0 status=5 seq=371
[2026-09-26T13:59:54.786Z] I (1836522) RouteLoom: HIL LINK rx peer=1 type=32 cid=3139351763 current=0 status=5 seq=343
[2026-09-26T13:59:56.360Z] I (1838096) RouteLoom: HIL LINK tx peer=1 type=32 cid=3445906384 seq=713
[2026-09-26T13:59:58.862Z] I (1840598) RouteLoom: HIL LINK tx peer=3 type=32 cid=3131591193 seq=714
[2026-09-26T13:59:59.730Z] I (1841465) RouteLoom: HIL LINK rx peer=3 type=32 cid=2065731346 current=0 status=5 seq=372
[2026-09-26T13:59:59.787Z] I (1841522) RouteLoom: HIL LINK rx peer=1 type=32 cid=3139351763 current=0 status=5 seq=344
[2026-09-26T14:00:00.184Z] I (1841920) RouteLoom: HIL PROBE tx peer=1 type=40 status=0 detail=ok
[2026-09-26T14:00:00.204Z] I (1841939) RouteLoom: HIL LINK rx peer=1 type=41 cid=3139351763 current=0 status=5 seq=180
[2026-09-26T14:00:01.111Z] I (1842846) RouteLoom: HIL LINK rx peer=3 type=40 cid=2065731346 current=0 status=5 seq=196
[2026-09-26T14:00:01.115Z] I (1842850) RouteLoom: HIL PROBE tx peer=3 type=41 status=0 detail=ok
[2026-09-26T14:00:01.363Z] I (1843099) RouteLoom: HIL LINK tx peer=1 type=32 cid=3445906384 seq=715
[2026-09-26T14:00:03.865Z] I (1845601) RouteLoom: HIL LINK tx peer=3 type=32 cid=3131591193 seq=716
[2026-09-26T14:00:04.729Z] I (1846464) RouteLoom: HIL LINK rx peer=3 type=32 cid=2065731346 current=0 status=5 seq=373
[2026-09-26T14:00:04.786Z] I (1846522) RouteLoom: HIL LINK rx peer=1 type=32 cid=3139351763 current=0 status=5 seq=345
[2026-09-26T14:00:06.366Z] I (1848102) RouteLoom: HIL LINK tx peer=1 type=32 cid=3445906384 seq=717
[2026-09-26T14:00:06.845Z] I (1848580) RouteLoom: HIL LINK rx peer=1 type=16 cid=3139351763 current=0 status=5 seq=61
[2026-09-26T14:00:06.849Z] I (1848584) RouteLoomRef: message origin=1 session=307 sequence=61 bytes=9
[2026-09-26T14:00:06.855Z] I (1848588) RouteLoom: HIL LINK tx peer=1 type=17 cid=3445906384 seq=61
[2026-09-26T14:00:06.864Z] I (1848599) RouteLoom: HIL LINK tx peer=1 type=18 cid=3445906384 seq=61
[2026-09-26T14:00:06.884Z] I (1848619) RouteLoom: HIL LINK rx peer=1 type=17 cid=3139351763 current=0 status=5 seq=61
[2026-09-26T14:00:08.867Z] I (1850602) RouteLoom: HIL LINK tx peer=3 type=32 cid=3131591193 seq=718
[2026-09-26T14:00:09.730Z] I (1851465) RouteLoom: HIL LINK rx peer=3 type=32 cid=2065731346 current=0 status=5 seq=374
[2026-09-26T14:00:09.788Z] I (1851524) RouteLoom: HIL LINK rx peer=1 type=32 cid=3139351763 current=0 status=5 seq=346
[2026-09-26T14:00:10.204Z] I (1851939) RouteLoom: HIL LINK rx peer=1 type=40 cid=3139351763 current=0 status=5 seq=181
[2026-09-26T14:00:10.208Z] I (1851943) RouteLoom: HIL PROBE tx peer=1 type=41 status=0 detail=ok
[2026-09-26T14:00:11.112Z] I (1852848) RouteLoom: HIL PROBE tx peer=3 type=40 status=0 detail=ok
[2026-09-26T14:00:11.129Z] I (1852865) RouteLoom: HIL LINK rx peer=3 type=41 cid=2065731346 current=0 status=5 seq=197
[2026-09-26T14:00:11.368Z] I (1853104) RouteLoom: HIL LINK tx peer=1 type=32 cid=3445906384 seq=719
[2026-09-26T14:00:13.870Z] I (1855606) RouteLoom: HIL LINK tx peer=3 type=32 cid=3131591193 seq=720
[2026-09-26T14:00:14.731Z] I (1856466) RouteLoom: HIL LINK rx peer=3 type=32 cid=2065731346 current=0 status=5 seq=375
[2026-09-26T14:00:14.791Z] I (1856526) RouteLoom: HIL LINK rx peer=1 type=32 cid=3139351763 current=0 status=5 seq=347
[2026-09-26T14:00:16.372Z] I (1858107) RouteLoom: HIL LINK tx peer=1 type=32 cid=3445906384 seq=721
[2026-09-26T14:00:18.706Z] I (1860441) RouteLoom: stack hwm main 11096 B
[2026-09-26T14:00:18.706Z] I (1860441) RouteLoom: HIL HEAP free=21708 largest=18432 min=20932 B
[2026-09-26T14:00:18.716Z] I (1860442) RouteLoom: HIL DISCOVERY candidates=0 neighbors=2 capacity=0 auth=2 stale=0 probes=189 send_failures=13 kind_rejects=0
[2026-09-26T14:00:18.724Z] I (1860452) RouteLoom: HIL ROUTE peer=1 phase=5 via=1 metric=1 generation=307 seq=1
[2026-09-26T14:00:18.731Z] I (1860459) RouteLoom: HIL ROUTE peer=3 phase=5 via=3 metric=1 generation=107 seq=1
[2026-09-26T14:00:18.872Z] I (1860608) RouteLoom: HIL LINK tx peer=3 type=32 cid=3131591193 seq=722
[2026-09-26T14:00:19.732Z] I (1861466) RouteLoom: HIL LINK rx peer=3 type=32 cid=2065731346 current=0 status=5 seq=376
[2026-09-26T14:00:19.792Z] I (1861527) RouteLoom: HIL LINK rx peer=1 type=32 cid=3139351763 current=0 status=5 seq=348
[2026-09-26T14:00:20.207Z] I (1861942) RouteLoom: HIL PROBE tx peer=1 type=40 status=0 detail=ok
[2026-09-26T14:00:20.224Z] I (1861959) RouteLoom: HIL LINK rx peer=1 type=41 cid=3139351763 current=0 status=5 seq=182
[2026-09-26T14:00:21.131Z] I (1862866) RouteLoom: HIL LINK rx peer=3 type=40 cid=2065731346 current=0 status=5 seq=198
[2026-09-26T14:00:21.134Z] I (1862869) RouteLoom: HIL PROBE tx peer=3 type=41 status=0 detail=ok
[2026-09-26T14:00:21.374Z] I (1863109) RouteLoom: HIL LINK tx peer=1 type=32 cid=3445906384 seq=723
[2026-09-26T14:00:23.876Z] I (1865611) RouteLoom: HIL LINK tx peer=3 type=32 cid=3131591193 seq=724
[2026-09-26T14:00:24.733Z] I (1866468) RouteLoom: HIL LINK rx peer=3 type=32 cid=2065731346 current=0 status=5 seq=377
[2026-09-26T14:00:24.792Z] I (1866527) RouteLoom: HIL LINK rx peer=1 type=32 cid=3139351763 current=0 status=5 seq=349
[2026-09-26T14:00:26.378Z] I (1868113) RouteLoom: HIL LINK tx peer=1 type=32 cid=3445906384 seq=725
[2026-09-26T14:00:28.880Z] I (1870615) RouteLoom: HIL LINK tx peer=3 type=32 cid=3131591193 seq=726
[2026-09-26T14:00:29.734Z] I (1871469) RouteLoom: HIL LINK rx peer=3 type=32 cid=2065731346 current=0 status=5 seq=378
[2026-09-26T14:00:29.792Z] I (1871527) RouteLoom: HIL LINK rx peer=1 type=32 cid=3139351763 current=0 status=5 seq=350
[2026-09-26T14:00:30.222Z] I (1871957) RouteLoom: HIL LINK rx peer=1 type=40 cid=3139351763 current=0 status=5 seq=183
[2026-09-26T14:00:30.226Z] I (1871961) RouteLoom: HIL PROBE tx peer=1 type=41 status=0 detail=ok
[2026-09-26T14:00:31.134Z] I (1872869) RouteLoom: HIL PROBE tx peer=3 type=40 status=0 detail=ok
[2026-09-26T14:00:31.153Z] I (1872888) RouteLoom: HIL LINK rx peer=3 type=41 cid=2065731346 current=0 status=5 seq=199
[2026-09-26T14:00:31.380Z] I (1873115) RouteLoom: HIL LINK tx peer=1 type=32 cid=3445906384 seq=727
[2026-09-26T14:00:33.882Z] I (1875617) RouteLoom: HIL LINK tx peer=3 type=32 cid=3131591193 seq=728
[2026-09-26T14:00:34.736Z] I (1876470) RouteLoom: HIL LINK rx peer=3 type=32 cid=2065731346 current=0 status=5 seq=379
[2026-09-26T14:00:34.794Z] I (1876528) RouteLoom: HIL LINK rx peer=1 type=32 cid=3139351763 current=0 status=5 seq=351
[2026-09-26T14:00:36.383Z] I (1878118) RouteLoom: HIL LINK tx peer=1 type=32 cid=3445906384 seq=729
[2026-09-26T14:00:38.885Z] I (1880620) RouteLoom: HIL LINK tx peer=3 type=32 cid=3131591193 seq=730
[2026-09-26T14:00:39.736Z] I (1881471) RouteLoom: HIL LINK rx peer=3 type=32 cid=2065731346 current=0 status=5 seq=380
[2026-09-26T14:00:39.794Z] I (1881529) RouteLoom: HIL LINK rx peer=1 type=32 cid=3139351763 current=0 status=5 seq=352
[2026-09-26T14:00:40.224Z] I (1881959) RouteLoom: HIL PROBE tx peer=1 type=40 status=0 detail=ok
[2026-09-26T14:00:40.244Z] I (1881978) RouteLoom: HIL LINK rx peer=1 type=41 cid=3139351763 current=0 status=5 seq=184
[2026-09-26T14:00:41.151Z] I (1882885) RouteLoom: HIL LINK rx peer=3 type=40 cid=2065731346 current=0 status=5 seq=200
[2026-09-26T14:00:41.155Z] I (1882889) RouteLoom: HIL PROBE tx peer=3 type=41 status=0 detail=ok
[2026-09-26T14:00:41.385Z] I (1883120) RouteLoom: HIL LINK tx peer=1 type=32 cid=3445906384 seq=731
[2026-09-26T14:00:43.850Z] I (1885584) RouteLoom: HIL LINK rx peer=1 type=16 cid=3139351763 current=0 status=5 seq=62
[2026-09-26T14:00:43.856Z] I (1885590) RouteLoom: HIL LINK tx peer=1 type=17 cid=3445906384 seq=62
[2026-09-26T14:00:43.871Z] I (1885605) RouteLoom: HIL LINK tx peer=3 type=16 cid=3131591193 seq=62
[2026-09-26T14:00:43.887Z] I (1885622) RouteLoom: HIL LINK tx peer=3 type=32 cid=3131591193 seq=732
[2026-09-26T14:00:43.913Z] I (1885647) RouteLoom: HIL LINK rx peer=3 type=17 cid=2065731346 current=0 status=5 seq=62
[2026-09-26T14:00:43.917Z] W (1885649) RouteLoomRef: diagnostic reason=UNMATCHED_HOP_ACCEPT peer=3 message=present
[2026-09-26T14:00:43.924Z] I (1885658) RouteLoom: HIL LINK tx peer=3 type=16 cid=3131591193 seq=62
[2026-09-26T14:00:43.931Z] I (1885660) RouteLoom: HIL LINK rx peer=3 type=18 cid=2065731346 current=0 status=5 seq=62
[2026-09-26T14:00:43.938Z] I (1885672) RouteLoom: HIL LINK tx peer=3 type=17 cid=3131591193 seq=62
[2026-09-26T14:00:43.949Z] I (1885684) RouteLoom: HIL LINK tx peer=1 type=18 cid=3445906384 seq=62
[2026-09-26T14:00:43.952Z] I (1885686) RouteLoom: HIL LINK rx peer=3 type=17 cid=2065731346 current=0 status=5 seq=62
[2026-09-26T14:00:43.971Z] I (1885705) RouteLoom: HIL LINK rx peer=3 type=18 cid=2065731346 current=0 status=5 seq=62
[2026-09-26T14:00:43.976Z] W (1885708) RouteLoomRef: diagnostic reason=RECEIPT_DEDUP_CONFLICT peer=3 message=present
[2026-09-26T14:00:43.982Z] I (1885714) RouteLoom: HIL LINK tx peer=3 type=48 cid=3131591193 seq=733
[2026-09-26T14:00:43.990Z] I (1885718) RouteLoom: HIL LINK rx peer=1 type=17 cid=3139351763 current=0 status=5 seq=62
[2026-09-26T14:00:44.037Z] I (1885771) RouteLoom: HIL LINK rx peer=3 type=18 cid=2065731346 current=0 status=5 seq=62
[2026-09-26T14:00:44.041Z] W (1885774) RouteLoomRef: diagnostic reason=RECEIPT_DEDUP_CONFLICT peer=3 message=present
[2026-09-26T14:00:44.048Z] I (1885779) RouteLoom: HIL LINK tx peer=3 type=48 cid=3131591193 seq=734
[2026-09-26T14:00:44.739Z] I (1886474) RouteLoom: HIL LINK rx peer=3 type=32 cid=2065731346 current=0 status=5 seq=381
[2026-09-26T14:00:44.797Z] I (1886531) RouteLoom: HIL LINK rx peer=1 type=32 cid=3139351763 current=0 status=5 seq=353
[2026-09-26T14:00:46.389Z] I (1888124) RouteLoom: HIL LINK tx peer=1 type=32 cid=3445906384 seq=735
[2026-09-26T14:00:48.891Z] I (1890626) RouteLoom: HIL LINK tx peer=3 type=32 cid=3131591193 seq=736
[2026-09-26T14:00:49.739Z] I (1891473) RouteLoom: HIL LINK rx peer=3 type=32 cid=2065731346 current=0 status=5 seq=382
[2026-09-26T14:00:49.797Z] I (1891532) RouteLoom: HIL LINK rx peer=1 type=32 cid=3139351763 current=0 status=5 seq=354
[2026-09-26T14:00:50.242Z] I (1891977) RouteLoom: HIL LINK rx peer=1 type=40 cid=3139351763 current=0 status=5 seq=185
[2026-09-26T14:00:50.246Z] I (1891981) RouteLoom: HIL PROBE tx peer=1 type=41 status=0 detail=ok
[2026-09-26T14:00:51.154Z] I (1892889) RouteLoom: HIL PROBE tx peer=3 type=40 status=0 detail=ok
[2026-09-26T14:00:51.171Z] I (1892906) RouteLoom: HIL LINK rx peer=3 type=41 cid=2065731346 current=0 status=5 seq=201
[2026-09-26T14:00:51.392Z] I (1893127) RouteLoom: HIL LINK tx peer=1 type=32 cid=3445906384 seq=737
[2026-09-26T14:00:53.894Z] I (1895629) RouteLoom: HIL LINK tx peer=3 type=32 cid=3131591193 seq=738
[2026-09-26T14:00:54.739Z] I (1896474) RouteLoom: HIL LINK rx peer=3 type=32 cid=2065731346 current=0 status=5 seq=383
[2026-09-26T14:00:54.800Z] I (1896534) RouteLoom: HIL LINK rx peer=1 type=32 cid=3139351763 current=0 status=5 seq=355
[2026-09-26T14:00:56.395Z] I (1898130) RouteLoom: HIL LINK tx peer=1 type=32 cid=3445906384 seq=739
[2026-09-26T14:00:58.897Z] I (1900632) RouteLoom: HIL LINK tx peer=3 type=32 cid=3131591193 seq=740
[2026-09-26T14:00:59.742Z] I (1901476) RouteLoom: HIL LINK rx peer=3 type=32 cid=2065731346 current=0 status=5 seq=384
[2026-09-26T14:00:59.802Z] I (1901536) RouteLoom: HIL LINK rx peer=1 type=32 cid=3139351763 current=0 status=5 seq=356
[2026-09-26T14:01:00.246Z] I (1901981) RouteLoom: HIL PROBE tx peer=1 type=40 status=0 detail=ok
[2026-09-26T14:01:00.265Z] I (1901999) RouteLoom: HIL LINK rx peer=1 type=41 cid=3139351763 current=0 status=5 seq=186
[2026-09-26T14:01:01.170Z] I (1902904) RouteLoom: HIL LINK rx peer=3 type=40 cid=2065731346 current=0 status=5 seq=202
[2026-09-26T14:01:01.174Z] I (1902908) RouteLoom: HIL PROBE tx peer=3 type=41 status=0 detail=ok
[2026-09-26T14:01:01.398Z] I (1903133) RouteLoom: HIL LINK tx peer=1 type=32 cid=3445906384 seq=741
[2026-09-26T14:01:03.901Z] I (1905635) RouteLoom: HIL LINK tx peer=3 type=32 cid=3131591193 seq=742
[2026-09-26T14:01:04.742Z] I (1906476) RouteLoom: HIL LINK rx peer=3 type=32 cid=2065731346 current=0 status=5 seq=385
[2026-09-26T14:01:04.803Z] I (1906537) RouteLoom: HIL LINK rx peer=1 type=32 cid=3139351763 current=0 status=5 seq=357
[2026-09-26T14:01:06.401Z] I (1908136) RouteLoom: HIL LINK tx peer=1 type=32 cid=3445906384 seq=743
[2026-09-26T14:01:08.903Z] I (1910638) RouteLoom: HIL LINK tx peer=3 type=32 cid=3131591193 seq=744
[2026-09-26T14:01:09.743Z] I (1911477) RouteLoom: HIL LINK rx peer=3 type=32 cid=2065731346 current=0 status=5 seq=386
[2026-09-26T14:01:09.803Z] I (1911538) RouteLoom: HIL LINK rx peer=1 type=32 cid=3139351763 current=0 status=5 seq=358
[2026-09-26T14:01:10.264Z] I (1911998) RouteLoom: HIL LINK rx peer=1 type=40 cid=3139351763 current=0 status=5 seq=187
[2026-09-26T14:01:10.267Z] I (1912002) RouteLoom: HIL PROBE tx peer=1 type=41 status=0 detail=ok
[2026-09-26T14:01:11.172Z] I (1912907) RouteLoom: HIL PROBE tx peer=3 type=40 status=0 detail=ok
[2026-09-26T14:01:11.191Z] I (1912925) RouteLoom: HIL LINK rx peer=3 type=41 cid=2065731346 current=0 status=5 seq=203
[2026-09-26T14:01:11.403Z] I (1913138) RouteLoom: HIL LINK tx peer=1 type=32 cid=3445906384 seq=745
[2026-09-26T14:01:13.906Z] I (1915640) RouteLoom: HIL LINK tx peer=3 type=32 cid=3131591193 seq=746
[2026-09-26T14:01:14.750Z] I (1916484) RouteLoom: HIL LINK rx peer=3 type=32 cid=2065731346 current=0 status=5 seq=387
[2026-09-26T14:01:14.807Z] I (1916541) RouteLoom: HIL LINK rx peer=1 type=32 cid=3139351763 current=0 status=5 seq=359
[2026-09-26T14:01:16.408Z] I (1918142) RouteLoom: HIL LINK tx peer=1 type=32 cid=3445906384 seq=747
[2026-09-26T14:01:18.709Z] I (1920442) RouteLoom: stack hwm main 11096 B
[2026-09-26T14:01:18.709Z] I (1920442) RouteLoom: HIL HEAP free=21708 largest=18432 min=20932 B
[2026-09-26T14:01:18.718Z] I (1920443) RouteLoom: HIL DISCOVERY candidates=0 neighbors=2 capacity=0 auth=2 stale=0 probes=195 send_failures=13 kind_rejects=0
[2026-09-26T14:01:18.727Z] I (1920453) RouteLoom: HIL ROUTE peer=1 phase=5 via=1 metric=1 generation=307 seq=1
[2026-09-26T14:01:18.733Z] I (1920460) RouteLoom: HIL ROUTE peer=3 phase=5 via=3 metric=1 generation=107 seq=1
[2026-09-26T14:01:18.908Z] I (1920642) RouteLoom: HIL LINK tx peer=3 type=32 cid=3131591193 seq=748
[2026-09-26T14:01:19.744Z] I (1921478) RouteLoom: HIL LINK rx peer=3 type=32 cid=2065731346 current=0 status=5 seq=388
[2026-09-26T14:01:19.803Z] I (1921538) RouteLoom: HIL LINK rx peer=1 type=32 cid=3139351763 current=0 status=5 seq=360
[2026-09-26T14:01:20.267Z] I (1922001) RouteLoom: HIL PROBE tx peer=1 type=40 status=0 detail=ok
[2026-09-26T14:01:20.284Z] I (1922018) RouteLoom: HIL LINK rx peer=1 type=41 cid=3139351763 current=0 status=5 seq=188
[2026-09-26T14:01:20.849Z] I (1922582) RouteLoom: HIL LINK rx peer=1 type=16 cid=3139351763 current=0 status=5 seq=63
[2026-09-26T14:01:20.852Z] I (1922586) RouteLoomRef: message origin=1 session=307 sequence=63 bytes=9
[2026-09-26T14:01:20.861Z] I (1922590) RouteLoom: HIL LINK tx peer=1 type=17 cid=3445906384 seq=63
[2026-09-26T14:01:20.867Z] I (1922601) RouteLoom: HIL LINK tx peer=1 type=18 cid=3445906384 seq=63
[2026-09-26T14:01:20.889Z] I (1922623) RouteLoom: HIL LINK rx peer=1 type=17 cid=3139351763 current=0 status=5 seq=63
[2026-09-26T14:01:21.190Z] I (1922924) RouteLoom: HIL LINK rx peer=3 type=40 cid=2065731346 current=0 status=5 seq=204
[2026-09-26T14:01:21.195Z] I (1922929) RouteLoom: HIL PROBE tx peer=3 type=41 status=0 detail=ok
[2026-09-26T14:01:21.408Z] I (1923142) RouteLoom: HIL LINK tx peer=1 type=32 cid=3445906384 seq=749
[2026-09-26T14:01:23.909Z] I (1925643) RouteLoom: HIL LINK tx peer=3 type=32 cid=3131591193 seq=750
[2026-09-26T14:01:24.745Z] I (1926479) RouteLoom: HIL LINK rx peer=3 type=32 cid=2065731346 current=0 status=5 seq=389
[2026-09-26T14:01:24.806Z] I (1926540) RouteLoom: HIL LINK rx peer=1 type=32 cid=3139351763 current=0 status=5 seq=361
[2026-09-26T14:01:26.410Z] I (1928144) RouteLoom: HIL LINK tx peer=1 type=32 cid=3445906384 seq=751
[2026-09-26T14:01:28.912Z] I (1930646) RouteLoom: HIL LINK tx peer=3 type=32 cid=3131591193 seq=752
[2026-09-26T14:01:29.747Z] I (1931481) RouteLoom: HIL LINK rx peer=3 type=32 cid=2065731346 current=0 status=5 seq=390
[2026-09-26T14:01:29.806Z] I (1931540) RouteLoom: HIL LINK rx peer=1 type=32 cid=3139351763 current=0 status=5 seq=362
[2026-09-26T14:01:30.284Z] I (1932018) RouteLoom: HIL LINK rx peer=1 type=40 cid=3139351763 current=0 status=5 seq=189
[2026-09-26T14:01:30.288Z] I (1932022) RouteLoom: HIL PROBE tx peer=1 type=41 status=0 detail=ok
[2026-09-26T14:01:31.193Z] I (1932927) RouteLoom: HIL PROBE tx peer=3 type=40 status=0 detail=ok
[2026-09-26T14:01:31.213Z] I (1932944) RouteLoom: HIL LINK rx peer=3 type=41 cid=2065731346 current=0 status=5 seq=205
[2026-09-26T14:01:31.413Z] I (1933147) RouteLoom: HIL LINK tx peer=1 type=32 cid=3445906384 seq=753
[2026-09-26T14:01:33.915Z] I (1935649) RouteLoom: HIL LINK tx peer=3 type=32 cid=3131591193 seq=754
[2026-09-26T14:01:34.752Z] I (1936482) RouteLoom: HIL LINK rx peer=3 type=32 cid=2065731346 current=0 status=5 seq=391
[2026-09-26T14:01:34.806Z] I (1936540) RouteLoom: HIL LINK rx peer=1 type=32 cid=3139351763 current=0 status=5 seq=363
[2026-09-26T14:01:36.416Z] I (1938150) RouteLoom: HIL LINK tx peer=1 type=32 cid=3445906384 seq=755
[2026-09-26T14:01:38.918Z] I (1940652) RouteLoom: HIL LINK tx peer=3 type=32 cid=3131591193 seq=756
[2026-09-26T14:01:39.749Z] I (1941483) RouteLoom: HIL LINK rx peer=3 type=32 cid=2065731346 current=0 status=5 seq=392
[2026-09-26T14:01:39.807Z] I (1941540) RouteLoom: HIL LINK rx peer=1 type=32 cid=3139351763 current=0 status=5 seq=364
[2026-09-26T14:01:40.288Z] I (1942022) RouteLoom: HIL PROBE tx peer=1 type=40 status=0 detail=ok
[2026-09-26T14:01:40.307Z] I (1942040) RouteLoom: HIL LINK rx peer=1 type=40 cid=3139351763 current=0 status=5 seq=190
[2026-09-26T14:01:40.311Z] I (1942044) RouteLoom: HIL PROBE tx peer=1 type=41 status=0 detail=ok
[2026-09-26T14:01:41.209Z] I (1942942) RouteLoom: HIL LINK rx peer=3 type=40 cid=2065731346 current=0 status=5 seq=206
[2026-09-26T14:01:41.214Z] I (1942946) RouteLoom: HIL PROBE tx peer=3 type=41 status=0 detail=ok
[2026-09-26T14:01:41.419Z] I (1943153) RouteLoom: HIL LINK tx peer=1 type=32 cid=3445906384 seq=757
[2026-09-26T14:01:43.921Z] I (1945655) RouteLoom: HIL LINK tx peer=3 type=32 cid=3131591193 seq=758
[2026-09-26T14:01:44.754Z] I (1946485) RouteLoom: HIL LINK rx peer=3 type=32 cid=2065731346 current=0 status=5 seq=393
[2026-09-26T14:01:44.809Z] I (1946542) RouteLoom: HIL LINK rx peer=1 type=32 cid=3139351763 current=0 status=5 seq=365
[2026-09-26T14:01:46.422Z] I (1948156) RouteLoom: HIL LINK tx peer=1 type=32 cid=3445906384 seq=759
[2026-09-26T14:01:48.923Z] I (1950657) RouteLoom: HIL LINK tx peer=3 type=32 cid=3131591193 seq=760
[2026-09-26T14:01:49.755Z] I (1951488) RouteLoom: HIL LINK rx peer=3 type=32 cid=2065731346 current=0 status=5 seq=394
[2026-09-26T14:01:49.810Z] I (1951543) RouteLoom: HIL LINK rx peer=1 type=32 cid=3139351763 current=0 status=5 seq=366
[2026-09-26T14:01:50.309Z] I (1952043) RouteLoom: HIL PROBE tx peer=1 type=40 status=0 detail=ok
[2026-09-26T14:01:50.328Z] I (1952061) RouteLoom: HIL LINK rx peer=1 type=41 cid=3139351763 current=0 status=5 seq=192
[2026-09-26T14:01:51.211Z] I (1952945) RouteLoom: HIL PROBE tx peer=3 type=40 status=0 detail=ok
[2026-09-26T14:01:51.228Z] I (1952962) RouteLoom: HIL LINK rx peer=3 type=41 cid=2065731346 current=0 status=5 seq=207
[2026-09-26T14:01:51.425Z] I (1953159) RouteLoom: HIL LINK tx peer=1 type=32 cid=3445906384 seq=761
[2026-09-26T14:01:53.927Z] I (1955661) RouteLoom: HIL LINK tx peer=3 type=32 cid=3131591193 seq=762
[2026-09-26T14:01:54.754Z] I (1956487) RouteLoom: HIL LINK rx peer=3 type=32 cid=2065731346 current=0 status=5 seq=395
[2026-09-26T14:01:54.810Z] I (1956544) RouteLoom: HIL LINK rx peer=1 type=32 cid=3139351763 current=0 status=5 seq=367
[2026-09-26T14:01:56.429Z] I (1958163) RouteLoom: HIL LINK tx peer=1 type=32 cid=3445906384 seq=763
[2026-09-26T14:01:57.847Z] I (1959580) RouteLoom: HIL LINK rx peer=1 type=16 cid=3139351763 current=0 status=5 seq=64
[2026-09-26T14:01:57.853Z] I (1959586) RouteLoom: HIL LINK tx peer=1 type=17 cid=3445906384 seq=64
[2026-09-26T14:01:57.863Z] I (1959597) RouteLoom: HIL LINK tx peer=3 type=16 cid=3131591193 seq=64
[2026-09-26T14:01:57.885Z] I (1959618) RouteLoom: HIL LINK rx peer=3 type=17 cid=2065731346 current=0 status=5 seq=64
[2026-09-26T14:01:57.896Z] I (1959630) RouteLoom: HIL LINK rx peer=3 type=18 cid=2065731346 current=0 status=5 seq=64
[2026-09-26T14:01:57.902Z] I (1959635) RouteLoom: HIL LINK tx peer=3 type=17 cid=3131591193 seq=64
[2026-09-26T14:01:57.914Z] I (1959648) RouteLoom: HIL LINK tx peer=1 type=18 cid=3445906384 seq=64
[2026-09-26T14:01:57.935Z] I (1959668) RouteLoom: HIL LINK rx peer=1 type=17 cid=3139351763 current=0 status=5 seq=64
[2026-09-26T14:01:58.930Z] I (1960664) RouteLoom: HIL LINK tx peer=3 type=32 cid=3131591193 seq=764
[2026-09-26T14:01:59.754Z] I (1961487) RouteLoom: HIL LINK rx peer=3 type=32 cid=2065731346 current=0 status=5 seq=396
[2026-09-26T14:01:59.810Z] I (1961544) RouteLoom: HIL LINK rx peer=1 type=32 cid=3139351763 current=0 status=5 seq=368
[2026-09-26T14:02:00.327Z] I (1962061) RouteLoom: HIL LINK rx peer=1 type=40 cid=3139351763 current=0 status=5 seq=193
[2026-09-26T14:02:00.331Z] I (1962065) RouteLoom: HIL PROBE tx peer=1 type=41 status=0 detail=ok
[2026-09-26T14:02:01.228Z] I (1962961) RouteLoom: HIL LINK rx peer=3 type=40 cid=2065731346 current=0 status=5 seq=208
[2026-09-26T14:02:01.231Z] I (1962965) RouteLoom: HIL PROBE tx peer=3 type=41 status=0 detail=ok
[2026-09-26T14:02:01.432Z] I (1963166) RouteLoom: HIL LINK tx peer=1 type=32 cid=3445906384 seq=765
[2026-09-26T14:02:03.934Z] I (1965668) RouteLoom: HIL LINK tx peer=3 type=32 cid=3131591193 seq=766
[2026-09-26T14:02:04.756Z] I (1966489) RouteLoom: HIL LINK rx peer=3 type=32 cid=2065731346 current=0 status=5 seq=397
[2026-09-26T14:02:04.811Z] I (1966545) RouteLoom: HIL LINK rx peer=1 type=32 cid=3139351763 current=0 status=5 seq=369
[2026-09-26T14:02:06.436Z] I (1968170) RouteLoom: HIL LINK tx peer=1 type=32 cid=3445906384 seq=767
[2026-09-26T14:02:08.938Z] I (1970672) RouteLoom: HIL LINK tx peer=3 type=32 cid=3131591193 seq=768
[2026-09-26T14:02:09.757Z] I (1971490) RouteLoom: HIL LINK rx peer=3 type=32 cid=2065731346 current=0 status=5 seq=398
[2026-09-26T14:02:09.812Z] I (1971545) RouteLoom: HIL LINK rx peer=1 type=32 cid=3139351763 current=0 status=5 seq=370
[2026-09-26T14:02:10.329Z] I (1972063) RouteLoom: HIL PROBE tx peer=1 type=40 status=0 detail=ok
[2026-09-26T14:02:10.348Z] I (1972081) RouteLoom: HIL LINK rx peer=1 type=41 cid=3139351763 current=0 status=5 seq=194
[2026-09-26T14:02:11.232Z] I (1972965) RouteLoom: HIL PROBE tx peer=3 type=40 status=0 detail=ok
[2026-09-26T14:02:11.250Z] I (1972983) RouteLoom: HIL LINK rx peer=3 type=41 cid=2065731346 current=0 status=5 seq=209
[2026-09-26T14:02:11.438Z] I (1973172) RouteLoom: HIL LINK tx peer=1 type=32 cid=3445906384 seq=769
[2026-09-26T14:02:13.939Z] I (1975673) RouteLoom: HIL LINK tx peer=3 type=32 cid=3131591193 seq=770
[2026-09-26T14:02:14.757Z] I (1976490) RouteLoom: HIL LINK rx peer=3 type=32 cid=2065731346 current=0 status=5 seq=399
[2026-09-26T14:02:14.812Z] I (1976545) RouteLoom: HIL LINK rx peer=1 type=32 cid=3139351763 current=0 status=5 seq=371
[2026-09-26T14:02:16.440Z] I (1978174) RouteLoom: HIL LINK tx peer=1 type=32 cid=3445906384 seq=771
[2026-09-26T14:02:18.709Z] I (1980442) RouteLoom: stack hwm main 11096 B
[2026-09-26T14:02:18.709Z] I (1980442) RouteLoom: HIL HEAP free=21708 largest=18432 min=20932 B
[2026-09-26T14:02:18.719Z] I (1980443) RouteLoom: HIL DISCOVERY candidates=0 neighbors=2 capacity=0 auth=2 stale=0 probes=202 send_failures=13 kind_rejects=0
[2026-09-26T14:02:18.727Z] I (1980453) RouteLoom: HIL ROUTE peer=1 phase=5 via=1 metric=1 generation=307 seq=1
[2026-09-26T14:02:18.734Z] I (1980460) RouteLoom: HIL ROUTE peer=3 phase=5 via=3 metric=1 generation=107 seq=1
[2026-09-26T14:02:18.941Z] I (1980675) RouteLoom: HIL LINK tx peer=3 type=32 cid=3131591193 seq=772
[2026-09-26T14:02:19.758Z] I (1981490) RouteLoom: HIL LINK rx peer=3 type=32 cid=2065731346 current=0 status=5 seq=400
[2026-09-26T14:02:19.813Z] I (1981546) RouteLoom: HIL LINK rx peer=1 type=32 cid=3139351763 current=0 status=5 seq=372
[2026-09-26T14:02:20.348Z] I (1982081) RouteLoom: HIL LINK rx peer=1 type=40 cid=3139351763 current=0 status=5 seq=195
[2026-09-26T14:02:20.352Z] I (1982085) RouteLoom: HIL PROBE tx peer=1 type=41 status=0 detail=ok
[2026-09-26T14:02:21.250Z] I (1982983) RouteLoom: HIL LINK rx peer=3 type=40 cid=2065731346 current=0 status=5 seq=210
[2026-09-26T14:02:21.254Z] I (1982987) RouteLoom: HIL PROBE tx peer=3 type=41 status=0 detail=ok
[2026-09-26T14:02:21.443Z] I (1983176) RouteLoom: HIL LINK tx peer=1 type=32 cid=3445906384 seq=773
[2026-09-26T14:02:23.945Z] I (1985678) RouteLoom: HIL LINK tx peer=3 type=32 cid=3131591193 seq=774
[2026-09-26T14:02:24.757Z] I (1986490) RouteLoom: HIL LINK rx peer=3 type=32 cid=2065731346 current=0 status=5 seq=401
[2026-09-26T14:02:24.813Z] I (1986546) RouteLoom: HIL LINK rx peer=1 type=32 cid=3139351763 current=0 status=5 seq=373
[2026-09-26T14:02:26.447Z] I (1988180) RouteLoom: HIL LINK tx peer=1 type=32 cid=3445906384 seq=775
[2026-09-26T14:02:28.949Z] I (1990682) RouteLoom: HIL LINK tx peer=3 type=32 cid=3131591193 seq=776
[2026-09-26T14:02:29.759Z] I (1991491) RouteLoom: HIL LINK rx peer=3 type=32 cid=2065731346 current=0 status=5 seq=402
[2026-09-26T14:02:29.813Z] I (1991546) RouteLoom: HIL LINK rx peer=1 type=32 cid=3139351763 current=0 status=5 seq=374
[2026-09-26T14:02:30.352Z] I (1992085) RouteLoom: HIL PROBE tx peer=1 type=40 status=0 detail=ok
[2026-09-26T14:02:30.371Z] I (1992103) RouteLoom: HIL LINK rx peer=1 type=40 cid=3139351763 current=0 status=5 seq=196
[2026-09-26T14:02:30.374Z] I (1992107) RouteLoom: HIL PROBE tx peer=1 type=41 status=0 detail=ok
[2026-09-26T14:02:31.252Z] I (1992985) RouteLoom: HIL PROBE tx peer=3 type=40 status=0 detail=ok
[2026-09-26T14:02:31.269Z] I (1993002) RouteLoom: HIL LINK rx peer=3 type=41 cid=2065731346 current=0 status=5 seq=211
[2026-09-26T14:02:31.451Z] I (1993184) RouteLoom: HIL LINK tx peer=1 type=32 cid=3445906384 seq=777
[2026-09-26T14:02:33.953Z] I (1995686) RouteLoom: HIL LINK tx peer=3 type=32 cid=3131591193 seq=778
[2026-09-26T14:02:34.758Z] I (1996491) RouteLoom: HIL LINK rx peer=3 type=32 cid=2065731346 current=0 status=5 seq=403
[2026-09-26T14:02:34.815Z] I (1996548) RouteLoom: HIL LINK rx peer=1 type=32 cid=3139351763 current=0 status=5 seq=375
[2026-09-26T14:02:34.849Z] I (1996580) RouteLoom: HIL LINK rx peer=1 type=16 cid=3139351763 current=0 status=5 seq=65
[2026-09-26T14:02:34.851Z] I (1996583) RouteLoomRef: message origin=1 session=307 sequence=65 bytes=9
[2026-09-26T14:02:34.857Z] I (1996587) RouteLoom: HIL LINK tx peer=1 type=17 cid=3445906384 seq=65
[2026-09-26T14:02:34.865Z] I (1996598) RouteLoom: HIL LINK tx peer=1 type=18 cid=3445906384 seq=65
[2026-09-26T14:02:34.886Z] I (1996619) RouteLoom: HIL LINK rx peer=1 type=17 cid=3139351763 current=0 status=5 seq=65
[2026-09-26T14:02:36.454Z] I (1998187) RouteLoom: HIL LINK tx peer=1 type=32 cid=3445906384 seq=779
[2026-09-26T14:02:38.956Z] I (2000689) RouteLoom: HIL LINK tx peer=3 type=32 cid=3131591193 seq=780
[2026-09-26T14:02:39.760Z] I (2001492) RouteLoom: HIL LINK rx peer=3 type=32 cid=2065731346 current=0 status=5 seq=404
[2026-09-26T14:02:39.816Z] I (2001549) RouteLoom: HIL LINK rx peer=1 type=32 cid=3139351763 current=0 status=5 seq=376
[2026-09-26T14:02:40.372Z] I (2002105) RouteLoom: HIL PROBE tx peer=1 type=40 status=0 detail=ok
[2026-09-26T14:02:40.390Z] I (2002122) RouteLoom: HIL LINK rx peer=1 type=41 cid=3139351763 current=0 status=5 seq=198
[2026-09-26T14:02:41.272Z] I (2003005) RouteLoom: HIL PROBE tx peer=3 type=40 status=0 detail=ok
[2026-09-26T14:02:41.275Z] I (2003007) RouteLoom: HIL LINK rx peer=3 type=40 cid=2065731346 current=0 status=5 seq=212
[2026-09-26T14:02:41.284Z] I (2003011) RouteLoom: HIL PROBE tx peer=3 type=41 status=6 detail=autonomy TX already in flight to peer
[2026-09-26T14:02:41.292Z] I (2003023) RouteLoom: HIL LINK rx peer=3 type=41 cid=2065731346 current=0 status=5 seq=213
[2026-09-26T14:02:41.456Z] I (2003189) RouteLoom: HIL LINK tx peer=1 type=32 cid=3445906384 seq=781
[2026-09-26T14:02:43.958Z] I (2005691) RouteLoom: HIL LINK tx peer=3 type=32 cid=3131591193 seq=782
[2026-09-26T14:02:44.762Z] I (2006494) RouteLoom: HIL LINK rx peer=3 type=32 cid=2065731346 current=0 status=5 seq=405
[2026-09-26T14:02:44.817Z] I (2006550) RouteLoom: HIL LINK rx peer=1 type=32 cid=3139351763 current=0 status=5 seq=377
[2026-09-26T14:02:46.460Z] I (2008193) RouteLoom: HIL LINK tx peer=1 type=32 cid=3445906384 seq=783
[2026-09-26T14:02:48.961Z] I (2010694) RouteLoom: HIL LINK tx peer=3 type=32 cid=3131591193 seq=784
[2026-09-26T14:02:49.764Z] I (2011496) RouteLoom: HIL LINK rx peer=3 type=32 cid=2065731346 current=0 status=5 seq=406
[2026-09-26T14:02:49.819Z] I (2011551) RouteLoom: HIL LINK rx peer=1 type=32 cid=3139351763 current=0 status=5 seq=378
[2026-09-26T14:02:50.387Z] I (2012120) RouteLoom: HIL LINK rx peer=1 type=40 cid=3139351763 current=0 status=5 seq=199
[2026-09-26T14:02:50.391Z] I (2012124) RouteLoom: HIL PROBE tx peer=1 type=41 status=0 detail=ok
[2026-09-26T14:02:51.288Z] I (2013021) RouteLoom: HIL LINK rx peer=3 type=40 cid=2065731346 current=0 status=5 seq=214
[2026-09-26T14:02:51.292Z] I (2013025) RouteLoom: HIL PROBE tx peer=3 type=41 status=0 detail=ok
[2026-09-26T14:02:51.462Z] I (2013195) RouteLoom: HIL LINK tx peer=1 type=32 cid=3445906384 seq=785
[2026-09-26T14:02:53.964Z] I (2015697) RouteLoom: HIL LINK tx peer=3 type=32 cid=3131591193 seq=786
[2026-09-26T14:02:54.765Z] I (2016497) RouteLoom: HIL LINK rx peer=3 type=32 cid=2065731346 current=0 status=5 seq=407
[2026-09-26T14:02:54.818Z] I (2016551) RouteLoom: HIL LINK rx peer=1 type=32 cid=3139351763 current=0 status=5 seq=379
[2026-09-26T14:02:56.464Z] I (2018197) RouteLoom: HIL LINK tx peer=1 type=32 cid=3445906384 seq=787
[2026-09-26T14:02:58.965Z] I (2020698) RouteLoom: HIL LINK tx peer=3 type=32 cid=3131591193 seq=788
[2026-09-26T14:02:59.766Z] I (2021498) RouteLoom: HIL LINK rx peer=3 type=32 cid=2065731346 current=0 status=5 seq=408
[2026-09-26T14:02:59.818Z] I (2021551) RouteLoom: HIL LINK rx peer=1 type=32 cid=3139351763 current=0 status=5 seq=380
[2026-09-26T14:03:00.389Z] I (2022122) RouteLoom: HIL PROBE tx peer=1 type=40 status=0 detail=ok
[2026-09-26T14:03:00.408Z] I (2022140) RouteLoom: HIL LINK rx peer=1 type=41 cid=3139351763 current=0 status=5 seq=200
[2026-09-26T14:03:01.291Z] I (2023024) RouteLoom: HIL PROBE tx peer=3 type=40 status=0 detail=ok
[2026-09-26T14:03:01.310Z] I (2023042) RouteLoom: HIL LINK rx peer=3 type=41 cid=2065731346 current=0 status=5 seq=215
[2026-09-26T14:03:01.465Z] I (2023198) RouteLoom: HIL LINK tx peer=1 type=32 cid=3445906384 seq=789
[2026-09-26T14:03:03.967Z] I (2025700) RouteLoom: HIL LINK tx peer=3 type=32 cid=3131591193 seq=790
[2026-09-26T14:03:04.769Z] I (2026501) RouteLoom: HIL LINK rx peer=3 type=32 cid=2065731346 current=0 status=5 seq=409
[2026-09-26T14:03:04.820Z] I (2026553) RouteLoom: HIL LINK rx peer=1 type=32 cid=3139351763 current=0 status=5 seq=381
[2026-09-26T14:03:06.469Z] I (2028202) RouteLoom: HIL LINK tx peer=1 type=32 cid=3445906384 seq=791
[2026-09-26T14:03:08.971Z] I (2030704) RouteLoom: HIL LINK tx peer=3 type=32 cid=3131591193 seq=792
[2026-09-26T14:03:09.768Z] I (2031500) RouteLoom: HIL LINK rx peer=3 type=32 cid=2065731346 current=0 status=5 seq=410
[2026-09-26T14:03:09.821Z] I (2031553) RouteLoom: HIL LINK rx peer=1 type=32 cid=3139351763 current=0 status=5 seq=382
[2026-09-26T14:03:10.406Z] I (2032138) RouteLoom: HIL LINK rx peer=1 type=40 cid=3139351763 current=0 status=5 seq=201
[2026-09-26T14:03:10.409Z] I (2032142) RouteLoom: HIL PROBE tx peer=1 type=41 status=0 detail=ok
[2026-09-26T14:03:11.308Z] I (2033040) RouteLoom: HIL LINK rx peer=3 type=40 cid=2065731346 current=0 status=5 seq=216
[2026-09-26T14:03:11.312Z] I (2033044) RouteLoom: HIL PROBE tx peer=3 type=41 status=0 detail=ok
[2026-09-26T14:03:11.473Z] I (2033206) RouteLoom: HIL LINK tx peer=1 type=32 cid=3445906384 seq=793
[2026-09-26T14:03:11.846Z] I (2033578) RouteLoom: HIL LINK rx peer=1 type=16 cid=3139351763 current=0 status=5 seq=66
[2026-09-26T14:03:11.851Z] I (2033584) RouteLoom: HIL LINK tx peer=1 type=17 cid=3445906384 seq=66
[2026-09-26T14:03:11.862Z] I (2033595) RouteLoom: HIL LINK tx peer=3 type=16 cid=3131591193 seq=66
[2026-09-26T14:03:11.896Z] I (2033629) RouteLoom: HIL LINK rx peer=3 type=17 cid=2065731346 current=0 status=5 seq=66
[2026-09-26T14:03:11.909Z] I (2033641) RouteLoom: HIL LINK rx peer=3 type=18 cid=2065731346 current=0 status=5 seq=66
[2026-09-26T14:03:11.915Z] I (2033647) RouteLoom: HIL LINK tx peer=3 type=17 cid=3131591193 seq=66
[2026-09-26T14:03:11.926Z] I (2033658) RouteLoom: HIL LINK tx peer=1 type=18 cid=3445906384 seq=66
[2026-09-26T14:03:11.946Z] I (2033678) RouteLoom: HIL LINK rx peer=1 type=17 cid=3139351763 current=0 status=5 seq=66
[2026-09-26T14:03:13.973Z] I (2035706) RouteLoom: HIL LINK tx peer=3 type=32 cid=3131591193 seq=794
[2026-09-26T14:03:14.770Z] I (2036502) RouteLoom: HIL LINK rx peer=3 type=32 cid=2065731346 current=0 status=5 seq=411
[2026-09-26T14:03:14.822Z] I (2036554) RouteLoom: HIL LINK rx peer=1 type=32 cid=3139351763 current=0 status=5 seq=383
[2026-09-26T14:03:16.474Z] I (2038207) RouteLoom: HIL LINK tx peer=1 type=32 cid=3445906384 seq=795
[2026-09-26T14:03:18.710Z] I (2040442) RouteLoom: stack hwm main 11096 B
[2026-09-26T14:03:18.710Z] I (2040442) RouteLoom: HIL HEAP free=21708 largest=18432 min=20932 B
[2026-09-26T14:03:18.720Z] I (2040443) RouteLoom: HIL DISCOVERY candidates=0 neighbors=2 capacity=0 auth=2 stale=0 probes=208 send_failures=14 kind_rejects=0
[2026-09-26T14:03:18.728Z] I (2040453) RouteLoom: HIL ROUTE peer=1 phase=5 via=1 metric=1 generation=307 seq=1
[2026-09-26T14:03:18.735Z] I (2040460) RouteLoom: HIL ROUTE peer=3 phase=5 via=3 metric=1 generation=107 seq=1
[2026-09-26T14:03:18.975Z] I (2040708) RouteLoom: HIL LINK tx peer=3 type=32 cid=3131591193 seq=796
[2026-09-26T14:03:19.770Z] I (2041502) RouteLoom: HIL LINK rx peer=3 type=32 cid=2065731346 current=0 status=5 seq=412
[2026-09-26T14:03:19.822Z] I (2041555) RouteLoom: HIL LINK rx peer=1 type=32 cid=3139351763 current=0 status=5 seq=384
[2026-09-26T14:03:20.408Z] I (2042141) RouteLoom: HIL PROBE tx peer=1 type=40 status=0 detail=ok
[2026-09-26T14:03:20.427Z] I (2042159) RouteLoom: HIL LINK rx peer=1 type=41 cid=3139351763 current=0 status=5 seq=202
[2026-09-26T14:03:21.310Z] I (2043043) RouteLoom: HIL PROBE tx peer=3 type=40 status=0 detail=ok
[2026-09-26T14:03:21.328Z] I (2043060) RouteLoom: HIL LINK rx peer=3 type=41 cid=2065731346 current=0 status=5 seq=217
[2026-09-26T14:03:21.476Z] I (2043209) RouteLoom: HIL LINK tx peer=1 type=32 cid=3445906384 seq=797
[2026-09-26T14:03:23.978Z] I (2045711) RouteLoom: HIL LINK tx peer=3 type=32 cid=3131591193 seq=798
[2026-09-26T14:03:24.770Z] I (2046502) RouteLoom: HIL LINK rx peer=3 type=32 cid=2065731346 current=0 status=5 seq=413
[2026-09-26T14:03:24.824Z] I (2046556) RouteLoom: HIL LINK rx peer=1 type=32 cid=3139351763 current=0 status=5 seq=385
[2026-09-26T14:03:26.479Z] I (2048211) RouteLoom: HIL LINK tx peer=1 type=32 cid=3445906384 seq=799
[2026-09-26T14:03:28.981Z] I (2050713) RouteLoom: HIL LINK tx peer=3 type=32 cid=3131591193 seq=800
[2026-09-26T14:03:29.772Z] I (2051503) RouteLoom: HIL LINK rx peer=3 type=32 cid=2065731346 current=0 status=5 seq=414
[2026-09-26T14:03:29.825Z] I (2051557) RouteLoom: HIL LINK rx peer=1 type=32 cid=3139351763 current=0 status=5 seq=386
[2026-09-26T14:03:30.426Z] I (2052158) RouteLoom: HIL LINK rx peer=1 type=40 cid=3139351763 current=0 status=5 seq=203
[2026-09-26T14:03:30.430Z] I (2052162) RouteLoom: HIL PROBE tx peer=1 type=41 status=0 detail=ok
[2026-09-26T14:03:31.326Z] I (2053057) RouteLoom: HIL LINK rx peer=3 type=40 cid=2065731346 current=0 status=5 seq=218
[2026-09-26T14:03:31.331Z] I (2053061) RouteLoom: HIL PROBE tx peer=3 type=41 status=0 detail=ok
[2026-09-26T14:03:31.482Z] I (2053214) RouteLoom: HIL LINK tx peer=1 type=32 cid=3445906384 seq=801
[2026-09-26T14:03:33.984Z] I (2055716) RouteLoom: HIL LINK tx peer=3 type=32 cid=3131591193 seq=802
[2026-09-26T14:03:34.772Z] I (2056504) RouteLoom: HIL LINK rx peer=3 type=32 cid=2065731346 current=0 status=5 seq=415
[2026-09-26T14:03:34.825Z] I (2056557) RouteLoom: HIL LINK rx peer=1 type=32 cid=3139351763 current=0 status=5 seq=387
[2026-09-26T14:03:36.486Z] I (2058218) RouteLoom: HIL LINK tx peer=1 type=32 cid=3445906384 seq=803
[2026-09-26T14:03:38.988Z] I (2060720) RouteLoom: HIL LINK tx peer=3 type=32 cid=3131591193 seq=804
[2026-09-26T14:03:39.773Z] I (2061504) RouteLoom: HIL LINK rx peer=3 type=32 cid=2065731346 current=0 status=5 seq=416
[2026-09-26T14:03:39.825Z] I (2061557) RouteLoom: HIL LINK rx peer=1 type=32 cid=3139351763 current=0 status=5 seq=388
[2026-09-26T14:03:40.429Z] I (2062161) RouteLoom: HIL PROBE tx peer=1 type=40 status=0 detail=ok
[2026-09-26T14:03:40.451Z] I (2062178) RouteLoom: HIL LINK rx peer=1 type=41 cid=3139351763 current=0 status=5 seq=204
[2026-09-26T14:03:41.329Z] I (2063061) RouteLoom: HIL PROBE tx peer=3 type=40 status=0 detail=ok
[2026-09-26T14:03:41.346Z] I (2063078) RouteLoom: HIL LINK rx peer=3 type=41 cid=2065731346 current=0 status=5 seq=219
[2026-09-26T14:03:41.489Z] I (2063221) RouteLoom: HIL LINK tx peer=1 type=32 cid=3445906384 seq=805
[2026-09-26T14:03:43.992Z] I (2065723) RouteLoom: HIL LINK tx peer=3 type=32 cid=3131591193 seq=806
[2026-09-26T14:03:44.774Z] I (2066505) RouteLoom: HIL LINK rx peer=3 type=32 cid=2065731346 current=0 status=5 seq=417
[2026-09-26T14:03:44.828Z] I (2066559) RouteLoom: HIL LINK rx peer=1 type=32 cid=3139351763 current=0 status=5 seq=389
[2026-09-26T14:03:46.492Z] I (2068224) RouteLoom: HIL LINK tx peer=1 type=32 cid=3445906384 seq=807
[2026-09-26T14:03:48.849Z] I (2070580) RouteLoom: HIL LINK rx peer=1 type=16 cid=3139351763 current=0 status=5 seq=67
[2026-09-26T14:03:48.852Z] I (2070584) RouteLoomRef: message origin=1 session=307 sequence=67 bytes=9
[2026-09-26T14:03:48.859Z] I (2070588) RouteLoom: HIL LINK tx peer=1 type=17 cid=3445906384 seq=67
[2026-09-26T14:03:48.868Z] I (2070599) RouteLoom: HIL LINK tx peer=1 type=18 cid=3445906384 seq=67
[2026-09-26T14:03:48.888Z] I (2070619) RouteLoom: HIL LINK rx peer=1 type=17 cid=3139351763 current=0 status=5 seq=67
[2026-09-26T14:03:48.992Z] I (2070724) RouteLoom: HIL LINK tx peer=3 type=32 cid=3131591193 seq=808
[2026-09-26T14:03:49.775Z] I (2071506) RouteLoom: HIL LINK rx peer=3 type=32 cid=2065731346 current=0 status=5 seq=418
[2026-09-26T14:03:49.828Z] I (2071560) RouteLoom: HIL LINK rx peer=1 type=32 cid=3139351763 current=0 status=5 seq=390
[2026-09-26T14:03:50.444Z] I (2072176) RouteLoom: HIL LINK rx peer=1 type=40 cid=3139351763 current=0 status=5 seq=205
[2026-09-26T14:03:50.448Z] I (2072180) RouteLoom: HIL PROBE tx peer=1 type=41 status=0 detail=ok
[2026-09-26T14:03:51.345Z] I (2073076) RouteLoom: HIL LINK rx peer=3 type=40 cid=2065731346 current=0 status=5 seq=220
[2026-09-26T14:03:51.349Z] I (2073080) RouteLoom: HIL PROBE tx peer=3 type=41 status=0 detail=ok
[2026-09-26T14:03:51.492Z] I (2073224) RouteLoom: HIL LINK tx peer=1 type=32 cid=3445906384 seq=809
[2026-09-26T14:03:53.994Z] I (2075726) RouteLoom: HIL LINK tx peer=3 type=32 cid=3131591193 seq=810
[2026-09-26T14:03:54.776Z] I (2076508) RouteLoom: HIL LINK rx peer=3 type=32 cid=2065731346 current=0 status=5 seq=419
[2026-09-26T14:03:54.831Z] I (2076562) RouteLoom: HIL LINK rx peer=1 type=32 cid=3139351763 current=0 status=5 seq=391
[2026-09-26T14:03:56.495Z] I (2078227) RouteLoom: HIL LINK tx peer=1 type=32 cid=3445906384 seq=811
[2026-09-26T14:03:58.997Z] I (2080729) RouteLoom: HIL LINK tx peer=3 type=32 cid=3131591193 seq=812
[2026-09-26T14:03:59.779Z] I (2081510) RouteLoom: HIL LINK rx peer=3 type=32 cid=2065731346 current=0 status=5 seq=420
[2026-09-26T14:03:59.831Z] I (2081563) RouteLoom: HIL LINK rx peer=1 type=32 cid=3139351763 current=0 status=5 seq=392
[2026-09-26T14:04:00.447Z] I (2082179) RouteLoom: HIL PROBE tx peer=1 type=40 status=0 detail=ok
[2026-09-26T14:04:00.466Z] I (2082197) RouteLoom: HIL LINK rx peer=1 type=41 cid=3139351763 current=0 status=5 seq=206
[2026-09-26T14:04:01.346Z] I (2083078) RouteLoom: HIL PROBE tx peer=3 type=40 status=0 detail=ok
[2026-09-26T14:04:01.363Z] I (2083095) RouteLoom: HIL LINK rx peer=3 type=41 cid=2065731346 current=0 status=5 seq=221
[2026-09-26T14:04:01.497Z] I (2083229) RouteLoom: HIL LINK tx peer=1 type=32 cid=3445906384 seq=813
[2026-09-26T14:04:03.999Z] I (2085731) RouteLoom: HIL LINK tx peer=3 type=32 cid=3131591193 seq=814
[2026-09-26T14:04:04.781Z] I (2086512) RouteLoom: HIL LINK rx peer=3 type=32 cid=2065731346 current=0 status=5 seq=421
[2026-09-26T14:04:04.833Z] I (2086565) RouteLoom: HIL LINK rx peer=1 type=32 cid=3139351763 current=0 status=5 seq=393
[2026-09-26T14:04:06.500Z] I (2088232) RouteLoom: HIL LINK tx peer=1 type=32 cid=3445906384 seq=815
[2026-09-26T14:04:09.002Z] I (2090734) RouteLoom: HIL LINK tx peer=3 type=32 cid=3131591193 seq=816
[2026-09-26T14:04:09.781Z] I (2091512) RouteLoom: HIL LINK rx peer=3 type=32 cid=2065731346 current=0 status=5 seq=422
[2026-09-26T14:04:09.833Z] I (2091565) RouteLoom: HIL LINK rx peer=1 type=32 cid=3139351763 current=0 status=5 seq=394
[2026-09-26T14:04:10.465Z] I (2092196) RouteLoom: HIL LINK rx peer=1 type=40 cid=3139351763 current=0 status=5 seq=207
[2026-09-26T14:04:10.469Z] I (2092200) RouteLoom: HIL PROBE tx peer=1 type=41 status=0 detail=ok
[2026-09-26T14:04:11.362Z] I (2093093) RouteLoom: HIL LINK rx peer=3 type=40 cid=2065731346 current=0 status=5 seq=222
[2026-09-26T14:04:11.366Z] I (2093097) RouteLoom: HIL PROBE tx peer=3 type=41 status=0 detail=ok
[2026-09-26T14:04:11.503Z] I (2093235) RouteLoom: HIL LINK tx peer=1 type=32 cid=3445906384 seq=817
[2026-09-26T14:04:14.005Z] I (2095737) RouteLoom: HIL LINK tx peer=3 type=32 cid=3131591193 seq=818
[2026-09-26T14:04:14.784Z] I (2096515) RouteLoom: HIL LINK rx peer=3 type=32 cid=2065731346 current=0 status=5 seq=423
[2026-09-26T14:04:14.833Z] I (2096565) RouteLoom: HIL LINK rx peer=1 type=32 cid=3139351763 current=0 status=5 seq=395
[2026-09-26T14:04:16.506Z] I (2098238) RouteLoom: HIL LINK tx peer=1 type=32 cid=3445906384 seq=819
[2026-09-26T14:04:18.712Z] I (2100443) RouteLoom: stack hwm main 11096 B
[2026-09-26T14:04:18.712Z] I (2100443) RouteLoom: HIL HEAP free=21708 largest=18432 min=20932 B
[2026-09-26T14:04:18.722Z] I (2100444) RouteLoom: HIL DISCOVERY candidates=0 neighbors=2 capacity=0 auth=2 stale=0 probes=214 send_failures=14 kind_rejects=0
[2026-09-26T14:04:18.730Z] I (2100454) RouteLoom: HIL ROUTE peer=1 phase=5 via=1 metric=1 generation=307 seq=1
[2026-09-26T14:04:18.737Z] I (2100461) RouteLoom: HIL ROUTE peer=3 phase=5 via=3 metric=1 generation=107 seq=1
[2026-09-26T14:04:19.007Z] I (2100739) RouteLoom: HIL LINK tx peer=3 type=32 cid=3131591193 seq=820
[2026-09-26T14:04:19.784Z] I (2101515) RouteLoom: HIL LINK rx peer=3 type=32 cid=2065731346 current=0 status=5 seq=424
[2026-09-26T14:04:19.834Z] I (2101566) RouteLoom: HIL LINK rx peer=1 type=32 cid=3139351763 current=0 status=5 seq=396
[2026-09-26T14:04:20.468Z] I (2102200) RouteLoom: HIL PROBE tx peer=1 type=40 status=0 detail=ok
[2026-09-26T14:04:20.487Z] I (2102218) RouteLoom: HIL LINK rx peer=1 type=41 cid=3139351763 current=0 status=5 seq=208
[2026-09-26T14:04:21.364Z] I (2103096) RouteLoom: HIL PROBE tx peer=3 type=40 status=0 detail=ok
[2026-09-26T14:04:21.384Z] I (2103115) RouteLoom: HIL LINK rx peer=3 type=41 cid=2065731346 current=0 status=5 seq=223
[2026-09-26T14:04:21.509Z] I (2103241) RouteLoom: HIL LINK tx peer=1 type=32 cid=3445906384 seq=821
[2026-09-26T14:04:24.011Z] I (2105743) RouteLoom: HIL LINK tx peer=3 type=32 cid=3131591193 seq=822
[2026-09-26T14:04:24.785Z] I (2106516) RouteLoom: HIL LINK rx peer=3 type=32 cid=2065731346 current=0 status=5 seq=425
[2026-09-26T14:04:24.836Z] I (2106567) RouteLoom: HIL LINK rx peer=1 type=32 cid=3139351763 current=0 status=5 seq=397
[2026-09-26T14:04:25.845Z] I (2107576) RouteLoom: HIL LINK rx peer=1 type=16 cid=3139351763 current=0 status=5 seq=68
[2026-09-26T14:04:25.851Z] I (2107582) RouteLoom: HIL LINK tx peer=1 type=17 cid=3445906384 seq=68
[2026-09-26T14:04:25.863Z] I (2107594) RouteLoom: HIL LINK tx peer=3 type=16 cid=3131591193 seq=68
[2026-09-26T14:04:25.900Z] I (2107631) RouteLoom: HIL LINK rx peer=3 type=17 cid=2065731346 current=0 status=5 seq=68
[2026-09-26T14:04:25.913Z] I (2107644) RouteLoom: HIL LINK rx peer=3 type=18 cid=2065731346 current=0 status=5 seq=68
[2026-09-26T14:04:25.919Z] I (2107650) RouteLoom: HIL LINK tx peer=3 type=17 cid=3131591193 seq=68
[2026-09-26T14:04:25.932Z] I (2107664) RouteLoom: HIL LINK tx peer=1 type=18 cid=3445906384 seq=68
[2026-09-26T14:04:25.958Z] I (2107689) RouteLoom: HIL LINK rx peer=1 type=17 cid=3139351763 current=0 status=5 seq=68
[2026-09-26T14:04:26.512Z] I (2108244) RouteLoom: HIL LINK tx peer=1 type=32 cid=3445906384 seq=823
[2026-09-26T14:04:29.014Z] I (2110746) RouteLoom: HIL LINK tx peer=3 type=32 cid=3131591193 seq=824
[2026-09-26T14:04:29.785Z] I (2111516) RouteLoom: HIL LINK rx peer=3 type=32 cid=2065731346 current=0 status=5 seq=426
[2026-09-26T14:04:29.836Z] I (2111567) RouteLoom: HIL LINK rx peer=1 type=32 cid=3139351763 current=0 status=5 seq=398
[2026-09-26T14:04:30.489Z] I (2112220) RouteLoom: HIL PROBE tx peer=1 type=40 status=0 detail=ok
[2026-09-26T14:04:30.492Z] I (2112222) RouteLoom: HIL LINK rx peer=1 type=40 cid=3139351763 current=0 status=5 seq=209
[2026-09-26T14:04:30.501Z] I (2112226) RouteLoom: HIL PROBE tx peer=1 type=41 status=6 detail=autonomy TX already in flight to peer
[2026-09-26T14:04:30.509Z] I (2112238) RouteLoom: HIL LINK rx peer=1 type=41 cid=3139351763 current=0 status=5 seq=210
[2026-09-26T14:04:31.384Z] I (2113115) RouteLoom: HIL LINK rx peer=3 type=40 cid=2065731346 current=0 status=5 seq=224
[2026-09-26T14:04:31.388Z] I (2113119) RouteLoom: HIL PROBE tx peer=3 type=41 status=0 detail=ok
[2026-09-26T14:04:31.517Z] I (2113248) RouteLoom: HIL LINK tx peer=1 type=32 cid=3445906384 seq=825
[2026-09-26T14:04:34.019Z] I (2115750) RouteLoom: HIL LINK tx peer=3 type=32 cid=3131591193 seq=826
[2026-09-26T14:04:34.786Z] I (2116517) RouteLoom: HIL LINK rx peer=3 type=32 cid=2065731346 current=0 status=5 seq=427
[2026-09-26T14:04:34.837Z] I (2116568) RouteLoom: HIL LINK rx peer=1 type=32 cid=3139351763 current=0 status=5 seq=399
[2026-09-26T14:04:36.520Z] I (2118251) RouteLoom: HIL LINK tx peer=1 type=32 cid=3445906384 seq=827
[2026-09-26T14:04:39.022Z] I (2120753) RouteLoom: HIL LINK tx peer=3 type=32 cid=3131591193 seq=828
[2026-09-26T14:04:39.790Z] I (2121521) RouteLoom: HIL LINK rx peer=3 type=32 cid=2065731346 current=0 status=5 seq=428
[2026-09-26T14:04:39.839Z] I (2121569) RouteLoom: HIL LINK rx peer=1 type=32 cid=3139351763 current=0 status=5 seq=400
[2026-09-26T14:04:40.506Z] I (2122237) RouteLoom: HIL LINK rx peer=1 type=40 cid=3139351763 current=0 status=5 seq=211
[2026-09-26T14:04:40.510Z] I (2122241) RouteLoom: HIL PROBE tx peer=1 type=41 status=0 detail=ok
[2026-09-26T14:04:41.388Z] I (2123119) RouteLoom: HIL PROBE tx peer=3 type=40 status=0 detail=ok
[2026-09-26T14:04:41.407Z] I (2123137) RouteLoom: HIL LINK rx peer=3 type=41 cid=2065731346 current=0 status=5 seq=225
[2026-09-26T14:04:41.523Z] I (2123254) RouteLoom: HIL LINK tx peer=1 type=32 cid=3445906384 seq=829
[2026-09-26T14:04:44.025Z] I (2125756) RouteLoom: HIL LINK tx peer=3 type=32 cid=3131591193 seq=830
[2026-09-26T14:04:44.789Z] I (2126519) RouteLoom: HIL LINK rx peer=3 type=32 cid=2065731346 current=0 status=5 seq=429
[2026-09-26T14:04:44.841Z] I (2126571) RouteLoom: HIL LINK rx peer=1 type=32 cid=3139351763 current=0 status=5 seq=401
[2026-09-26T14:04:46.526Z] I (2128257) RouteLoom: HIL LINK tx peer=1 type=32 cid=3445906384 seq=831
[2026-09-26T14:04:49.028Z] I (2130759) RouteLoom: HIL LINK tx peer=3 type=32 cid=3131591193 seq=832
[2026-09-26T14:04:49.789Z] I (2131520) RouteLoom: HIL LINK rx peer=3 type=32 cid=2065731346 current=0 status=5 seq=430
[2026-09-26T14:04:49.841Z] I (2131572) RouteLoom: HIL LINK rx peer=1 type=32 cid=3139351763 current=0 status=5 seq=402
[2026-09-26T14:04:50.508Z] I (2132239) RouteLoom: HIL PROBE tx peer=1 type=40 status=0 detail=ok
[2026-09-26T14:04:50.525Z] I (2132256) RouteLoom: HIL LINK rx peer=1 type=41 cid=3139351763 current=0 status=5 seq=212
[2026-09-26T14:04:51.403Z] I (2133134) RouteLoom: HIL LINK rx peer=3 type=40 cid=2065731346 current=0 status=5 seq=226
[2026-09-26T14:04:51.407Z] I (2133138) RouteLoom: HIL PROBE tx peer=3 type=41 status=0 detail=ok
[2026-09-26T14:04:51.530Z] I (2133261) RouteLoom: HIL LINK tx peer=1 type=32 cid=3445906384 seq=833
[2026-09-26T14:04:54.032Z] I (2135763) RouteLoom: HIL LINK tx peer=3 type=32 cid=3131591193 seq=834
[2026-09-26T14:04:54.790Z] I (2136521) RouteLoom: HIL LINK rx peer=3 type=32 cid=2065731346 current=0 status=5 seq=431
[2026-09-26T14:04:54.842Z] I (2136572) RouteLoom: HIL LINK rx peer=1 type=32 cid=3139351763 current=0 status=5 seq=403
[2026-09-26T14:04:56.533Z] I (2138264) RouteLoom: HIL LINK tx peer=1 type=32 cid=3445906384 seq=835
[2026-09-26T14:04:59.035Z] I (2140766) RouteLoom: HIL LINK tx peer=3 type=32 cid=3131591193 seq=836
[2026-09-26T14:04:59.793Z] I (2141523) RouteLoom: HIL LINK rx peer=3 type=32 cid=2065731346 current=0 status=5 seq=432
[2026-09-26T14:04:59.842Z] I (2141573) RouteLoom: HIL LINK rx peer=1 type=32 cid=3139351763 current=0 status=5 seq=404
[2026-09-26T14:05:00.525Z] I (2142256) RouteLoom: HIL LINK rx peer=1 type=40 cid=3139351763 current=0 status=5 seq=213
[2026-09-26T14:05:00.529Z] I (2142260) RouteLoom: HIL PROBE tx peer=1 type=41 status=0 detail=ok
[2026-09-26T14:05:01.407Z] I (2143138) RouteLoom: HIL PROBE tx peer=3 type=40 status=0 detail=ok
[2026-09-26T14:05:01.426Z] I (2143156) RouteLoom: HIL LINK rx peer=3 type=41 cid=2065731346 current=0 status=5 seq=227
[2026-09-26T14:05:01.536Z] I (2143267) RouteLoom: HIL LINK tx peer=1 type=32 cid=3445906384 seq=837
[2026-09-26T14:05:02.846Z] I (2144577) RouteLoom: HIL LINK rx peer=1 type=16 cid=3139351763 current=0 status=5 seq=69
[2026-09-26T14:05:02.850Z] I (2144580) RouteLoomRef: message origin=1 session=307 sequence=69 bytes=9
[2026-09-26T14:05:02.856Z] I (2144584) RouteLoom: HIL LINK tx peer=1 type=17 cid=3445906384 seq=69
[2026-09-26T14:05:02.865Z] I (2144595) RouteLoom: HIL LINK tx peer=1 type=18 cid=3445906384 seq=69
[2026-09-26T14:05:02.890Z] I (2144620) RouteLoom: HIL LINK rx peer=1 type=17 cid=3139351763 current=0 status=5 seq=69
[2026-09-26T14:05:04.038Z] I (2145769) RouteLoom: HIL LINK tx peer=3 type=32 cid=3131591193 seq=838
[2026-09-26T14:05:04.793Z] I (2146524) RouteLoom: HIL LINK rx peer=3 type=32 cid=2065731346 current=0 status=5 seq=433
[2026-09-26T14:05:04.843Z] I (2146573) RouteLoom: HIL LINK rx peer=1 type=32 cid=3139351763 current=0 status=5 seq=405
[2026-09-26T14:05:06.540Z] I (2148271) RouteLoom: HIL LINK tx peer=1 type=32 cid=3445906384 seq=839
[2026-09-26T14:05:09.042Z] I (2150773) RouteLoom: HIL LINK tx peer=3 type=32 cid=3131591193 seq=840
[2026-09-26T14:05:09.794Z] I (2151525) RouteLoom: HIL LINK rx peer=3 type=32 cid=2065731346 current=0 status=5 seq=434
[2026-09-26T14:05:09.843Z] I (2151574) RouteLoom: HIL LINK rx peer=1 type=32 cid=3139351763 current=0 status=5 seq=406
[2026-09-26T14:05:10.529Z] I (2152259) RouteLoom: HIL PROBE tx peer=1 type=40 status=0 detail=ok
[2026-09-26T14:05:10.546Z] I (2152276) RouteLoom: HIL LINK rx peer=1 type=41 cid=3139351763 current=0 status=5 seq=214
[2026-09-26T14:05:11.426Z] I (2153155) RouteLoom: HIL LINK rx peer=3 type=40 cid=2065731346 current=0 status=5 seq=228
[2026-09-26T14:05:11.429Z] I (2153159) RouteLoom: HIL PROBE tx peer=3 type=41 status=0 detail=ok
[2026-09-26T14:05:11.544Z] I (2153273) RouteLoom: HIL LINK tx peer=1 type=32 cid=3445906384 seq=841
[2026-09-26T14:05:14.044Z] I (2155775) RouteLoom: HIL LINK tx peer=3 type=32 cid=3131591193 seq=842
[2026-09-26T14:05:14.796Z] I (2156527) RouteLoom: HIL LINK rx peer=3 type=32 cid=2065731346 current=0 status=5 seq=435
[2026-09-26T14:05:14.845Z] I (2156575) RouteLoom: HIL LINK rx peer=1 type=32 cid=3139351763 current=0 status=5 seq=407
[2026-09-26T14:05:16.546Z] I (2158276) RouteLoom: HIL LINK tx peer=1 type=32 cid=3445906384 seq=843
[2026-09-26T14:05:18.715Z] I (2160445) RouteLoom: stack hwm main 11096 B
[2026-09-26T14:05:18.716Z] I (2160445) RouteLoom: HIL HEAP free=21708 largest=18432 min=20932 B
[2026-09-26T14:05:18.725Z] I (2160446) RouteLoom: HIL DISCOVERY candidates=0 neighbors=2 capacity=0 auth=2 stale=0 probes=221 send_failures=15 kind_rejects=0
[2026-09-26T14:05:18.733Z] I (2160456) RouteLoom: HIL ROUTE peer=1 phase=5 via=1 metric=1 generation=307 seq=1
[2026-09-26T14:05:18.740Z] I (2160463) RouteLoom: HIL ROUTE peer=3 phase=5 via=3 metric=1 generation=107 seq=1
[2026-09-26T14:05:19.047Z] I (2160777) RouteLoom: HIL LINK tx peer=3 type=32 cid=3131591193 seq=844
[2026-09-26T14:05:19.797Z] I (2161527) RouteLoom: HIL LINK rx peer=3 type=32 cid=2065731346 current=0 status=5 seq=436
[2026-09-26T14:05:19.859Z] I (2161584) RouteLoom: HIL LINK rx peer=1 type=32 cid=3139351763 current=0 status=5 seq=408
[2026-09-26T14:05:20.544Z] I (2162274) RouteLoom: HIL LINK rx peer=1 type=40 cid=3139351763 current=0 status=5 seq=215
[2026-09-26T14:05:20.547Z] I (2162278) RouteLoom: HIL PROBE tx peer=1 type=41 status=0 detail=ok
[2026-09-26T14:05:21.428Z] I (2163159) RouteLoom: HIL PROBE tx peer=3 type=40 status=0 detail=ok
[2026-09-26T14:05:21.448Z] I (2163178) RouteLoom: HIL LINK rx peer=3 type=40 cid=2065731346 current=0 status=5 seq=229
[2026-09-26T14:05:21.452Z] I (2163182) RouteLoom: HIL PROBE tx peer=3 type=41 status=0 detail=ok
[2026-09-26T14:05:21.550Z] I (2163279) RouteLoom: HIL LINK tx peer=1 type=32 cid=3445906384 seq=845
[2026-09-26T14:05:24.050Z] I (2165781) RouteLoom: HIL LINK tx peer=3 type=32 cid=3131591193 seq=846
[2026-09-26T14:05:24.798Z] I (2166528) RouteLoom: HIL LINK rx peer=3 type=32 cid=2065731346 current=0 status=5 seq=437
[2026-09-26T14:05:24.848Z] I (2166578) RouteLoom: HIL LINK rx peer=1 type=32 cid=3139351763 current=0 status=5 seq=409
[2026-09-26T14:05:26.553Z] I (2168281) RouteLoom: HIL LINK tx peer=1 type=32 cid=3445906384 seq=847
[2026-09-26T14:05:29.055Z] I (2170783) RouteLoom: HIL LINK tx peer=3 type=32 cid=3131591193 seq=848
[2026-09-26T14:05:29.800Z] I (2171529) RouteLoom: HIL LINK rx peer=3 type=32 cid=2065731346 current=0 status=5 seq=438
[2026-09-26T14:05:29.850Z] I (2171580) RouteLoom: HIL LINK rx peer=1 type=32 cid=3139351763 current=0 status=5 seq=410
[2026-09-26T14:05:30.548Z] I (2172278) RouteLoom: HIL PROBE tx peer=1 type=40 status=0 detail=ok
[2026-09-26T14:05:30.566Z] I (2172296) RouteLoom: HIL LINK rx peer=1 type=41 cid=3139351763 current=0 status=5 seq=216
[2026-09-26T14:05:31.450Z] I (2173180) RouteLoom: HIL PROBE tx peer=3 type=40 status=0 detail=ok
[2026-09-26T14:05:31.468Z] I (2173198) RouteLoom: HIL LINK rx peer=3 type=41 cid=2065731346 current=0 status=5 seq=231
[2026-09-26T14:05:31.555Z] I (2173285) RouteLoom: HIL LINK tx peer=1 type=32 cid=3445906384 seq=849
[2026-09-26T14:05:34.057Z] I (2175787) RouteLoom: HIL LINK tx peer=3 type=32 cid=3131591193 seq=850
[2026-09-26T14:05:34.801Z] I (2176529) RouteLoom: HIL LINK rx peer=3 type=32 cid=2065731346 current=0 status=5 seq=439
[2026-09-26T14:05:34.852Z] I (2176581) RouteLoom: HIL LINK rx peer=1 type=32 cid=3139351763 current=0 status=5 seq=411
[2026-09-26T14:05:36.558Z] I (2178288) RouteLoom: HIL LINK tx peer=1 type=32 cid=3445906384 seq=851
[2026-09-26T14:05:39.060Z] I (2180790) RouteLoom: HIL LINK tx peer=3 type=32 cid=3131591193 seq=852
[2026-09-26T14:05:39.801Z] I (2181530) RouteLoom: HIL LINK rx peer=3 type=32 cid=2065731346 current=0 status=5 seq=440
[2026-09-26T14:05:39.853Z] I (2181582) RouteLoom: HIL LINK rx peer=1 type=16 cid=3139351763 current=0 status=5 seq=70
[2026-09-26T14:05:39.858Z] I (2181588) RouteLoom: HIL LINK tx peer=1 type=17 cid=3445906384 seq=70
[2026-09-26T14:05:39.864Z] I (2181594) RouteLoom: HIL LINK rx peer=1 type=32 cid=3139351763 current=0 status=5 seq=412
[2026-09-26T14:05:39.877Z] I (2181607) RouteLoom: HIL LINK tx peer=3 type=16 cid=3131591193 seq=70
[2026-09-26T14:05:39.899Z] I (2181628) RouteLoom: HIL LINK rx peer=3 type=17 cid=2065731346 current=0 status=5 seq=70
[2026-09-26T14:05:39.910Z] I (2181639) RouteLoom: HIL LINK rx peer=3 type=18 cid=2065731346 current=0 status=5 seq=70
[2026-09-26T14:05:39.916Z] I (2181645) RouteLoom: HIL LINK tx peer=3 type=17 cid=3131591193 seq=70
[2026-09-26T14:05:39.927Z] I (2181656) RouteLoom: HIL LINK tx peer=1 type=18 cid=3445906384 seq=70
[2026-09-26T14:05:39.947Z] I (2181677) RouteLoom: HIL LINK rx peer=1 type=17 cid=3139351763 current=0 status=5 seq=70
[2026-09-26T14:05:40.585Z] I (2182293) RouteLoom: HIL LINK rx peer=1 type=40 cid=3139351763 current=0 status=5 seq=217
[2026-09-26T14:05:40.585Z] I (2182297) RouteLoom: HIL PROBE tx peer=1 type=41 status=0 detail=ok
[2026-09-26T14:05:41.472Z] I (2183196) RouteLoom: HIL LINK rx peer=3 type=40 cid=2065731346 current=0 status=5 seq=232
[2026-09-26T14:05:41.472Z] I (2183200) RouteLoom: HIL PROBE tx peer=3 type=41 status=0 detail=ok
[2026-09-26T14:05:41.560Z] I (2183290) RouteLoom: HIL LINK tx peer=1 type=32 cid=3445906384 seq=853
[2026-09-26T14:05:44.209Z] I (2185792) RouteLoom: HIL LINK tx peer=3 type=32 cid=3131591193 seq=854
[2026-09-26T14:05:44.802Z] I (2186531) RouteLoom: HIL LINK rx peer=3 type=32 cid=2065731346 current=0 status=5 seq=441
[2026-09-26T14:05:44.854Z] I (2186583) RouteLoom: HIL LINK rx peer=1 type=32 cid=3139351763 current=0 status=5 seq=413
[2026-09-26T14:05:46.568Z] I (2188293) RouteLoom: HIL LINK tx peer=1 type=32 cid=3445906384 seq=855
[2026-09-26T14:05:49.064Z] I (2190794) RouteLoom: HIL LINK tx peer=3 type=32 cid=3131591193 seq=856
[2026-09-26T14:05:49.804Z] I (2191534) RouteLoom: HIL LINK rx peer=3 type=32 cid=2065731346 current=0 status=5 seq=442
[2026-09-26T14:05:49.853Z] I (2191582) RouteLoom: HIL LINK rx peer=1 type=32 cid=3139351763 current=0 status=5 seq=414
[2026-09-26T14:05:50.565Z] I (2192295) RouteLoom: HIL PROBE tx peer=1 type=40 status=0 detail=ok
[2026-09-26T14:05:50.583Z] I (2192312) RouteLoom: HIL LINK rx peer=1 type=41 cid=3139351763 current=0 status=5 seq=218
[2026-09-26T14:05:51.468Z] I (2193198) RouteLoom: HIL PROBE tx peer=3 type=40 status=0 detail=ok
[2026-09-26T14:05:51.487Z] I (2193217) RouteLoom: HIL LINK rx peer=3 type=41 cid=2065731346 current=0 status=5 seq=233
[2026-09-26T14:05:51.564Z] I (2193294) RouteLoom: HIL LINK tx peer=1 type=32 cid=3445906384 seq=857
[2026-09-26T14:05:54.066Z] I (2195796) RouteLoom: HIL LINK tx peer=3 type=32 cid=3131591193 seq=858
[2026-09-26T14:05:54.804Z] I (2196533) RouteLoom: HIL LINK rx peer=3 type=32 cid=2065731346 current=0 status=5 seq=443
[2026-09-26T14:05:54.857Z] I (2196587) RouteLoom: HIL LINK rx peer=1 type=32 cid=3139351763 current=0 status=5 seq=415
[2026-09-26T14:05:56.566Z] I (2198296) RouteLoom: HIL LINK tx peer=1 type=32 cid=3445906384 seq=859
[2026-09-26T14:05:59.067Z] I (2200797) RouteLoom: HIL LINK tx peer=3 type=32 cid=3131591193 seq=860
[2026-09-26T14:05:59.806Z] I (2201535) RouteLoom: HIL LINK rx peer=3 type=32 cid=2065731346 current=0 status=5 seq=444
[2026-09-26T14:05:59.858Z] I (2201585) RouteLoom: HIL LINK rx peer=1 type=32 cid=3139351763 current=0 status=5 seq=416
[2026-09-26T14:06:00.581Z] I (2202311) RouteLoom: HIL LINK rx peer=1 type=40 cid=3139351763 current=0 status=5 seq=219
[2026-09-26T14:06:00.585Z] I (2202315) RouteLoom: HIL PROBE tx peer=1 type=41 status=0 detail=ok
[2026-09-26T14:06:01.486Z] I (2203215) RouteLoom: HIL LINK rx peer=3 type=40 cid=2065731346 current=0 status=5 seq=234
[2026-09-26T14:06:01.490Z] I (2203219) RouteLoom: HIL PROBE tx peer=3 type=41 status=0 detail=ok
[2026-09-26T14:06:01.567Z] I (2203297) RouteLoom: HIL LINK tx peer=1 type=32 cid=3445906384 seq=861
[2026-09-26T14:06:04.069Z] I (2205799) RouteLoom: HIL LINK tx peer=3 type=32 cid=3131591193 seq=862
[2026-09-26T14:06:04.810Z] I (2206535) RouteLoom: HIL LINK rx peer=3 type=32 cid=2065731346 current=0 status=5 seq=445
[2026-09-26T14:06:04.861Z] I (2206587) RouteLoom: HIL LINK rx peer=1 type=32 cid=3139351763 current=0 status=5 seq=417
[2026-09-26T14:06:06.570Z] I (2208300) RouteLoom: HIL LINK tx peer=1 type=32 cid=3445906384 seq=863
[2026-09-26T14:06:09.102Z] I (2210802) RouteLoom: HIL LINK tx peer=3 type=32 cid=3131591193 seq=864
[2026-09-26T14:06:09.808Z] I (2211537) RouteLoom: HIL LINK rx peer=3 type=32 cid=2065731346 current=0 status=5 seq=446
[2026-09-26T14:06:09.858Z] I (2211587) RouteLoom: HIL LINK rx peer=1 type=32 cid=3139351763 current=0 status=5 seq=418
[2026-09-26T14:06:10.611Z] I (2212314) RouteLoom: HIL PROBE tx peer=1 type=40 status=0 detail=ok
[2026-09-26T14:06:10.611Z] I (2212331) RouteLoom: HIL LINK rx peer=1 type=41 cid=3139351763 current=0 status=5 seq=220
[2026-09-26T14:06:11.487Z] I (2213217) RouteLoom: HIL PROBE tx peer=3 type=40 status=0 detail=ok
[2026-09-26T14:06:11.507Z] I (2213235) RouteLoom: HIL LINK rx peer=3 type=41 cid=2065731346 current=0 status=5 seq=235
[2026-09-26T14:06:11.578Z] I (2213304) RouteLoom: HIL LINK tx peer=1 type=32 cid=3445906384 seq=865
[2026-09-26T14:06:14.076Z] I (2215806) RouteLoom: HIL LINK tx peer=3 type=32 cid=3131591193 seq=866
[2026-09-26T14:06:14.807Z] I (2216536) RouteLoom: HIL LINK rx peer=3 type=32 cid=2065731346 current=0 status=5 seq=447
[2026-09-26T14:06:14.860Z] I (2216588) RouteLoom: HIL LINK rx peer=1 type=32 cid=3139351763 current=0 status=5 seq=419
[2026-09-26T14:06:16.584Z] I (2218307) RouteLoom: HIL LINK tx peer=1 type=32 cid=3445906384 seq=867
[2026-09-26T14:06:16.848Z] I (2218575) RouteLoom: HIL LINK rx peer=1 type=16 cid=3139351763 current=0 status=5 seq=71
[2026-09-26T14:06:16.850Z] I (2218579) RouteLoomRef: message origin=1 session=307 sequence=71 bytes=9
[2026-09-26T14:06:16.856Z] I (2218583) RouteLoom: HIL LINK tx peer=1 type=17 cid=3445906384 seq=71
[2026-09-26T14:06:16.865Z] I (2218594) RouteLoom: HIL LINK tx peer=1 type=18 cid=3445906384 seq=71
[2026-09-26T14:06:16.887Z] I (2218616) RouteLoom: HIL LINK rx peer=1 type=17 cid=3139351763 current=0 status=5 seq=71
[2026-09-26T14:06:18.717Z] I (2220446) RouteLoom: stack hwm main 11096 B
[2026-09-26T14:06:18.717Z] I (2220446) RouteLoom: HIL HEAP free=21708 largest=18432 min=20932 B
[2026-09-26T14:06:18.729Z] I (2220447) RouteLoom: HIL DISCOVERY candidates=0 neighbors=2 capacity=0 auth=2 stale=0 probes=228 send_failures=15 kind_rejects=0
[2026-09-26T14:06:18.738Z] I (2220457) RouteLoom: HIL ROUTE peer=1 phase=5 via=1 metric=1 generation=307 seq=1
[2026-09-26T14:06:18.744Z] I (2220464) RouteLoom: HIL ROUTE peer=3 phase=5 via=3 metric=1 generation=107 seq=1
[2026-09-26T14:06:19.079Z] I (2220808) RouteLoom: HIL LINK tx peer=3 type=32 cid=3131591193 seq=868
[2026-09-26T14:06:19.807Z] I (2221536) RouteLoom: HIL LINK rx peer=3 type=32 cid=2065731346 current=0 status=5 seq=448
[2026-09-26T14:06:19.860Z] I (2221590) RouteLoom: HIL LINK rx peer=1 type=32 cid=3139351763 current=0 status=5 seq=420
[2026-09-26T14:06:20.600Z] I (2222329) RouteLoom: HIL LINK rx peer=1 type=40 cid=3139351763 current=0 status=5 seq=221
[2026-09-26T14:06:20.603Z] I (2222333) RouteLoom: HIL PROBE tx peer=1 type=41 status=0 detail=ok
[2026-09-26T14:06:21.503Z] I (2223232) RouteLoom: HIL LINK rx peer=3 type=40 cid=2065731346 current=0 status=5 seq=236
[2026-09-26T14:06:21.506Z] I (2223235) RouteLoom: HIL PROBE tx peer=3 type=41 status=0 detail=ok
[2026-09-26T14:06:21.581Z] I (2223310) RouteLoom: HIL LINK tx peer=1 type=32 cid=3445906384 seq=869
[2026-09-26T14:06:24.083Z] I (2225812) RouteLoom: HIL LINK tx peer=3 type=32 cid=3131591193 seq=870
[2026-09-26T14:06:24.810Z] I (2226536) RouteLoom: HIL LINK rx peer=3 type=32 cid=2065731346 current=0 status=5 seq=449
[2026-09-26T14:06:24.862Z] I (2226592) RouteLoom: HIL LINK rx peer=1 type=32 cid=3139351763 current=0 status=5 seq=421
[2026-09-26T14:06:26.584Z] I (2228313) RouteLoom: HIL LINK tx peer=1 type=32 cid=3445906384 seq=871
[2026-09-26T14:06:29.085Z] I (2230815) RouteLoom: HIL LINK tx peer=3 type=32 cid=3131591193 seq=872
[2026-09-26T14:06:29.808Z] I (2231537) RouteLoom: HIL LINK rx peer=3 type=32 cid=2065731346 current=0 status=5 seq=450
[2026-09-26T14:06:29.863Z] I (2231592) RouteLoom: HIL LINK rx peer=1 type=32 cid=3139351763 current=0 status=5 seq=422
[2026-09-26T14:06:30.603Z] I (2232332) RouteLoom: HIL PROBE tx peer=1 type=40 status=0 detail=ok
[2026-09-26T14:06:30.620Z] I (2232349) RouteLoom: HIL LINK rx peer=1 type=41 cid=3139351763 current=0 status=5 seq=222
[2026-09-26T14:06:31.506Z] I (2233235) RouteLoom: HIL PROBE tx peer=3 type=40 status=0 detail=ok
[2026-09-26T14:06:31.523Z] I (2233252) RouteLoom: HIL LINK rx peer=3 type=41 cid=2065731346 current=0 status=5 seq=237
[2026-09-26T14:06:31.588Z] I (2233317) RouteLoom: HIL LINK tx peer=1 type=32 cid=3445906384 seq=873
[2026-09-26T14:06:34.089Z] I (2235819) RouteLoom: HIL LINK tx peer=3 type=32 cid=3131591193 seq=874
[2026-09-26T14:06:34.808Z] I (2236537) RouteLoom: HIL LINK rx peer=3 type=32 cid=2065731346 current=0 status=5 seq=451
[2026-09-26T14:06:34.866Z] I (2236595) RouteLoom: HIL LINK rx peer=1 type=32 cid=3139351763 current=0 status=5 seq=423
[2026-09-26T14:06:36.591Z] I (2238320) RouteLoom: HIL LINK tx peer=1 type=32 cid=3445906384 seq=875
[2026-09-26T14:06:39.095Z] I (2240822) RouteLoom: HIL LINK tx peer=3 type=32 cid=3131591193 seq=876
[2026-09-26T14:06:39.810Z] I (2241538) RouteLoom: HIL LINK rx peer=3 type=32 cid=2065731346 current=0 status=5 seq=452
[2026-09-26T14:06:39.865Z] I (2241593) RouteLoom: HIL LINK rx peer=1 type=32 cid=3139351763 current=0 status=5 seq=424
[2026-09-26T14:06:40.620Z] I (2242349) RouteLoom: HIL LINK rx peer=1 type=40 cid=3139351763 current=0 status=5 seq=223
[2026-09-26T14:06:40.624Z] I (2242353) RouteLoom: HIL PROBE tx peer=1 type=41 status=0 detail=ok
[2026-09-26T14:06:41.521Z] I (2243250) RouteLoom: HIL LINK rx peer=3 type=40 cid=2065731346 current=0 status=5 seq=238
[2026-09-26T14:06:41.524Z] I (2243253) RouteLoom: HIL PROBE tx peer=3 type=41 status=0 detail=ok
[2026-09-26T14:06:41.593Z] I (2243322) RouteLoom: HIL LINK tx peer=1 type=32 cid=3445906384 seq=877
[2026-09-26T14:06:44.095Z] I (2245824) RouteLoom: HIL LINK tx peer=3 type=32 cid=3131591193 seq=878
[2026-09-26T14:06:44.811Z] I (2246540) RouteLoom: HIL LINK rx peer=3 type=32 cid=2065731346 current=0 status=5 seq=453
[2026-09-26T14:06:44.865Z] I (2246593) RouteLoom: HIL LINK rx peer=1 type=32 cid=3139351763 current=0 status=5 seq=425
[2026-09-26T14:06:46.595Z] I (2248324) RouteLoom: HIL LINK tx peer=1 type=32 cid=3445906384 seq=879
[2026-09-26T14:06:49.098Z] I (2250826) RouteLoom: HIL LINK tx peer=3 type=32 cid=3131591193 seq=880
[2026-09-26T14:06:49.813Z] I (2251541) RouteLoom: HIL LINK rx peer=3 type=32 cid=2065731346 current=0 status=5 seq=454
[2026-09-26T14:06:49.868Z] I (2251596) RouteLoom: HIL LINK rx peer=1 type=32 cid=3139351763 current=0 status=5 seq=426
[2026-09-26T14:06:50.622Z] I (2252351) RouteLoom: HIL PROBE tx peer=1 type=40 status=0 detail=ok
[2026-09-26T14:06:50.641Z] I (2252369) RouteLoom: HIL LINK rx peer=1 type=41 cid=3139351763 current=0 status=5 seq=224
[2026-09-26T14:06:51.524Z] I (2253253) RouteLoom: HIL PROBE tx peer=3 type=40 status=0 detail=ok
[2026-09-26T14:06:51.544Z] I (2253272) RouteLoom: HIL LINK rx peer=3 type=41 cid=2065731346 current=0 status=5 seq=239
[2026-09-26T14:06:51.597Z] I (2253326) RouteLoom: HIL LINK tx peer=1 type=32 cid=3445906384 seq=881
[2026-09-26T14:06:53.855Z] I (2255583) RouteLoom: HIL LINK rx peer=1 type=16 cid=3139351763 current=0 status=5 seq=72
[2026-09-26T14:06:53.861Z] I (2255589) RouteLoom: HIL LINK tx peer=1 type=17 cid=3445906384 seq=72
[2026-09-26T14:06:53.871Z] I (2255600) RouteLoom: HIL LINK tx peer=3 type=16 cid=3131591193 seq=72
[2026-09-26T14:06:53.893Z] I (2255621) RouteLoom: HIL LINK rx peer=3 type=17 cid=2065731346 current=0 status=5 seq=72
[2026-09-26T14:06:53.906Z] I (2255634) RouteLoom: HIL LINK rx peer=3 type=18 cid=2065731346 current=0 status=5 seq=72
[2026-09-26T14:06:53.911Z] I (2255640) RouteLoom: HIL LINK tx peer=3 type=17 cid=3131591193 seq=72
[2026-09-26T14:06:53.922Z] I (2255651) RouteLoom: HIL LINK tx peer=1 type=18 cid=3445906384 seq=72
[2026-09-26T14:06:53.948Z] I (2255676) RouteLoom: HIL LINK rx peer=1 type=17 cid=3139351763 current=0 status=5 seq=72
[2026-09-26T14:06:54.097Z] I (2255826) RouteLoom: HIL LINK tx peer=3 type=32 cid=3131591193 seq=882
[2026-09-26T14:06:54.813Z] I (2256542) RouteLoom: HIL LINK rx peer=3 type=32 cid=2065731346 current=0 status=5 seq=455
[2026-09-26T14:06:54.869Z] I (2256597) RouteLoom: HIL LINK rx peer=1 type=32 cid=3139351763 current=0 status=5 seq=427
[2026-09-26T14:06:56.599Z] I (2258328) RouteLoom: HIL LINK tx peer=1 type=32 cid=3445906384 seq=883
[2026-09-26T14:06:59.101Z] I (2260830) RouteLoom: HIL LINK tx peer=3 type=32 cid=3131591193 seq=884
[2026-09-26T14:06:59.814Z] I (2261543) RouteLoom: HIL LINK rx peer=3 type=32 cid=2065731346 current=0 status=5 seq=456
[2026-09-26T14:06:59.870Z] I (2261598) RouteLoom: HIL LINK rx peer=1 type=32 cid=3139351763 current=0 status=5 seq=428
[2026-09-26T14:07:00.639Z] I (2262368) RouteLoom: HIL LINK rx peer=1 type=40 cid=3139351763 current=0 status=5 seq=225
[2026-09-26T14:07:00.643Z] I (2262372) RouteLoom: HIL PROBE tx peer=1 type=41 status=0 detail=ok
[2026-09-26T14:07:01.540Z] I (2263268) RouteLoom: HIL LINK rx peer=3 type=40 cid=2065731346 current=0 status=5 seq=240
[2026-09-26T14:07:01.545Z] I (2263272) RouteLoom: HIL PROBE tx peer=3 type=41 status=0 detail=ok
[2026-09-26T14:07:01.603Z] I (2263332) RouteLoom: HIL LINK tx peer=1 type=32 cid=3445906384 seq=885
[2026-09-26T14:07:04.105Z] I (2265834) RouteLoom: HIL LINK tx peer=3 type=32 cid=3131591193 seq=886
[2026-09-26T14:07:04.816Z] I (2266545) RouteLoom: HIL LINK rx peer=3 type=32 cid=2065731346 current=0 status=5 seq=457
[2026-09-26T14:07:04.869Z] I (2266597) RouteLoom: HIL LINK rx peer=1 type=32 cid=3139351763 current=0 status=5 seq=429
[2026-09-26T14:07:06.605Z] I (2268334) RouteLoom: HIL LINK tx peer=1 type=32 cid=3445906384 seq=887
[2026-09-26T14:07:09.107Z] I (2270836) RouteLoom: HIL LINK tx peer=3 type=32 cid=3131591193 seq=888
[2026-09-26T14:07:09.818Z] I (2271546) RouteLoom: HIL LINK rx peer=3 type=32 cid=2065731346 current=0 status=5 seq=458
[2026-09-26T14:07:09.876Z] I (2271604) RouteLoom: HIL LINK rx peer=1 type=32 cid=3139351763 current=0 status=5 seq=430
[2026-09-26T14:07:10.642Z] I (2272371) RouteLoom: HIL PROBE tx peer=1 type=40 status=0 detail=ok
[2026-09-26T14:07:10.661Z] I (2272389) RouteLoom: HIL LINK rx peer=1 type=41 cid=3139351763 current=0 status=5 seq=226
[2026-09-26T14:07:11.541Z] I (2273270) RouteLoom: HIL PROBE tx peer=3 type=40 status=0 detail=ok
[2026-09-26T14:07:11.559Z] I (2273287) RouteLoom: HIL LINK rx peer=3 type=41 cid=2065731346 current=0 status=5 seq=241
[2026-09-26T14:07:11.608Z] I (2273337) RouteLoom: HIL LINK tx peer=1 type=32 cid=3445906384 seq=889
[2026-09-26T14:07:14.110Z] I (2275839) RouteLoom: HIL LINK tx peer=3 type=32 cid=3131591193 seq=890
[2026-09-26T14:07:14.818Z] I (2276547) RouteLoom: HIL LINK rx peer=3 type=32 cid=2065731346 current=0 status=5 seq=459
[2026-09-26T14:07:14.874Z] I (2276602) RouteLoom: HIL LINK rx peer=1 type=32 cid=3139351763 current=0 status=5 seq=431
[2026-09-26T14:07:16.612Z] I (2278341) RouteLoom: HIL LINK tx peer=1 type=32 cid=3445906384 seq=891
[2026-09-26T14:07:18.719Z] I (2280447) RouteLoom: stack hwm main 11096 B
[2026-09-26T14:07:18.720Z] I (2280447) RouteLoom: HIL HEAP free=21708 largest=18432 min=20932 B
[2026-09-26T14:07:18.729Z] I (2280448) RouteLoom: HIL DISCOVERY candidates=0 neighbors=2 capacity=0 auth=2 stale=0 probes=234 send_failures=15 kind_rejects=0
[2026-09-26T14:07:18.736Z] I (2280458) RouteLoom: HIL ROUTE peer=1 phase=5 via=1 metric=1 generation=307 seq=1
[2026-09-26T14:07:18.744Z] I (2280465) RouteLoom: HIL ROUTE peer=3 phase=5 via=3 metric=1 generation=107 seq=1
[2026-09-26T14:07:19.113Z] I (2280842) RouteLoom: HIL LINK tx peer=3 type=32 cid=3131591193 seq=892
[2026-09-26T14:07:19.820Z] I (2281548) RouteLoom: HIL LINK rx peer=3 type=32 cid=2065731346 current=0 status=5 seq=460
[2026-09-26T14:07:19.872Z] I (2281600) RouteLoom: HIL LINK rx peer=1 type=32 cid=3139351763 current=0 status=5 seq=432
[2026-09-26T14:07:20.663Z] I (2282391) RouteLoom: HIL PROBE tx peer=1 type=40 status=0 detail=ok
[2026-09-26T14:07:20.666Z] I (2282393) RouteLoom: HIL LINK rx peer=1 type=40 cid=3139351763 current=0 status=5 seq=227
[2026-09-26T14:07:20.675Z] I (2282397) RouteLoom: HIL PROBE tx peer=1 type=41 status=6 detail=autonomy TX already in flight to peer
[2026-09-26T14:07:20.683Z] I (2282410) RouteLoom: HIL LINK rx peer=1 type=41 cid=3139351763 current=0 status=5 seq=228
[2026-09-26T14:07:21.557Z] I (2283285) RouteLoom: HIL LINK rx peer=3 type=40 cid=2065731346 current=0 status=5 seq=242
[2026-09-26T14:07:21.561Z] I (2283289) RouteLoom: HIL PROBE tx peer=3 type=41 status=0 detail=ok
[2026-09-26T14:07:21.614Z] I (2283343) RouteLoom: HIL LINK tx peer=1 type=32 cid=3445906384 seq=893
[2026-09-26T14:07:24.116Z] I (2285845) RouteLoom: HIL LINK tx peer=3 type=32 cid=3131591193 seq=894
[2026-09-26T14:07:24.821Z] I (2286549) RouteLoom: HIL LINK rx peer=3 type=32 cid=2065731346 current=0 status=5 seq=461
[2026-09-26T14:07:24.875Z] I (2286603) RouteLoom: HIL LINK rx peer=1 type=32 cid=3139351763 current=0 status=5 seq=433
[2026-09-26T14:07:26.618Z] I (2288346) RouteLoom: HIL LINK tx peer=1 type=32 cid=3445906384 seq=895
[2026-09-26T14:07:29.119Z] I (2290848) RouteLoom: HIL LINK tx peer=3 type=32 cid=3131591193 seq=896
[2026-09-26T14:07:29.823Z] I (2291551) RouteLoom: HIL LINK rx peer=3 type=32 cid=2065731346 current=0 status=5 seq=462
[2026-09-26T14:07:29.875Z] I (2291603) RouteLoom: HIL LINK rx peer=1 type=32 cid=3139351763 current=0 status=5 seq=434
[2026-09-26T14:07:30.684Z] I (2292412) RouteLoom: HIL PROBE tx peer=1 type=40 status=0 detail=ok
[2026-09-26T14:07:30.687Z] I (2292414) RouteLoom: HIL LINK rx peer=1 type=40 cid=3139351763 current=0 status=5 seq=229
[2026-09-26T14:07:30.696Z] I (2292418) RouteLoom: HIL PROBE tx peer=1 type=41 status=6 detail=autonomy TX already in flight to peer
[2026-09-26T14:07:30.704Z] I (2292432) RouteLoom: HIL LINK rx peer=1 type=41 cid=3139351763 current=0 status=5 seq=230
[2026-09-26T14:07:30.847Z] I (2292575) RouteLoom: HIL LINK rx peer=1 type=16 cid=3139351763 current=0 status=5 seq=73
[2026-09-26T14:07:30.850Z] I (2292578) RouteLoomRef: message origin=1 session=307 sequence=73 bytes=9
[2026-09-26T14:07:30.856Z] I (2292582) RouteLoom: HIL LINK tx peer=1 type=17 cid=3445906384 seq=73
[2026-09-26T14:07:30.865Z] I (2292593) RouteLoom: HIL LINK tx peer=1 type=18 cid=3445906384 seq=73
[2026-09-26T14:07:30.887Z] I (2292615) RouteLoom: HIL LINK rx peer=1 type=17 cid=3139351763 current=0 status=5 seq=73
[2026-09-26T14:07:31.561Z] I (2293289) RouteLoom: HIL PROBE tx peer=3 type=40 status=0 detail=ok
[2026-09-26T14:07:31.579Z] I (2293307) RouteLoom: HIL LINK rx peer=3 type=41 cid=2065731346 current=0 status=5 seq=243
[2026-09-26T14:07:31.620Z] I (2293348) RouteLoom: HIL LINK tx peer=1 type=32 cid=3445906384 seq=897
[2026-09-26T14:07:34.121Z] I (2295850) RouteLoom: HIL LINK tx peer=3 type=32 cid=3131591193 seq=898
[2026-09-26T14:07:34.823Z] I (2296551) RouteLoom: HIL LINK rx peer=3 type=32 cid=2065731346 current=0 status=5 seq=463
[2026-09-26T14:07:34.877Z] I (2296605) RouteLoom: HIL LINK rx peer=1 type=32 cid=3139351763 current=0 status=5 seq=435
[2026-09-26T14:07:36.622Z] I (2298351) RouteLoom: HIL LINK tx peer=1 type=32 cid=3445906384 seq=899
[2026-09-26T14:07:39.125Z] I (2300853) RouteLoom: HIL LINK tx peer=3 type=32 cid=3131591193 seq=900
[2026-09-26T14:07:39.825Z] I (2301553) RouteLoom: HIL LINK rx peer=3 type=32 cid=2065731346 current=0 status=5 seq=464
[2026-09-26T14:07:39.878Z] I (2301606) RouteLoom: HIL LINK rx peer=1 type=32 cid=3139351763 current=0 status=5 seq=436
[2026-09-26T14:07:40.701Z] I (2302429) RouteLoom: HIL LINK rx peer=1 type=40 cid=3139351763 current=0 status=5 seq=231
[2026-09-26T14:07:40.705Z] I (2302433) RouteLoom: HIL PROBE tx peer=1 type=41 status=0 detail=ok
[2026-09-26T14:07:41.577Z] I (2303305) RouteLoom: HIL LINK rx peer=3 type=40 cid=2065731346 current=0 status=5 seq=244
[2026-09-26T14:07:41.581Z] I (2303309) RouteLoom: HIL PROBE tx peer=3 type=41 status=0 detail=ok
[2026-09-26T14:07:41.626Z] I (2303354) RouteLoom: HIL LINK tx peer=1 type=32 cid=3445906384 seq=901
[2026-09-26T14:07:44.128Z] I (2305856) RouteLoom: HIL LINK tx peer=3 type=32 cid=3131591193 seq=902
[2026-09-26T14:07:44.826Z] I (2306554) RouteLoom: HIL LINK rx peer=3 type=32 cid=2065731346 current=0 status=5 seq=465
[2026-09-26T14:07:44.878Z] I (2306605) RouteLoom: HIL LINK rx peer=1 type=32 cid=3139351763 current=0 status=5 seq=437
[2026-09-26T14:07:46.629Z] I (2308357) RouteLoom: HIL LINK tx peer=1 type=32 cid=3445906384 seq=903
[2026-09-26T14:07:49.131Z] I (2310859) RouteLoom: HIL LINK tx peer=3 type=32 cid=3131591193 seq=904
[2026-09-26T14:07:49.828Z] I (2311555) RouteLoom: HIL LINK rx peer=3 type=32 cid=2065731346 current=0 status=5 seq=466
[2026-09-26T14:07:49.880Z] I (2311607) RouteLoom: HIL LINK rx peer=1 type=32 cid=3139351763 current=0 status=5 seq=438
[2026-09-26T14:07:50.703Z] I (2312431) RouteLoom: HIL PROBE tx peer=1 type=40 status=0 detail=ok
[2026-09-26T14:07:50.720Z] I (2312448) RouteLoom: HIL LINK rx peer=1 type=41 cid=3139351763 current=0 status=5 seq=232
[2026-09-26T14:07:51.581Z] I (2313307) RouteLoom: HIL PROBE tx peer=3 type=40 status=0 detail=ok
[2026-09-26T14:07:51.598Z] I (2313325) RouteLoom: HIL LINK rx peer=3 type=41 cid=2065731346 current=0 status=5 seq=245
[2026-09-26T14:07:51.633Z] I (2313361) RouteLoom: HIL LINK tx peer=1 type=32 cid=3445906384 seq=905
[2026-09-26T14:07:54.135Z] I (2315863) RouteLoom: HIL LINK tx peer=3 type=32 cid=3131591193 seq=906
[2026-09-26T14:07:54.830Z] I (2316557) RouteLoom: HIL LINK rx peer=3 type=32 cid=2065731346 current=0 status=5 seq=467
[2026-09-26T14:07:54.883Z] I (2316611) RouteLoom: HIL LINK rx peer=1 type=32 cid=3139351763 current=0 status=5 seq=439
[2026-09-26T14:07:56.637Z] I (2318365) RouteLoom: HIL LINK tx peer=1 type=32 cid=3445906384 seq=907
[2026-09-26T14:07:59.139Z] I (2320867) RouteLoom: HIL LINK tx peer=3 type=32 cid=3131591193 seq=908
[2026-09-26T14:07:59.831Z] I (2321558) RouteLoom: HIL LINK rx peer=3 type=32 cid=2065731346 current=0 status=5 seq=468
[2026-09-26T14:07:59.883Z] I (2321610) RouteLoom: HIL LINK rx peer=1 type=32 cid=3139351763 current=0 status=5 seq=440
[2026-09-26T14:08:00.718Z] I (2322446) RouteLoom: HIL LINK rx peer=1 type=40 cid=3139351763 current=0 status=5 seq=233
[2026-09-26T14:08:00.722Z] I (2322450) RouteLoom: HIL PROBE tx peer=1 type=41 status=0 detail=ok
[2026-09-26T14:08:01.596Z] I (2323323) RouteLoom: HIL LINK rx peer=3 type=40 cid=2065731346 current=0 status=5 seq=246
[2026-09-26T14:08:01.600Z] I (2323327) RouteLoom: HIL PROBE tx peer=3 type=41 status=0 detail=ok
[2026-09-26T14:08:01.641Z] I (2323369) RouteLoom: HIL LINK tx peer=1 type=32 cid=3445906384 seq=909
[2026-09-26T14:08:04.143Z] I (2325871) RouteLoom: HIL LINK tx peer=3 type=32 cid=3131591193 seq=910
[2026-09-26T14:08:04.832Z] I (2326559) RouteLoom: HIL LINK rx peer=3 type=32 cid=2065731346 current=0 status=5 seq=469
[2026-09-26T14:08:04.884Z] I (2326611) RouteLoom: HIL LINK rx peer=1 type=32 cid=3139351763 current=0 status=5 seq=441
[2026-09-26T14:08:06.644Z] I (2328372) RouteLoom: HIL LINK tx peer=1 type=32 cid=3445906384 seq=911
[2026-09-26T14:08:07.852Z] I (2329578) RouteLoom: HIL LINK rx peer=1 type=16 cid=3139351763 current=0 status=5 seq=74
[2026-09-26T14:08:07.856Z] I (2329584) RouteLoom: HIL LINK tx peer=1 type=17 cid=3445906384 seq=74
[2026-09-26T14:08:07.867Z] I (2329595) RouteLoom: HIL LINK tx peer=3 type=16 cid=3131591193 seq=74
[2026-09-26T14:08:07.887Z] I (2329615) RouteLoom: HIL LINK rx peer=3 type=17 cid=2065731346 current=0 status=5 seq=74
[2026-09-26T14:08:07.900Z] I (2329627) RouteLoom: HIL LINK rx peer=3 type=18 cid=2065731346 current=0 status=5 seq=74
[2026-09-26T14:08:07.906Z] I (2329633) RouteLoom: HIL LINK tx peer=3 type=17 cid=3131591193 seq=74
[2026-09-26T14:08:07.916Z] I (2329644) RouteLoom: HIL LINK tx peer=1 type=18 cid=3445906384 seq=74
[2026-09-26T14:08:07.937Z] I (2329665) RouteLoom: HIL LINK rx peer=1 type=17 cid=3139351763 current=0 status=5 seq=74
[2026-09-26T14:08:09.145Z] I (2330873) RouteLoom: HIL LINK tx peer=3 type=32 cid=3131591193 seq=912
[2026-09-26T14:08:09.834Z] I (2331561) RouteLoom: HIL LINK rx peer=3 type=32 cid=2065731346 current=0 status=5 seq=470
[2026-09-26T14:08:09.886Z] I (2331613) RouteLoom: HIL LINK rx peer=1 type=32 cid=3139351763 current=0 status=5 seq=442
[2026-09-26T14:08:10.721Z] I (2332449) RouteLoom: HIL PROBE tx peer=1 type=40 status=0 detail=ok
[2026-09-26T14:08:10.739Z] I (2332466) RouteLoom: HIL LINK rx peer=1 type=41 cid=3139351763 current=0 status=5 seq=234
[2026-09-26T14:08:11.597Z] I (2333325) RouteLoom: HIL PROBE tx peer=3 type=40 status=0 detail=ok
[2026-09-26T14:08:11.614Z] I (2333342) RouteLoom: HIL LINK rx peer=3 type=41 cid=2065731346 current=0 status=5 seq=247
[2026-09-26T14:08:11.646Z] I (2333374) RouteLoom: HIL LINK tx peer=1 type=32 cid=3445906384 seq=913
[2026-09-26T14:08:14.148Z] I (2335876) RouteLoom: HIL LINK tx peer=3 type=32 cid=3131591193 seq=914
[2026-09-26T14:08:14.834Z] I (2336562) RouteLoom: HIL LINK rx peer=3 type=32 cid=2065731346 current=0 status=5 seq=471
[2026-09-26T14:08:14.887Z] I (2336614) RouteLoom: HIL LINK rx peer=1 type=32 cid=3139351763 current=0 status=5 seq=443
[2026-09-26T14:08:16.650Z] I (2338378) RouteLoom: HIL LINK tx peer=1 type=32 cid=3445906384 seq=915
[2026-09-26T14:08:18.720Z] I (2340447) RouteLoom: stack hwm main 11096 B
[2026-09-26T14:08:18.721Z] I (2340447) RouteLoom: HIL HEAP free=21708 largest=18432 min=20932 B
[2026-09-26T14:08:18.730Z] I (2340448) RouteLoom: HIL DISCOVERY candidates=0 neighbors=2 capacity=0 auth=2 stale=0 probes=241 send_failures=17 kind_rejects=0
[2026-09-26T14:08:18.738Z] I (2340458) RouteLoom: HIL ROUTE peer=1 phase=5 via=1 metric=1 generation=307 seq=1
[2026-09-26T14:08:18.745Z] I (2340465) RouteLoom: HIL ROUTE peer=3 phase=5 via=3 metric=1 generation=107 seq=1
[2026-09-26T14:08:19.150Z] I (2340878) RouteLoom: HIL LINK tx peer=3 type=32 cid=3131591193 seq=916
[2026-09-26T14:08:19.836Z] I (2341563) RouteLoom: HIL LINK rx peer=3 type=32 cid=2065731346 current=0 status=5 seq=472
[2026-09-26T14:08:19.889Z] I (2341616) RouteLoom: HIL LINK rx peer=1 type=32 cid=3139351763 current=0 status=5 seq=444
[2026-09-26T14:08:20.736Z] I (2342464) RouteLoom: HIL LINK rx peer=1 type=40 cid=3139351763 current=0 status=5 seq=235
[2026-09-26T14:08:20.740Z] I (2342468) RouteLoom: HIL PROBE tx peer=1 type=41 status=0 detail=ok
[2026-09-26T14:08:21.612Z] I (2343339) RouteLoom: HIL LINK rx peer=3 type=40 cid=2065731346 current=0 status=5 seq=248
[2026-09-26T14:08:21.616Z] I (2343343) RouteLoom: HIL PROBE tx peer=3 type=41 status=0 detail=ok
[2026-09-26T14:08:21.651Z] I (2343379) RouteLoom: HIL LINK tx peer=1 type=32 cid=3445906384 seq=917
[2026-09-26T14:08:24.153Z] I (2345881) RouteLoom: HIL LINK tx peer=3 type=32 cid=3131591193 seq=918
[2026-09-26T14:08:24.837Z] I (2346564) RouteLoom: HIL LINK rx peer=3 type=32 cid=2065731346 current=0 status=5 seq=473
[2026-09-26T14:08:24.891Z] I (2346618) RouteLoom: HIL LINK rx peer=1 type=32 cid=3139351763 current=0 status=5 seq=445
[2026-09-26T14:08:26.654Z] I (2348382) RouteLoom: HIL LINK tx peer=1 type=32 cid=3445906384 seq=919
[2026-09-26T14:08:29.157Z] I (2350884) RouteLoom: HIL LINK tx peer=3 type=32 cid=3131591193 seq=920
[2026-09-26T14:08:29.839Z] I (2351566) RouteLoom: HIL LINK rx peer=3 type=32 cid=2065731346 current=0 status=5 seq=474
[2026-09-26T14:08:29.891Z] I (2351618) RouteLoom: HIL LINK rx peer=1 type=32 cid=3139351763 current=0 status=5 seq=446
[2026-09-26T14:08:30.738Z] I (2352466) RouteLoom: HIL PROBE tx peer=1 type=40 status=0 detail=ok
[2026-09-26T14:08:30.756Z] I (2352483) RouteLoom: HIL LINK rx peer=1 type=41 cid=3139351763 current=0 status=5 seq=236
[2026-09-26T14:08:31.614Z] I (2353342) RouteLoom: HIL PROBE tx peer=3 type=40 status=0 detail=ok
[2026-09-26T14:08:31.632Z] I (2353359) RouteLoom: HIL LINK rx peer=3 type=41 cid=2065731346 current=0 status=5 seq=249
[2026-09-26T14:08:31.657Z] I (2353385) RouteLoom: HIL LINK tx peer=1 type=32 cid=3445906384 seq=921
[2026-09-26T14:08:34.159Z] I (2355887) RouteLoom: HIL LINK tx peer=3 type=32 cid=3131591193 seq=922
[2026-09-26T14:08:34.845Z] I (2356572) RouteLoom: HIL LINK rx peer=3 type=32 cid=2065731346 current=0 status=5 seq=475
[2026-09-26T14:08:34.894Z] I (2356621) RouteLoom: HIL LINK rx peer=1 type=32 cid=3139351763 current=0 status=5 seq=447
[2026-09-26T14:08:36.660Z] I (2358388) RouteLoom: HIL LINK tx peer=1 type=32 cid=3445906384 seq=923
[2026-09-26T14:08:39.163Z] I (2360890) RouteLoom: HIL LINK tx peer=3 type=32 cid=3131591193 seq=924
[2026-09-26T14:08:39.841Z] I (2361568) RouteLoom: HIL LINK rx peer=3 type=32 cid=2065731346 current=0 status=5 seq=476
[2026-09-26T14:08:39.896Z] I (2361622) RouteLoom: HIL LINK rx peer=1 type=32 cid=3139351763 current=0 status=5 seq=448
[2026-09-26T14:08:40.755Z] I (2362481) RouteLoom: HIL LINK rx peer=1 type=40 cid=3139351763 current=0 status=5 seq=237
[2026-09-26T14:08:40.758Z] I (2362485) RouteLoom: HIL PROBE tx peer=1 type=41 status=0 detail=ok
[2026-09-26T14:08:41.630Z] I (2363356) RouteLoom: HIL LINK rx peer=3 type=40 cid=2065731346 current=0 status=5 seq=250
[2026-09-26T14:08:41.633Z] I (2363360) RouteLoom: HIL PROBE tx peer=3 type=41 status=0 detail=ok
[2026-09-26T14:08:41.663Z] I (2363390) RouteLoom: HIL LINK tx peer=1 type=32 cid=3445906384 seq=925
[2026-09-26T14:08:44.165Z] I (2365892) RouteLoom: HIL LINK tx peer=3 type=32 cid=3131591193 seq=926
[2026-09-26T14:08:44.843Z] I (2366570) RouteLoom: HIL LINK rx peer=3 type=32 cid=2065731346 current=0 status=5 seq=477
[2026-09-26T14:08:44.850Z] I (2366577) RouteLoom: HIL LINK rx peer=1 type=16 cid=3139351763 current=0 status=5 seq=75
[2026-09-26T14:08:44.854Z] I (2366581) RouteLoomRef: message origin=1 session=307 sequence=75 bytes=9
[2026-09-26T14:08:44.861Z] I (2366585) RouteLoom: HIL LINK tx peer=1 type=17 cid=3445906384 seq=75
[2026-09-26T14:08:44.869Z] I (2366596) RouteLoom: HIL LINK tx peer=1 type=18 cid=3445906384 seq=75
[2026-09-26T14:08:44.890Z] I (2366616) RouteLoom: HIL LINK rx peer=1 type=17 cid=3139351763 current=0 status=5 seq=75
[2026-09-26T14:08:44.905Z] I (2366632) RouteLoom: HIL LINK rx peer=1 type=32 cid=3139351763 current=0 status=5 seq=449
[2026-09-26T14:08:46.666Z] I (2368393) RouteLoom: HIL LINK tx peer=1 type=32 cid=3445906384 seq=927
[2026-09-26T14:08:49.168Z] I (2370895) RouteLoom: HIL LINK tx peer=3 type=32 cid=3131591193 seq=928
[2026-09-26T14:08:49.843Z] I (2371570) RouteLoom: HIL LINK rx peer=3 type=32 cid=2065731346 current=0 status=5 seq=478
[2026-09-26T14:08:49.899Z] I (2371625) RouteLoom: HIL LINK rx peer=1 type=32 cid=3139351763 current=0 status=5 seq=450
[2026-09-26T14:08:50.758Z] I (2372485) RouteLoom: HIL PROBE tx peer=1 type=40 status=0 detail=ok
[2026-09-26T14:08:50.778Z] I (2372505) RouteLoom: HIL LINK rx peer=1 type=41 cid=3139351763 current=0 status=5 seq=238
[2026-09-26T14:08:51.633Z] I (2373358) RouteLoom: HIL PROBE tx peer=3 type=40 status=0 detail=ok
[2026-09-26T14:08:51.648Z] I (2373375) RouteLoom: HIL LINK rx peer=3 type=41 cid=2065731346 current=0 status=5 seq=251
[2026-09-26T14:08:51.668Z] I (2373395) RouteLoom: HIL LINK tx peer=1 type=32 cid=3445906384 seq=929
[2026-09-26T14:08:54.170Z] I (2375897) RouteLoom: HIL LINK tx peer=3 type=32 cid=3131591193 seq=930
[2026-09-26T14:08:54.844Z] I (2376571) RouteLoom: HIL LINK rx peer=3 type=32 cid=2065731346 current=0 status=5 seq=479
[2026-09-26T14:08:54.902Z] I (2376628) RouteLoom: HIL LINK rx peer=1 type=32 cid=3139351763 current=0 status=5 seq=451
[2026-09-26T14:08:56.671Z] I (2378398) RouteLoom: HIL LINK tx peer=1 type=32 cid=3445906384 seq=931
[2026-09-26T14:08:59.173Z] I (2380900) RouteLoom: HIL LINK tx peer=3 type=32 cid=3131591193 seq=932
[2026-09-26T14:08:59.845Z] I (2381572) RouteLoom: HIL LINK rx peer=3 type=32 cid=2065731346 current=0 status=5 seq=480
[2026-09-26T14:08:59.903Z] I (2381629) RouteLoom: HIL LINK rx peer=1 type=32 cid=3139351763 current=0 status=5 seq=452
[2026-09-26T14:09:00.774Z] I (2382500) RouteLoom: HIL LINK rx peer=1 type=40 cid=3139351763 current=0 status=5 seq=239
[2026-09-26T14:09:00.777Z] I (2382504) RouteLoom: HIL PROBE tx peer=1 type=41 status=0 detail=ok
[2026-09-26T14:09:01.645Z] I (2383372) RouteLoom: HIL LINK rx peer=3 type=40 cid=2065731346 current=0 status=5 seq=252
[2026-09-26T14:09:01.649Z] I (2383376) RouteLoom: HIL PROBE tx peer=3 type=41 status=0 detail=ok
[2026-09-26T14:09:01.673Z] I (2383400) RouteLoom: HIL LINK tx peer=1 type=32 cid=3445906384 seq=933
[2026-09-26T14:09:04.175Z] I (2385902) RouteLoom: HIL LINK tx peer=3 type=32 cid=3131591193 seq=934
[2026-09-26T14:09:04.846Z] I (2386573) RouteLoom: HIL LINK rx peer=3 type=32 cid=2065731346 current=0 status=5 seq=481
[2026-09-26T14:09:04.904Z] I (2386630) RouteLoom: HIL LINK rx peer=1 type=32 cid=3139351763 current=0 status=5 seq=453
[2026-09-26T14:09:06.676Z] I (2388403) RouteLoom: HIL LINK tx peer=1 type=32 cid=3445906384 seq=935
[2026-09-26T14:09:09.178Z] I (2390905) RouteLoom: HIL LINK tx peer=3 type=32 cid=3131591193 seq=936
[2026-09-26T14:09:09.847Z] I (2391574) RouteLoom: HIL LINK rx peer=3 type=32 cid=2065731346 current=0 status=5 seq=482
[2026-09-26T14:09:09.906Z] I (2391632) RouteLoom: HIL LINK rx peer=1 type=32 cid=3139351763 current=0 status=5 seq=454
[2026-09-26T14:09:10.777Z] I (2392504) RouteLoom: HIL PROBE tx peer=1 type=40 status=0 detail=ok
[2026-09-26T14:09:10.794Z] I (2392521) RouteLoom: HIL LINK rx peer=1 type=41 cid=3139351763 current=0 status=5 seq=240
[2026-09-26T14:09:11.647Z] I (2393374) RouteLoom: HIL PROBE tx peer=3 type=40 status=0 detail=ok
[2026-09-26T14:09:11.664Z] I (2393391) RouteLoom: HIL LINK rx peer=3 type=41 cid=2065731346 current=0 status=5 seq=253
[2026-09-26T14:09:11.678Z] I (2393405) RouteLoom: HIL LINK tx peer=1 type=32 cid=3445906384 seq=937
[2026-09-26T14:09:14.180Z] I (2395907) RouteLoom: HIL LINK tx peer=3 type=32 cid=3131591193 seq=938
[2026-09-26T14:09:14.848Z] I (2396575) RouteLoom: HIL LINK rx peer=3 type=32 cid=2065731346 current=0 status=5 seq=483
[2026-09-26T14:09:14.909Z] I (2396635) RouteLoom: HIL LINK rx peer=1 type=32 cid=3139351763 current=0 status=5 seq=455
[2026-09-26T14:09:16.681Z] I (2398408) RouteLoom: HIL LINK tx peer=1 type=32 cid=3445906384 seq=939
[2026-09-26T14:09:18.721Z] I (2400447) RouteLoom: stack hwm main 11096 B
[2026-09-26T14:09:18.722Z] I (2400447) RouteLoom: HIL HEAP free=21708 largest=18432 min=20932 B
[2026-09-26T14:09:18.731Z] I (2400448) RouteLoom: HIL DISCOVERY candidates=0 neighbors=2 capacity=0 auth=2 stale=0 probes=247 send_failures=17 kind_rejects=0
[2026-09-26T14:09:18.738Z] I (2400458) RouteLoom: HIL ROUTE peer=1 phase=5 via=1 metric=1 generation=307 seq=1
[2026-09-26T14:09:18.746Z] I (2400465) RouteLoom: HIL ROUTE peer=3 phase=5 via=3 metric=1 generation=107 seq=1
[2026-09-26T14:09:19.181Z] I (2400908) RouteLoom: HIL LINK tx peer=3 type=32 cid=3131591193 seq=940
[2026-09-26T14:09:19.849Z] I (2401576) RouteLoom: HIL LINK rx peer=3 type=32 cid=2065731346 current=0 status=5 seq=484
[2026-09-26T14:09:19.910Z] I (2401636) RouteLoom: HIL LINK rx peer=1 type=32 cid=3139351763 current=0 status=5 seq=456
[2026-09-26T14:09:20.793Z] I (2402520) RouteLoom: HIL LINK rx peer=1 type=40 cid=3139351763 current=0 status=5 seq=241
[2026-09-26T14:09:20.797Z] I (2402524) RouteLoom: HIL PROBE tx peer=1 type=41 status=0 detail=ok
[2026-09-26T14:09:21.661Z] I (2403388) RouteLoom: HIL LINK rx peer=3 type=40 cid=2065731346 current=0 status=5 seq=254
[2026-09-26T14:09:21.665Z] I (2403392) RouteLoom: HIL PROBE tx peer=3 type=41 status=0 detail=ok
[2026-09-26T14:09:21.681Z] I (2403408) RouteLoom: HIL LINK tx peer=1 type=32 cid=3445906384 seq=941
[2026-09-26T14:09:21.848Z] I (2403574) RouteLoom: HIL LINK rx peer=1 type=16 cid=3139351763 current=0 status=5 seq=76
[2026-09-26T14:09:21.853Z] I (2403580) RouteLoom: HIL LINK tx peer=1 type=17 cid=3445906384 seq=76
[2026-09-26T14:09:21.865Z] I (2403592) RouteLoom: HIL LINK tx peer=3 type=16 cid=3131591193 seq=76
[2026-09-26T14:09:21.887Z] I (2403613) RouteLoom: HIL LINK rx peer=3 type=17 cid=2065731346 current=0 status=5 seq=76
[2026-09-26T14:09:21.898Z] I (2403624) RouteLoom: HIL LINK rx peer=3 type=18 cid=2065731346 current=0 status=5 seq=76
[2026-09-26T14:09:21.904Z] I (2403630) RouteLoom: HIL LINK tx peer=3 type=17 cid=3131591193 seq=76
[2026-09-26T14:09:21.916Z] I (2403642) RouteLoom: HIL LINK tx peer=1 type=18 cid=3445906384 seq=76
[2026-09-26T14:09:21.936Z] I (2403662) RouteLoom: HIL LINK rx peer=1 type=17 cid=3139351763 current=0 status=5 seq=76
[2026-09-26T14:09:24.183Z] I (2405909) RouteLoom: HIL LINK tx peer=3 type=32 cid=3131591193 seq=942
[2026-09-26T14:09:24.851Z] I (2406576) RouteLoom: HIL LINK rx peer=3 type=32 cid=2065731346 current=0 status=5 seq=485
[2026-09-26T14:09:24.912Z] I (2406638) RouteLoom: HIL LINK rx peer=1 type=32 cid=3139351763 current=0 status=5 seq=457
[2026-09-26T14:09:26.684Z] I (2408411) RouteLoom: HIL LINK tx peer=1 type=32 cid=3445906384 seq=943
[2026-09-26T14:09:29.187Z] I (2410913) RouteLoom: HIL LINK tx peer=3 type=32 cid=3131591193 seq=944
[2026-09-26T14:09:29.851Z] I (2411577) RouteLoom: HIL LINK rx peer=3 type=32 cid=2065731346 current=0 status=5 seq=486
[2026-09-26T14:09:29.912Z] I (2411638) RouteLoom: HIL LINK rx peer=1 type=32 cid=3139351763 current=0 status=5 seq=458
[2026-09-26T14:09:30.795Z] I (2412522) RouteLoom: HIL PROBE tx peer=1 type=40 status=0 detail=ok
[2026-09-26T14:09:30.813Z] I (2412539) RouteLoom: HIL LINK rx peer=1 type=41 cid=3139351763 current=0 status=5 seq=242
[2026-09-26T14:09:31.666Z] I (2413392) RouteLoom: HIL PROBE tx peer=3 type=40 status=0 detail=ok
[2026-09-26T14:09:31.682Z] I (2413409) RouteLoom: HIL LINK rx peer=3 type=41 cid=2065731346 current=0 status=5 seq=255
[2026-09-26T14:09:31.691Z] I (2413417) RouteLoom: HIL LINK tx peer=1 type=32 cid=3445906384 seq=945
[2026-09-26T14:09:34.193Z] I (2415919) RouteLoom: HIL LINK tx peer=3 type=32 cid=3131591193 seq=946
[2026-09-26T14:09:34.852Z] I (2416578) RouteLoom: HIL LINK rx peer=3 type=32 cid=2065731346 current=0 status=5 seq=487
[2026-09-26T14:09:34.917Z] I (2416643) RouteLoom: HIL LINK rx peer=1 type=32 cid=3139351763 current=0 status=5 seq=459
[2026-09-26T14:09:36.692Z] I (2418419) RouteLoom: HIL LINK tx peer=1 type=32 cid=3445906384 seq=947
[2026-09-26T14:09:39.194Z] I (2420921) RouteLoom: HIL LINK tx peer=3 type=32 cid=3131591193 seq=948
[2026-09-26T14:09:39.855Z] I (2421581) RouteLoom: HIL LINK rx peer=3 type=32 cid=2065731346 current=0 status=5 seq=488
[2026-09-26T14:09:39.916Z] I (2421642) RouteLoom: HIL LINK rx peer=1 type=32 cid=3139351763 current=0 status=5 seq=460
[2026-09-26T14:09:40.815Z] I (2422541) RouteLoom: HIL PROBE tx peer=1 type=40 status=0 detail=ok
[2026-09-26T14:09:40.818Z] I (2422543) RouteLoom: HIL LINK rx peer=1 type=40 cid=3139351763 current=0 status=5 seq=243
[2026-09-26T14:09:40.827Z] I (2422547) RouteLoom: HIL PROBE tx peer=1 type=41 status=6 detail=autonomy TX already in flight to peer
[2026-09-26T14:09:40.835Z] I (2422559) RouteLoom: HIL LINK rx peer=1 type=41 cid=3139351763 current=0 status=5 seq=244
[2026-09-26T14:09:41.682Z] I (2423407) RouteLoom: HIL LINK rx peer=3 type=40 cid=2065731346 current=0 status=5 seq=256
[2026-09-26T14:09:41.685Z] I (2423411) RouteLoom: HIL PROBE tx peer=3 type=41 status=0 detail=ok
[2026-09-26T14:09:41.695Z] I (2423421) RouteLoom: HIL LINK tx peer=1 type=32 cid=3445906384 seq=949
[2026-09-26T14:09:44.195Z] I (2425921) RouteLoom: HIL LINK tx peer=3 type=32 cid=3131591193 seq=950
[2026-09-26T14:09:44.853Z] I (2426579) RouteLoom: HIL LINK rx peer=3 type=32 cid=2065731346 current=0 status=5 seq=489
[2026-09-26T14:09:44.917Z] I (2426643) RouteLoom: HIL LINK rx peer=1 type=32 cid=3139351763 current=0 status=5 seq=461
[2026-09-26T14:09:46.696Z] I (2428422) RouteLoom: HIL LINK tx peer=1 type=32 cid=3445906384 seq=951
[2026-09-26T14:09:49.198Z] I (2430924) RouteLoom: HIL LINK tx peer=3 type=32 cid=3131591193 seq=952
[2026-09-26T14:09:49.854Z] I (2431580) RouteLoom: HIL LINK rx peer=3 type=32 cid=2065731346 current=0 status=5 seq=490
[2026-09-26T14:09:49.919Z] I (2431644) RouteLoom: HIL LINK rx peer=1 type=32 cid=3139351763 current=0 status=5 seq=462
[2026-09-26T14:09:50.832Z] I (2432557) RouteLoom: HIL LINK rx peer=1 type=40 cid=3139351763 current=0 status=5 seq=245
[2026-09-26T14:09:50.835Z] I (2432561) RouteLoom: HIL PROBE tx peer=1 type=41 status=0 detail=ok
[2026-09-26T14:09:51.683Z] I (2433409) RouteLoom: HIL PROBE tx peer=3 type=40 status=0 detail=ok
[2026-09-26T14:09:51.700Z] I (2433426) RouteLoom: HIL LINK tx peer=1 type=32 cid=3445906384 seq=953
[2026-09-26T14:09:51.703Z] I (2433427) RouteLoom: HIL LINK rx peer=3 type=41 cid=2065731346 current=0 status=5 seq=257
[2026-09-26T14:09:54.200Z] I (2435926) RouteLoom: HIL LINK tx peer=3 type=32 cid=3131591193 seq=954
[2026-09-26T14:09:54.856Z] I (2436581) RouteLoom: HIL LINK rx peer=3 type=32 cid=2065731346 current=0 status=5 seq=491
[2026-09-26T14:09:54.920Z] I (2436645) RouteLoom: HIL LINK rx peer=1 type=32 cid=3139351763 current=0 status=5 seq=463
[2026-09-26T14:09:56.701Z] I (2438427) RouteLoom: HIL LINK tx peer=1 type=32 cid=3445906384 seq=955
[2026-09-26T14:09:58.848Z] I (2440573) RouteLoom: HIL LINK rx peer=1 type=16 cid=3139351763 current=0 status=5 seq=77
[2026-09-26T14:09:58.851Z] I (2440577) RouteLoomRef: message origin=1 session=307 sequence=77 bytes=9
[2026-09-26T14:09:58.857Z] I (2440581) RouteLoom: HIL LINK tx peer=1 type=17 cid=3445906384 seq=77
[2026-09-26T14:09:58.866Z] I (2440592) RouteLoom: HIL LINK tx peer=1 type=18 cid=3445906384 seq=77
[2026-09-26T14:09:58.886Z] I (2440612) RouteLoom: HIL LINK rx peer=1 type=17 cid=3139351763 current=0 status=5 seq=77
[2026-09-26T14:09:59.201Z] I (2440927) RouteLoom: HIL LINK tx peer=3 type=32 cid=3131591193 seq=956
[2026-09-26T14:09:59.857Z] I (2441582) RouteLoom: HIL LINK rx peer=3 type=32 cid=2065731346 current=0 status=5 seq=492
[2026-09-26T14:09:59.922Z] I (2441647) RouteLoom: HIL LINK rx peer=1 type=32 cid=3139351763 current=0 status=5 seq=464
[2026-09-26T14:10:00.835Z] I (2442561) RouteLoom: HIL PROBE tx peer=1 type=40 status=0 detail=ok
[2026-09-26T14:10:00.852Z] I (2442578) RouteLoom: HIL LINK rx peer=1 type=41 cid=3139351763 current=0 status=5 seq=246
[2026-09-26T14:10:01.699Z] I (2443425) RouteLoom: HIL LINK rx peer=3 type=40 cid=2065731346 current=0 status=5 seq=258
[2026-09-26T14:10:01.703Z] I (2443429) RouteLoom: HIL PROBE tx peer=3 type=41 status=0 detail=ok
[2026-09-26T14:10:01.708Z] I (2443432) RouteLoom: HIL LINK tx peer=1 type=32 cid=3445906384 seq=957
[2026-09-26T14:10:04.203Z] I (2445929) RouteLoom: HIL LINK tx peer=3 type=32 cid=3131591193 seq=958
[2026-09-26T14:10:04.859Z] I (2446584) RouteLoom: HIL LINK rx peer=3 type=32 cid=2065731346 current=0 status=5 seq=493
[2026-09-26T14:10:04.923Z] I (2446648) RouteLoom: HIL LINK rx peer=1 type=32 cid=3139351763 current=0 status=5 seq=465
[2026-09-26T14:10:06.704Z] I (2448430) RouteLoom: HIL LINK tx peer=1 type=32 cid=3445906384 seq=959
[2026-09-26T14:10:09.206Z] I (2450932) RouteLoom: HIL LINK tx peer=3 type=32 cid=3131591193 seq=960
[2026-09-26T14:10:09.860Z] I (2451585) RouteLoom: HIL LINK rx peer=3 type=32 cid=2065731346 current=0 status=5 seq=494
[2026-09-26T14:10:09.922Z] I (2451647) RouteLoom: HIL LINK rx peer=1 type=32 cid=3139351763 current=0 status=5 seq=466
[2026-09-26T14:10:10.850Z] I (2452576) RouteLoom: HIL LINK rx peer=1 type=40 cid=3139351763 current=0 status=5 seq=247
[2026-09-26T14:10:10.854Z] I (2452580) RouteLoom: HIL PROBE tx peer=1 type=41 status=0 detail=ok
[2026-09-26T14:10:11.701Z] I (2453427) RouteLoom: HIL PROBE tx peer=3 type=40 status=0 detail=ok
[2026-09-26T14:10:11.707Z] I (2453433) RouteLoom: HIL LINK tx peer=1 type=32 cid=3445906384 seq=961
[2026-09-26T14:10:11.723Z] I (2453449) RouteLoom: HIL LINK rx peer=3 type=41 cid=2065731346 current=0 status=5 seq=259
[2026-09-26T14:10:14.209Z] I (2455935) RouteLoom: HIL LINK tx peer=3 type=32 cid=3131591193 seq=962
[2026-09-26T14:10:14.860Z] I (2456585) RouteLoom: HIL LINK rx peer=3 type=32 cid=2065731346 current=0 status=5 seq=495
[2026-09-26T14:10:14.924Z] I (2456650) RouteLoom: HIL LINK rx peer=1 type=32 cid=3139351763 current=0 status=5 seq=467
[2026-09-26T14:10:16.711Z] I (2458437) RouteLoom: HIL LINK tx peer=1 type=32 cid=3445906384 seq=963
[2026-09-26T14:10:18.722Z] I (2460447) RouteLoom: stack hwm main 11096 B
[2026-09-26T14:10:18.722Z] I (2460447) RouteLoom: HIL HEAP free=21708 largest=18432 min=20932 B
[2026-09-26T14:10:18.732Z] I (2460448) RouteLoom: HIL DISCOVERY candidates=0 neighbors=2 capacity=0 auth=2 stale=0 probes=253 send_failures=18 kind_rejects=0
[2026-09-26T14:10:18.740Z] I (2460458) RouteLoom: HIL ROUTE peer=1 phase=5 via=1 metric=1 generation=307 seq=1
[2026-09-26T14:10:18.747Z] I (2460465) RouteLoom: HIL ROUTE peer=3 phase=5 via=3 metric=1 generation=107 seq=1
[2026-09-26T14:10:19.212Z] I (2460938) RouteLoom: HIL LINK tx peer=3 type=32 cid=3131591193 seq=964
[2026-09-26T14:10:19.860Z] I (2461585) RouteLoom: HIL LINK rx peer=3 type=32 cid=2065731346 current=0 status=5 seq=496
[2026-09-26T14:10:19.927Z] I (2461652) RouteLoom: HIL LINK rx peer=1 type=32 cid=3139351763 current=0 status=5 seq=468
[2026-09-26T14:10:20.852Z] I (2462578) RouteLoom: HIL PROBE tx peer=1 type=40 status=0 detail=ok
[2026-09-26T14:10:20.871Z] I (2462596) RouteLoom: HIL LINK rx peer=1 type=41 cid=3139351763 current=0 status=5 seq=248
[2026-09-26T14:10:21.713Z] I (2463439) RouteLoom: HIL LINK tx peer=1 type=32 cid=3445906384 seq=965
[2026-09-26T14:10:21.718Z] I (2463443) RouteLoom: HIL LINK rx peer=3 type=40 cid=2065731346 current=0 status=5 seq=260
[2026-09-26T14:10:21.723Z] I (2463447) RouteLoom: HIL PROBE tx peer=3 type=41 status=0 detail=ok
[2026-09-26T14:10:24.215Z] I (2465941) RouteLoom: HIL LINK tx peer=3 type=32 cid=3131591193 seq=966
[2026-09-26T14:10:24.860Z] I (2466585) RouteLoom: HIL LINK rx peer=3 type=32 cid=2065731346 current=0 status=5 seq=497
[2026-09-26T14:10:24.927Z] I (2466652) RouteLoom: HIL LINK rx peer=1 type=32 cid=3139351763 current=0 status=5 seq=469
[2026-09-26T14:10:26.717Z] I (2468443) RouteLoom: HIL LINK tx peer=1 type=32 cid=3445906384 seq=967
[2026-09-26T14:10:29.219Z] I (2470945) RouteLoom: HIL LINK tx peer=3 type=32 cid=3131591193 seq=968
[2026-09-26T14:10:29.861Z] I (2471586) RouteLoom: HIL LINK rx peer=3 type=32 cid=2065731346 current=0 status=5 seq=498
[2026-09-26T14:10:29.929Z] I (2471654) RouteLoom: HIL LINK rx peer=1 type=32 cid=3139351763 current=0 status=5 seq=470
[2026-09-26T14:10:30.870Z] I (2472595) RouteLoom: HIL LINK rx peer=1 type=40 cid=3139351763 current=0 status=5 seq=249
[2026-09-26T14:10:30.874Z] I (2472599) RouteLoom: HIL PROBE tx peer=1 type=41 status=0 detail=ok
[2026-09-26T14:10:31.720Z] I (2473446) RouteLoom: HIL PROBE tx peer=3 type=40 status=0 detail=ok
[2026-09-26T14:10:31.724Z] I (2473449) RouteLoom: HIL LINK tx peer=1 type=32 cid=3445906384 seq=969
[2026-09-26T14:10:31.743Z] I (2473468) RouteLoom: HIL LINK rx peer=3 type=41 cid=2065731346 current=0 status=5 seq=261
[2026-09-26T14:10:34.222Z] I (2475948) RouteLoom: HIL LINK tx peer=3 type=32 cid=3131591193 seq=970
[2026-09-26T14:10:34.863Z] I (2476588) RouteLoom: HIL LINK rx peer=3 type=32 cid=2065731346 current=0 status=5 seq=499
[2026-09-26T14:10:34.931Z] I (2476656) RouteLoom: HIL LINK rx peer=1 type=32 cid=3139351763 current=0 status=5 seq=471
[2026-09-26T14:10:35.846Z] I (2477571) RouteLoom: HIL LINK rx peer=1 type=16 cid=3139351763 current=0 status=5 seq=78
[2026-09-26T14:10:35.851Z] I (2477576) RouteLoom: HIL LINK tx peer=1 type=17 cid=3445906384 seq=78
[2026-09-26T14:10:35.862Z] I (2477588) RouteLoom: HIL LINK tx peer=3 type=16 cid=3131591193 seq=78
[2026-09-26T14:10:35.882Z] I (2477607) RouteLoom: HIL LINK rx peer=3 type=17 cid=2065731346 current=0 status=5 seq=78
[2026-09-26T14:10:35.895Z] I (2477620) RouteLoom: HIL LINK rx peer=3 type=18 cid=2065731346 current=0 status=5 seq=78
[2026-09-26T14:10:35.901Z] I (2477626) RouteLoom: HIL LINK tx peer=3 type=17 cid=3131591193 seq=78
[2026-09-26T14:10:35.912Z] I (2477637) RouteLoom: HIL LINK tx peer=1 type=18 cid=3445906384 seq=78
[2026-09-26T14:10:35.933Z] I (2477658) RouteLoom: HIL LINK rx peer=1 type=17 cid=3139351763 current=0 status=5 seq=78
[2026-09-26T14:10:36.723Z] I (2478449) RouteLoom: HIL LINK tx peer=1 type=32 cid=3445906384 seq=971
[2026-09-26T14:10:39.225Z] I (2480951) RouteLoom: HIL LINK tx peer=3 type=32 cid=3131591193 seq=972
[2026-09-26T14:10:39.864Z] I (2481589) RouteLoom: HIL LINK rx peer=3 type=32 cid=2065731346 current=0 status=5 seq=500
[2026-09-26T14:10:39.932Z] I (2481657) RouteLoom: HIL LINK rx peer=1 type=32 cid=3139351763 current=0 status=5 seq=472
[2026-09-26T14:10:40.873Z] I (2482598) RouteLoom: HIL PROBE tx peer=1 type=40 status=0 detail=ok
[2026-09-26T14:10:40.891Z] I (2482616) RouteLoom: HIL LINK rx peer=1 type=41 cid=3139351763 current=0 status=5 seq=250
[2026-09-26T14:10:41.728Z] I (2483453) RouteLoom: HIL LINK tx peer=1 type=32 cid=3445906384 seq=973
[2026-09-26T14:10:41.745Z] I (2483470) RouteLoom: HIL PROBE tx peer=3 type=40 status=0 detail=ok
[2026-09-26T14:10:41.748Z] I (2483472) RouteLoom: HIL LINK rx peer=3 type=40 cid=2065731346 current=0 status=5 seq=262
[2026-09-26T14:10:41.757Z] I (2483476) RouteLoom: HIL PROBE tx peer=3 type=41 status=6 detail=autonomy TX already in flight to peer
[2026-09-26T14:10:41.765Z] I (2483487) RouteLoom: HIL LINK rx peer=3 type=41 cid=2065731346 current=0 status=5 seq=263
[2026-09-26T14:10:44.228Z] I (2485953) RouteLoom: HIL LINK tx peer=3 type=32 cid=3131591193 seq=974
[2026-09-26T14:10:44.865Z] I (2486590) RouteLoom: HIL LINK rx peer=3 type=32 cid=2065731346 current=0 status=5 seq=501
[2026-09-26T14:10:44.933Z] I (2486658) RouteLoom: HIL LINK rx peer=1 type=32 cid=3139351763 current=0 status=5 seq=473
[2026-09-26T14:10:46.730Z] I (2488455) RouteLoom: HIL LINK tx peer=1 type=32 cid=3445906384 seq=975
[2026-09-26T14:10:49.232Z] I (2490957) RouteLoom: HIL LINK tx peer=3 type=32 cid=3131591193 seq=976
[2026-09-26T14:10:49.867Z] I (2491591) RouteLoom: HIL LINK rx peer=3 type=32 cid=2065731346 current=0 status=5 seq=502
[2026-09-26T14:10:49.937Z] I (2491662) RouteLoom: HIL LINK rx peer=1 type=32 cid=3139351763 current=0 status=5 seq=474
[2026-09-26T14:10:50.890Z] I (2492615) RouteLoom: HIL LINK rx peer=1 type=40 cid=3139351763 current=0 status=5 seq=251
[2026-09-26T14:10:50.894Z] I (2492619) RouteLoom: HIL PROBE tx peer=1 type=41 status=0 detail=ok
[2026-09-26T14:10:51.733Z] I (2493458) RouteLoom: HIL LINK tx peer=1 type=32 cid=3445906384 seq=977
[2026-09-26T14:10:51.760Z] I (2493485) RouteLoom: HIL LINK rx peer=3 type=40 cid=2065731346 current=0 status=5 seq=264
[2026-09-26T14:10:51.764Z] I (2493488) RouteLoom: HIL PROBE tx peer=3 type=41 status=0 detail=ok
[2026-09-26T14:10:54.235Z] I (2495960) RouteLoom: HIL LINK tx peer=3 type=32 cid=3131591193 seq=978
[2026-09-26T14:10:54.868Z] I (2496592) RouteLoom: HIL LINK rx peer=3 type=32 cid=2065731346 current=0 status=5 seq=503
[2026-09-26T14:10:54.936Z] I (2496660) RouteLoom: HIL LINK rx peer=1 type=32 cid=3139351763 current=0 status=5 seq=475
[2026-09-26T14:10:56.735Z] I (2498460) RouteLoom: HIL LINK tx peer=1 type=32 cid=3445906384 seq=979
[2026-09-26T14:10:59.237Z] I (2500962) RouteLoom: HIL LINK tx peer=3 type=32 cid=3131591193 seq=980
[2026-09-26T14:10:59.872Z] I (2501596) RouteLoom: HIL LINK rx peer=3 type=32 cid=2065731346 current=0 status=5 seq=504
[2026-09-26T14:10:59.939Z] I (2501663) RouteLoom: HIL LINK rx peer=1 type=32 cid=3139351763 current=0 status=5 seq=476
[2026-09-26T14:11:00.894Z] I (2502619) RouteLoom: HIL PROBE tx peer=1 type=40 status=0 detail=ok
[2026-09-26T14:11:00.913Z] I (2502637) RouteLoom: HIL LINK rx peer=1 type=41 cid=3139351763 current=0 status=5 seq=252
[2026-09-26T14:11:01.737Z] I (2503462) RouteLoom: HIL LINK tx peer=1 type=32 cid=3445906384 seq=981
[2026-09-26T14:11:01.763Z] I (2503488) RouteLoom: HIL PROBE tx peer=3 type=40 status=0 detail=ok
[2026-09-26T14:11:01.780Z] I (2503505) RouteLoom: HIL LINK rx peer=3 type=41 cid=2065731346 current=0 status=5 seq=265
[2026-09-26T14:11:04.239Z] I (2505964) RouteLoom: HIL LINK tx peer=3 type=32 cid=3131591193 seq=982
[2026-09-26T14:11:04.871Z] I (2506596) RouteLoom: HIL LINK rx peer=3 type=32 cid=2065731346 current=0 status=5 seq=505
[2026-09-26T14:11:04.941Z] I (2506665) RouteLoom: HIL LINK rx peer=1 type=32 cid=3139351763 current=0 status=5 seq=477
[2026-09-26T14:11:06.740Z] I (2508465) RouteLoom: HIL LINK tx peer=1 type=32 cid=3445906384 seq=983
[2026-09-26T14:11:09.242Z] I (2510967) RouteLoom: HIL LINK tx peer=3 type=32 cid=3131591193 seq=984
[2026-09-26T14:11:09.872Z] I (2511597) RouteLoom: HIL LINK rx peer=3 type=32 cid=2065731346 current=0 status=5 seq=506
[2026-09-26T14:11:09.942Z] I (2511666) RouteLoom: HIL LINK rx peer=1 type=32 cid=3139351763 current=0 status=5 seq=478
[2026-09-26T14:11:10.912Z] I (2512636) RouteLoom: HIL LINK rx peer=1 type=40 cid=3139351763 current=0 status=5 seq=253
[2026-09-26T14:11:10.915Z] I (2512640) RouteLoom: HIL PROBE tx peer=1 type=41 status=0 detail=ok
[2026-09-26T14:11:11.743Z] I (2513468) RouteLoom: HIL LINK tx peer=1 type=32 cid=3445906384 seq=985
[2026-09-26T14:11:11.778Z] I (2513502) RouteLoom: HIL LINK rx peer=3 type=40 cid=2065731346 current=0 status=5 seq=266
[2026-09-26T14:11:11.782Z] I (2513506) RouteLoom: HIL PROBE tx peer=3 type=41 status=0 detail=ok
[2026-09-26T14:11:12.845Z] I (2514570) RouteLoom: HIL LINK rx peer=1 type=16 cid=3139351763 current=0 status=5 seq=79
[2026-09-26T14:11:12.849Z] I (2514573) RouteLoomRef: message origin=1 session=307 sequence=79 bytes=9
[2026-09-26T14:11:12.855Z] I (2514577) RouteLoom: HIL LINK tx peer=1 type=17 cid=3445906384 seq=79
[2026-09-26T14:11:12.864Z] I (2514588) RouteLoom: HIL LINK tx peer=1 type=18 cid=3445906384 seq=79
[2026-09-26T14:11:12.885Z] I (2514610) RouteLoom: HIL LINK rx peer=1 type=17 cid=3139351763 current=0 status=5 seq=79
[2026-09-26T14:11:14.243Z] I (2515968) RouteLoom: HIL LINK tx peer=3 type=32 cid=3131591193 seq=986
[2026-09-26T14:11:14.875Z] I (2516599) RouteLoom: HIL LINK rx peer=3 type=32 cid=2065731346 current=0 status=5 seq=507
[2026-09-26T14:11:14.942Z] I (2516666) RouteLoom: HIL LINK rx peer=1 type=32 cid=3139351763 current=0 status=5 seq=479
[2026-09-26T14:11:16.744Z] I (2518469) RouteLoom: HIL LINK tx peer=1 type=32 cid=3445906384 seq=987
[2026-09-26T14:11:18.724Z] I (2520449) RouteLoom: stack hwm main 11096 B
[2026-09-26T14:11:18.725Z] I (2520449) RouteLoom: HIL HEAP free=21708 largest=18432 min=20932 B
[2026-09-26T14:11:18.735Z] I (2520450) RouteLoom: HIL DISCOVERY candidates=0 neighbors=2 capacity=0 auth=2 stale=0 probes=259 send_failures=19 kind_rejects=0
[2026-09-26T14:11:18.742Z] I (2520460) RouteLoom: HIL ROUTE peer=1 phase=5 via=1 metric=1 generation=307 seq=1
[2026-09-26T14:11:18.750Z] I (2520467) RouteLoom: HIL ROUTE peer=3 phase=5 via=3 metric=1 generation=107 seq=1
[2026-09-26T14:11:19.245Z] I (2520970) RouteLoom: HIL LINK tx peer=3 type=32 cid=3131591193 seq=988
[2026-09-26T14:11:19.875Z] I (2521599) RouteLoom: HIL LINK rx peer=3 type=32 cid=2065731346 current=0 status=5 seq=508
[2026-09-26T14:11:19.941Z] I (2521666) RouteLoom: HIL LINK rx peer=1 type=32 cid=3139351763 current=0 status=5 seq=480
[2026-09-26T14:11:20.916Z] I (2522639) RouteLoom: HIL PROBE tx peer=1 type=40 status=0 detail=ok
[2026-09-26T14:11:20.942Z] I (2522667) RouteLoom: HIL LINK rx peer=1 type=40 cid=3139351763 current=0 status=5 seq=254
[2026-09-26T14:11:20.946Z] I (2522671) RouteLoom: HIL PROBE tx peer=1 type=41 status=0 detail=ok
[2026-09-26T14:11:21.745Z] I (2523470) RouteLoom: HIL LINK tx peer=1 type=32 cid=3445906384 seq=989
[2026-09-26T14:11:21.780Z] I (2523505) RouteLoom: HIL PROBE tx peer=3 type=40 status=0 detail=ok
[2026-09-26T14:11:21.799Z] I (2523522) RouteLoom: HIL LINK rx peer=3 type=41 cid=2065731346 current=0 status=5 seq=267
[2026-09-26T14:11:24.247Z] I (2525972) RouteLoom: HIL LINK tx peer=3 type=32 cid=3131591193 seq=990
[2026-09-26T14:11:24.877Z] I (2526601) RouteLoom: HIL LINK rx peer=3 type=32 cid=2065731346 current=0 status=5 seq=509
[2026-09-26T14:11:24.943Z] I (2526667) RouteLoom: HIL LINK rx peer=1 type=32 cid=3139351763 current=0 status=5 seq=481
[2026-09-26T14:11:26.748Z] I (2528473) RouteLoom: HIL LINK tx peer=1 type=32 cid=3445906384 seq=991
[2026-09-26T14:11:29.250Z] I (2530975) RouteLoom: HIL LINK tx peer=3 type=32 cid=3131591193 seq=992
[2026-09-26T14:11:29.879Z] I (2531603) RouteLoom: HIL LINK rx peer=3 type=32 cid=2065731346 current=0 status=5 seq=510
[2026-09-26T14:11:29.943Z] I (2531668) RouteLoom: HIL LINK rx peer=1 type=32 cid=3139351763 current=0 status=5 seq=482
[2026-09-26T14:11:30.946Z] I (2532671) RouteLoom: HIL PROBE tx peer=1 type=40 status=0 detail=ok
[2026-09-26T14:11:30.964Z] I (2532688) RouteLoom: HIL LINK rx peer=1 type=41 cid=3139351763 current=0 status=5 seq=256
[2026-09-26T14:11:31.751Z] I (2533476) RouteLoom: HIL LINK tx peer=1 type=32 cid=3445906384 seq=993
[2026-09-26T14:11:31.798Z] I (2533522) RouteLoom: HIL LINK rx peer=3 type=40 cid=2065731346 current=0 status=5 seq=268
[2026-09-26T14:11:31.802Z] I (2533526) RouteLoom: HIL PROBE tx peer=3 type=41 status=0 detail=ok
[2026-09-26T14:11:34.252Z] I (2535977) RouteLoom: HIL LINK tx peer=3 type=32 cid=3131591193 seq=994
[2026-09-26T14:11:34.883Z] I (2536607) RouteLoom: HIL LINK rx peer=3 type=32 cid=2065731346 current=0 status=5 seq=511
[2026-09-26T14:11:34.946Z] I (2536670) RouteLoom: HIL LINK rx peer=1 type=32 cid=3139351763 current=0 status=5 seq=483
[2026-09-26T14:11:36.755Z] I (2538479) RouteLoom: HIL LINK tx peer=1 type=32 cid=3445906384 seq=995
[2026-09-26T14:11:39.256Z] I (2540981) RouteLoom: HIL LINK tx peer=3 type=32 cid=3131591193 seq=996
[2026-09-26T14:11:39.882Z] I (2541606) RouteLoom: HIL LINK rx peer=3 type=32 cid=2065731346 current=0 status=5 seq=512
[2026-09-26T14:11:39.950Z] I (2541673) RouteLoom: HIL LINK rx peer=1 type=32 cid=3139351763 current=0 status=5 seq=484
[2026-09-26T14:11:40.961Z] I (2542686) RouteLoom: HIL LINK rx peer=1 type=40 cid=3139351763 current=0 status=5 seq=257
[2026-09-26T14:11:40.972Z] I (2542690) RouteLoom: HIL PROBE tx peer=1 type=41 status=0 detail=ok
[2026-09-26T14:11:41.756Z] I (2543481) RouteLoom: HIL LINK tx peer=1 type=32 cid=3445906384 seq=997
[2026-09-26T14:11:41.800Z] I (2543525) RouteLoom: HIL PROBE tx peer=3 type=40 status=0 detail=ok
[2026-09-26T14:11:41.818Z] I (2543542) RouteLoom: HIL LINK rx peer=3 type=41 cid=2065731346 current=0 status=5 seq=269
[2026-09-26T14:11:44.258Z] I (2545983) RouteLoom: HIL LINK tx peer=3 type=32 cid=3131591193 seq=998
[2026-09-26T14:11:44.882Z] I (2546606) RouteLoom: HIL LINK rx peer=3 type=32 cid=2065731346 current=0 status=5 seq=513
[2026-09-26T14:11:44.948Z] I (2546672) RouteLoom: HIL LINK rx peer=1 type=32 cid=3139351763 current=0 status=5 seq=485
[2026-09-26T14:11:46.759Z] I (2548484) RouteLoom: HIL LINK tx peer=1 type=32 cid=3445906384 seq=999
[2026-09-26T14:11:49.261Z] I (2550986) RouteLoom: HIL LINK tx peer=3 type=32 cid=3131591193 seq=1000
[2026-09-26T14:11:49.847Z] I (2551570) RouteLoom: HIL LINK rx peer=1 type=16 cid=3139351763 current=0 status=5 seq=80
[2026-09-26T14:11:49.851Z] I (2551575) RouteLoom: HIL LINK tx peer=1 type=17 cid=3445906384 seq=80
[2026-09-26T14:11:49.863Z] I (2551587) RouteLoom: HIL LINK tx peer=3 type=16 cid=3131591193 seq=80
[2026-09-26T14:11:49.883Z] I (2551607) RouteLoom: HIL LINK rx peer=3 type=17 cid=2065731346 current=0 status=5 seq=80
[2026-09-26T14:11:49.896Z] I (2551619) RouteLoom: HIL LINK rx peer=3 type=18 cid=2065731346 current=0 status=5 seq=80
[2026-09-26T14:11:49.901Z] I (2551625) RouteLoom: HIL LINK tx peer=3 type=17 cid=3131591193 seq=80
[2026-09-26T14:11:49.907Z] I (2551630) RouteLoom: HIL LINK rx peer=3 type=32 cid=2065731346 current=0 status=5 seq=514
[2026-09-26T14:11:49.918Z] I (2551642) RouteLoom: HIL LINK tx peer=1 type=18 cid=3445906384 seq=80
[2026-09-26T14:11:49.939Z] I (2551663) RouteLoom: HIL LINK rx peer=1 type=17 cid=3139351763 current=0 status=5 seq=80
[2026-09-26T14:11:49.952Z] I (2551675) RouteLoom: HIL LINK rx peer=1 type=32 cid=3139351763 current=0 status=5 seq=486
[2026-09-26T14:11:50.964Z] I (2552688) RouteLoom: HIL PROBE tx peer=1 type=40 status=0 detail=ok
[2026-09-26T14:11:50.981Z] I (2552705) RouteLoom: HIL LINK rx peer=1 type=41 cid=3139351763 current=0 status=5 seq=258
[2026-09-26T14:11:51.763Z] I (2553487) RouteLoom: HIL LINK tx peer=1 type=32 cid=3445906384 seq=1001
[2026-09-26T14:11:51.818Z] I (2553542) RouteLoom: HIL LINK rx peer=3 type=40 cid=2065731346 current=0 status=5 seq=270
[2026-09-26T14:11:51.822Z] I (2553546) RouteLoom: HIL PROBE tx peer=3 type=41 status=0 detail=ok
[2026-09-26T14:11:54.264Z] I (2555988) RouteLoom: HIL LINK tx peer=3 type=32 cid=3131591193 seq=1002
[2026-09-26T14:11:54.892Z] I (2556616) RouteLoom: HIL LINK rx peer=3 type=32 cid=2065731346 current=0 status=5 seq=515
[2026-09-26T14:11:54.950Z] I (2556674) RouteLoom: HIL LINK rx peer=1 type=32 cid=3139351763 current=0 status=5 seq=487
[2026-09-26T14:11:56.765Z] I (2558489) RouteLoom: HIL LINK tx peer=1 type=32 cid=3445906384 seq=1003
[2026-09-26T14:11:59.267Z] I (2560991) RouteLoom: HIL LINK tx peer=3 type=32 cid=3131591193 seq=1004
[2026-09-26T14:11:59.893Z] I (2561617) RouteLoom: HIL LINK rx peer=3 type=32 cid=2065731346 current=0 status=5 seq=516
[2026-09-26T14:11:59.950Z] I (2561674) RouteLoom: HIL LINK rx peer=1 type=32 cid=3139351763 current=0 status=5 seq=488
[2026-09-26T14:12:00.981Z] I (2562704) RouteLoom: HIL LINK rx peer=1 type=40 cid=3139351763 current=0 status=5 seq=259
[2026-09-26T14:12:00.985Z] I (2562708) RouteLoom: HIL PROBE tx peer=1 type=41 status=0 detail=ok
[2026-09-26T14:12:01.767Z] I (2563491) RouteLoom: HIL LINK tx peer=1 type=32 cid=3445906384 seq=1005
[2026-09-26T14:12:01.820Z] I (2563544) RouteLoom: HIL PROBE tx peer=3 type=40 status=0 detail=ok
[2026-09-26T14:12:01.839Z] I (2563562) RouteLoom: HIL LINK rx peer=3 type=41 cid=2065731346 current=0 status=5 seq=271
[2026-09-26T14:12:04.268Z] I (2565992) RouteLoom: HIL LINK tx peer=3 type=32 cid=3131591193 seq=1006
[2026-09-26T14:12:04.897Z] I (2566620) RouteLoom: HIL LINK rx peer=3 type=32 cid=2065731346 current=0 status=5 seq=517
[2026-09-26T14:12:04.950Z] I (2566673) RouteLoom: HIL LINK rx peer=1 type=32 cid=3139351763 current=0 status=5 seq=489
[2026-09-26T14:12:06.770Z] I (2568494) RouteLoom: HIL LINK tx peer=1 type=32 cid=3445906384 seq=1007
[2026-09-26T14:12:09.270Z] I (2570994) RouteLoom: HIL LINK tx peer=3 type=32 cid=3131591193 seq=1008
[2026-09-26T14:12:09.898Z] I (2571620) RouteLoom: HIL LINK rx peer=3 type=32 cid=2065731346 current=0 status=5 seq=518
[2026-09-26T14:12:09.954Z] I (2571677) RouteLoom: HIL LINK rx peer=1 type=32 cid=3139351763 current=0 status=5 seq=490
[2026-09-26T14:12:10.984Z] I (2572708) RouteLoom: HIL PROBE tx peer=1 type=40 status=0 detail=ok
[2026-09-26T14:12:11.003Z] I (2572726) RouteLoom: HIL LINK rx peer=1 type=41 cid=3139351763 current=0 status=5 seq=260
[2026-09-26T14:12:11.770Z] I (2573494) RouteLoom: HIL LINK tx peer=1 type=32 cid=3445906384 seq=1009
[2026-09-26T14:12:11.838Z] I (2573561) RouteLoom: HIL LINK rx peer=3 type=40 cid=2065731346 current=0 status=5 seq=272
[2026-09-26T14:12:11.841Z] I (2573565) RouteLoom: HIL PROBE tx peer=3 type=41 status=0 detail=ok
[2026-09-26T14:12:14.271Z] I (2575995) RouteLoom: HIL LINK tx peer=3 type=32 cid=3131591193 seq=1010
[2026-09-26T14:12:14.897Z] I (2576621) RouteLoom: HIL LINK rx peer=3 type=32 cid=2065731346 current=0 status=5 seq=519
[2026-09-26T14:12:14.953Z] I (2576676) RouteLoom: HIL LINK rx peer=1 type=32 cid=3139351763 current=0 status=5 seq=491
[2026-09-26T14:12:16.773Z] I (2578497) RouteLoom: HIL LINK tx peer=1 type=32 cid=3445906384 seq=1011
[2026-09-26T14:12:18.727Z] I (2580450) RouteLoom: stack hwm main 11096 B
[2026-09-26T14:12:18.727Z] I (2580450) RouteLoom: HIL HEAP free=21708 largest=18432 min=20932 B
[2026-09-26T14:12:18.737Z] I (2580451) RouteLoom: HIL DISCOVERY candidates=0 neighbors=2 capacity=0 auth=2 stale=0 probes=266 send_failures=19 kind_rejects=0
[2026-09-26T14:12:18.744Z] I (2580461) RouteLoom: HIL ROUTE peer=1 phase=5 via=1 metric=1 generation=307 seq=1
[2026-09-26T14:12:18.752Z] I (2580468) RouteLoom: HIL ROUTE peer=3 phase=5 via=3 metric=1 generation=107 seq=1
[2026-09-26T14:12:19.274Z] I (2580998) RouteLoom: HIL LINK tx peer=3 type=32 cid=3131591193 seq=1012
[2026-09-26T14:12:19.897Z] I (2581621) RouteLoom: HIL LINK rx peer=3 type=32 cid=2065731346 current=0 status=5 seq=520
[2026-09-26T14:12:19.953Z] I (2581676) RouteLoom: HIL LINK rx peer=1 type=32 cid=3139351763 current=0 status=5 seq=492
[2026-09-26T14:12:21.001Z] I (2582725) RouteLoom: HIL LINK rx peer=1 type=40 cid=3139351763 current=0 status=5 seq=261
[2026-09-26T14:12:21.005Z] I (2582729) RouteLoom: HIL PROBE tx peer=1 type=41 status=0 detail=ok
[2026-09-26T14:12:21.776Z] I (2583500) RouteLoom: HIL LINK tx peer=1 type=32 cid=3445906384 seq=1013
[2026-09-26T14:12:21.841Z] I (2583565) RouteLoom: HIL PROBE tx peer=3 type=40 status=0 detail=ok
[2026-09-26T14:12:21.858Z] I (2583582) RouteLoom: HIL LINK rx peer=3 type=41 cid=2065731346 current=0 status=5 seq=273
[2026-09-26T14:12:24.278Z] I (2586002) RouteLoom: HIL LINK tx peer=3 type=32 cid=3131591193 seq=1014
[2026-09-26T14:12:24.898Z] I (2586622) RouteLoom: HIL LINK rx peer=3 type=32 cid=2065731346 current=0 status=5 seq=521
[2026-09-26T14:12:24.956Z] I (2586679) RouteLoom: HIL LINK rx peer=1 type=32 cid=3139351763 current=0 status=5 seq=493
[2026-09-26T14:12:26.779Z] I (2588503) RouteLoom: HIL LINK tx peer=1 type=32 cid=3445906384 seq=1015
[2026-09-26T14:12:26.848Z] I (2588571) RouteLoom: HIL LINK rx peer=1 type=16 cid=3139351763 current=0 status=5 seq=81
[2026-09-26T14:12:26.851Z] I (2588575) RouteLoomRef: message origin=1 session=307 sequence=81 bytes=9
[2026-09-26T14:12:26.858Z] I (2588579) RouteLoom: HIL LINK tx peer=1 type=17 cid=3445906384 seq=81
[2026-09-26T14:12:26.866Z] I (2588590) RouteLoom: HIL LINK tx peer=1 type=18 cid=3445906384 seq=81
[2026-09-26T14:12:26.887Z] I (2588610) RouteLoom: HIL LINK rx peer=1 type=17 cid=3139351763 current=0 status=5 seq=81
[2026-09-26T14:12:29.280Z] I (2591004) RouteLoom: HIL LINK tx peer=3 type=32 cid=3131591193 seq=1016
[2026-09-26T14:12:29.900Z] I (2591624) RouteLoom: HIL LINK rx peer=3 type=32 cid=2065731346 current=0 status=5 seq=522
[2026-09-26T14:12:29.956Z] I (2591679) RouteLoom: HIL LINK rx peer=1 type=32 cid=3139351763 current=0 status=5 seq=494
[2026-09-26T14:12:31.004Z] I (2592728) RouteLoom: HIL PROBE tx peer=1 type=40 status=0 detail=ok
[2026-09-26T14:12:31.023Z] I (2592746) RouteLoom: HIL LINK rx peer=1 type=41 cid=3139351763 current=0 status=5 seq=262
[2026-09-26T14:12:31.781Z] I (2593505) RouteLoom: HIL LINK tx peer=1 type=32 cid=3445906384 seq=1017
[2026-09-26T14:12:31.856Z] I (2593580) RouteLoom: HIL LINK rx peer=3 type=40 cid=2065731346 current=0 status=5 seq=274
[2026-09-26T14:12:31.860Z] I (2593584) RouteLoom: HIL PROBE tx peer=3 type=41 status=0 detail=ok
[2026-09-26T14:12:34.281Z] I (2596005) RouteLoom: HIL LINK tx peer=3 type=32 cid=3131591193 seq=1018
[2026-09-26T14:12:34.901Z] I (2596625) RouteLoom: HIL LINK rx peer=3 type=32 cid=2065731346 current=0 status=5 seq=523
[2026-09-26T14:12:34.959Z] I (2596682) RouteLoom: HIL LINK rx peer=1 type=32 cid=3139351763 current=0 status=5 seq=495
[2026-09-26T14:12:36.782Z] I (2598506) RouteLoom: HIL LINK tx peer=1 type=32 cid=3445906384 seq=1019
[2026-09-26T14:12:39.284Z] I (2601007) RouteLoom: HIL LINK tx peer=3 type=32 cid=3131591193 seq=1020
[2026-09-26T14:12:39.903Z] I (2601627) RouteLoom: HIL LINK rx peer=3 type=32 cid=2065731346 current=0 status=5 seq=524
[2026-09-26T14:12:39.961Z] I (2601684) RouteLoom: HIL LINK rx peer=1 type=32 cid=3139351763 current=0 status=5 seq=496
[2026-09-26T14:12:41.021Z] I (2602744) RouteLoom: HIL LINK rx peer=1 type=40 cid=3139351763 current=0 status=5 seq=263
[2026-09-26T14:12:41.025Z] I (2602748) RouteLoom: HIL PROBE tx peer=1 type=41 status=0 detail=ok
[2026-09-26T14:12:41.783Z] I (2603507) RouteLoom: HIL LINK tx peer=1 type=32 cid=3445906384 seq=1021
[2026-09-26T14:12:41.860Z] I (2603584) RouteLoom: HIL PROBE tx peer=3 type=40 status=0 detail=ok
[2026-09-26T14:12:41.879Z] I (2603602) RouteLoom: HIL LINK rx peer=3 type=41 cid=2065731346 current=0 status=5 seq=275
[2026-09-26T14:12:44.284Z] I (2606008) RouteLoom: HIL LINK tx peer=3 type=32 cid=3131591193 seq=1022
[2026-09-26T14:12:44.904Z] I (2606628) RouteLoom: HIL LINK rx peer=3 type=32 cid=2065731346 current=0 status=5 seq=525
[2026-09-26T14:12:44.962Z] I (2606685) RouteLoom: HIL LINK rx peer=1 type=32 cid=3139351763 current=0 status=5 seq=497
[2026-09-26T14:12:46.785Z] I (2608509) RouteLoom: HIL LINK tx peer=1 type=32 cid=3445906384 seq=1023
[2026-09-26T14:12:49.287Z] I (2611011) RouteLoom: HIL LINK tx peer=3 type=32 cid=3131591193 seq=1024
[2026-09-26T14:12:49.904Z] I (2611628) RouteLoom: HIL LINK rx peer=3 type=32 cid=2065731346 current=0 status=5 seq=526
[2026-09-26T14:12:49.965Z] I (2611688) RouteLoom: HIL LINK rx peer=1 type=32 cid=3139351763 current=0 status=5 seq=498
[2026-09-26T14:12:51.022Z] I (2612746) RouteLoom: HIL PROBE tx peer=1 type=40 status=0 detail=ok
[2026-09-26T14:12:51.041Z] I (2612764) RouteLoom: HIL LINK rx peer=1 type=41 cid=3139351763 current=0 status=5 seq=264
[2026-09-26T14:12:51.788Z] I (2613511) RouteLoom: HIL LINK tx peer=1 type=32 cid=3445906384 seq=1025
[2026-09-26T14:12:51.876Z] I (2613599) RouteLoom: HIL LINK rx peer=3 type=40 cid=2065731346 current=0 status=5 seq=276
[2026-09-26T14:12:51.880Z] I (2613603) RouteLoom: HIL PROBE tx peer=3 type=41 status=0 detail=ok
[2026-09-26T14:12:54.289Z] I (2616012) RouteLoom: HIL LINK tx peer=3 type=32 cid=3131591193 seq=1026
[2026-09-26T14:12:54.908Z] I (2616630) RouteLoom: HIL LINK rx peer=3 type=32 cid=2065731346 current=0 status=5 seq=527
[2026-09-26T14:12:54.966Z] I (2616689) RouteLoom: HIL LINK rx peer=1 type=32 cid=3139351763 current=0 status=5 seq=499
[2026-09-26T14:12:56.789Z] I (2618512) RouteLoom: HIL LINK tx peer=1 type=32 cid=3445906384 seq=1027
[2026-09-26T14:12:59.291Z] I (2621014) RouteLoom: HIL LINK tx peer=3 type=32 cid=3131591193 seq=1028
[2026-09-26T14:12:59.908Z] I (2621631) RouteLoom: HIL LINK rx peer=3 type=32 cid=2065731346 current=0 status=5 seq=528
[2026-09-26T14:12:59.969Z] I (2621691) RouteLoom: HIL LINK rx peer=1 type=32 cid=3139351763 current=0 status=5 seq=500
[2026-09-26T14:13:01.041Z] I (2622763) RouteLoom: HIL LINK rx peer=1 type=40 cid=3139351763 current=0 status=5 seq=265
[2026-09-26T14:13:01.044Z] I (2622767) RouteLoom: HIL PROBE tx peer=1 type=41 status=0 detail=ok
[2026-09-26T14:13:01.791Z] I (2623514) RouteLoom: HIL LINK tx peer=1 type=32 cid=3445906384 seq=1029
[2026-09-26T14:13:01.880Z] I (2623603) RouteLoom: HIL PROBE tx peer=3 type=40 status=0 detail=ok
[2026-09-26T14:13:01.897Z] I (2623620) RouteLoom: HIL LINK rx peer=3 type=41 cid=2065731346 current=0 status=5 seq=277
[2026-09-26T14:13:03.847Z] I (2625568) RouteLoom: HIL LINK rx peer=1 type=16 cid=3139351763 current=0 status=5 seq=82
[2026-09-26T14:13:03.851Z] I (2625574) RouteLoom: HIL LINK tx peer=1 type=17 cid=3445906384 seq=82
[2026-09-26T14:13:03.862Z] I (2625585) RouteLoom: HIL LINK tx peer=3 type=16 cid=3131591193 seq=82
[2026-09-26T14:13:03.882Z] I (2625604) RouteLoom: HIL LINK rx peer=3 type=17 cid=2065731346 current=0 status=5 seq=82
[2026-09-26T14:13:03.894Z] I (2625617) RouteLoom: HIL LINK rx peer=3 type=18 cid=2065731346 current=0 status=5 seq=82
[2026-09-26T14:13:03.900Z] I (2625623) RouteLoom: HIL LINK tx peer=3 type=17 cid=3131591193 seq=82
[2026-09-26T14:13:03.911Z] I (2625634) RouteLoom: HIL LINK tx peer=1 type=18 cid=3445906384 seq=82
[2026-09-26T14:13:03.932Z] I (2625655) RouteLoom: HIL LINK rx peer=1 type=17 cid=3139351763 current=0 status=5 seq=82
[2026-09-26T14:13:04.291Z] I (2626014) RouteLoom: HIL LINK tx peer=3 type=32 cid=3131591193 seq=1030
[2026-09-26T14:13:04.908Z] I (2626630) RouteLoom: HIL LINK rx peer=3 type=32 cid=2065731346 current=0 status=5 seq=529
[2026-09-26T14:13:04.969Z] I (2626691) RouteLoom: HIL LINK rx peer=1 type=32 cid=3139351763 current=0 status=5 seq=501
[2026-09-26T14:13:06.792Z] I (2628515) RouteLoom: HIL LINK tx peer=1 type=32 cid=3445906384 seq=1031
[2026-09-26T14:13:09.294Z] I (2631017) RouteLoom: HIL LINK tx peer=3 type=32 cid=3131591193 seq=1032
[2026-09-26T14:13:09.909Z] I (2631631) RouteLoom: HIL LINK rx peer=3 type=32 cid=2065731346 current=0 status=5 seq=530
[2026-09-26T14:13:09.968Z] I (2631691) RouteLoom: HIL LINK rx peer=1 type=32 cid=3139351763 current=0 status=5 seq=502
[2026-09-26T14:13:11.043Z] I (2632766) RouteLoom: HIL PROBE tx peer=1 type=40 status=0 detail=ok
[2026-09-26T14:13:11.060Z] I (2632783) RouteLoom: HIL LINK rx peer=1 type=41 cid=3139351763 current=0 status=5 seq=266
[2026-09-26T14:13:11.794Z] I (2633517) RouteLoom: HIL LINK tx peer=1 type=32 cid=3445906384 seq=1033
[2026-09-26T14:13:11.896Z] I (2633618) RouteLoom: HIL LINK rx peer=3 type=40 cid=2065731346 current=0 status=5 seq=278
[2026-09-26T14:13:11.899Z] I (2633622) RouteLoom: HIL PROBE tx peer=3 type=41 status=0 detail=ok
[2026-09-26T14:13:14.296Z] I (2636019) RouteLoom: HIL LINK tx peer=3 type=32 cid=3131591193 seq=1034
[2026-09-26T14:13:14.910Z] I (2636632) RouteLoom: HIL LINK rx peer=3 type=32 cid=2065731346 current=0 status=5 seq=531
[2026-09-26T14:13:14.969Z] I (2636692) RouteLoom: HIL LINK rx peer=1 type=32 cid=3139351763 current=0 status=5 seq=503
[2026-09-26T14:13:16.798Z] I (2638521) RouteLoom: HIL LINK tx peer=1 type=32 cid=3445906384 seq=1035
[2026-09-26T14:13:18.727Z] I (2640450) RouteLoom: stack hwm main 11096 B
[2026-09-26T14:13:18.728Z] I (2640450) RouteLoom: HIL HEAP free=21708 largest=18432 min=20932 B
[2026-09-26T14:13:18.738Z] I (2640451) RouteLoom: HIL DISCOVERY candidates=0 neighbors=2 capacity=0 auth=2 stale=0 probes=272 send_failures=19 kind_rejects=0
[2026-09-26T14:13:18.745Z] I (2640461) RouteLoom: HIL ROUTE peer=1 phase=5 via=1 metric=1 generation=307 seq=1
[2026-09-26T14:13:18.752Z] I (2640468) RouteLoom: HIL ROUTE peer=3 phase=5 via=3 metric=1 generation=107 seq=1
[2026-09-26T14:13:19.299Z] I (2641022) RouteLoom: HIL LINK tx peer=3 type=32 cid=3131591193 seq=1036
[2026-09-26T14:13:19.912Z] I (2641634) RouteLoom: HIL LINK rx peer=3 type=32 cid=2065731346 current=0 status=5 seq=532
[2026-09-26T14:13:19.971Z] I (2641693) RouteLoom: HIL LINK rx peer=1 type=32 cid=3139351763 current=0 status=5 seq=504
[2026-09-26T14:13:21.058Z] I (2642781) RouteLoom: HIL LINK rx peer=1 type=40 cid=3139351763 current=0 status=5 seq=267
[2026-09-26T14:13:21.062Z] I (2642785) RouteLoom: HIL PROBE tx peer=1 type=41 status=0 detail=ok
[2026-09-26T14:13:21.799Z] I (2643522) RouteLoom: HIL LINK tx peer=1 type=32 cid=3445906384 seq=1037
[2026-09-26T14:13:21.897Z] I (2643620) RouteLoom: HIL PROBE tx peer=3 type=40 status=0 detail=ok
[2026-09-26T14:13:21.914Z] I (2643637) RouteLoom: HIL LINK rx peer=3 type=41 cid=2065731346 current=0 status=5 seq=279
[2026-09-26T14:13:24.301Z] I (2646024) RouteLoom: HIL LINK tx peer=3 type=32 cid=3131591193 seq=1038
[2026-09-26T14:13:24.912Z] I (2646634) RouteLoom: HIL LINK rx peer=3 type=32 cid=2065731346 current=0 status=5 seq=533
[2026-09-26T14:13:24.976Z] I (2646698) RouteLoom: HIL LINK rx peer=1 type=32 cid=3139351763 current=0 status=5 seq=505
[2026-09-26T14:13:26.802Z] I (2648525) RouteLoom: HIL LINK tx peer=1 type=32 cid=3445906384 seq=1039
[2026-09-26T14:13:29.304Z] I (2651027) RouteLoom: HIL LINK tx peer=3 type=32 cid=3131591193 seq=1040
[2026-09-26T14:13:29.914Z] I (2651637) RouteLoom: HIL LINK rx peer=3 type=32 cid=2065731346 current=0 status=5 seq=534
[2026-09-26T14:13:29.973Z] I (2651695) RouteLoom: HIL LINK rx peer=1 type=32 cid=3139351763 current=0 status=5 seq=506
[2026-09-26T14:13:31.060Z] I (2652783) RouteLoom: HIL PROBE tx peer=1 type=40 status=0 detail=ok
[2026-09-26T14:13:31.078Z] I (2652800) RouteLoom: HIL LINK rx peer=1 type=41 cid=3139351763 current=0 status=5 seq=268
[2026-09-26T14:13:31.805Z] I (2653528) RouteLoom: HIL LINK tx peer=1 type=32 cid=3445906384 seq=1041
[2026-09-26T14:13:31.913Z] I (2653636) RouteLoom: HIL LINK rx peer=3 type=40 cid=2065731346 current=0 status=5 seq=280
[2026-09-26T14:13:31.917Z] I (2653640) RouteLoom: HIL PROBE tx peer=3 type=41 status=0 detail=ok
[2026-09-26T14:13:34.305Z] I (2656028) RouteLoom: HIL LINK tx peer=3 type=32 cid=3131591193 seq=1042
[2026-09-26T14:13:34.916Z] I (2656638) RouteLoom: HIL LINK rx peer=3 type=32 cid=2065731346 current=0 status=5 seq=535
[2026-09-26T14:13:34.977Z] I (2656699) RouteLoom: HIL LINK rx peer=1 type=32 cid=3139351763 current=0 status=5 seq=507
[2026-09-26T14:13:36.806Z] I (2658529) RouteLoom: HIL LINK tx peer=1 type=32 cid=3445906384 seq=1043
[2026-09-26T14:13:39.308Z] I (2661031) RouteLoom: HIL LINK tx peer=3 type=32 cid=3131591193 seq=1044
[2026-09-26T14:13:39.917Z] I (2661640) RouteLoom: HIL LINK rx peer=3 type=32 cid=2065731346 current=0 status=5 seq=536
[2026-09-26T14:13:39.976Z] I (2661698) RouteLoom: HIL LINK rx peer=1 type=32 cid=3139351763 current=0 status=5 seq=508
[2026-09-26T14:13:40.847Z] I (2662569) RouteLoom: HIL LINK rx peer=1 type=16 cid=3139351763 current=0 status=5 seq=83
[2026-09-26T14:13:40.850Z] I (2662573) RouteLoomRef: message origin=1 session=307 sequence=83 bytes=9
[2026-09-26T14:13:40.857Z] I (2662576) RouteLoom: HIL LINK tx peer=1 type=17 cid=3445906384 seq=83
[2026-09-26T14:13:40.865Z] I (2662588) RouteLoom: HIL LINK tx peer=1 type=18 cid=3445906384 seq=83
[2026-09-26T14:13:40.886Z] I (2662608) RouteLoom: HIL LINK rx peer=1 type=17 cid=3139351763 current=0 status=5 seq=83
[2026-09-26T14:13:41.076Z] I (2662799) RouteLoom: HIL LINK rx peer=1 type=40 cid=3139351763 current=0 status=5 seq=269
[2026-09-26T14:13:41.080Z] I (2662803) RouteLoom: HIL PROBE tx peer=1 type=41 status=0 detail=ok
[2026-09-26T14:13:41.808Z] I (2663531) RouteLoom: HIL LINK tx peer=1 type=32 cid=3445906384 seq=1045
[2026-09-26T14:13:41.918Z] I (2663640) RouteLoom: HIL PROBE tx peer=3 type=40 status=0 detail=ok
[2026-09-26T14:13:41.935Z] I (2663657) RouteLoom: HIL LINK rx peer=3 type=41 cid=2065731346 current=0 status=5 seq=281
[2026-09-26T14:13:44.310Z] I (2666033) RouteLoom: HIL LINK tx peer=3 type=32 cid=3131591193 seq=1046
[2026-09-26T14:13:44.918Z] I (2666640) RouteLoom: HIL LINK rx peer=3 type=32 cid=2065731346 current=0 status=5 seq=537
[2026-09-26T14:13:44.977Z] I (2666699) RouteLoom: HIL LINK rx peer=1 type=32 cid=3139351763 current=0 status=5 seq=509
[2026-09-26T14:13:46.812Z] I (2668535) RouteLoom: HIL LINK tx peer=1 type=32 cid=3445906384 seq=1047
[2026-09-26T14:13:49.314Z] I (2671037) RouteLoom: HIL LINK tx peer=3 type=32 cid=3131591193 seq=1048
[2026-09-26T14:13:49.919Z] I (2671641) RouteLoom: HIL LINK rx peer=3 type=32 cid=2065731346 current=0 status=5 seq=538
[2026-09-26T14:13:49.980Z] I (2671702) RouteLoom: HIL LINK rx peer=1 type=32 cid=3139351763 current=0 status=5 seq=510
[2026-09-26T14:13:51.080Z] I (2672802) RouteLoom: HIL PROBE tx peer=1 type=40 status=0 detail=ok
[2026-09-26T14:13:51.099Z] I (2672820) RouteLoom: HIL LINK rx peer=1 type=41 cid=3139351763 current=0 status=5 seq=270
[2026-09-26T14:13:51.814Z] I (2673537) RouteLoom: HIL LINK tx peer=1 type=32 cid=3445906384 seq=1049
[2026-09-26T14:13:51.933Z] I (2673655) RouteLoom: HIL LINK rx peer=3 type=40 cid=2065731346 current=0 status=5 seq=282
[2026-09-26T14:13:51.937Z] I (2673659) RouteLoom: HIL PROBE tx peer=3 type=41 status=0 detail=ok
[2026-09-26T14:13:54.315Z] I (2676038) RouteLoom: HIL LINK tx peer=3 type=32 cid=3131591193 seq=1050
[2026-09-26T14:13:54.921Z] I (2676643) RouteLoom: HIL LINK rx peer=3 type=32 cid=2065731346 current=0 status=5 seq=539
[2026-09-26T14:13:54.979Z] I (2676701) RouteLoom: HIL LINK rx peer=1 type=32 cid=3139351763 current=0 status=5 seq=511
[2026-09-26T14:13:56.817Z] I (2678540) RouteLoom: HIL LINK tx peer=1 type=32 cid=3445906384 seq=1051
[2026-09-26T14:13:59.319Z] I (2681042) RouteLoom: HIL LINK tx peer=3 type=32 cid=3131591193 seq=1052
[2026-09-26T14:13:59.922Z] I (2681644) RouteLoom: HIL LINK rx peer=3 type=32 cid=2065731346 current=0 status=5 seq=540
[2026-09-26T14:13:59.981Z] I (2681702) RouteLoom: HIL LINK rx peer=1 type=32 cid=3139351763 current=0 status=5 seq=512
[2026-09-26T14:14:01.097Z] I (2682819) RouteLoom: HIL LINK rx peer=1 type=40 cid=3139351763 current=0 status=5 seq=271
[2026-09-26T14:14:01.101Z] I (2682823) RouteLoom: HIL PROBE tx peer=1 type=41 status=0 detail=ok
[2026-09-26T14:14:01.821Z] I (2683543) RouteLoom: HIL LINK tx peer=1 type=32 cid=3445906384 seq=1053
[2026-09-26T14:14:01.937Z] I (2683659) RouteLoom: HIL PROBE tx peer=3 type=40 status=0 detail=ok
[2026-09-26T14:14:01.955Z] I (2683677) RouteLoom: HIL LINK rx peer=3 type=41 cid=2065731346 current=0 status=5 seq=283
[2026-09-26T14:14:04.322Z] I (2686044) RouteLoom: HIL LINK tx peer=3 type=32 cid=3131591193 seq=1054
[2026-09-26T14:14:04.923Z] I (2686645) RouteLoom: HIL LINK rx peer=3 type=32 cid=2065731346 current=0 status=5 seq=541
[2026-09-26T14:14:04.979Z] I (2686701) RouteLoom: HIL LINK rx peer=1 type=32 cid=3139351763 current=0 status=5 seq=513
[2026-09-26T14:14:06.824Z] I (2688546) RouteLoom: HIL LINK tx peer=1 type=32 cid=3445906384 seq=1055
[2026-09-26T14:14:09.326Z] I (2691048) RouteLoom: HIL LINK tx peer=3 type=32 cid=3131591193 seq=1056
[2026-09-26T14:14:09.925Z] I (2691646) RouteLoom: HIL LINK rx peer=3 type=32 cid=2065731346 current=0 status=5 seq=542
[2026-09-26T14:14:09.980Z] I (2691702) RouteLoom: HIL LINK rx peer=1 type=32 cid=3139351763 current=0 status=5 seq=514
[2026-09-26T14:14:11.101Z] I (2692823) RouteLoom: HIL PROBE tx peer=1 type=40 status=0 detail=ok
[2026-09-26T14:14:11.118Z] I (2692840) RouteLoom: HIL LINK rx peer=1 type=41 cid=3139351763 current=0 status=5 seq=272
[2026-09-26T14:14:11.828Z] I (2693550) RouteLoom: HIL LINK tx peer=1 type=32 cid=3445906384 seq=1057
[2026-09-26T14:14:11.953Z] I (2693675) RouteLoom: HIL LINK rx peer=3 type=40 cid=2065731346 current=0 status=5 seq=284
[2026-09-26T14:14:11.957Z] I (2693679) RouteLoom: HIL PROBE tx peer=3 type=41 status=0 detail=ok
[2026-09-26T14:14:14.329Z] I (2696051) RouteLoom: HIL LINK tx peer=3 type=32 cid=3131591193 seq=1058
[2026-09-26T14:14:14.926Z] I (2696647) RouteLoom: HIL LINK rx peer=3 type=32 cid=2065731346 current=0 status=5 seq=543
[2026-09-26T14:14:14.984Z] I (2696706) RouteLoom: HIL LINK rx peer=1 type=32 cid=3139351763 current=0 status=5 seq=515
[2026-09-26T14:14:16.831Z] I (2698553) RouteLoom: HIL LINK tx peer=1 type=32 cid=3445906384 seq=1059
[2026-09-26T14:14:17.848Z] I (2699570) RouteLoom: HIL LINK rx peer=1 type=16 cid=3139351763 current=0 status=5 seq=84
[2026-09-26T14:14:17.854Z] I (2699575) RouteLoom: HIL LINK tx peer=1 type=17 cid=3445906384 seq=84
[2026-09-26T14:14:17.865Z] I (2699587) RouteLoom: HIL LINK tx peer=3 type=16 cid=3131591193 seq=84
[2026-09-26T14:14:17.885Z] I (2699607) RouteLoom: HIL LINK rx peer=3 type=17 cid=2065731346 current=0 status=5 seq=84
[2026-09-26T14:14:17.898Z] I (2699619) RouteLoom: HIL LINK rx peer=3 type=18 cid=2065731346 current=0 status=5 seq=84
[2026-09-26T14:14:17.903Z] I (2699625) RouteLoom: HIL LINK tx peer=3 type=17 cid=3131591193 seq=84
[2026-09-26T14:14:17.914Z] I (2699636) RouteLoom: HIL LINK tx peer=1 type=18 cid=3445906384 seq=84
[2026-09-26T14:14:17.935Z] I (2699657) RouteLoom: HIL LINK rx peer=1 type=17 cid=3139351763 current=0 status=5 seq=84
[2026-09-26T14:14:18.731Z] I (2700451) RouteLoom: stack hwm main 11096 B
[2026-09-26T14:14:18.731Z] I (2700451) RouteLoom: HIL HEAP free=21708 largest=18432 min=20932 B
[2026-09-26T14:14:18.740Z] I (2700452) RouteLoom: HIL DISCOVERY candidates=0 neighbors=2 capacity=0 auth=2 stale=0 probes=278 send_failures=19 kind_rejects=0
[2026-09-26T14:14:18.747Z] I (2700462) RouteLoom: HIL ROUTE peer=1 phase=5 via=1 metric=1 generation=307 seq=1
[2026-09-26T14:14:18.767Z] I (2700469) RouteLoom: HIL ROUTE peer=3 phase=5 via=3 metric=1 generation=107 seq=1
[2026-09-26T14:14:19.331Z] I (2701053) RouteLoom: HIL LINK tx peer=3 type=32 cid=3131591193 seq=1060
[2026-09-26T14:14:19.927Z] I (2701648) RouteLoom: HIL LINK rx peer=3 type=32 cid=2065731346 current=0 status=5 seq=544
[2026-09-26T14:14:19.983Z] I (2701703) RouteLoom: HIL LINK rx peer=1 type=32 cid=3139351763 current=0 status=5 seq=516
[2026-09-26T14:14:21.118Z] I (2702839) RouteLoom: HIL LINK rx peer=1 type=40 cid=3139351763 current=0 status=5 seq=273
[2026-09-26T14:14:21.124Z] I (2702843) RouteLoom: HIL PROBE tx peer=1 type=41 status=0 detail=ok
[2026-09-26T14:14:21.831Z] I (2703553) RouteLoom: HIL LINK tx peer=1 type=32 cid=3445906384 seq=1061
[2026-09-26T14:14:21.956Z] I (2703678) RouteLoom: HIL PROBE tx peer=3 type=40 status=0 detail=ok
[2026-09-26T14:14:21.974Z] I (2703695) RouteLoom: HIL LINK rx peer=3 type=41 cid=2065731346 current=0 status=5 seq=285
[2026-09-26T14:14:24.333Z] I (2706055) RouteLoom: HIL LINK tx peer=3 type=32 cid=3131591193 seq=1062
[2026-09-26T14:14:24.927Z] I (2706648) RouteLoom: HIL LINK rx peer=3 type=32 cid=2065731346 current=0 status=5 seq=545
[2026-09-26T14:14:24.985Z] I (2706706) RouteLoom: HIL LINK rx peer=1 type=32 cid=3139351763 current=0 status=5 seq=517
[2026-09-26T14:14:26.835Z] I (2708557) RouteLoom: HIL LINK tx peer=1 type=32 cid=3445906384 seq=1063
[2026-09-26T14:14:29.337Z] I (2711059) RouteLoom: HIL LINK tx peer=3 type=32 cid=3131591193 seq=1064
[2026-09-26T14:14:29.928Z] I (2711649) RouteLoom: HIL LINK rx peer=3 type=32 cid=2065731346 current=0 status=5 seq=546
[2026-09-26T14:14:29.986Z] I (2711707) RouteLoom: HIL LINK rx peer=1 type=32 cid=3139351763 current=0 status=5 seq=518
[2026-09-26T14:14:31.121Z] I (2712843) RouteLoom: HIL PROBE tx peer=1 type=40 status=0 detail=ok
[2026-09-26T14:14:31.140Z] I (2712861) RouteLoom: HIL LINK rx peer=1 type=41 cid=3139351763 current=0 status=5 seq=274
[2026-09-26T14:14:31.838Z] I (2713560) RouteLoom: HIL LINK tx peer=1 type=32 cid=3445906384 seq=1065
[2026-09-26T14:14:31.972Z] I (2713693) RouteLoom: HIL LINK rx peer=3 type=40 cid=2065731346 current=0 status=5 seq=286
[2026-09-26T14:14:31.976Z] I (2713697) RouteLoom: HIL PROBE tx peer=3 type=41 status=0 detail=ok
[2026-09-26T14:14:34.339Z] I (2716061) RouteLoom: HIL LINK tx peer=3 type=32 cid=3131591193 seq=1066
[2026-09-26T14:14:34.928Z] I (2716649) RouteLoom: HIL LINK rx peer=3 type=32 cid=2065731346 current=0 status=5 seq=547
[2026-09-26T14:14:34.989Z] I (2716710) RouteLoom: HIL LINK rx peer=1 type=32 cid=3139351763 current=0 status=5 seq=519
[2026-09-26T14:14:36.839Z] I (2718561) RouteLoom: HIL LINK tx peer=1 type=32 cid=3445906384 seq=1067
[2026-09-26T14:14:39.341Z] I (2721063) RouteLoom: HIL LINK tx peer=3 type=32 cid=3131591193 seq=1068
[2026-09-26T14:14:39.929Z] I (2721650) RouteLoom: HIL LINK rx peer=3 type=32 cid=2065731346 current=0 status=5 seq=548
[2026-09-26T14:14:39.990Z] I (2721711) RouteLoom: HIL LINK rx peer=1 type=32 cid=3139351763 current=0 status=5 seq=520
[2026-09-26T14:14:41.137Z] I (2722859) RouteLoom: HIL LINK rx peer=1 type=40 cid=3139351763 current=0 status=5 seq=275
[2026-09-26T14:14:41.141Z] I (2722863) RouteLoom: HIL PROBE tx peer=1 type=41 status=0 detail=ok
[2026-09-26T14:14:41.842Z] I (2723564) RouteLoom: HIL LINK tx peer=1 type=32 cid=3445906384 seq=1069
[2026-09-26T14:14:41.973Z] I (2723695) RouteLoom: HIL PROBE tx peer=3 type=40 status=0 detail=ok
[2026-09-26T14:14:41.991Z] I (2723712) RouteLoom: HIL LINK rx peer=3 type=41 cid=2065731346 current=0 status=5 seq=287
[2026-09-26T14:14:44.342Z] I (2726064) RouteLoom: HIL LINK tx peer=3 type=32 cid=3131591193 seq=1070
[2026-09-26T14:14:44.929Z] I (2726650) RouteLoom: HIL LINK rx peer=3 type=32 cid=2065731346 current=0 status=5 seq=549
[2026-09-26T14:14:44.993Z] I (2726714) RouteLoom: HIL LINK rx peer=1 type=32 cid=3139351763 current=0 status=5 seq=521
[2026-09-26T14:14:46.843Z] I (2728565) RouteLoom: HIL LINK tx peer=1 type=32 cid=3445906384 seq=1071
[2026-09-26T14:14:49.345Z] I (2731067) RouteLoom: HIL LINK tx peer=3 type=32 cid=3131591193 seq=1072
[2026-09-26T14:14:49.930Z] I (2731651) RouteLoom: HIL LINK rx peer=3 type=32 cid=2065731346 current=0 status=5 seq=550
[2026-09-26T14:14:49.994Z] I (2731715) RouteLoom: HIL LINK rx peer=1 type=32 cid=3139351763 current=0 status=5 seq=522
[2026-09-26T14:14:51.139Z] I (2732860) RouteLoom: HIL PROBE tx peer=1 type=40 status=0 detail=ok
[2026-09-26T14:14:51.156Z] I (2732877) RouteLoom: HIL LINK rx peer=1 type=41 cid=3139351763 current=0 status=5 seq=276
[2026-09-26T14:14:51.847Z] I (2733569) RouteLoom: HIL LINK tx peer=1 type=32 cid=3445906384 seq=1073
[2026-09-26T14:14:51.988Z] I (2733709) RouteLoom: HIL LINK rx peer=3 type=40 cid=2065731346 current=0 status=5 seq=288
[2026-09-26T14:14:51.992Z] I (2733713) RouteLoom: HIL PROBE tx peer=3 type=41 status=0 detail=ok
[2026-09-26T14:14:54.349Z] I (2736071) RouteLoom: HIL LINK tx peer=3 type=32 cid=3131591193 seq=1074
[2026-09-26T14:14:54.848Z] I (2736569) RouteLoom: HIL LINK rx peer=1 type=16 cid=3139351763 current=0 status=5 seq=85
[2026-09-26T14:14:54.851Z] I (2736572) RouteLoomRef: message origin=1 session=307 sequence=85 bytes=9
[2026-09-26T14:14:54.857Z] I (2736576) RouteLoom: HIL LINK tx peer=1 type=17 cid=3445906384 seq=85
[2026-09-26T14:14:54.866Z] I (2736587) RouteLoom: HIL LINK tx peer=1 type=18 cid=3445906384 seq=85
[2026-09-26T14:14:54.888Z] I (2736609) RouteLoom: HIL LINK rx peer=1 type=17 cid=3139351763 current=0 status=5 seq=85
[2026-09-26T14:14:54.931Z] I (2736652) RouteLoom: HIL LINK rx peer=3 type=32 cid=2065731346 current=0 status=5 seq=551
[2026-09-26T14:14:54.996Z] I (2736717) RouteLoom: HIL LINK rx peer=1 type=32 cid=3139351763 current=0 status=5 seq=523
[2026-09-26T14:14:56.849Z] I (2738571) RouteLoom: HIL LINK tx peer=1 type=32 cid=3445906384 seq=1075
[2026-09-26T14:14:59.352Z] I (2741073) RouteLoom: HIL LINK tx peer=3 type=32 cid=3131591193 seq=1076
[2026-09-26T14:14:59.933Z] I (2741654) RouteLoom: HIL LINK rx peer=3 type=32 cid=2065731346 current=0 status=5 seq=552
[2026-09-26T14:14:59.996Z] I (2741718) RouteLoom: HIL LINK rx peer=1 type=32 cid=3139351763 current=0 status=5 seq=524
[2026-09-26T14:15:01.156Z] I (2742877) RouteLoom: HIL LINK rx peer=1 type=40 cid=3139351763 current=0 status=5 seq=277
[2026-09-26T14:15:01.160Z] I (2742881) RouteLoom: HIL PROBE tx peer=1 type=41 status=0 detail=ok
[2026-09-26T14:15:01.852Z] I (2743573) RouteLoom: HIL LINK tx peer=1 type=32 cid=3445906384 seq=1077
[2026-09-26T14:15:01.992Z] I (2743713) RouteLoom: HIL PROBE tx peer=3 type=40 status=0 detail=ok
[2026-09-26T14:15:02.009Z] I (2743730) RouteLoom: HIL LINK rx peer=3 type=41 cid=2065731346 current=0 status=5 seq=289
[2026-09-26T14:15:04.354Z] I (2746075) RouteLoom: HIL LINK tx peer=3 type=32 cid=3131591193 seq=1078
[2026-09-26T14:15:04.935Z] I (2746656) RouteLoom: HIL LINK rx peer=3 type=32 cid=2065731346 current=0 status=5 seq=553
[2026-09-26T14:15:04.996Z] I (2746717) RouteLoom: HIL LINK rx peer=1 type=32 cid=3139351763 current=0 status=5 seq=525
[2026-09-26T14:15:06.856Z] I (2748577) RouteLoom: HIL LINK tx peer=1 type=32 cid=3445906384 seq=1079
[2026-09-26T14:15:09.357Z] I (2751078) RouteLoom: HIL LINK tx peer=3 type=32 cid=3131591193 seq=1080
[2026-09-26T14:15:09.937Z] I (2751658) RouteLoom: HIL LINK rx peer=3 type=32 cid=2065731346 current=0 status=5 seq=554
[2026-09-26T14:15:09.998Z] I (2751719) RouteLoom: HIL LINK rx peer=1 type=32 cid=3139351763 current=0 status=5 seq=526
[2026-09-26T14:15:11.158Z] I (2752879) RouteLoom: HIL PROBE tx peer=1 type=40 status=0 detail=ok
[2026-09-26T14:15:11.176Z] I (2752897) RouteLoom: HIL LINK rx peer=1 type=41 cid=3139351763 current=0 status=5 seq=278
[2026-09-26T14:15:11.857Z] I (2753578) RouteLoom: HIL LINK tx peer=1 type=32 cid=3445906384 seq=1081
[2026-09-26T14:15:12.009Z] I (2753729) RouteLoom: HIL LINK rx peer=3 type=40 cid=2065731346 current=0 status=5 seq=290
[2026-09-26T14:15:12.012Z] I (2753733) RouteLoom: HIL PROBE tx peer=3 type=41 status=0 detail=ok
[2026-09-26T14:15:14.359Z] I (2756080) RouteLoom: HIL LINK tx peer=3 type=32 cid=3131591193 seq=1082
[2026-09-26T14:15:14.939Z] I (2756660) RouteLoom: HIL LINK rx peer=3 type=32 cid=2065731346 current=0 status=5 seq=555
[2026-09-26T14:15:14.998Z] I (2756718) RouteLoom: HIL LINK rx peer=1 type=32 cid=3139351763 current=0 status=5 seq=527
[2026-09-26T14:15:16.860Z] I (2758581) RouteLoom: HIL LINK tx peer=1 type=32 cid=3445906384 seq=1083
[2026-09-26T14:15:18.732Z] I (2760453) RouteLoom: stack hwm main 11096 B
[2026-09-26T14:15:18.733Z] I (2760453) RouteLoom: HIL HEAP free=21708 largest=18432 min=20932 B
[2026-09-26T14:15:18.743Z] I (2760454) RouteLoom: HIL DISCOVERY candidates=0 neighbors=2 capacity=0 auth=2 stale=0 probes=284 send_failures=19 kind_rejects=0
[2026-09-26T14:15:18.750Z] I (2760464) RouteLoom: HIL ROUTE peer=1 phase=5 via=1 metric=1 generation=307 seq=1
[2026-09-26T14:15:18.758Z] I (2760471) RouteLoom: HIL ROUTE peer=3 phase=5 via=3 metric=1 generation=107 seq=1
[2026-09-26T14:15:19.361Z] I (2761082) RouteLoom: HIL LINK tx peer=3 type=32 cid=3131591193 seq=1084
[2026-09-26T14:15:19.939Z] I (2761660) RouteLoom: HIL LINK rx peer=3 type=32 cid=2065731346 current=0 status=5 seq=556
[2026-09-26T14:15:20.000Z] I (2761720) RouteLoom: HIL LINK rx peer=1 type=32 cid=3139351763 current=0 status=5 seq=528
[2026-09-26T14:15:21.177Z] I (2762897) RouteLoom: HIL LINK rx peer=1 type=40 cid=3139351763 current=0 status=5 seq=279
[2026-09-26T14:15:21.180Z] I (2762901) RouteLoom: HIL PROBE tx peer=1 type=41 status=0 detail=ok
[2026-09-26T14:15:21.861Z] I (2763582) RouteLoom: HIL LINK tx peer=1 type=32 cid=3445906384 seq=1085
[2026-09-26T14:15:22.010Z] I (2763731) RouteLoom: HIL PROBE tx peer=3 type=40 status=0 detail=ok
[2026-09-26T14:15:22.029Z] I (2763749) RouteLoom: HIL LINK rx peer=3 type=41 cid=2065731346 current=0 status=5 seq=291
[2026-09-26T14:15:24.362Z] I (2766083) RouteLoom: HIL LINK tx peer=3 type=32 cid=3131591193 seq=1086
[2026-09-26T14:15:24.942Z] I (2766660) RouteLoom: HIL LINK rx peer=3 type=32 cid=2065731346 current=0 status=5 seq=557
[2026-09-26T14:15:25.001Z] I (2766721) RouteLoom: HIL LINK rx peer=1 type=32 cid=3139351763 current=0 status=5 seq=529
[2026-09-26T14:15:26.863Z] I (2768584) RouteLoom: HIL LINK tx peer=1 type=32 cid=3445906384 seq=1087
[2026-09-26T14:15:29.365Z] I (2771086) RouteLoom: HIL LINK tx peer=3 type=32 cid=3131591193 seq=1088
[2026-09-26T14:15:29.943Z] I (2771663) RouteLoom: HIL LINK rx peer=3 type=32 cid=2065731346 current=0 status=5 seq=558
[2026-09-26T14:15:30.002Z] I (2771722) RouteLoom: HIL LINK rx peer=1 type=32 cid=3139351763 current=0 status=5 seq=530
[2026-09-26T14:15:31.179Z] I (2772900) RouteLoom: HIL PROBE tx peer=1 type=40 status=0 detail=ok
[2026-09-26T14:15:31.198Z] I (2772918) RouteLoom: HIL LINK rx peer=1 type=41 cid=3139351763 current=0 status=5 seq=280
[2026-09-26T14:15:31.848Z] I (2773569) RouteLoom: HIL LINK rx peer=1 type=16 cid=3139351763 current=0 status=5 seq=86
[2026-09-26T14:15:31.854Z] I (2773574) RouteLoom: HIL LINK tx peer=1 type=17 cid=3445906384 seq=86
[2026-09-26T14:15:31.865Z] I (2773586) RouteLoom: HIL LINK tx peer=3 type=16 cid=3131591193 seq=86
[2026-09-26T14:15:31.876Z] I (2773597) RouteLoom: HIL LINK tx peer=1 type=32 cid=3445906384 seq=1089
[2026-09-26T14:15:31.891Z] I (2773611) RouteLoom: HIL LINK rx peer=3 type=17 cid=2065731346 current=0 status=5 seq=86
[2026-09-26T14:15:31.904Z] I (2773624) RouteLoom: HIL LINK rx peer=3 type=18 cid=2065731346 current=0 status=5 seq=86
[2026-09-26T14:15:31.909Z] I (2773630) RouteLoom: HIL LINK tx peer=3 type=17 cid=3131591193 seq=86
[2026-09-26T14:15:31.920Z] I (2773641) RouteLoom: HIL LINK tx peer=1 type=18 cid=3445906384 seq=86
[2026-09-26T14:15:31.941Z] I (2773661) RouteLoom: HIL LINK rx peer=1 type=17 cid=3139351763 current=0 status=5 seq=86
[2026-09-26T14:15:32.026Z] I (2773746) RouteLoom: HIL LINK rx peer=3 type=40 cid=2065731346 current=0 status=5 seq=292
[2026-09-26T14:15:32.030Z] I (2773750) RouteLoom: HIL PROBE tx peer=3 type=41 status=0 detail=ok
[2026-09-26T14:15:34.372Z] I (2776093) RouteLoom: HIL LINK tx peer=3 type=32 cid=3131591193 seq=1090
[2026-09-26T14:15:34.941Z] I (2776662) RouteLoom: HIL LINK rx peer=3 type=32 cid=2065731346 current=0 status=5 seq=559
[2026-09-26T14:15:35.005Z] I (2776725) RouteLoom: HIL LINK rx peer=1 type=32 cid=3139351763 current=0 status=5 seq=531
[2026-09-26T14:15:36.873Z] I (2778594) RouteLoom: HIL LINK tx peer=1 type=32 cid=3445906384 seq=1091
[2026-09-26T14:15:39.375Z] I (2781096) RouteLoom: HIL LINK tx peer=3 type=32 cid=3131591193 seq=1092
[2026-09-26T14:15:39.944Z] I (2781664) RouteLoom: HIL LINK rx peer=3 type=32 cid=2065731346 current=0 status=5 seq=560
[2026-09-26T14:15:40.005Z] I (2781726) RouteLoom: HIL LINK rx peer=1 type=32 cid=3139351763 current=0 status=5 seq=532
[2026-09-26T14:15:41.197Z] I (2782918) RouteLoom: HIL LINK rx peer=1 type=40 cid=3139351763 current=0 status=5 seq=281
[2026-09-26T14:15:41.201Z] I (2782922) RouteLoom: HIL PROBE tx peer=1 type=41 status=0 detail=ok
[2026-09-26T14:15:41.875Z] I (2783596) RouteLoom: HIL LINK tx peer=1 type=32 cid=3445906384 seq=1093
[2026-09-26T14:15:42.028Z] I (2783748) RouteLoom: HIL PROBE tx peer=3 type=40 status=0 detail=ok
[2026-09-26T14:15:42.046Z] I (2783766) RouteLoom: HIL LINK rx peer=3 type=41 cid=2065731346 current=0 status=5 seq=293
[2026-09-26T14:15:44.376Z] I (2786097) RouteLoom: HIL LINK tx peer=3 type=32 cid=3131591193 seq=1094
[2026-09-26T14:15:44.945Z] I (2786665) RouteLoom: HIL LINK rx peer=3 type=32 cid=2065731346 current=0 status=5 seq=561
[2026-09-26T14:15:45.006Z] I (2786726) RouteLoom: HIL LINK rx peer=1 type=32 cid=3139351763 current=0 status=5 seq=533
[2026-09-26T14:15:46.877Z] I (2788598) RouteLoom: HIL LINK tx peer=1 type=32 cid=3445906384 seq=1095
[2026-09-26T14:15:49.379Z] I (2791100) RouteLoom: HIL LINK tx peer=3 type=32 cid=3131591193 seq=1096
[2026-09-26T14:15:49.946Z] I (2791666) RouteLoom: HIL LINK rx peer=3 type=32 cid=2065731346 current=0 status=5 seq=562
[2026-09-26T14:15:50.007Z] I (2791727) RouteLoom: HIL LINK rx peer=1 type=32 cid=3139351763 current=0 status=5 seq=534
[2026-09-26T14:15:51.199Z] I (2792920) RouteLoom: HIL PROBE tx peer=1 type=40 status=0 detail=ok
[2026-09-26T14:15:51.217Z] I (2792937) RouteLoom: HIL LINK rx peer=1 type=41 cid=3139351763 current=0 status=5 seq=282
[2026-09-26T14:15:51.881Z] I (2793602) RouteLoom: HIL LINK tx peer=1 type=32 cid=3445906384 seq=1097
[2026-09-26T14:15:52.044Z] I (2793764) RouteLoom: HIL LINK rx peer=3 type=40 cid=2065731346 current=0 status=5 seq=294
[2026-09-26T14:15:52.048Z] I (2793768) RouteLoom: HIL PROBE tx peer=3 type=41 status=0 detail=ok
[2026-09-26T14:15:54.381Z] I (2796102) RouteLoom: HIL LINK tx peer=3 type=32 cid=3131591193 seq=1098
[2026-09-26T14:15:54.948Z] I (2796668) RouteLoom: HIL LINK rx peer=3 type=32 cid=2065731346 current=0 status=5 seq=563
[2026-09-26T14:15:55.008Z] I (2796728) RouteLoom: HIL LINK rx peer=1 type=32 cid=3139351763 current=0 status=5 seq=535
[2026-09-26T14:15:56.882Z] I (2798603) RouteLoom: HIL LINK tx peer=1 type=32 cid=3445906384 seq=1099
[2026-09-26T14:15:59.384Z] I (2801105) RouteLoom: HIL LINK tx peer=3 type=32 cid=3131591193 seq=1100
[2026-09-26T14:15:59.950Z] I (2801670) RouteLoom: HIL LINK rx peer=3 type=32 cid=2065731346 current=0 status=5 seq=564
[2026-09-26T14:16:00.009Z] I (2801729) RouteLoom: HIL LINK rx peer=1 type=32 cid=3139351763 current=0 status=5 seq=536
[2026-09-26T14:16:01.217Z] I (2802937) RouteLoom: HIL LINK rx peer=1 type=40 cid=3139351763 current=0 status=5 seq=283
[2026-09-26T14:16:01.221Z] I (2802941) RouteLoom: HIL PROBE tx peer=1 type=41 status=0 detail=ok
[2026-09-26T14:16:01.886Z] I (2803607) RouteLoom: HIL LINK tx peer=1 type=32 cid=3445906384 seq=1101
[2026-09-26T14:16:02.047Z] I (2803768) RouteLoom: HIL PROBE tx peer=3 type=40 status=0 detail=ok
[2026-09-26T14:16:02.067Z] I (2803786) RouteLoom: HIL LINK rx peer=3 type=41 cid=2065731346 current=0 status=5 seq=295
[2026-09-26T14:16:04.387Z] I (2806108) RouteLoom: HIL LINK tx peer=3 type=32 cid=3131591193 seq=1102
[2026-09-26T14:16:04.950Z] I (2806670) RouteLoom: HIL LINK rx peer=3 type=32 cid=2065731346 current=0 status=5 seq=565
[2026-09-26T14:16:05.009Z] I (2806729) RouteLoom: HIL LINK rx peer=1 type=32 cid=3139351763 current=0 status=5 seq=537
[2026-09-26T14:16:06.890Z] I (2808610) RouteLoom: HIL LINK tx peer=1 type=32 cid=3445906384 seq=1103
[2026-09-26T14:16:08.849Z] I (2810569) RouteLoom: HIL LINK rx peer=1 type=16 cid=3139351763 current=0 status=5 seq=87
[2026-09-26T14:16:08.852Z] I (2810572) RouteLoomRef: message origin=1 session=307 sequence=87 bytes=9
[2026-09-26T14:16:08.858Z] I (2810576) RouteLoom: HIL LINK tx peer=1 type=17 cid=3445906384 seq=87
[2026-09-26T14:16:08.869Z] I (2810588) RouteLoom: HIL LINK tx peer=1 type=18 cid=3445906384 seq=87
[2026-09-26T14:16:08.889Z] I (2810609) RouteLoom: HIL LINK rx peer=1 type=17 cid=3139351763 current=0 status=5 seq=87
[2026-09-26T14:16:09.392Z] I (2811112) RouteLoom: HIL LINK tx peer=3 type=32 cid=3131591193 seq=1104
[2026-09-26T14:16:09.952Z] I (2811672) RouteLoom: HIL LINK rx peer=3 type=32 cid=2065731346 current=0 status=5 seq=566
[2026-09-26T14:16:10.013Z] I (2811732) RouteLoom: HIL LINK rx peer=1 type=32 cid=3139351763 current=0 status=5 seq=538
[2026-09-26T14:16:11.220Z] I (2812940) RouteLoom: HIL PROBE tx peer=1 type=40 status=0 detail=ok
[2026-09-26T14:16:11.238Z] I (2812958) RouteLoom: HIL LINK rx peer=1 type=41 cid=3139351763 current=0 status=5 seq=284
[2026-09-26T14:16:11.892Z] I (2813612) RouteLoom: HIL LINK tx peer=1 type=32 cid=3445906384 seq=1105
[2026-09-26T14:16:12.065Z] I (2813784) RouteLoom: HIL LINK rx peer=3 type=40 cid=2065731346 current=0 status=5 seq=296
[2026-09-26T14:16:12.069Z] I (2813788) RouteLoom: HIL PROBE tx peer=3 type=41 status=0 detail=ok
[2026-09-26T14:16:14.393Z] I (2816113) RouteLoom: HIL LINK tx peer=3 type=32 cid=3131591193 seq=1106
[2026-09-26T14:16:14.953Z] I (2816673) RouteLoom: HIL LINK rx peer=3 type=32 cid=2065731346 current=0 status=5 seq=567
[2026-09-26T14:16:15.012Z] I (2816731) RouteLoom: HIL LINK rx peer=1 type=32 cid=3139351763 current=0 status=5 seq=539
[2026-09-26T14:16:16.895Z] I (2818615) RouteLoom: HIL LINK tx peer=1 type=32 cid=3445906384 seq=1107
[2026-09-26T14:16:18.734Z] I (2820454) RouteLoom: stack hwm main 11096 B
[2026-09-26T14:16:18.734Z] I (2820454) RouteLoom: HIL HEAP free=21708 largest=18432 min=20932 B
[2026-09-26T14:16:18.744Z] I (2820455) RouteLoom: HIL DISCOVERY candidates=0 neighbors=2 capacity=0 auth=2 stale=0 probes=290 send_failures=19 kind_rejects=0
[2026-09-26T14:16:18.753Z] I (2820465) RouteLoom: HIL ROUTE peer=1 phase=5 via=1 metric=1 generation=307 seq=1
[2026-09-26T14:16:18.759Z] I (2820472) RouteLoom: HIL ROUTE peer=3 phase=5 via=3 metric=1 generation=107 seq=1
[2026-09-26T14:16:19.396Z] I (2821116) RouteLoom: HIL LINK tx peer=3 type=32 cid=3131591193 seq=1108
[2026-09-26T14:16:19.956Z] I (2821675) RouteLoom: HIL LINK rx peer=3 type=32 cid=2065731346 current=0 status=5 seq=568
[2026-09-26T14:16:20.014Z] I (2821733) RouteLoom: HIL LINK rx peer=1 type=32 cid=3139351763 current=0 status=5 seq=540
[2026-09-26T14:16:21.239Z] I (2822958) RouteLoom: HIL LINK rx peer=1 type=40 cid=3139351763 current=0 status=5 seq=285
[2026-09-26T14:16:21.242Z] I (2822962) RouteLoom: HIL PROBE tx peer=1 type=41 status=0 detail=ok
[2026-09-26T14:16:21.896Z] I (2823616) RouteLoom: HIL LINK tx peer=1 type=32 cid=3445906384 seq=1109
[2026-09-26T14:16:22.066Z] I (2823786) RouteLoom: HIL PROBE tx peer=3 type=40 status=0 detail=ok
[2026-09-26T14:16:22.086Z] I (2823804) RouteLoom: HIL LINK rx peer=3 type=41 cid=2065731346 current=0 status=5 seq=297
[2026-09-26T14:16:24.397Z] I (2826117) RouteLoom: HIL LINK tx peer=3 type=32 cid=3131591193 seq=1110
[2026-09-26T14:16:24.957Z] I (2826677) RouteLoom: HIL LINK rx peer=3 type=32 cid=2065731346 current=0 status=5 seq=569
[2026-09-26T14:16:25.015Z] I (2826734) RouteLoom: HIL LINK rx peer=1 type=32 cid=3139351763 current=0 status=5 seq=541
[2026-09-26T14:16:26.898Z] I (2828618) RouteLoom: HIL LINK tx peer=1 type=32 cid=3445906384 seq=1111
[2026-09-26T14:16:29.400Z] I (2831120) RouteLoom: HIL LINK tx peer=3 type=32 cid=3131591193 seq=1112
[2026-09-26T14:16:29.960Z] I (2831679) RouteLoom: HIL LINK rx peer=3 type=32 cid=2065731346 current=0 status=5 seq=570
[2026-09-26T14:16:30.016Z] I (2831735) RouteLoom: HIL LINK rx peer=1 type=32 cid=3139351763 current=0 status=5 seq=542
[2026-09-26T14:16:31.241Z] I (2832961) RouteLoom: HIL PROBE tx peer=1 type=40 status=0 detail=ok
[2026-09-26T14:16:31.259Z] I (2832978) RouteLoom: HIL LINK rx peer=1 type=41 cid=3139351763 current=0 status=5 seq=286
[2026-09-26T14:16:31.902Z] I (2833622) RouteLoom: HIL LINK tx peer=1 type=32 cid=3445906384 seq=1113
[2026-09-26T14:16:32.084Z] I (2833803) RouteLoom: HIL LINK rx peer=3 type=40 cid=2065731346 current=0 status=5 seq=298
[2026-09-26T14:16:32.088Z] I (2833807) RouteLoom: HIL PROBE tx peer=3 type=41 status=0 detail=ok
[2026-09-26T14:16:34.403Z] I (2836123) RouteLoom: HIL LINK tx peer=3 type=32 cid=3131591193 seq=1114
[2026-09-26T14:16:34.960Z] I (2836680) RouteLoom: HIL LINK rx peer=3 type=32 cid=2065731346 current=0 status=5 seq=571
[2026-09-26T14:16:35.018Z] I (2836737) RouteLoom: HIL LINK rx peer=1 type=32 cid=3139351763 current=0 status=5 seq=543
[2026-09-26T14:16:36.905Z] I (2838624) RouteLoom: HIL LINK tx peer=1 type=32 cid=3445906384 seq=1115
[2026-09-26T14:16:39.404Z] I (2841124) RouteLoom: HIL LINK tx peer=3 type=32 cid=3131591193 seq=1116
[2026-09-26T14:16:39.961Z] I (2841681) RouteLoom: HIL LINK rx peer=3 type=32 cid=2065731346 current=0 status=5 seq=572
[2026-09-26T14:16:40.019Z] I (2841738) RouteLoom: HIL LINK rx peer=1 type=32 cid=3139351763 current=0 status=5 seq=544
[2026-09-26T14:16:41.259Z] I (2842978) RouteLoom: HIL LINK rx peer=1 type=40 cid=3139351763 current=0 status=5 seq=287
[2026-09-26T14:16:41.263Z] I (2842982) RouteLoom: HIL PROBE tx peer=1 type=41 status=0 detail=ok
[2026-09-26T14:16:41.904Z] I (2843624) RouteLoom: HIL LINK tx peer=1 type=32 cid=3445906384 seq=1117
[2026-09-26T14:16:42.086Z] I (2843806) RouteLoom: HIL PROBE tx peer=3 type=40 status=0 detail=ok
[2026-09-26T14:16:42.105Z] I (2843824) RouteLoom: HIL LINK rx peer=3 type=41 cid=2065731346 current=0 status=5 seq=299
[2026-09-26T14:16:44.405Z] I (2846125) RouteLoom: HIL LINK tx peer=3 type=32 cid=3131591193 seq=1118
[2026-09-26T14:16:44.962Z] I (2846682) RouteLoom: HIL LINK rx peer=3 type=32 cid=2065731346 current=0 status=5 seq=573
[2026-09-26T14:16:45.020Z] I (2846739) RouteLoom: HIL LINK rx peer=1 type=32 cid=3139351763 current=0 status=5 seq=545
[2026-09-26T14:16:45.849Z] I (2847566) RouteLoom: HIL LINK rx peer=1 type=16 cid=3139351763 current=0 status=5 seq=88
[2026-09-26T14:16:45.852Z] I (2847571) RouteLoom: HIL LINK tx peer=1 type=17 cid=3445906384 seq=88
[2026-09-26T14:16:45.863Z] I (2847583) RouteLoom: HIL LINK tx peer=3 type=16 cid=3131591193 seq=88
[2026-09-26T14:16:45.885Z] I (2847604) RouteLoom: HIL LINK rx peer=3 type=17 cid=2065731346 current=0 status=5 seq=88
[2026-09-26T14:16:45.896Z] I (2847615) RouteLoom: HIL LINK rx peer=3 type=18 cid=2065731346 current=0 status=5 seq=88
[2026-09-26T14:16:45.902Z] I (2847621) RouteLoom: HIL LINK tx peer=3 type=17 cid=3131591193 seq=88
[2026-09-26T14:16:45.913Z] I (2847632) RouteLoom: HIL LINK tx peer=1 type=18 cid=3445906384 seq=88
[2026-09-26T14:16:45.934Z] I (2847653) RouteLoom: HIL LINK rx peer=1 type=17 cid=3139351763 current=0 status=5 seq=88
[2026-09-26T14:16:46.907Z] I (2848627) RouteLoom: HIL LINK tx peer=1 type=32 cid=3445906384 seq=1119
[2026-09-26T14:16:49.409Z] I (2851129) RouteLoom: HIL LINK tx peer=3 type=32 cid=3131591193 seq=1120
[2026-09-26T14:16:49.963Z] I (2851683) RouteLoom: HIL LINK rx peer=3 type=32 cid=2065731346 current=0 status=5 seq=574
[2026-09-26T14:16:50.020Z] I (2851739) RouteLoom: HIL LINK rx peer=1 type=32 cid=3139351763 current=0 status=5 seq=546
[2026-09-26T14:16:51.262Z] I (2852982) RouteLoom: HIL PROBE tx peer=1 type=40 status=0 detail=ok
[2026-09-26T14:16:51.281Z] I (2853000) RouteLoom: HIL LINK rx peer=1 type=41 cid=3139351763 current=0 status=5 seq=288
[2026-09-26T14:16:51.910Z] I (2853630) RouteLoom: HIL LINK tx peer=1 type=32 cid=3445906384 seq=1121
[2026-09-26T14:16:52.102Z] I (2853822) RouteLoom: HIL LINK rx peer=3 type=40 cid=2065731346 current=0 status=5 seq=300
[2026-09-26T14:16:52.106Z] I (2853826) RouteLoom: HIL PROBE tx peer=3 type=41 status=0 detail=ok
[2026-09-26T14:16:54.410Z] I (2856130) RouteLoom: HIL LINK tx peer=3 type=32 cid=3131591193 seq=1122
[2026-09-26T14:16:54.964Z] I (2856683) RouteLoom: HIL LINK rx peer=3 type=32 cid=2065731346 current=0 status=5 seq=575
[2026-09-26T14:16:55.022Z] I (2856741) RouteLoom: HIL LINK rx peer=1 type=32 cid=3139351763 current=0 status=5 seq=547
[2026-09-26T14:16:56.911Z] I (2858631) RouteLoom: HIL LINK tx peer=1 type=32 cid=3445906384 seq=1123
[2026-09-26T14:16:59.413Z] I (2861133) RouteLoom: HIL LINK tx peer=3 type=32 cid=3131591193 seq=1124
[2026-09-26T14:16:59.965Z] I (2861684) RouteLoom: HIL LINK rx peer=3 type=32 cid=2065731346 current=0 status=5 seq=576
[2026-09-26T14:17:00.023Z] I (2861742) RouteLoom: HIL LINK rx peer=1 type=32 cid=3139351763 current=0 status=5 seq=548
[2026-09-26T14:17:01.278Z] I (2862998) RouteLoom: HIL LINK rx peer=1 type=40 cid=3139351763 current=0 status=5 seq=289
[2026-09-26T14:17:01.282Z] I (2863002) RouteLoom: HIL PROBE tx peer=1 type=41 status=0 detail=ok
[2026-09-26T14:17:01.914Z] I (2863634) RouteLoom: HIL LINK tx peer=1 type=32 cid=3445906384 seq=1125
[2026-09-26T14:17:02.105Z] I (2863825) RouteLoom: HIL PROBE tx peer=3 type=40 status=0 detail=ok
[2026-09-26T14:17:02.124Z] I (2863843) RouteLoom: HIL LINK rx peer=3 type=41 cid=2065731346 current=0 status=5 seq=301
[2026-09-26T14:17:04.415Z] I (2866135) RouteLoom: HIL LINK tx peer=3 type=32 cid=3131591193 seq=1126
[2026-09-26T14:17:04.966Z] I (2866685) RouteLoom: HIL LINK rx peer=3 type=32 cid=2065731346 current=0 status=5 seq=577
[2026-09-26T14:17:05.024Z] I (2866743) RouteLoom: HIL LINK rx peer=1 type=32 cid=3139351763 current=0 status=5 seq=549
[2026-09-26T14:17:06.917Z] I (2868636) RouteLoom: HIL LINK tx peer=1 type=32 cid=3445906384 seq=1127
[2026-09-26T14:17:09.418Z] I (2871137) RouteLoom: HIL LINK tx peer=3 type=32 cid=3131591193 seq=1128
[2026-09-26T14:17:09.968Z] I (2871687) RouteLoom: HIL LINK rx peer=3 type=32 cid=2065731346 current=0 status=5 seq=578
[2026-09-26T14:17:10.024Z] I (2871743) RouteLoom: HIL LINK rx peer=1 type=32 cid=3139351763 current=0 status=5 seq=550
[2026-09-26T14:17:11.280Z] I (2872999) RouteLoom: HIL PROBE tx peer=1 type=40 status=0 detail=ok
[2026-09-26T14:17:11.297Z] I (2873016) RouteLoom: HIL LINK rx peer=1 type=41 cid=3139351763 current=0 status=5 seq=290
[2026-09-26T14:17:11.919Z] I (2873639) RouteLoom: HIL LINK tx peer=1 type=32 cid=3445906384 seq=1129
[2026-09-26T14:17:12.123Z] I (2873842) RouteLoom: HIL LINK rx peer=3 type=40 cid=2065731346 current=0 status=5 seq=302
[2026-09-26T14:17:12.127Z] I (2873846) RouteLoom: HIL PROBE tx peer=3 type=41 status=0 detail=ok
[2026-09-26T14:17:14.421Z] I (2876140) RouteLoom: HIL LINK tx peer=3 type=32 cid=3131591193 seq=1130
[2026-09-26T14:17:14.971Z] I (2876690) RouteLoom: HIL LINK rx peer=3 type=32 cid=2065731346 current=0 status=5 seq=579
[2026-09-26T14:17:15.026Z] I (2876745) RouteLoom: HIL LINK rx peer=1 type=32 cid=3139351763 current=0 status=5 seq=551
[2026-09-26T14:17:16.922Z] I (2878641) RouteLoom: HIL LINK tx peer=1 type=32 cid=3445906384 seq=1131
[2026-09-26T14:17:18.738Z] I (2880456) RouteLoom: stack hwm main 11096 B
[2026-09-26T14:17:18.738Z] I (2880456) RouteLoom: HIL HEAP free=21708 largest=18432 min=20932 B
[2026-09-26T14:17:18.748Z] I (2880457) RouteLoom: HIL DISCOVERY candidates=0 neighbors=2 capacity=0 auth=2 stale=0 probes=296 send_failures=19 kind_rejects=0
[2026-09-26T14:17:18.756Z] I (2880467) RouteLoom: HIL ROUTE peer=1 phase=5 via=1 metric=1 generation=307 seq=1
[2026-09-26T14:17:18.763Z] I (2880474) RouteLoom: HIL ROUTE peer=3 phase=5 via=3 metric=1 generation=107 seq=1
[2026-09-26T14:17:19.423Z] I (2881142) RouteLoom: HIL LINK tx peer=3 type=32 cid=3131591193 seq=1132
[2026-09-26T14:17:19.971Z] I (2881690) RouteLoom: HIL LINK rx peer=3 type=32 cid=2065731346 current=0 status=5 seq=580
[2026-09-26T14:17:20.029Z] I (2881747) RouteLoom: HIL LINK rx peer=1 type=32 cid=3139351763 current=0 status=5 seq=552
[2026-09-26T14:17:21.296Z] I (2883014) RouteLoom: HIL LINK rx peer=1 type=40 cid=3139351763 current=0 status=5 seq=291
[2026-09-26T14:17:21.300Z] I (2883018) RouteLoom: HIL PROBE tx peer=1 type=41 status=0 detail=ok
[2026-09-26T14:17:21.923Z] I (2883642) RouteLoom: HIL LINK tx peer=1 type=32 cid=3445906384 seq=1133
[2026-09-26T14:17:22.126Z] I (2883845) RouteLoom: HIL PROBE tx peer=3 type=40 status=0 detail=ok
[2026-09-26T14:17:22.143Z] I (2883862) RouteLoom: HIL LINK rx peer=3 type=41 cid=2065731346 current=0 status=5 seq=303
[2026-09-26T14:17:22.847Z] I (2884566) RouteLoom: HIL LINK rx peer=1 type=16 cid=3139351763 current=0 status=5 seq=89
[2026-09-26T14:17:22.850Z] I (2884569) RouteLoomRef: message origin=1 session=307 sequence=89 bytes=9
[2026-09-26T14:17:22.856Z] I (2884573) RouteLoom: HIL LINK tx peer=1 type=17 cid=3445906384 seq=89
[2026-09-26T14:17:22.865Z] I (2884584) RouteLoom: HIL LINK tx peer=1 type=18 cid=3445906384 seq=89
[2026-09-26T14:17:22.891Z] I (2884609) RouteLoom: HIL LINK rx peer=1 type=17 cid=3139351763 current=0 status=5 seq=89
[2026-09-26T14:17:24.423Z] I (2886142) RouteLoom: HIL LINK tx peer=3 type=32 cid=3131591193 seq=1134
[2026-09-26T14:17:24.971Z] I (2886690) RouteLoom: HIL LINK rx peer=3 type=32 cid=2065731346 current=0 status=5 seq=581
[2026-09-26T14:17:25.029Z] I (2886747) RouteLoom: HIL LINK rx peer=1 type=32 cid=3139351763 current=0 status=5 seq=553
[2026-09-26T14:17:26.924Z] I (2888643) RouteLoom: HIL LINK tx peer=1 type=32 cid=3445906384 seq=1135
[2026-09-26T14:17:29.426Z] I (2891145) RouteLoom: HIL LINK tx peer=3 type=32 cid=3131591193 seq=1136
[2026-09-26T14:17:29.971Z] I (2891689) RouteLoom: HIL LINK rx peer=3 type=32 cid=2065731346 current=0 status=5 seq=582
[2026-09-26T14:17:30.029Z] I (2891747) RouteLoom: HIL LINK rx peer=1 type=32 cid=3139351763 current=0 status=5 seq=554
[2026-09-26T14:17:31.299Z] I (2893018) RouteLoom: HIL PROBE tx peer=1 type=40 status=0 detail=ok
[2026-09-26T14:17:31.316Z] I (2893035) RouteLoom: HIL LINK rx peer=1 type=41 cid=3139351763 current=0 status=5 seq=292
[2026-09-26T14:17:31.927Z] I (2893646) RouteLoom: HIL LINK tx peer=1 type=32 cid=3445906384 seq=1137
[2026-09-26T14:17:32.140Z] I (2893859) RouteLoom: HIL LINK rx peer=3 type=40 cid=2065731346 current=0 status=5 seq=304
[2026-09-26T14:17:32.144Z] I (2893863) RouteLoom: HIL PROBE tx peer=3 type=41 status=0 detail=ok
[2026-09-26T14:17:34.429Z] I (2896148) RouteLoom: HIL LINK tx peer=3 type=32 cid=3131591193 seq=1138
[2026-09-26T14:17:34.974Z] I (2896693) RouteLoom: HIL LINK rx peer=3 type=32 cid=2065731346 current=0 status=5 seq=583
[2026-09-26T14:17:35.030Z] I (2896748) RouteLoom: HIL LINK rx peer=1 type=32 cid=3139351763 current=0 status=5 seq=555
[2026-09-26T14:17:36.931Z] I (2898650) RouteLoom: HIL LINK tx peer=1 type=32 cid=3445906384 seq=1139
[2026-09-26T14:17:39.433Z] I (2901152) RouteLoom: HIL LINK tx peer=3 type=32 cid=3131591193 seq=1140
[2026-09-26T14:17:39.973Z] I (2901691) RouteLoom: HIL LINK rx peer=3 type=32 cid=2065731346 current=0 status=5 seq=584
[2026-09-26T14:17:40.031Z] I (2901749) RouteLoom: HIL LINK rx peer=1 type=32 cid=3139351763 current=0 status=5 seq=556
[2026-09-26T14:17:41.316Z] I (2903035) RouteLoom: HIL LINK rx peer=1 type=40 cid=3139351763 current=0 status=5 seq=293
[2026-09-26T14:17:41.320Z] I (2903038) RouteLoom: HIL PROBE tx peer=1 type=41 status=0 detail=ok
[2026-09-26T14:17:41.934Z] I (2903653) RouteLoom: HIL LINK tx peer=1 type=32 cid=3445906384 seq=1141
[2026-09-26T14:17:42.143Z] I (2903862) RouteLoom: HIL PROBE tx peer=3 type=40 status=0 detail=ok
[2026-09-26T14:17:42.163Z] I (2903881) RouteLoom: HIL LINK rx peer=3 type=41 cid=2065731346 current=0 status=5 seq=305
[2026-09-26T14:17:44.436Z] I (2906155) RouteLoom: HIL LINK tx peer=3 type=32 cid=3131591193 seq=1142
[2026-09-26T14:17:44.975Z] I (2906693) RouteLoom: HIL LINK rx peer=3 type=32 cid=2065731346 current=0 status=5 seq=585
[2026-09-26T14:17:45.031Z] I (2906749) RouteLoom: HIL LINK rx peer=1 type=32 cid=3139351763 current=0 status=5 seq=557
[2026-09-26T14:17:46.938Z] I (2908657) RouteLoom: HIL LINK tx peer=1 type=32 cid=3445906384 seq=1143
[2026-09-26T14:17:49.440Z] I (2911159) RouteLoom: HIL LINK tx peer=3 type=32 cid=3131591193 seq=1144
[2026-09-26T14:17:49.976Z] I (2911695) RouteLoom: HIL LINK rx peer=3 type=32 cid=2065731346 current=0 status=5 seq=586
[2026-09-26T14:17:50.032Z] I (2911750) RouteLoom: HIL LINK rx peer=1 type=32 cid=3139351763 current=0 status=5 seq=558
[2026-09-26T14:17:51.317Z] I (2913036) RouteLoom: HIL PROBE tx peer=1 type=40 status=0 detail=ok
[2026-09-26T14:17:51.335Z] I (2913053) RouteLoom: HIL LINK rx peer=1 type=41 cid=3139351763 current=0 status=5 seq=294
[2026-09-26T14:17:51.942Z] I (2913661) RouteLoom: HIL LINK tx peer=1 type=32 cid=3445906384 seq=1145
[2026-09-26T14:17:52.160Z] I (2913879) RouteLoom: HIL LINK rx peer=3 type=40 cid=2065731346 current=0 status=5 seq=306
[2026-09-26T14:17:52.164Z] I (2913883) RouteLoom: HIL PROBE tx peer=3 type=41 status=0 detail=ok
[2026-09-26T14:17:54.443Z] I (2916162) RouteLoom: HIL LINK tx peer=3 type=32 cid=3131591193 seq=1146
[2026-09-26T14:17:54.977Z] I (2916695) RouteLoom: HIL LINK rx peer=3 type=32 cid=2065731346 current=0 status=5 seq=587
[2026-09-26T14:17:55.033Z] I (2916751) RouteLoom: HIL LINK rx peer=1 type=32 cid=3139351763 current=0 status=5 seq=559
[2026-09-26T14:17:56.943Z] I (2918662) RouteLoom: HIL LINK tx peer=1 type=32 cid=3445906384 seq=1147
[2026-09-26T14:17:59.445Z] I (2921164) RouteLoom: HIL LINK tx peer=3 type=32 cid=3131591193 seq=1148
[2026-09-26T14:17:59.848Z] I (2921566) RouteLoom: HIL LINK rx peer=1 type=16 cid=3139351763 current=0 status=5 seq=90
[2026-09-26T14:17:59.853Z] I (2921571) RouteLoom: HIL LINK tx peer=1 type=17 cid=3445906384 seq=90
[2026-09-26T14:17:59.864Z] I (2921583) RouteLoom: HIL LINK tx peer=3 type=16 cid=3131591193 seq=90
[2026-09-26T14:17:59.884Z] I (2921602) RouteLoom: HIL LINK rx peer=3 type=17 cid=2065731346 current=0 status=5 seq=90
[2026-09-26T14:17:59.897Z] I (2921615) RouteLoom: HIL LINK rx peer=3 type=18 cid=2065731346 current=0 status=5 seq=90
[2026-09-26T14:17:59.904Z] I (2921621) RouteLoom: HIL LINK tx peer=3 type=17 cid=3131591193 seq=90
[2026-09-26T14:17:59.913Z] I (2921632) RouteLoom: HIL LINK tx peer=1 type=18 cid=3445906384 seq=90
[2026-09-26T14:17:59.935Z] I (2921653) RouteLoom: HIL LINK rx peer=1 type=17 cid=3139351763 current=0 status=5 seq=90
[2026-09-26T14:17:59.980Z] I (2921698) RouteLoom: HIL LINK rx peer=3 type=32 cid=2065731346 current=0 status=5 seq=588
[2026-09-26T14:18:00.035Z] I (2921753) RouteLoom: HIL LINK rx peer=1 type=32 cid=3139351763 current=0 status=5 seq=560
[2026-09-26T14:18:01.335Z] I (2923053) RouteLoom: HIL LINK rx peer=1 type=40 cid=3139351763 current=0 status=5 seq=295
[2026-09-26T14:18:01.339Z] I (2923057) RouteLoom: HIL PROBE tx peer=1 type=41 status=0 detail=ok
[2026-09-26T14:18:01.947Z] I (2923666) RouteLoom: HIL LINK tx peer=1 type=32 cid=3445906384 seq=1149
[2026-09-26T14:18:02.162Z] I (2923881) RouteLoom: HIL PROBE tx peer=3 type=40 status=0 detail=ok
[2026-09-26T14:18:02.179Z] I (2923898) RouteLoom: HIL LINK rx peer=3 type=41 cid=2065731346 current=0 status=5 seq=307
[2026-09-26T14:18:04.449Z] I (2926168) RouteLoom: HIL LINK tx peer=3 type=32 cid=3131591193 seq=1150
[2026-09-26T14:18:04.979Z] I (2926697) RouteLoom: HIL LINK rx peer=3 type=32 cid=2065731346 current=0 status=5 seq=589
[2026-09-26T14:18:05.034Z] I (2926752) RouteLoom: HIL LINK rx peer=1 type=32 cid=3139351763 current=0 status=5 seq=561
[2026-09-26T14:18:06.950Z] I (2928669) RouteLoom: HIL LINK tx peer=1 type=32 cid=3445906384 seq=1151
[2026-09-26T14:18:09.452Z] I (2931171) RouteLoom: HIL LINK tx peer=3 type=32 cid=3131591193 seq=1152
[2026-09-26T14:18:09.980Z] I (2931698) RouteLoom: HIL LINK rx peer=3 type=32 cid=2065731346 current=0 status=5 seq=590
[2026-09-26T14:18:10.035Z] I (2931753) RouteLoom: HIL LINK rx peer=1 type=32 cid=3139351763 current=0 status=5 seq=562
[2026-09-26T14:18:11.338Z] I (2933057) RouteLoom: HIL PROBE tx peer=1 type=40 status=0 detail=ok
[2026-09-26T14:18:11.356Z] I (2933074) RouteLoom: HIL LINK rx peer=1 type=41 cid=3139351763 current=0 status=5 seq=296
[2026-09-26T14:18:11.954Z] I (2933673) RouteLoom: HIL LINK tx peer=1 type=32 cid=3445906384 seq=1153
[2026-09-26T14:18:12.178Z] I (2933896) RouteLoom: HIL LINK rx peer=3 type=40 cid=2065731346 current=0 status=5 seq=308
[2026-09-26T14:18:12.182Z] I (2933900) RouteLoom: HIL PROBE tx peer=3 type=41 status=0 detail=ok
[2026-09-26T14:18:14.455Z] I (2936174) RouteLoom: HIL LINK tx peer=3 type=32 cid=3131591193 seq=1154
[2026-09-26T14:18:14.982Z] I (2936700) RouteLoom: HIL LINK rx peer=3 type=32 cid=2065731346 current=0 status=5 seq=591
[2026-09-26T14:18:15.037Z] I (2936755) RouteLoom: HIL LINK rx peer=1 type=32 cid=3139351763 current=0 status=5 seq=563
[2026-09-26T14:18:16.957Z] I (2938675) RouteLoom: HIL LINK tx peer=1 type=32 cid=3445906384 seq=1155
[2026-09-26T14:18:18.739Z] I (2940457) RouteLoom: stack hwm main 11096 B
[2026-09-26T14:18:18.739Z] I (2940457) RouteLoom: HIL HEAP free=21708 largest=18432 min=20932 B
[2026-09-26T14:18:18.749Z] I (2940458) RouteLoom: HIL DISCOVERY candidates=0 neighbors=2 capacity=0 auth=2 stale=0 probes=302 send_failures=19 kind_rejects=0
[2026-09-26T14:18:18.757Z] I (2940468) RouteLoom: HIL ROUTE peer=1 phase=5 via=1 metric=1 generation=307 seq=1
[2026-09-26T14:18:18.764Z] I (2940475) RouteLoom: HIL ROUTE peer=3 phase=5 via=3 metric=1 generation=107 seq=1
[2026-09-26T14:18:19.458Z] I (2941176) RouteLoom: HIL LINK tx peer=3 type=32 cid=3131591193 seq=1156
[2026-09-26T14:18:19.982Z] I (2941700) RouteLoom: HIL LINK rx peer=3 type=32 cid=2065731346 current=0 status=5 seq=592
[2026-09-26T14:18:20.038Z] I (2941756) RouteLoom: HIL LINK rx peer=1 type=32 cid=3139351763 current=0 status=5 seq=564
[2026-09-26T14:18:21.354Z] I (2943072) RouteLoom: HIL LINK rx peer=1 type=40 cid=3139351763 current=0 status=5 seq=297
[2026-09-26T14:18:21.357Z] I (2943075) RouteLoom: HIL PROBE tx peer=1 type=41 status=0 detail=ok
[2026-09-26T14:18:21.960Z] I (2943678) RouteLoom: HIL LINK tx peer=1 type=32 cid=3445906384 seq=1157
[2026-09-26T14:18:22.181Z] I (2943899) RouteLoom: HIL PROBE tx peer=3 type=40 status=0 detail=ok
[2026-09-26T14:18:22.198Z] I (2943916) RouteLoom: HIL LINK rx peer=3 type=41 cid=2065731346 current=0 status=5 seq=309
[2026-09-26T14:18:24.462Z] I (2946180) RouteLoom: HIL LINK tx peer=3 type=32 cid=3131591193 seq=1158
[2026-09-26T14:18:24.984Z] I (2946701) RouteLoom: HIL LINK rx peer=3 type=32 cid=2065731346 current=0 status=5 seq=593
[2026-09-26T14:18:25.041Z] I (2946759) RouteLoom: HIL LINK rx peer=1 type=32 cid=3139351763 current=0 status=5 seq=565
[2026-09-26T14:18:26.964Z] I (2948682) RouteLoom: HIL LINK tx peer=1 type=32 cid=3445906384 seq=1159
[2026-09-26T14:18:29.466Z] I (2951184) RouteLoom: HIL LINK tx peer=3 type=32 cid=3131591193 seq=1160
[2026-09-26T14:18:29.987Z] I (2951705) RouteLoom: HIL LINK rx peer=3 type=32 cid=2065731346 current=0 status=5 seq=594
[2026-09-26T14:18:30.042Z] I (2951760) RouteLoom: HIL LINK rx peer=1 type=32 cid=3139351763 current=0 status=5 seq=566
[2026-09-26T14:18:31.355Z] I (2953073) RouteLoom: HIL PROBE tx peer=1 type=40 status=0 detail=ok
[2026-09-26T14:18:31.374Z] I (2953092) RouteLoom: HIL LINK rx peer=1 type=41 cid=3139351763 current=0 status=5 seq=298
[2026-09-26T14:18:31.967Z] I (2953685) RouteLoom: HIL LINK tx peer=1 type=32 cid=3445906384 seq=1161
[2026-09-26T14:18:32.197Z] I (2953914) RouteLoom: HIL LINK rx peer=3 type=40 cid=2065731346 current=0 status=5 seq=310
[2026-09-26T14:18:32.200Z] I (2953918) RouteLoom: HIL PROBE tx peer=3 type=41 status=0 detail=ok
[2026-09-26T14:18:34.468Z] I (2956186) RouteLoom: HIL LINK tx peer=3 type=32 cid=3131591193 seq=1162
[2026-09-26T14:18:34.986Z] I (2956703) RouteLoom: HIL LINK rx peer=3 type=32 cid=2065731346 current=0 status=5 seq=595
[2026-09-26T14:18:35.044Z] I (2956761) RouteLoom: HIL LINK rx peer=1 type=32 cid=3139351763 current=0 status=5 seq=567
[2026-09-26T14:18:36.845Z] I (2958563) RouteLoom: HIL LINK rx peer=1 type=16 cid=3139351763 current=0 status=5 seq=91
[2026-09-26T14:18:36.849Z] I (2958566) RouteLoomRef: message origin=1 session=307 sequence=91 bytes=9
[2026-09-26T14:18:36.855Z] I (2958570) RouteLoom: HIL LINK tx peer=1 type=17 cid=3445906384 seq=91
[2026-09-26T14:18:36.863Z] I (2958581) RouteLoom: HIL LINK tx peer=1 type=18 cid=3445906384 seq=91
[2026-09-26T14:18:36.886Z] I (2958603) RouteLoom: HIL LINK rx peer=1 type=17 cid=3139351763 current=0 status=5 seq=91
[2026-09-26T14:18:36.969Z] I (2958687) RouteLoom: HIL LINK tx peer=1 type=32 cid=3445906384 seq=1163
[2026-09-26T14:18:39.471Z] I (2961189) RouteLoom: HIL LINK tx peer=3 type=32 cid=3131591193 seq=1164
[2026-09-26T14:18:39.986Z] I (2961703) RouteLoom: HIL LINK rx peer=3 type=32 cid=2065731346 current=0 status=5 seq=596
[2026-09-26T14:18:40.044Z] I (2961761) RouteLoom: HIL LINK rx peer=1 type=32 cid=3139351763 current=0 status=5 seq=568
[2026-09-26T14:18:41.374Z] I (2963092) RouteLoom: HIL LINK rx peer=1 type=40 cid=3139351763 current=0 status=5 seq=299
[2026-09-26T14:18:41.378Z] I (2963095) RouteLoom: HIL PROBE tx peer=1 type=41 status=0 detail=ok
[2026-09-26T14:18:41.971Z] I (2963689) RouteLoom: HIL LINK tx peer=1 type=32 cid=3445906384 seq=1165
[2026-09-26T14:18:42.198Z] I (2963916) RouteLoom: HIL PROBE tx peer=3 type=40 status=0 detail=ok
[2026-09-26T14:18:42.217Z] I (2963934) RouteLoom: HIL LINK rx peer=3 type=41 cid=2065731346 current=0 status=5 seq=311
[2026-09-26T14:18:44.472Z] I (2966190) RouteLoom: HIL LINK tx peer=3 type=32 cid=3131591193 seq=1166
[2026-09-26T14:18:44.987Z] I (2966704) RouteLoom: HIL LINK rx peer=3 type=32 cid=2065731346 current=0 status=5 seq=597
[2026-09-26T14:18:45.049Z] I (2966763) RouteLoom: HIL LINK rx peer=1 type=32 cid=3139351763 current=0 status=5 seq=569
[2026-09-26T14:18:46.974Z] I (2968692) RouteLoom: HIL LINK tx peer=1 type=32 cid=3445906384 seq=1167
[2026-09-26T14:18:49.476Z] I (2971194) RouteLoom: HIL LINK tx peer=3 type=32 cid=3131591193 seq=1168
[2026-09-26T14:18:49.988Z] I (2971705) RouteLoom: HIL LINK rx peer=3 type=32 cid=2065731346 current=0 status=5 seq=598
[2026-09-26T14:18:50.047Z] I (2971764) RouteLoom: HIL LINK rx peer=1 type=32 cid=3139351763 current=0 status=5 seq=570
[2026-09-26T14:18:51.377Z] I (2973095) RouteLoom: HIL PROBE tx peer=1 type=40 status=0 detail=ok
[2026-09-26T14:18:51.395Z] I (2973112) RouteLoom: HIL LINK rx peer=1 type=41 cid=3139351763 current=0 status=5 seq=300
[2026-09-26T14:18:51.978Z] I (2973696) RouteLoom: HIL LINK tx peer=1 type=32 cid=3445906384 seq=1169
[2026-09-26T14:18:52.214Z] I (2973931) RouteLoom: HIL LINK rx peer=3 type=40 cid=2065731346 current=0 status=5 seq=312
[2026-09-26T14:18:52.218Z] I (2973935) RouteLoom: HIL PROBE tx peer=3 type=41 status=0 detail=ok
[2026-09-26T14:18:54.479Z] I (2976197) RouteLoom: HIL LINK tx peer=3 type=32 cid=3131591193 seq=1170
[2026-09-26T14:18:54.989Z] I (2976706) RouteLoom: HIL LINK rx peer=3 type=32 cid=2065731346 current=0 status=5 seq=599
[2026-09-26T14:18:55.048Z] I (2976765) RouteLoom: HIL LINK rx peer=1 type=32 cid=3139351763 current=0 status=5 seq=571
[2026-09-26T14:18:56.979Z] I (2978697) RouteLoom: HIL LINK tx peer=1 type=32 cid=3445906384 seq=1171
[2026-09-26T14:18:59.481Z] I (2981199) RouteLoom: HIL LINK tx peer=3 type=32 cid=3131591193 seq=1172
[2026-09-26T14:18:59.991Z] I (2981708) RouteLoom: HIL LINK rx peer=3 type=32 cid=2065731346 current=0 status=5 seq=600
[2026-09-26T14:19:00.050Z] I (2981767) RouteLoom: HIL LINK rx peer=1 type=32 cid=3139351763 current=0 status=5 seq=572
[2026-09-26T14:19:01.398Z] I (2983116) RouteLoom: HIL PROBE tx peer=1 type=40 status=0 detail=ok
[2026-09-26T14:19:01.421Z] I (2983139) RouteLoom: HIL LINK rx peer=1 type=41 cid=3139351763 current=0 status=5 seq=301
[2026-09-26T14:19:01.981Z] I (2983699) RouteLoom: HIL LINK tx peer=1 type=32 cid=3445906384 seq=1173
[2026-09-26T14:19:02.217Z] I (2983935) RouteLoom: HIL PROBE tx peer=3 type=40 status=0 detail=ok
[2026-09-26T14:19:02.234Z] I (2983952) RouteLoom: HIL LINK rx peer=3 type=41 cid=2065731346 current=0 status=5 seq=313
[2026-09-26T14:19:04.484Z] I (2986201) RouteLoom: HIL LINK tx peer=3 type=32 cid=3131591193 seq=1174
[2026-09-26T14:19:04.993Z] I (2986710) RouteLoom: HIL LINK rx peer=3 type=32 cid=2065731346 current=0 status=5 seq=601
[2026-09-26T14:19:05.052Z] I (2986769) RouteLoom: HIL LINK rx peer=1 type=32 cid=3139351763 current=0 status=5 seq=573
[2026-09-26T14:19:06.985Z] I (2988703) RouteLoom: HIL LINK tx peer=1 type=32 cid=3445906384 seq=1175
[2026-09-26T14:19:09.487Z] I (2991205) RouteLoom: HIL LINK tx peer=3 type=32 cid=3131591193 seq=1176
[2026-09-26T14:19:09.994Z] I (2991711) RouteLoom: HIL LINK rx peer=3 type=32 cid=2065731346 current=0 status=5 seq=602
[2026-09-26T14:19:10.054Z] I (2991771) RouteLoom: HIL LINK rx peer=1 type=32 cid=3139351763 current=0 status=5 seq=574
[2026-09-26T14:19:11.417Z] I (2993134) RouteLoom: HIL LINK rx peer=1 type=40 cid=3139351763 current=0 status=5 seq=302
[2026-09-26T14:19:11.421Z] I (2993138) RouteLoom: HIL PROBE tx peer=1 type=41 status=0 detail=ok
[2026-09-26T14:19:11.987Z] I (2993705) RouteLoom: HIL LINK tx peer=1 type=32 cid=3445906384 seq=1177
[2026-09-26T14:19:12.232Z] I (2993949) RouteLoom: HIL LINK rx peer=3 type=40 cid=2065731346 current=0 status=5 seq=314
[2026-09-26T14:19:12.236Z] I (2993953) RouteLoom: HIL PROBE tx peer=3 type=41 status=0 detail=ok
[2026-09-26T14:19:13.848Z] I (2995565) RouteLoom: HIL LINK rx peer=1 type=16 cid=3139351763 current=0 status=5 seq=92
[2026-09-26T14:19:13.854Z] I (2995571) RouteLoom: HIL LINK tx peer=1 type=17 cid=3445906384 seq=92
[2026-09-26T14:19:13.865Z] I (2995582) RouteLoom: HIL LINK tx peer=3 type=16 cid=3131591193 seq=92
[2026-09-26T14:19:13.887Z] I (2995604) RouteLoom: HIL LINK rx peer=3 type=17 cid=2065731346 current=0 status=5 seq=92
[2026-09-26T14:19:13.900Z] I (2995617) RouteLoom: HIL LINK rx peer=3 type=18 cid=2065731346 current=0 status=5 seq=92
[2026-09-26T14:19:13.906Z] I (2995623) RouteLoom: HIL LINK tx peer=3 type=17 cid=3131591193 seq=92
[2026-09-26T14:19:13.919Z] I (2995634) RouteLoom: HIL LINK tx peer=1 type=18 cid=3445906384 seq=92
[2026-09-26T14:19:13.938Z] I (2995655) RouteLoom: HIL LINK rx peer=1 type=17 cid=3139351763 current=0 status=5 seq=92
[2026-09-26T14:19:14.488Z] I (2996206) RouteLoom: HIL LINK tx peer=3 type=32 cid=3131591193 seq=1178
[2026-09-26T14:19:14.994Z] I (2996711) RouteLoom: HIL LINK rx peer=3 type=32 cid=2065731346 current=0 status=5 seq=603
[2026-09-26T14:19:15.055Z] I (2996772) RouteLoom: HIL LINK rx peer=1 type=32 cid=3139351763 current=0 status=5 seq=575
[2026-09-26T14:19:16.989Z] I (2998707) RouteLoom: HIL LINK tx peer=1 type=32 cid=3445906384 seq=1179
[2026-09-26T14:19:18.742Z] I (3000459) RouteLoom: stack hwm main 11096 B
[2026-09-26T14:19:18.742Z] I (3000459) RouteLoom: HIL HEAP free=21708 largest=18432 min=20932 B
[2026-09-26T14:19:18.752Z] I (3000460) RouteLoom: HIL DISCOVERY candidates=0 neighbors=2 capacity=0 auth=2 stale=0 probes=308 send_failures=19 kind_rejects=0
[2026-09-26T14:19:18.760Z] I (3000470) RouteLoom: HIL ROUTE peer=1 phase=5 via=1 metric=1 generation=307 seq=1
[2026-09-26T14:19:18.767Z] I (3000477) RouteLoom: HIL ROUTE peer=3 phase=5 via=3 metric=1 generation=107 seq=1
[2026-09-26T14:19:19.492Z] I (3001208) RouteLoom: HIL LINK tx peer=3 type=32 cid=3131591193 seq=1180
[2026-09-26T14:19:19.996Z] I (3001713) RouteLoom: HIL LINK rx peer=3 type=32 cid=2065731346 current=0 status=5 seq=604
[2026-09-26T14:19:20.055Z] I (3001772) RouteLoom: HIL LINK rx peer=1 type=32 cid=3139351763 current=0 status=5 seq=576
[2026-09-26T14:19:21.419Z] I (3003136) RouteLoom: HIL PROBE tx peer=1 type=40 status=0 detail=ok
[2026-09-26T14:19:21.437Z] I (3003154) RouteLoom: HIL LINK rx peer=1 type=41 cid=3139351763 current=0 status=5 seq=303
[2026-09-26T14:19:21.992Z] I (3003709) RouteLoom: HIL LINK tx peer=1 type=32 cid=3445906384 seq=1181
[2026-09-26T14:19:22.234Z] I (3003951) RouteLoom: HIL PROBE tx peer=3 type=40 status=0 detail=ok
[2026-09-26T14:19:22.251Z] I (3003968) RouteLoom: HIL LINK rx peer=3 type=41 cid=2065731346 current=0 status=5 seq=315
[2026-09-26T14:19:24.494Z] I (3006211) RouteLoom: HIL LINK tx peer=3 type=32 cid=3131591193 seq=1182
[2026-09-26T14:19:24.997Z] I (3006714) RouteLoom: HIL LINK rx peer=3 type=32 cid=2065731346 current=0 status=5 seq=605
[2026-09-26T14:19:25.058Z] I (3006774) RouteLoom: HIL LINK rx peer=1 type=32 cid=3139351763 current=0 status=5 seq=577
[2026-09-26T14:19:26.995Z] I (3008712) RouteLoom: HIL LINK tx peer=1 type=32 cid=3445906384 seq=1183
[2026-09-26T14:19:29.497Z] I (3011214) RouteLoom: HIL LINK tx peer=3 type=32 cid=3131591193 seq=1184
[2026-09-26T14:19:30.001Z] I (3011718) RouteLoom: HIL LINK rx peer=3 type=32 cid=2065731346 current=0 status=5 seq=606
[2026-09-26T14:19:30.058Z] I (3011775) RouteLoom: HIL LINK rx peer=1 type=32 cid=3139351763 current=0 status=5 seq=578
[2026-09-26T14:19:31.434Z] I (3013151) RouteLoom: HIL LINK rx peer=1 type=40 cid=3139351763 current=0 status=5 seq=304
[2026-09-26T14:19:31.438Z] I (3013155) RouteLoom: HIL PROBE tx peer=1 type=41 status=0 detail=ok
[2026-09-26T14:19:31.998Z] I (3013715) RouteLoom: HIL LINK tx peer=1 type=32 cid=3445906384 seq=1185
[2026-09-26T14:19:32.249Z] I (3013966) RouteLoom: HIL LINK rx peer=3 type=40 cid=2065731346 current=0 status=5 seq=316
[2026-09-26T14:19:32.253Z] I (3013970) RouteLoom: HIL PROBE tx peer=3 type=41 status=0 detail=ok
[2026-09-26T14:19:34.500Z] I (3016217) RouteLoom: HIL LINK tx peer=3 type=32 cid=3131591193 seq=1186
[2026-09-26T14:19:35.000Z] I (3016717) RouteLoom: HIL LINK rx peer=3 type=32 cid=2065731346 current=0 status=5 seq=607
[2026-09-26T14:19:35.061Z] I (3016778) RouteLoom: HIL LINK rx peer=1 type=32 cid=3139351763 current=0 status=5 seq=579
[2026-09-26T14:19:37.001Z] I (3018718) RouteLoom: HIL LINK tx peer=1 type=32 cid=3445906384 seq=1187
[2026-09-26T14:19:39.503Z] I (3021220) RouteLoom: HIL LINK tx peer=3 type=32 cid=3131591193 seq=1188
[2026-09-26T14:19:40.003Z] I (3021719) RouteLoom: HIL LINK rx peer=3 type=32 cid=2065731346 current=0 status=5 seq=608
[2026-09-26T14:19:40.064Z] I (3021780) RouteLoom: HIL LINK rx peer=1 type=32 cid=3139351763 current=0 status=5 seq=580
[2026-09-26T14:19:41.436Z] I (3023153) RouteLoom: HIL PROBE tx peer=1 type=40 status=0 detail=ok
[2026-09-26T14:19:41.455Z] I (3023171) RouteLoom: HIL LINK rx peer=1 type=41 cid=3139351763 current=0 status=5 seq=305
[2026-09-26T14:19:42.003Z] I (3023720) RouteLoom: HIL LINK tx peer=1 type=32 cid=3445906384 seq=1189
[2026-09-26T14:19:42.253Z] I (3023970) RouteLoom: HIL PROBE tx peer=3 type=40 status=0 detail=ok
[2026-09-26T14:19:42.272Z] I (3023988) RouteLoom: HIL LINK rx peer=3 type=41 cid=2065731346 current=0 status=5 seq=317
[2026-09-26T14:19:44.503Z] I (3026220) RouteLoom: HIL LINK tx peer=3 type=32 cid=3131591193 seq=1190
[2026-09-26T14:19:45.003Z] I (3026720) RouteLoom: HIL LINK rx peer=3 type=32 cid=2065731346 current=0 status=5 seq=609
[2026-09-26T14:19:45.064Z] I (3026780) RouteLoom: HIL LINK rx peer=1 type=32 cid=3139351763 current=0 status=5 seq=581
[2026-09-26T14:19:47.004Z] I (3028721) RouteLoom: HIL LINK tx peer=1 type=32 cid=3445906384 seq=1191
[2026-09-26T14:19:49.506Z] I (3031223) RouteLoom: HIL LINK tx peer=3 type=32 cid=3131591193 seq=1192
[2026-09-26T14:19:50.009Z] I (3031725) RouteLoom: HIL LINK rx peer=3 type=32 cid=2065731346 current=0 status=5 seq=610
[2026-09-26T14:19:50.065Z] I (3031781) RouteLoom: HIL LINK rx peer=1 type=32 cid=3139351763 current=0 status=5 seq=582
[2026-09-26T14:19:50.844Z] I (3032561) RouteLoom: HIL LINK rx peer=1 type=16 cid=3139351763 current=0 status=5 seq=93
[2026-09-26T14:19:50.848Z] I (3032564) RouteLoomRef: message origin=1 session=307 sequence=93 bytes=9
[2026-09-26T14:19:50.854Z] I (3032568) RouteLoom: HIL LINK tx peer=1 type=17 cid=3445906384 seq=93
[2026-09-26T14:19:50.864Z] I (3032581) RouteLoom: HIL LINK tx peer=1 type=18 cid=3445906384 seq=93
[2026-09-26T14:19:50.887Z] I (3032603) RouteLoom: HIL LINK rx peer=1 type=17 cid=3139351763 current=0 status=5 seq=93
[2026-09-26T14:19:51.452Z] I (3033169) RouteLoom: HIL LINK rx peer=1 type=40 cid=3139351763 current=0 status=5 seq=306
[2026-09-26T14:19:51.456Z] I (3033173) RouteLoom: HIL PROBE tx peer=1 type=41 status=0 detail=ok
[2026-09-26T14:19:52.007Z] I (3033724) RouteLoom: HIL LINK tx peer=1 type=32 cid=3445906384 seq=1193
[2026-09-26T14:19:52.270Z] I (3033987) RouteLoom: HIL LINK rx peer=3 type=40 cid=2065731346 current=0 status=5 seq=318
[2026-09-26T14:19:52.275Z] I (3033991) RouteLoom: HIL PROBE tx peer=3 type=41 status=0 detail=ok
[2026-09-26T14:19:54.510Z] I (3036226) RouteLoom: HIL LINK tx peer=3 type=32 cid=3131591193 seq=1194
[2026-09-26T14:19:55.006Z] I (3036723) RouteLoom: HIL LINK rx peer=3 type=32 cid=2065731346 current=0 status=5 seq=611
[2026-09-26T14:19:55.067Z] I (3036783) RouteLoom: HIL LINK rx peer=1 type=32 cid=3139351763 current=0 status=5 seq=583
[2026-09-26T14:19:57.012Z] I (3038727) RouteLoom: HIL LINK tx peer=1 type=32 cid=3445906384 seq=1195
[2026-09-26T14:19:59.512Z] I (3041229) RouteLoom: HIL LINK tx peer=3 type=32 cid=3131591193 seq=1196
[2026-09-26T14:20:00.009Z] I (3041726) RouteLoom: HIL LINK rx peer=3 type=32 cid=2065731346 current=0 status=5 seq=612
[2026-09-26T14:20:00.070Z] I (3041786) RouteLoom: HIL LINK rx peer=1 type=32 cid=3139351763 current=0 status=5 seq=584
[2026-09-26T14:20:01.454Z] I (3043171) RouteLoom: HIL PROBE tx peer=1 type=40 status=0 detail=ok
[2026-09-26T14:20:01.472Z] I (3043188) RouteLoom: HIL LINK rx peer=1 type=41 cid=3139351763 current=0 status=5 seq=307
[2026-09-26T14:20:02.013Z] I (3043730) RouteLoom: HIL LINK tx peer=1 type=32 cid=3445906384 seq=1197
[2026-09-26T14:20:02.272Z] I (3043989) RouteLoom: HIL PROBE tx peer=3 type=40 status=0 detail=ok
[2026-09-26T14:20:02.291Z] I (3044007) RouteLoom: HIL LINK rx peer=3 type=41 cid=2065731346 current=0 status=5 seq=319
[2026-09-26T14:20:04.513Z] I (3046230) RouteLoom: HIL LINK tx peer=3 type=32 cid=3131591193 seq=1198
[2026-09-26T14:20:05.009Z] I (3046726) RouteLoom: HIL LINK rx peer=3 type=32 cid=2065731346 current=0 status=5 seq=613
[2026-09-26T14:20:05.070Z] I (3046786) RouteLoom: HIL LINK rx peer=1 type=32 cid=3139351763 current=0 status=5 seq=585
[2026-09-26T14:20:07.013Z] I (3048730) RouteLoom: HIL LINK tx peer=1 type=32 cid=3445906384 seq=1199
[2026-09-26T14:20:09.515Z] I (3051232) RouteLoom: HIL LINK tx peer=3 type=32 cid=3131591193 seq=1200
[2026-09-26T14:20:10.012Z] I (3051728) RouteLoom: HIL LINK rx peer=3 type=32 cid=2065731346 current=0 status=5 seq=614
[2026-09-26T14:20:10.071Z] I (3051787) RouteLoom: HIL LINK rx peer=1 type=32 cid=3139351763 current=0 status=5 seq=586
[2026-09-26T14:20:11.470Z] I (3053187) RouteLoom: HIL LINK rx peer=1 type=40 cid=3139351763 current=0 status=5 seq=308
[2026-09-26T14:20:11.474Z] I (3053191) RouteLoom: HIL PROBE tx peer=1 type=41 status=0 detail=ok
[2026-09-26T14:20:12.016Z] I (3053733) RouteLoom: HIL LINK tx peer=1 type=32 cid=3445906384 seq=1201
[2026-09-26T14:20:12.289Z] I (3054005) RouteLoom: HIL LINK rx peer=3 type=40 cid=2065731346 current=0 status=5 seq=320
[2026-09-26T14:20:12.293Z] I (3054009) RouteLoom: HIL PROBE tx peer=3 type=41 status=0 detail=ok
[2026-09-26T14:20:14.518Z] I (3056235) RouteLoom: HIL LINK tx peer=3 type=32 cid=3131591193 seq=1202
[2026-09-26T14:20:15.013Z] I (3056729) RouteLoom: HIL LINK rx peer=3 type=32 cid=2065731346 current=0 status=5 seq=615
[2026-09-26T14:20:15.073Z] I (3056789) RouteLoom: HIL LINK rx peer=1 type=32 cid=3139351763 current=0 status=5 seq=587
[2026-09-26T14:20:17.019Z] I (3058736) RouteLoom: HIL LINK tx peer=1 type=32 cid=3445906384 seq=1203
[2026-09-26T14:20:18.745Z] I (3060461) RouteLoom: stack hwm main 11096 B
[2026-09-26T14:20:18.745Z] I (3060461) RouteLoom: HIL HEAP free=21708 largest=18432 min=20932 B
[2026-09-26T14:20:18.755Z] I (3060462) RouteLoom: HIL DISCOVERY candidates=0 neighbors=2 capacity=0 auth=2 stale=0 probes=314 send_failures=19 kind_rejects=0
[2026-09-26T14:20:18.763Z] I (3060472) RouteLoom: HIL ROUTE peer=1 phase=5 via=1 metric=1 generation=307 seq=1
[2026-09-26T14:20:18.770Z] I (3060479) RouteLoom: HIL ROUTE peer=3 phase=5 via=3 metric=1 generation=107 seq=1
[2026-09-26T14:20:19.520Z] I (3061237) RouteLoom: HIL LINK tx peer=3 type=32 cid=3131591193 seq=1204
[2026-09-26T14:20:20.012Z] I (3061729) RouteLoom: HIL LINK rx peer=3 type=32 cid=2065731346 current=0 status=5 seq=616
[2026-09-26T14:20:20.074Z] I (3061790) RouteLoom: HIL LINK rx peer=1 type=32 cid=3139351763 current=0 status=5 seq=588
[2026-09-26T14:20:21.473Z] I (3063190) RouteLoom: HIL PROBE tx peer=1 type=40 status=0 detail=ok
[2026-09-26T14:20:21.492Z] I (3063208) RouteLoom: HIL LINK rx peer=1 type=41 cid=3139351763 current=0 status=5 seq=309
[2026-09-26T14:20:22.022Z] I (3063739) RouteLoom: HIL LINK tx peer=1 type=32 cid=3445906384 seq=1205
[2026-09-26T14:20:22.291Z] I (3064008) RouteLoom: HIL PROBE tx peer=3 type=40 status=0 detail=ok
[2026-09-26T14:20:22.308Z] I (3064025) RouteLoom: HIL LINK rx peer=3 type=41 cid=2065731346 current=0 status=5 seq=321
[2026-09-26T14:20:24.524Z] I (3066241) RouteLoom: HIL LINK tx peer=3 type=32 cid=3131591193 seq=1206
[2026-09-26T14:20:25.015Z] I (3066731) RouteLoom: HIL LINK rx peer=3 type=32 cid=2065731346 current=0 status=5 seq=617
[2026-09-26T14:20:25.076Z] I (3066792) RouteLoom: HIL LINK rx peer=1 type=32 cid=3139351763 current=0 status=5 seq=589
[2026-09-26T14:20:27.025Z] I (3068742) RouteLoom: HIL LINK tx peer=1 type=32 cid=3445906384 seq=1207
[2026-09-26T14:20:27.849Z] I (3069565) RouteLoom: HIL LINK rx peer=1 type=16 cid=3139351763 current=0 status=5 seq=94
[2026-09-26T14:20:27.855Z] I (3069571) RouteLoom: HIL LINK tx peer=1 type=17 cid=3445906384 seq=94
[2026-09-26T14:20:27.866Z] I (3069582) RouteLoom: HIL LINK tx peer=3 type=16 cid=3131591193 seq=94
[2026-09-26T14:20:27.886Z] I (3069602) RouteLoom: HIL LINK rx peer=3 type=17 cid=2065731346 current=0 status=5 seq=94
[2026-09-26T14:20:27.898Z] I (3069614) RouteLoom: HIL LINK rx peer=3 type=18 cid=2065731346 current=0 status=5 seq=94
[2026-09-26T14:20:27.904Z] I (3069620) RouteLoom: HIL LINK tx peer=3 type=17 cid=3131591193 seq=94
[2026-09-26T14:20:27.915Z] I (3069631) RouteLoom: HIL LINK tx peer=1 type=18 cid=3445906384 seq=94
[2026-09-26T14:20:27.936Z] I (3069652) RouteLoom: HIL LINK rx peer=1 type=17 cid=3139351763 current=0 status=5 seq=94
[2026-09-26T14:20:29.527Z] I (3071244) RouteLoom: HIL LINK tx peer=3 type=32 cid=3131591193 seq=1208
[2026-09-26T14:20:30.013Z] I (3071729) RouteLoom: HIL LINK rx peer=3 type=32 cid=2065731346 current=0 status=5 seq=618
[2026-09-26T14:20:30.077Z] I (3071792) RouteLoom: HIL LINK rx peer=1 type=32 cid=3139351763 current=0 status=5 seq=590
[2026-09-26T14:20:31.491Z] I (3073207) RouteLoom: HIL LINK rx peer=1 type=40 cid=3139351763 current=0 status=5 seq=310
[2026-09-26T14:20:31.495Z] I (3073211) RouteLoom: HIL PROBE tx peer=1 type=41 status=0 detail=ok
[2026-09-26T14:20:32.028Z] I (3073744) RouteLoom: HIL LINK tx peer=1 type=32 cid=3445906384 seq=1209
[2026-09-26T14:20:32.306Z] I (3074022) RouteLoom: HIL LINK rx peer=3 type=40 cid=2065731346 current=0 status=5 seq=322
[2026-09-26T14:20:32.311Z] I (3074026) RouteLoom: HIL PROBE tx peer=3 type=41 status=0 detail=ok
[2026-09-26T14:20:34.530Z] I (3076246) RouteLoom: HIL LINK tx peer=3 type=32 cid=3131591193 seq=1210
[2026-09-26T14:20:35.015Z] I (3076731) RouteLoom: HIL LINK rx peer=3 type=32 cid=2065731346 current=0 status=5 seq=619
[2026-09-26T14:20:35.079Z] I (3076794) RouteLoom: HIL LINK rx peer=1 type=32 cid=3139351763 current=0 status=5 seq=591
[2026-09-26T14:20:37.031Z] I (3078747) RouteLoom: HIL LINK tx peer=1 type=32 cid=3445906384 seq=1211
[2026-09-26T14:20:39.533Z] I (3081249) RouteLoom: HIL LINK tx peer=3 type=32 cid=3131591193 seq=1212
[2026-09-26T14:20:40.016Z] I (3081732) RouteLoom: HIL LINK rx peer=3 type=32 cid=2065731346 current=0 status=5 seq=620
[2026-09-26T14:20:40.081Z] I (3081797) RouteLoom: HIL LINK rx peer=1 type=32 cid=3139351763 current=0 status=5 seq=592
[2026-09-26T14:20:41.492Z] I (3083208) RouteLoom: HIL PROBE tx peer=1 type=40 status=0 detail=ok
[2026-09-26T14:20:41.509Z] I (3083225) RouteLoom: HIL LINK rx peer=1 type=41 cid=3139351763 current=0 status=5 seq=311
[2026-09-26T14:20:42.033Z] I (3083749) RouteLoom: HIL LINK tx peer=1 type=32 cid=3445906384 seq=1213
[2026-09-26T14:20:42.310Z] I (3084026) RouteLoom: HIL PROBE tx peer=3 type=40 status=0 detail=ok
[2026-09-26T14:20:42.327Z] I (3084043) RouteLoom: HIL LINK rx peer=3 type=41 cid=2065731346 current=0 status=5 seq=323
[2026-09-26T14:20:44.534Z] I (3086250) RouteLoom: HIL LINK tx peer=3 type=32 cid=3131591193 seq=1214
[2026-09-26T14:20:45.016Z] I (3086732) RouteLoom: HIL LINK rx peer=3 type=32 cid=2065731346 current=0 status=5 seq=621
[2026-09-26T14:20:45.083Z] I (3086798) RouteLoom: HIL LINK rx peer=1 type=32 cid=3139351763 current=0 status=5 seq=593
[2026-09-26T14:20:47.035Z] I (3088751) RouteLoom: HIL LINK tx peer=1 type=32 cid=3445906384 seq=1215
[2026-09-26T14:20:49.537Z] I (3091253) RouteLoom: HIL LINK tx peer=3 type=32 cid=3131591193 seq=1216
[2026-09-26T14:20:50.017Z] I (3091732) RouteLoom: HIL LINK rx peer=3 type=32 cid=2065731346 current=0 status=5 seq=622
[2026-09-26T14:20:50.084Z] I (3091799) RouteLoom: HIL LINK rx peer=1 type=32 cid=3139351763 current=0 status=5 seq=594
[2026-09-26T14:20:51.507Z] I (3093223) RouteLoom: HIL LINK rx peer=1 type=40 cid=3139351763 current=0 status=5 seq=312
[2026-09-26T14:20:51.511Z] I (3093227) RouteLoom: HIL PROBE tx peer=1 type=41 status=0 detail=ok
[2026-09-26T14:20:52.039Z] I (3093755) RouteLoom: HIL LINK tx peer=1 type=32 cid=3445906384 seq=1217
[2026-09-26T14:20:52.324Z] I (3094040) RouteLoom: HIL LINK rx peer=3 type=40 cid=2065731346 current=0 status=5 seq=324
[2026-09-26T14:20:52.328Z] I (3094044) RouteLoom: HIL PROBE tx peer=3 type=41 status=0 detail=ok
[2026-09-26T14:20:54.539Z] I (3096255) RouteLoom: HIL LINK tx peer=3 type=32 cid=3131591193 seq=1218
[2026-09-26T14:20:55.018Z] I (3096733) RouteLoom: HIL LINK rx peer=3 type=32 cid=2065731346 current=0 status=5 seq=623
[2026-09-26T14:20:55.085Z] I (3096800) RouteLoom: HIL LINK rx peer=1 type=32 cid=3139351763 current=0 status=5 seq=595
[2026-09-26T14:20:57.040Z] I (3098756) RouteLoom: HIL LINK tx peer=1 type=32 cid=3445906384 seq=1219
[2026-09-26T14:20:59.542Z] I (3101258) RouteLoom: HIL LINK tx peer=3 type=32 cid=3131591193 seq=1220
[2026-09-26T14:21:00.019Z] I (3101734) RouteLoom: HIL LINK rx peer=3 type=32 cid=2065731346 current=0 status=5 seq=624
[2026-09-26T14:21:00.087Z] I (3101802) RouteLoom: HIL LINK rx peer=1 type=32 cid=3139351763 current=0 status=5 seq=596
[2026-09-26T14:21:01.509Z] I (3103225) RouteLoom: HIL PROBE tx peer=1 type=40 status=0 detail=ok
[2026-09-26T14:21:01.528Z] I (3103243) RouteLoom: HIL LINK rx peer=1 type=41 cid=3139351763 current=0 status=5 seq=313
[2026-09-26T14:21:02.043Z] I (3103759) RouteLoom: HIL LINK tx peer=1 type=32 cid=3445906384 seq=1221
[2026-09-26T14:21:02.327Z] I (3104043) RouteLoom: HIL PROBE tx peer=3 type=40 status=0 detail=ok
[2026-09-26T14:21:02.347Z] I (3104062) RouteLoom: HIL LINK rx peer=3 type=41 cid=2065731346 current=0 status=5 seq=325
[2026-09-26T14:21:04.545Z] I (3106261) RouteLoom: HIL LINK tx peer=3 type=32 cid=3131591193 seq=1222
[2026-09-26T14:21:04.847Z] I (3106563) RouteLoom: HIL LINK rx peer=1 type=16 cid=3139351763 current=0 status=5 seq=95
[2026-09-26T14:21:04.851Z] I (3106566) RouteLoomRef: message origin=1 session=307 sequence=95 bytes=9
[2026-09-26T14:21:04.857Z] I (3106570) RouteLoom: HIL LINK tx peer=1 type=17 cid=3445906384 seq=95
[2026-09-26T14:21:04.868Z] I (3106584) RouteLoom: HIL LINK tx peer=1 type=18 cid=3445906384 seq=95
[2026-09-26T14:21:04.890Z] I (3106605) RouteLoom: HIL LINK rx peer=1 type=17 cid=3139351763 current=0 status=5 seq=95
[2026-09-26T14:21:05.024Z] I (3106739) RouteLoom: HIL LINK rx peer=3 type=32 cid=2065731346 current=0 status=5 seq=625
[2026-09-26T14:21:05.088Z] I (3106803) RouteLoom: HIL LINK rx peer=1 type=32 cid=3139351763 current=0 status=5 seq=597
[2026-09-26T14:21:07.046Z] I (3108762) RouteLoom: HIL LINK tx peer=1 type=32 cid=3445906384 seq=1223
[2026-09-26T14:21:09.548Z] I (3111264) RouteLoom: HIL LINK tx peer=3 type=32 cid=3131591193 seq=1224
[2026-09-26T14:21:10.022Z] I (3111737) RouteLoom: HIL LINK rx peer=3 type=32 cid=2065731346 current=0 status=5 seq=626
[2026-09-26T14:21:10.089Z] I (3111804) RouteLoom: HIL LINK rx peer=1 type=32 cid=3139351763 current=0 status=5 seq=598
[2026-09-26T14:21:11.531Z] I (3113246) RouteLoom: HIL PROBE tx peer=1 type=40 status=0 detail=ok
[2026-09-26T14:21:11.534Z] I (3113248) RouteLoom: HIL LINK rx peer=1 type=40 cid=3139351763 current=0 status=5 seq=314
[2026-09-26T14:21:11.543Z] I (3113252) RouteLoom: HIL PROBE tx peer=1 type=41 status=6 detail=autonomy TX already in flight to peer
[2026-09-26T14:21:11.551Z] I (3113263) RouteLoom: HIL LINK rx peer=1 type=41 cid=3139351763 current=0 status=5 seq=315
[2026-09-26T14:21:12.048Z] I (3113764) RouteLoom: HIL LINK tx peer=1 type=32 cid=3445906384 seq=1225
[2026-09-26T14:21:12.344Z] I (3114060) RouteLoom: HIL LINK rx peer=3 type=40 cid=2065731346 current=0 status=5 seq=326
[2026-09-26T14:21:12.348Z] I (3114064) RouteLoom: HIL PROBE tx peer=3 type=41 status=0 detail=ok
[2026-09-26T14:21:14.549Z] I (3116265) RouteLoom: HIL LINK tx peer=3 type=32 cid=3131591193 seq=1226
[2026-09-26T14:21:15.023Z] I (3116738) RouteLoom: HIL LINK rx peer=3 type=32 cid=2065731346 current=0 status=5 seq=627
[2026-09-26T14:21:15.090Z] I (3116805) RouteLoom: HIL LINK rx peer=1 type=32 cid=3139351763 current=0 status=5 seq=599
[2026-09-26T14:21:17.051Z] I (3118767) RouteLoom: HIL LINK tx peer=1 type=32 cid=3445906384 seq=1227
[2026-09-26T14:21:18.747Z] I (3120462) RouteLoom: stack hwm main 11096 B
[2026-09-26T14:21:18.747Z] I (3120462) RouteLoom: HIL HEAP free=21708 largest=18432 min=20932 B
[2026-09-26T14:21:18.757Z] I (3120463) RouteLoom: HIL DISCOVERY candidates=0 neighbors=2 capacity=0 auth=2 stale=0 probes=321 send_failures=20 kind_rejects=0
[2026-09-26T14:21:18.765Z] I (3120473) RouteLoom: HIL ROUTE peer=1 phase=5 via=1 metric=1 generation=307 seq=1
[2026-09-26T14:21:18.772Z] I (3120480) RouteLoom: HIL ROUTE peer=3 phase=5 via=3 metric=1 generation=107 seq=1
[2026-09-26T14:21:19.552Z] I (3121268) RouteLoom: HIL LINK tx peer=3 type=32 cid=3131591193 seq=1228
[2026-09-26T14:21:20.025Z] I (3121740) RouteLoom: HIL LINK rx peer=3 type=32 cid=2065731346 current=0 status=5 seq=628
[2026-09-26T14:21:20.095Z] I (3121810) RouteLoom: HIL LINK rx peer=1 type=32 cid=3139351763 current=0 status=5 seq=600
[2026-09-26T14:21:21.548Z] I (3123263) RouteLoom: HIL LINK rx peer=1 type=40 cid=3139351763 current=0 status=5 seq=316
[2026-09-26T14:21:21.552Z] I (3123267) RouteLoom: HIL PROBE tx peer=1 type=41 status=0 detail=ok
[2026-09-26T14:21:22.052Z] I (3123768) RouteLoom: HIL LINK tx peer=1 type=32 cid=3445906384 seq=1229
[2026-09-26T14:21:22.353Z] I (3124064) RouteLoom: HIL PROBE tx peer=3 type=40 status=0 detail=ok
[2026-09-26T14:21:22.365Z] I (3124081) RouteLoom: HIL LINK rx peer=3 type=41 cid=2065731346 current=0 status=5 seq=327
[2026-09-26T14:21:24.554Z] I (3126270) RouteLoom: HIL LINK tx peer=3 type=32 cid=3131591193 seq=1230
[2026-09-26T14:21:25.024Z] I (3126739) RouteLoom: HIL LINK rx peer=3 type=32 cid=2065731346 current=0 status=5 seq=629
[2026-09-26T14:21:25.092Z] I (3126807) RouteLoom: HIL LINK rx peer=1 type=32 cid=3139351763 current=0 status=5 seq=601
[2026-09-26T14:21:27.056Z] I (3128772) RouteLoom: HIL LINK tx peer=1 type=32 cid=3445906384 seq=1231
[2026-09-26T14:21:29.558Z] I (3131274) RouteLoom: HIL LINK tx peer=3 type=32 cid=3131591193 seq=1232
[2026-09-26T14:21:30.025Z] I (3131740) RouteLoom: HIL LINK rx peer=3 type=32 cid=2065731346 current=0 status=5 seq=630
[2026-09-26T14:21:30.096Z] I (3131810) RouteLoom: HIL LINK rx peer=1 type=32 cid=3139351763 current=0 status=5 seq=602
[2026-09-26T14:21:31.552Z] I (3133267) RouteLoom: HIL PROBE tx peer=1 type=40 status=0 detail=ok
[2026-09-26T14:21:31.570Z] I (3133285) RouteLoom: HIL LINK rx peer=1 type=41 cid=3139351763 current=0 status=5 seq=317
[2026-09-26T14:21:32.058Z] I (3133774) RouteLoom: HIL LINK tx peer=1 type=32 cid=3445906384 seq=1233
[2026-09-26T14:21:32.366Z] I (3134081) RouteLoom: HIL LINK rx peer=3 type=40 cid=2065731346 current=0 status=5 seq=328
[2026-09-26T14:21:32.370Z] I (3134085) RouteLoom: HIL PROBE tx peer=3 type=41 status=0 detail=ok
[2026-09-26T14:21:34.560Z] I (3136275) RouteLoom: HIL LINK tx peer=3 type=32 cid=3131591193 seq=1234
[2026-09-26T14:21:35.027Z] I (3136741) RouteLoom: HIL LINK rx peer=3 type=32 cid=2065731346 current=0 status=5 seq=631
[2026-09-26T14:21:35.095Z] I (3136809) RouteLoom: HIL LINK rx peer=1 type=32 cid=3139351763 current=0 status=5 seq=603
[2026-09-26T14:21:37.062Z] I (3138777) RouteLoom: HIL LINK tx peer=1 type=32 cid=3445906384 seq=1235
[2026-09-26T14:21:39.564Z] I (3141279) RouteLoom: HIL LINK tx peer=3 type=32 cid=3131591193 seq=1236
[2026-09-26T14:21:40.028Z] I (3141743) RouteLoom: HIL LINK rx peer=3 type=32 cid=2065731346 current=0 status=5 seq=632
[2026-09-26T14:21:40.096Z] I (3141811) RouteLoom: HIL LINK rx peer=1 type=32 cid=3139351763 current=0 status=5 seq=604
[2026-09-26T14:21:41.568Z] I (3143283) RouteLoom: HIL LINK rx peer=1 type=40 cid=3139351763 current=0 status=5 seq=318
[2026-09-26T14:21:41.572Z] I (3143286) RouteLoom: HIL PROBE tx peer=1 type=41 status=0 detail=ok
[2026-09-26T14:21:41.852Z] I (3143567) RouteLoom: HIL LINK rx peer=1 type=16 cid=3139351763 current=0 status=5 seq=96
[2026-09-26T14:21:41.858Z] I (3143572) RouteLoom: HIL LINK tx peer=1 type=17 cid=3445906384 seq=96
[2026-09-26T14:21:41.869Z] I (3143584) RouteLoom: HIL LINK tx peer=3 type=16 cid=3131591193 seq=96
[2026-09-26T14:21:41.891Z] I (3143605) RouteLoom: HIL LINK rx peer=3 type=17 cid=2065731346 current=0 status=5 seq=96
[2026-09-26T14:21:41.901Z] I (3143616) RouteLoom: HIL LINK rx peer=3 type=18 cid=2065731346 current=0 status=5 seq=96
[2026-09-26T14:21:41.907Z] I (3143622) RouteLoom: HIL LINK tx peer=3 type=17 cid=3131591193 seq=96
[2026-09-26T14:21:41.918Z] I (3143633) RouteLoom: HIL LINK tx peer=1 type=18 cid=3445906384 seq=96
[2026-09-26T14:21:41.939Z] I (3143654) RouteLoom: HIL LINK rx peer=1 type=17 cid=3139351763 current=0 status=5 seq=96
[2026-09-26T14:21:42.064Z] I (3143779) RouteLoom: HIL LINK tx peer=1 type=32 cid=3445906384 seq=1237
[2026-09-26T14:21:42.369Z] I (3144084) RouteLoom: HIL PROBE tx peer=3 type=40 status=0 detail=ok
[2026-09-26T14:21:42.388Z] I (3144102) RouteLoom: HIL LINK rx peer=3 type=41 cid=2065731346 current=0 status=5 seq=329
[2026-09-26T14:21:44.565Z] I (3146280) RouteLoom: HIL LINK tx peer=3 type=32 cid=3131591193 seq=1238
[2026-09-26T14:21:45.029Z] I (3146743) RouteLoom: HIL LINK rx peer=3 type=32 cid=2065731346 current=0 status=5 seq=633
[2026-09-26T14:21:45.097Z] I (3146811) RouteLoom: HIL LINK rx peer=1 type=32 cid=3139351763 current=0 status=5 seq=605
[2026-09-26T14:21:47.067Z] I (3148782) RouteLoom: HIL LINK tx peer=1 type=32 cid=3445906384 seq=1239
[2026-09-26T14:21:49.569Z] I (3151284) RouteLoom: HIL LINK tx peer=3 type=32 cid=3131591193 seq=1240
[2026-09-26T14:21:50.030Z] I (3151744) RouteLoom: HIL LINK rx peer=3 type=32 cid=2065731346 current=0 status=5 seq=634
[2026-09-26T14:21:50.100Z] I (3151814) RouteLoom: HIL LINK rx peer=1 type=32 cid=3139351763 current=0 status=5 seq=606
[2026-09-26T14:21:51.571Z] I (3153286) RouteLoom: HIL PROBE tx peer=1 type=40 status=0 detail=ok
[2026-09-26T14:21:51.590Z] I (3153304) RouteLoom: HIL LINK rx peer=1 type=41 cid=3139351763 current=0 status=5 seq=319
[2026-09-26T14:21:52.069Z] I (3153784) RouteLoom: HIL LINK tx peer=1 type=32 cid=3445906384 seq=1241
[2026-09-26T14:21:52.386Z] I (3154100) RouteLoom: HIL LINK rx peer=3 type=40 cid=2065731346 current=0 status=5 seq=330
[2026-09-26T14:21:52.390Z] I (3154104) RouteLoom: HIL PROBE tx peer=3 type=41 status=0 detail=ok
[2026-09-26T14:21:54.573Z] I (3156285) RouteLoom: HIL LINK tx peer=3 type=32 cid=3131591193 seq=1242
[2026-09-26T14:21:55.031Z] I (3156745) RouteLoom: HIL LINK rx peer=3 type=32 cid=2065731346 current=0 status=5 seq=635
[2026-09-26T14:21:55.099Z] I (3156813) RouteLoom: HIL LINK rx peer=1 type=32 cid=3139351763 current=0 status=5 seq=607
[2026-09-26T14:21:57.072Z] I (3158787) RouteLoom: HIL LINK tx peer=1 type=32 cid=3445906384 seq=1243
[2026-09-26T14:21:59.574Z] I (3161289) RouteLoom: HIL LINK tx peer=3 type=32 cid=3131591193 seq=1244
[2026-09-26T14:22:00.032Z] I (3161746) RouteLoom: HIL LINK rx peer=3 type=32 cid=2065731346 current=0 status=5 seq=636
[2026-09-26T14:22:00.102Z] I (3161816) RouteLoom: HIL LINK rx peer=1 type=32 cid=3139351763 current=0 status=5 seq=608
[2026-09-26T14:22:01.589Z] I (3163304) RouteLoom: HIL LINK rx peer=1 type=40 cid=3139351763 current=0 status=5 seq=320
[2026-09-26T14:22:01.593Z] I (3163307) RouteLoom: HIL PROBE tx peer=1 type=41 status=0 detail=ok
[2026-09-26T14:22:02.075Z] I (3163790) RouteLoom: HIL LINK tx peer=1 type=32 cid=3445906384 seq=1245
[2026-09-26T14:22:02.389Z] I (3164104) RouteLoom: HIL PROBE tx peer=3 type=40 status=0 detail=ok
[2026-09-26T14:22:02.406Z] I (3164121) RouteLoom: HIL LINK rx peer=3 type=41 cid=2065731346 current=0 status=5 seq=331
[2026-09-26T14:22:04.577Z] I (3166292) RouteLoom: HIL LINK tx peer=3 type=32 cid=3131591193 seq=1246
[2026-09-26T14:22:05.032Z] I (3166746) RouteLoom: HIL LINK rx peer=3 type=32 cid=2065731346 current=0 status=5 seq=637
[2026-09-26T14:22:05.102Z] I (3166816) RouteLoom: HIL LINK rx peer=1 type=32 cid=3139351763 current=0 status=5 seq=609
[2026-09-26T14:22:07.078Z] I (3168793) RouteLoom: HIL LINK tx peer=1 type=32 cid=3445906384 seq=1247
[2026-09-26T14:22:09.580Z] I (3171295) RouteLoom: HIL LINK tx peer=3 type=32 cid=3131591193 seq=1248
[2026-09-26T14:22:10.033Z] I (3171747) RouteLoom: HIL LINK rx peer=3 type=32 cid=2065731346 current=0 status=5 seq=638
[2026-09-26T14:22:10.103Z] I (3171817) RouteLoom: HIL LINK rx peer=1 type=32 cid=3139351763 current=0 status=5 seq=610
[2026-09-26T14:22:11.592Z] I (3173307) RouteLoom: HIL PROBE tx peer=1 type=40 status=0 detail=ok
[2026-09-26T14:22:11.610Z] I (3173324) RouteLoom: HIL LINK rx peer=1 type=41 cid=3139351763 current=0 status=5 seq=321
[2026-09-26T14:22:12.082Z] I (3173797) RouteLoom: HIL LINK tx peer=1 type=32 cid=3445906384 seq=1249
[2026-09-26T14:22:12.406Z] I (3174120) RouteLoom: HIL LINK rx peer=3 type=40 cid=2065731346 current=0 status=5 seq=332
[2026-09-26T14:22:12.410Z] I (3174124) RouteLoom: HIL PROBE tx peer=3 type=41 status=0 detail=ok
[2026-09-26T14:22:14.584Z] I (3176299) RouteLoom: HIL LINK tx peer=3 type=32 cid=3131591193 seq=1250
[2026-09-26T14:22:15.034Z] I (3176748) RouteLoom: HIL LINK rx peer=3 type=32 cid=2065731346 current=0 status=5 seq=639
[2026-09-26T14:22:15.104Z] I (3176818) RouteLoom: HIL LINK rx peer=1 type=32 cid=3139351763 current=0 status=5 seq=611
[2026-09-26T14:22:17.086Z] I (3178801) RouteLoom: HIL LINK tx peer=1 type=32 cid=3445906384 seq=1251
[2026-09-26T14:22:18.749Z] I (3180463) RouteLoom: stack hwm main 11096 B
[2026-09-26T14:22:18.749Z] I (3180463) RouteLoom: HIL HEAP free=21708 largest=18432 min=20932 B
[2026-09-26T14:22:18.759Z] I (3180464) RouteLoom: HIL DISCOVERY candidates=0 neighbors=2 capacity=0 auth=2 stale=0 probes=327 send_failures=20 kind_rejects=0
[2026-09-26T14:22:18.766Z] I (3180474) RouteLoom: HIL ROUTE peer=1 phase=5 via=1 metric=1 generation=307 seq=1
[2026-09-26T14:22:18.774Z] I (3180481) RouteLoom: HIL ROUTE peer=3 phase=5 via=3 metric=1 generation=107 seq=1
[2026-09-26T14:22:18.845Z] I (3180560) RouteLoom: HIL LINK rx peer=1 type=16 cid=3139351763 current=0 status=5 seq=97
[2026-09-26T14:22:18.849Z] I (3180563) RouteLoomRef: message origin=1 session=307 sequence=97 bytes=9
[2026-09-26T14:22:18.855Z] I (3180567) RouteLoom: HIL LINK tx peer=1 type=17 cid=3445906384 seq=97
[2026-09-26T14:22:18.864Z] I (3180579) RouteLoom: HIL LINK tx peer=1 type=18 cid=3445906384 seq=97
[2026-09-26T14:22:18.887Z] I (3180601) RouteLoom: HIL LINK rx peer=1 type=17 cid=3139351763 current=0 status=5 seq=97
[2026-09-26T14:22:19.589Z] I (3181303) RouteLoom: HIL LINK tx peer=3 type=32 cid=3131591193 seq=1252
[2026-09-26T14:22:20.034Z] I (3181748) RouteLoom: HIL LINK rx peer=3 type=32 cid=2065731346 current=0 status=5 seq=640
[2026-09-26T14:22:20.105Z] I (3181820) RouteLoom: HIL LINK rx peer=1 type=32 cid=3139351763 current=0 status=5 seq=612
[2026-09-26T14:22:21.609Z] I (3183324) RouteLoom: HIL LINK rx peer=1 type=40 cid=3139351763 current=0 status=5 seq=322
[2026-09-26T14:22:21.613Z] I (3183328) RouteLoom: HIL PROBE tx peer=1 type=41 status=0 detail=ok
[2026-09-26T14:22:22.089Z] I (3183804) RouteLoom: HIL LINK tx peer=1 type=32 cid=3445906384 seq=1253
[2026-09-26T14:22:22.409Z] I (3184124) RouteLoom: HIL PROBE tx peer=3 type=40 status=0 detail=ok
[2026-09-26T14:22:22.427Z] I (3184141) RouteLoom: HIL LINK rx peer=3 type=41 cid=2065731346 current=0 status=5 seq=333
[2026-09-26T14:22:24.591Z] I (3186306) RouteLoom: HIL LINK tx peer=3 type=32 cid=3131591193 seq=1254
[2026-09-26T14:22:25.035Z] I (3186749) RouteLoom: HIL LINK rx peer=3 type=32 cid=2065731346 current=0 status=5 seq=641
[2026-09-26T14:22:25.105Z] I (3186819) RouteLoom: HIL LINK rx peer=1 type=32 cid=3139351763 current=0 status=5 seq=613
[2026-09-26T14:22:27.094Z] I (3188808) RouteLoom: HIL LINK tx peer=1 type=32 cid=3445906384 seq=1255
[2026-09-26T14:22:29.595Z] I (3191310) RouteLoom: HIL LINK tx peer=3 type=32 cid=3131591193 seq=1256
[2026-09-26T14:22:30.036Z] I (3191750) RouteLoom: HIL LINK rx peer=3 type=32 cid=2065731346 current=0 status=5 seq=642
[2026-09-26T14:22:30.106Z] I (3191820) RouteLoom: HIL LINK rx peer=1 type=32 cid=3139351763 current=0 status=5 seq=614
[2026-09-26T14:22:31.610Z] I (3193325) RouteLoom: HIL PROBE tx peer=1 type=40 status=0 detail=ok
[2026-09-26T14:22:31.630Z] I (3193343) RouteLoom: HIL LINK rx peer=1 type=41 cid=3139351763 current=0 status=5 seq=323
[2026-09-26T14:22:32.096Z] I (3193811) RouteLoom: HIL LINK tx peer=1 type=32 cid=3445906384 seq=1257
[2026-09-26T14:22:32.425Z] I (3194139) RouteLoom: HIL LINK rx peer=3 type=40 cid=2065731346 current=0 status=5 seq=334
[2026-09-26T14:22:32.429Z] I (3194143) RouteLoom: HIL PROBE tx peer=3 type=41 status=0 detail=ok
[2026-09-26T14:22:34.598Z] I (3196312) RouteLoom: HIL LINK tx peer=3 type=32 cid=3131591193 seq=1258
[2026-09-26T14:22:35.037Z] I (3196751) RouteLoom: HIL LINK rx peer=3 type=32 cid=2065731346 current=0 status=5 seq=643
[2026-09-26T14:22:35.107Z] I (3196821) RouteLoom: HIL LINK rx peer=1 type=32 cid=3139351763 current=0 status=5 seq=615
[2026-09-26T14:22:37.099Z] I (3198813) RouteLoom: HIL LINK tx peer=1 type=32 cid=3445906384 seq=1259
[2026-09-26T14:22:39.601Z] I (3201315) RouteLoom: HIL LINK tx peer=3 type=32 cid=3131591193 seq=1260
[2026-09-26T14:22:40.038Z] I (3201751) RouteLoom: HIL LINK rx peer=3 type=32 cid=2065731346 current=0 status=5 seq=644
[2026-09-26T14:22:40.107Z] I (3201821) RouteLoom: HIL LINK rx peer=1 type=32 cid=3139351763 current=0 status=5 seq=616
[2026-09-26T14:22:41.630Z] I (3203343) RouteLoom: HIL LINK rx peer=1 type=40 cid=3139351763 current=0 status=5 seq=324
[2026-09-26T14:22:41.633Z] I (3203347) RouteLoom: HIL PROBE tx peer=1 type=41 status=0 detail=ok
[2026-09-26T14:22:42.101Z] I (3203815) RouteLoom: HIL LINK tx peer=1 type=32 cid=3445906384 seq=1261
[2026-09-26T14:22:42.427Z] I (3204141) RouteLoom: HIL PROBE tx peer=3 type=40 status=0 detail=ok
[2026-09-26T14:22:42.444Z] I (3204158) RouteLoom: HIL LINK rx peer=3 type=41 cid=2065731346 current=0 status=5 seq=335
[2026-09-26T14:22:44.603Z] I (3206317) RouteLoom: HIL LINK tx peer=3 type=32 cid=3131591193 seq=1262
[2026-09-26T14:22:45.037Z] I (3206751) RouteLoom: HIL LINK rx peer=3 type=32 cid=2065731346 current=0 status=5 seq=645
[2026-09-26T14:22:45.107Z] I (3206821) RouteLoom: HIL LINK rx peer=1 type=32 cid=3139351763 current=0 status=5 seq=617
[2026-09-26T14:22:47.105Z] I (3208819) RouteLoom: HIL LINK tx peer=1 type=32 cid=3445906384 seq=1263
[2026-09-26T14:22:49.607Z] I (3211321) RouteLoom: HIL LINK tx peer=3 type=32 cid=3131591193 seq=1264
[2026-09-26T14:22:50.037Z] I (3211751) RouteLoom: HIL LINK rx peer=3 type=32 cid=2065731346 current=0 status=5 seq=646
[2026-09-26T14:22:50.111Z] I (3211824) RouteLoom: HIL LINK rx peer=1 type=32 cid=3139351763 current=0 status=5 seq=618
[2026-09-26T14:22:51.633Z] I (3213347) RouteLoom: HIL PROBE tx peer=1 type=40 status=0 detail=ok
[2026-09-26T14:22:51.652Z] I (3213365) RouteLoom: HIL LINK rx peer=1 type=41 cid=3139351763 current=0 status=5 seq=325
[2026-09-26T14:22:52.107Z] I (3213821) RouteLoom: HIL LINK tx peer=1 type=32 cid=3445906384 seq=1265
[2026-09-26T14:22:52.445Z] I (3214158) RouteLoom: HIL LINK rx peer=3 type=40 cid=2065731346 current=0 status=5 seq=336
[2026-09-26T14:22:52.449Z] I (3214162) RouteLoom: HIL PROBE tx peer=3 type=41 status=0 detail=ok
[2026-09-26T14:22:54.608Z] I (3216322) RouteLoom: HIL LINK tx peer=3 type=32 cid=3131591193 seq=1266
[2026-09-26T14:22:55.039Z] I (3216752) RouteLoom: HIL LINK rx peer=3 type=32 cid=2065731346 current=0 status=5 seq=647
[2026-09-26T14:22:55.110Z] I (3216823) RouteLoom: HIL LINK rx peer=1 type=32 cid=3139351763 current=0 status=5 seq=619
[2026-09-26T14:22:55.849Z] I (3217561) RouteLoom: HIL LINK rx peer=1 type=16 cid=3139351763 current=0 status=5 seq=98
[2026-09-26T14:22:55.853Z] I (3217566) RouteLoom: HIL LINK tx peer=1 type=17 cid=3445906384 seq=98
[2026-09-26T14:22:55.864Z] I (3217578) RouteLoom: HIL LINK tx peer=3 type=16 cid=3131591193 seq=98
[2026-09-26T14:22:55.884Z] I (3217597) RouteLoom: HIL LINK rx peer=3 type=17 cid=2065731346 current=0 status=5 seq=98
[2026-09-26T14:22:55.900Z] I (3217613) RouteLoom: HIL LINK rx peer=3 type=18 cid=2065731346 current=0 status=5 seq=98
[2026-09-26T14:22:55.905Z] I (3217619) RouteLoom: HIL LINK tx peer=3 type=17 cid=3131591193 seq=98
[2026-09-26T14:22:55.916Z] I (3217630) RouteLoom: HIL LINK tx peer=1 type=18 cid=3445906384 seq=98
[2026-09-26T14:22:55.937Z] I (3217651) RouteLoom: HIL LINK rx peer=1 type=17 cid=3139351763 current=0 status=5 seq=98
[2026-09-26T14:22:57.109Z] I (3218823) RouteLoom: HIL LINK tx peer=1 type=32 cid=3445906384 seq=1267
[2026-09-26T14:22:59.611Z] I (3221325) RouteLoom: HIL LINK tx peer=3 type=32 cid=3131591193 seq=1268
[2026-09-26T14:23:00.039Z] I (3221752) RouteLoom: HIL LINK rx peer=3 type=32 cid=2065731346 current=0 status=5 seq=648
[2026-09-26T14:23:00.110Z] I (3221823) RouteLoom: HIL LINK rx peer=1 type=32 cid=3139351763 current=0 status=5 seq=620
[2026-09-26T14:23:01.650Z] I (3223363) RouteLoom: HIL LINK rx peer=1 type=40 cid=3139351763 current=0 status=5 seq=326
[2026-09-26T14:23:01.653Z] I (3223367) RouteLoom: HIL PROBE tx peer=1 type=41 status=0 detail=ok
[2026-09-26T14:23:02.112Z] I (3223826) RouteLoom: HIL LINK tx peer=1 type=32 cid=3445906384 seq=1269
[2026-09-26T14:23:02.447Z] I (3224161) RouteLoom: HIL PROBE tx peer=3 type=40 status=0 detail=ok
[2026-09-26T14:23:02.466Z] I (3224179) RouteLoom: HIL LINK rx peer=3 type=41 cid=2065731346 current=0 status=5 seq=337
[2026-09-26T14:23:04.613Z] I (3226327) RouteLoom: HIL LINK tx peer=3 type=32 cid=3131591193 seq=1270
[2026-09-26T14:23:05.041Z] I (3226754) RouteLoom: HIL LINK rx peer=3 type=32 cid=2065731346 current=0 status=5 seq=649
[2026-09-26T14:23:05.111Z] I (3226824) RouteLoom: HIL LINK rx peer=1 type=32 cid=3139351763 current=0 status=5 seq=621
[2026-09-26T14:23:07.114Z] I (3228828) RouteLoom: HIL LINK tx peer=1 type=32 cid=3445906384 seq=1271
[2026-09-26T14:23:09.616Z] I (3231330) RouteLoom: HIL LINK tx peer=3 type=32 cid=3131591193 seq=1272
[2026-09-26T14:23:10.044Z] I (3231755) RouteLoom: HIL LINK rx peer=3 type=32 cid=2065731346 current=0 status=5 seq=650
[2026-09-26T14:23:10.111Z] I (3231824) RouteLoom: HIL LINK rx peer=1 type=32 cid=3139351763 current=0 status=5 seq=622
[2026-09-26T14:23:11.651Z] I (3233365) RouteLoom: HIL PROBE tx peer=1 type=40 status=0 detail=ok
[2026-09-26T14:23:11.670Z] I (3233383) RouteLoom: HIL LINK rx peer=1 type=41 cid=3139351763 current=0 status=5 seq=327
[2026-09-26T14:23:12.116Z] I (3233830) RouteLoom: HIL LINK tx peer=1 type=32 cid=3445906384 seq=1273
[2026-09-26T14:23:12.464Z] I (3234176) RouteLoom: HIL LINK rx peer=3 type=40 cid=2065731346 current=0 status=5 seq=338
[2026-09-26T14:23:12.467Z] I (3234180) RouteLoom: HIL PROBE tx peer=3 type=41 status=0 detail=ok
[2026-09-26T14:23:14.617Z] I (3236331) RouteLoom: HIL LINK tx peer=3 type=32 cid=3131591193 seq=1274
[2026-09-26T14:23:15.042Z] I (3236756) RouteLoom: HIL LINK rx peer=3 type=32 cid=2065731346 current=0 status=5 seq=651
[2026-09-26T14:23:15.112Z] I (3236825) RouteLoom: HIL LINK rx peer=1 type=32 cid=3139351763 current=0 status=5 seq=623
[2026-09-26T14:23:17.118Z] I (3238832) RouteLoom: HIL LINK tx peer=1 type=32 cid=3445906384 seq=1275
[2026-09-26T14:23:18.750Z] I (3240464) RouteLoom: stack hwm main 11096 B
[2026-09-26T14:23:18.751Z] I (3240464) RouteLoom: HIL HEAP free=21708 largest=18432 min=20932 B
[2026-09-26T14:23:18.761Z] I (3240465) RouteLoom: HIL DISCOVERY candidates=0 neighbors=2 capacity=0 auth=2 stale=0 probes=333 send_failures=20 kind_rejects=0
[2026-09-26T14:23:18.768Z] I (3240475) RouteLoom: HIL ROUTE peer=1 phase=5 via=1 metric=1 generation=307 seq=1
[2026-09-26T14:23:18.776Z] I (3240482) RouteLoom: HIL ROUTE peer=3 phase=5 via=3 metric=1 generation=107 seq=1
[2026-09-26T14:23:19.619Z] I (3241333) RouteLoom: HIL LINK tx peer=3 type=32 cid=3131591193 seq=1276
[2026-09-26T14:23:20.044Z] I (3241757) RouteLoom: HIL LINK rx peer=3 type=32 cid=2065731346 current=0 status=5 seq=652
[2026-09-26T14:23:20.111Z] I (3241824) RouteLoom: HIL LINK rx peer=1 type=32 cid=3139351763 current=0 status=5 seq=624
[2026-09-26T14:23:21.669Z] I (3243383) RouteLoom: HIL LINK rx peer=1 type=40 cid=3139351763 current=0 status=5 seq=328
[2026-09-26T14:23:21.673Z] I (3243386) RouteLoom: HIL PROBE tx peer=1 type=41 status=0 detail=ok
[2026-09-26T14:23:22.119Z] I (3243833) RouteLoom: HIL LINK tx peer=1 type=32 cid=3445906384 seq=1277
[2026-09-26T14:23:22.466Z] I (3244180) RouteLoom: HIL PROBE tx peer=3 type=40 status=0 detail=ok
[2026-09-26T14:23:22.483Z] I (3244197) RouteLoom: HIL LINK rx peer=3 type=41 cid=2065731346 current=0 status=5 seq=339
[2026-09-26T14:23:24.621Z] I (3246335) RouteLoom: HIL LINK tx peer=3 type=32 cid=3131591193 seq=1278
[2026-09-26T14:23:25.043Z] I (3246757) RouteLoom: HIL LINK rx peer=3 type=32 cid=2065731346 current=0 status=5 seq=653
[2026-09-26T14:23:25.113Z] I (3246826) RouteLoom: HIL LINK rx peer=1 type=32 cid=3139351763 current=0 status=5 seq=625
[2026-09-26T14:23:27.122Z] I (3248836) RouteLoom: HIL LINK tx peer=1 type=32 cid=3445906384 seq=1279
[2026-09-26T14:23:29.623Z] I (3251337) RouteLoom: HIL LINK tx peer=3 type=32 cid=3131591193 seq=1280
[2026-09-26T14:23:30.044Z] I (3251758) RouteLoom: HIL LINK rx peer=3 type=32 cid=2065731346 current=0 status=5 seq=654
[2026-09-26T14:23:30.114Z] I (3251827) RouteLoom: HIL LINK rx peer=1 type=32 cid=3139351763 current=0 status=5 seq=626
[2026-09-26T14:23:31.672Z] I (3253386) RouteLoom: HIL PROBE tx peer=1 type=40 status=0 detail=ok
[2026-09-26T14:23:31.690Z] I (3253403) RouteLoom: HIL LINK rx peer=1 type=41 cid=3139351763 current=0 status=5 seq=329
[2026-09-26T14:23:32.123Z] I (3253837) RouteLoom: HIL LINK tx peer=1 type=32 cid=3445906384 seq=1281
[2026-09-26T14:23:32.482Z] I (3254195) RouteLoom: HIL LINK rx peer=3 type=40 cid=2065731346 current=0 status=5 seq=340
[2026-09-26T14:23:32.486Z] I (3254199) RouteLoom: HIL PROBE tx peer=3 type=41 status=0 detail=ok
[2026-09-26T14:23:32.851Z] I (3254565) RouteLoom: HIL LINK rx peer=1 type=16 cid=3139351763 current=0 status=5 seq=99
[2026-09-26T14:23:32.855Z] I (3254568) RouteLoomRef: message origin=1 session=307 sequence=99 bytes=9
[2026-09-26T14:23:32.863Z] I (3254572) RouteLoom: HIL LINK tx peer=1 type=17 cid=3445906384 seq=99
[2026-09-26T14:23:32.870Z] I (3254583) RouteLoom: HIL LINK tx peer=1 type=18 cid=3445906384 seq=99
[2026-09-26T14:23:32.892Z] I (3254605) RouteLoom: HIL LINK rx peer=1 type=17 cid=3139351763 current=0 status=5 seq=99
[2026-09-26T14:23:34.626Z] I (3256339) RouteLoom: HIL LINK tx peer=3 type=32 cid=3131591193 seq=1282
[2026-09-26T14:23:35.045Z] I (3256758) RouteLoom: HIL LINK rx peer=3 type=32 cid=2065731346 current=0 status=5 seq=655
[2026-09-26T14:23:35.115Z] I (3256828) RouteLoom: HIL LINK rx peer=1 type=32 cid=3139351763 current=0 status=5 seq=627
[2026-09-26T14:23:37.127Z] I (3258841) RouteLoom: HIL LINK tx peer=1 type=32 cid=3445906384 seq=1283
[2026-09-26T14:23:39.628Z] I (3261342) RouteLoom: HIL LINK tx peer=3 type=32 cid=3131591193 seq=1284
[2026-09-26T14:23:40.047Z] I (3261760) RouteLoom: HIL LINK rx peer=3 type=32 cid=2065731346 current=0 status=5 seq=656
[2026-09-26T14:23:40.117Z] I (3261830) RouteLoom: HIL LINK rx peer=1 type=32 cid=3139351763 current=0 status=5 seq=628
[2026-09-26T14:23:41.690Z] I (3263403) RouteLoom: HIL LINK rx peer=1 type=40 cid=3139351763 current=0 status=5 seq=330
[2026-09-26T14:23:41.694Z] I (3263407) RouteLoom: HIL PROBE tx peer=1 type=41 status=0 detail=ok
[2026-09-26T14:23:42.128Z] I (3263842) RouteLoom: HIL LINK tx peer=1 type=32 cid=3445906384 seq=1285
[2026-09-26T14:23:42.484Z] I (3264198) RouteLoom: HIL PROBE tx peer=3 type=40 status=0 detail=ok
[2026-09-26T14:23:42.501Z] I (3264215) RouteLoom: HIL LINK rx peer=3 type=41 cid=2065731346 current=0 status=5 seq=341
[2026-09-26T14:23:44.630Z] I (3266344) RouteLoom: HIL LINK tx peer=3 type=32 cid=3131591193 seq=1286
[2026-09-26T14:23:45.046Z] I (3266760) RouteLoom: HIL LINK rx peer=3 type=32 cid=2065731346 current=0 status=5 seq=657
[2026-09-26T14:23:45.116Z] I (3266829) RouteLoom: HIL LINK rx peer=1 type=32 cid=3139351763 current=0 status=5 seq=629
[2026-09-26T14:23:47.131Z] I (3268845) RouteLoom: HIL LINK tx peer=1 type=32 cid=3445906384 seq=1287
[2026-09-26T14:23:49.633Z] I (3271347) RouteLoom: HIL LINK tx peer=3 type=32 cid=3131591193 seq=1288
[2026-09-26T14:23:50.049Z] I (3271762) RouteLoom: HIL LINK rx peer=3 type=32 cid=2065731346 current=0 status=5 seq=658
[2026-09-26T14:23:50.119Z] I (3271832) RouteLoom: HIL LINK rx peer=1 type=32 cid=3139351763 current=0 status=5 seq=630
[2026-09-26T14:23:51.692Z] I (3273406) RouteLoom: HIL PROBE tx peer=1 type=40 status=0 detail=ok
[2026-09-26T14:23:51.711Z] I (3273424) RouteLoom: HIL LINK rx peer=1 type=41 cid=3139351763 current=0 status=5 seq=331
[2026-09-26T14:23:52.133Z] I (3273847) RouteLoom: HIL LINK tx peer=1 type=32 cid=3445906384 seq=1289
[2026-09-26T14:23:52.501Z] I (3274214) RouteLoom: HIL LINK rx peer=3 type=40 cid=2065731346 current=0 status=5 seq=342
[2026-09-26T14:23:52.505Z] I (3274218) RouteLoom: HIL PROBE tx peer=3 type=41 status=0 detail=ok
[2026-09-26T14:23:54.635Z] I (3276348) RouteLoom: HIL LINK tx peer=3 type=32 cid=3131591193 seq=1290
[2026-09-26T14:23:55.050Z] I (3276764) RouteLoom: HIL LINK rx peer=3 type=32 cid=2065731346 current=0 status=5 seq=659
[2026-09-26T14:23:55.120Z] I (3276833) RouteLoom: HIL LINK rx peer=1 type=32 cid=3139351763 current=0 status=5 seq=631
[2026-09-26T14:23:57.135Z] I (3278849) RouteLoom: HIL LINK tx peer=1 type=32 cid=3445906384 seq=1291
[2026-09-26T14:23:59.637Z] I (3281351) RouteLoom: HIL LINK tx peer=3 type=32 cid=3131591193 seq=1292
[2026-09-26T14:24:00.054Z] I (3281766) RouteLoom: HIL LINK rx peer=3 type=32 cid=2065731346 current=0 status=5 seq=660
[2026-09-26T14:24:00.120Z] I (3281833) RouteLoom: HIL LINK rx peer=1 type=32 cid=3139351763 current=0 status=5 seq=632
[2026-09-26T14:24:01.711Z] I (3283425) RouteLoom: HIL LINK rx peer=1 type=40 cid=3139351763 current=0 status=5 seq=332
[2026-09-26T14:24:01.715Z] I (3283428) RouteLoom: HIL PROBE tx peer=1 type=41 status=0 detail=ok
[2026-09-26T14:24:02.137Z] I (3283851) RouteLoom: HIL LINK tx peer=1 type=32 cid=3445906384 seq=1293
[2026-09-26T14:24:02.502Z] I (3284216) RouteLoom: HIL PROBE tx peer=3 type=40 status=0 detail=ok
[2026-09-26T14:24:02.520Z] I (3284233) RouteLoom: HIL LINK rx peer=3 type=41 cid=2065731346 current=0 status=5 seq=343
[2026-09-26T14:24:04.639Z] I (3286353) RouteLoom: HIL LINK tx peer=3 type=32 cid=3131591193 seq=1294
[2026-09-26T14:24:05.053Z] I (3286766) RouteLoom: HIL LINK rx peer=3 type=32 cid=2065731346 current=0 status=5 seq=661
[2026-09-26T14:24:05.122Z] I (3286835) RouteLoom: HIL LINK rx peer=1 type=32 cid=3139351763 current=0 status=5 seq=633
[2026-09-26T14:24:07.141Z] I (3288854) RouteLoom: HIL LINK tx peer=1 type=32 cid=3445906384 seq=1295
[2026-09-26T14:24:09.642Z] I (3291356) RouteLoom: HIL LINK tx peer=3 type=32 cid=3131591193 seq=1296
[2026-09-26T14:24:09.847Z] I (3291560) RouteLoom: HIL LINK rx peer=1 type=16 cid=3139351763 current=0 status=5 seq=100
[2026-09-26T14:24:09.853Z] I (3291565) RouteLoom: HIL LINK tx peer=1 type=17 cid=3445906384 seq=100
[2026-09-26T14:24:09.863Z] I (3291577) RouteLoom: HIL LINK tx peer=3 type=16 cid=3131591193 seq=100
[2026-09-26T14:24:09.885Z] I (3291598) RouteLoom: HIL LINK rx peer=3 type=17 cid=2065731346 current=0 status=5 seq=100
[2026-09-26T14:24:09.897Z] I (3291610) RouteLoom: HIL LINK rx peer=3 type=18 cid=2065731346 current=0 status=5 seq=100
[2026-09-26T14:24:09.903Z] I (3291616) RouteLoom: HIL LINK tx peer=3 type=17 cid=3131591193 seq=100
[2026-09-26T14:24:09.913Z] I (3291627) RouteLoom: HIL LINK tx peer=1 type=18 cid=3445906384 seq=100
[2026-09-26T14:24:09.934Z] I (3291647) RouteLoom: HIL LINK rx peer=1 type=17 cid=3139351763 current=0 status=5 seq=100
[2026-09-26T14:24:10.053Z] I (3291767) RouteLoom: HIL LINK rx peer=3 type=32 cid=2065731346 current=0 status=5 seq=662
[2026-09-26T14:24:10.123Z] I (3291836) RouteLoom: HIL LINK rx peer=1 type=32 cid=3139351763 current=0 status=5 seq=634
[2026-09-26T14:24:11.715Z] I (3293428) RouteLoom: HIL PROBE tx peer=1 type=40 status=0 detail=ok
[2026-09-26T14:24:11.732Z] I (3293445) RouteLoom: HIL LINK rx peer=1 type=41 cid=3139351763 current=0 status=5 seq=333
[2026-09-26T14:24:12.144Z] I (3293858) RouteLoom: HIL LINK tx peer=1 type=32 cid=3445906384 seq=1297
[2026-09-26T14:24:12.517Z] I (3294230) RouteLoom: HIL LINK rx peer=3 type=40 cid=2065731346 current=0 status=5 seq=344
[2026-09-26T14:24:12.521Z] I (3294234) RouteLoom: HIL PROBE tx peer=3 type=41 status=0 detail=ok
[2026-09-26T14:24:14.644Z] I (3296358) RouteLoom: HIL LINK tx peer=3 type=32 cid=3131591193 seq=1298
[2026-09-26T14:24:15.055Z] I (3296768) RouteLoom: HIL LINK rx peer=3 type=32 cid=2065731346 current=0 status=5 seq=663
[2026-09-26T14:24:15.127Z] I (3296840) RouteLoom: HIL LINK rx peer=1 type=32 cid=3139351763 current=0 status=5 seq=635
[2026-09-26T14:24:17.145Z] I (3298859) RouteLoom: HIL LINK tx peer=1 type=32 cid=3445906384 seq=1299
[2026-09-26T14:24:18.754Z] I (3300464) RouteLoom: stack hwm main 11096 B
[2026-09-26T14:24:18.754Z] I (3300464) RouteLoom: HIL HEAP free=21708 largest=18432 min=20932 B
[2026-09-26T14:24:18.761Z] I (3300465) RouteLoom: HIL DISCOVERY candidates=0 neighbors=2 capacity=0 auth=2 stale=0 probes=339 send_failures=20 kind_rejects=0
[2026-09-26T14:24:18.769Z] I (3300475) RouteLoom: HIL ROUTE peer=1 phase=5 via=1 metric=1 generation=307 seq=1
[2026-09-26T14:24:18.776Z] I (3300482) RouteLoom: HIL ROUTE peer=3 phase=5 via=3 metric=1 generation=107 seq=1
[2026-09-26T14:24:19.646Z] I (3301360) RouteLoom: HIL LINK tx peer=3 type=32 cid=3131591193 seq=1300
[2026-09-26T14:24:20.055Z] I (3301768) RouteLoom: HIL LINK rx peer=3 type=32 cid=2065731346 current=0 status=5 seq=664
[2026-09-26T14:24:20.125Z] I (3301838) RouteLoom: HIL LINK rx peer=1 type=32 cid=3139351763 current=0 status=5 seq=636
[2026-09-26T14:24:21.731Z] I (3303445) RouteLoom: HIL LINK rx peer=1 type=40 cid=3139351763 current=0 status=5 seq=334
[2026-09-26T14:24:21.735Z] I (3303448) RouteLoom: HIL PROBE tx peer=1 type=41 status=0 detail=ok
[2026-09-26T14:24:22.149Z] I (3303862) RouteLoom: HIL LINK tx peer=1 type=32 cid=3445906384 seq=1301
[2026-09-26T14:24:22.519Z] I (3304233) RouteLoom: HIL PROBE tx peer=3 type=40 status=0 detail=ok
[2026-09-26T14:24:22.536Z] I (3304249) RouteLoom: HIL LINK rx peer=3 type=40 cid=2065731346 current=0 status=5 seq=345
[2026-09-26T14:24:22.540Z] I (3304253) RouteLoom: HIL PROBE tx peer=3 type=41 status=0 detail=ok
[2026-09-26T14:24:24.648Z] I (3306362) RouteLoom: HIL LINK tx peer=3 type=32 cid=3131591193 seq=1302
[2026-09-26T14:24:25.055Z] I (3306769) RouteLoom: HIL LINK rx peer=3 type=32 cid=2065731346 current=0 status=5 seq=665
[2026-09-26T14:24:25.125Z] I (3306838) RouteLoom: HIL LINK rx peer=1 type=32 cid=3139351763 current=0 status=5 seq=637
[2026-09-26T14:24:27.149Z] I (3308863) RouteLoom: HIL LINK tx peer=1 type=32 cid=3445906384 seq=1303
[2026-09-26T14:24:29.651Z] I (3311365) RouteLoom: HIL LINK tx peer=3 type=32 cid=3131591193 seq=1304
[2026-09-26T14:24:30.058Z] I (3311771) RouteLoom: HIL LINK rx peer=3 type=32 cid=2065731346 current=0 status=5 seq=666
[2026-09-26T14:24:30.128Z] I (3311841) RouteLoom: HIL LINK rx peer=1 type=32 cid=3139351763 current=0 status=5 seq=638
[2026-09-26T14:24:31.735Z] I (3313448) RouteLoom: HIL PROBE tx peer=1 type=40 status=0 detail=ok
[2026-09-26T14:24:31.753Z] I (3313466) RouteLoom: HIL LINK rx peer=1 type=41 cid=3139351763 current=0 status=5 seq=335
[2026-09-26T14:24:32.152Z] I (3313865) RouteLoom: HIL LINK tx peer=1 type=32 cid=3445906384 seq=1305
[2026-09-26T14:24:32.538Z] I (3314251) RouteLoom: HIL PROBE tx peer=3 type=40 status=0 detail=ok
[2026-09-26T14:24:32.555Z] I (3314268) RouteLoom: HIL LINK rx peer=3 type=41 cid=2065731346 current=0 status=5 seq=347
[2026-09-26T14:24:34.654Z] I (3316367) RouteLoom: HIL LINK tx peer=3 type=32 cid=3131591193 seq=1306
[2026-09-26T14:24:35.058Z] I (3316771) RouteLoom: HIL LINK rx peer=3 type=32 cid=2065731346 current=0 status=5 seq=667
[2026-09-26T14:24:35.128Z] I (3316841) RouteLoom: HIL LINK rx peer=1 type=32 cid=3139351763 current=0 status=5 seq=639
[2026-09-26T14:24:37.156Z] I (3318869) RouteLoom: HIL LINK tx peer=1 type=32 cid=3445906384 seq=1307
[2026-09-26T14:24:39.658Z] I (3321371) RouteLoom: HIL LINK tx peer=3 type=32 cid=3131591193 seq=1308
[2026-09-26T14:24:40.059Z] I (3321771) RouteLoom: HIL LINK rx peer=3 type=32 cid=2065731346 current=0 status=5 seq=668
[2026-09-26T14:24:40.132Z] I (3321844) RouteLoom: HIL LINK rx peer=1 type=32 cid=3139351763 current=0 status=5 seq=640
[2026-09-26T14:24:41.752Z] I (3323465) RouteLoom: HIL LINK rx peer=1 type=40 cid=3139351763 current=0 status=5 seq=336
[2026-09-26T14:24:41.756Z] I (3323469) RouteLoom: HIL PROBE tx peer=1 type=41 status=0 detail=ok
[2026-09-26T14:24:42.158Z] I (3323871) RouteLoom: HIL LINK tx peer=1 type=32 cid=3445906384 seq=1309
[2026-09-26T14:24:42.553Z] I (3324265) RouteLoom: HIL LINK rx peer=3 type=40 cid=2065731346 current=0 status=5 seq=348
[2026-09-26T14:24:42.556Z] I (3324269) RouteLoom: HIL PROBE tx peer=3 type=41 status=0 detail=ok
[2026-09-26T14:24:44.659Z] I (3326372) RouteLoom: HIL LINK tx peer=3 type=32 cid=3131591193 seq=1310
[2026-09-26T14:24:45.060Z] I (3326772) RouteLoom: HIL LINK rx peer=3 type=32 cid=2065731346 current=0 status=5 seq=669
[2026-09-26T14:24:45.133Z] I (3326845) RouteLoom: HIL LINK rx peer=1 type=32 cid=3139351763 current=0 status=5 seq=641
[2026-09-26T14:24:46.847Z] I (3328559) RouteLoom: HIL LINK rx peer=1 type=16 cid=3139351763 current=0 status=5 seq=101
[2026-09-26T14:24:46.851Z] I (3328563) RouteLoomRef: message origin=1 session=307 sequence=101 bytes=9
[2026-09-26T14:24:46.857Z] I (3328567) RouteLoom: HIL LINK tx peer=1 type=17 cid=3445906384 seq=101
[2026-09-26T14:24:46.866Z] I (3328579) RouteLoom: HIL LINK tx peer=1 type=18 cid=3445906384 seq=101
[2026-09-26T14:24:46.886Z] I (3328599) RouteLoom: HIL LINK rx peer=1 type=17 cid=3139351763 current=0 status=5 seq=101
[2026-09-26T14:24:47.159Z] I (3328872) RouteLoom: HIL LINK tx peer=1 type=32 cid=3445906384 seq=1311
[2026-09-26T14:24:49.661Z] I (3331374) RouteLoom: HIL LINK tx peer=3 type=32 cid=3131591193 seq=1312
[2026-09-26T14:24:50.062Z] I (3331774) RouteLoom: HIL LINK rx peer=3 type=32 cid=2065731346 current=0 status=5 seq=670
[2026-09-26T14:24:50.134Z] I (3331847) RouteLoom: HIL LINK rx peer=1 type=32 cid=3139351763 current=0 status=5 seq=642
[2026-09-26T14:24:51.756Z] I (3333469) RouteLoom: HIL PROBE tx peer=1 type=40 status=0 detail=ok
[2026-09-26T14:24:51.775Z] I (3333488) RouteLoom: HIL LINK rx peer=1 type=41 cid=3139351763 current=0 status=5 seq=337
[2026-09-26T14:24:52.161Z] I (3333874) RouteLoom: HIL LINK tx peer=1 type=32 cid=3445906384 seq=1313
[2026-09-26T14:24:52.556Z] I (3334269) RouteLoom: HIL PROBE tx peer=3 type=40 status=0 detail=ok
[2026-09-26T14:24:52.575Z] I (3334287) RouteLoom: HIL LINK rx peer=3 type=41 cid=2065731346 current=0 status=5 seq=349
[2026-09-26T14:24:54.662Z] I (3336375) RouteLoom: HIL LINK tx peer=3 type=32 cid=3131591193 seq=1314
[2026-09-26T14:24:55.063Z] I (3336776) RouteLoom: HIL LINK rx peer=3 type=32 cid=2065731346 current=0 status=5 seq=671
[2026-09-26T14:24:55.134Z] I (3336847) RouteLoom: HIL LINK rx peer=1 type=32 cid=3139351763 current=0 status=5 seq=643
[2026-09-26T14:24:57.162Z] I (3338875) RouteLoom: HIL LINK tx peer=1 type=32 cid=3445906384 seq=1315
[2026-09-26T14:24:59.664Z] I (3341377) RouteLoom: HIL LINK tx peer=3 type=32 cid=3131591193 seq=1316
[2026-09-26T14:25:00.065Z] I (3341777) RouteLoom: HIL LINK rx peer=3 type=32 cid=2065731346 current=0 status=5 seq=672
[2026-09-26T14:25:00.136Z] I (3341848) RouteLoom: HIL LINK rx peer=1 type=32 cid=3139351763 current=0 status=5 seq=644
[2026-09-26T14:25:01.775Z] I (3343487) RouteLoom: HIL LINK rx peer=1 type=40 cid=3139351763 current=0 status=5 seq=338
[2026-09-26T14:25:01.778Z] I (3343491) RouteLoom: HIL PROBE tx peer=1 type=41 status=0 detail=ok
[2026-09-26T14:25:02.165Z] I (3343878) RouteLoom: HIL LINK tx peer=1 type=32 cid=3445906384 seq=1317
[2026-09-26T14:25:02.574Z] I (3344286) RouteLoom: HIL LINK rx peer=3 type=40 cid=2065731346 current=0 status=5 seq=350
[2026-09-26T14:25:02.577Z] I (3344290) RouteLoom: HIL PROBE tx peer=3 type=41 status=0 detail=ok
[2026-09-26T14:25:04.665Z] I (3346378) RouteLoom: HIL LINK tx peer=3 type=32 cid=3131591193 seq=1318
[2026-09-26T14:25:05.066Z] I (3346778) RouteLoom: HIL LINK rx peer=3 type=32 cid=2065731346 current=0 status=5 seq=673
[2026-09-26T14:25:05.137Z] I (3346849) RouteLoom: HIL LINK rx peer=1 type=32 cid=3139351763 current=0 status=5 seq=645
[2026-09-26T14:25:07.167Z] I (3348880) RouteLoom: HIL LINK tx peer=1 type=32 cid=3445906384 seq=1319
[2026-09-26T14:25:09.668Z] I (3351381) RouteLoom: HIL LINK tx peer=3 type=32 cid=3131591193 seq=1320
[2026-09-26T14:25:10.070Z] I (3351782) RouteLoom: HIL LINK rx peer=3 type=32 cid=2065731346 current=0 status=5 seq=674
[2026-09-26T14:25:10.138Z] I (3351850) RouteLoom: HIL LINK rx peer=1 type=32 cid=3139351763 current=0 status=5 seq=646
[2026-09-26T14:25:11.777Z] I (3353490) RouteLoom: HIL PROBE tx peer=1 type=40 status=0 detail=ok
[2026-09-26T14:25:11.794Z] I (3353507) RouteLoom: HIL LINK rx peer=1 type=41 cid=3139351763 current=0 status=5 seq=339
[2026-09-26T14:25:12.168Z] I (3353881) RouteLoom: HIL LINK tx peer=1 type=32 cid=3445906384 seq=1321
[2026-09-26T14:25:12.575Z] I (3354288) RouteLoom: HIL PROBE tx peer=3 type=40 status=0 detail=ok
[2026-09-26T14:25:12.593Z] I (3354305) RouteLoom: HIL LINK rx peer=3 type=41 cid=2065731346 current=0 status=5 seq=351
[2026-09-26T14:25:14.670Z] I (3356383) RouteLoom: HIL LINK tx peer=3 type=32 cid=3131591193 seq=1322
[2026-09-26T14:25:15.069Z] I (3356781) RouteLoom: HIL LINK rx peer=3 type=32 cid=2065731346 current=0 status=5 seq=675
[2026-09-26T14:25:15.139Z] I (3356851) RouteLoom: HIL LINK rx peer=1 type=32 cid=3139351763 current=0 status=5 seq=647
[2026-09-26T14:25:17.172Z] I (3358885) RouteLoom: HIL LINK tx peer=1 type=32 cid=3445906384 seq=1323
[2026-09-26T14:25:18.754Z] I (3360466) RouteLoom: stack hwm main 11096 B
[2026-09-26T14:25:18.754Z] I (3360466) RouteLoom: HIL HEAP free=21708 largest=18432 min=20932 B
[2026-09-26T14:25:18.764Z] I (3360467) RouteLoom: HIL DISCOVERY candidates=0 neighbors=2 capacity=0 auth=2 stale=0 probes=346 send_failures=20 kind_rejects=0
[2026-09-26T14:25:18.771Z] I (3360477) RouteLoom: HIL ROUTE peer=1 phase=5 via=1 metric=1 generation=307 seq=1
[2026-09-26T14:25:18.779Z] I (3360484) RouteLoom: HIL ROUTE peer=3 phase=5 via=3 metric=1 generation=107 seq=1
[2026-09-26T14:25:19.673Z] I (3361386) RouteLoom: HIL LINK tx peer=3 type=32 cid=3131591193 seq=1324
[2026-09-26T14:25:20.069Z] I (3361781) RouteLoom: HIL LINK rx peer=3 type=32 cid=2065731346 current=0 status=5 seq=676
[2026-09-26T14:25:20.140Z] I (3361852) RouteLoom: HIL LINK rx peer=1 type=32 cid=3139351763 current=0 status=5 seq=648
[2026-09-26T14:25:21.794Z] I (3363507) RouteLoom: HIL LINK rx peer=1 type=40 cid=3139351763 current=0 status=5 seq=340
[2026-09-26T14:25:21.798Z] I (3363510) RouteLoom: HIL PROBE tx peer=1 type=41 status=0 detail=ok
[2026-09-26T14:25:22.175Z] I (3363888) RouteLoom: HIL LINK tx peer=1 type=32 cid=3445906384 seq=1325
[2026-09-26T14:25:22.589Z] I (3364302) RouteLoom: HIL LINK rx peer=3 type=40 cid=2065731346 current=0 status=5 seq=352
[2026-09-26T14:25:22.593Z] I (3364306) RouteLoom: HIL PROBE tx peer=3 type=41 status=0 detail=ok
[2026-09-26T14:25:23.849Z] I (3365561) RouteLoom: HIL LINK rx peer=1 type=16 cid=3139351763 current=0 status=5 seq=102
[2026-09-26T14:25:23.855Z] I (3365567) RouteLoom: HIL LINK tx peer=1 type=17 cid=3445906384 seq=102
[2026-09-26T14:25:23.865Z] I (3365578) RouteLoom: HIL LINK tx peer=3 type=16 cid=3131591193 seq=102
[2026-09-26T14:25:23.887Z] I (3365599) RouteLoom: HIL LINK rx peer=3 type=17 cid=2065731346 current=0 status=5 seq=102
[2026-09-26T14:25:23.898Z] I (3365610) RouteLoom: HIL LINK rx peer=3 type=18 cid=2065731346 current=0 status=5 seq=102
[2026-09-26T14:25:23.903Z] I (3365616) RouteLoom: HIL LINK tx peer=3 type=17 cid=3131591193 seq=102
[2026-09-26T14:25:23.914Z] I (3365627) RouteLoom: HIL LINK tx peer=1 type=18 cid=3445906384 seq=102
[2026-09-26T14:25:23.935Z] I (3365648) RouteLoom: HIL LINK rx peer=1 type=17 cid=3139351763 current=0 status=5 seq=102
[2026-09-26T14:25:24.675Z] I (3366388) RouteLoom: HIL LINK tx peer=3 type=32 cid=3131591193 seq=1326
[2026-09-26T14:25:25.070Z] I (3366782) RouteLoom: HIL LINK rx peer=3 type=32 cid=2065731346 current=0 status=5 seq=677
[2026-09-26T14:25:25.143Z] I (3366855) RouteLoom: HIL LINK rx peer=1 type=32 cid=3139351763 current=0 status=5 seq=649
[2026-09-26T14:25:27.176Z] I (3368889) RouteLoom: HIL LINK tx peer=1 type=32 cid=3445906384 seq=1327
[2026-09-26T14:25:29.678Z] I (3371391) RouteLoom: HIL LINK tx peer=3 type=32 cid=3131591193 seq=1328
[2026-09-26T14:25:30.071Z] I (3371783) RouteLoom: HIL LINK rx peer=3 type=32 cid=2065731346 current=0 status=5 seq=678
[2026-09-26T14:25:30.144Z] I (3371856) RouteLoom: HIL LINK rx peer=1 type=32 cid=3139351763 current=0 status=5 seq=650
[2026-09-26T14:25:31.796Z] I (3373508) RouteLoom: HIL PROBE tx peer=1 type=40 status=0 detail=ok
[2026-09-26T14:25:31.814Z] I (3373526) RouteLoom: HIL LINK rx peer=1 type=41 cid=3139351763 current=0 status=5 seq=341
[2026-09-26T14:25:32.179Z] I (3373892) RouteLoom: HIL LINK tx peer=1 type=32 cid=3445906384 seq=1329
[2026-09-26T14:25:32.592Z] I (3374305) RouteLoom: HIL PROBE tx peer=3 type=40 status=0 detail=ok
[2026-09-26T14:25:32.611Z] I (3374323) RouteLoom: HIL LINK rx peer=3 type=41 cid=2065731346 current=0 status=5 seq=353
[2026-09-26T14:25:34.680Z] I (3376393) RouteLoom: HIL LINK tx peer=3 type=32 cid=3131591193 seq=1330
[2026-09-26T14:25:35.071Z] I (3376783) RouteLoom: HIL LINK rx peer=3 type=32 cid=2065731346 current=0 status=5 seq=679
[2026-09-26T14:25:35.144Z] I (3376856) RouteLoom: HIL LINK rx peer=1 type=32 cid=3139351763 current=0 status=5 seq=651
[2026-09-26T14:25:37.180Z] I (3378893) RouteLoom: HIL LINK tx peer=1 type=32 cid=3445906384 seq=1331
[2026-09-26T14:25:39.682Z] I (3381395) RouteLoom: HIL LINK tx peer=3 type=32 cid=3131591193 seq=1332
[2026-09-26T14:25:40.072Z] I (3381784) RouteLoom: HIL LINK rx peer=3 type=32 cid=2065731346 current=0 status=5 seq=680
[2026-09-26T14:25:40.146Z] I (3381858) RouteLoom: HIL LINK rx peer=1 type=32 cid=3139351763 current=0 status=5 seq=652
[2026-09-26T14:25:41.812Z] I (3383525) RouteLoom: HIL LINK rx peer=1 type=40 cid=3139351763 current=0 status=5 seq=342
[2026-09-26T14:25:41.816Z] I (3383528) RouteLoom: HIL PROBE tx peer=1 type=41 status=0 detail=ok
[2026-09-26T14:25:42.184Z] I (3383897) RouteLoom: HIL LINK tx peer=1 type=32 cid=3445906384 seq=1333
[2026-09-26T14:25:42.609Z] I (3384321) RouteLoom: HIL LINK rx peer=3 type=40 cid=2065731346 current=0 status=5 seq=354
[2026-09-26T14:25:42.613Z] I (3384325) RouteLoom: HIL PROBE tx peer=3 type=41 status=0 detail=ok
[2026-09-26T14:25:44.685Z] I (3386398) RouteLoom: HIL LINK tx peer=3 type=32 cid=3131591193 seq=1334
[2026-09-26T14:25:45.074Z] I (3386786) RouteLoom: HIL LINK rx peer=3 type=32 cid=2065731346 current=0 status=5 seq=681
[2026-09-26T14:25:45.147Z] I (3386859) RouteLoom: HIL LINK rx peer=1 type=32 cid=3139351763 current=0 status=5 seq=653
[2026-09-26T14:25:47.187Z] I (3388899) RouteLoom: HIL LINK tx peer=1 type=32 cid=3445906384 seq=1335
[2026-09-26T14:25:49.688Z] I (3391401) RouteLoom: HIL LINK tx peer=3 type=32 cid=3131591193 seq=1336
[2026-09-26T14:25:50.074Z] I (3391786) RouteLoom: HIL LINK rx peer=3 type=32 cid=2065731346 current=0 status=5 seq=682
[2026-09-26T14:25:50.147Z] I (3391859) RouteLoom: HIL LINK rx peer=1 type=32 cid=3139351763 current=0 status=5 seq=654
[2026-09-26T14:25:51.814Z] I (3393526) RouteLoom: HIL PROBE tx peer=1 type=40 status=0 detail=ok
[2026-09-26T14:25:51.835Z] I (3393547) RouteLoom: HIL LINK rx peer=1 type=41 cid=3139351763 current=0 status=5 seq=343
[2026-09-26T14:25:52.188Z] I (3393901) RouteLoom: HIL LINK tx peer=1 type=32 cid=3445906384 seq=1337
[2026-09-26T14:25:52.611Z] I (3394323) RouteLoom: HIL PROBE tx peer=3 type=40 status=0 detail=ok
[2026-09-26T14:25:52.629Z] I (3394341) RouteLoom: HIL LINK rx peer=3 type=41 cid=2065731346 current=0 status=5 seq=355
[2026-09-26T14:25:54.689Z] I (3396402) RouteLoom: HIL LINK tx peer=3 type=32 cid=3131591193 seq=1338
[2026-09-26T14:25:55.075Z] I (3396787) RouteLoom: HIL LINK rx peer=3 type=32 cid=2065731346 current=0 status=5 seq=683
[2026-09-26T14:25:55.150Z] I (3396860) RouteLoom: HIL LINK rx peer=1 type=32 cid=3139351763 current=0 status=5 seq=655
[2026-09-26T14:25:57.190Z] I (3398903) RouteLoom: HIL LINK tx peer=1 type=32 cid=3445906384 seq=1339
[2026-09-26T14:25:59.692Z] I (3401405) RouteLoom: HIL LINK tx peer=3 type=32 cid=3131591193 seq=1340
[2026-09-26T14:26:00.079Z] I (3401788) RouteLoom: HIL LINK rx peer=3 type=32 cid=2065731346 current=0 status=5 seq=684
[2026-09-26T14:26:00.148Z] I (3401859) RouteLoom: HIL LINK rx peer=1 type=32 cid=3139351763 current=0 status=5 seq=656
[2026-09-26T14:26:00.848Z] I (3402561) RouteLoom: HIL LINK rx peer=1 type=16 cid=3139351763 current=0 status=5 seq=103
[2026-09-26T14:26:00.852Z] I (3402564) RouteLoomRef: message origin=1 session=307 sequence=103 bytes=9
[2026-09-26T14:26:00.858Z] I (3402568) RouteLoom: HIL LINK tx peer=1 type=17 cid=3445906384 seq=103
[2026-09-26T14:26:00.868Z] I (3402579) RouteLoom: HIL LINK tx peer=1 type=18 cid=3445906384 seq=103
[2026-09-26T14:26:00.889Z] I (3402601) RouteLoom: HIL LINK rx peer=1 type=17 cid=3139351763 current=0 status=5 seq=103
[2026-09-26T14:26:01.835Z] I (3403547) RouteLoom: HIL LINK rx peer=1 type=40 cid=3139351763 current=0 status=5 seq=344
[2026-09-26T14:26:01.839Z] I (3403551) RouteLoom: HIL PROBE tx peer=1 type=41 status=0 detail=ok
[2026-09-26T14:26:02.194Z] I (3403905) RouteLoom: HIL LINK tx peer=1 type=32 cid=3445906384 seq=1341
[2026-09-26T14:26:02.627Z] I (3404339) RouteLoom: HIL LINK rx peer=3 type=40 cid=2065731346 current=0 status=5 seq=356
[2026-09-26T14:26:02.631Z] I (3404343) RouteLoom: HIL PROBE tx peer=3 type=41 status=0 detail=ok
[2026-09-26T14:26:04.694Z] I (3406407) RouteLoom: HIL LINK tx peer=3 type=32 cid=3131591193 seq=1342
[2026-09-26T14:26:05.078Z] I (3406789) RouteLoom: HIL LINK rx peer=3 type=32 cid=2065731346 current=0 status=5 seq=685
[2026-09-26T14:26:05.147Z] I (3406859) RouteLoom: HIL LINK rx peer=1 type=32 cid=3139351763 current=0 status=5 seq=657
[2026-09-26T14:26:07.195Z] I (3408908) RouteLoom: HIL LINK tx peer=1 type=32 cid=3445906384 seq=1343
[2026-09-26T14:26:09.697Z] I (3411410) RouteLoom: HIL LINK tx peer=3 type=32 cid=3131591193 seq=1344
[2026-09-26T14:26:10.078Z] I (3411790) RouteLoom: HIL LINK rx peer=3 type=32 cid=2065731346 current=0 status=5 seq=686
[2026-09-26T14:26:10.149Z] I (3411860) RouteLoom: HIL LINK rx peer=1 type=32 cid=3139351763 current=0 status=5 seq=658
[2026-09-26T14:26:11.839Z] I (3413551) RouteLoom: HIL PROBE tx peer=1 type=40 status=0 detail=ok
[2026-09-26T14:26:11.857Z] I (3413568) RouteLoom: HIL LINK rx peer=1 type=41 cid=3139351763 current=0 status=5 seq=345
[2026-09-26T14:26:12.200Z] I (3413912) RouteLoom: HIL LINK tx peer=1 type=32 cid=3445906384 seq=1345
[2026-09-26T14:26:12.633Z] I (3414343) RouteLoom: HIL PROBE tx peer=3 type=40 status=0 detail=ok
[2026-09-26T14:26:12.648Z] I (3414360) RouteLoom: HIL LINK rx peer=3 type=41 cid=2065731346 current=0 status=5 seq=357
[2026-09-26T14:26:14.702Z] I (3416414) RouteLoom: HIL LINK tx peer=3 type=32 cid=3131591193 seq=1346
[2026-09-26T14:26:15.079Z] I (3416791) RouteLoom: HIL LINK rx peer=3 type=32 cid=2065731346 current=0 status=5 seq=687
[2026-09-26T14:26:15.149Z] I (3416861) RouteLoom: HIL LINK rx peer=1 type=32 cid=3139351763 current=0 status=5 seq=659
[2026-09-26T14:26:17.203Z] I (3418916) RouteLoom: HIL LINK tx peer=1 type=32 cid=3445906384 seq=1347
[2026-09-26T14:26:18.755Z] I (3420467) RouteLoom: stack hwm main 11096 B
[2026-09-26T14:26:18.755Z] I (3420467) RouteLoom: HIL HEAP free=21708 largest=18432 min=20932 B
[2026-09-26T14:26:18.765Z] I (3420468) RouteLoom: HIL DISCOVERY candidates=0 neighbors=2 capacity=0 auth=2 stale=0 probes=352 send_failures=20 kind_rejects=0
[2026-09-26T14:26:18.773Z] I (3420478) RouteLoom: HIL ROUTE peer=1 phase=5 via=1 metric=1 generation=307 seq=1
[2026-09-26T14:26:18.780Z] I (3420485) RouteLoom: HIL ROUTE peer=3 phase=5 via=3 metric=1 generation=107 seq=1
[2026-09-26T14:26:19.704Z] I (3421417) RouteLoom: HIL LINK tx peer=3 type=32 cid=3131591193 seq=1348
[2026-09-26T14:26:20.080Z] I (3421791) RouteLoom: HIL LINK rx peer=3 type=32 cid=2065731346 current=0 status=5 seq=688
[2026-09-26T14:26:20.152Z] I (3421864) RouteLoom: HIL LINK rx peer=1 type=32 cid=3139351763 current=0 status=5 seq=660
[2026-09-26T14:26:21.854Z] I (3423566) RouteLoom: HIL LINK rx peer=1 type=40 cid=3139351763 current=0 status=5 seq=346
[2026-09-26T14:26:21.858Z] I (3423570) RouteLoom: HIL PROBE tx peer=1 type=41 status=0 detail=ok
[2026-09-26T14:26:22.205Z] I (3423918) RouteLoom: HIL LINK tx peer=1 type=32 cid=3445906384 seq=1349
[2026-09-26T14:26:22.648Z] I (3424360) RouteLoom: HIL LINK rx peer=3 type=40 cid=2065731346 current=0 status=5 seq=358
[2026-09-26T14:26:22.652Z] I (3424364) RouteLoom: HIL PROBE tx peer=3 type=41 status=0 detail=ok
[2026-09-26T14:26:24.706Z] I (3426419) RouteLoom: HIL LINK tx peer=3 type=32 cid=3131591193 seq=1350
[2026-09-26T14:26:25.080Z] I (3426792) RouteLoom: HIL LINK rx peer=3 type=32 cid=2065731346 current=0 status=5 seq=689
[2026-09-26T14:26:25.153Z] I (3426865) RouteLoom: HIL LINK rx peer=1 type=32 cid=3139351763 current=0 status=5 seq=661
[2026-09-26T14:26:27.208Z] I (3428920) RouteLoom: HIL LINK tx peer=1 type=32 cid=3445906384 seq=1351
[2026-09-26T14:26:29.710Z] I (3431422) RouteLoom: HIL LINK tx peer=3 type=32 cid=3131591193 seq=1352
[2026-09-26T14:26:30.081Z] I (3431793) RouteLoom: HIL LINK rx peer=3 type=32 cid=2065731346 current=0 status=5 seq=690
[2026-09-26T14:26:30.152Z] I (3431864) RouteLoom: HIL LINK rx peer=1 type=32 cid=3139351763 current=0 status=5 seq=662
[2026-09-26T14:26:31.858Z] I (3433570) RouteLoom: HIL PROBE tx peer=1 type=40 status=0 detail=ok
[2026-09-26T14:26:31.877Z] I (3433589) RouteLoom: HIL LINK rx peer=1 type=41 cid=3139351763 current=0 status=5 seq=347
[2026-09-26T14:26:32.209Z] I (3433922) RouteLoom: HIL LINK tx peer=1 type=32 cid=3445906384 seq=1353
[2026-09-26T14:26:32.651Z] I (3434363) RouteLoom: HIL PROBE tx peer=3 type=40 status=0 detail=ok
[2026-09-26T14:26:32.668Z] I (3434380) RouteLoom: HIL LINK rx peer=3 type=41 cid=2065731346 current=0 status=5 seq=359
[2026-09-26T14:26:34.710Z] I (3436422) RouteLoom: HIL LINK tx peer=3 type=32 cid=3131591193 seq=1354
[2026-09-26T14:26:35.081Z] I (3436793) RouteLoom: HIL LINK rx peer=3 type=32 cid=2065731346 current=0 status=5 seq=691
[2026-09-26T14:26:35.155Z] I (3436866) RouteLoom: HIL LINK rx peer=1 type=32 cid=3139351763 current=0 status=5 seq=663
[2026-09-26T14:26:37.212Z] I (3438924) RouteLoom: HIL LINK tx peer=1 type=32 cid=3445906384 seq=1355
[2026-09-26T14:26:37.847Z] I (3439559) RouteLoom: HIL LINK rx peer=1 type=16 cid=3139351763 current=0 status=5 seq=104
[2026-09-26T14:26:37.852Z] I (3439564) RouteLoom: HIL LINK tx peer=1 type=17 cid=3445906384 seq=104
[2026-09-26T14:26:37.864Z] I (3439576) RouteLoom: HIL LINK tx peer=3 type=16 cid=3131591193 seq=104
[2026-09-26T14:26:37.884Z] I (3439596) RouteLoom: HIL LINK rx peer=3 type=17 cid=2065731346 current=0 status=5 seq=104
[2026-09-26T14:26:37.897Z] I (3439608) RouteLoom: HIL LINK rx peer=3 type=18 cid=2065731346 current=0 status=5 seq=104
[2026-09-26T14:26:37.902Z] I (3439614) RouteLoom: HIL LINK tx peer=3 type=17 cid=3131591193 seq=104
[2026-09-26T14:26:37.913Z] I (3439625) RouteLoom: HIL LINK tx peer=1 type=18 cid=3445906384 seq=104
[2026-09-26T14:26:37.934Z] I (3439646) RouteLoom: HIL LINK rx peer=1 type=17 cid=3139351763 current=0 status=5 seq=104
[2026-09-26T14:26:39.712Z] I (3441424) RouteLoom: HIL LINK tx peer=3 type=32 cid=3131591193 seq=1356
[2026-09-26T14:26:40.082Z] I (3441794) RouteLoom: HIL LINK rx peer=3 type=32 cid=2065731346 current=0 status=5 seq=692
[2026-09-26T14:26:40.155Z] I (3441867) RouteLoom: HIL LINK rx peer=1 type=32 cid=3139351763 current=0 status=5 seq=664
[2026-09-26T14:26:41.876Z] I (3443588) RouteLoom: HIL LINK rx peer=1 type=40 cid=3139351763 current=0 status=5 seq=348
[2026-09-26T14:26:41.880Z] I (3443592) RouteLoom: HIL PROBE tx peer=1 type=41 status=0 detail=ok
[2026-09-26T14:26:42.213Z] I (3443925) RouteLoom: HIL LINK tx peer=1 type=32 cid=3445906384 seq=1357
[2026-09-26T14:26:42.665Z] I (3444377) RouteLoom: HIL LINK rx peer=3 type=40 cid=2065731346 current=0 status=5 seq=360
[2026-09-26T14:26:42.669Z] I (3444381) RouteLoom: HIL PROBE tx peer=3 type=41 status=0 detail=ok
[2026-09-26T14:26:44.715Z] I (3446427) RouteLoom: HIL LINK tx peer=3 type=32 cid=3131591193 seq=1358
[2026-09-26T14:26:45.083Z] I (3446795) RouteLoom: HIL LINK rx peer=3 type=32 cid=2065731346 current=0 status=5 seq=693
[2026-09-26T14:26:45.157Z] I (3446868) RouteLoom: HIL LINK rx peer=1 type=32 cid=3139351763 current=0 status=5 seq=665
[2026-09-26T14:26:47.217Z] I (3448929) RouteLoom: HIL LINK tx peer=1 type=32 cid=3445906384 seq=1359
[2026-09-26T14:26:49.719Z] I (3451431) RouteLoom: HIL LINK tx peer=3 type=32 cid=3131591193 seq=1360
[2026-09-26T14:26:50.085Z] I (3451796) RouteLoom: HIL LINK rx peer=3 type=32 cid=2065731346 current=0 status=5 seq=694
[2026-09-26T14:26:50.160Z] I (3451871) RouteLoom: HIL LINK rx peer=1 type=32 cid=3139351763 current=0 status=5 seq=666
[2026-09-26T14:26:51.880Z] I (3453592) RouteLoom: HIL PROBE tx peer=1 type=40 status=0 detail=ok
[2026-09-26T14:26:51.900Z] I (3453611) RouteLoom: HIL LINK rx peer=1 type=41 cid=3139351763 current=0 status=5 seq=349
[2026-09-26T14:26:52.220Z] I (3453932) RouteLoom: HIL LINK tx peer=1 type=32 cid=3445906384 seq=1361
[2026-09-26T14:26:52.669Z] I (3454381) RouteLoom: HIL PROBE tx peer=3 type=40 status=0 detail=ok
[2026-09-26T14:26:52.687Z] I (3454399) RouteLoom: HIL LINK rx peer=3 type=41 cid=2065731346 current=0 status=5 seq=361
[2026-09-26T14:26:54.720Z] I (3456432) RouteLoom: HIL LINK tx peer=3 type=32 cid=3131591193 seq=1362
[2026-09-26T14:26:55.085Z] I (3456797) RouteLoom: HIL LINK rx peer=3 type=32 cid=2065731346 current=0 status=5 seq=695
[2026-09-26T14:26:55.161Z] I (3456872) RouteLoom: HIL LINK rx peer=1 type=32 cid=3139351763 current=0 status=5 seq=667
[2026-09-26T14:26:57.221Z] I (3458933) RouteLoom: HIL LINK tx peer=1 type=32 cid=3445906384 seq=1363
[2026-09-26T14:26:59.723Z] I (3461435) RouteLoom: HIL LINK tx peer=3 type=32 cid=3131591193 seq=1364
[2026-09-26T14:27:00.088Z] I (3461799) RouteLoom: HIL LINK rx peer=3 type=32 cid=2065731346 current=0 status=5 seq=696
[2026-09-26T14:27:00.164Z] I (3461875) RouteLoom: HIL LINK rx peer=1 type=32 cid=3139351763 current=0 status=5 seq=668
[2026-09-26T14:27:01.897Z] I (3463609) RouteLoom: HIL LINK rx peer=1 type=40 cid=3139351763 current=0 status=5 seq=350
[2026-09-26T14:27:01.901Z] I (3463613) RouteLoom: HIL PROBE tx peer=1 type=41 status=0 detail=ok
[2026-09-26T14:27:02.225Z] I (3463937) RouteLoom: HIL LINK tx peer=1 type=32 cid=3445906384 seq=1365
[2026-09-26T14:27:02.686Z] I (3464398) RouteLoom: HIL LINK rx peer=3 type=40 cid=2065731346 current=0 status=5 seq=362
[2026-09-26T14:27:02.690Z] I (3464402) RouteLoom: HIL PROBE tx peer=3 type=41 status=0 detail=ok
[2026-09-26T14:27:04.726Z] I (3466438) RouteLoom: HIL LINK tx peer=3 type=32 cid=3131591193 seq=1366
[2026-09-26T14:27:05.087Z] I (3466799) RouteLoom: HIL LINK rx peer=3 type=32 cid=2065731346 current=0 status=5 seq=697
[2026-09-26T14:27:05.163Z] I (3466875) RouteLoom: HIL LINK rx peer=1 type=32 cid=3139351763 current=0 status=5 seq=669
[2026-09-26T14:27:07.228Z] I (3468938) RouteLoom: HIL LINK tx peer=1 type=32 cid=3445906384 seq=1367
[2026-09-26T14:27:09.728Z] I (3471440) RouteLoom: HIL LINK tx peer=3 type=32 cid=3131591193 seq=1368
[2026-09-26T14:27:10.090Z] I (3471801) RouteLoom: HIL LINK rx peer=3 type=32 cid=2065731346 current=0 status=5 seq=698
[2026-09-26T14:27:10.166Z] I (3471877) RouteLoom: HIL LINK rx peer=1 type=32 cid=3139351763 current=0 status=5 seq=670
[2026-09-26T14:27:11.903Z] I (3473613) RouteLoom: HIL PROBE tx peer=1 type=40 status=0 detail=ok
[2026-09-26T14:27:11.923Z] I (3473631) RouteLoom: HIL LINK rx peer=1 type=41 cid=3139351763 current=0 status=5 seq=351
[2026-09-26T14:27:12.228Z] I (3473940) RouteLoom: HIL LINK tx peer=1 type=32 cid=3445906384 seq=1369
[2026-09-26T14:27:12.690Z] I (3474401) RouteLoom: HIL PROBE tx peer=3 type=40 status=0 detail=ok
[2026-09-26T14:27:12.707Z] I (3474418) RouteLoom: HIL LINK rx peer=3 type=41 cid=2065731346 current=0 status=5 seq=363
[2026-09-26T14:27:14.728Z] I (3476440) RouteLoom: HIL LINK tx peer=3 type=32 cid=3131591193 seq=1370
[2026-09-26T14:27:14.847Z] I (3476559) RouteLoom: HIL LINK rx peer=1 type=16 cid=3139351763 current=0 status=5 seq=105
[2026-09-26T14:27:14.851Z] I (3476562) RouteLoomRef: message origin=1 session=307 sequence=105 bytes=9
[2026-09-26T14:27:14.857Z] I (3476566) RouteLoom: HIL LINK tx peer=1 type=17 cid=3445906384 seq=105
[2026-09-26T14:27:14.865Z] I (3476577) RouteLoom: HIL LINK tx peer=1 type=18 cid=3445906384 seq=105
[2026-09-26T14:27:14.888Z] I (3476599) RouteLoom: HIL LINK rx peer=1 type=17 cid=3139351763 current=0 status=5 seq=105
[2026-09-26T14:27:15.090Z] I (3476802) RouteLoom: HIL LINK rx peer=3 type=32 cid=2065731346 current=0 status=5 seq=699
[2026-09-26T14:27:15.167Z] I (3476878) RouteLoom: HIL LINK rx peer=1 type=32 cid=3139351763 current=0 status=5 seq=671
[2026-09-26T14:27:17.230Z] I (3478942) RouteLoom: HIL LINK tx peer=1 type=32 cid=3445906384 seq=1371
[2026-09-26T14:27:18.757Z] I (3480469) RouteLoom: stack hwm main 11096 B
[2026-09-26T14:27:18.761Z] I (3480469) RouteLoom: HIL HEAP free=21708 largest=18432 min=20932 B
[2026-09-26T14:27:18.768Z] I (3480470) RouteLoom: HIL DISCOVERY candidates=0 neighbors=2 capacity=0 auth=2 stale=0 probes=358 send_failures=20 kind_rejects=0
[2026-09-26T14:27:18.775Z] I (3480480) RouteLoom: HIL ROUTE peer=1 phase=5 via=1 metric=1 generation=307 seq=1
[2026-09-26T14:27:18.786Z] I (3480487) RouteLoom: HIL ROUTE peer=3 phase=5 via=3 metric=1 generation=107 seq=1
[2026-09-26T14:27:19.731Z] I (3481443) RouteLoom: HIL LINK tx peer=3 type=32 cid=3131591193 seq=1372
[2026-09-26T14:27:20.093Z] I (3481804) RouteLoom: HIL LINK rx peer=3 type=32 cid=2065731346 current=0 status=5 seq=700
[2026-09-26T14:27:20.171Z] I (3481878) RouteLoom: HIL LINK rx peer=1 type=32 cid=3139351763 current=0 status=5 seq=672
[2026-09-26T14:27:21.917Z] I (3483629) RouteLoom: HIL LINK rx peer=1 type=40 cid=3139351763 current=0 status=5 seq=352
[2026-09-26T14:27:21.921Z] I (3483632) RouteLoom: HIL PROBE tx peer=1 type=41 status=0 detail=ok
[2026-09-26T14:27:22.232Z] I (3483944) RouteLoom: HIL LINK tx peer=1 type=32 cid=3445906384 seq=1373
[2026-09-26T14:27:22.708Z] I (3484420) RouteLoom: HIL PROBE tx peer=3 type=40 status=0 detail=ok
[2026-09-26T14:27:22.712Z] I (3484422) RouteLoom: HIL LINK rx peer=3 type=40 cid=2065731346 current=0 status=5 seq=364
[2026-09-26T14:27:22.721Z] I (3484426) RouteLoom: HIL PROBE tx peer=3 type=41 status=6 detail=autonomy TX already in flight to peer
[2026-09-26T14:27:22.729Z] I (3484438) RouteLoom: HIL LINK rx peer=3 type=41 cid=2065731346 current=0 status=5 seq=365
[2026-09-26T14:27:24.732Z] I (3486444) RouteLoom: HIL LINK tx peer=3 type=32 cid=3131591193 seq=1374
[2026-09-26T14:27:25.092Z] I (3486803) RouteLoom: HIL LINK rx peer=3 type=32 cid=2065731346 current=0 status=5 seq=701
[2026-09-26T14:27:25.167Z] I (3486878) RouteLoom: HIL LINK rx peer=1 type=32 cid=3139351763 current=0 status=5 seq=673
[2026-09-26T14:27:27.233Z] I (3488945) RouteLoom: HIL LINK tx peer=1 type=32 cid=3445906384 seq=1375
[2026-09-26T14:27:29.735Z] I (3491447) RouteLoom: HIL LINK tx peer=3 type=32 cid=3131591193 seq=1376
[2026-09-26T14:27:30.094Z] I (3491805) RouteLoom: HIL LINK rx peer=3 type=32 cid=2065731346 current=0 status=5 seq=702
[2026-09-26T14:27:30.170Z] I (3491881) RouteLoom: HIL LINK rx peer=1 type=32 cid=3139351763 current=0 status=5 seq=674
[2026-09-26T14:27:31.922Z] I (3493632) RouteLoom: HIL PROBE tx peer=1 type=40 status=0 detail=ok
[2026-09-26T14:27:31.940Z] I (3493650) RouteLoom: HIL LINK rx peer=1 type=41 cid=3139351763 current=0 status=5 seq=353
[2026-09-26T14:27:32.235Z] I (3493947) RouteLoom: HIL LINK tx peer=1 type=32 cid=3445906384 seq=1377
[2026-09-26T14:27:32.726Z] I (3494437) RouteLoom: HIL LINK rx peer=3 type=40 cid=2065731346 current=0 status=5 seq=366
[2026-09-26T14:27:32.730Z] I (3494441) RouteLoom: HIL PROBE tx peer=3 type=41 status=0 detail=ok
[2026-09-26T14:27:34.736Z] I (3496448) RouteLoom: HIL LINK tx peer=3 type=32 cid=3131591193 seq=1378
[2026-09-26T14:27:35.096Z] I (3496807) RouteLoom: HIL LINK rx peer=3 type=32 cid=2065731346 current=0 status=5 seq=703
[2026-09-26T14:27:35.171Z] I (3496882) RouteLoom: HIL LINK rx peer=1 type=32 cid=3139351763 current=0 status=5 seq=675
[2026-09-26T14:27:37.237Z] I (3498949) RouteLoom: HIL LINK tx peer=1 type=32 cid=3445906384 seq=1379
[2026-09-26T14:27:39.739Z] I (3501451) RouteLoom: HIL LINK tx peer=3 type=32 cid=3131591193 seq=1380
[2026-09-26T14:27:40.098Z] I (3501809) RouteLoom: HIL LINK rx peer=3 type=32 cid=2065731346 current=0 status=5 seq=704
[2026-09-26T14:27:40.171Z] I (3501882) RouteLoom: HIL LINK rx peer=1 type=32 cid=3139351763 current=0 status=5 seq=676
[2026-09-26T14:27:41.939Z] I (3503650) RouteLoom: HIL LINK rx peer=1 type=40 cid=3139351763 current=0 status=5 seq=354
[2026-09-26T14:27:41.943Z] I (3503654) RouteLoom: HIL PROBE tx peer=1 type=41 status=0 detail=ok
[2026-09-26T14:27:42.239Z] I (3503951) RouteLoom: HIL LINK tx peer=1 type=32 cid=3445906384 seq=1381
[2026-09-26T14:27:42.727Z] I (3504439) RouteLoom: HIL PROBE tx peer=3 type=40 status=0 detail=ok
[2026-09-26T14:27:42.744Z] I (3504456) RouteLoom: HIL LINK rx peer=3 type=41 cid=2065731346 current=0 status=5 seq=367
[2026-09-26T14:27:44.741Z] I (3506453) RouteLoom: HIL LINK tx peer=3 type=32 cid=3131591193 seq=1382
[2026-09-26T14:27:45.097Z] I (3506809) RouteLoom: HIL LINK rx peer=3 type=32 cid=2065731346 current=0 status=5 seq=705
[2026-09-26T14:27:45.171Z] I (3506882) RouteLoom: HIL LINK rx peer=1 type=32 cid=3139351763 current=0 status=5 seq=677
[2026-09-26T14:27:47.243Z] I (3508955) RouteLoom: HIL LINK tx peer=1 type=32 cid=3445906384 seq=1383
[2026-09-26T14:27:49.745Z] I (3511457) RouteLoom: HIL LINK tx peer=3 type=32 cid=3131591193 seq=1384
[2026-09-26T14:27:50.099Z] I (3511810) RouteLoom: HIL LINK rx peer=3 type=32 cid=2065731346 current=0 status=5 seq=706
[2026-09-26T14:27:50.174Z] I (3511885) RouteLoom: HIL LINK rx peer=1 type=32 cid=3139351763 current=0 status=5 seq=678
[2026-09-26T14:27:51.846Z] I (3513558) RouteLoom: HIL LINK rx peer=1 type=16 cid=3139351763 current=0 status=5 seq=106
[2026-09-26T14:27:51.852Z] I (3513563) RouteLoom: HIL LINK tx peer=1 type=17 cid=3445906384 seq=106
[2026-09-26T14:27:51.863Z] I (3513575) RouteLoom: HIL LINK tx peer=3 type=16 cid=3131591193 seq=106
[2026-09-26T14:27:51.883Z] I (3513595) RouteLoom: HIL LINK rx peer=3 type=17 cid=2065731346 current=0 status=5 seq=106
[2026-09-26T14:27:51.896Z] I (3513607) RouteLoom: HIL LINK rx peer=3 type=18 cid=2065731346 current=0 status=5 seq=106
[2026-09-26T14:27:51.902Z] I (3513613) RouteLoom: HIL LINK tx peer=3 type=17 cid=3131591193 seq=106
[2026-09-26T14:27:51.915Z] I (3513627) RouteLoom: HIL LINK tx peer=1 type=18 cid=3445906384 seq=106
[2026-09-26T14:27:51.937Z] I (3513648) RouteLoom: HIL LINK rx peer=1 type=17 cid=3139351763 current=0 status=5 seq=106
[2026-09-26T14:27:51.943Z] I (3513655) RouteLoom: HIL PROBE tx peer=1 type=40 status=0 detail=ok
[2026-09-26T14:27:51.961Z] I (3513672) RouteLoom: HIL LINK rx peer=1 type=41 cid=3139351763 current=0 status=5 seq=355
[2026-09-26T14:27:52.247Z] I (3513959) RouteLoom: HIL LINK tx peer=1 type=32 cid=3445906384 seq=1385
[2026-09-26T14:27:52.743Z] I (3514454) RouteLoom: HIL LINK rx peer=3 type=40 cid=2065731346 current=0 status=5 seq=368
[2026-09-26T14:27:52.747Z] I (3514458) RouteLoom: HIL PROBE tx peer=3 type=41 status=0 detail=ok
[2026-09-26T14:27:54.747Z] I (3516459) RouteLoom: HIL LINK tx peer=3 type=32 cid=3131591193 seq=1386
[2026-09-26T14:27:55.100Z] I (3516812) RouteLoom: HIL LINK rx peer=3 type=32 cid=2065731346 current=0 status=5 seq=707
[2026-09-26T14:27:55.176Z] I (3516887) RouteLoom: HIL LINK rx peer=1 type=32 cid=3139351763 current=0 status=5 seq=679
[2026-09-26T14:27:57.248Z] I (3518960) RouteLoom: HIL LINK tx peer=1 type=32 cid=3445906384 seq=1387
[2026-09-26T14:27:59.749Z] I (3521461) RouteLoom: HIL LINK tx peer=3 type=32 cid=3131591193 seq=1388
[2026-09-26T14:28:00.102Z] I (3521814) RouteLoom: HIL LINK rx peer=3 type=32 cid=2065731346 current=0 status=5 seq=708
[2026-09-26T14:28:00.176Z] I (3521887) RouteLoom: HIL LINK rx peer=1 type=32 cid=3139351763 current=0 status=5 seq=680
[2026-09-26T14:28:01.959Z] I (3523670) RouteLoom: HIL LINK rx peer=1 type=40 cid=3139351763 current=0 status=5 seq=356
[2026-09-26T14:28:01.963Z] I (3523674) RouteLoom: HIL PROBE tx peer=1 type=41 status=0 detail=ok
[2026-09-26T14:28:02.251Z] I (3523962) RouteLoom: HIL LINK tx peer=1 type=32 cid=3445906384 seq=1389
[2026-09-26T14:28:02.744Z] I (3524456) RouteLoom: HIL PROBE tx peer=3 type=40 status=0 detail=ok
[2026-09-26T14:28:02.761Z] I (3524473) RouteLoom: HIL LINK rx peer=3 type=41 cid=2065731346 current=0 status=5 seq=369
[2026-09-26T14:28:04.752Z] I (3526464) RouteLoom: HIL LINK tx peer=3 type=32 cid=3131591193 seq=1390
[2026-09-26T14:28:05.103Z] I (3526814) RouteLoom: HIL LINK rx peer=3 type=32 cid=2065731346 current=0 status=5 seq=709
[2026-09-26T14:28:05.178Z] I (3526889) RouteLoom: HIL LINK rx peer=1 type=32 cid=3139351763 current=0 status=5 seq=681
[2026-09-26T14:28:07.253Z] I (3528965) RouteLoom: HIL LINK tx peer=1 type=32 cid=3445906384 seq=1391
[2026-09-26T14:28:09.755Z] I (3531467) RouteLoom: HIL LINK tx peer=3 type=32 cid=3131591193 seq=1392
[2026-09-26T14:28:10.104Z] I (3531815) RouteLoom: HIL LINK rx peer=3 type=32 cid=2065731346 current=0 status=5 seq=710
[2026-09-26T14:28:10.177Z] I (3531888) RouteLoom: HIL LINK rx peer=1 type=32 cid=3139351763 current=0 status=5 seq=682
[2026-09-26T14:28:11.961Z] I (3533672) RouteLoom: HIL PROBE tx peer=1 type=40 status=0 detail=ok
[2026-09-26T14:28:11.978Z] I (3533689) RouteLoom: HIL LINK rx peer=1 type=41 cid=3139351763 current=0 status=5 seq=357
[2026-09-26T14:28:12.255Z] I (3533967) RouteLoom: HIL LINK tx peer=1 type=32 cid=3445906384 seq=1393
[2026-09-26T14:28:12.759Z] I (3534470) RouteLoom: HIL LINK rx peer=3 type=40 cid=2065731346 current=0 status=5 seq=370
[2026-09-26T14:28:12.763Z] I (3534474) RouteLoom: HIL PROBE tx peer=3 type=41 status=0 detail=ok
[2026-09-26T14:28:14.758Z] I (3536469) RouteLoom: HIL LINK tx peer=3 type=32 cid=3131591193 seq=1394
[2026-09-26T14:28:15.105Z] I (3536816) RouteLoom: HIL LINK rx peer=3 type=32 cid=2065731346 current=0 status=5 seq=711
[2026-09-26T14:28:15.178Z] I (3536889) RouteLoom: HIL LINK rx peer=1 type=32 cid=3139351763 current=0 status=5 seq=683
[2026-09-26T14:28:17.260Z] I (3538971) RouteLoom: HIL LINK tx peer=1 type=32 cid=3445906384 seq=1395
[2026-09-26T14:28:18.760Z] I (3540471) RouteLoom: stack hwm main 11096 B
[2026-09-26T14:28:18.761Z] I (3540471) RouteLoom: HIL HEAP free=21708 largest=18432 min=20932 B
[2026-09-26T14:28:18.770Z] I (3540472) RouteLoom: HIL DISCOVERY candidates=0 neighbors=2 capacity=0 auth=2 stale=0 probes=364 send_failures=21 kind_rejects=0
[2026-09-26T14:28:18.778Z] I (3540482) RouteLoom: HIL ROUTE peer=1 phase=5 via=1 metric=1 generation=307 seq=1
[2026-09-26T14:28:18.786Z] I (3540489) RouteLoom: HIL ROUTE peer=3 phase=5 via=3 metric=1 generation=107 seq=1
[2026-09-26T14:28:19.761Z] I (3541472) RouteLoom: HIL LINK tx peer=3 type=32 cid=3131591193 seq=1396
[2026-09-26T14:28:20.105Z] I (3541816) RouteLoom: HIL LINK rx peer=3 type=32 cid=2065731346 current=0 status=5 seq=712
[2026-09-26T14:28:20.183Z] I (3541894) RouteLoom: HIL LINK rx peer=1 type=32 cid=3139351763 current=0 status=5 seq=684
[2026-09-26T14:28:21.976Z] I (3543686) RouteLoom: HIL LINK rx peer=1 type=40 cid=3139351763 current=0 status=5 seq=358
[2026-09-26T14:28:21.980Z] I (3543690) RouteLoom: HIL PROBE tx peer=1 type=41 status=0 detail=ok
[2026-09-26T14:28:22.261Z] I (3543972) RouteLoom: HIL LINK tx peer=1 type=32 cid=3445906384 seq=1397
[2026-09-26T14:28:22.761Z] I (3544472) RouteLoom: HIL PROBE tx peer=3 type=40 status=0 detail=ok
[2026-09-26T14:28:22.781Z] I (3544492) RouteLoom: HIL LINK rx peer=3 type=41 cid=2065731346 current=0 status=5 seq=371
[2026-09-26T14:28:24.763Z] I (3546474) RouteLoom: HIL LINK tx peer=3 type=32 cid=3131591193 seq=1398
[2026-09-26T14:28:25.107Z] I (3546818) RouteLoom: HIL LINK rx peer=3 type=32 cid=2065731346 current=0 status=5 seq=713
[2026-09-26T14:28:25.181Z] I (3546891) RouteLoom: HIL LINK rx peer=1 type=32 cid=3139351763 current=0 status=5 seq=685
[2026-09-26T14:28:27.301Z] I (3548976) RouteLoom: HIL LINK tx peer=1 type=32 cid=3445906384 seq=1399
[2026-09-26T14:28:28.845Z] I (3550555) RouteLoom: HIL LINK rx peer=1 type=16 cid=3139351763 current=0 status=5 seq=107
[2026-09-26T14:28:28.849Z] I (3550559) RouteLoomRef: message origin=1 session=307 sequence=107 bytes=9
[2026-09-26T14:28:28.855Z] I (3550563) RouteLoom: HIL LINK tx peer=1 type=17 cid=3445906384 seq=107
[2026-09-26T14:28:28.863Z] I (3550574) RouteLoom: HIL LINK tx peer=1 type=18 cid=3445906384 seq=107
[2026-09-26T14:28:28.886Z] I (3550596) RouteLoom: HIL LINK rx peer=1 type=17 cid=3139351763 current=0 status=5 seq=107
[2026-09-26T14:28:29.767Z] I (3551478) RouteLoom: HIL LINK tx peer=3 type=32 cid=3131591193 seq=1400
[2026-09-26T14:28:30.108Z] I (3551818) RouteLoom: HIL LINK rx peer=3 type=32 cid=2065731346 current=0 status=5 seq=714
[2026-09-26T14:28:30.183Z] I (3551894) RouteLoom: HIL LINK rx peer=1 type=32 cid=3139351763 current=0 status=5 seq=686
[2026-09-26T14:28:31.979Z] I (3553690) RouteLoom: HIL PROBE tx peer=1 type=40 status=0 detail=ok
[2026-09-26T14:28:31.998Z] I (3553708) RouteLoom: HIL LINK rx peer=1 type=41 cid=3139351763 current=0 status=5 seq=359
[2026-09-26T14:28:32.267Z] I (3553978) RouteLoom: HIL LINK tx peer=1 type=32 cid=3445906384 seq=1401
[2026-09-26T14:28:32.779Z] I (3554489) RouteLoom: HIL LINK rx peer=3 type=40 cid=2065731346 current=0 status=5 seq=372
[2026-09-26T14:28:32.782Z] I (3554493) RouteLoom: HIL PROBE tx peer=3 type=41 status=0 detail=ok
[2026-09-26T14:28:34.768Z] I (3556479) RouteLoom: HIL LINK tx peer=3 type=32 cid=3131591193 seq=1402
[2026-09-26T14:28:35.109Z] I (3556819) RouteLoom: HIL LINK rx peer=3 type=32 cid=2065731346 current=0 status=5 seq=715
[2026-09-26T14:28:35.185Z] I (3556895) RouteLoom: HIL LINK rx peer=1 type=32 cid=3139351763 current=0 status=5 seq=687
[2026-09-26T14:28:37.269Z] I (3558980) RouteLoom: HIL LINK tx peer=1 type=32 cid=3445906384 seq=1403
[2026-09-26T14:28:39.771Z] I (3561482) RouteLoom: HIL LINK tx peer=3 type=32 cid=3131591193 seq=1404
[2026-09-26T14:28:40.110Z] I (3561820) RouteLoom: HIL LINK rx peer=3 type=32 cid=2065731346 current=0 status=5 seq=716
[2026-09-26T14:28:40.184Z] I (3561894) RouteLoom: HIL LINK rx peer=1 type=32 cid=3139351763 current=0 status=5 seq=688
[2026-09-26T14:28:41.997Z] I (3563707) RouteLoom: HIL LINK rx peer=1 type=40 cid=3139351763 current=0 status=5 seq=360
[2026-09-26T14:28:42.001Z] I (3563711) RouteLoom: HIL PROBE tx peer=1 type=41 status=0 detail=ok
[2026-09-26T14:28:42.273Z] I (3563984) RouteLoom: HIL LINK tx peer=1 type=32 cid=3445906384 seq=1405
[2026-09-26T14:28:42.782Z] I (3564493) RouteLoom: HIL PROBE tx peer=3 type=40 status=0 detail=ok
[2026-09-26T14:28:42.800Z] I (3564511) RouteLoom: HIL LINK rx peer=3 type=41 cid=2065731346 current=0 status=5 seq=373
[2026-09-26T14:28:44.773Z] I (3566484) RouteLoom: HIL LINK tx peer=3 type=32 cid=3131591193 seq=1406
[2026-09-26T14:28:45.111Z] I (3566821) RouteLoom: HIL LINK rx peer=3 type=32 cid=2065731346 current=0 status=5 seq=717
[2026-09-26T14:28:45.184Z] I (3566895) RouteLoom: HIL LINK rx peer=1 type=32 cid=3139351763 current=0 status=5 seq=689
[2026-09-26T14:28:47.274Z] I (3568985) RouteLoom: HIL LINK tx peer=1 type=32 cid=3445906384 seq=1407
[2026-09-26T14:28:49.776Z] I (3571487) RouteLoom: HIL LINK tx peer=3 type=32 cid=3131591193 seq=1408
[2026-09-26T14:28:50.112Z] I (3571822) RouteLoom: HIL LINK rx peer=3 type=32 cid=2065731346 current=0 status=5 seq=718
[2026-09-26T14:28:50.186Z] I (3571896) RouteLoom: HIL LINK rx peer=1 type=32 cid=3139351763 current=0 status=5 seq=690
[2026-09-26T14:28:51.999Z] I (3573710) RouteLoom: HIL PROBE tx peer=1 type=40 status=0 detail=ok
[2026-09-26T14:28:52.016Z] I (3573727) RouteLoom: HIL LINK rx peer=1 type=41 cid=3139351763 current=0 status=5 seq=361
[2026-09-26T14:28:52.276Z] I (3573987) RouteLoom: HIL LINK tx peer=1 type=32 cid=3445906384 seq=1409
[2026-09-26T14:28:52.800Z] I (3574511) RouteLoom: HIL LINK rx peer=3 type=40 cid=2065731346 current=0 status=5 seq=374
[2026-09-26T14:28:52.804Z] I (3574515) RouteLoom: HIL PROBE tx peer=3 type=41 status=0 detail=ok
[2026-09-26T14:28:54.778Z] I (3576489) RouteLoom: HIL LINK tx peer=3 type=32 cid=3131591193 seq=1410
[2026-09-26T14:28:55.114Z] I (3576824) RouteLoom: HIL LINK rx peer=3 type=32 cid=2065731346 current=0 status=5 seq=719
[2026-09-26T14:28:55.190Z] I (3576900) RouteLoom: HIL LINK rx peer=1 type=32 cid=3139351763 current=0 status=5 seq=691
[2026-09-26T14:28:57.280Z] I (3578991) RouteLoom: HIL LINK tx peer=1 type=32 cid=3445906384 seq=1411
[2026-09-26T14:28:59.782Z] I (3581493) RouteLoom: HIL LINK tx peer=3 type=32 cid=3131591193 seq=1412
[2026-09-26T14:29:00.115Z] I (3581825) RouteLoom: HIL LINK rx peer=3 type=32 cid=2065731346 current=0 status=5 seq=720
[2026-09-26T14:29:00.189Z] I (3581899) RouteLoom: HIL LINK rx peer=1 type=32 cid=3139351763 current=0 status=5 seq=692
[2026-09-26T14:29:02.020Z] I (3583731) RouteLoom: HIL PROBE tx peer=1 type=40 status=0 detail=ok
[2026-09-26T14:29:02.023Z] I (3583733) RouteLoom: HIL LINK rx peer=1 type=40 cid=3139351763 current=0 status=5 seq=362
[2026-09-26T14:29:02.033Z] I (3583737) RouteLoom: HIL PROBE tx peer=1 type=41 status=6 detail=autonomy TX already in flight to peer
[2026-09-26T14:29:02.041Z] I (3583749) RouteLoom: HIL LINK rx peer=1 type=41 cid=3139351763 current=0 status=5 seq=363
[2026-09-26T14:29:02.283Z] I (3583994) RouteLoom: HIL LINK tx peer=1 type=32 cid=3445906384 seq=1413
[2026-09-26T14:29:02.804Z] I (3584515) RouteLoom: HIL PROBE tx peer=3 type=40 status=0 detail=ok
[2026-09-26T14:29:02.823Z] I (3584533) RouteLoom: HIL LINK rx peer=3 type=41 cid=2065731346 current=0 status=5 seq=375
[2026-09-26T14:29:04.784Z] I (3586495) RouteLoom: HIL LINK tx peer=3 type=32 cid=3131591193 seq=1414
[2026-09-26T14:29:05.116Z] I (3586826) RouteLoom: HIL LINK rx peer=3 type=32 cid=2065731346 current=0 status=5 seq=721
[2026-09-26T14:29:05.192Z] I (3586902) RouteLoom: HIL LINK rx peer=1 type=32 cid=3139351763 current=0 status=5 seq=693
[2026-09-26T14:29:05.844Z] I (3587555) RouteLoom: HIL LINK rx peer=1 type=16 cid=3139351763 current=0 status=5 seq=108
[2026-09-26T14:29:05.850Z] I (3587561) RouteLoom: HIL LINK tx peer=1 type=17 cid=3445906384 seq=108
[2026-09-26T14:29:05.861Z] I (3587572) RouteLoom: HIL LINK tx peer=3 type=16 cid=3131591193 seq=108
[2026-09-26T14:29:05.883Z] I (3587593) RouteLoom: HIL LINK rx peer=3 type=17 cid=2065731346 current=0 status=5 seq=108
[2026-09-26T14:29:05.894Z] I (3587605) RouteLoom: HIL LINK rx peer=3 type=18 cid=2065731346 current=0 status=5 seq=108
[2026-09-26T14:29:05.900Z] I (3587610) RouteLoom: HIL LINK tx peer=3 type=17 cid=3131591193 seq=108
[2026-09-26T14:29:05.911Z] I (3587622) RouteLoom: HIL LINK tx peer=1 type=18 cid=3445906384 seq=108
[2026-09-26T14:29:05.931Z] I (3587642) RouteLoom: HIL LINK rx peer=1 type=17 cid=3139351763 current=0 status=5 seq=108
[2026-09-26T14:29:07.284Z] I (3588995) RouteLoom: HIL LINK tx peer=1 type=32 cid=3445906384 seq=1415
[2026-09-26T14:29:09.786Z] I (3591497) RouteLoom: HIL LINK tx peer=3 type=32 cid=3131591193 seq=1416
[2026-09-26T14:29:10.118Z] I (3591828) RouteLoom: HIL LINK rx peer=3 type=32 cid=2065731346 current=0 status=5 seq=722
[2026-09-26T14:29:10.194Z] I (3591904) RouteLoom: HIL LINK rx peer=1 type=32 cid=3139351763 current=0 status=5 seq=694
[2026-09-26T14:29:12.037Z] I (3593747) RouteLoom: HIL LINK rx peer=1 type=40 cid=3139351763 current=0 status=5 seq=364
[2026-09-26T14:29:12.041Z] I (3593751) RouteLoom: HIL PROBE tx peer=1 type=41 status=0 detail=ok
[2026-09-26T14:29:12.286Z] I (3593997) RouteLoom: HIL LINK tx peer=1 type=32 cid=3445906384 seq=1417
[2026-09-26T14:29:12.819Z] I (3594530) RouteLoom: HIL LINK rx peer=3 type=40 cid=2065731346 current=0 status=5 seq=376
[2026-09-26T14:29:12.825Z] I (3594534) RouteLoom: HIL PROBE tx peer=3 type=41 status=0 detail=ok
[2026-09-26T14:29:14.787Z] I (3596498) RouteLoom: HIL LINK tx peer=3 type=32 cid=3131591193 seq=1418
[2026-09-26T14:29:15.120Z] I (3596830) RouteLoom: HIL LINK rx peer=3 type=32 cid=2065731346 current=0 status=5 seq=723
[2026-09-26T14:29:15.194Z] I (3596904) RouteLoom: HIL LINK rx peer=1 type=32 cid=3139351763 current=0 status=5 seq=695
[2026-09-26T14:29:17.287Z] I (3598998) RouteLoom: HIL LINK tx peer=1 type=32 cid=3445906384 seq=1419
[2026-09-26T14:29:18.761Z] I (3600471) RouteLoom: stack hwm main 11096 B
[2026-09-26T14:29:18.761Z] I (3600471) RouteLoom: HIL HEAP free=21708 largest=18432 min=20932 B
[2026-09-26T14:29:18.771Z] I (3600472) RouteLoom: HIL DISCOVERY candidates=0 neighbors=2 capacity=0 auth=2 stale=0 probes=370 send_failures=22 kind_rejects=0
[2026-09-26T14:29:18.778Z] I (3600482) RouteLoom: HIL ROUTE peer=1 phase=5 via=1 metric=1 generation=307 seq=1
[2026-09-26T14:29:18.786Z] I (3600489) RouteLoom: HIL ROUTE peer=3 phase=5 via=3 metric=1 generation=107 seq=1
[2026-09-26T14:29:19.792Z] I (3601499) RouteLoom: HIL LINK tx peer=3 type=32 cid=3131591193 seq=1420
[2026-09-26T14:29:20.120Z] I (3601830) RouteLoom: HIL LINK rx peer=3 type=32 cid=2065731346 current=0 status=5 seq=724
[2026-09-26T14:29:20.196Z] I (3601906) RouteLoom: HIL LINK rx peer=1 type=32 cid=3139351763 current=0 status=5 seq=696
[2026-09-26T14:29:22.041Z] I (3603750) RouteLoom: HIL PROBE tx peer=1 type=40 status=0 detail=ok
[2026-09-26T14:29:22.057Z] I (3603767) RouteLoom: HIL LINK rx peer=1 type=41 cid=3139351763 current=0 status=5 seq=365
[2026-09-26T14:29:22.289Z] I (3604000) RouteLoom: HIL LINK tx peer=1 type=32 cid=3445906384 seq=1421
[2026-09-26T14:29:22.822Z] I (3604533) RouteLoom: HIL PROBE tx peer=3 type=40 status=0 detail=ok
[2026-09-26T14:29:22.845Z] I (3604554) RouteLoom: HIL LINK rx peer=3 type=41 cid=2065731346 current=0 status=5 seq=377
[2026-09-26T14:29:24.793Z] I (3606501) RouteLoom: HIL LINK tx peer=3 type=32 cid=3131591193 seq=1422
[2026-09-26T14:29:25.121Z] I (3606831) RouteLoom: HIL LINK rx peer=3 type=32 cid=2065731346 current=0 status=5 seq=725
[2026-09-26T14:29:25.200Z] I (3606910) RouteLoom: HIL LINK rx peer=1 type=32 cid=3139351763 current=0 status=5 seq=697
[2026-09-26T14:29:27.290Z] I (3609001) RouteLoom: HIL LINK tx peer=1 type=32 cid=3445906384 seq=1423
[2026-09-26T14:29:29.792Z] I (3611503) RouteLoom: HIL LINK tx peer=3 type=32 cid=3131591193 seq=1424
[2026-09-26T14:29:30.122Z] I (3611832) RouteLoom: HIL LINK rx peer=3 type=32 cid=2065731346 current=0 status=5 seq=726
[2026-09-26T14:29:30.199Z] I (3611909) RouteLoom: HIL LINK rx peer=1 type=32 cid=3139351763 current=0 status=5 seq=698
[2026-09-26T14:29:32.055Z] I (3613764) RouteLoom: HIL LINK rx peer=1 type=40 cid=3139351763 current=0 status=5 seq=366
[2026-09-26T14:29:32.058Z] I (3613768) RouteLoom: HIL PROBE tx peer=1 type=41 status=0 detail=ok
[2026-09-26T14:29:32.294Z] I (3614005) RouteLoom: HIL LINK tx peer=1 type=32 cid=3445906384 seq=1425
[2026-09-26T14:29:32.838Z] I (3614548) RouteLoom: HIL LINK rx peer=3 type=40 cid=2065731346 current=0 status=5 seq=378
[2026-09-26T14:29:32.842Z] I (3614551) RouteLoom: HIL PROBE tx peer=3 type=41 status=0 detail=ok
[2026-09-26T14:29:34.796Z] I (3616507) RouteLoom: HIL LINK tx peer=3 type=32 cid=3131591193 seq=1426
[2026-09-26T14:29:35.123Z] I (3616833) RouteLoom: HIL LINK rx peer=3 type=32 cid=2065731346 current=0 status=5 seq=727
[2026-09-26T14:29:35.200Z] I (3616909) RouteLoom: HIL LINK rx peer=1 type=32 cid=3139351763 current=0 status=5 seq=699
[2026-09-26T14:29:37.299Z] I (3619009) RouteLoom: HIL LINK tx peer=1 type=32 cid=3445906384 seq=1427
[2026-09-26T14:29:39.801Z] I (3621511) RouteLoom: HIL LINK tx peer=3 type=32 cid=3131591193 seq=1428
[2026-09-26T14:29:40.124Z] I (3621834) RouteLoom: HIL LINK rx peer=3 type=32 cid=2065731346 current=0 status=5 seq=728
[2026-09-26T14:29:40.201Z] I (3621910) RouteLoom: HIL LINK rx peer=1 type=32 cid=3139351763 current=0 status=5 seq=700
[2026-09-26T14:29:42.055Z] I (3623766) RouteLoom: HIL PROBE tx peer=1 type=40 status=0 detail=ok
[2026-09-26T14:29:42.077Z] I (3623788) RouteLoom: HIL LINK rx peer=1 type=41 cid=3139351763 current=0 status=5 seq=367
[2026-09-26T14:29:42.302Z] I (3624012) RouteLoom: HIL LINK tx peer=1 type=32 cid=3445906384 seq=1429
[2026-09-26T14:29:42.844Z] I (3624551) RouteLoom: HIL PROBE tx peer=3 type=40 status=0 detail=ok
[2026-09-26T14:29:42.860Z] I (3624569) RouteLoom: HIL LINK rx peer=3 type=41 cid=2065731346 current=0 status=5 seq=379
[2026-09-26T14:29:42.964Z] I (3624674) RouteLoom: HIL LINK rx peer=1 type=16 cid=3139351763 current=0 status=5 seq=109
[2026-09-26T14:29:42.969Z] I (3624677) RouteLoomRef: message origin=1 session=307 sequence=109 bytes=9
[2026-09-26T14:29:42.976Z] I (3624681) RouteLoom: HIL LINK tx peer=1 type=17 cid=3445906384 seq=109
[2026-09-26T14:29:42.982Z] I (3624692) RouteLoom: HIL LINK tx peer=1 type=18 cid=3445906384 seq=109
[2026-09-26T14:29:43.005Z] I (3624714) RouteLoom: HIL LINK rx peer=1 type=17 cid=3139351763 current=0 status=5 seq=109
[2026-09-26T14:29:44.804Z] I (3626514) RouteLoom: HIL LINK tx peer=3 type=32 cid=3131591193 seq=1430
[2026-09-26T14:29:45.126Z] I (3626834) RouteLoom: HIL LINK rx peer=3 type=32 cid=2065731346 current=0 status=5 seq=729
[2026-09-26T14:29:45.200Z] I (3626910) RouteLoom: HIL LINK rx peer=1 type=32 cid=3139351763 current=0 status=5 seq=701
[2026-09-26T14:29:47.305Z] I (3629016) RouteLoom: HIL LINK tx peer=1 type=32 cid=3445906384 seq=1431
[2026-09-26T14:29:49.815Z] I (3631518) RouteLoom: HIL LINK tx peer=3 type=32 cid=3131591193 seq=1432
[2026-09-26T14:29:50.125Z] I (3631835) RouteLoom: HIL LINK rx peer=3 type=32 cid=2065731346 current=0 status=5 seq=730
[2026-09-26T14:29:50.202Z] I (3631912) RouteLoom: HIL LINK rx peer=1 type=32 cid=3139351763 current=0 status=5 seq=702
[2026-09-26T14:29:52.073Z] I (3633782) RouteLoom: HIL LINK rx peer=1 type=40 cid=3139351763 current=0 status=5 seq=368
[2026-09-26T14:29:52.076Z] I (3633786) RouteLoom: HIL PROBE tx peer=1 type=41 status=0 detail=ok
[2026-09-26T14:29:52.310Z] I (3634020) RouteLoom: HIL LINK tx peer=1 type=32 cid=3445906384 seq=1433
[2026-09-26T14:29:52.856Z] I (3634565) RouteLoom: HIL LINK rx peer=3 type=40 cid=2065731346 current=0 status=5 seq=380
[2026-09-26T14:29:52.861Z] I (3634569) RouteLoom: HIL PROBE tx peer=3 type=41 status=0 detail=ok
[2026-09-26T14:29:54.847Z] I (3636522) RouteLoom: HIL LINK tx peer=3 type=32 cid=3131591193 seq=1434
[2026-09-26T14:29:55.127Z] I (3636837) RouteLoom: HIL LINK rx peer=3 type=32 cid=2065731346 current=0 status=5 seq=731
[2026-09-26T14:29:55.203Z] I (3636913) RouteLoom: HIL LINK rx peer=1 type=32 cid=3139351763 current=0 status=5 seq=703
[2026-09-26T14:29:57.312Z] I (3639022) RouteLoom: HIL LINK tx peer=1 type=32 cid=3445906384 seq=1435
[2026-09-26T14:29:59.814Z] I (3641524) RouteLoom: HIL LINK tx peer=3 type=32 cid=3131591193 seq=1436
[2026-09-26T14:30:00.129Z] I (3641838) RouteLoom: HIL LINK rx peer=3 type=32 cid=2065731346 current=0 status=5 seq=732
[2026-09-26T14:30:00.202Z] I (3641912) RouteLoom: HIL LINK rx peer=1 type=32 cid=3139351763 current=0 status=5 seq=704
[2026-09-26T14:30:02.076Z] I (3643786) RouteLoom: HIL PROBE tx peer=1 type=40 status=0 detail=ok
[2026-09-26T14:30:02.095Z] I (3643804) RouteLoom: HIL LINK rx peer=1 type=41 cid=3139351763 current=0 status=5 seq=369
[2026-09-26T14:30:02.316Z] I (3644026) RouteLoom: HIL LINK tx peer=1 type=32 cid=3445906384 seq=1437
[2026-09-26T14:30:02.861Z] I (3644568) RouteLoom: HIL PROBE tx peer=3 type=40 status=0 detail=ok
[2026-09-26T14:30:02.877Z] I (3644586) RouteLoom: HIL LINK rx peer=3 type=41 cid=2065731346 current=0 status=5 seq=381
[2026-09-26T14:30:04.817Z] I (3646527) RouteLoom: HIL LINK tx peer=3 type=32 cid=3131591193 seq=1438
[2026-09-26T14:30:05.132Z] I (3646840) RouteLoom: HIL LINK rx peer=3 type=32 cid=2065731346 current=0 status=5 seq=733
[2026-09-26T14:30:05.204Z] I (3646913) RouteLoom: HIL LINK rx peer=1 type=32 cid=3139351763 current=0 status=5 seq=705
[2026-09-26T14:30:07.318Z] I (3649028) RouteLoom: HIL LINK tx peer=1 type=32 cid=3445906384 seq=1439
[2026-09-26T14:30:09.820Z] I (3651530) RouteLoom: HIL LINK tx peer=3 type=32 cid=3131591193 seq=1440
[2026-09-26T14:30:10.131Z] I (3651841) RouteLoom: HIL LINK rx peer=3 type=32 cid=2065731346 current=0 status=5 seq=734
[2026-09-26T14:30:10.204Z] I (3651914) RouteLoom: HIL LINK rx peer=1 type=32 cid=3139351763 current=0 status=5 seq=706
[2026-09-26T14:30:12.093Z] I (3653803) RouteLoom: HIL LINK rx peer=1 type=40 cid=3139351763 current=0 status=5 seq=370
[2026-09-26T14:30:12.097Z] I (3653806) RouteLoom: HIL PROBE tx peer=1 type=41 status=0 detail=ok
[2026-09-26T14:30:12.322Z] I (3654031) RouteLoom: HIL LINK tx peer=1 type=32 cid=3445906384 seq=1441
[2026-09-26T14:30:12.874Z] I (3654583) RouteLoom: HIL LINK rx peer=3 type=40 cid=2065731346 current=0 status=5 seq=382
[2026-09-26T14:30:12.878Z] I (3654587) RouteLoom: HIL PROBE tx peer=3 type=41 status=0 detail=ok
[2026-09-26T14:30:14.821Z] I (3656531) RouteLoom: HIL LINK tx peer=3 type=32 cid=3131591193 seq=1442
[2026-09-26T14:30:15.134Z] I (3656843) RouteLoom: HIL LINK rx peer=3 type=32 cid=2065731346 current=0 status=5 seq=735
[2026-09-26T14:30:15.208Z] I (3656915) RouteLoom: HIL LINK rx peer=1 type=32 cid=3139351763 current=0 status=5 seq=707
[2026-09-26T14:30:17.325Z] I (3659033) RouteLoom: HIL LINK tx peer=1 type=32 cid=3445906384 seq=1443
[2026-09-26T14:30:18.828Z] I (3660473) RouteLoom: stack hwm main 11096 B
[2026-09-26T14:30:18.829Z] I (3660473) RouteLoom: HIL HEAP free=21708 largest=18432 min=20932 B
[2026-09-26T14:30:18.829Z] I (3660474) RouteLoom: HIL DISCOVERY candidates=0 neighbors=2 capacity=0 auth=2 stale=0 probes=376 send_failures=22 kind_rejects=0
[2026-09-26T14:30:18.829Z] I (3660484) RouteLoom: HIL ROUTE peer=1 phase=5 via=1 metric=1 generation=307 seq=1
[2026-09-26T14:30:18.829Z] I (3660491) RouteLoom: HIL ROUTE peer=3 phase=5 via=3 metric=1 generation=107 seq=1
[2026-09-26T14:30:19.824Z] I (3661534) RouteLoom: HIL LINK tx peer=3 type=32 cid=3131591193 seq=1444
[2026-09-26T14:30:19.862Z] I (3661566) RouteLoom: HIL LINK rx peer=1 type=16 cid=3139351763 current=0 status=5 seq=110
[2026-09-26T14:30:19.863Z] I (3661572) RouteLoom: HIL LINK tx peer=1 type=17 cid=3445906384 seq=110
[2026-09-26T14:30:19.873Z] I (3661583) RouteLoom: HIL LINK tx peer=3 type=16 cid=3131591193 seq=110
[2026-09-26T14:30:19.896Z] I (3661605) RouteLoom: HIL LINK rx peer=3 type=17 cid=2065731346 current=0 status=5 seq=110
[2026-09-26T14:30:19.910Z] I (3661617) RouteLoom: HIL LINK rx peer=3 type=18 cid=2065731346 current=0 status=5 seq=110
[2026-09-26T14:30:19.914Z] I (3661623) RouteLoom: HIL LINK tx peer=3 type=17 cid=3131591193 seq=110
[2026-09-26T14:30:19.926Z] I (3661634) RouteLoom: HIL LINK tx peer=1 type=18 cid=3445906384 seq=110
[2026-09-26T14:30:19.946Z] I (3661655) RouteLoom: HIL LINK rx peer=1 type=17 cid=3139351763 current=0 status=5 seq=110
[2026-09-26T14:30:20.136Z] I (3661843) RouteLoom: HIL LINK rx peer=3 type=32 cid=2065731346 current=0 status=5 seq=736
[2026-09-26T14:30:20.207Z] I (3661916) RouteLoom: HIL LINK rx peer=1 type=32 cid=3139351763 current=0 status=5 seq=708
[2026-09-26T14:30:22.095Z] I (3663805) RouteLoom: HIL PROBE tx peer=1 type=40 status=0 detail=ok
[2026-09-26T14:30:22.112Z] I (3663822) RouteLoom: HIL LINK rx peer=1 type=41 cid=3139351763 current=0 status=5 seq=371
[2026-09-26T14:30:22.327Z] I (3664034) RouteLoom: HIL LINK tx peer=1 type=32 cid=3445906384 seq=1445
[2026-09-26T14:30:22.875Z] I (3664585) RouteLoom: HIL PROBE tx peer=3 type=40 status=0 detail=ok
[2026-09-26T14:30:22.893Z] I (3664602) RouteLoom: HIL LINK rx peer=3 type=41 cid=2065731346 current=0 status=5 seq=383
[2026-09-26T14:30:24.827Z] I (3666536) RouteLoom: HIL LINK tx peer=3 type=32 cid=3131591193 seq=1446
[2026-09-26T14:30:25.134Z] I (3666844) RouteLoom: HIL LINK rx peer=3 type=32 cid=2065731346 current=0 status=5 seq=737
[2026-09-26T14:30:25.210Z] I (3666917) RouteLoom: HIL LINK rx peer=1 type=32 cid=3139351763 current=0 status=5 seq=709
[2026-09-26T14:30:27.328Z] I (3669038) RouteLoom: HIL LINK tx peer=1 type=32 cid=3445906384 seq=1447
[2026-09-26T14:30:29.830Z] I (3671540) RouteLoom: HIL LINK tx peer=3 type=32 cid=3131591193 seq=1448
[2026-09-26T14:30:30.136Z] I (3671845) RouteLoom: HIL LINK rx peer=3 type=32 cid=2065731346 current=0 status=5 seq=738
[2026-09-26T14:30:30.210Z] I (3671919) RouteLoom: HIL LINK rx peer=1 type=32 cid=3139351763 current=0 status=5 seq=710
[2026-09-26T14:30:32.110Z] I (3673820) RouteLoom: HIL LINK rx peer=1 type=40 cid=3139351763 current=0 status=5 seq=372
[2026-09-26T14:30:32.114Z] I (3673824) RouteLoom: HIL PROBE tx peer=1 type=41 status=0 detail=ok
[2026-09-26T14:30:32.330Z] I (3674040) RouteLoom: HIL LINK tx peer=1 type=32 cid=3445906384 seq=1449
[2026-09-26T14:30:32.891Z] I (3674600) RouteLoom: HIL LINK rx peer=3 type=40 cid=2065731346 current=0 status=5 seq=384
[2026-09-26T14:30:32.896Z] I (3674604) RouteLoom: HIL PROBE tx peer=3 type=41 status=0 detail=ok
[2026-09-26T14:30:34.832Z] I (3676542) RouteLoom: HIL LINK tx peer=3 type=32 cid=3131591193 seq=1450
[2026-09-26T14:30:35.140Z] I (3676849) RouteLoom: HIL LINK rx peer=3 type=32 cid=2065731346 current=0 status=5 seq=739
[2026-09-26T14:30:35.211Z] I (3676920) RouteLoom: HIL LINK rx peer=1 type=32 cid=3139351763 current=0 status=5 seq=711
[2026-09-26T14:30:37.334Z] I (3679044) RouteLoom: HIL LINK tx peer=1 type=32 cid=3445906384 seq=1451
[2026-09-26T14:30:39.836Z] I (3681546) RouteLoom: HIL LINK tx peer=3 type=32 cid=3131591193 seq=1452
[2026-09-26T14:30:40.138Z] I (3681848) RouteLoom: HIL LINK rx peer=3 type=32 cid=2065731346 current=0 status=5 seq=740
[2026-09-26T14:30:40.214Z] I (3681923) RouteLoom: HIL LINK rx peer=1 type=32 cid=3139351763 current=0 status=5 seq=712
[2026-09-26T14:30:42.114Z] I (3683824) RouteLoom: HIL PROBE tx peer=1 type=40 status=0 detail=ok
[2026-09-26T14:30:42.133Z] I (3683842) RouteLoom: HIL LINK rx peer=1 type=41 cid=3139351763 current=0 status=5 seq=373
[2026-09-26T14:30:42.336Z] I (3684046) RouteLoom: HIL LINK tx peer=1 type=32 cid=3445906384 seq=1453
[2026-09-26T14:30:42.893Z] I (3684603) RouteLoom: HIL PROBE tx peer=3 type=40 status=0 detail=ok
[2026-09-26T14:30:42.910Z] I (3684620) RouteLoom: HIL LINK rx peer=3 type=41 cid=2065731346 current=0 status=5 seq=385
[2026-09-26T14:30:44.838Z] I (3686548) RouteLoom: HIL LINK tx peer=3 type=32 cid=3131591193 seq=1454
[2026-09-26T14:30:45.140Z] I (3686850) RouteLoom: HIL LINK rx peer=3 type=32 cid=2065731346 current=0 status=5 seq=741
[2026-09-26T14:30:45.214Z] I (3686923) RouteLoom: HIL LINK rx peer=1 type=32 cid=3139351763 current=0 status=5 seq=713
[2026-09-26T14:30:47.340Z] I (3689050) RouteLoom: HIL LINK tx peer=1 type=32 cid=3445906384 seq=1455
[2026-09-26T14:30:49.842Z] I (3691552) RouteLoom: HIL LINK tx peer=3 type=32 cid=3131591193 seq=1456
[2026-09-26T14:30:50.141Z] I (3691851) RouteLoom: HIL LINK rx peer=3 type=32 cid=2065731346 current=0 status=5 seq=742
[2026-09-26T14:30:50.218Z] I (3691927) RouteLoom: HIL LINK rx peer=1 type=32 cid=3139351763 current=0 status=5 seq=714
[2026-09-26T14:30:52.130Z] I (3693839) RouteLoom: HIL LINK rx peer=1 type=40 cid=3139351763 current=0 status=5 seq=374
[2026-09-26T14:30:52.134Z] I (3693843) RouteLoom: HIL PROBE tx peer=1 type=41 status=0 detail=ok
[2026-09-26T14:30:52.343Z] I (3694053) RouteLoom: HIL LINK tx peer=1 type=32 cid=3445906384 seq=1457
[2026-09-26T14:30:52.909Z] I (3694618) RouteLoom: HIL LINK rx peer=3 type=40 cid=2065731346 current=0 status=5 seq=386
[2026-09-26T14:30:52.913Z] I (3694622) RouteLoom: HIL PROBE tx peer=3 type=41 status=0 detail=ok
[2026-09-26T14:30:54.844Z] I (3696554) RouteLoom: HIL LINK tx peer=3 type=32 cid=3131591193 seq=1458
[2026-09-26T14:30:55.143Z] I (3696853) RouteLoom: HIL LINK rx peer=3 type=32 cid=2065731346 current=0 status=5 seq=743
[2026-09-26T14:30:55.219Z] I (3696928) RouteLoom: HIL LINK rx peer=1 type=32 cid=3139351763 current=0 status=5 seq=715
[2026-09-26T14:30:56.849Z] I (3698558) RouteLoom: HIL LINK rx peer=1 type=16 cid=3139351763 current=0 status=5 seq=111
[2026-09-26T14:30:56.853Z] I (3698562) RouteLoomRef: message origin=1 session=307 sequence=111 bytes=9
[2026-09-26T14:30:56.859Z] I (3698566) RouteLoom: HIL LINK tx peer=1 type=17 cid=3445906384 seq=111
[2026-09-26T14:30:56.868Z] I (3698577) RouteLoom: HIL LINK tx peer=1 type=18 cid=3445906384 seq=111
[2026-09-26T14:30:56.890Z] I (3698599) RouteLoom: HIL LINK rx peer=1 type=17 cid=3139351763 current=0 status=5 seq=111
[2026-09-26T14:30:57.345Z] I (3699055) RouteLoom: HIL LINK tx peer=1 type=32 cid=3445906384 seq=1459
[2026-09-26T14:30:59.847Z] I (3701557) RouteLoom: HIL LINK tx peer=3 type=32 cid=3131591193 seq=1460
[2026-09-26T14:31:00.145Z] I (3701854) RouteLoom: HIL LINK rx peer=3 type=32 cid=2065731346 current=0 status=5 seq=744
[2026-09-26T14:31:00.218Z] I (3701927) RouteLoom: HIL LINK rx peer=1 type=32 cid=3139351763 current=0 status=5 seq=716
[2026-09-26T14:31:02.136Z] I (3703843) RouteLoom: HIL PROBE tx peer=1 type=40 status=0 detail=ok
[2026-09-26T14:31:02.152Z] I (3703861) RouteLoom: HIL LINK rx peer=1 type=41 cid=3139351763 current=0 status=5 seq=375
[2026-09-26T14:31:02.349Z] I (3704059) RouteLoom: HIL LINK tx peer=1 type=32 cid=3445906384 seq=1461
[2026-09-26T14:31:02.913Z] I (3704622) RouteLoom: HIL PROBE tx peer=3 type=40 status=0 detail=ok
[2026-09-26T14:31:02.930Z] I (3704639) RouteLoom: HIL LINK rx peer=3 type=41 cid=2065731346 current=0 status=5 seq=387
[2026-09-26T14:31:04.852Z] I (3706561) RouteLoom: HIL LINK tx peer=3 type=32 cid=3131591193 seq=1462
[2026-09-26T14:31:05.145Z] I (3706854) RouteLoom: HIL LINK rx peer=3 type=32 cid=2065731346 current=0 status=5 seq=745
[2026-09-26T14:31:05.218Z] I (3706927) RouteLoom: HIL LINK rx peer=1 type=32 cid=3139351763 current=0 status=5 seq=717
[2026-09-26T14:31:07.353Z] I (3709063) RouteLoom: HIL LINK tx peer=1 type=32 cid=3445906384 seq=1463
[2026-09-26T14:31:09.855Z] I (3711565) RouteLoom: HIL LINK tx peer=3 type=32 cid=3131591193 seq=1464
[2026-09-26T14:31:10.146Z] I (3711855) RouteLoom: HIL LINK rx peer=3 type=32 cid=2065731346 current=0 status=5 seq=746
[2026-09-26T14:31:10.221Z] I (3711930) RouteLoom: HIL LINK rx peer=1 type=32 cid=3139351763 current=0 status=5 seq=718
[2026-09-26T14:31:12.151Z] I (3713860) RouteLoom: HIL LINK rx peer=1 type=40 cid=3139351763 current=0 status=5 seq=376
[2026-09-26T14:31:12.155Z] I (3713864) RouteLoom: HIL PROBE tx peer=1 type=41 status=0 detail=ok
[2026-09-26T14:31:12.355Z] I (3714065) RouteLoom: HIL LINK tx peer=1 type=32 cid=3445906384 seq=1465
[2026-09-26T14:31:12.927Z] I (3714636) RouteLoom: HIL LINK rx peer=3 type=40 cid=2065731346 current=0 status=5 seq=388
[2026-09-26T14:31:12.931Z] I (3714640) RouteLoom: HIL PROBE tx peer=3 type=41 status=0 detail=ok
[2026-09-26T14:31:14.856Z] I (3716566) RouteLoom: HIL LINK tx peer=3 type=32 cid=3131591193 seq=1466
[2026-09-26T14:31:15.147Z] I (3716856) RouteLoom: HIL LINK rx peer=3 type=32 cid=2065731346 current=0 status=5 seq=747
[2026-09-26T14:31:15.222Z] I (3716931) RouteLoom: HIL LINK rx peer=1 type=32 cid=3139351763 current=0 status=5 seq=719
[2026-09-26T14:31:17.358Z] I (3719067) RouteLoom: HIL LINK tx peer=1 type=32 cid=3445906384 seq=1467
[2026-09-26T14:31:18.765Z] I (3720474) RouteLoom: stack hwm main 11096 B
[2026-09-26T14:31:18.765Z] I (3720474) RouteLoom: HIL HEAP free=21708 largest=18432 min=20932 B
[2026-09-26T14:31:18.775Z] I (3720475) RouteLoom: HIL DISCOVERY candidates=0 neighbors=2 capacity=0 auth=2 stale=0 probes=382 send_failures=22 kind_rejects=0
[2026-09-26T14:31:18.783Z] I (3720485) RouteLoom: HIL ROUTE peer=1 phase=5 via=1 metric=1 generation=307 seq=1
[2026-09-26T14:31:18.790Z] I (3720492) RouteLoom: HIL ROUTE peer=3 phase=5 via=3 metric=1 generation=107 seq=1
[2026-09-26T14:31:19.859Z] I (3721568) RouteLoom: HIL LINK tx peer=3 type=32 cid=3131591193 seq=1468
[2026-09-26T14:31:20.147Z] I (3721856) RouteLoom: HIL LINK rx peer=3 type=32 cid=2065731346 current=0 status=5 seq=748
[2026-09-26T14:31:20.221Z] I (3721930) RouteLoom: HIL LINK rx peer=1 type=32 cid=3139351763 current=0 status=5 seq=720
[2026-09-26T14:31:22.155Z] I (3723864) RouteLoom: HIL PROBE tx peer=1 type=40 status=0 detail=ok
[2026-09-26T14:31:22.172Z] I (3723881) RouteLoom: HIL LINK rx peer=1 type=41 cid=3139351763 current=0 status=5 seq=377
[2026-09-26T14:31:22.359Z] I (3724069) RouteLoom: HIL LINK tx peer=1 type=32 cid=3445906384 seq=1469
[2026-09-26T14:31:22.929Z] I (3724638) RouteLoom: HIL PROBE tx peer=3 type=40 status=0 detail=ok
[2026-09-26T14:31:22.948Z] I (3724656) RouteLoom: HIL LINK rx peer=3 type=41 cid=2065731346 current=0 status=5 seq=389
[2026-09-26T14:31:24.861Z] I (3726570) RouteLoom: HIL LINK tx peer=3 type=32 cid=3131591193 seq=1470
[2026-09-26T14:31:25.148Z] I (3726856) RouteLoom: HIL LINK rx peer=3 type=32 cid=2065731346 current=0 status=5 seq=749
[2026-09-26T14:31:25.223Z] I (3726932) RouteLoom: HIL LINK rx peer=1 type=32 cid=3139351763 current=0 status=5 seq=721
[2026-09-26T14:31:27.362Z] I (3729071) RouteLoom: HIL LINK tx peer=1 type=32 cid=3445906384 seq=1471
[2026-09-26T14:31:29.864Z] I (3731573) RouteLoom: HIL LINK tx peer=3 type=32 cid=3131591193 seq=1472
[2026-09-26T14:31:30.148Z] I (3731857) RouteLoom: HIL LINK rx peer=3 type=32 cid=2065731346 current=0 status=5 seq=750
[2026-09-26T14:31:30.224Z] I (3731933) RouteLoom: HIL LINK rx peer=1 type=32 cid=3139351763 current=0 status=5 seq=722
[2026-09-26T14:31:32.170Z] I (3733878) RouteLoom: HIL LINK rx peer=1 type=40 cid=3139351763 current=0 status=5 seq=378
[2026-09-26T14:31:32.173Z] I (3733882) RouteLoom: HIL PROBE tx peer=1 type=41 status=0 detail=ok
[2026-09-26T14:31:32.365Z] I (3734074) RouteLoom: HIL LINK tx peer=1 type=32 cid=3445906384 seq=1473
[2026-09-26T14:31:32.944Z] I (3734653) RouteLoom: HIL LINK rx peer=3 type=40 cid=2065731346 current=0 status=5 seq=390
[2026-09-26T14:31:32.949Z] I (3734657) RouteLoom: HIL PROBE tx peer=3 type=41 status=0 detail=ok
[2026-09-26T14:31:33.847Z] I (3735555) RouteLoom: HIL LINK rx peer=1 type=16 cid=3139351763 current=0 status=5 seq=112
[2026-09-26T14:31:33.852Z] I (3735561) RouteLoom: HIL LINK tx peer=1 type=17 cid=3445906384 seq=112
[2026-09-26T14:31:33.863Z] I (3735572) RouteLoom: HIL LINK tx peer=3 type=16 cid=3131591193 seq=112
[2026-09-26T14:31:33.885Z] I (3735593) RouteLoom: HIL LINK rx peer=3 type=17 cid=2065731346 current=0 status=5 seq=112
[2026-09-26T14:31:33.896Z] I (3735605) RouteLoom: HIL LINK rx peer=3 type=18 cid=2065731346 current=0 status=5 seq=112
[2026-09-26T14:31:33.902Z] I (3735610) RouteLoom: HIL LINK tx peer=3 type=17 cid=3131591193 seq=112
[2026-09-26T14:31:33.913Z] I (3735622) RouteLoom: HIL LINK tx peer=1 type=18 cid=3445906384 seq=112
[2026-09-26T14:31:33.933Z] I (3735642) RouteLoom: HIL LINK rx peer=1 type=17 cid=3139351763 current=0 status=5 seq=112
[2026-09-26T14:31:34.866Z] I (3736575) RouteLoom: HIL LINK tx peer=3 type=32 cid=3131591193 seq=1474
[2026-09-26T14:31:35.151Z] I (3736859) RouteLoom: HIL LINK rx peer=3 type=32 cid=2065731346 current=0 status=5 seq=751
[2026-09-26T14:31:35.224Z] I (3736932) RouteLoom: HIL LINK rx peer=1 type=32 cid=3139351763 current=0 status=5 seq=723
[2026-09-26T14:31:37.368Z] I (3739077) RouteLoom: HIL LINK tx peer=1 type=32 cid=3445906384 seq=1475
[2026-09-26T14:31:39.870Z] I (3741579) RouteLoom: HIL LINK tx peer=3 type=32 cid=3131591193 seq=1476
[2026-09-26T14:31:40.151Z] I (3741860) RouteLoom: HIL LINK rx peer=3 type=32 cid=2065731346 current=0 status=5 seq=752
[2026-09-26T14:31:40.226Z] I (3741935) RouteLoom: HIL LINK rx peer=1 type=32 cid=3139351763 current=0 status=5 seq=724
[2026-09-26T14:31:42.172Z] I (3743881) RouteLoom: HIL PROBE tx peer=1 type=40 status=0 detail=ok
[2026-09-26T14:31:42.189Z] I (3743898) RouteLoom: HIL LINK rx peer=1 type=41 cid=3139351763 current=0 status=5 seq=379
[2026-09-26T14:31:42.376Z] I (3744080) RouteLoom: HIL LINK tx peer=1 type=32 cid=3445906384 seq=1477
[2026-09-26T14:31:42.946Z] I (3744655) RouteLoom: HIL PROBE tx peer=3 type=40 status=0 detail=ok
[2026-09-26T14:31:42.964Z] I (3744673) RouteLoom: HIL LINK rx peer=3 type=41 cid=2065731346 current=0 status=5 seq=391
[2026-09-26T14:31:44.871Z] I (3746580) RouteLoom: HIL LINK tx peer=3 type=32 cid=3131591193 seq=1478
[2026-09-26T14:31:45.155Z] I (3746863) RouteLoom: HIL LINK rx peer=3 type=32 cid=2065731346 current=0 status=5 seq=753
[2026-09-26T14:31:45.228Z] I (3746936) RouteLoom: HIL LINK rx peer=1 type=32 cid=3139351763 current=0 status=5 seq=725
[2026-09-26T14:31:47.372Z] I (3749081) RouteLoom: HIL LINK tx peer=1 type=32 cid=3445906384 seq=1479
[2026-09-26T14:31:49.874Z] I (3751583) RouteLoom: HIL LINK tx peer=3 type=32 cid=3131591193 seq=1480
[2026-09-26T14:31:50.155Z] I (3751863) RouteLoom: HIL LINK rx peer=3 type=32 cid=2065731346 current=0 status=5 seq=754
[2026-09-26T14:31:50.231Z] I (3751939) RouteLoom: HIL LINK rx peer=1 type=32 cid=3139351763 current=0 status=5 seq=726
[2026-09-26T14:31:52.188Z] I (3753896) RouteLoom: HIL LINK rx peer=1 type=40 cid=3139351763 current=0 status=5 seq=380
[2026-09-26T14:31:52.191Z] I (3753900) RouteLoom: HIL PROBE tx peer=1 type=41 status=0 detail=ok
[2026-09-26T14:31:52.374Z] I (3754083) RouteLoom: HIL LINK tx peer=1 type=32 cid=3445906384 seq=1481
[2026-09-26T14:31:52.964Z] I (3754673) RouteLoom: HIL LINK rx peer=3 type=40 cid=2065731346 current=0 status=5 seq=392
[2026-09-26T14:31:52.968Z] I (3754677) RouteLoom: HIL PROBE tx peer=3 type=41 status=0 detail=ok
[2026-09-26T14:31:54.876Z] I (3756585) RouteLoom: HIL LINK tx peer=3 type=32 cid=3131591193 seq=1482
[2026-09-26T14:31:55.154Z] I (3756863) RouteLoom: HIL LINK rx peer=3 type=32 cid=2065731346 current=0 status=5 seq=755
[2026-09-26T14:31:55.231Z] I (3756939) RouteLoom: HIL LINK rx peer=1 type=32 cid=3139351763 current=0 status=5 seq=727
[2026-09-26T14:31:57.378Z] I (3759087) RouteLoom: HIL LINK tx peer=1 type=32 cid=3445906384 seq=1483
[2026-09-26T14:31:59.880Z] I (3761589) RouteLoom: HIL LINK tx peer=3 type=32 cid=3131591193 seq=1484
[2026-09-26T14:32:00.157Z] I (3761865) RouteLoom: HIL LINK rx peer=3 type=32 cid=2065731346 current=0 status=5 seq=756
[2026-09-26T14:32:00.233Z] I (3761941) RouteLoom: HIL LINK rx peer=1 type=32 cid=3139351763 current=0 status=5 seq=728
[2026-09-26T14:32:02.190Z] I (3763899) RouteLoom: HIL PROBE tx peer=1 type=40 status=0 detail=ok
[2026-09-26T14:32:02.209Z] I (3763917) RouteLoom: HIL LINK rx peer=1 type=41 cid=3139351763 current=0 status=5 seq=381
[2026-09-26T14:32:02.382Z] I (3764091) RouteLoom: HIL LINK tx peer=1 type=32 cid=3445906384 seq=1485
[2026-09-26T14:32:02.966Z] I (3764675) RouteLoom: HIL PROBE tx peer=3 type=40 status=0 detail=ok
[2026-09-26T14:32:02.983Z] I (3764692) RouteLoom: HIL LINK rx peer=3 type=41 cid=2065731346 current=0 status=5 seq=393
[2026-09-26T14:32:04.884Z] I (3766593) RouteLoom: HIL LINK tx peer=3 type=32 cid=3131591193 seq=1486
[2026-09-26T14:32:05.156Z] I (3766865) RouteLoom: HIL LINK rx peer=3 type=32 cid=2065731346 current=0 status=5 seq=757
[2026-09-26T14:32:05.233Z] I (3766941) RouteLoom: HIL LINK rx peer=1 type=32 cid=3139351763 current=0 status=5 seq=729
[2026-09-26T14:32:07.386Z] I (3769095) RouteLoom: HIL LINK tx peer=1 type=32 cid=3445906384 seq=1487
[2026-09-26T14:32:09.888Z] I (3771597) RouteLoom: HIL LINK tx peer=3 type=32 cid=3131591193 seq=1488
[2026-09-26T14:32:10.160Z] I (3771868) RouteLoom: HIL LINK rx peer=3 type=32 cid=2065731346 current=0 status=5 seq=758
[2026-09-26T14:32:10.236Z] I (3771944) RouteLoom: HIL LINK rx peer=1 type=32 cid=3139351763 current=0 status=5 seq=730
[2026-09-26T14:32:10.846Z] I (3772554) RouteLoom: HIL LINK rx peer=1 type=16 cid=3139351763 current=0 status=5 seq=113
[2026-09-26T14:32:10.849Z] I (3772558) RouteLoomRef: message origin=1 session=307 sequence=113 bytes=9
[2026-09-26T14:32:10.856Z] I (3772562) RouteLoom: HIL LINK tx peer=1 type=17 cid=3445906384 seq=113
[2026-09-26T14:32:10.864Z] I (3772573) RouteLoom: HIL LINK tx peer=1 type=18 cid=3445906384 seq=113
[2026-09-26T14:32:10.887Z] I (3772595) RouteLoom: HIL LINK rx peer=1 type=17 cid=3139351763 current=0 status=5 seq=113
[2026-09-26T14:32:12.208Z] I (3773917) RouteLoom: HIL LINK rx peer=1 type=40 cid=3139351763 current=0 status=5 seq=382
[2026-09-26T14:32:12.212Z] I (3773920) RouteLoom: HIL PROBE tx peer=1 type=41 status=0 detail=ok
[2026-09-26T14:32:12.388Z] I (3774097) RouteLoom: HIL LINK tx peer=1 type=32 cid=3445906384 seq=1489
[2026-09-26T14:32:12.981Z] I (3774689) RouteLoom: HIL LINK rx peer=3 type=40 cid=2065731346 current=0 status=5 seq=394
[2026-09-26T14:32:12.985Z] I (3774694) RouteLoom: HIL PROBE tx peer=3 type=41 status=0 detail=ok
[2026-09-26T14:32:14.890Z] I (3776599) RouteLoom: HIL LINK tx peer=3 type=32 cid=3131591193 seq=1490
[2026-09-26T14:32:15.157Z] I (3776866) RouteLoom: HIL LINK rx peer=3 type=32 cid=2065731346 current=0 status=5 seq=759
[2026-09-26T14:32:15.236Z] I (3776944) RouteLoom: HIL LINK rx peer=1 type=32 cid=3139351763 current=0 status=5 seq=731
[2026-09-26T14:32:17.392Z] I (3779101) RouteLoom: HIL LINK tx peer=1 type=32 cid=3445906384 seq=1491
[2026-09-26T14:32:18.766Z] I (3780475) RouteLoom: stack hwm main 11096 B
[2026-09-26T14:32:18.767Z] I (3780475) RouteLoom: HIL HEAP free=21708 largest=18432 min=20932 B
[2026-09-26T14:32:18.777Z] I (3780476) RouteLoom: HIL DISCOVERY candidates=0 neighbors=2 capacity=0 auth=2 stale=0 probes=388 send_failures=22 kind_rejects=0
[2026-09-26T14:32:18.784Z] I (3780486) RouteLoom: HIL ROUTE peer=1 phase=5 via=1 metric=1 generation=307 seq=1
[2026-09-26T14:32:18.792Z] I (3780493) RouteLoom: HIL ROUTE peer=3 phase=5 via=3 metric=1 generation=107 seq=1
[2026-09-26T14:32:19.893Z] I (3781602) RouteLoom: HIL LINK tx peer=3 type=32 cid=3131591193 seq=1492
[2026-09-26T14:32:20.159Z] I (3781867) RouteLoom: HIL LINK rx peer=3 type=32 cid=2065731346 current=0 status=5 seq=760
[2026-09-26T14:32:20.238Z] I (3781946) RouteLoom: HIL LINK rx peer=1 type=32 cid=3139351763 current=0 status=5 seq=732
[2026-09-26T14:32:22.210Z] I (3783919) RouteLoom: HIL PROBE tx peer=1 type=40 status=0 detail=ok
[2026-09-26T14:32:22.229Z] I (3783937) RouteLoom: HIL LINK rx peer=1 type=41 cid=3139351763 current=0 status=5 seq=383
[2026-09-26T14:32:22.393Z] I (3784102) RouteLoom: HIL LINK tx peer=1 type=32 cid=3445906384 seq=1493
[2026-09-26T14:32:22.983Z] I (3784692) RouteLoom: HIL PROBE tx peer=3 type=40 status=0 detail=ok
[2026-09-26T14:32:23.004Z] I (3784712) RouteLoom: HIL LINK rx peer=3 type=41 cid=2065731346 current=0 status=5 seq=395
[2026-09-26T14:32:24.893Z] I (3786602) RouteLoom: HIL LINK tx peer=3 type=32 cid=3131591193 seq=1494
[2026-09-26T14:32:25.159Z] I (3786868) RouteLoom: HIL LINK rx peer=3 type=32 cid=2065731346 current=0 status=5 seq=761
[2026-09-26T14:32:25.238Z] I (3786946) RouteLoom: HIL LINK rx peer=1 type=32 cid=3139351763 current=0 status=5 seq=733
[2026-09-26T14:32:27.394Z] I (3789103) RouteLoom: HIL LINK tx peer=1 type=32 cid=3445906384 seq=1495
[2026-09-26T14:32:29.896Z] I (3791605) RouteLoom: HIL LINK tx peer=3 type=32 cid=3131591193 seq=1496
[2026-09-26T14:32:30.160Z] I (3791868) RouteLoom: HIL LINK rx peer=3 type=32 cid=2065731346 current=0 status=5 seq=762
[2026-09-26T14:32:30.240Z] I (3791948) RouteLoom: HIL LINK rx peer=1 type=32 cid=3139351763 current=0 status=5 seq=734
[2026-09-26T14:32:32.227Z] I (3793935) RouteLoom: HIL LINK rx peer=1 type=40 cid=3139351763 current=0 status=5 seq=384
[2026-09-26T14:32:32.231Z] I (3793939) RouteLoom: HIL PROBE tx peer=1 type=41 status=0 detail=ok
[2026-09-26T14:32:32.399Z] I (3794107) RouteLoom: HIL LINK tx peer=1 type=32 cid=3445906384 seq=1497
[2026-09-26T14:32:33.003Z] I (3794711) RouteLoom: HIL LINK rx peer=3 type=40 cid=2065731346 current=0 status=5 seq=396
[2026-09-26T14:32:33.007Z] I (3794715) RouteLoom: HIL PROBE tx peer=3 type=41 status=0 detail=ok
[2026-09-26T14:32:34.900Z] I (3796608) RouteLoom: HIL LINK tx peer=3 type=32 cid=3131591193 seq=1498
[2026-09-26T14:32:35.160Z] I (3796868) RouteLoom: HIL LINK rx peer=3 type=32 cid=2065731346 current=0 status=5 seq=763
[2026-09-26T14:32:35.239Z] I (3796947) RouteLoom: HIL LINK rx peer=1 type=32 cid=3139351763 current=0 status=5 seq=735
[2026-09-26T14:32:37.402Z] I (3799110) RouteLoom: HIL LINK tx peer=1 type=32 cid=3445906384 seq=1499
[2026-09-26T14:32:39.903Z] I (3801612) RouteLoom: HIL LINK tx peer=3 type=32 cid=3131591193 seq=1500
[2026-09-26T14:32:40.161Z] I (3801869) RouteLoom: HIL LINK rx peer=3 type=32 cid=2065731346 current=0 status=5 seq=764
[2026-09-26T14:32:40.240Z] I (3801948) RouteLoom: HIL LINK rx peer=1 type=32 cid=3139351763 current=0 status=5 seq=736
[2026-09-26T14:32:42.231Z] I (3803939) RouteLoom: HIL PROBE tx peer=1 type=40 status=0 detail=ok
[2026-09-26T14:32:42.248Z] I (3803956) RouteLoom: HIL LINK rx peer=1 type=41 cid=3139351763 current=0 status=5 seq=385
[2026-09-26T14:32:42.405Z] I (3804114) RouteLoom: HIL LINK tx peer=1 type=32 cid=3445906384 seq=1501
[2026-09-26T14:32:43.005Z] I (3804713) RouteLoom: HIL PROBE tx peer=3 type=40 status=0 detail=ok
[2026-09-26T14:32:43.022Z] I (3804730) RouteLoom: HIL LINK rx peer=3 type=41 cid=2065731346 current=0 status=5 seq=397
[2026-09-26T14:32:44.908Z] I (3806616) RouteLoom: HIL LINK tx peer=3 type=32 cid=3131591193 seq=1502
[2026-09-26T14:32:45.162Z] I (3806869) RouteLoom: HIL LINK rx peer=3 type=32 cid=2065731346 current=0 status=5 seq=765
[2026-09-26T14:32:45.240Z] I (3806948) RouteLoom: HIL LINK rx peer=1 type=32 cid=3139351763 current=0 status=5 seq=737
[2026-09-26T14:32:47.409Z] I (3809117) RouteLoom: HIL LINK tx peer=1 type=32 cid=3445906384 seq=1503
[2026-09-26T14:32:47.846Z] I (3809554) RouteLoom: HIL LINK rx peer=1 type=16 cid=3139351763 current=0 status=5 seq=114
[2026-09-26T14:32:47.853Z] I (3809559) RouteLoom: HIL LINK tx peer=1 type=17 cid=3445906384 seq=114
[2026-09-26T14:32:47.862Z] I (3809571) RouteLoom: HIL LINK tx peer=3 type=16 cid=3131591193 seq=114
[2026-09-26T14:32:47.885Z] I (3809592) RouteLoom: HIL LINK rx peer=3 type=17 cid=2065731346 current=0 status=5 seq=114
[2026-09-26T14:32:47.896Z] I (3809604) RouteLoom: HIL LINK rx peer=3 type=18 cid=2065731346 current=0 status=5 seq=114
[2026-09-26T14:32:47.901Z] I (3809610) RouteLoom: HIL LINK tx peer=3 type=17 cid=3131591193 seq=114
[2026-09-26T14:32:47.913Z] I (3809621) RouteLoom: HIL LINK tx peer=1 type=18 cid=3445906384 seq=114
[2026-09-26T14:32:47.933Z] I (3809641) RouteLoom: HIL LINK rx peer=1 type=17 cid=3139351763 current=0 status=5 seq=114
[2026-09-26T14:32:49.909Z] I (3811618) RouteLoom: HIL LINK tx peer=3 type=32 cid=3131591193 seq=1504
[2026-09-26T14:32:50.163Z] I (3811872) RouteLoom: HIL LINK rx peer=3 type=32 cid=2065731346 current=0 status=5 seq=766
[2026-09-26T14:32:50.240Z] I (3811948) RouteLoom: HIL LINK rx peer=1 type=32 cid=3139351763 current=0 status=5 seq=738
[2026-09-26T14:32:52.248Z] I (3813956) RouteLoom: HIL LINK rx peer=1 type=40 cid=3139351763 current=0 status=5 seq=386
[2026-09-26T14:32:52.252Z] I (3813960) RouteLoom: HIL PROBE tx peer=1 type=41 status=0 detail=ok
[2026-09-26T14:32:52.411Z] I (3814119) RouteLoom: HIL LINK tx peer=1 type=32 cid=3445906384 seq=1505
[2026-09-26T14:32:53.022Z] I (3814730) RouteLoom: HIL LINK rx peer=3 type=40 cid=2065731346 current=0 status=5 seq=398
[2026-09-26T14:32:53.026Z] I (3814734) RouteLoom: HIL PROBE tx peer=3 type=41 status=0 detail=ok
[2026-09-26T14:32:54.913Z] I (3816621) RouteLoom: HIL LINK tx peer=3 type=32 cid=3131591193 seq=1506
[2026-09-26T14:32:55.169Z] I (3816871) RouteLoom: HIL LINK rx peer=3 type=32 cid=2065731346 current=0 status=5 seq=767
[2026-09-26T14:32:55.243Z] I (3816950) RouteLoom: HIL LINK rx peer=1 type=32 cid=3139351763 current=0 status=5 seq=739
[2026-09-26T14:32:57.414Z] I (3819122) RouteLoom: HIL LINK tx peer=1 type=32 cid=3445906384 seq=1507
[2026-09-26T14:32:59.916Z] I (3821624) RouteLoom: HIL LINK tx peer=3 type=32 cid=3131591193 seq=1508
[2026-09-26T14:33:00.164Z] I (3821871) RouteLoom: HIL LINK rx peer=3 type=32 cid=2065731346 current=0 status=5 seq=768
[2026-09-26T14:33:00.244Z] I (3821951) RouteLoom: HIL LINK rx peer=1 type=32 cid=3139351763 current=0 status=5 seq=740
[2026-09-26T14:33:02.252Z] I (3823960) RouteLoom: HIL PROBE tx peer=1 type=40 status=0 detail=ok
[2026-09-26T14:33:02.270Z] I (3823978) RouteLoom: HIL LINK rx peer=1 type=41 cid=3139351763 current=0 status=5 seq=387
[2026-09-26T14:33:02.417Z] I (3824125) RouteLoom: HIL LINK tx peer=1 type=32 cid=3445906384 seq=1509
[2026-09-26T14:33:03.025Z] I (3824733) RouteLoom: HIL PROBE tx peer=3 type=40 status=0 detail=ok
[2026-09-26T14:33:03.042Z] I (3824750) RouteLoom: HIL LINK rx peer=3 type=41 cid=2065731346 current=0 status=5 seq=399
[2026-09-26T14:33:04.919Z] I (3826627) RouteLoom: HIL LINK tx peer=3 type=32 cid=3131591193 seq=1510
[2026-09-26T14:33:05.164Z] I (3826872) RouteLoom: HIL LINK rx peer=3 type=32 cid=2065731346 current=0 status=5 seq=769
[2026-09-26T14:33:05.244Z] I (3826951) RouteLoom: HIL LINK rx peer=1 type=32 cid=3139351763 current=0 status=5 seq=741
[2026-09-26T14:33:07.421Z] I (3829129) RouteLoom: HIL LINK tx peer=1 type=32 cid=3445906384 seq=1511
[2026-09-26T14:33:09.923Z] I (3831631) RouteLoom: HIL LINK tx peer=3 type=32 cid=3131591193 seq=1512
[2026-09-26T14:33:10.166Z] I (3831874) RouteLoom: HIL LINK rx peer=3 type=32 cid=2065731346 current=0 status=5 seq=770
[2026-09-26T14:33:10.245Z] I (3831952) RouteLoom: HIL LINK rx peer=1 type=32 cid=3139351763 current=0 status=5 seq=742
[2026-09-26T14:33:12.269Z] I (3833976) RouteLoom: HIL LINK rx peer=1 type=40 cid=3139351763 current=0 status=5 seq=388
[2026-09-26T14:33:12.273Z] I (3833980) RouteLoom: HIL PROBE tx peer=1 type=41 status=0 detail=ok
[2026-09-26T14:33:12.425Z] I (3834133) RouteLoom: HIL LINK tx peer=1 type=32 cid=3445906384 seq=1513
[2026-09-26T14:33:13.043Z] I (3834751) RouteLoom: HIL LINK rx peer=3 type=40 cid=2065731346 current=0 status=5 seq=400
[2026-09-26T14:33:13.047Z] I (3834755) RouteLoom: HIL PROBE tx peer=3 type=41 status=0 detail=ok
[2026-09-26T14:33:14.927Z] I (3836635) RouteLoom: HIL LINK tx peer=3 type=32 cid=3131591193 seq=1514
[2026-09-26T14:33:15.167Z] I (3836874) RouteLoom: HIL LINK rx peer=3 type=32 cid=2065731346 current=0 status=5 seq=771
[2026-09-26T14:33:15.247Z] I (3836955) RouteLoom: HIL LINK rx peer=1 type=32 cid=3139351763 current=0 status=5 seq=743
[2026-09-26T14:33:17.428Z] I (3839136) RouteLoom: HIL LINK tx peer=1 type=32 cid=3445906384 seq=1515
[2026-09-26T14:33:18.769Z] I (3840477) RouteLoom: stack hwm main 11096 B
[2026-09-26T14:33:18.771Z] I (3840477) RouteLoom: HIL HEAP free=21708 largest=18432 min=20932 B
[2026-09-26T14:33:18.780Z] I (3840478) RouteLoom: HIL DISCOVERY candidates=0 neighbors=2 capacity=0 auth=2 stale=0 probes=394 send_failures=22 kind_rejects=0
[2026-09-26T14:33:18.787Z] I (3840488) RouteLoom: HIL ROUTE peer=1 phase=5 via=1 metric=1 generation=307 seq=1
[2026-09-26T14:33:18.795Z] I (3840495) RouteLoom: HIL ROUTE peer=3 phase=5 via=3 metric=1 generation=107 seq=1
[2026-09-26T14:33:19.929Z] I (3841637) RouteLoom: HIL LINK tx peer=3 type=32 cid=3131591193 seq=1516
[2026-09-26T14:33:20.171Z] I (3841878) RouteLoom: HIL LINK rx peer=3 type=32 cid=2065731346 current=0 status=5 seq=772
[2026-09-26T14:33:20.245Z] I (3841952) RouteLoom: HIL LINK rx peer=1 type=32 cid=3139351763 current=0 status=5 seq=744
[2026-09-26T14:33:22.271Z] I (3843979) RouteLoom: HIL PROBE tx peer=1 type=40 status=0 detail=ok
[2026-09-26T14:33:22.290Z] I (3843997) RouteLoom: HIL LINK rx peer=1 type=41 cid=3139351763 current=0 status=5 seq=389
[2026-09-26T14:33:22.430Z] I (3844138) RouteLoom: HIL LINK tx peer=1 type=32 cid=3445906384 seq=1517
[2026-09-26T14:33:23.044Z] I (3844752) RouteLoom: HIL PROBE tx peer=3 type=40 status=0 detail=ok
[2026-09-26T14:33:23.061Z] I (3844769) RouteLoom: HIL LINK rx peer=3 type=41 cid=2065731346 current=0 status=5 seq=401
[2026-09-26T14:33:24.847Z] I (3846554) RouteLoom: HIL LINK rx peer=1 type=16 cid=3139351763 current=0 status=5 seq=115
[2026-09-26T14:33:24.851Z] I (3846558) RouteLoomRef: message origin=1 session=307 sequence=115 bytes=9
[2026-09-26T14:33:24.858Z] I (3846562) RouteLoom: HIL LINK tx peer=1 type=17 cid=3445906384 seq=115
[2026-09-26T14:33:24.866Z] I (3846573) RouteLoom: HIL LINK tx peer=1 type=18 cid=3445906384 seq=115
[2026-09-26T14:33:24.888Z] I (3846595) RouteLoom: HIL LINK rx peer=1 type=17 cid=3139351763 current=0 status=5 seq=115
[2026-09-26T14:33:24.932Z] I (3846640) RouteLoom: HIL LINK tx peer=3 type=32 cid=3131591193 seq=1518
[2026-09-26T14:33:25.168Z] I (3846875) RouteLoom: HIL LINK rx peer=3 type=32 cid=2065731346 current=0 status=5 seq=773
[2026-09-26T14:33:25.245Z] I (3846952) RouteLoom: HIL LINK rx peer=1 type=32 cid=3139351763 current=0 status=5 seq=745
[2026-09-26T14:33:27.434Z] I (3849142) RouteLoom: HIL LINK tx peer=1 type=32 cid=3445906384 seq=1519
[2026-09-26T14:33:29.936Z] I (3851644) RouteLoom: HIL LINK tx peer=3 type=32 cid=3131591193 seq=1520
[2026-09-26T14:33:30.170Z] I (3851877) RouteLoom: HIL LINK rx peer=3 type=32 cid=2065731346 current=0 status=5 seq=774
[2026-09-26T14:33:30.248Z] I (3851955) RouteLoom: HIL LINK rx peer=1 type=32 cid=3139351763 current=0 status=5 seq=746
[2026-09-26T14:33:32.287Z] I (3853994) RouteLoom: HIL LINK rx peer=1 type=40 cid=3139351763 current=0 status=5 seq=390
[2026-09-26T14:33:32.291Z] I (3853998) RouteLoom: HIL PROBE tx peer=1 type=41 status=0 detail=ok
[2026-09-26T14:33:32.437Z] I (3854145) RouteLoom: HIL LINK tx peer=1 type=32 cid=3445906384 seq=1521
[2026-09-26T14:33:33.060Z] I (3854767) RouteLoom: HIL LINK rx peer=3 type=40 cid=2065731346 current=0 status=5 seq=402
[2026-09-26T14:33:33.064Z] I (3854771) RouteLoom: HIL PROBE tx peer=3 type=41 status=0 detail=ok
[2026-09-26T14:33:34.938Z] I (3856646) RouteLoom: HIL LINK tx peer=3 type=32 cid=3131591193 seq=1522
[2026-09-26T14:33:35.171Z] I (3856878) RouteLoom: HIL LINK rx peer=3 type=32 cid=2065731346 current=0 status=5 seq=775
[2026-09-26T14:33:35.248Z] I (3856955) RouteLoom: HIL LINK rx peer=1 type=32 cid=3139351763 current=0 status=5 seq=747
[2026-09-26T14:33:37.440Z] I (3859148) RouteLoom: HIL LINK tx peer=1 type=32 cid=3445906384 seq=1523
[2026-09-26T14:33:39.942Z] I (3861650) RouteLoom: HIL LINK tx peer=3 type=32 cid=3131591193 seq=1524
[2026-09-26T14:33:40.172Z] I (3861879) RouteLoom: HIL LINK rx peer=3 type=32 cid=2065731346 current=0 status=5 seq=776
[2026-09-26T14:33:40.248Z] I (3861955) RouteLoom: HIL LINK rx peer=1 type=32 cid=3139351763 current=0 status=5 seq=748
[2026-09-26T14:33:42.289Z] I (3863997) RouteLoom: HIL PROBE tx peer=1 type=40 status=0 detail=ok
[2026-09-26T14:33:42.308Z] I (3864015) RouteLoom: HIL LINK rx peer=1 type=41 cid=3139351763 current=0 status=5 seq=391
[2026-09-26T14:33:42.442Z] I (3864150) RouteLoom: HIL LINK tx peer=1 type=32 cid=3445906384 seq=1525
[2026-09-26T14:33:43.062Z] I (3864770) RouteLoom: HIL PROBE tx peer=3 type=40 status=0 detail=ok
[2026-09-26T14:33:43.080Z] I (3864788) RouteLoom: HIL LINK rx peer=3 type=41 cid=2065731346 current=0 status=5 seq=403
[2026-09-26T14:33:44.942Z] I (3866650) RouteLoom: HIL LINK tx peer=3 type=32 cid=3131591193 seq=1526
[2026-09-26T14:33:45.172Z] I (3866879) RouteLoom: HIL LINK rx peer=3 type=32 cid=2065731346 current=0 status=5 seq=777
[2026-09-26T14:33:45.251Z] I (3866958) RouteLoom: HIL LINK rx peer=1 type=32 cid=3139351763 current=0 status=5 seq=749
[2026-09-26T14:33:47.443Z] I (3869151) RouteLoom: HIL LINK tx peer=1 type=32 cid=3445906384 seq=1527
[2026-09-26T14:33:49.945Z] I (3871653) RouteLoom: HIL LINK tx peer=3 type=32 cid=3131591193 seq=1528
[2026-09-26T14:33:50.173Z] I (3871880) RouteLoom: HIL LINK rx peer=3 type=32 cid=2065731346 current=0 status=5 seq=778
[2026-09-26T14:33:50.252Z] I (3871959) RouteLoom: HIL LINK rx peer=1 type=32 cid=3139351763 current=0 status=5 seq=750
[2026-09-26T14:33:52.307Z] I (3874014) RouteLoom: HIL LINK rx peer=1 type=40 cid=3139351763 current=0 status=5 seq=392
[2026-09-26T14:33:52.310Z] I (3874018) RouteLoom: HIL PROBE tx peer=1 type=41 status=0 detail=ok
[2026-09-26T14:33:52.445Z] I (3874153) RouteLoom: HIL LINK tx peer=1 type=32 cid=3445906384 seq=1529
[2026-09-26T14:33:53.084Z] I (3874791) RouteLoom: HIL PROBE tx peer=3 type=40 status=0 detail=ok
[2026-09-26T14:33:53.087Z] I (3874793) RouteLoom: HIL LINK rx peer=3 type=40 cid=2065731346 current=0 status=5 seq=404
[2026-09-26T14:33:53.096Z] I (3874797) RouteLoom: HIL PROBE tx peer=3 type=41 status=6 detail=autonomy TX already in flight to peer
[2026-09-26T14:33:53.104Z] I (3874808) RouteLoom: HIL LINK rx peer=3 type=41 cid=2065731346 current=0 status=5 seq=405
[2026-09-26T14:33:54.945Z] I (3876653) RouteLoom: HIL LINK tx peer=3 type=32 cid=3131591193 seq=1530
[2026-09-26T14:33:55.175Z] I (3876882) RouteLoom: HIL LINK rx peer=3 type=32 cid=2065731346 current=0 status=5 seq=779
[2026-09-26T14:33:55.254Z] I (3876961) RouteLoom: HIL LINK rx peer=1 type=32 cid=3139351763 current=0 status=5 seq=751
[2026-09-26T14:33:57.446Z] I (3879154) RouteLoom: HIL LINK tx peer=1 type=32 cid=3445906384 seq=1531
[2026-09-26T14:33:59.948Z] I (3881656) RouteLoom: HIL LINK tx peer=3 type=32 cid=3131591193 seq=1532
[2026-09-26T14:34:00.176Z] I (3881883) RouteLoom: HIL LINK rx peer=3 type=32 cid=2065731346 current=0 status=5 seq=780
[2026-09-26T14:34:00.255Z] I (3881962) RouteLoom: HIL LINK rx peer=1 type=32 cid=3139351763 current=0 status=5 seq=752
[2026-09-26T14:34:01.844Z] I (3883552) RouteLoom: HIL LINK rx peer=1 type=16 cid=3139351763 current=0 status=5 seq=116
[2026-09-26T14:34:01.850Z] I (3883557) RouteLoom: HIL LINK tx peer=1 type=17 cid=3445906384 seq=116
[2026-09-26T14:34:01.861Z] I (3883568) RouteLoom: HIL LINK tx peer=3 type=16 cid=3131591193 seq=116
[2026-09-26T14:34:01.882Z] I (3883590) RouteLoom: HIL LINK rx peer=3 type=17 cid=2065731346 current=0 status=5 seq=116
[2026-09-26T14:34:01.895Z] I (3883602) RouteLoom: HIL LINK rx peer=3 type=18 cid=2065731346 current=0 status=5 seq=116
[2026-09-26T14:34:01.901Z] I (3883608) RouteLoom: HIL LINK tx peer=3 type=17 cid=3131591193 seq=116
[2026-09-26T14:34:01.912Z] I (3883619) RouteLoom: HIL LINK tx peer=1 type=18 cid=3445906384 seq=116
[2026-09-26T14:34:01.936Z] I (3883643) RouteLoom: HIL LINK rx peer=1 type=17 cid=3139351763 current=0 status=5 seq=116
[2026-09-26T14:34:02.309Z] I (3884017) RouteLoom: HIL PROBE tx peer=1 type=40 status=0 detail=ok
[2026-09-26T14:34:02.328Z] I (3884035) RouteLoom: HIL LINK rx peer=1 type=41 cid=3139351763 current=0 status=5 seq=393
[2026-09-26T14:34:02.450Z] I (3884158) RouteLoom: HIL LINK tx peer=1 type=32 cid=3445906384 seq=1533
[2026-09-26T14:34:03.100Z] I (3884807) RouteLoom: HIL LINK rx peer=3 type=40 cid=2065731346 current=0 status=5 seq=406
[2026-09-26T14:34:03.104Z] I (3884811) RouteLoom: HIL PROBE tx peer=3 type=41 status=0 detail=ok
[2026-09-26T14:34:04.952Z] I (3886660) RouteLoom: HIL LINK tx peer=3 type=32 cid=3131591193 seq=1534
[2026-09-26T14:34:05.176Z] I (3886883) RouteLoom: HIL LINK rx peer=3 type=32 cid=2065731346 current=0 status=5 seq=781
[2026-09-26T14:34:05.255Z] I (3886962) RouteLoom: HIL LINK rx peer=1 type=32 cid=3139351763 current=0 status=5 seq=753
[2026-09-26T14:34:07.454Z] I (3889161) RouteLoom: HIL LINK tx peer=1 type=32 cid=3445906384 seq=1535
[2026-09-26T14:34:09.955Z] I (3891663) RouteLoom: HIL LINK tx peer=3 type=32 cid=3131591193 seq=1536
[2026-09-26T14:34:10.180Z] I (3891886) RouteLoom: HIL LINK rx peer=3 type=32 cid=2065731346 current=0 status=5 seq=782
[2026-09-26T14:34:10.255Z] I (3891962) RouteLoom: HIL LINK rx peer=1 type=32 cid=3139351763 current=0 status=5 seq=754
[2026-09-26T14:34:12.329Z] I (3894034) RouteLoom: HIL LINK rx peer=1 type=40 cid=3139351763 current=0 status=5 seq=394
[2026-09-26T14:34:12.331Z] I (3894038) RouteLoom: HIL PROBE tx peer=1 type=41 status=0 detail=ok
[2026-09-26T14:34:12.456Z] I (3894164) RouteLoom: HIL LINK tx peer=1 type=32 cid=3445906384 seq=1537
[2026-09-26T14:34:13.104Z] I (3894811) RouteLoom: HIL PROBE tx peer=3 type=40 status=0 detail=ok
[2026-09-26T14:34:13.121Z] I (3894828) RouteLoom: HIL LINK rx peer=3 type=41 cid=2065731346 current=0 status=5 seq=407
[2026-09-26T14:34:14.958Z] I (3896666) RouteLoom: HIL LINK tx peer=3 type=32 cid=3131591193 seq=1538
[2026-09-26T14:34:15.177Z] I (3896884) RouteLoom: HIL LINK rx peer=3 type=32 cid=2065731346 current=0 status=5 seq=783
[2026-09-26T14:34:15.255Z] I (3896962) RouteLoom: HIL LINK rx peer=1 type=32 cid=3139351763 current=0 status=5 seq=755
[2026-09-26T14:34:17.460Z] I (3899167) RouteLoom: HIL LINK tx peer=1 type=32 cid=3445906384 seq=1539
[2026-09-26T14:34:18.771Z] I (3900478) RouteLoom: stack hwm main 11096 B
[2026-09-26T14:34:18.771Z] I (3900478) RouteLoom: HIL HEAP free=21708 largest=18432 min=20932 B
[2026-09-26T14:34:18.782Z] I (3900479) RouteLoom: HIL DISCOVERY candidates=0 neighbors=2 capacity=0 auth=2 stale=0 probes=401 send_failures=23 kind_rejects=0
[2026-09-26T14:34:18.789Z] I (3900489) RouteLoom: HIL ROUTE peer=1 phase=5 via=1 metric=1 generation=307 seq=1
[2026-09-26T14:34:18.796Z] I (3900496) RouteLoom: HIL ROUTE peer=3 phase=5 via=3 metric=1 generation=107 seq=1
[2026-09-26T14:34:19.961Z] I (3901668) RouteLoom: HIL LINK tx peer=3 type=32 cid=3131591193 seq=1540
[2026-09-26T14:34:20.178Z] I (3901885) RouteLoom: HIL LINK rx peer=3 type=32 cid=2065731346 current=0 status=5 seq=784
[2026-09-26T14:34:20.255Z] I (3901962) RouteLoom: HIL LINK rx peer=1 type=32 cid=3139351763 current=0 status=5 seq=756
[2026-09-26T14:34:22.330Z] I (3904037) RouteLoom: HIL PROBE tx peer=1 type=40 status=0 detail=ok
[2026-09-26T14:34:22.349Z] I (3904056) RouteLoom: HIL LINK rx peer=1 type=41 cid=3139351763 current=0 status=5 seq=395
[2026-09-26T14:34:22.462Z] I (3904169) RouteLoom: HIL LINK tx peer=1 type=32 cid=3445906384 seq=1541
[2026-09-26T14:34:23.118Z] I (3904825) RouteLoom: HIL LINK rx peer=3 type=40 cid=2065731346 current=0 status=5 seq=408
[2026-09-26T14:34:23.122Z] I (3904829) RouteLoom: HIL PROBE tx peer=3 type=41 status=0 detail=ok
[2026-09-26T14:34:24.964Z] I (3906671) RouteLoom: HIL LINK tx peer=3 type=32 cid=3131591193 seq=1542
[2026-09-26T14:34:25.179Z] I (3906886) RouteLoom: HIL LINK rx peer=3 type=32 cid=2065731346 current=0 status=5 seq=785
[2026-09-26T14:34:25.258Z] I (3906964) RouteLoom: HIL LINK rx peer=1 type=32 cid=3139351763 current=0 status=5 seq=757
[2026-09-26T14:34:27.465Z] I (3909172) RouteLoom: HIL LINK tx peer=1 type=32 cid=3445906384 seq=1543
[2026-09-26T14:34:29.967Z] I (3911674) RouteLoom: HIL LINK tx peer=3 type=32 cid=3131591193 seq=1544
[2026-09-26T14:34:30.182Z] I (3911888) RouteLoom: HIL LINK rx peer=3 type=32 cid=2065731346 current=0 status=5 seq=786
[2026-09-26T14:34:30.258Z] I (3911964) RouteLoom: HIL LINK rx peer=1 type=32 cid=3139351763 current=0 status=5 seq=758
[2026-09-26T14:34:32.347Z] I (3914053) RouteLoom: HIL LINK rx peer=1 type=40 cid=3139351763 current=0 status=5 seq=396
[2026-09-26T14:34:32.350Z] I (3914057) RouteLoom: HIL PROBE tx peer=1 type=41 status=0 detail=ok
[2026-09-26T14:34:32.467Z] I (3914174) RouteLoom: HIL LINK tx peer=1 type=32 cid=3445906384 seq=1545
[2026-09-26T14:34:33.120Z] I (3914827) RouteLoom: HIL PROBE tx peer=3 type=40 status=0 detail=ok
[2026-09-26T14:34:33.137Z] I (3914844) RouteLoom: HIL LINK rx peer=3 type=41 cid=2065731346 current=0 status=5 seq=409
[2026-09-26T14:34:34.969Z] I (3916676) RouteLoom: HIL LINK tx peer=3 type=32 cid=3131591193 seq=1546
[2026-09-26T14:34:35.181Z] I (3916888) RouteLoom: HIL LINK rx peer=3 type=32 cid=2065731346 current=0 status=5 seq=787
[2026-09-26T14:34:35.259Z] I (3916966) RouteLoom: HIL LINK rx peer=1 type=32 cid=3139351763 current=0 status=5 seq=759
[2026-09-26T14:34:37.470Z] I (3919177) RouteLoom: HIL LINK tx peer=1 type=32 cid=3445906384 seq=1547
[2026-09-26T14:34:39.972Z] I (3921679) RouteLoom: HIL LINK tx peer=3 type=32 cid=3131591193 seq=1548
[2026-09-26T14:34:40.184Z] I (3921890) RouteLoom: HIL LINK rx peer=3 type=32 cid=2065731346 current=0 status=5 seq=788
[2026-09-26T14:34:40.260Z] I (3921966) RouteLoom: HIL LINK rx peer=1 type=32 cid=3139351763 current=0 status=5 seq=760
[2026-09-26T14:34:42.349Z] I (3924056) RouteLoom: HIL PROBE tx peer=1 type=40 status=0 detail=ok
[2026-09-26T14:34:42.368Z] I (3924074) RouteLoom: HIL LINK rx peer=1 type=41 cid=3139351763 current=0 status=5 seq=397
[2026-09-26T14:34:42.472Z] I (3924179) RouteLoom: HIL LINK tx peer=1 type=32 cid=3445906384 seq=1549
[2026-09-26T14:34:43.137Z] I (3924843) RouteLoom: HIL LINK rx peer=3 type=40 cid=2065731346 current=0 status=5 seq=410
[2026-09-26T14:34:43.141Z] I (3924847) RouteLoom: HIL PROBE tx peer=3 type=41 status=0 detail=ok
[2026-09-26T14:34:44.973Z] I (3926680) RouteLoom: HIL LINK tx peer=3 type=32 cid=3131591193 seq=1550
[2026-09-26T14:34:45.183Z] I (3926890) RouteLoom: HIL LINK rx peer=3 type=32 cid=2065731346 current=0 status=5 seq=789
[2026-09-26T14:34:45.262Z] I (3926968) RouteLoom: HIL LINK rx peer=1 type=32 cid=3139351763 current=0 status=5 seq=761
[2026-09-26T14:34:47.475Z] I (3929182) RouteLoom: HIL LINK tx peer=1 type=32 cid=3445906384 seq=1551
[2026-09-26T14:34:49.977Z] I (3931684) RouteLoom: HIL LINK tx peer=3 type=32 cid=3131591193 seq=1552
[2026-09-26T14:34:50.184Z] I (3931891) RouteLoom: HIL LINK rx peer=3 type=32 cid=2065731346 current=0 status=5 seq=790
[2026-09-26T14:34:50.263Z] I (3931969) RouteLoom: HIL LINK rx peer=1 type=32 cid=3139351763 current=0 status=5 seq=762
[2026-09-26T14:34:52.365Z] I (3934071) RouteLoom: HIL LINK rx peer=1 type=40 cid=3139351763 current=0 status=5 seq=398
[2026-09-26T14:34:52.369Z] I (3934075) RouteLoom: HIL PROBE tx peer=1 type=41 status=0 detail=ok
[2026-09-26T14:34:52.479Z] I (3934186) RouteLoom: HIL LINK tx peer=1 type=32 cid=3445906384 seq=1553
[2026-09-26T14:34:53.138Z] I (3934845) RouteLoom: HIL PROBE tx peer=3 type=40 status=0 detail=ok
[2026-09-26T14:34:53.155Z] I (3934862) RouteLoom: HIL LINK rx peer=3 type=41 cid=2065731346 current=0 status=5 seq=411
[2026-09-26T14:34:54.981Z] I (3936688) RouteLoom: HIL LINK tx peer=3 type=32 cid=3131591193 seq=1554
[2026-09-26T14:34:55.185Z] I (3936891) RouteLoom: HIL LINK rx peer=3 type=32 cid=2065731346 current=0 status=5 seq=791
[2026-09-26T14:34:55.263Z] I (3936969) RouteLoom: HIL LINK rx peer=1 type=32 cid=3139351763 current=0 status=5 seq=763
[2026-09-26T14:34:57.482Z] I (3939189) RouteLoom: HIL LINK tx peer=1 type=32 cid=3445906384 seq=1555
[2026-09-26T14:34:59.984Z] I (3941691) RouteLoom: HIL LINK tx peer=3 type=32 cid=3131591193 seq=1556
[2026-09-26T14:35:00.187Z] I (3941893) RouteLoom: HIL LINK rx peer=3 type=32 cid=2065731346 current=0 status=5 seq=792
[2026-09-26T14:35:00.263Z] I (3941969) RouteLoom: HIL LINK rx peer=1 type=32 cid=3139351763 current=0 status=5 seq=764
[2026-09-26T14:35:02.367Z] I (3944074) RouteLoom: HIL PROBE tx peer=1 type=40 status=0 detail=ok
[2026-09-26T14:35:02.386Z] I (3944092) RouteLoom: HIL LINK rx peer=1 type=41 cid=3139351763 current=0 status=5 seq=399
[2026-09-26T14:35:02.484Z] I (3944191) RouteLoom: HIL LINK tx peer=1 type=32 cid=3445906384 seq=1557
[2026-09-26T14:35:03.155Z] I (3944861) RouteLoom: HIL LINK rx peer=3 type=40 cid=2065731346 current=0 status=5 seq=412
[2026-09-26T14:35:03.159Z] I (3944865) RouteLoom: HIL PROBE tx peer=3 type=41 status=0 detail=ok
[2026-09-26T14:35:04.985Z] I (3946692) RouteLoom: HIL LINK tx peer=3 type=32 cid=3131591193 seq=1558
[2026-09-26T14:35:05.188Z] I (3946895) RouteLoom: HIL LINK rx peer=3 type=32 cid=2065731346 current=0 status=5 seq=793
[2026-09-26T14:35:05.265Z] I (3946971) RouteLoom: HIL LINK rx peer=1 type=32 cid=3139351763 current=0 status=5 seq=765
[2026-09-26T14:35:07.487Z] I (3949194) RouteLoom: HIL LINK tx peer=1 type=32 cid=3445906384 seq=1559
[2026-09-26T14:35:09.989Z] I (3951696) RouteLoom: HIL LINK tx peer=3 type=32 cid=3131591193 seq=1560
[2026-09-26T14:35:10.192Z] I (3951898) RouteLoom: HIL LINK rx peer=3 type=32 cid=2065731346 current=0 status=5 seq=794
[2026-09-26T14:35:10.265Z] I (3951971) RouteLoom: HIL LINK rx peer=1 type=32 cid=3139351763 current=0 status=5 seq=766
[2026-09-26T14:35:12.384Z] I (3954090) RouteLoom: HIL LINK rx peer=1 type=40 cid=3139351763 current=0 status=5 seq=400
[2026-09-26T14:35:12.388Z] I (3954094) RouteLoom: HIL PROBE tx peer=1 type=41 status=0 detail=ok
[2026-09-26T14:35:12.489Z] I (3954196) RouteLoom: HIL LINK tx peer=1 type=32 cid=3445906384 seq=1561
[2026-09-26T14:35:13.156Z] I (3954863) RouteLoom: HIL PROBE tx peer=3 type=40 status=0 detail=ok
[2026-09-26T14:35:13.173Z] I (3954880) RouteLoom: HIL LINK rx peer=3 type=41 cid=2065731346 current=0 status=5 seq=413
[2026-09-26T14:35:14.990Z] I (3956697) RouteLoom: HIL LINK tx peer=3 type=32 cid=3131591193 seq=1562
[2026-09-26T14:35:15.191Z] I (3956897) RouteLoom: HIL LINK rx peer=3 type=32 cid=2065731346 current=0 status=5 seq=795
[2026-09-26T14:35:15.266Z] I (3956972) RouteLoom: HIL LINK rx peer=1 type=32 cid=3139351763 current=0 status=5 seq=767
[2026-09-26T14:35:17.491Z] I (3959198) RouteLoom: HIL LINK tx peer=1 type=32 cid=3445906384 seq=1563
[2026-09-26T14:35:18.773Z] I (3960479) RouteLoom: stack hwm main 11096 B
[2026-09-26T14:35:18.773Z] I (3960479) RouteLoom: HIL HEAP free=21708 largest=18432 min=20932 B
[2026-09-26T14:35:18.783Z] I (3960480) RouteLoom: HIL DISCOVERY candidates=0 neighbors=2 capacity=0 auth=2 stale=0 probes=407 send_failures=23 kind_rejects=0
[2026-09-26T14:35:18.790Z] I (3960490) RouteLoom: HIL ROUTE peer=1 phase=5 via=1 metric=1 generation=307 seq=1
[2026-09-26T14:35:18.798Z] I (3960497) RouteLoom: HIL ROUTE peer=3 phase=5 via=3 metric=1 generation=107 seq=1
[2026-09-26T14:35:19.992Z] I (3961699) RouteLoom: HIL LINK tx peer=3 type=32 cid=3131591193 seq=1564
[2026-09-26T14:35:20.192Z] I (3961898) RouteLoom: HIL LINK rx peer=3 type=32 cid=2065731346 current=0 status=5 seq=796
[2026-09-26T14:35:20.267Z] I (3961973) RouteLoom: HIL LINK rx peer=1 type=32 cid=3139351763 current=0 status=5 seq=768
[2026-09-26T14:35:22.386Z] I (3964093) RouteLoom: HIL PROBE tx peer=1 type=40 status=0 detail=ok
[2026-09-26T14:35:22.405Z] I (3964111) RouteLoom: HIL LINK rx peer=1 type=41 cid=3139351763 current=0 status=5 seq=401
[2026-09-26T14:35:22.494Z] I (3964201) RouteLoom: HIL LINK tx peer=1 type=32 cid=3445906384 seq=1565
[2026-09-26T14:35:23.171Z] I (3964877) RouteLoom: HIL LINK rx peer=3 type=40 cid=2065731346 current=0 status=5 seq=414
[2026-09-26T14:35:23.175Z] I (3964881) RouteLoom: HIL PROBE tx peer=3 type=41 status=0 detail=ok
[2026-09-26T14:35:24.995Z] I (3966702) RouteLoom: HIL LINK tx peer=3 type=32 cid=3131591193 seq=1566
[2026-09-26T14:35:25.193Z] I (3966899) RouteLoom: HIL LINK rx peer=3 type=32 cid=2065731346 current=0 status=5 seq=797
[2026-09-26T14:35:25.267Z] I (3966973) RouteLoom: HIL LINK rx peer=1 type=32 cid=3139351763 current=0 status=5 seq=769
[2026-09-26T14:35:27.497Z] I (3969204) RouteLoom: HIL LINK tx peer=1 type=32 cid=3445906384 seq=1567
[2026-09-26T14:35:29.999Z] I (3971706) RouteLoom: HIL LINK tx peer=3 type=32 cid=3131591193 seq=1568
[2026-09-26T14:35:30.194Z] I (3971900) RouteLoom: HIL LINK rx peer=3 type=32 cid=2065731346 current=0 status=5 seq=798
[2026-09-26T14:35:30.275Z] I (3971982) RouteLoom: HIL LINK rx peer=1 type=32 cid=3139351763 current=0 status=5 seq=770
[2026-09-26T14:35:32.403Z] I (3974109) RouteLoom: HIL LINK rx peer=1 type=40 cid=3139351763 current=0 status=5 seq=402
[2026-09-26T14:35:32.407Z] I (3974113) RouteLoom: HIL PROBE tx peer=1 type=41 status=0 detail=ok
[2026-09-26T14:35:32.499Z] I (3974206) RouteLoom: HIL LINK tx peer=1 type=32 cid=3445906384 seq=1569
[2026-09-26T14:35:33.173Z] I (3974880) RouteLoom: HIL PROBE tx peer=3 type=40 status=0 detail=ok
[2026-09-26T14:35:33.192Z] I (3974898) RouteLoom: HIL LINK rx peer=3 type=41 cid=2065731346 current=0 status=5 seq=415
[2026-09-26T14:35:35.000Z] I (3976707) RouteLoom: HIL LINK tx peer=3 type=32 cid=3131591193 seq=1570
[2026-09-26T14:35:35.195Z] I (3976901) RouteLoom: HIL LINK rx peer=3 type=32 cid=2065731346 current=0 status=5 seq=799
[2026-09-26T14:35:35.268Z] I (3976974) RouteLoom: HIL LINK rx peer=1 type=32 cid=3139351763 current=0 status=5 seq=771
[2026-09-26T14:35:37.503Z] I (3979209) RouteLoom: HIL LINK tx peer=1 type=32 cid=3445906384 seq=1571
[2026-09-26T14:35:40.005Z] I (3981711) RouteLoom: HIL LINK tx peer=3 type=32 cid=3131591193 seq=1572
[2026-09-26T14:35:40.196Z] I (3981902) RouteLoom: HIL LINK rx peer=3 type=32 cid=2065731346 current=0 status=5 seq=800
[2026-09-26T14:35:40.270Z] I (3981974) RouteLoom: HIL LINK rx peer=1 type=32 cid=3139351763 current=0 status=5 seq=772
[2026-09-26T14:35:42.406Z] I (3984112) RouteLoom: HIL PROBE tx peer=1 type=40 status=0 detail=ok
[2026-09-26T14:35:42.425Z] I (3984130) RouteLoom: HIL LINK rx peer=1 type=41 cid=3139351763 current=0 status=5 seq=403
[2026-09-26T14:35:42.505Z] I (3984211) RouteLoom: HIL LINK tx peer=1 type=32 cid=3445906384 seq=1573
[2026-09-26T14:35:43.191Z] I (3984896) RouteLoom: HIL LINK rx peer=3 type=40 cid=2065731346 current=0 status=5 seq=416
[2026-09-26T14:35:43.194Z] I (3984900) RouteLoom: HIL PROBE tx peer=3 type=41 status=0 detail=ok
[2026-09-26T14:35:45.006Z] I (3986712) RouteLoom: HIL LINK tx peer=3 type=32 cid=3131591193 seq=1574
[2026-09-26T14:35:45.197Z] I (3986903) RouteLoom: HIL LINK rx peer=3 type=32 cid=2065731346 current=0 status=5 seq=801
[2026-09-26T14:35:45.273Z] I (3986979) RouteLoom: HIL LINK rx peer=1 type=32 cid=3139351763 current=0 status=5 seq=773
[2026-09-26T14:35:47.507Z] I (3989213) RouteLoom: HIL LINK tx peer=1 type=32 cid=3445906384 seq=1575
[2026-09-26T14:35:50.009Z] I (3991715) RouteLoom: HIL LINK tx peer=3 type=32 cid=3131591193 seq=1576
[2026-09-26T14:35:50.198Z] I (3991904) RouteLoom: HIL LINK rx peer=3 type=32 cid=2065731346 current=0 status=5 seq=802
[2026-09-26T14:35:50.274Z] I (3991979) RouteLoom: HIL LINK rx peer=1 type=32 cid=3139351763 current=0 status=5 seq=774
[2026-09-26T14:35:52.423Z] I (3994128) RouteLoom: HIL LINK rx peer=1 type=40 cid=3139351763 current=0 status=5 seq=404
[2026-09-26T14:35:52.426Z] I (3994132) RouteLoom: HIL PROBE tx peer=1 type=41 status=0 detail=ok
[2026-09-26T14:35:52.510Z] I (3994216) RouteLoom: HIL LINK tx peer=1 type=32 cid=3445906384 seq=1577
[2026-09-26T14:35:53.195Z] I (3994899) RouteLoom: HIL PROBE tx peer=3 type=40 status=0 detail=ok
[2026-09-26T14:35:53.210Z] I (3994916) RouteLoom: HIL LINK rx peer=3 type=41 cid=2065731346 current=0 status=5 seq=417
[2026-09-26T14:35:55.012Z] I (3996718) RouteLoom: HIL LINK tx peer=3 type=32 cid=3131591193 seq=1578
[2026-09-26T14:35:55.200Z] I (3996906) RouteLoom: HIL LINK rx peer=3 type=32 cid=2065731346 current=0 status=5 seq=803
[2026-09-26T14:35:55.280Z] I (3996978) RouteLoom: HIL LINK rx peer=1 type=32 cid=3139351763 current=0 status=5 seq=775
[2026-09-26T14:35:57.513Z] I (3999219) RouteLoom: HIL LINK tx peer=1 type=32 cid=3445906384 seq=1579
[2026-09-26T14:36:00.014Z] I (4001720) RouteLoom: HIL LINK tx peer=3 type=32 cid=3131591193 seq=1580
[2026-09-26T14:36:00.201Z] I (4001907) RouteLoom: HIL LINK rx peer=3 type=32 cid=2065731346 current=0 status=5 seq=804
[2026-09-26T14:36:00.274Z] I (4001979) RouteLoom: HIL LINK rx peer=1 type=32 cid=3139351763 current=0 status=5 seq=776
[2026-09-26T14:36:02.426Z] I (4004132) RouteLoom: HIL PROBE tx peer=1 type=40 status=0 detail=ok
[2026-09-26T14:36:02.446Z] I (4004152) RouteLoom: HIL LINK rx peer=1 type=41 cid=3139351763 current=0 status=5 seq=405
[2026-09-26T14:36:02.514Z] I (4004220) RouteLoom: HIL LINK tx peer=1 type=32 cid=3445906384 seq=1581
[2026-09-26T14:36:03.210Z] I (4004916) RouteLoom: HIL LINK rx peer=3 type=40 cid=2065731346 current=0 status=5 seq=418
[2026-09-26T14:36:03.214Z] I (4004920) RouteLoom: HIL PROBE tx peer=3 type=41 status=0 detail=ok
[2026-09-26T14:36:05.015Z] I (4006720) RouteLoom: HIL LINK tx peer=3 type=32 cid=3131591193 seq=1582
[2026-09-26T14:36:05.204Z] I (4006908) RouteLoom: HIL LINK rx peer=3 type=32 cid=2065731346 current=0 status=5 seq=805
[2026-09-26T14:36:05.284Z] I (4006980) RouteLoom: HIL LINK rx peer=1 type=32 cid=3139351763 current=0 status=5 seq=777
[2026-09-26T14:36:07.515Z] I (4009221) RouteLoom: HIL LINK tx peer=1 type=32 cid=3445906384 seq=1583
[2026-09-26T14:36:10.017Z] I (4011723) RouteLoom: HIL LINK tx peer=3 type=32 cid=3131591193 seq=1584
[2026-09-26T14:36:10.203Z] I (4011909) RouteLoom: HIL LINK rx peer=3 type=32 cid=2065731346 current=0 status=5 seq=806
[2026-09-26T14:36:10.276Z] I (4011981) RouteLoom: HIL LINK rx peer=1 type=32 cid=3139351763 current=0 status=5 seq=778
[2026-09-26T14:36:12.444Z] I (4014149) RouteLoom: HIL LINK rx peer=1 type=40 cid=3139351763 current=0 status=5 seq=406
[2026-09-26T14:36:12.448Z] I (4014153) RouteLoom: HIL PROBE tx peer=1 type=41 status=0 detail=ok
[2026-09-26T14:36:12.519Z] I (4014225) RouteLoom: HIL LINK tx peer=1 type=32 cid=3445906384 seq=1585
[2026-09-26T14:36:13.213Z] I (4014919) RouteLoom: HIL PROBE tx peer=3 type=40 status=0 detail=ok
[2026-09-26T14:36:13.232Z] I (4014937) RouteLoom: HIL LINK rx peer=3 type=41 cid=2065731346 current=0 status=5 seq=419
[2026-09-26T14:36:15.019Z] I (4016725) RouteLoom: HIL LINK tx peer=3 type=32 cid=3131591193 seq=1586
[2026-09-26T14:36:15.204Z] I (4016909) RouteLoom: HIL LINK rx peer=3 type=32 cid=2065731346 current=0 status=5 seq=807
[2026-09-26T14:36:15.275Z] I (4016980) RouteLoom: HIL LINK rx peer=1 type=32 cid=3139351763 current=0 status=5 seq=779
[2026-09-26T14:36:17.521Z] I (4019227) RouteLoom: HIL LINK tx peer=1 type=32 cid=3445906384 seq=1587
[2026-09-26T14:36:18.775Z] I (4020481) RouteLoom: stack hwm main 11096 B
[2026-09-26T14:36:18.819Z] I (4020481) RouteLoom: HIL HEAP free=21708 largest=18432 min=20932 B
[2026-09-26T14:36:18.819Z] I (4020482) RouteLoom: HIL DISCOVERY candidates=0 neighbors=2 capacity=0 auth=2 stale=0 probes=413 send_failures=23 kind_rejects=0
[2026-09-26T14:36:18.819Z] I (4020492) RouteLoom: HIL ROUTE peer=1 phase=5 via=1 metric=1 generation=307 seq=1
[2026-09-26T14:36:18.819Z] I (4020499) RouteLoom: HIL ROUTE peer=3 phase=5 via=3 metric=1 generation=107 seq=1
[2026-09-26T14:36:20.023Z] I (4021728) RouteLoom: HIL LINK tx peer=3 type=32 cid=3131591193 seq=1588
[2026-09-26T14:36:20.204Z] I (4021909) RouteLoom: HIL LINK rx peer=3 type=32 cid=2065731346 current=0 status=5 seq=808
[2026-09-26T14:36:20.275Z] I (4021980) RouteLoom: HIL LINK rx peer=1 type=32 cid=3139351763 current=0 status=5 seq=780
[2026-09-26T14:36:22.445Z] I (4024151) RouteLoom: HIL PROBE tx peer=1 type=40 status=0 detail=ok
[2026-09-26T14:36:22.464Z] I (4024169) RouteLoom: HIL LINK rx peer=1 type=41 cid=3139351763 current=0 status=5 seq=407
[2026-09-26T14:36:22.523Z] I (4024229) RouteLoom: HIL LINK tx peer=1 type=32 cid=3445906384 seq=1589
[2026-09-26T14:36:23.229Z] I (4024934) RouteLoom: HIL LINK rx peer=3 type=40 cid=2065731346 current=0 status=5 seq=420
[2026-09-26T14:36:23.232Z] I (4024938) RouteLoom: HIL PROBE tx peer=3 type=41 status=0 detail=ok
[2026-09-26T14:36:25.023Z] I (4026729) RouteLoom: HIL LINK tx peer=3 type=32 cid=3131591193 seq=1590
[2026-09-26T14:36:25.205Z] I (4026910) RouteLoom: HIL LINK rx peer=3 type=32 cid=2065731346 current=0 status=5 seq=809
[2026-09-26T14:36:25.278Z] I (4026983) RouteLoom: HIL LINK rx peer=1 type=32 cid=3139351763 current=0 status=5 seq=781
[2026-09-26T14:36:27.524Z] I (4029230) RouteLoom: HIL LINK tx peer=1 type=32 cid=3445906384 seq=1591
[2026-09-26T14:36:28.928Z] !! capture closed
