[2026-09-26T12:41:49.154Z] !! capture open /dev/serial/by-id/usb-Espressif_USB_JTAG_serial_debug_unit_94:A9:90:7A:26:AC-if00 @ 115200 backend=pyserial dtr=1 rts=0
[2026-09-26T12:41:51.565Z] I (56161) RouteLoom: HIL LINK tx peer=2 type=32 cid=2944769559 seq=15
[2026-09-26T12:41:53.095Z] I (57689) RouteLoom: HIL LINK rx peer=2 type=32 cid=3844013864 current=0 status=5 seq=29
[2026-09-26T12:41:55.808Z] I (60404) RouteLoom: stack hwm main 11096 B
[2026-09-26T12:41:55.808Z] I (60404) RouteLoom: HIL HEAP free=22172 largest=19456 min=21408 B
[2026-09-26T12:41:55.818Z] I (60405) RouteLoom: HIL DISCOVERY candidates=0 neighbors=1 capacity=0 auth=1 stale=0 probes=3 send_failures=1 kind_rejects=0
[2026-09-26T12:41:55.825Z] I (60414) RouteLoom: HIL ROUTE peer=1 phase=-1 via=2 metric=2 generation=303 seq=1
[2026-09-26T12:41:55.832Z] I (60421) RouteLoom: HIL ROUTE peer=2 phase=5 via=2 metric=1 generation=271 seq=1
[2026-09-26T12:41:56.568Z] I (61164) RouteLoom: HIL LINK tx peer=2 type=32 cid=2944769559 seq=16
[2026-09-26T12:41:58.094Z] I (62690) RouteLoom: HIL LINK rx peer=2 type=32 cid=3844013864 current=0 status=5 seq=31
[2026-09-26T12:41:58.583Z] I (63180) RouteLoom: HIL PROBE tx peer=2 type=40 status=0 detail=ok
[2026-09-26T12:41:58.600Z] I (63197) RouteLoom: HIL LINK rx peer=2 type=41 cid=3844013864 current=0 status=5 seq=17
[2026-09-26T12:42:01.569Z] I (66166) RouteLoom: HIL LINK tx peer=2 type=32 cid=2944769559 seq=17
[2026-09-26T12:42:05.201Z] I (69798) RouteLoom: HIL RLD1 rx claimed=2 phase=5 step=1
[2026-09-26T12:42:05.697Z] I (70293) RouteLoom: HIL RLD1 rx claimed=2 phase=5 step=1
[2026-09-26T12:42:05.704Z] I (70300) RouteLoom: HIL RLD1 tx claimed=3 phase=5 step=2
[2026-09-26T12:42:05.725Z] I (70320) RouteLoom: HIL RLD1 rx claimed=2 phase=5 step=3
[2026-09-26T12:42:05.735Z] I (70331) RouteLoom: HIL LINK rx peer=2 type=40 cid=2971801268 current=0 status=5 seq=1
[2026-09-26T12:42:05.739Z] W (70332) RouteLoomRef: diagnostic reason=session unknown context peer=2 message=none
[2026-09-26T12:42:06.206Z] I (70803) RouteLoom: HIL RLD1 tx claimed=3 phase=5 step=2
[2026-09-26T12:42:06.220Z] I (70816) RouteLoom: HIL RLD1 rx claimed=2 phase=5 step=3
[2026-09-26T12:42:06.222Z] HIL resume R3 installed peer=2 tx=789392664 rx=2971801268
[2026-09-26T12:42:06.225Z] I (70821) RouteLoom: HIL PROBE tx peer=2 type=40 status=0 detail=ok
[2026-09-26T12:42:06.243Z] I (70839) RouteLoom: HIL LINK rx peer=2 type=41 cid=2971801268 current=0 status=5 seq=2
[2026-09-26T12:42:06.245Z] I (70841) RouteLoomRef: discovery event=REACHABLE peer=2
[2026-09-26T12:42:06.251Z] W (70842) RouteLoomRef: diagnostic reason=REACHABLE peer=2 message=none
[2026-09-26T12:42:06.257Z] I (70851) RouteLoom: HIL LINK tx peer=2 type=32 cid=789392664 seq=18
[2026-09-26T12:42:06.719Z] I (71316) RouteLoom: HIL RLD1 rx claimed=2 phase=5 step=3
[2026-09-26T12:42:07.218Z] I (71814) RouteLoom: HIL RLD1 rx claimed=2 phase=5 step=3
[2026-09-26T12:42:07.725Z] I (72321) RouteLoom: HIL LINK rx peer=2 type=40 cid=2971801268 current=0 status=5 seq=3
[2026-09-26T12:42:07.729Z] I (72325) RouteLoom: HIL PROBE tx peer=2 type=41 status=0 detail=ok
[2026-09-26T12:42:07.754Z] I (72350) RouteLoom: HIL LINK rx peer=2 type=32 cid=2971801268 current=0 status=5 seq=1
[2026-09-26T12:42:07.760Z] W (72352) RouteLoomRef: diagnostic reason=PEER_RESTARTED_ROUTES_FLUSHED peer=2 message=none
[2026-09-26T12:42:07.767Z] I (72361) RouteLoom: HIL LINK rx peer=2 type=32 cid=2971801268 current=0 status=5 seq=2
[2026-09-26T12:42:07.778Z] I (72374) RouteLoom: HIL LINK tx peer=2 type=32 cid=789392664 seq=19
[2026-09-26T12:42:08.773Z] I (73369) RouteLoom: HIL LINK rx peer=2 type=32 cid=2971801268 current=0 status=5 seq=3
[2026-09-26T12:42:11.246Z] I (75843) RouteLoom: HIL LINK tx peer=2 type=32 cid=789392664 seq=20
[2026-09-26T12:42:12.745Z] I (77341) RouteLoom: HIL LINK rx peer=2 type=32 cid=2971801268 current=0 status=5 seq=4
[2026-09-26T12:42:16.248Z] I (80845) RouteLoom: HIL LINK tx peer=2 type=32 cid=789392664 seq=21
[2026-09-26T12:42:17.727Z] I (82323) RouteLoom: HIL PROBE tx peer=2 type=40 status=0 detail=ok
[2026-09-26T12:42:17.745Z] I (82341) RouteLoom: HIL LINK rx peer=2 type=41 cid=2971801268 current=0 status=5 seq=4
[2026-09-26T12:42:17.754Z] I (82350) RouteLoom: HIL LINK rx peer=2 type=32 cid=2971801268 current=0 status=5 seq=5
[2026-09-26T12:42:21.251Z] I (85847) RouteLoom: HIL LINK tx peer=2 type=32 cid=789392664 seq=22
[2026-09-26T12:42:23.494Z] I (88090) RouteLoom: HIL RLD1 rx claimed=2 phase=5 step=1
[2026-09-26T12:42:23.501Z] I (88097) RouteLoom: HIL RLD1 tx claimed=3 phase=5 step=2
[2026-09-26T12:42:23.521Z] I (88117) RouteLoom: HIL RLD1 rx claimed=2 phase=5 step=3
[2026-09-26T12:42:23.523Z] HIL resume R3 installed peer=2 tx=565383847 rx=3260204908
[2026-09-26T12:42:23.529Z] I (88122) RouteLoom: HIL PROBE tx peer=2 type=40 status=0 detail=ok
[2026-09-26T12:42:23.540Z] I (88136) RouteLoom: HIL LINK rx peer=2 type=40 cid=3260204908 current=0 status=5 seq=1
[2026-09-26T12:42:23.544Z] I (88138) RouteLoomRef: discovery event=PROBE_GEN_MISMATCH peer=2
[2026-09-26T12:42:23.550Z] W (88139) RouteLoomRef: diagnostic reason=PROBE_GEN_MISMATCH peer=2 message=none
[2026-09-26T12:42:23.556Z] I (88148) RouteLoom: HIL PROBE tx peer=2 type=41 status=0 detail=ok
[2026-09-26T12:42:23.564Z] I (88153) RouteLoom: HIL LINK rx peer=2 type=41 cid=3260204908 current=0 status=5 seq=2
[2026-09-26T12:42:23.570Z] I (88161) RouteLoomRef: discovery event=REACHABLE peer=2
[2026-09-26T12:42:23.576Z] W (88165) RouteLoomRef: diagnostic reason=REACHABLE peer=2 message=none
[2026-09-26T12:42:23.581Z] I (88175) RouteLoom: HIL LINK tx peer=2 type=32 cid=565383847 seq=23
[2026-09-26T12:42:23.589Z] I (88178) RouteLoom: HIL LINK rx peer=2 type=32 cid=3260204908 current=0 status=5 seq=1
[2026-09-26T12:42:23.597Z] W (88187) RouteLoomRef: diagnostic reason=PEER_RESTARTED_ROUTES_FLUSHED peer=2 message=none
[2026-09-26T12:42:23.605Z] I (88194) RouteLoom: HIL LINK rx peer=2 type=32 cid=3260204908 current=0 status=5 seq=2
[2026-09-26T12:42:23.611Z] I (88206) RouteLoom: HIL LINK tx peer=2 type=32 cid=565383847 seq=24
[2026-09-26T12:42:24.015Z] I (88611) RouteLoom: HIL RLD1 rx claimed=2 phase=5 step=3
[2026-09-26T12:42:24.015Z] HIL resume R3 no record peer=2
[2026-09-26T12:42:24.514Z] I (89110) RouteLoom: HIL RLD1 rx claimed=2 phase=5 step=3
[2026-09-26T12:42:24.514Z] HIL resume R3 no record peer=2
[2026-09-26T12:42:24.598Z] I (89194) RouteLoom: HIL LINK rx peer=2 type=32 cid=3260204908 current=0 status=5 seq=3
[2026-09-26T12:42:25.018Z] I (89611) RouteLoom: HIL RLD1 rx claimed=2 phase=5 step=3
[2026-09-26T12:42:25.018Z] HIL resume R3 no record peer=2
[2026-09-26T12:42:28.547Z] I (93140) RouteLoom: HIL LINK tx peer=2 type=32 cid=565383847 seq=25
[2026-09-26T12:42:28.570Z] I (93165) RouteLoom: HIL LINK rx peer=2 type=32 cid=3260204908 current=0 status=5 seq=4
[2026-09-26T12:42:33.542Z] I (98138) RouteLoom: HIL PROBE tx peer=2 type=40 status=0 detail=ok
[2026-09-26T12:42:33.551Z] I (98147) RouteLoom: HIL LINK tx peer=2 type=32 cid=565383847 seq=26
[2026-09-26T12:42:33.566Z] I (98161) RouteLoom: HIL LINK rx peer=2 type=41 cid=3260204908 current=0 status=5 seq=3
[2026-09-26T12:42:33.576Z] I (98171) RouteLoom: HIL LINK rx peer=2 type=32 cid=3260204908 current=0 status=5 seq=5
[2026-09-26T12:42:34.732Z] I (99327) RouteLoom: HIL LINK rx peer=2 type=32 cid=3260204908 current=0 status=5 seq=6
[2026-09-26T12:42:34.736Z] W (99329) RouteLoomRef: diagnostic reason=ROUTE_STALE_GENERATION peer=2 message=none
[2026-09-26T12:42:34.747Z] I (99343) RouteLoom: HIL LINK rx peer=2 type=32 cid=3260204908 current=0 status=5 seq=7
[2026-09-26T12:42:34.812Z] I (99408) RouteLoom: HIL LINK tx peer=2 type=32 cid=565383847 seq=27
[2026-09-26T12:42:35.237Z] I (99832) RouteLoom: HIL LINK rx peer=2 type=3 cid=3260204908 current=0 status=5 seq=30
[2026-09-26T12:42:35.243Z] I (99837) RouteLoom: HIL LINK tx peer=2 type=17 cid=565383847 seq=30
[2026-09-26T12:42:35.253Z] I (99848) RouteLoom: HIL LINK tx peer=2 type=3 cid=565383847 seq=1
[2026-09-26T12:42:35.264Z] I (99860) RouteLoom: HIL LINK tx peer=2 type=3 cid=565383847 seq=2
[2026-09-26T12:42:35.279Z] I (99875) RouteLoom: HIL LINK rx peer=2 type=17 cid=3260204908 current=0 status=5 seq=1
[2026-09-26T12:42:35.290Z] I (99886) RouteLoom: HIL LINK rx peer=2 type=17 cid=3260204908 current=0 status=5 seq=2
[2026-09-26T12:42:35.387Z] I (99982) RouteLoom: HIL LINK rx peer=2 type=16 cid=3260204908 current=0 status=5 seq=29
[2026-09-26T12:42:35.393Z] W (99985) RouteLoomRef: diagnostic reason=session unknown context peer=2 message=present
[2026-09-26T12:42:35.399Z] I (99993) RouteLoom: HIL LINK rx peer=2 type=3 cid=3260204908 current=0 status=5 seq=31
[2026-09-26T12:42:35.405Z] I (100000) RouteLoom: HIL LINK tx peer=2 type=17 cid=565383847 seq=31
[2026-09-26T12:42:35.426Z] I (100021) RouteLoom: HIL LINK rx peer=2 type=16 cid=3260204908 current=0 status=5 seq=29
[2026-09-26T12:42:35.430Z] I (100025) RouteLoomRef: message origin=1 session=303 sequence=29 bytes=4
[2026-09-26T12:42:35.435Z] I (100028) RouteLoom: HIL LINK tx peer=2 type=17 cid=565383847 seq=29
[2026-09-26T12:42:35.444Z] I (100039) RouteLoom: HIL LINK tx peer=2 type=18 cid=565383847 seq=29
[2026-09-26T12:42:35.464Z] I (100059) RouteLoom: HIL LINK rx peer=2 type=17 cid=3260204908 current=0 status=5 seq=29
[2026-09-26T12:42:35.849Z] I (100444) RouteLoom: HIL LINK rx peer=2 type=3 cid=3260204908 current=0 status=5 seq=32
[2026-09-26T12:42:35.854Z] I (100450) RouteLoom: HIL LINK tx peer=2 type=17 cid=565383847 seq=32
[2026-09-26T12:42:35.903Z] I (100499) RouteLoom: HIL LINK rx peer=2 type=32 cid=3260204908 current=0 status=5 seq=9
[2026-09-26T12:42:36.349Z] I (100944) RouteLoom: HIL LINK rx peer=2 type=3 cid=3260204908 current=0 status=5 seq=33
[2026-09-26T12:42:36.356Z] I (100949) RouteLoom: HIL LINK tx peer=2 type=17 cid=565383847 seq=33
[2026-09-26T12:42:36.565Z] I (101160) RouteLoom: HIL LINK rx peer=2 type=16 cid=3260204908 current=0 status=5 seq=34
[2026-09-26T12:42:36.569Z] I (101163) RouteLoomRef: message origin=1 session=303 sequence=34 bytes=4
[2026-09-26T12:42:36.575Z] I (101167) RouteLoom: HIL LINK tx peer=2 type=17 cid=565383847 seq=34
[2026-09-26T12:42:36.584Z] I (101178) RouteLoom: HIL LINK tx peer=2 type=18 cid=565383847 seq=34
[2026-09-26T12:42:36.606Z] I (101198) RouteLoom: HIL LINK rx peer=2 type=17 cid=3260204908 current=0 status=5 seq=34
[2026-09-26T12:42:36.851Z] I (101445) RouteLoom: HIL LINK rx peer=2 type=3 cid=3260204908 current=0 status=5 seq=35
[2026-09-26T12:42:36.857Z] I (101451) RouteLoom: HIL LINK tx peer=2 type=17 cid=565383847 seq=35
[2026-09-26T12:42:37.273Z] I (101869) RouteLoom: HIL LINK rx peer=2 type=32 cid=3260204908 current=0 status=5 seq=12
[2026-09-26T12:42:37.682Z] I (102278) RouteLoom: HIL LINK rx peer=2 type=16 cid=3260204908 current=0 status=5 seq=36
[2026-09-26T12:42:37.690Z] I (102281) RouteLoomRef: message origin=1 session=303 sequence=36 bytes=4
[2026-09-26T12:42:37.692Z] I (102285) RouteLoom: HIL LINK tx peer=2 type=17 cid=565383847 seq=36
[2026-09-26T12:42:37.700Z] I (102296) RouteLoom: HIL LINK tx peer=2 type=18 cid=565383847 seq=36
[2026-09-26T12:42:37.721Z] I (102316) RouteLoom: HIL LINK rx peer=2 type=17 cid=3260204908 current=0 status=5 seq=36
[2026-09-26T12:42:38.322Z] I (102917) RouteLoom: HIL LINK rx peer=2 type=32 cid=3260204908 current=0 status=5 seq=14
[2026-09-26T12:42:38.549Z] I (103145) RouteLoom: HIL LINK tx peer=2 type=32 cid=565383847 seq=28
[2026-09-26T12:42:38.811Z] I (103404) RouteLoom: HIL LINK rx peer=2 type=16 cid=3260204908 current=0 status=5 seq=37
[2026-09-26T12:42:38.813Z] I (103408) RouteLoomRef: message origin=1 session=303 sequence=37 bytes=4
[2026-09-26T12:42:38.819Z] I (103411) RouteLoom: HIL LINK tx peer=2 type=17 cid=565383847 seq=37
[2026-09-26T12:42:38.828Z] I (103423) RouteLoom: HIL LINK tx peer=2 type=18 cid=565383847 seq=37
[2026-09-26T12:42:38.849Z] I (103442) RouteLoom: HIL LINK rx peer=2 type=17 cid=3260204908 current=0 status=5 seq=37
[2026-09-26T12:42:39.378Z] I (103971) RouteLoom: HIL LINK rx peer=2 type=32 cid=3260204908 current=0 status=5 seq=16
[2026-09-26T12:42:39.716Z] I (104310) RouteLoom: HIL LINK rx peer=2 type=32 cid=3260204908 current=0 status=5 seq=18
[2026-09-26T12:42:39.934Z] I (104527) RouteLoom: HIL LINK rx peer=2 type=16 cid=3260204908 current=0 status=5 seq=38
[2026-09-26T12:42:39.937Z] I (104530) RouteLoomRef: message origin=1 session=303 sequence=38 bytes=4
[2026-09-26T12:42:39.941Z] I (104534) RouteLoom: HIL LINK tx peer=2 type=17 cid=565383847 seq=38
[2026-09-26T12:42:39.950Z] I (104545) RouteLoom: HIL LINK tx peer=2 type=18 cid=565383847 seq=38
[2026-09-26T12:42:39.970Z] I (104565) RouteLoom: HIL LINK rx peer=2 type=17 cid=3260204908 current=0 status=5 seq=38
[2026-09-26T12:42:41.051Z] I (105646) RouteLoom: HIL LINK rx peer=2 type=16 cid=3260204908 current=0 status=5 seq=39
[2026-09-26T12:42:41.054Z] I (105650) RouteLoomRef: message origin=1 session=303 sequence=39 bytes=4
[2026-09-26T12:42:41.060Z] I (105653) RouteLoom: HIL LINK tx peer=2 type=17 cid=565383847 seq=39
[2026-09-26T12:42:41.069Z] I (105664) RouteLoom: HIL LINK tx peer=2 type=18 cid=565383847 seq=39
[2026-09-26T12:42:41.091Z] I (105687) RouteLoom: HIL LINK rx peer=2 type=17 cid=3260204908 current=0 status=5 seq=39
[2026-09-26T12:42:41.134Z] I (105730) RouteLoom: HIL LINK rx peer=2 type=32 cid=3260204908 current=0 status=5 seq=19
[2026-09-26T12:42:42.138Z] I (106733) RouteLoom: HIL LINK rx peer=2 type=32 cid=3260204908 current=0 status=5 seq=21
[2026-09-26T12:42:42.179Z] I (106774) RouteLoom: HIL LINK rx peer=2 type=16 cid=3260204908 current=0 status=5 seq=40
[2026-09-26T12:42:42.181Z] I (106777) RouteLoomRef: message origin=1 session=303 sequence=40 bytes=4
[2026-09-26T12:42:42.188Z] I (106781) RouteLoom: HIL LINK tx peer=2 type=17 cid=565383847 seq=40
[2026-09-26T12:42:42.196Z] I (106792) RouteLoom: HIL LINK tx peer=2 type=18 cid=565383847 seq=40
[2026-09-26T12:42:42.218Z] I (106813) RouteLoom: HIL LINK rx peer=2 type=17 cid=3260204908 current=0 status=5 seq=40
[2026-09-26T12:42:43.302Z] I (107897) RouteLoom: HIL LINK rx peer=2 type=16 cid=3260204908 current=0 status=5 seq=41
[2026-09-26T12:42:43.307Z] I (107900) RouteLoomRef: message origin=1 session=303 sequence=41 bytes=4
[2026-09-26T12:42:43.311Z] I (107904) RouteLoom: HIL LINK tx peer=2 type=17 cid=565383847 seq=41
[2026-09-26T12:42:43.320Z] I (107915) RouteLoom: HIL LINK tx peer=2 type=18 cid=565383847 seq=41
[2026-09-26T12:42:43.340Z] I (107935) RouteLoom: HIL LINK rx peer=2 type=17 cid=3260204908 current=0 status=5 seq=41
[2026-09-26T12:42:43.549Z] I (108145) RouteLoom: HIL LINK tx peer=2 type=32 cid=565383847 seq=29
[2026-09-26T12:42:43.565Z] I (108160) RouteLoom: HIL LINK rx peer=2 type=40 cid=3260204908 current=0 status=5 seq=6
[2026-09-26T12:42:43.569Z] I (108164) RouteLoom: HIL PROBE tx peer=2 type=41 status=0 detail=ok
[2026-09-26T12:42:44.719Z] I (109314) RouteLoom: HIL LINK rx peer=2 type=32 cid=3260204908 current=0 status=5 seq=24
[2026-09-26T12:42:48.549Z] I (113145) RouteLoom: HIL LINK tx peer=2 type=32 cid=565383847 seq=30
[2026-09-26T12:42:53.549Z] I (118145) RouteLoom: HIL LINK tx peer=2 type=32 cid=565383847 seq=31
[2026-09-26T12:42:53.568Z] I (118164) RouteLoom: HIL PROBE tx peer=2 type=40 status=0 detail=ok
[2026-09-26T12:42:55.570Z] I (120166) RouteLoom: HIL PROBE tx peer=2 type=40 status=0 detail=ok
[2026-09-26T12:42:55.810Z] I (120405) RouteLoom: stack hwm main 11096 B
[2026-09-26T12:42:55.810Z] I (120405) RouteLoom: HIL HEAP free=22172 largest=19456 min=21408 B
[2026-09-26T12:42:55.820Z] I (120406) RouteLoom: HIL DISCOVERY candidates=0 neighbors=1 capacity=0 auth=3 stale=0 probes=10 send_failures=1 kind_rejects=1
[2026-09-26T12:42:55.827Z] I (120416) RouteLoom: HIL ROUTE peer=1 phase=-1 via=2 metric=2 generation=303 seq=2
[2026-09-26T12:42:55.834Z] I (120423) RouteLoom: HIL ROUTE peer=2 phase=5 via=2 metric=1 generation=274 seq=1
[2026-09-26T12:42:57.573Z] I (122169) RouteLoom: HIL PROBE tx peer=2 type=40 status=0 detail=ok
[2026-09-26T12:42:58.550Z] I (123146) RouteLoom: HIL LINK tx peer=2 type=32 cid=565383847 seq=32
[2026-09-26T12:42:59.574Z] I (124170) RouteLoom: HIL PROBE tx peer=2 type=40 status=0 detail=ok
[2026-09-26T12:42:59.742Z] I (124322) RouteLoom: HIL LINK tx peer=2 type=32 cid=565383847 seq=33
[2026-09-26T12:43:01.576Z] I (126172) RouteLoom: HIL PROBE tx peer=2 type=40 status=0 detail=ok
[2026-09-26T12:43:03.552Z] I (128148) RouteLoom: HIL LINK tx peer=2 type=32 cid=565383847 seq=34
[2026-09-26T12:43:03.582Z] I (128174) RouteLoom: HIL PROBE tx peer=2 type=40 status=0 detail=ok
[2026-09-26T12:43:05.583Z] I (130176) RouteLoom: HIL PROBE tx peer=2 type=40 status=0 detail=ok
[2026-09-26T12:43:07.594Z] I (132178) RouteLoom: HIL PROBE tx peer=2 type=40 status=0 detail=ok
[2026-09-26T12:43:09.584Z] I (134180) RouteLoom: HIL PROBE tx peer=2 type=40 status=0 detail=ok
[2026-09-26T12:43:11.587Z] I (136182) RouteLoom: HIL PROBE tx peer=2 type=40 status=0 detail=ok
[2026-09-26T12:43:13.553Z] I (138149) RouteLoom: HIL LINK tx peer=2 type=32 cid=565383847 seq=36
[2026-09-26T12:43:13.566Z] I (138161) RouteLoomRef: discovery event=STALE peer=2
[2026-09-26T12:43:13.566Z] W (138161) RouteLoomRef: diagnostic reason=STALE peer=2 message=none
[2026-09-26T12:43:13.588Z] I (138183) RouteLoom: HIL LR250 peer=94:a9:90:7a:b5:60 result=ESP_OK
[2026-09-26T12:43:13.590Z] I (138185) RouteLoom: HIL PROBE tx peer=2 type=40 status=0 detail=ok
[2026-09-26T12:43:15.567Z] I (140162) RouteLoomRef: discovery event=REDISCOVERY peer=2
[2026-09-26T12:43:15.567Z] W (140162) RouteLoomRef: diagnostic reason=REDISCOVERY peer=2 message=none
[2026-09-26T12:43:18.096Z] I (142691) RouteLoom: HIL LR250 peer=94:a9:90:7a:b5:60 result=ESP_OK
[2026-09-26T12:43:18.097Z] I (142692) RouteLoom: HIL RLD1 tx claimed=3 phase=5 step=1
[2026-09-26T12:43:18.103Z] I (142695) RouteLoomRef: discovery event=REDISCOVERY peer=2
[2026-09-26T12:43:18.108Z] W (142697) RouteLoomRef: diagnostic reason=REDISCOVERY peer=2 message=none
[2026-09-26T12:43:18.114Z] W (142704) ESPNOW: Peer exists. Please call API esp_now_mod_peer()!
[2026-09-26T12:43:18.120Z] I (142710) RouteLoom: HIL LR250 peer=94:a9:90:7a:b5:60 result=ESP_OK
[2026-09-26T12:43:18.594Z] I (143189) RouteLoom: HIL LR250 peer=94:a9:90:7a:b5:60 result=ESP_OK
[2026-09-26T12:43:18.595Z] I (143190) RouteLoom: HIL RLD1 tx claimed=3 phase=5 step=1
[2026-09-26T12:43:18.600Z] W (143193) ESPNOW: Peer exists. Please call API esp_now_mod_peer()!
[2026-09-26T12:43:18.606Z] I (143196) RouteLoom: HIL LR250 peer=94:a9:90:7a:b5:60 result=ESP_OK
[2026-09-26T12:43:19.096Z] I (143691) RouteLoom: HIL LR250 peer=94:a9:90:7a:b5:60 result=ESP_OK
[2026-09-26T12:43:19.097Z] I (143692) RouteLoom: HIL RLD1 tx claimed=3 phase=5 step=1
[2026-09-26T12:43:19.102Z] W (143695) ESPNOW: Peer exists. Please call API esp_now_mod_peer()!
[2026-09-26T12:43:19.108Z] I (143698) RouteLoom: HIL LR250 peer=94:a9:90:7a:b5:60 result=ESP_OK
[2026-09-26T12:43:19.597Z] I (144192) RouteLoom: HIL LR250 peer=94:a9:90:7a:b5:60 result=ESP_OK
[2026-09-26T12:43:19.598Z] I (144193) RouteLoom: HIL RLD1 tx claimed=3 phase=5 step=1
[2026-09-26T12:43:19.603Z] W (144196) ESPNOW: Peer exists. Please call API esp_now_mod_peer()!
[2026-09-26T12:43:19.609Z] I (144199) RouteLoom: HIL LR250 peer=94:a9:90:7a:b5:60 result=ESP_OK
[2026-09-26T12:43:24.908Z] I (149502) RouteLoom: HIL LR250 peer=94:a9:90:7a:b5:60 result=ESP_OK
[2026-09-26T12:43:24.908Z] I (149503) RouteLoom: HIL RLD1 tx claimed=3 phase=5 step=1
[2026-09-26T12:43:24.913Z] I (149506) RouteLoomRef: discovery event=REDISCOVERY peer=2
[2026-09-26T12:43:24.919Z] W (149508) RouteLoomRef: diagnostic reason=REDISCOVERY peer=2 message=none
[2026-09-26T12:43:24.937Z] W (149515) ESPNOW: Peer exists. Please call API esp_now_mod_peer()!
[2026-09-26T12:43:24.937Z] I (149521) RouteLoom: HIL LR250 peer=94:a9:90:7a:b5:60 result=ESP_OK
[2026-09-26T12:43:25.405Z] I (150000) RouteLoom: HIL LR250 peer=94:a9:90:7a:b5:60 result=ESP_OK
[2026-09-26T12:43:25.406Z] I (150001) RouteLoom: HIL RLD1 tx claimed=3 phase=5 step=1
[2026-09-26T12:43:25.412Z] W (150004) ESPNOW: Peer exists. Please call API esp_now_mod_peer()!
[2026-09-26T12:43:25.418Z] I (150007) RouteLoom: HIL LR250 peer=94:a9:90:7a:b5:60 result=ESP_OK
[2026-09-26T12:43:25.908Z] I (150502) RouteLoom: HIL LR250 peer=94:a9:90:7a:b5:60 result=ESP_OK
[2026-09-26T12:43:25.979Z] I (150504) RouteLoom: HIL RLD1 tx claimed=3 phase=5 step=1
[2026-09-26T12:43:25.979Z] W (150506) ESPNOW: Peer exists. Please call API esp_now_mod_peer()!
[2026-09-26T12:43:25.979Z] I (150509) RouteLoom: HIL LR250 peer=94:a9:90:7a:b5:60 result=ESP_OK
[2026-09-26T12:43:26.409Z] I (151003) RouteLoom: HIL LR250 peer=94:a9:90:7a:b5:60 result=ESP_OK
[2026-09-26T12:43:26.409Z] I (151004) RouteLoom: HIL RLD1 tx claimed=3 phase=5 step=1
[2026-09-26T12:43:26.417Z] W (151007) ESPNOW: Peer exists. Please call API esp_now_mod_peer()!
[2026-09-26T12:43:26.423Z] I (151010) RouteLoom: HIL LR250 peer=94:a9:90:7a:b5:60 result=ESP_OK
[2026-09-26T12:43:34.892Z] I (159485) RouteLoom: HIL LR250 peer=94:a9:90:7a:b5:60 result=ESP_OK
[2026-09-26T12:43:34.892Z] I (159487) RouteLoom: HIL RLD1 tx claimed=3 phase=5 step=1
[2026-09-26T12:43:34.898Z] I (159489) RouteLoomRef: discovery event=REDISCOVERY peer=2
[2026-09-26T12:43:34.903Z] W (159491) RouteLoomRef: diagnostic reason=REDISCOVERY peer=2 message=none
[2026-09-26T12:43:34.910Z] W (159498) ESPNOW: Peer exists. Please call API esp_now_mod_peer()!
[2026-09-26T12:43:34.916Z] I (159504) RouteLoom: HIL LR250 peer=94:a9:90:7a:b5:60 result=ESP_OK
[2026-09-26T12:43:35.392Z] I (159983) RouteLoom: HIL LR250 peer=94:a9:90:7a:b5:60 result=ESP_OK
[2026-09-26T12:43:35.392Z] I (159984) RouteLoom: HIL RLD1 tx claimed=3 phase=5 step=1
[2026-09-26T12:43:35.397Z] W (159987) ESPNOW: Peer exists. Please call API esp_now_mod_peer()!
[2026-09-26T12:43:35.404Z] I (159990) RouteLoom: HIL LR250 peer=94:a9:90:7a:b5:60 result=ESP_OK
[2026-09-26T12:43:35.894Z] I (160485) RouteLoom: HIL LR250 peer=94:a9:90:7a:b5:60 result=ESP_OK
[2026-09-26T12:43:35.894Z] I (160486) RouteLoom: HIL RLD1 tx claimed=3 phase=5 step=1
[2026-09-26T12:43:35.898Z] W (160489) ESPNOW: Peer exists. Please call API esp_now_mod_peer()!
[2026-09-26T12:43:35.903Z] I (160492) RouteLoom: HIL LR250 peer=94:a9:90:7a:b5:60 result=ESP_OK
[2026-09-26T12:43:36.392Z] I (160986) RouteLoom: HIL LR250 peer=94:a9:90:7a:b5:60 result=ESP_OK
[2026-09-26T12:43:36.392Z] I (160987) RouteLoom: HIL RLD1 tx claimed=3 phase=5 step=1
[2026-09-26T12:43:36.398Z] W (160990) ESPNOW: Peer exists. Please call API esp_now_mod_peer()!
[2026-09-26T12:43:36.404Z] I (160993) RouteLoom: HIL LR250 peer=94:a9:90:7a:b5:60 result=ESP_OK
[2026-09-26T12:43:39.266Z] I (163860) RouteLoom: HIL LR250 peer=94:a9:90:7a:b5:60 result=ESP_OK
[2026-09-26T12:43:39.266Z] I (163861) RouteLoom: HIL RLD1 tx claimed=3 phase=5 step=1
[2026-09-26T12:43:39.274Z] W (163864) ESPNOW: Peer exists. Please call API esp_now_mod_peer()!
[2026-09-26T12:43:39.279Z] I (163867) RouteLoom: HIL LR250 peer=94:a9:90:7a:b5:60 result=ESP_OK
[2026-09-26T12:43:39.764Z] I (164358) RouteLoom: HIL LR250 peer=94:a9:90:7a:b5:60 result=ESP_OK
[2026-09-26T12:43:39.764Z] I (164359) RouteLoom: HIL RLD1 tx claimed=3 phase=5 step=1
[2026-09-26T12:43:39.770Z] W (164362) ESPNOW: Peer exists. Please call API esp_now_mod_peer()!
[2026-09-26T12:43:39.775Z] I (164365) RouteLoom: HIL LR250 peer=94:a9:90:7a:b5:60 result=ESP_OK
[2026-09-26T12:43:40.266Z] I (164859) RouteLoom: HIL LR250 peer=94:a9:90:7a:b5:60 result=ESP_OK
[2026-09-26T12:43:40.268Z] I (164860) RouteLoom: HIL RLD1 tx claimed=3 phase=5 step=1
[2026-09-26T12:43:40.271Z] W (164863) ESPNOW: Peer exists. Please call API esp_now_mod_peer()!
[2026-09-26T12:43:40.278Z] I (164866) RouteLoom: HIL LR250 peer=94:a9:90:7a:b5:60 result=ESP_OK
[2026-09-26T12:43:40.766Z] I (165360) RouteLoom: HIL LR250 peer=94:a9:90:7a:b5:60 result=ESP_OK
[2026-09-26T12:43:40.767Z] I (165361) RouteLoom: HIL RLD1 tx claimed=3 phase=5 step=1
[2026-09-26T12:43:40.772Z] W (165364) ESPNOW: Peer exists. Please call API esp_now_mod_peer()!
[2026-09-26T12:43:40.778Z] I (165367) RouteLoom: HIL LR250 peer=94:a9:90:7a:b5:60 result=ESP_OK
[2026-09-26T12:43:53.808Z] I (178403) RouteLoomRef: discovery event=REDISCOVERY peer=2
[2026-09-26T12:43:53.809Z] W (178403) RouteLoomRef: diagnostic reason=REDISCOVERY peer=2 message=none
[2026-09-26T12:43:55.253Z] I (179848) RouteLoom: HIL LR250 peer=94:a9:90:7a:b5:60 result=ESP_OK
[2026-09-26T12:43:55.254Z] I (179849) RouteLoom: HIL RLD1 tx claimed=3 phase=5 step=1
[2026-09-26T12:43:55.260Z] W (179852) ESPNOW: Peer exists. Please call API esp_now_mod_peer()!
[2026-09-26T12:43:55.266Z] I (179855) RouteLoom: HIL LR250 peer=94:a9:90:7a:b5:60 result=ESP_OK
[2026-09-26T12:43:55.752Z] I (180346) RouteLoom: HIL LR250 peer=94:a9:90:7a:b5:60 result=ESP_OK
[2026-09-26T12:43:55.753Z] I (180347) RouteLoom: HIL RLD1 tx claimed=3 phase=5 step=1
[2026-09-26T12:43:55.758Z] W (180350) ESPNOW: Peer exists. Please call API esp_now_mod_peer()!
[2026-09-26T12:43:55.764Z] I (180353) RouteLoom: HIL LR250 peer=94:a9:90:7a:b5:60 result=ESP_OK
[2026-09-26T12:43:55.810Z] I (180405) RouteLoom: stack hwm main 11076 B
[2026-09-26T12:43:55.811Z] I (180405) RouteLoom: HIL HEAP free=22232 largest=19456 min=21408 B
[2026-09-26T12:43:55.821Z] I (180406) RouteLoom: HIL DISCOVERY candidates=0 neighbors=1 capacity=0 auth=3 stale=1 probes=19 send_failures=1 kind_rejects=1
[2026-09-26T12:43:55.828Z] I (180416) RouteLoom: HIL ROUTE peer=1 phase=-1 via=0 metric=0 generation=0 seq=0
[2026-09-26T12:43:55.835Z] I (180423) RouteLoom: HIL ROUTE peer=2 phase=7 via=0 metric=0 generation=0 seq=0
[2026-09-26T12:43:56.254Z] I (180848) RouteLoom: HIL LR250 peer=94:a9:90:7a:b5:60 result=ESP_OK
[2026-09-26T12:43:56.255Z] I (180849) RouteLoom: HIL RLD1 tx claimed=3 phase=5 step=1
[2026-09-26T12:43:56.260Z] W (180852) ESPNOW: Peer exists. Please call API esp_now_mod_peer()!
[2026-09-26T12:43:56.266Z] I (180855) RouteLoom: HIL LR250 peer=94:a9:90:7a:b5:60 result=ESP_OK
[2026-09-26T12:43:56.755Z] I (181349) RouteLoom: HIL LR250 peer=94:a9:90:7a:b5:60 result=ESP_OK
[2026-09-26T12:43:56.756Z] I (181350) RouteLoom: HIL RLD1 tx claimed=3 phase=5 step=1
[2026-09-26T12:43:56.761Z] W (181353) ESPNOW: Peer exists. Please call API esp_now_mod_peer()!
[2026-09-26T12:43:56.767Z] I (181356) RouteLoom: HIL LR250 peer=94:a9:90:7a:b5:60 result=ESP_OK
[2026-09-26T12:44:31.633Z] I (216227) RouteLoomRef: discovery event=REDISCOVERY peer=2
[2026-09-26T12:44:31.633Z] W (216227) RouteLoomRef: diagnostic reason=REDISCOVERY peer=2 message=none
[2026-09-26T12:44:32.757Z] I (217351) RouteLoom: HIL LR250 peer=94:a9:90:7a:b5:60 result=ESP_OK
[2026-09-26T12:44:32.758Z] I (217352) RouteLoom: HIL RLD1 tx claimed=3 phase=5 step=1
[2026-09-26T12:44:32.763Z] W (217355) ESPNOW: Peer exists. Please call API esp_now_mod_peer()!
[2026-09-26T12:44:32.769Z] I (217358) RouteLoom: HIL LR250 peer=94:a9:90:7a:b5:60 result=ESP_OK
[2026-09-26T12:44:32.781Z] I (217375) RouteLoom: HIL RLD1 rx claimed=2 phase=5 step=2
[2026-09-26T12:44:32.786Z] I (217380) RouteLoom: HIL LR250 peer=94:a9:90:7a:b5:60 result=ESP_OK
[2026-09-26T12:44:32.787Z] I (217381) RouteLoom: HIL RLD1 tx claimed=3 phase=5 step=3
[2026-09-26T12:44:32.792Z] W (217382) ESPNOW: Peer exists. Please call API esp_now_mod_peer()!
[2026-09-26T12:44:32.798Z] I (217387) RouteLoom: HIL LR250 peer=94:a9:90:7a:b5:60 result=ESP_OK
[2026-09-26T12:44:32.804Z] I (217394) RouteLoom: HIL PROBE tx peer=2 type=40 status=0 detail=ok
[2026-09-26T12:44:32.815Z] I (217409) RouteLoom: HIL LINK rx peer=2 type=40 cid=1524715750 current=0 status=5 seq=16
[2026-09-26T12:44:32.819Z] I (217413) RouteLoom: HIL PROBE tx peer=2 type=41 status=0 detail=ok
[2026-09-26T12:44:32.834Z] I (217428) RouteLoom: HIL LINK rx peer=2 type=41 cid=1524715750 current=0 status=5 seq=17
[2026-09-26T12:44:32.836Z] I (217430) RouteLoomRef: discovery event=REACHABLE peer=2
[2026-09-26T12:44:32.842Z] W (217431) RouteLoomRef: diagnostic reason=REACHABLE peer=2 message=none
[2026-09-26T12:44:32.849Z] I (217440) RouteLoom: HIL LINK tx peer=2 type=32 cid=1639266183 seq=37
[2026-09-26T12:44:32.865Z] I (217459) RouteLoom: HIL LINK tx peer=2 type=32 cid=1639266183 seq=38
[2026-09-26T12:44:32.885Z] I (217479) RouteLoom: HIL LINK rx peer=2 type=32 cid=1524715750 current=0 status=5 seq=26
[2026-09-26T12:44:32.890Z] W (217481) RouteLoomRef: diagnostic reason=PEER_RESTARTED_ROUTES_FLUSHED peer=2 message=none
[2026-09-26T12:44:33.279Z] I (217874) RouteLoom: HIL RLD1 tx claimed=3 phase=5 step=3
[2026-09-26T12:44:33.780Z] I (218375) RouteLoom: HIL RLD1 tx claimed=3 phase=5 step=3
[2026-09-26T12:44:33.893Z] I (218486) RouteLoom: HIL LINK tx peer=2 type=32 cid=1639266183 seq=39
[2026-09-26T12:44:33.898Z] I (218492) RouteLoom: HIL LINK rx peer=2 type=32 cid=1524715750 current=0 status=5 seq=28
[2026-09-26T12:44:34.283Z] I (218877) RouteLoom: HIL RLD1 tx claimed=3 phase=5 step=3
[2026-09-26T12:44:34.552Z] I (219146) RouteLoom: HIL LINK rx peer=2 type=16 cid=1524715750 current=0 status=5 seq=49
[2026-09-26T12:44:34.555Z] I (219149) RouteLoomRef: message origin=1 session=303 sequence=49 bytes=4
[2026-09-26T12:44:34.562Z] I (219153) RouteLoom: HIL LINK tx peer=2 type=17 cid=1639266183 seq=49
[2026-09-26T12:44:34.570Z] I (219164) RouteLoom: HIL LINK tx peer=2 type=18 cid=1639266183 seq=49
[2026-09-26T12:44:34.590Z] I (219184) RouteLoom: HIL LINK rx peer=2 type=17 cid=1524715750 current=0 status=5 seq=49
[2026-09-26T12:44:35.339Z] I (219933) RouteLoom: HIL LINK rx peer=2 type=32 cid=1524715750 current=0 status=5 seq=29
[2026-09-26T12:44:37.837Z] I (222430) RouteLoom: HIL LINK tx peer=2 type=32 cid=1639266183 seq=40
[2026-09-26T12:44:40.339Z] I (224932) RouteLoom: HIL LINK rx peer=2 type=32 cid=1524715750 current=0 status=5 seq=31
[2026-09-26T12:44:42.835Z] I (227428) RouteLoom: HIL LINK rx peer=2 type=40 cid=1524715750 current=0 status=5 seq=19
[2026-09-26T12:44:42.838Z] I (227432) RouteLoom: HIL PROBE tx peer=2 type=41 status=0 detail=ok
[2026-09-26T12:44:42.853Z] I (227447) RouteLoom: HIL LINK tx peer=2 type=32 cid=1639266183 seq=41
[2026-09-26T12:44:45.342Z] I (229935) RouteLoom: HIL LINK rx peer=2 type=32 cid=1524715750 current=0 status=5 seq=33
[2026-09-26T12:44:47.837Z] I (232431) RouteLoom: HIL LINK tx peer=2 type=32 cid=1639266183 seq=42
[2026-09-26T12:44:50.343Z] I (234936) RouteLoom: HIL LINK rx peer=2 type=32 cid=1524715750 current=0 status=5 seq=35
[2026-09-26T12:44:52.837Z] I (237431) RouteLoom: HIL PROBE tx peer=2 type=40 status=0 detail=ok
[2026-09-26T12:44:52.853Z] I (237446) RouteLoom: HIL LINK tx peer=2 type=32 cid=1639266183 seq=43
[2026-09-26T12:44:52.868Z] I (237461) RouteLoom: HIL LINK rx peer=2 type=41 cid=1524715750 current=0 status=5 seq=21
[2026-09-26T12:44:55.344Z] I (239938) RouteLoom: HIL LINK rx peer=2 type=32 cid=1524715750 current=0 status=5 seq=37
[2026-09-26T12:44:55.812Z] I (240405) RouteLoom: stack hwm main 11076 B
[2026-09-26T12:44:55.812Z] I (240405) RouteLoom: HIL HEAP free=22184 largest=19456 min=21408 B
[2026-09-26T12:44:55.822Z] I (240406) RouteLoom: HIL DISCOVERY candidates=0 neighbors=1 capacity=0 auth=4 stale=1 probes=21 send_failures=1 kind_rejects=2
[2026-09-26T12:44:55.829Z] I (240416) RouteLoom: HIL ROUTE peer=1 phase=-1 via=2 metric=2 generation=303 seq=3
[2026-09-26T12:44:55.836Z] I (240423) RouteLoom: HIL ROUTE peer=2 phase=5 via=2 metric=1 generation=275 seq=1
[2026-09-26T12:44:57.840Z] I (242433) RouteLoom: HIL LINK tx peer=2 type=32 cid=1639266183 seq=44
[2026-09-26T12:45:00.351Z] I (244941) RouteLoom: HIL LINK rx peer=2 type=32 cid=1524715750 current=0 status=5 seq=39
[2026-09-26T12:45:02.845Z] I (247436) RouteLoom: HIL LINK tx peer=2 type=32 cid=1639266183 seq=45
[2026-09-26T12:45:02.868Z] I (247459) RouteLoom: HIL LINK rx peer=2 type=40 cid=1524715750 current=0 status=5 seq=24
[2026-09-26T12:45:02.869Z] I (247463) RouteLoom: HIL PROBE tx peer=2 type=41 status=0 detail=ok
[2026-09-26T12:45:04.559Z] I (249152) RouteLoom: HIL LINK rx peer=2 type=16 cid=1524715750 current=0 status=5 seq=50
[2026-09-26T12:45:04.562Z] I (249156) RouteLoomRef: message origin=1 session=303 sequence=50 bytes=4
[2026-09-26T12:45:04.568Z] I (249159) RouteLoom: HIL LINK tx peer=2 type=17 cid=1639266183 seq=50
[2026-09-26T12:45:04.577Z] I (249170) RouteLoom: HIL LINK tx peer=2 type=18 cid=1639266183 seq=50
[2026-09-26T12:45:04.596Z] I (249190) RouteLoom: HIL LINK rx peer=2 type=17 cid=1524715750 current=0 status=5 seq=50
[2026-09-26T12:45:05.351Z] I (249944) RouteLoom: HIL LINK rx peer=2 type=32 cid=1524715750 current=0 status=5 seq=41
[2026-09-26T12:45:07.842Z] I (252436) RouteLoom: HIL LINK tx peer=2 type=32 cid=1639266183 seq=46
[2026-09-26T12:45:10.353Z] I (254946) RouteLoom: HIL LINK rx peer=2 type=32 cid=1524715750 current=0 status=5 seq=43
[2026-09-26T12:45:12.846Z] I (257437) RouteLoom: HIL LINK tx peer=2 type=32 cid=1639266183 seq=47
[2026-09-26T12:45:12.867Z] I (257461) RouteLoom: HIL PROBE tx peer=2 type=40 status=0 detail=ok
[2026-09-26T12:45:12.887Z] I (257479) RouteLoom: HIL LINK rx peer=2 type=41 cid=1524715750 current=0 status=5 seq=26
[2026-09-26T12:45:15.359Z] I (259949) RouteLoom: HIL LINK rx peer=2 type=32 cid=1524715750 current=0 status=5 seq=45
[2026-09-26T12:45:17.866Z] I (262439) RouteLoom: HIL LINK tx peer=2 type=32 cid=1639266183 seq=48
[2026-09-26T12:45:20.361Z] I (264952) RouteLoom: HIL LINK rx peer=2 type=32 cid=1524715750 current=0 status=5 seq=47
[2026-09-26T12:45:22.848Z] I (267441) RouteLoom: HIL LINK tx peer=2 type=32 cid=1639266183 seq=49
[2026-09-26T12:45:22.884Z] I (267477) RouteLoom: HIL LINK rx peer=2 type=40 cid=1524715750 current=0 status=5 seq=28
[2026-09-26T12:45:22.888Z] I (267481) RouteLoom: HIL PROBE tx peer=2 type=41 status=0 detail=ok
[2026-09-26T12:45:25.362Z] I (269955) RouteLoom: HIL LINK rx peer=2 type=32 cid=1524715750 current=0 status=5 seq=49
[2026-09-26T12:45:27.847Z] I (272440) RouteLoom: HIL LINK tx peer=2 type=32 cid=1639266183 seq=50
[2026-09-26T12:45:30.369Z] I (274958) RouteLoom: HIL LINK rx peer=2 type=32 cid=1524715750 current=0 status=5 seq=51
[2026-09-26T12:45:32.850Z] I (277442) RouteLoom: HIL LINK tx peer=2 type=32 cid=1639266183 seq=51
[2026-09-26T12:45:32.888Z] I (277479) RouteLoom: HIL PROBE tx peer=2 type=40 status=0 detail=ok
[2026-09-26T12:45:32.903Z] I (277496) RouteLoom: HIL LINK rx peer=2 type=41 cid=1524715750 current=0 status=5 seq=30
[2026-09-26T12:45:34.570Z] I (279163) RouteLoom: HIL LINK rx peer=2 type=16 cid=1524715750 current=0 status=5 seq=51
[2026-09-26T12:45:34.573Z] I (279166) RouteLoomRef: message origin=1 session=303 sequence=51 bytes=4
[2026-09-26T12:45:34.579Z] I (279170) RouteLoom: HIL LINK tx peer=2 type=17 cid=1639266183 seq=51
[2026-09-26T12:45:34.588Z] I (279181) RouteLoom: HIL LINK tx peer=2 type=18 cid=1639266183 seq=51
[2026-09-26T12:45:34.608Z] I (279201) RouteLoom: HIL LINK rx peer=2 type=17 cid=1524715750 current=0 status=5 seq=51
[2026-09-26T12:45:35.370Z] I (279961) RouteLoom: HIL LINK rx peer=2 type=32 cid=1524715750 current=0 status=5 seq=53
[2026-09-26T12:45:37.851Z] I (282444) RouteLoom: HIL LINK tx peer=2 type=32 cid=1639266183 seq=52
[2026-09-26T12:45:38.658Z] I (283247) RouteLoom: HIL RLD1 rx claimed=2 phase=5 step=1
[2026-09-26T12:45:38.661Z] I (283254) RouteLoom: HIL RLD1 tx claimed=3 phase=5 step=2
[2026-09-26T12:45:38.681Z] I (283274) RouteLoom: HIL RLD1 rx claimed=2 phase=5 step=3
[2026-09-26T12:45:38.684Z] HIL resume R3 installed peer=2 tx=3725696001 rx=2875505871
[2026-09-26T12:45:38.687Z] I (283279) RouteLoom: HIL PROBE tx peer=2 type=40 status=0 detail=ok
[2026-09-26T12:45:38.701Z] I (283293) RouteLoom: HIL LINK rx peer=2 type=40 cid=2875505871 current=0 status=5 seq=1
[2026-09-26T12:45:38.704Z] I (283297) RouteLoom: HIL PROBE tx peer=2 type=41 status=0 detail=ok
[2026-09-26T12:45:38.711Z] I (283302) RouteLoom: HIL LINK rx peer=2 type=41 cid=2875505871 current=0 status=5 seq=2
[2026-09-26T12:45:38.716Z] I (283306) RouteLoomRef: discovery event=REACHABLE peer=2
[2026-09-26T12:45:38.725Z] W (283309) RouteLoomRef: diagnostic reason=REACHABLE peer=2 message=none
[2026-09-26T12:45:38.729Z] I (283319) RouteLoom: HIL LINK tx peer=2 type=32 cid=3725696001 seq=53
[2026-09-26T12:45:38.743Z] I (283335) RouteLoom: HIL LINK rx peer=2 type=32 cid=2875505871 current=0 status=5 seq=1
[2026-09-26T12:45:38.747Z] W (283337) RouteLoomRef: diagnostic reason=PEER_RESTARTED_ROUTES_FLUSHED peer=2 message=none
[2026-09-26T12:45:38.757Z] I (283345) RouteLoom: HIL LINK rx peer=2 type=32 cid=2875505871 current=0 status=5 seq=2
[2026-09-26T12:45:39.175Z] I (283767) RouteLoom: HIL RLD1 rx claimed=2 phase=5 step=3
[2026-09-26T12:45:39.175Z] HIL resume R3 no record peer=2
[2026-09-26T12:45:39.676Z] I (284269) RouteLoom: HIL RLD1 rx claimed=2 phase=5 step=3
[2026-09-26T12:45:39.676Z] HIL resume R3 no record peer=2
[2026-09-26T12:45:39.704Z] I (284297) RouteLoom: HIL LINK tx peer=2 type=32 cid=3725696001 seq=54
[2026-09-26T12:45:40.178Z] I (284771) RouteLoom: HIL RLD1 rx claimed=2 phase=5 step=3
[2026-09-26T12:45:40.180Z] HIL resume R3 no record peer=2
[2026-09-26T12:45:43.713Z] I (288306) RouteLoom: HIL LINK tx peer=2 type=32 cid=3725696001 seq=55
[2026-09-26T12:45:43.728Z] I (288321) RouteLoom: HIL LINK rx peer=2 type=32 cid=2875505871 current=0 status=5 seq=3
[2026-09-26T12:45:48.712Z] I (293305) RouteLoom: HIL PROBE tx peer=2 type=40 status=0 detail=ok
[2026-09-26T12:45:48.721Z] I (293314) RouteLoom: HIL LINK tx peer=2 type=32 cid=3725696001 seq=56
[2026-09-26T12:45:48.741Z] I (293329) RouteLoom: HIL LINK rx peer=2 type=41 cid=2875505871 current=0 status=5 seq=3
[2026-09-26T12:45:48.746Z] I (293339) RouteLoom: HIL LINK rx peer=2 type=32 cid=2875505871 current=0 status=5 seq=4
[2026-09-26T12:45:53.714Z] I (298306) RouteLoom: HIL LINK tx peer=2 type=32 cid=3725696001 seq=57
[2026-09-26T12:45:53.730Z] I (298322) RouteLoom: HIL LINK rx peer=2 type=32 cid=2875505871 current=0 status=5 seq=5
[2026-09-26T12:45:55.814Z] I (300407) RouteLoom: stack hwm main 11076 B
[2026-09-26T12:45:55.815Z] I (300407) RouteLoom: HIL HEAP free=22184 largest=19456 min=21408 B
[2026-09-26T12:45:55.824Z] I (300408) RouteLoom: HIL DISCOVERY candidates=0 neighbors=1 capacity=0 auth=5 stale=1 probes=25 send_failures=1 kind_rejects=3
[2026-09-26T12:45:55.831Z] I (300418) RouteLoom: HIL ROUTE peer=1 phase=-1 via=0 metric=0 generation=0 seq=0
[2026-09-26T12:45:55.839Z] I (300425) RouteLoom: HIL ROUTE peer=2 phase=5 via=2 metric=1 generation=276 seq=1
[2026-09-26T12:45:58.713Z] I (303306) RouteLoom: HIL LINK tx peer=2 type=32 cid=3725696001 seq=58
[2026-09-26T12:45:58.728Z] I (303320) RouteLoom: HIL LINK rx peer=2 type=40 cid=2875505871 current=0 status=5 seq=4
[2026-09-26T12:45:58.731Z] I (303324) RouteLoom: HIL PROBE tx peer=2 type=41 status=0 detail=ok
[2026-09-26T12:45:58.738Z] I (303330) RouteLoom: HIL LINK rx peer=2 type=32 cid=2875505871 current=0 status=5 seq=6
[2026-09-26T12:46:03.714Z] I (308307) RouteLoom: HIL LINK tx peer=2 type=32 cid=3725696001 seq=59
[2026-09-26T12:46:03.734Z] I (308327) RouteLoom: HIL LINK rx peer=2 type=32 cid=2875505871 current=0 status=5 seq=7
[2026-09-26T12:46:05.983Z] I (310576) RouteLoom: HIL LINK rx peer=2 type=32 cid=2875505871 current=0 status=5 seq=8
[2026-09-26T12:46:05.988Z] W (310578) RouteLoomRef: diagnostic reason=ROUTE_STALE_GENERATION peer=2 message=none
[2026-09-26T12:46:06.005Z] I (310597) RouteLoom: HIL LINK rx peer=2 type=32 cid=2875505871 current=0 status=5 seq=9
[2026-09-26T12:46:06.031Z] I (310623) RouteLoom: HIL LINK tx peer=2 type=32 cid=3725696001 seq=60
[2026-09-26T12:46:06.125Z] I (310718) RouteLoom: HIL LINK rx peer=2 type=16 cid=2875505871 current=0 status=5 seq=52
[2026-09-26T12:46:06.128Z] I (310721) RouteLoomRef: message origin=1 session=303 sequence=52 bytes=4
[2026-09-26T12:46:06.135Z] I (310725) RouteLoom: HIL LINK tx peer=2 type=17 cid=3725696001 seq=52
[2026-09-26T12:46:06.143Z] I (310736) RouteLoom: HIL LINK tx peer=2 type=18 cid=3725696001 seq=52
[2026-09-26T12:46:06.164Z] I (310756) RouteLoom: HIL LINK rx peer=2 type=17 cid=2875505871 current=0 status=5 seq=52
[2026-09-26T12:46:08.716Z] I (313309) RouteLoom: HIL LINK tx peer=2 type=32 cid=3725696001 seq=61
[2026-09-26T12:46:08.729Z] I (313322) RouteLoom: HIL PROBE tx peer=2 type=40 status=0 detail=ok
[2026-09-26T12:46:08.748Z] I (313340) RouteLoom: HIL LINK rx peer=2 type=41 cid=2875505871 current=0 status=5 seq=7
[2026-09-26T12:46:10.964Z] I (315557) RouteLoom: HIL LINK rx peer=2 type=32 cid=2875505871 current=0 status=5 seq=12
[2026-09-26T12:46:13.717Z] I (318310) RouteLoom: HIL LINK tx peer=2 type=32 cid=3725696001 seq=62
[2026-09-26T12:46:15.971Z] I (320563) RouteLoom: HIL LINK rx peer=2 type=32 cid=2875505871 current=0 status=5 seq=14
[2026-09-26T12:46:18.719Z] I (323311) RouteLoom: HIL LINK tx peer=2 type=32 cid=3725696001 seq=63
[2026-09-26T12:46:18.748Z] I (323339) RouteLoom: HIL LINK rx peer=2 type=40 cid=2875505871 current=0 status=5 seq=9
[2026-09-26T12:46:18.752Z] I (323343) RouteLoom: HIL PROBE tx peer=2 type=41 status=0 detail=ok
[2026-09-26T12:46:20.967Z] I (325560) RouteLoom: HIL LINK rx peer=2 type=32 cid=2875505871 current=0 status=5 seq=16
[2026-09-26T12:46:23.722Z] I (328313) RouteLoom: HIL LINK tx peer=2 type=32 cid=3725696001 seq=64
[2026-09-26T12:46:25.969Z] I (330561) RouteLoom: HIL LINK rx peer=2 type=32 cid=2875505871 current=0 status=5 seq=18
[2026-09-26T12:46:28.721Z] I (333314) RouteLoom: HIL LINK tx peer=2 type=32 cid=3725696001 seq=65
[2026-09-26T12:46:28.749Z] I (333342) RouteLoom: HIL PROBE tx peer=2 type=40 status=0 detail=ok
[2026-09-26T12:46:28.768Z] I (333360) RouteLoom: HIL LINK rx peer=2 type=41 cid=2875505871 current=0 status=5 seq=11
[2026-09-26T12:46:30.970Z] I (335562) RouteLoom: HIL LINK rx peer=2 type=32 cid=2875505871 current=0 status=5 seq=20
[2026-09-26T12:46:33.723Z] I (338315) RouteLoom: HIL LINK tx peer=2 type=32 cid=3725696001 seq=66
[2026-09-26T12:46:34.557Z] I (339149) RouteLoom: HIL LINK rx peer=2 type=16 cid=2875505871 current=0 status=5 seq=53
[2026-09-26T12:46:34.561Z] I (339152) RouteLoomRef: message origin=1 session=303 sequence=53 bytes=4
[2026-09-26T12:46:34.567Z] I (339156) RouteLoom: HIL LINK tx peer=2 type=17 cid=3725696001 seq=53
[2026-09-26T12:46:34.575Z] I (339167) RouteLoom: HIL LINK tx peer=2 type=18 cid=3725696001 seq=53
[2026-09-26T12:46:34.595Z] I (339187) RouteLoom: HIL LINK rx peer=2 type=17 cid=2875505871 current=0 status=5 seq=53
[2026-09-26T12:46:35.971Z] I (340562) RouteLoom: HIL LINK rx peer=2 type=32 cid=2875505871 current=0 status=5 seq=22
[2026-09-26T12:46:38.723Z] I (343316) RouteLoom: HIL LINK tx peer=2 type=32 cid=3725696001 seq=67
[2026-09-26T12:46:38.765Z] I (343357) RouteLoom: HIL LINK rx peer=2 type=40 cid=2875505871 current=0 status=5 seq=13
[2026-09-26T12:46:38.769Z] I (343361) RouteLoom: HIL PROBE tx peer=2 type=41 status=0 detail=ok
[2026-09-26T12:46:40.972Z] I (345564) RouteLoom: HIL LINK rx peer=2 type=32 cid=2875505871 current=0 status=5 seq=24
[2026-09-26T12:46:43.724Z] I (348317) RouteLoom: HIL LINK tx peer=2 type=32 cid=3725696001 seq=68
[2026-09-26T12:46:45.973Z] I (350565) RouteLoom: HIL LINK rx peer=2 type=32 cid=2875505871 current=0 status=5 seq=26
[2026-09-26T12:46:48.726Z] I (353318) RouteLoom: HIL LINK tx peer=2 type=32 cid=3725696001 seq=69
[2026-09-26T12:46:48.769Z] I (353361) RouteLoom: HIL PROBE tx peer=2 type=40 status=0 detail=ok
[2026-09-26T12:46:48.786Z] I (353378) RouteLoom: HIL LINK rx peer=2 type=41 cid=2875505871 current=0 status=5 seq=15
[2026-09-26T12:46:50.974Z] I (355565) RouteLoom: HIL LINK rx peer=2 type=32 cid=2875505871 current=0 status=5 seq=28
[2026-09-26T12:46:53.727Z] I (358319) RouteLoom: HIL LINK tx peer=2 type=32 cid=3725696001 seq=70
[2026-09-26T12:46:55.818Z] I (360409) RouteLoom: stack hwm main 11076 B
[2026-09-26T12:46:55.819Z] I (360409) RouteLoom: HIL HEAP free=22184 largest=19456 min=21408 B
[2026-09-26T12:46:55.827Z] I (360410) RouteLoom: HIL DISCOVERY candidates=0 neighbors=1 capacity=0 auth=5 stale=1 probes=28 send_failures=1 kind_rejects=3
[2026-09-26T12:46:55.835Z] I (360420) RouteLoom: HIL ROUTE peer=1 phase=-1 via=2 metric=2 generation=303 seq=4
[2026-09-26T12:46:55.842Z] I (360427) RouteLoom: HIL ROUTE peer=2 phase=5 via=2 metric=1 generation=276 seq=1
[2026-09-26T12:46:55.973Z] I (360565) RouteLoom: HIL LINK rx peer=2 type=32 cid=2875505871 current=0 status=5 seq=30
[2026-09-26T12:46:58.729Z] I (363320) RouteLoom: HIL LINK tx peer=2 type=32 cid=3725696001 seq=71
[2026-09-26T12:46:58.786Z] I (363377) RouteLoom: HIL LINK rx peer=2 type=40 cid=2875505871 current=0 status=5 seq=17
[2026-09-26T12:46:58.789Z] I (363381) RouteLoom: HIL PROBE tx peer=2 type=41 status=0 detail=ok
[2026-09-26T12:47:00.975Z] I (365566) RouteLoom: HIL LINK rx peer=2 type=32 cid=2875505871 current=0 status=5 seq=32
[2026-09-26T12:47:03.731Z] I (368322) RouteLoom: HIL LINK tx peer=2 type=32 cid=3725696001 seq=72
[2026-09-26T12:47:04.560Z] I (369151) RouteLoom: HIL LINK rx peer=2 type=16 cid=2875505871 current=0 status=5 seq=54
[2026-09-26T12:47:04.563Z] I (369155) RouteLoomRef: message origin=1 session=303 sequence=54 bytes=4
[2026-09-26T12:47:04.569Z] I (369158) RouteLoom: HIL LINK tx peer=2 type=17 cid=3725696001 seq=54
[2026-09-26T12:47:04.578Z] I (369169) RouteLoom: HIL LINK tx peer=2 type=18 cid=3725696001 seq=54
[2026-09-26T12:47:04.597Z] I (369189) RouteLoom: HIL LINK rx peer=2 type=17 cid=2875505871 current=0 status=5 seq=54
[2026-09-26T12:47:05.975Z] I (370567) RouteLoom: HIL LINK rx peer=2 type=32 cid=2875505871 current=0 status=5 seq=34
[2026-09-26T12:47:08.731Z] I (373323) RouteLoom: HIL LINK tx peer=2 type=32 cid=3725696001 seq=73
[2026-09-26T12:47:08.787Z] I (373379) RouteLoom: HIL PROBE tx peer=2 type=40 status=0 detail=ok
[2026-09-26T12:47:08.804Z] I (373396) RouteLoom: HIL LINK rx peer=2 type=41 cid=2875505871 current=0 status=5 seq=19
[2026-09-26T12:47:10.981Z] I (375572) RouteLoom: HIL LINK rx peer=2 type=32 cid=2875505871 current=0 status=5 seq=36
[2026-09-26T12:47:13.731Z] I (378322) RouteLoom: HIL LINK tx peer=2 type=32 cid=3725696001 seq=74
[2026-09-26T12:47:15.983Z] I (380574) RouteLoom: HIL LINK rx peer=2 type=32 cid=2875505871 current=0 status=5 seq=38
[2026-09-26T12:47:18.732Z] I (383323) RouteLoom: HIL LINK tx peer=2 type=32 cid=3725696001 seq=75
[2026-09-26T12:47:18.802Z] I (383393) RouteLoom: HIL LINK rx peer=2 type=40 cid=2875505871 current=0 status=5 seq=21
[2026-09-26T12:47:18.806Z] I (383397) RouteLoom: HIL PROBE tx peer=2 type=41 status=0 detail=ok
[2026-09-26T12:47:20.987Z] I (385576) RouteLoom: HIL LINK rx peer=2 type=32 cid=2875505871 current=0 status=5 seq=40
[2026-09-26T12:47:23.732Z] I (388324) RouteLoom: HIL LINK tx peer=2 type=32 cid=3725696001 seq=76
[2026-09-26T12:47:25.987Z] I (390577) RouteLoom: HIL LINK rx peer=2 type=32 cid=2875505871 current=0 status=5 seq=42
[2026-09-26T12:47:28.732Z] I (393324) RouteLoom: HIL LINK tx peer=2 type=32 cid=3725696001 seq=77
[2026-09-26T12:47:28.805Z] I (393397) RouteLoom: HIL PROBE tx peer=2 type=40 status=0 detail=ok
[2026-09-26T12:47:28.827Z] I (393418) RouteLoom: HIL LINK rx peer=2 type=41 cid=2875505871 current=0 status=5 seq=23
[2026-09-26T12:47:30.990Z] I (395581) RouteLoom: HIL LINK rx peer=2 type=32 cid=2875505871 current=0 status=5 seq=44
[2026-09-26T12:47:33.733Z] I (398324) RouteLoom: HIL LINK tx peer=2 type=32 cid=3725696001 seq=78
[2026-09-26T12:47:34.557Z] I (399148) RouteLoom: HIL LINK rx peer=2 type=16 cid=2875505871 current=0 status=5 seq=55
[2026-09-26T12:47:34.560Z] I (399152) RouteLoomRef: message origin=1 session=303 sequence=55 bytes=4
[2026-09-26T12:47:34.567Z] I (399155) RouteLoom: HIL LINK tx peer=2 type=17 cid=3725696001 seq=55
[2026-09-26T12:47:34.575Z] I (399166) RouteLoom: HIL LINK tx peer=2 type=18 cid=3725696001 seq=55
[2026-09-26T12:47:34.598Z] I (399190) RouteLoom: HIL LINK rx peer=2 type=17 cid=2875505871 current=0 status=5 seq=55
[2026-09-26T12:47:35.992Z] I (400583) RouteLoom: HIL LINK rx peer=2 type=32 cid=2875505871 current=0 status=5 seq=46
[2026-09-26T12:47:38.735Z] I (403327) RouteLoom: HIL LINK tx peer=2 type=32 cid=3725696001 seq=79
[2026-09-26T12:47:38.822Z] I (403413) RouteLoom: HIL LINK rx peer=2 type=40 cid=2875505871 current=0 status=5 seq=25
[2026-09-26T12:47:38.826Z] I (403417) RouteLoom: HIL PROBE tx peer=2 type=41 status=0 detail=ok
[2026-09-26T12:47:40.995Z] I (405586) RouteLoom: HIL LINK rx peer=2 type=32 cid=2875505871 current=0 status=5 seq=48
[2026-09-26T12:47:43.735Z] I (408327) RouteLoom: HIL LINK tx peer=2 type=32 cid=3725696001 seq=80
[2026-09-26T12:47:45.996Z] I (410587) RouteLoom: HIL LINK rx peer=2 type=32 cid=2875505871 current=0 status=5 seq=50
[2026-09-26T12:47:48.736Z] I (413328) RouteLoom: HIL LINK tx peer=2 type=32 cid=3725696001 seq=81
[2026-09-26T12:47:48.824Z] I (413416) RouteLoom: HIL PROBE tx peer=2 type=40 status=0 detail=ok
[2026-09-26T12:47:48.842Z] I (413433) RouteLoom: HIL LINK rx peer=2 type=41 cid=2875505871 current=0 status=5 seq=28
[2026-09-26T12:47:50.996Z] I (415587) RouteLoom: HIL LINK rx peer=2 type=32 cid=2875505871 current=0 status=5 seq=52
[2026-09-26T12:47:53.737Z] I (418329) RouteLoom: HIL LINK tx peer=2 type=32 cid=3725696001 seq=82
[2026-09-26T12:47:55.820Z] I (420411) RouteLoom: stack hwm main 11076 B
[2026-09-26T12:47:55.820Z] I (420411) RouteLoom: HIL HEAP free=22184 largest=19456 min=21408 B
[2026-09-26T12:47:55.830Z] I (420412) RouteLoom: HIL DISCOVERY candidates=0 neighbors=1 capacity=0 auth=5 stale=1 probes=31 send_failures=1 kind_rejects=3
[2026-09-26T12:47:55.838Z] I (420422) RouteLoom: HIL ROUTE peer=1 phase=-1 via=2 metric=2 generation=303 seq=4
[2026-09-26T12:47:55.845Z] I (420429) RouteLoom: HIL ROUTE peer=2 phase=5 via=2 metric=1 generation=276 seq=1
[2026-09-26T12:47:55.996Z] I (420587) RouteLoom: HIL LINK rx peer=2 type=32 cid=2875505871 current=0 status=5 seq=54
[2026-09-26T12:47:58.738Z] I (423329) RouteLoom: HIL LINK tx peer=2 type=32 cid=3725696001 seq=83
[2026-09-26T12:47:58.841Z] I (423431) RouteLoom: HIL LINK rx peer=2 type=40 cid=2875505871 current=0 status=5 seq=30
[2026-09-26T12:47:58.844Z] I (423435) RouteLoom: HIL PROBE tx peer=2 type=41 status=0 detail=ok
[2026-09-26T12:48:01.000Z] I (425591) RouteLoom: HIL LINK rx peer=2 type=32 cid=2875505871 current=0 status=5 seq=56
[2026-09-26T12:48:03.738Z] I (428328) RouteLoom: HIL LINK tx peer=2 type=32 cid=3725696001 seq=84
[2026-09-26T12:48:04.553Z] I (429144) RouteLoom: HIL LINK rx peer=2 type=16 cid=2875505871 current=0 status=5 seq=56
[2026-09-26T12:48:04.557Z] I (429148) RouteLoomRef: message origin=1 session=303 sequence=56 bytes=4
[2026-09-26T12:48:04.563Z] I (429151) RouteLoom: HIL LINK tx peer=2 type=17 cid=3725696001 seq=56
[2026-09-26T12:48:04.571Z] I (429162) RouteLoom: HIL LINK tx peer=2 type=18 cid=3725696001 seq=56
[2026-09-26T12:48:04.592Z] I (429183) RouteLoom: HIL LINK rx peer=2 type=17 cid=2875505871 current=0 status=5 seq=56
[2026-09-26T12:48:06.000Z] I (430591) RouteLoom: HIL LINK rx peer=2 type=32 cid=2875505871 current=0 status=5 seq=58
[2026-09-26T12:48:08.738Z] I (433329) RouteLoom: HIL LINK tx peer=2 type=32 cid=3725696001 seq=85
[2026-09-26T12:48:08.844Z] I (433435) RouteLoom: HIL PROBE tx peer=2 type=40 status=0 detail=ok
[2026-09-26T12:48:08.861Z] I (433452) RouteLoom: HIL LINK rx peer=2 type=41 cid=2875505871 current=0 status=5 seq=32
[2026-09-26T12:48:11.003Z] I (435594) RouteLoom: HIL LINK rx peer=2 type=32 cid=2875505871 current=0 status=5 seq=60
[2026-09-26T12:48:13.739Z] I (438330) RouteLoom: HIL LINK tx peer=2 type=32 cid=3725696001 seq=86
[2026-09-26T12:48:16.012Z] I (440603) RouteLoom: HIL LINK rx peer=2 type=32 cid=2875505871 current=0 status=5 seq=62
[2026-09-26T12:48:18.739Z] I (443329) RouteLoom: HIL LINK tx peer=2 type=32 cid=3725696001 seq=87
[2026-09-26T12:48:18.861Z] I (443451) RouteLoom: HIL LINK rx peer=2 type=40 cid=2875505871 current=0 status=5 seq=34
[2026-09-26T12:48:18.864Z] I (443455) RouteLoom: HIL PROBE tx peer=2 type=41 status=0 detail=ok
[2026-09-26T12:48:21.015Z] I (445606) RouteLoom: HIL LINK rx peer=2 type=32 cid=2875505871 current=0 status=5 seq=64
[2026-09-26T12:48:23.741Z] I (448331) RouteLoom: HIL LINK tx peer=2 type=32 cid=3725696001 seq=88
[2026-09-26T12:48:26.017Z] I (450608) RouteLoom: HIL LINK rx peer=2 type=32 cid=2875505871 current=0 status=5 seq=66
[2026-09-26T12:48:28.743Z] I (453333) RouteLoom: HIL LINK tx peer=2 type=32 cid=3725696001 seq=89
[2026-09-26T12:48:28.864Z] I (453455) RouteLoom: HIL PROBE tx peer=2 type=40 status=0 detail=ok
[2026-09-26T12:48:28.883Z] I (453473) RouteLoom: HIL LINK rx peer=2 type=41 cid=2875505871 current=0 status=5 seq=36
[2026-09-26T12:48:31.018Z] I (455608) RouteLoom: HIL LINK rx peer=2 type=32 cid=2875505871 current=0 status=5 seq=68
[2026-09-26T12:48:33.744Z] I (458334) RouteLoom: HIL LINK tx peer=2 type=32 cid=3725696001 seq=90
[2026-09-26T12:48:34.558Z] I (459148) RouteLoom: HIL LINK rx peer=2 type=16 cid=2875505871 current=0 status=5 seq=57
[2026-09-26T12:48:34.561Z] I (459152) RouteLoomRef: message origin=1 session=303 sequence=57 bytes=4
[2026-09-26T12:48:34.567Z] I (459155) RouteLoom: HIL LINK tx peer=2 type=17 cid=3725696001 seq=57
[2026-09-26T12:48:34.576Z] I (459166) RouteLoom: HIL LINK tx peer=2 type=18 cid=3725696001 seq=57
[2026-09-26T12:48:34.595Z] I (459186) RouteLoom: HIL LINK rx peer=2 type=17 cid=2875505871 current=0 status=5 seq=57
[2026-09-26T12:48:36.018Z] I (460608) RouteLoom: HIL LINK rx peer=2 type=32 cid=2875505871 current=0 status=5 seq=70
[2026-09-26T12:48:38.744Z] I (463335) RouteLoom: HIL LINK tx peer=2 type=32 cid=3725696001 seq=91
[2026-09-26T12:48:38.879Z] I (463469) RouteLoom: HIL LINK rx peer=2 type=40 cid=2875505871 current=0 status=5 seq=38
[2026-09-26T12:48:38.884Z] I (463473) RouteLoom: HIL PROBE tx peer=2 type=41 status=0 detail=ok
[2026-09-26T12:48:41.020Z] I (465610) RouteLoom: HIL LINK rx peer=2 type=32 cid=2875505871 current=0 status=5 seq=72
[2026-09-26T12:48:43.746Z] I (468336) RouteLoom: HIL LINK tx peer=2 type=32 cid=3725696001 seq=92
[2026-09-26T12:48:46.021Z] I (470611) RouteLoom: HIL LINK rx peer=2 type=32 cid=2875505871 current=0 status=5 seq=74
[2026-09-26T12:48:48.747Z] I (473337) RouteLoom: HIL LINK tx peer=2 type=32 cid=3725696001 seq=93
[2026-09-26T12:48:48.880Z] I (473471) RouteLoom: HIL PROBE tx peer=2 type=40 status=0 detail=ok
[2026-09-26T12:48:48.897Z] I (473488) RouteLoom: HIL LINK rx peer=2 type=41 cid=2875505871 current=0 status=5 seq=40
[2026-09-26T12:48:51.025Z] I (475615) RouteLoom: HIL LINK rx peer=2 type=32 cid=2875505871 current=0 status=5 seq=76
[2026-09-26T12:48:53.748Z] I (478339) RouteLoom: HIL LINK tx peer=2 type=32 cid=3725696001 seq=94
[2026-09-26T12:48:55.821Z] I (480411) RouteLoom: stack hwm main 11076 B
[2026-09-26T12:48:55.821Z] I (480411) RouteLoom: HIL HEAP free=22184 largest=19456 min=21408 B
[2026-09-26T12:48:55.831Z] I (480412) RouteLoom: HIL DISCOVERY candidates=0 neighbors=1 capacity=0 auth=5 stale=1 probes=34 send_failures=1 kind_rejects=3
[2026-09-26T12:48:55.838Z] I (480422) RouteLoom: HIL ROUTE peer=1 phase=-1 via=2 metric=2 generation=303 seq=4
[2026-09-26T12:48:55.846Z] I (480429) RouteLoom: HIL ROUTE peer=2 phase=5 via=2 metric=1 generation=276 seq=1
[2026-09-26T12:48:56.029Z] I (480619) RouteLoom: HIL LINK rx peer=2 type=32 cid=2875505871 current=0 status=5 seq=78
[2026-09-26T12:48:58.749Z] I (483338) RouteLoom: HIL LINK tx peer=2 type=32 cid=3725696001 seq=95
[2026-09-26T12:48:58.896Z] I (483486) RouteLoom: HIL LINK rx peer=2 type=40 cid=2875505871 current=0 status=5 seq=42
[2026-09-26T12:48:58.900Z] I (483490) RouteLoom: HIL PROBE tx peer=2 type=41 status=0 detail=ok
[2026-09-26T12:49:01.031Z] I (485621) RouteLoom: HIL LINK rx peer=2 type=32 cid=2875505871 current=0 status=5 seq=80
[2026-09-26T12:49:03.748Z] I (488339) RouteLoom: HIL LINK tx peer=2 type=32 cid=3725696001 seq=96
[2026-09-26T12:49:04.558Z] I (489148) RouteLoom: HIL LINK rx peer=2 type=16 cid=2875505871 current=0 status=5 seq=58
[2026-09-26T12:49:04.561Z] I (489151) RouteLoomRef: message origin=1 session=303 sequence=58 bytes=4
[2026-09-26T12:49:04.567Z] I (489154) RouteLoom: HIL LINK tx peer=2 type=17 cid=3725696001 seq=58
[2026-09-26T12:49:04.575Z] I (489166) RouteLoom: HIL LINK tx peer=2 type=18 cid=3725696001 seq=58
[2026-09-26T12:49:04.596Z] I (489186) RouteLoom: HIL LINK rx peer=2 type=17 cid=2875505871 current=0 status=5 seq=58
[2026-09-26T12:49:06.033Z] I (490623) RouteLoom: HIL LINK rx peer=2 type=32 cid=2875505871 current=0 status=5 seq=82
[2026-09-26T12:49:08.751Z] I (493341) RouteLoom: HIL LINK tx peer=2 type=32 cid=3725696001 seq=97
[2026-09-26T12:49:08.899Z] I (493489) RouteLoom: HIL PROBE tx peer=2 type=40 status=0 detail=ok
[2026-09-26T12:49:08.917Z] I (493507) RouteLoom: HIL LINK rx peer=2 type=41 cid=2875505871 current=0 status=5 seq=44
[2026-09-26T12:49:11.036Z] I (495626) RouteLoom: HIL LINK rx peer=2 type=32 cid=2875505871 current=0 status=5 seq=84
[2026-09-26T12:49:13.751Z] I (498340) RouteLoom: HIL LINK tx peer=2 type=32 cid=3725696001 seq=98
[2026-09-26T12:49:16.037Z] I (500627) RouteLoom: HIL LINK rx peer=2 type=32 cid=2875505871 current=0 status=5 seq=86
[2026-09-26T12:49:18.752Z] I (503341) RouteLoom: HIL LINK tx peer=2 type=32 cid=3725696001 seq=99
[2026-09-26T12:49:18.915Z] I (503504) RouteLoom: HIL LINK rx peer=2 type=40 cid=2875505871 current=0 status=5 seq=46
[2026-09-26T12:49:18.918Z] I (503508) RouteLoom: HIL PROBE tx peer=2 type=41 status=0 detail=ok
[2026-09-26T12:49:21.042Z] I (505632) RouteLoom: HIL LINK rx peer=2 type=32 cid=2875505871 current=0 status=5 seq=88
[2026-09-26T12:49:23.753Z] I (508343) RouteLoom: HIL LINK tx peer=2 type=32 cid=3725696001 seq=100
[2026-09-26T12:49:26.043Z] I (510632) RouteLoom: HIL LINK rx peer=2 type=32 cid=2875505871 current=0 status=5 seq=90
[2026-09-26T12:49:28.754Z] I (513344) RouteLoom: HIL LINK tx peer=2 type=32 cid=3725696001 seq=101
[2026-09-26T12:49:28.918Z] I (513507) RouteLoom: HIL PROBE tx peer=2 type=40 status=0 detail=ok
[2026-09-26T12:49:28.937Z] I (513526) RouteLoom: HIL LINK rx peer=2 type=41 cid=2875505871 current=0 status=5 seq=48
[2026-09-26T12:49:31.044Z] I (515633) RouteLoom: HIL LINK rx peer=2 type=32 cid=2875505871 current=0 status=5 seq=92
[2026-09-26T12:49:33.756Z] I (518345) RouteLoom: HIL LINK tx peer=2 type=32 cid=3725696001 seq=102
[2026-09-26T12:49:34.558Z] I (519148) RouteLoom: HIL LINK rx peer=2 type=16 cid=2875505871 current=0 status=5 seq=59
[2026-09-26T12:49:34.562Z] I (519151) RouteLoomRef: message origin=1 session=303 sequence=59 bytes=4
[2026-09-26T12:49:34.568Z] I (519155) RouteLoom: HIL LINK tx peer=2 type=17 cid=3725696001 seq=59
[2026-09-26T12:49:34.576Z] I (519166) RouteLoom: HIL LINK tx peer=2 type=18 cid=3725696001 seq=59
[2026-09-26T12:49:34.597Z] I (519186) RouteLoom: HIL LINK rx peer=2 type=17 cid=2875505871 current=0 status=5 seq=59
[2026-09-26T12:49:36.049Z] I (520638) RouteLoom: HIL LINK rx peer=2 type=32 cid=2875505871 current=0 status=5 seq=94
[2026-09-26T12:49:38.758Z] I (523347) RouteLoom: HIL LINK tx peer=2 type=32 cid=3725696001 seq=103
[2026-09-26T12:49:38.935Z] I (523524) RouteLoom: HIL LINK rx peer=2 type=40 cid=2875505871 current=0 status=5 seq=50
[2026-09-26T12:49:38.939Z] I (523528) RouteLoom: HIL PROBE tx peer=2 type=41 status=0 detail=ok
[2026-09-26T12:49:41.049Z] I (525638) RouteLoom: HIL LINK rx peer=2 type=32 cid=2875505871 current=0 status=5 seq=96
[2026-09-26T12:49:43.757Z] I (528346) RouteLoom: HIL LINK tx peer=2 type=32 cid=3725696001 seq=104
[2026-09-26T12:49:46.053Z] I (530642) RouteLoom: HIL LINK rx peer=2 type=32 cid=2875505871 current=0 status=5 seq=98
[2026-09-26T12:49:48.758Z] I (533348) RouteLoom: HIL LINK tx peer=2 type=32 cid=3725696001 seq=105
[2026-09-26T12:49:48.938Z] I (533526) RouteLoom: HIL PROBE tx peer=2 type=40 status=0 detail=ok
[2026-09-26T12:49:48.953Z] I (533543) RouteLoom: HIL LINK rx peer=2 type=41 cid=2875505871 current=0 status=5 seq=52
[2026-09-26T12:49:51.054Z] I (535644) RouteLoom: HIL LINK rx peer=2 type=32 cid=2875505871 current=0 status=5 seq=100
[2026-09-26T12:49:53.759Z] I (538349) RouteLoom: HIL LINK tx peer=2 type=32 cid=3725696001 seq=106
[2026-09-26T12:49:55.825Z] I (540412) RouteLoom: stack hwm main 11076 B
[2026-09-26T12:49:55.825Z] I (540412) RouteLoom: HIL HEAP free=22184 largest=19456 min=21408 B
[2026-09-26T12:49:55.833Z] I (540413) RouteLoom: HIL DISCOVERY candidates=0 neighbors=1 capacity=0 auth=5 stale=1 probes=37 send_failures=1 kind_rejects=3
[2026-09-26T12:49:55.840Z] I (540423) RouteLoom: HIL ROUTE peer=1 phase=-1 via=2 metric=2 generation=303 seq=4
[2026-09-26T12:49:55.849Z] I (540430) RouteLoom: HIL ROUTE peer=2 phase=5 via=2 metric=1 generation=276 seq=1
[2026-09-26T12:49:56.057Z] I (540647) RouteLoom: HIL LINK rx peer=2 type=32 cid=2875505871 current=0 status=5 seq=102
[2026-09-26T12:49:58.760Z] I (543348) RouteLoom: HIL LINK tx peer=2 type=32 cid=3725696001 seq=107
[2026-09-26T12:49:58.952Z] I (543541) RouteLoom: HIL LINK rx peer=2 type=40 cid=2875505871 current=0 status=5 seq=54
[2026-09-26T12:49:58.956Z] I (543545) RouteLoom: HIL PROBE tx peer=2 type=41 status=0 detail=ok
[2026-09-26T12:50:01.060Z] I (545649) RouteLoom: HIL LINK rx peer=2 type=32 cid=2875505871 current=0 status=5 seq=104
[2026-09-26T12:50:03.759Z] I (548349) RouteLoom: HIL LINK tx peer=2 type=32 cid=3725696001 seq=108
[2026-09-26T12:50:04.574Z] I (549163) RouteLoom: HIL LINK rx peer=2 type=16 cid=2875505871 current=0 status=5 seq=60
[2026-09-26T12:50:04.577Z] I (549167) RouteLoomRef: message origin=1 session=303 sequence=60 bytes=4
[2026-09-26T12:50:04.584Z] I (549170) RouteLoom: HIL LINK tx peer=2 type=17 cid=3725696001 seq=60
[2026-09-26T12:50:04.592Z] I (549181) RouteLoom: HIL LINK tx peer=2 type=18 cid=3725696001 seq=60
[2026-09-26T12:50:04.612Z] I (549201) RouteLoom: HIL LINK rx peer=2 type=17 cid=2875505871 current=0 status=5 seq=60
[2026-09-26T12:50:06.062Z] I (550652) RouteLoom: HIL LINK rx peer=2 type=32 cid=2875505871 current=0 status=5 seq=106
[2026-09-26T12:50:08.766Z] I (553351) RouteLoom: HIL LINK tx peer=2 type=32 cid=3725696001 seq=109
[2026-09-26T12:50:08.955Z] I (553545) RouteLoom: HIL PROBE tx peer=2 type=40 status=0 detail=ok
[2026-09-26T12:50:08.972Z] I (553562) RouteLoom: HIL LINK rx peer=2 type=41 cid=2875505871 current=0 status=5 seq=56
[2026-09-26T12:50:11.064Z] I (555654) RouteLoom: HIL LINK rx peer=2 type=32 cid=2875505871 current=0 status=5 seq=108
[2026-09-26T12:50:13.763Z] I (558353) RouteLoom: HIL LINK tx peer=2 type=32 cid=3725696001 seq=110
[2026-09-26T12:50:16.068Z] I (560657) RouteLoom: HIL LINK rx peer=2 type=32 cid=2875505871 current=0 status=5 seq=110
[2026-09-26T12:50:18.764Z] I (563352) RouteLoom: HIL LINK tx peer=2 type=32 cid=3725696001 seq=111
[2026-09-26T12:50:18.971Z] I (563560) RouteLoom: HIL LINK rx peer=2 type=40 cid=2875505871 current=0 status=5 seq=58
[2026-09-26T12:50:18.975Z] I (563564) RouteLoom: HIL PROBE tx peer=2 type=41 status=0 detail=ok
[2026-09-26T12:50:21.069Z] I (565658) RouteLoom: HIL LINK rx peer=2 type=32 cid=2875505871 current=0 status=5 seq=112
[2026-09-26T12:50:23.764Z] I (568353) RouteLoom: HIL LINK tx peer=2 type=32 cid=3725696001 seq=112
[2026-09-26T12:50:26.074Z] I (570663) RouteLoom: HIL LINK rx peer=2 type=32 cid=2875505871 current=0 status=5 seq=114
[2026-09-26T12:50:28.767Z] I (573356) RouteLoom: HIL LINK tx peer=2 type=32 cid=3725696001 seq=113
[2026-09-26T12:50:29.031Z] I (573562) RouteLoom: HIL PROBE tx peer=2 type=40 status=0 detail=ok
[2026-09-26T12:50:29.031Z] I (573580) RouteLoom: HIL LINK rx peer=2 type=41 cid=2875505871 current=0 status=5 seq=60
[2026-09-26T12:50:31.073Z] I (575662) RouteLoom: HIL LINK rx peer=2 type=32 cid=2875505871 current=0 status=5 seq=116
[2026-09-26T12:50:33.769Z] I (578357) RouteLoom: HIL LINK tx peer=2 type=32 cid=3725696001 seq=114
[2026-09-26T12:50:34.664Z] I (579250) RouteLoom: HIL LINK rx peer=2 type=16 cid=2875505871 current=0 status=5 seq=61
[2026-09-26T12:50:34.667Z] I (579253) RouteLoomRef: message origin=1 session=303 sequence=61 bytes=4
[2026-09-26T12:50:34.673Z] I (579257) RouteLoom: HIL LINK tx peer=2 type=17 cid=3725696001 seq=61
[2026-09-26T12:50:34.681Z] I (579268) RouteLoom: HIL LINK tx peer=2 type=18 cid=3725696001 seq=61
[2026-09-26T12:50:34.703Z] I (579289) RouteLoom: HIL LINK rx peer=2 type=17 cid=2875505871 current=0 status=5 seq=61
[2026-09-26T12:50:36.076Z] I (580665) RouteLoom: HIL LINK rx peer=2 type=32 cid=2875505871 current=0 status=5 seq=118
[2026-09-26T12:50:38.770Z] I (583358) RouteLoom: HIL LINK tx peer=2 type=32 cid=3725696001 seq=115
[2026-09-26T12:50:38.995Z] I (583584) RouteLoom: HIL PROBE tx peer=2 type=40 status=0 detail=ok
[2026-09-26T12:50:40.996Z] I (585585) RouteLoom: HIL PROBE tx peer=2 type=40 status=0 detail=ok
[2026-09-26T12:50:42.998Z] I (587587) RouteLoom: HIL PROBE tx peer=2 type=40 status=0 detail=ok
[2026-09-26T12:50:43.773Z] I (588359) RouteLoom: HIL LINK tx peer=2 type=32 cid=3725696001 seq=116
[2026-09-26T12:50:44.999Z] I (589588) RouteLoom: HIL PROBE tx peer=2 type=40 status=0 detail=ok
[2026-09-26T12:50:47.001Z] I (591590) RouteLoom: HIL PROBE tx peer=2 type=40 status=0 detail=ok
[2026-09-26T12:50:48.776Z] I (593361) RouteLoom: HIL LINK tx peer=2 type=32 cid=3725696001 seq=117
[2026-09-26T12:50:49.002Z] I (593591) RouteLoom: HIL PROBE tx peer=2 type=40 status=0 detail=ok
[2026-09-26T12:50:51.005Z] I (595593) RouteLoom: HIL PROBE tx peer=2 type=40 status=0 detail=ok
[2026-09-26T12:50:51.113Z] I (595700) RouteLoom: HIL LINK tx peer=2 type=32 cid=3725696001 seq=118
[2026-09-26T12:50:53.007Z] I (597596) RouteLoom: HIL PROBE tx peer=2 type=40 status=0 detail=ok
[2026-09-26T12:50:53.774Z] I (598363) RouteLoom: HIL LINK tx peer=2 type=32 cid=3725696001 seq=119
[2026-09-26T12:50:55.009Z] I (599598) RouteLoom: HIL PROBE tx peer=2 type=40 status=0 detail=ok
[2026-09-26T12:50:55.824Z] I (600413) RouteLoom: stack hwm main 11076 B
[2026-09-26T12:50:55.825Z] I (600413) RouteLoom: HIL HEAP free=22184 largest=19456 min=21408 B
[2026-09-26T12:50:55.836Z] I (600414) RouteLoom: HIL DISCOVERY candidates=0 neighbors=1 capacity=0 auth=5 stale=1 probes=48 send_failures=1 kind_rejects=3
[2026-09-26T12:50:55.842Z] I (600424) RouteLoom: HIL ROUTE peer=1 phase=-1 via=0 metric=0 generation=0 seq=0
[2026-09-26T12:50:55.852Z] I (600431) RouteLoom: HIL ROUTE peer=2 phase=5 via=0 metric=0 generation=0 seq=0
[2026-09-26T12:50:57.012Z] I (601601) RouteLoom: HIL PROBE tx peer=2 type=40 status=0 detail=ok
[2026-09-26T12:50:58.775Z] I (603364) RouteLoom: HIL LINK tx peer=2 type=32 cid=3725696001 seq=120
[2026-09-26T12:50:58.993Z] I (603580) RouteLoomRef: discovery event=STALE peer=2
[2026-09-26T12:50:58.993Z] W (603580) RouteLoomRef: diagnostic reason=STALE peer=2 message=none
[2026-09-26T12:50:59.014Z] I (603602) RouteLoom: HIL LR250 peer=94:a9:90:7a:b5:60 result=ESP_OK
[2026-09-26T12:50:59.017Z] I (603604) RouteLoom: HIL PROBE tx peer=2 type=40 status=0 detail=ok
[2026-09-26T12:51:00.992Z] I (605581) RouteLoomRef: discovery event=REDISCOVERY peer=2
[2026-09-26T12:51:00.993Z] W (605581) RouteLoomRef: diagnostic reason=REDISCOVERY peer=2 message=none
[2026-09-26T12:51:02.085Z] I (606674) RouteLoom: HIL LR250 peer=94:a9:90:7a:b5:60 result=ESP_OK
[2026-09-26T12:51:02.086Z] I (606675) RouteLoom: HIL RLD1 tx claimed=3 phase=5 step=1
[2026-09-26T12:51:02.091Z] W (606678) ESPNOW: Peer exists. Please call API esp_now_mod_peer()!
[2026-09-26T12:51:02.099Z] I (606681) RouteLoom: HIL LR250 peer=94:a9:90:7a:b5:60 result=ESP_OK
[2026-09-26T12:51:02.535Z] I (607123) RouteLoomRef: discovery event=REDISCOVERY peer=2
[2026-09-26T12:51:02.535Z] W (607123) RouteLoomRef: diagnostic reason=REDISCOVERY peer=2 message=none
[2026-09-26T12:51:02.585Z] I (607173) RouteLoom: HIL LR250 peer=94:a9:90:7a:b5:60 result=ESP_OK
[2026-09-26T12:51:02.590Z] I (607174) RouteLoom: HIL RLD1 tx claimed=3 phase=5 step=1
[2026-09-26T12:51:02.590Z] W (607177) ESPNOW: Peer exists. Please call API esp_now_mod_peer()!
[2026-09-26T12:51:02.597Z] I (607180) RouteLoom: HIL LR250 peer=94:a9:90:7a:b5:60 result=ESP_OK
[2026-09-26T12:51:02.610Z] I (607199) RouteLoom: HIL RLD1 rx claimed=2 phase=5 step=2
[2026-09-26T12:51:03.085Z] I (607673) RouteLoom: HIL LR250 peer=94:a9:90:7a:b5:60 result=ESP_OK
[2026-09-26T12:51:03.087Z] I (607674) RouteLoom: HIL RLD1 tx claimed=3 phase=5 step=1
[2026-09-26T12:51:03.091Z] W (607677) ESPNOW: Peer exists. Please call API esp_now_mod_peer()!
[2026-09-26T12:51:03.097Z] I (607680) RouteLoom: HIL LR250 peer=94:a9:90:7a:b5:60 result=ESP_OK
[2026-09-26T12:51:03.113Z] I (607702) RouteLoom: HIL RLD1 rx claimed=2 phase=5 step=2
[2026-09-26T12:51:03.585Z] I (608174) RouteLoom: HIL LR250 peer=94:a9:90:7a:b5:60 result=ESP_OK
[2026-09-26T12:51:03.586Z] I (608175) RouteLoom: HIL RLD1 tx claimed=3 phase=5 step=1
[2026-09-26T12:51:03.592Z] W (608178) ESPNOW: Peer exists. Please call API esp_now_mod_peer()!
[2026-09-26T12:51:03.598Z] I (608181) RouteLoom: HIL LR250 peer=94:a9:90:7a:b5:60 result=ESP_OK
[2026-09-26T12:51:03.605Z] I (608194) RouteLoom: HIL RLD1 rx claimed=2 phase=5 step=2
[2026-09-26T12:51:03.611Z] I (608199) RouteLoom: HIL LR250 peer=94:a9:90:7a:b5:60 result=ESP_OK
[2026-09-26T12:51:03.614Z] I (608200) RouteLoom: HIL RLD1 tx claimed=3 phase=5 step=3
[2026-09-26T12:51:03.620Z] W (608204) ESPNOW: Peer exists. Please call API esp_now_mod_peer()!
[2026-09-26T12:51:03.626Z] I (608209) RouteLoom: HIL LR250 peer=94:a9:90:7a:b5:60 result=ESP_OK
[2026-09-26T12:51:03.632Z] I (608217) RouteLoom: HIL PROBE tx peer=2 type=40 status=0 detail=ok
[2026-09-26T12:51:03.637Z] I (608222) RouteLoom: HIL RLD1 rx claimed=2 phase=5 step=2
[2026-09-26T12:51:03.645Z] I (608231) RouteLoom: HIL LINK rx peer=2 type=40 cid=1513590881 current=0 status=5 seq=7
[2026-09-26T12:51:03.651Z] I (608238) RouteLoom: HIL PROBE tx peer=2 type=41 status=0 detail=ok
[2026-09-26T12:51:03.659Z] I (608242) RouteLoom: HIL LINK rx peer=2 type=41 cid=1513590881 current=0 status=5 seq=8
[2026-09-26T12:51:03.664Z] I (608250) RouteLoomRef: discovery event=REACHABLE peer=2
[2026-09-26T12:51:03.671Z] W (608253) RouteLoomRef: diagnostic reason=REACHABLE peer=2 message=none
[2026-09-26T12:51:03.677Z] I (608263) RouteLoom: HIL LINK tx peer=2 type=32 cid=1959251031 seq=121
[2026-09-26T12:51:03.707Z] I (608296) RouteLoom: HIL LINK tx peer=2 type=32 cid=1959251031 seq=122
[2026-09-26T12:51:03.710Z] I (608297) RouteLoom: HIL LINK rx peer=2 type=32 cid=1513590881 current=0 status=5 seq=9
[2026-09-26T12:51:03.719Z] W (608301) RouteLoomRef: diagnostic reason=PEER_RESTARTED_ROUTES_FLUSHED peer=2 message=none
[2026-09-26T12:51:04.110Z] I (608694) RouteLoom: HIL RLD1 tx claimed=3 phase=5 step=3
[2026-09-26T12:51:04.606Z] I (609195) RouteLoom: HIL RLD1 tx claimed=3 phase=5 step=3
[2026-09-26T12:51:04.715Z] I (609304) RouteLoom: HIL LINK tx peer=2 type=32 cid=1959251031 seq=123
[2026-09-26T12:51:04.733Z] I (609320) RouteLoom: HIL LINK rx peer=2 type=32 cid=1513590881 current=0 status=5 seq=11
[2026-09-26T12:51:04.812Z] I (609401) RouteLoom: HIL LINK rx peer=2 type=16 cid=1513590881 current=0 status=5 seq=62
[2026-09-26T12:51:04.815Z] I (609404) RouteLoomRef: message origin=1 session=303 sequence=62 bytes=4
[2026-09-26T12:51:04.821Z] I (609407) RouteLoom: HIL LINK tx peer=2 type=17 cid=1959251031 seq=62
[2026-09-26T12:51:04.830Z] I (609418) RouteLoom: HIL LINK tx peer=2 type=18 cid=1959251031 seq=62
[2026-09-26T12:51:04.850Z] I (609438) RouteLoom: HIL LINK rx peer=2 type=17 cid=1513590881 current=0 status=5 seq=62
[2026-09-26T12:51:05.106Z] I (609695) RouteLoom: HIL RLD1 tx claimed=3 phase=5 step=3
[2026-09-26T12:51:06.171Z] I (610759) RouteLoom: HIL LINK rx peer=2 type=32 cid=1513590881 current=0 status=5 seq=12
[2026-09-26T12:51:08.657Z] I (613246) RouteLoom: HIL LINK tx peer=2 type=32 cid=1959251031 seq=124
[2026-09-26T12:51:11.173Z] I (615761) RouteLoom: HIL LINK rx peer=2 type=32 cid=1513590881 current=0 status=5 seq=14
[2026-09-26T12:51:13.656Z] I (618244) RouteLoom: HIL PROBE tx peer=2 type=40 status=0 detail=ok
[2026-09-26T12:51:13.664Z] I (618253) RouteLoom: HIL LINK tx peer=2 type=32 cid=1959251031 seq=125
[2026-09-26T12:51:13.670Z] I (618259) RouteLoom: HIL LINK rx peer=2 type=40 cid=1513590881 current=0 status=5 seq=11
[2026-09-26T12:51:13.676Z] I (618262) RouteLoom: HIL PROBE tx peer=2 type=41 status=6 detail=reserved DATA TX in flight to peer
[2026-09-26T12:51:16.176Z] I (620764) RouteLoom: HIL LINK rx peer=2 type=32 cid=1513590881 current=0 status=5 seq=16
[2026-09-26T12:51:18.662Z] I (623251) RouteLoom: HIL LINK tx peer=2 type=32 cid=1959251031 seq=126
[2026-09-26T12:51:21.179Z] I (625766) RouteLoom: HIL LINK rx peer=2 type=32 cid=1513590881 current=0 status=5 seq=18
[2026-09-26T12:51:23.665Z] I (628252) RouteLoom: HIL LINK tx peer=2 type=32 cid=1959251031 seq=127
[2026-09-26T12:51:23.675Z] I (628262) RouteLoom: HIL PROBE tx peer=2 type=40 status=0 detail=ok
[2026-09-26T12:51:23.680Z] I (628267) RouteLoom: HIL LINK rx peer=2 type=40 cid=1513590881 current=0 status=5 seq=14
[2026-09-26T12:51:23.687Z] I (628271) RouteLoom: HIL PROBE tx peer=2 type=41 status=6 detail=autonomy TX already in flight to peer
[2026-09-26T12:51:23.702Z] I (628290) RouteLoom: HIL LINK rx peer=2 type=41 cid=1513590881 current=0 status=5 seq=15
[2026-09-26T12:51:26.183Z] I (630771) RouteLoom: HIL LINK rx peer=2 type=32 cid=1513590881 current=0 status=5 seq=20
[2026-09-26T12:51:28.663Z] I (633252) RouteLoom: HIL LINK tx peer=2 type=32 cid=1959251031 seq=128
[2026-09-26T12:51:31.187Z] I (635774) RouteLoom: HIL LINK rx peer=2 type=32 cid=1513590881 current=0 status=5 seq=22
[2026-09-26T12:51:33.666Z] I (638254) RouteLoom: HIL LINK tx peer=2 type=32 cid=1959251031 seq=129
[2026-09-26T12:51:33.697Z] I (638285) RouteLoom: HIL LINK rx peer=2 type=40 cid=1513590881 current=0 status=5 seq=17
[2026-09-26T12:51:33.701Z] I (638289) RouteLoom: HIL PROBE tx peer=2 type=41 status=0 detail=ok
[2026-09-26T12:51:34.599Z] I (639186) RouteLoom: HIL LINK rx peer=2 type=16 cid=1513590881 current=0 status=5 seq=63
[2026-09-26T12:51:34.603Z] I (639189) RouteLoomRef: message origin=1 session=303 sequence=63 bytes=4
[2026-09-26T12:51:34.610Z] I (639193) RouteLoom: HIL LINK tx peer=2 type=17 cid=1959251031 seq=63
[2026-09-26T12:51:34.621Z] I (639204) RouteLoom: HIL LINK tx peer=2 type=18 cid=1959251031 seq=63
[2026-09-26T12:51:34.637Z] I (639225) RouteLoom: HIL LINK rx peer=2 type=17 cid=1513590881 current=0 status=5 seq=63
[2026-09-26T12:51:36.192Z] I (640778) RouteLoom: HIL LINK rx peer=2 type=32 cid=1513590881 current=0 status=5 seq=24
[2026-09-26T12:51:38.666Z] I (643255) RouteLoom: HIL LINK tx peer=2 type=32 cid=1959251031 seq=130
[2026-09-26T12:51:41.192Z] I (645780) RouteLoom: HIL LINK rx peer=2 type=32 cid=1513590881 current=0 status=5 seq=26
[2026-09-26T12:51:43.668Z] I (648257) RouteLoom: HIL LINK tx peer=2 type=32 cid=1959251031 seq=131
[2026-09-26T12:51:43.700Z] I (648288) RouteLoom: HIL PROBE tx peer=2 type=40 status=0 detail=ok
[2026-09-26T12:51:43.717Z] I (648305) RouteLoom: HIL LINK rx peer=2 type=41 cid=1513590881 current=0 status=5 seq=19
[2026-09-26T12:51:46.193Z] I (650781) RouteLoom: HIL LINK rx peer=2 type=32 cid=1513590881 current=0 status=5 seq=28
[2026-09-26T12:51:48.669Z] I (653258) RouteLoom: HIL LINK tx peer=2 type=32 cid=1959251031 seq=132
[2026-09-26T12:51:51.193Z] I (655781) RouteLoom: HIL LINK rx peer=2 type=32 cid=1513590881 current=0 status=5 seq=30
[2026-09-26T12:51:53.670Z] I (658258) RouteLoom: HIL LINK tx peer=2 type=32 cid=1959251031 seq=133
[2026-09-26T12:51:53.716Z] I (658303) RouteLoom: HIL LINK rx peer=2 type=40 cid=1513590881 current=0 status=5 seq=21
[2026-09-26T12:51:53.719Z] I (658307) RouteLoom: HIL PROBE tx peer=2 type=41 status=0 detail=ok
[2026-09-26T12:51:55.825Z] I (660413) RouteLoom: stack hwm main 10996 B
[2026-09-26T12:51:55.826Z] I (660413) RouteLoom: HIL HEAP free=22184 largest=19456 min=21408 B
[2026-09-26T12:51:55.835Z] I (660414) RouteLoom: HIL DISCOVERY candidates=0 neighbors=1 capacity=0 auth=6 stale=2 probes=54 send_failures=3 kind_rejects=4
[2026-09-26T12:51:55.843Z] I (660424) RouteLoom: HIL ROUTE peer=1 phase=-1 via=2 metric=2 generation=303 seq=5
[2026-09-26T12:51:55.850Z] I (660431) RouteLoom: HIL ROUTE peer=2 phase=5 via=2 metric=1 generation=277 seq=1
[2026-09-26T12:51:56.194Z] I (660781) RouteLoom: HIL LINK rx peer=2 type=32 cid=1513590881 current=0 status=5 seq=32
[2026-09-26T12:51:58.671Z] I (663259) RouteLoom: HIL LINK tx peer=2 type=32 cid=1959251031 seq=134
[2026-09-26T12:52:01.194Z] I (665782) RouteLoom: HIL LINK rx peer=2 type=32 cid=1513590881 current=0 status=5 seq=34
[2026-09-26T12:52:03.672Z] I (668260) RouteLoom: HIL LINK tx peer=2 type=32 cid=1959251031 seq=135
[2026-09-26T12:52:03.718Z] I (668306) RouteLoom: HIL PROBE tx peer=2 type=40 status=0 detail=ok
[2026-09-26T12:52:03.735Z] I (668323) RouteLoom: HIL LINK rx peer=2 type=41 cid=1513590881 current=0 status=5 seq=23
[2026-09-26T12:52:04.558Z] I (669145) RouteLoom: HIL LINK rx peer=2 type=16 cid=1513590881 current=0 status=5 seq=64
[2026-09-26T12:52:04.561Z] I (669148) RouteLoomRef: message origin=1 session=303 sequence=64 bytes=4
[2026-09-26T12:52:04.567Z] I (669152) RouteLoom: HIL LINK tx peer=2 type=17 cid=1959251031 seq=64
[2026-09-26T12:52:04.575Z] I (669163) RouteLoom: HIL LINK tx peer=2 type=18 cid=1959251031 seq=64
[2026-09-26T12:52:04.607Z] I (669194) RouteLoom: HIL LINK rx peer=2 type=17 cid=1513590881 current=0 status=5 seq=64
[2026-09-26T12:52:06.196Z] I (670784) RouteLoom: HIL LINK rx peer=2 type=32 cid=1513590881 current=0 status=5 seq=36
[2026-09-26T12:52:08.674Z] I (673262) RouteLoom: HIL LINK tx peer=2 type=32 cid=1959251031 seq=136
[2026-09-26T12:52:11.196Z] I (675784) RouteLoom: HIL LINK rx peer=2 type=32 cid=1513590881 current=0 status=5 seq=38
[2026-09-26T12:52:13.674Z] I (678262) RouteLoom: HIL LINK tx peer=2 type=32 cid=1959251031 seq=137
[2026-09-26T12:52:13.736Z] I (678323) RouteLoom: HIL LINK rx peer=2 type=40 cid=1513590881 current=0 status=5 seq=25
[2026-09-26T12:52:13.739Z] I (678327) RouteLoom: HIL PROBE tx peer=2 type=41 status=0 detail=ok
[2026-09-26T12:52:16.198Z] I (680785) RouteLoom: HIL LINK rx peer=2 type=32 cid=1513590881 current=0 status=5 seq=40
[2026-09-26T12:52:18.675Z] I (683263) RouteLoom: HIL LINK tx peer=2 type=32 cid=1959251031 seq=138
[2026-09-26T12:52:21.199Z] I (685786) RouteLoom: HIL LINK rx peer=2 type=32 cid=1513590881 current=0 status=5 seq=42
[2026-09-26T12:52:23.676Z] I (688264) RouteLoom: HIL LINK tx peer=2 type=32 cid=1959251031 seq=139
[2026-09-26T12:52:23.737Z] I (688325) RouteLoom: HIL PROBE tx peer=2 type=40 status=0 detail=ok
[2026-09-26T12:52:23.760Z] I (688348) RouteLoom: HIL LINK rx peer=2 type=41 cid=1513590881 current=0 status=5 seq=27
[2026-09-26T12:52:26.201Z] I (690788) RouteLoom: HIL LINK rx peer=2 type=32 cid=1513590881 current=0 status=5 seq=44
[2026-09-26T12:52:28.678Z] I (693266) RouteLoom: HIL LINK tx peer=2 type=32 cid=1959251031 seq=140
[2026-09-26T12:52:31.205Z] I (695792) RouteLoom: HIL LINK rx peer=2 type=32 cid=1513590881 current=0 status=5 seq=46
[2026-09-26T12:52:33.679Z] I (698266) RouteLoom: HIL LINK tx peer=2 type=32 cid=1959251031 seq=141
[2026-09-26T12:52:33.754Z] I (698341) RouteLoom: HIL LINK rx peer=2 type=40 cid=1513590881 current=0 status=5 seq=29
[2026-09-26T12:52:33.758Z] I (698345) RouteLoom: HIL PROBE tx peer=2 type=41 status=0 detail=ok
[2026-09-26T12:52:34.557Z] I (699144) RouteLoom: HIL LINK rx peer=2 type=16 cid=1513590881 current=0 status=5 seq=65
[2026-09-26T12:52:34.560Z] I (699148) RouteLoomRef: message origin=1 session=303 sequence=65 bytes=4
[2026-09-26T12:52:34.566Z] I (699151) RouteLoom: HIL LINK tx peer=2 type=17 cid=1959251031 seq=65
[2026-09-26T12:52:34.575Z] I (699162) RouteLoom: HIL LINK tx peer=2 type=18 cid=1959251031 seq=65
[2026-09-26T12:52:34.596Z] I (699183) RouteLoom: HIL LINK rx peer=2 type=17 cid=1513590881 current=0 status=5 seq=65
[2026-09-26T12:52:36.203Z] I (700790) RouteLoom: HIL LINK rx peer=2 type=32 cid=1513590881 current=0 status=5 seq=48
[2026-09-26T12:52:38.680Z] I (703268) RouteLoom: HIL LINK tx peer=2 type=32 cid=1959251031 seq=142
[2026-09-26T12:52:41.204Z] I (705791) RouteLoom: HIL LINK rx peer=2 type=32 cid=1513590881 current=0 status=5 seq=50
[2026-09-26T12:52:43.681Z] I (708269) RouteLoom: HIL LINK tx peer=2 type=32 cid=1959251031 seq=143
[2026-09-26T12:52:43.757Z] I (708345) RouteLoom: HIL PROBE tx peer=2 type=40 status=0 detail=ok
[2026-09-26T12:52:43.776Z] I (708363) RouteLoom: HIL LINK rx peer=2 type=41 cid=1513590881 current=0 status=5 seq=31
[2026-09-26T12:52:46.207Z] I (710794) RouteLoom: HIL LINK rx peer=2 type=32 cid=1513590881 current=0 status=5 seq=52
[2026-09-26T12:52:48.681Z] I (713268) RouteLoom: HIL LINK tx peer=2 type=32 cid=1959251031 seq=144
[2026-09-26T12:52:51.208Z] I (715795) RouteLoom: HIL LINK rx peer=2 type=32 cid=1513590881 current=0 status=5 seq=54
[2026-09-26T12:52:53.682Z] I (718269) RouteLoom: HIL LINK tx peer=2 type=32 cid=1959251031 seq=145
[2026-09-26T12:52:53.773Z] I (718360) RouteLoom: HIL LINK rx peer=2 type=40 cid=1513590881 current=0 status=5 seq=33
[2026-09-26T12:52:53.777Z] I (718364) RouteLoom: HIL PROBE tx peer=2 type=41 status=0 detail=ok
[2026-09-26T12:52:55.826Z] I (720413) RouteLoom: stack hwm main 10996 B
[2026-09-26T12:52:55.829Z] I (720413) RouteLoom: HIL HEAP free=22184 largest=19456 min=21408 B
[2026-09-26T12:52:55.836Z] I (720414) RouteLoom: HIL DISCOVERY candidates=0 neighbors=1 capacity=0 auth=6 stale=2 probes=57 send_failures=3 kind_rejects=4
[2026-09-26T12:52:55.843Z] I (720424) RouteLoom: HIL ROUTE peer=1 phase=-1 via=2 metric=2 generation=303 seq=5
[2026-09-26T12:52:55.850Z] I (720431) RouteLoom: HIL ROUTE peer=2 phase=5 via=2 metric=1 generation=277 seq=1
[2026-09-26T12:52:56.209Z] I (720796) RouteLoom: HIL LINK rx peer=2 type=32 cid=1513590881 current=0 status=5 seq=56
[2026-09-26T12:52:58.689Z] I (723270) RouteLoom: HIL LINK tx peer=2 type=32 cid=1959251031 seq=146
[2026-09-26T12:53:01.210Z] I (725797) RouteLoom: HIL LINK rx peer=2 type=32 cid=1513590881 current=0 status=5 seq=58
[2026-09-26T12:53:03.684Z] I (728271) RouteLoom: HIL LINK tx peer=2 type=32 cid=1959251031 seq=147
[2026-09-26T12:53:03.776Z] I (728363) RouteLoom: HIL PROBE tx peer=2 type=40 status=0 detail=ok
[2026-09-26T12:53:03.797Z] I (728381) RouteLoom: HIL LINK rx peer=2 type=41 cid=1513590881 current=0 status=5 seq=35
[2026-09-26T12:53:04.559Z] I (729146) RouteLoom: HIL LINK rx peer=2 type=16 cid=1513590881 current=0 status=5 seq=66
[2026-09-26T12:53:04.564Z] I (729149) RouteLoomRef: message origin=1 session=303 sequence=66 bytes=4
[2026-09-26T12:53:04.568Z] I (729153) RouteLoom: HIL LINK tx peer=2 type=17 cid=1959251031 seq=66
[2026-09-26T12:53:04.578Z] I (729165) RouteLoom: HIL LINK tx peer=2 type=18 cid=1959251031 seq=66
[2026-09-26T12:53:04.600Z] I (729187) RouteLoom: HIL LINK rx peer=2 type=17 cid=1513590881 current=0 status=5 seq=66
[2026-09-26T12:53:06.214Z] I (730799) RouteLoom: HIL LINK rx peer=2 type=32 cid=1513590881 current=0 status=5 seq=60
[2026-09-26T12:53:08.687Z] I (733274) RouteLoom: HIL LINK tx peer=2 type=32 cid=1959251031 seq=148
[2026-09-26T12:53:11.215Z] I (735801) RouteLoom: HIL LINK rx peer=2 type=32 cid=1513590881 current=0 status=5 seq=62
[2026-09-26T12:53:13.689Z] I (738275) RouteLoom: HIL LINK tx peer=2 type=32 cid=1959251031 seq=149
[2026-09-26T12:53:13.792Z] I (738378) RouteLoom: HIL LINK rx peer=2 type=40 cid=1513590881 current=0 status=5 seq=37
[2026-09-26T12:53:13.796Z] I (738382) RouteLoom: HIL PROBE tx peer=2 type=41 status=0 detail=ok
[2026-09-26T12:53:16.215Z] I (740802) RouteLoom: HIL LINK rx peer=2 type=32 cid=1513590881 current=0 status=5 seq=64
[2026-09-26T12:53:18.690Z] I (743276) RouteLoom: HIL LINK tx peer=2 type=32 cid=1959251031 seq=150
[2026-09-26T12:53:21.217Z] I (745803) RouteLoom: HIL LINK rx peer=2 type=32 cid=1513590881 current=0 status=5 seq=66
[2026-09-26T12:53:23.691Z] I (748277) RouteLoom: HIL LINK tx peer=2 type=32 cid=1959251031 seq=151
[2026-09-26T12:53:23.794Z] I (748381) RouteLoom: HIL PROBE tx peer=2 type=40 status=0 detail=ok
[2026-09-26T12:53:23.813Z] I (748399) RouteLoom: HIL LINK rx peer=2 type=41 cid=1513590881 current=0 status=5 seq=39
[2026-09-26T12:53:26.217Z] I (750803) RouteLoom: HIL LINK rx peer=2 type=32 cid=1513590881 current=0 status=5 seq=68
[2026-09-26T12:53:28.691Z] I (753277) RouteLoom: HIL LINK tx peer=2 type=32 cid=1959251031 seq=152
[2026-09-26T12:53:31.218Z] I (755804) RouteLoom: HIL LINK rx peer=2 type=32 cid=1513590881 current=0 status=5 seq=70
[2026-09-26T12:53:33.692Z] I (758278) RouteLoom: HIL LINK tx peer=2 type=32 cid=1959251031 seq=153
[2026-09-26T12:53:33.810Z] I (758396) RouteLoom: HIL LINK rx peer=2 type=40 cid=1513590881 current=0 status=5 seq=41
[2026-09-26T12:53:33.814Z] I (758400) RouteLoom: HIL PROBE tx peer=2 type=41 status=0 detail=ok
[2026-09-26T12:53:34.558Z] I (759144) RouteLoom: HIL LINK rx peer=2 type=16 cid=1513590881 current=0 status=5 seq=67
[2026-09-26T12:53:34.560Z] I (759147) RouteLoomRef: message origin=1 session=303 sequence=67 bytes=4
[2026-09-26T12:53:34.567Z] I (759151) RouteLoom: HIL LINK tx peer=2 type=17 cid=1959251031 seq=67
[2026-09-26T12:53:34.575Z] I (759162) RouteLoom: HIL LINK tx peer=2 type=18 cid=1959251031 seq=67
[2026-09-26T12:53:34.595Z] I (759182) RouteLoom: HIL LINK rx peer=2 type=17 cid=1513590881 current=0 status=5 seq=67
[2026-09-26T12:53:36.219Z] I (760805) RouteLoom: HIL LINK rx peer=2 type=32 cid=1513590881 current=0 status=5 seq=72
[2026-09-26T12:53:38.693Z] I (763280) RouteLoom: HIL LINK tx peer=2 type=32 cid=1959251031 seq=154
[2026-09-26T12:53:41.221Z] I (765807) RouteLoom: HIL LINK rx peer=2 type=32 cid=1513590881 current=0 status=5 seq=74
[2026-09-26T12:53:43.695Z] I (768281) RouteLoom: HIL LINK tx peer=2 type=32 cid=1959251031 seq=155
[2026-09-26T12:53:43.813Z] I (768400) RouteLoom: HIL PROBE tx peer=2 type=40 status=0 detail=ok
[2026-09-26T12:53:43.832Z] I (768418) RouteLoom: HIL LINK rx peer=2 type=41 cid=1513590881 current=0 status=5 seq=43
[2026-09-26T12:53:46.224Z] I (770810) RouteLoom: HIL LINK rx peer=2 type=32 cid=1513590881 current=0 status=5 seq=76
[2026-09-26T12:53:48.695Z] I (773282) RouteLoom: HIL LINK tx peer=2 type=32 cid=1959251031 seq=156
[2026-09-26T12:53:51.225Z] I (775811) RouteLoom: HIL LINK rx peer=2 type=32 cid=1513590881 current=0 status=5 seq=78
[2026-09-26T12:53:53.696Z] I (778283) RouteLoom: HIL LINK tx peer=2 type=32 cid=1959251031 seq=157
[2026-09-26T12:53:53.829Z] I (778415) RouteLoom: HIL LINK rx peer=2 type=40 cid=1513590881 current=0 status=5 seq=45
[2026-09-26T12:53:53.833Z] I (778419) RouteLoom: HIL PROBE tx peer=2 type=41 status=0 detail=ok
[2026-09-26T12:53:55.827Z] I (780414) RouteLoom: stack hwm main 10996 B
[2026-09-26T12:53:55.828Z] I (780414) RouteLoom: HIL HEAP free=22184 largest=19456 min=21408 B
[2026-09-26T12:53:55.838Z] I (780415) RouteLoom: HIL DISCOVERY candidates=0 neighbors=1 capacity=0 auth=6 stale=2 probes=60 send_failures=3 kind_rejects=4
[2026-09-26T12:53:55.845Z] I (780425) RouteLoom: HIL ROUTE peer=1 phase=-1 via=2 metric=2 generation=303 seq=5
[2026-09-26T12:53:55.852Z] I (780432) RouteLoom: HIL ROUTE peer=2 phase=5 via=2 metric=1 generation=277 seq=1
[2026-09-26T12:53:56.226Z] I (780812) RouteLoom: HIL LINK rx peer=2 type=32 cid=1513590881 current=0 status=5 seq=80
[2026-09-26T12:53:58.697Z] I (783284) RouteLoom: HIL LINK tx peer=2 type=32 cid=1959251031 seq=158
[2026-09-26T12:54:01.227Z] I (785813) RouteLoom: HIL LINK rx peer=2 type=32 cid=1513590881 current=0 status=5 seq=82
[2026-09-26T12:54:03.698Z] I (788285) RouteLoom: HIL LINK tx peer=2 type=32 cid=1959251031 seq=159
[2026-09-26T12:54:03.831Z] I (788418) RouteLoom: HIL PROBE tx peer=2 type=40 status=0 detail=ok
[2026-09-26T12:54:03.850Z] I (788436) RouteLoom: HIL LINK rx peer=2 type=41 cid=1513590881 current=0 status=5 seq=47
[2026-09-26T12:54:04.554Z] I (789141) RouteLoom: HIL LINK rx peer=2 type=16 cid=1513590881 current=0 status=5 seq=68
[2026-09-26T12:54:04.557Z] I (789144) RouteLoomRef: message origin=1 session=303 sequence=68 bytes=4
[2026-09-26T12:54:04.564Z] I (789147) RouteLoom: HIL LINK tx peer=2 type=17 cid=1959251031 seq=68
[2026-09-26T12:54:04.572Z] I (789159) RouteLoom: HIL LINK tx peer=2 type=18 cid=1959251031 seq=68
[2026-09-26T12:54:04.594Z] I (789180) RouteLoom: HIL LINK rx peer=2 type=17 cid=1513590881 current=0 status=5 seq=68
[2026-09-26T12:54:06.228Z] I (790815) RouteLoom: HIL LINK rx peer=2 type=32 cid=1513590881 current=0 status=5 seq=84
[2026-09-26T12:54:08.699Z] I (793286) RouteLoom: HIL LINK tx peer=2 type=32 cid=1959251031 seq=160
[2026-09-26T12:54:11.229Z] I (795816) RouteLoom: HIL LINK rx peer=2 type=32 cid=1513590881 current=0 status=5 seq=86
[2026-09-26T12:54:13.700Z] I (798287) RouteLoom: HIL LINK tx peer=2 type=32 cid=1959251031 seq=161
[2026-09-26T12:54:13.848Z] I (798434) RouteLoom: HIL LINK rx peer=2 type=40 cid=1513590881 current=0 status=5 seq=49
[2026-09-26T12:54:13.852Z] I (798438) RouteLoom: HIL PROBE tx peer=2 type=41 status=0 detail=ok
[2026-09-26T12:54:16.231Z] I (800817) RouteLoom: HIL LINK rx peer=2 type=32 cid=1513590881 current=0 status=5 seq=88
[2026-09-26T12:54:18.701Z] I (803288) RouteLoom: HIL LINK tx peer=2 type=32 cid=1959251031 seq=162
[2026-09-26T12:54:21.231Z] I (805817) RouteLoom: HIL LINK rx peer=2 type=32 cid=1513590881 current=0 status=5 seq=90
[2026-09-26T12:54:23.702Z] I (808288) RouteLoom: HIL LINK tx peer=2 type=32 cid=1959251031 seq=163
[2026-09-26T12:54:23.850Z] I (808437) RouteLoom: HIL PROBE tx peer=2 type=40 status=0 detail=ok
[2026-09-26T12:54:23.869Z] I (808455) RouteLoom: HIL LINK rx peer=2 type=41 cid=1513590881 current=0 status=5 seq=51
[2026-09-26T12:54:26.231Z] I (810817) RouteLoom: HIL LINK rx peer=2 type=32 cid=1513590881 current=0 status=5 seq=92
[2026-09-26T12:54:28.703Z] I (813289) RouteLoom: HIL LINK tx peer=2 type=32 cid=1959251031 seq=164
[2026-09-26T12:54:31.234Z] I (815820) RouteLoom: HIL LINK rx peer=2 type=32 cid=1513590881 current=0 status=5 seq=94
[2026-09-26T12:54:33.705Z] I (818291) RouteLoom: HIL LINK tx peer=2 type=32 cid=1959251031 seq=165
[2026-09-26T12:54:33.868Z] I (818453) RouteLoom: HIL LINK rx peer=2 type=40 cid=1513590881 current=0 status=5 seq=53
[2026-09-26T12:54:33.871Z] I (818457) RouteLoom: HIL PROBE tx peer=2 type=41 status=0 detail=ok
[2026-09-26T12:54:34.558Z] I (819144) RouteLoom: HIL LINK rx peer=2 type=16 cid=1513590881 current=0 status=5 seq=69
[2026-09-26T12:54:34.562Z] I (819147) RouteLoomRef: message origin=1 session=303 sequence=69 bytes=4
[2026-09-26T12:54:34.568Z] I (819151) RouteLoom: HIL LINK tx peer=2 type=17 cid=1959251031 seq=69
[2026-09-26T12:54:34.576Z] I (819162) RouteLoom: HIL LINK tx peer=2 type=18 cid=1959251031 seq=69
[2026-09-26T12:54:34.598Z] I (819184) RouteLoom: HIL LINK rx peer=2 type=17 cid=1513590881 current=0 status=5 seq=69
[2026-09-26T12:54:36.238Z] I (820823) RouteLoom: HIL LINK rx peer=2 type=32 cid=1513590881 current=0 status=5 seq=96
[2026-09-26T12:54:38.705Z] I (823292) RouteLoom: HIL LINK tx peer=2 type=32 cid=1959251031 seq=166
[2026-09-26T12:54:41.239Z] I (825825) RouteLoom: HIL LINK rx peer=2 type=32 cid=1513590881 current=0 status=5 seq=98
[2026-09-26T12:54:43.707Z] I (828292) RouteLoom: HIL LINK tx peer=2 type=32 cid=1959251031 seq=167
[2026-09-26T12:54:43.870Z] I (828456) RouteLoom: HIL PROBE tx peer=2 type=40 status=0 detail=ok
[2026-09-26T12:54:43.889Z] I (828474) RouteLoom: HIL LINK rx peer=2 type=41 cid=1513590881 current=0 status=5 seq=55
[2026-09-26T12:54:46.239Z] I (830825) RouteLoom: HIL LINK rx peer=2 type=32 cid=1513590881 current=0 status=5 seq=100
[2026-09-26T12:54:48.707Z] I (833292) RouteLoom: HIL LINK tx peer=2 type=32 cid=1959251031 seq=168
[2026-09-26T12:54:51.241Z] I (835827) RouteLoom: HIL LINK rx peer=2 type=32 cid=1513590881 current=0 status=5 seq=102
[2026-09-26T12:54:53.710Z] I (838294) RouteLoom: HIL LINK tx peer=2 type=32 cid=1959251031 seq=169
[2026-09-26T12:54:53.887Z] I (838472) RouteLoom: HIL LINK rx peer=2 type=40 cid=1513590881 current=0 status=5 seq=57
[2026-09-26T12:54:53.891Z] I (838476) RouteLoom: HIL PROBE tx peer=2 type=41 status=0 detail=ok
[2026-09-26T12:54:55.828Z] I (840414) RouteLoom: stack hwm main 10996 B
[2026-09-26T12:54:55.828Z] I (840414) RouteLoom: HIL HEAP free=22184 largest=19456 min=21408 B
[2026-09-26T12:54:55.838Z] I (840415) RouteLoom: HIL DISCOVERY candidates=0 neighbors=1 capacity=0 auth=6 stale=2 probes=63 send_failures=3 kind_rejects=4
[2026-09-26T12:54:55.846Z] I (840425) RouteLoom: HIL ROUTE peer=1 phase=-1 via=2 metric=2 generation=303 seq=5
[2026-09-26T12:54:55.853Z] I (840432) RouteLoom: HIL ROUTE peer=2 phase=5 via=2 metric=1 generation=277 seq=1
[2026-09-26T12:54:56.244Z] I (840827) RouteLoom: HIL LINK rx peer=2 type=32 cid=1513590881 current=0 status=5 seq=104
[2026-09-26T12:54:58.710Z] I (843295) RouteLoom: HIL LINK tx peer=2 type=32 cid=1959251031 seq=170
[2026-09-26T12:55:01.242Z] I (845828) RouteLoom: HIL LINK rx peer=2 type=32 cid=1513590881 current=0 status=5 seq=106
[2026-09-26T12:55:03.711Z] I (848295) RouteLoom: HIL LINK tx peer=2 type=32 cid=1959251031 seq=171
[2026-09-26T12:55:03.888Z] I (848474) RouteLoom: HIL PROBE tx peer=2 type=40 status=0 detail=ok
[2026-09-26T12:55:03.907Z] I (848492) RouteLoom: HIL LINK rx peer=2 type=41 cid=1513590881 current=0 status=5 seq=59
[2026-09-26T12:55:04.557Z] I (849142) RouteLoom: HIL LINK rx peer=2 type=16 cid=1513590881 current=0 status=5 seq=70
[2026-09-26T12:55:04.560Z] I (849145) RouteLoomRef: message origin=1 session=303 sequence=70 bytes=4
[2026-09-26T12:55:04.566Z] I (849149) RouteLoom: HIL LINK tx peer=2 type=17 cid=1959251031 seq=70
[2026-09-26T12:55:04.575Z] I (849160) RouteLoom: HIL LINK tx peer=2 type=18 cid=1959251031 seq=70
[2026-09-26T12:55:04.595Z] I (849180) RouteLoom: HIL LINK rx peer=2 type=17 cid=1513590881 current=0 status=5 seq=70
[2026-09-26T12:55:06.244Z] I (850830) RouteLoom: HIL LINK rx peer=2 type=32 cid=1513590881 current=0 status=5 seq=108
[2026-09-26T12:55:08.712Z] I (853298) RouteLoom: HIL LINK tx peer=2 type=32 cid=1959251031 seq=172
[2026-09-26T12:55:11.245Z] I (855830) RouteLoom: HIL LINK rx peer=2 type=32 cid=1513590881 current=0 status=5 seq=110
[2026-09-26T12:55:13.713Z] I (858298) RouteLoom: HIL LINK tx peer=2 type=32 cid=1959251031 seq=173
[2026-09-26T12:55:13.905Z] I (858490) RouteLoom: HIL LINK rx peer=2 type=40 cid=1513590881 current=0 status=5 seq=61
[2026-09-26T12:55:13.908Z] I (858494) RouteLoom: HIL PROBE tx peer=2 type=41 status=0 detail=ok
[2026-09-26T12:55:16.244Z] I (860830) RouteLoom: HIL LINK rx peer=2 type=32 cid=1513590881 current=0 status=5 seq=112
[2026-09-26T12:55:18.715Z] I (863301) RouteLoom: HIL LINK tx peer=2 type=32 cid=1959251031 seq=174
[2026-09-26T12:55:21.245Z] I (865830) RouteLoom: HIL LINK rx peer=2 type=32 cid=1513590881 current=0 status=5 seq=114
[2026-09-26T12:55:23.716Z] I (868302) RouteLoom: HIL LINK tx peer=2 type=32 cid=1959251031 seq=175
[2026-09-26T12:55:23.906Z] I (868492) RouteLoom: HIL PROBE tx peer=2 type=40 status=0 detail=ok
[2026-09-26T12:55:23.923Z] I (868509) RouteLoom: HIL LINK rx peer=2 type=41 cid=1513590881 current=0 status=5 seq=63
[2026-09-26T12:55:26.244Z] I (870830) RouteLoom: HIL LINK rx peer=2 type=32 cid=1513590881 current=0 status=5 seq=116
[2026-09-26T12:55:28.718Z] I (873304) RouteLoom: HIL LINK tx peer=2 type=32 cid=1959251031 seq=176
[2026-09-26T12:55:31.247Z] I (875832) RouteLoom: HIL LINK rx peer=2 type=32 cid=1513590881 current=0 status=5 seq=118
[2026-09-26T12:55:33.720Z] I (878305) RouteLoom: HIL LINK tx peer=2 type=32 cid=1959251031 seq=177
[2026-09-26T12:55:33.923Z] I (878508) RouteLoom: HIL LINK rx peer=2 type=40 cid=1513590881 current=0 status=5 seq=65
[2026-09-26T12:55:33.927Z] I (878512) RouteLoom: HIL PROBE tx peer=2 type=41 status=0 detail=ok
[2026-09-26T12:55:34.555Z] I (879140) RouteLoom: HIL LINK rx peer=2 type=16 cid=1513590881 current=0 status=5 seq=71
[2026-09-26T12:55:34.559Z] I (879144) RouteLoomRef: message origin=1 session=303 sequence=71 bytes=4
[2026-09-26T12:55:34.565Z] I (879147) RouteLoom: HIL LINK tx peer=2 type=17 cid=1959251031 seq=71
[2026-09-26T12:55:34.573Z] I (879159) RouteLoom: HIL LINK tx peer=2 type=18 cid=1959251031 seq=71
[2026-09-26T12:55:34.593Z] I (879179) RouteLoom: HIL LINK rx peer=2 type=17 cid=1513590881 current=0 status=5 seq=71
[2026-09-26T12:55:36.248Z] I (880833) RouteLoom: HIL LINK rx peer=2 type=32 cid=1513590881 current=0 status=5 seq=120
[2026-09-26T12:55:38.722Z] I (883308) RouteLoom: HIL LINK tx peer=2 type=32 cid=1959251031 seq=178
[2026-09-26T12:55:38.855Z] I (883441) RouteLoom: HIL RLD1 rx claimed=2 phase=5 step=1
[2026-09-26T12:55:38.863Z] I (883448) RouteLoom: HIL RLD1 tx claimed=3 phase=5 step=2
[2026-09-26T12:55:38.883Z] I (883468) RouteLoom: HIL RLD1 rx claimed=2 phase=5 step=3
[2026-09-26T12:55:38.885Z] HIL resume R3 installed peer=2 tx=1568869485 rx=1348783630
[2026-09-26T12:55:38.888Z] I (883474) RouteLoom: HIL PROBE tx peer=2 type=40 status=0 detail=ok
[2026-09-26T12:55:38.902Z] I (883488) RouteLoom: HIL LINK rx peer=2 type=40 cid=1348783630 current=0 status=5 seq=1
[2026-09-26T12:55:38.906Z] I (883491) RouteLoom: HIL PROBE tx peer=2 type=41 status=0 detail=ok
[2026-09-26T12:55:38.920Z] I (883506) RouteLoom: HIL LINK rx peer=2 type=41 cid=1348783630 current=0 status=5 seq=2
[2026-09-26T12:55:38.922Z] I (883508) RouteLoomRef: discovery event=REACHABLE peer=2
[2026-09-26T12:55:38.928Z] W (883508) RouteLoomRef: diagnostic reason=REACHABLE peer=2 message=none
[2026-09-26T12:55:38.935Z] I (883517) RouteLoom: HIL LINK tx peer=2 type=32 cid=1568869485 seq=179
[2026-09-26T12:55:39.376Z] I (883962) RouteLoom: HIL RLD1 rx claimed=2 phase=5 step=3
[2026-09-26T12:55:39.377Z] HIL resume R3 no record peer=2
[2026-09-26T12:55:39.875Z] I (884461) RouteLoom: HIL RLD1 rx claimed=2 phase=5 step=3
[2026-09-26T12:55:39.876Z] HIL resume R3 no record peer=2
[2026-09-26T12:55:40.377Z] I (884963) RouteLoom: HIL RLD1 rx claimed=2 phase=5 step=3
[2026-09-26T12:55:40.379Z] HIL resume R3 no record peer=2
[2026-09-26T12:55:40.886Z] I (885471) RouteLoom: HIL LINK rx peer=2 type=40 cid=1348783630 current=0 status=5 seq=3
[2026-09-26T12:55:40.890Z] I (885475) RouteLoom: HIL PROBE tx peer=2 type=41 status=0 detail=ok
[2026-09-26T12:55:40.915Z] I (885500) RouteLoom: HIL LINK rx peer=2 type=32 cid=1348783630 current=0 status=5 seq=1
[2026-09-26T12:55:40.919Z] W (885502) RouteLoomRef: diagnostic reason=PEER_RESTARTED_ROUTES_FLUSHED peer=2 message=none
[2026-09-26T12:55:40.927Z] I (885511) RouteLoom: HIL LINK rx peer=2 type=32 cid=1348783630 current=0 status=5 seq=2
[2026-09-26T12:55:40.953Z] I (885539) RouteLoom: HIL LINK tx peer=2 type=32 cid=1568869485 seq=180
[2026-09-26T12:55:41.934Z] I (886519) RouteLoom: HIL LINK rx peer=2 type=32 cid=1348783630 current=0 status=5 seq=3
[2026-09-26T12:55:43.925Z] I (888511) RouteLoom: HIL LINK tx peer=2 type=32 cid=1568869485 seq=181
[2026-09-26T12:55:45.907Z] I (890492) RouteLoom: HIL LINK rx peer=2 type=32 cid=1348783630 current=0 status=5 seq=4
[2026-09-26T12:55:48.928Z] I (893513) RouteLoom: HIL LINK tx peer=2 type=32 cid=1568869485 seq=182
[2026-09-26T12:55:50.889Z] I (895474) RouteLoom: HIL PROBE tx peer=2 type=40 status=0 detail=ok
[2026-09-26T12:55:50.907Z] I (895491) RouteLoom: HIL LINK rx peer=2 type=41 cid=1348783630 current=0 status=5 seq=4
[2026-09-26T12:55:50.917Z] I (895500) RouteLoom: HIL LINK rx peer=2 type=32 cid=1348783630 current=0 status=5 seq=5
[2026-09-26T12:55:53.929Z] I (898515) RouteLoom: HIL LINK tx peer=2 type=32 cid=1568869485 seq=183
[2026-09-26T12:55:55.829Z] I (900414) RouteLoom: stack hwm main 10996 B
[2026-09-26T12:55:55.829Z] I (900414) RouteLoom: HIL HEAP free=22184 largest=19456 min=21408 B
[2026-09-26T12:55:55.839Z] I (900415) RouteLoom: HIL DISCOVERY candidates=0 neighbors=1 capacity=0 auth=7 stale=2 probes=67 send_failures=3 kind_rejects=5
[2026-09-26T12:55:55.846Z] I (900425) RouteLoom: HIL ROUTE peer=1 phase=-1 via=0 metric=0 generation=0 seq=0
[2026-09-26T12:55:55.853Z] I (900432) RouteLoom: HIL ROUTE peer=2 phase=5 via=2 metric=1 generation=278 seq=1
[2026-09-26T12:55:55.914Z] I (900499) RouteLoom: HIL LINK rx peer=2 type=32 cid=1348783630 current=0 status=5 seq=6
[2026-09-26T12:55:58.931Z] I (903516) RouteLoom: HIL LINK tx peer=2 type=32 cid=1568869485 seq=184
[2026-09-26T12:56:00.905Z] I (905490) RouteLoom: HIL LINK rx peer=2 type=40 cid=1348783630 current=0 status=5 seq=5
[2026-09-26T12:56:00.909Z] I (905494) RouteLoom: HIL PROBE tx peer=2 type=41 status=0 detail=ok
[2026-09-26T12:56:00.916Z] I (905500) RouteLoom: HIL LINK rx peer=2 type=32 cid=1348783630 current=0 status=5 seq=7
[2026-09-26T12:56:02.710Z] I (907294) RouteLoom: HIL LINK rx peer=2 type=32 cid=1348783630 current=0 status=5 seq=8
[2026-09-26T12:56:02.714Z] W (907296) RouteLoomRef: diagnostic reason=ROUTE_STALE_GENERATION peer=2 message=none
[2026-09-26T12:56:02.729Z] I (907312) RouteLoom: HIL LINK rx peer=2 type=32 cid=1348783630 current=0 status=5 seq=9
[2026-09-26T12:56:02.778Z] I (907363) RouteLoom: HIL LINK tx peer=2 type=32 cid=1568869485 seq=185
[2026-09-26T12:56:03.932Z] I (908517) RouteLoom: HIL LINK tx peer=2 type=32 cid=1568869485 seq=186
[2026-09-26T12:56:04.557Z] I (909142) RouteLoom: HIL LINK rx peer=2 type=16 cid=1348783630 current=0 status=5 seq=72
[2026-09-26T12:56:04.560Z] I (909145) RouteLoomRef: message origin=1 session=303 sequence=72 bytes=4
[2026-09-26T12:56:04.566Z] I (909148) RouteLoom: HIL LINK tx peer=2 type=17 cid=1568869485 seq=72
[2026-09-26T12:56:04.575Z] I (909160) RouteLoom: HIL LINK tx peer=2 type=18 cid=1568869485 seq=72
[2026-09-26T12:56:04.595Z] I (909180) RouteLoom: HIL LINK rx peer=2 type=17 cid=1348783630 current=0 status=5 seq=72
[2026-09-26T12:56:07.702Z] I (912287) RouteLoom: HIL LINK rx peer=2 type=32 cid=1348783630 current=0 status=5 seq=12
[2026-09-26T12:56:08.945Z] I (913517) RouteLoom: HIL LINK tx peer=2 type=32 cid=1568869485 seq=187
[2026-09-26T12:56:10.907Z] I (915492) RouteLoom: HIL PROBE tx peer=2 type=40 status=0 detail=ok
[2026-09-26T12:56:10.926Z] I (915510) RouteLoom: HIL LINK rx peer=2 type=41 cid=1348783630 current=0 status=5 seq=8
[2026-09-26T12:56:12.718Z] I (917302) RouteLoom: HIL LINK rx peer=2 type=32 cid=1348783630 current=0 status=5 seq=14
[2026-09-26T12:56:13.932Z] I (918517) RouteLoom: HIL LINK tx peer=2 type=32 cid=1568869485 seq=188
[2026-09-26T12:56:17.710Z] I (922295) RouteLoom: HIL LINK rx peer=2 type=32 cid=1348783630 current=0 status=5 seq=16
[2026-09-26T12:56:18.933Z] I (923518) RouteLoom: HIL LINK tx peer=2 type=32 cid=1568869485 seq=189
[2026-09-26T12:56:20.922Z] I (925507) RouteLoom: HIL LINK rx peer=2 type=40 cid=1348783630 current=0 status=5 seq=11
[2026-09-26T12:56:20.926Z] I (925511) RouteLoom: HIL PROBE tx peer=2 type=41 status=0 detail=ok
[2026-09-26T12:56:22.716Z] I (927300) RouteLoom: HIL LINK rx peer=2 type=32 cid=1348783630 current=0 status=5 seq=18
[2026-09-26T12:56:23.933Z] I (928518) RouteLoom: HIL LINK tx peer=2 type=32 cid=1568869485 seq=190
[2026-09-26T12:56:27.714Z] I (932299) RouteLoom: HIL LINK rx peer=2 type=32 cid=1348783630 current=0 status=5 seq=20
[2026-09-26T12:56:28.934Z] I (933519) RouteLoom: HIL LINK tx peer=2 type=32 cid=1568869485 seq=191
[2026-09-26T12:56:30.924Z] I (935509) RouteLoom: HIL PROBE tx peer=2 type=40 status=0 detail=ok
[2026-09-26T12:56:30.943Z] I (935527) RouteLoom: HIL LINK rx peer=2 type=41 cid=1348783630 current=0 status=5 seq=14
[2026-09-26T12:56:32.717Z] I (937301) RouteLoom: HIL LINK rx peer=2 type=32 cid=1348783630 current=0 status=5 seq=22
[2026-09-26T12:56:33.934Z] I (938519) RouteLoom: HIL LINK tx peer=2 type=32 cid=1568869485 seq=192
[2026-09-26T12:56:34.556Z] I (939141) RouteLoom: HIL LINK rx peer=2 type=16 cid=1348783630 current=0 status=5 seq=73
[2026-09-26T12:56:34.559Z] I (939144) RouteLoomRef: message origin=1 session=303 sequence=73 bytes=4
[2026-09-26T12:56:34.566Z] I (939148) RouteLoom: HIL LINK tx peer=2 type=17 cid=1568869485 seq=73
[2026-09-26T12:56:34.574Z] I (939159) RouteLoom: HIL LINK tx peer=2 type=18 cid=1568869485 seq=73
[2026-09-26T12:56:34.595Z] I (939179) RouteLoom: HIL LINK rx peer=2 type=17 cid=1348783630 current=0 status=5 seq=73
[2026-09-26T12:56:37.719Z] I (942303) RouteLoom: HIL LINK rx peer=2 type=32 cid=1348783630 current=0 status=5 seq=24
[2026-09-26T12:56:38.936Z] I (943521) RouteLoom: HIL LINK tx peer=2 type=32 cid=1568869485 seq=193
[2026-09-26T12:56:40.941Z] I (945525) RouteLoom: HIL LINK rx peer=2 type=40 cid=1348783630 current=0 status=5 seq=16
[2026-09-26T12:56:40.944Z] I (945529) RouteLoom: HIL PROBE tx peer=2 type=41 status=0 detail=ok
[2026-09-26T12:56:42.720Z] I (947305) RouteLoom: HIL LINK rx peer=2 type=32 cid=1348783630 current=0 status=5 seq=26
[2026-09-26T12:56:43.937Z] I (948522) RouteLoom: HIL LINK tx peer=2 type=32 cid=1568869485 seq=194
[2026-09-26T12:56:47.724Z] I (952308) RouteLoom: HIL LINK rx peer=2 type=32 cid=1348783630 current=0 status=5 seq=28
[2026-09-26T12:56:48.938Z] I (953522) RouteLoom: HIL LINK tx peer=2 type=32 cid=1568869485 seq=195
[2026-09-26T12:56:50.943Z] I (955528) RouteLoom: HIL PROBE tx peer=2 type=40 status=0 detail=ok
[2026-09-26T12:56:50.961Z] I (955545) RouteLoom: HIL LINK rx peer=2 type=41 cid=1348783630 current=0 status=5 seq=18
[2026-09-26T12:56:52.726Z] I (957310) RouteLoom: HIL LINK rx peer=2 type=32 cid=1348783630 current=0 status=5 seq=30
[2026-09-26T12:56:53.939Z] I (958523) RouteLoom: HIL LINK tx peer=2 type=32 cid=1568869485 seq=196
[2026-09-26T12:56:55.832Z] I (960416) RouteLoom: stack hwm main 10996 B
[2026-09-26T12:56:55.832Z] I (960416) RouteLoom: HIL HEAP free=22184 largest=19456 min=21408 B
[2026-09-26T12:56:55.842Z] I (960417) RouteLoom: HIL DISCOVERY candidates=0 neighbors=1 capacity=0 auth=7 stale=2 probes=70 send_failures=3 kind_rejects=5
[2026-09-26T12:56:55.849Z] I (960427) RouteLoom: HIL ROUTE peer=1 phase=-1 via=2 metric=2 generation=303 seq=6
[2026-09-26T12:56:55.857Z] I (960434) RouteLoom: HIL ROUTE peer=2 phase=5 via=2 metric=1 generation=278 seq=1
[2026-09-26T12:56:57.728Z] I (962312) RouteLoom: HIL LINK rx peer=2 type=32 cid=1348783630 current=0 status=5 seq=32
[2026-09-26T12:56:58.941Z] I (963525) RouteLoom: HIL LINK tx peer=2 type=32 cid=1568869485 seq=197
[2026-09-26T12:57:00.959Z] I (965543) RouteLoom: HIL LINK rx peer=2 type=40 cid=1348783630 current=0 status=5 seq=20
[2026-09-26T12:57:00.963Z] I (965547) RouteLoom: HIL PROBE tx peer=2 type=41 status=0 detail=ok
[2026-09-26T12:57:02.730Z] I (967314) RouteLoom: HIL LINK rx peer=2 type=32 cid=1348783630 current=0 status=5 seq=34
[2026-09-26T12:57:03.943Z] I (968527) RouteLoom: HIL LINK tx peer=2 type=32 cid=1568869485 seq=198
[2026-09-26T12:57:04.558Z] I (969142) RouteLoom: HIL LINK rx peer=2 type=16 cid=1348783630 current=0 status=5 seq=74
[2026-09-26T12:57:04.561Z] I (969145) RouteLoomRef: message origin=1 session=303 sequence=74 bytes=4
[2026-09-26T12:57:04.567Z] I (969149) RouteLoom: HIL LINK tx peer=2 type=17 cid=1568869485 seq=74
[2026-09-26T12:57:04.576Z] I (969160) RouteLoom: HIL LINK tx peer=2 type=18 cid=1568869485 seq=74
[2026-09-26T12:57:04.596Z] I (969180) RouteLoom: HIL LINK rx peer=2 type=17 cid=1348783630 current=0 status=5 seq=74
[2026-09-26T12:57:07.732Z] I (972316) RouteLoom: HIL LINK rx peer=2 type=32 cid=1348783630 current=0 status=5 seq=36
[2026-09-26T12:57:08.943Z] I (973528) RouteLoom: HIL LINK tx peer=2 type=32 cid=1568869485 seq=199
[2026-09-26T12:57:10.960Z] I (975545) RouteLoom: HIL PROBE tx peer=2 type=40 status=0 detail=ok
[2026-09-26T12:57:10.980Z] I (975562) RouteLoom: HIL LINK rx peer=2 type=41 cid=1348783630 current=0 status=5 seq=22
[2026-09-26T12:57:12.732Z] I (977316) RouteLoom: HIL LINK rx peer=2 type=32 cid=1348783630 current=0 status=5 seq=38
[2026-09-26T12:57:13.946Z] I (978529) RouteLoom: HIL LINK tx peer=2 type=32 cid=1568869485 seq=200
[2026-09-26T12:57:17.733Z] I (982317) RouteLoom: HIL LINK rx peer=2 type=32 cid=1348783630 current=0 status=5 seq=40
[2026-09-26T12:57:18.946Z] I (983530) RouteLoom: HIL LINK tx peer=2 type=32 cid=1568869485 seq=201
[2026-09-26T12:57:20.976Z] I (985560) RouteLoom: HIL LINK rx peer=2 type=40 cid=1348783630 current=0 status=5 seq=24
[2026-09-26T12:57:20.980Z] I (985564) RouteLoom: HIL PROBE tx peer=2 type=41 status=0 detail=ok
[2026-09-26T12:57:22.735Z] I (987319) RouteLoom: HIL LINK rx peer=2 type=32 cid=1348783630 current=0 status=5 seq=42
[2026-09-26T12:57:23.949Z] I (988532) RouteLoom: HIL LINK tx peer=2 type=32 cid=1568869485 seq=202
[2026-09-26T12:57:27.739Z] I (992322) RouteLoom: HIL LINK rx peer=2 type=32 cid=1348783630 current=0 status=5 seq=44
[2026-09-26T12:57:28.950Z] I (993534) RouteLoom: HIL LINK tx peer=2 type=32 cid=1568869485 seq=203
[2026-09-26T12:57:30.979Z] I (995563) RouteLoom: HIL PROBE tx peer=2 type=40 status=0 detail=ok
[2026-09-26T12:57:30.996Z] I (995580) RouteLoom: HIL LINK rx peer=2 type=41 cid=1348783630 current=0 status=5 seq=26
[2026-09-26T12:57:32.740Z] I (997324) RouteLoom: HIL LINK rx peer=2 type=32 cid=1348783630 current=0 status=5 seq=46
[2026-09-26T12:57:33.951Z] I (998535) RouteLoom: HIL LINK tx peer=2 type=32 cid=1568869485 seq=204
[2026-09-26T12:57:34.561Z] I (999144) RouteLoom: HIL LINK rx peer=2 type=16 cid=1348783630 current=0 status=5 seq=75
[2026-09-26T12:57:34.564Z] I (999148) RouteLoomRef: message origin=1 session=303 sequence=75 bytes=4
[2026-09-26T12:57:34.570Z] I (999151) RouteLoom: HIL LINK tx peer=2 type=17 cid=1568869485 seq=75
[2026-09-26T12:57:34.578Z] I (999162) RouteLoom: HIL LINK tx peer=2 type=18 cid=1568869485 seq=75
[2026-09-26T12:57:34.598Z] I (999182) RouteLoom: HIL LINK rx peer=2 type=17 cid=1348783630 current=0 status=5 seq=75
[2026-09-26T12:57:37.742Z] I (1002326) RouteLoom: HIL LINK rx peer=2 type=32 cid=1348783630 current=0 status=5 seq=48
[2026-09-26T12:57:38.951Z] I (1003535) RouteLoom: HIL LINK tx peer=2 type=32 cid=1568869485 seq=205
[2026-09-26T12:57:40.994Z] I (1005578) RouteLoom: HIL LINK rx peer=2 type=40 cid=1348783630 current=0 status=5 seq=28
[2026-09-26T12:57:40.998Z] I (1005582) RouteLoom: HIL PROBE tx peer=2 type=41 status=0 detail=ok
[2026-09-26T12:57:42.743Z] I (1007327) RouteLoom: HIL LINK rx peer=2 type=32 cid=1348783630 current=0 status=5 seq=50
[2026-09-26T12:57:43.951Z] I (1008534) RouteLoom: HIL LINK tx peer=2 type=32 cid=1568869485 seq=206
[2026-09-26T12:57:47.746Z] I (1012330) RouteLoom: HIL LINK rx peer=2 type=32 cid=1348783630 current=0 status=5 seq=52
[2026-09-26T12:57:48.952Z] I (1013536) RouteLoom: HIL LINK tx peer=2 type=32 cid=1568869485 seq=207
[2026-09-26T12:57:50.997Z] I (1015581) RouteLoom: HIL PROBE tx peer=2 type=40 status=0 detail=ok
[2026-09-26T12:57:51.017Z] I (1015600) RouteLoom: HIL LINK rx peer=2 type=40 cid=1348783630 current=0 status=5 seq=30
[2026-09-26T12:57:51.020Z] I (1015604) RouteLoom: HIL PROBE tx peer=2 type=41 status=0 detail=ok
[2026-09-26T12:57:52.748Z] I (1017331) RouteLoom: HIL LINK rx peer=2 type=32 cid=1348783630 current=0 status=5 seq=54
[2026-09-26T12:57:53.952Z] I (1018536) RouteLoom: HIL LINK tx peer=2 type=32 cid=1568869485 seq=208
[2026-09-26T12:57:55.832Z] I (1020416) RouteLoom: stack hwm main 10996 B
[2026-09-26T12:57:55.833Z] I (1020416) RouteLoom: HIL HEAP free=22184 largest=19456 min=21408 B
[2026-09-26T12:57:55.843Z] I (1020417) RouteLoom: HIL DISCOVERY candidates=0 neighbors=1 capacity=0 auth=7 stale=2 probes=73 send_failures=3 kind_rejects=5
[2026-09-26T12:57:55.850Z] I (1020427) RouteLoom: HIL ROUTE peer=1 phase=-1 via=2 metric=2 generation=303 seq=6
[2026-09-26T12:57:55.858Z] I (1020434) RouteLoom: HIL ROUTE peer=2 phase=5 via=2 metric=1 generation=278 seq=1
[2026-09-26T12:57:57.748Z] I (1022331) RouteLoom: HIL LINK rx peer=2 type=32 cid=1348783630 current=0 status=5 seq=56
[2026-09-26T12:57:58.954Z] I (1023537) RouteLoom: HIL LINK tx peer=2 type=32 cid=1568869485 seq=209
[2026-09-26T12:58:01.018Z] I (1025602) RouteLoom: HIL PROBE tx peer=2 type=40 status=0 detail=ok
[2026-09-26T12:58:01.036Z] I (1025619) RouteLoom: HIL LINK rx peer=2 type=41 cid=1348783630 current=0 status=5 seq=33
[2026-09-26T12:58:02.750Z] I (1027333) RouteLoom: HIL LINK rx peer=2 type=32 cid=1348783630 current=0 status=5 seq=58
[2026-09-26T12:58:03.955Z] I (1028539) RouteLoom: HIL LINK tx peer=2 type=32 cid=1568869485 seq=210
[2026-09-26T12:58:04.557Z] I (1029140) RouteLoom: HIL LINK rx peer=2 type=16 cid=1348783630 current=0 status=5 seq=76
[2026-09-26T12:58:04.561Z] I (1029144) RouteLoomRef: message origin=1 session=303 sequence=76 bytes=4
[2026-09-26T12:58:04.566Z] I (1029147) RouteLoom: HIL LINK tx peer=2 type=17 cid=1568869485 seq=76
[2026-09-26T12:58:04.575Z] I (1029159) RouteLoom: HIL LINK tx peer=2 type=18 cid=1568869485 seq=76
[2026-09-26T12:58:04.595Z] I (1029178) RouteLoom: HIL LINK rx peer=2 type=17 cid=1348783630 current=0 status=5 seq=76
[2026-09-26T12:58:07.752Z] I (1032335) RouteLoom: HIL LINK rx peer=2 type=32 cid=1348783630 current=0 status=5 seq=60
[2026-09-26T12:58:08.957Z] I (1033541) RouteLoom: HIL LINK tx peer=2 type=32 cid=1568869485 seq=211
[2026-09-26T12:58:11.034Z] I (1035617) RouteLoom: HIL LINK rx peer=2 type=40 cid=1348783630 current=0 status=5 seq=35
[2026-09-26T12:58:11.037Z] I (1035621) RouteLoom: HIL PROBE tx peer=2 type=41 status=0 detail=ok
[2026-09-26T12:58:12.755Z] I (1037337) RouteLoom: HIL LINK rx peer=2 type=32 cid=1348783630 current=0 status=5 seq=62
[2026-09-26T12:58:13.959Z] I (1038543) RouteLoom: HIL LINK tx peer=2 type=32 cid=1568869485 seq=212
[2026-09-26T12:58:17.756Z] I (1042339) RouteLoom: HIL LINK rx peer=2 type=32 cid=1348783630 current=0 status=5 seq=64
[2026-09-26T12:58:18.961Z] I (1043545) RouteLoom: HIL LINK tx peer=2 type=32 cid=1568869485 seq=213
[2026-09-26T12:58:21.035Z] I (1045619) RouteLoom: HIL PROBE tx peer=2 type=40 status=0 detail=ok
[2026-09-26T12:58:21.054Z] I (1045637) RouteLoom: HIL LINK rx peer=2 type=41 cid=1348783630 current=0 status=5 seq=37
[2026-09-26T12:58:22.759Z] I (1047342) RouteLoom: HIL LINK rx peer=2 type=32 cid=1348783630 current=0 status=5 seq=66
[2026-09-26T12:58:23.961Z] I (1048544) RouteLoom: HIL LINK tx peer=2 type=32 cid=1568869485 seq=214
[2026-09-26T12:58:27.760Z] I (1052343) RouteLoom: HIL LINK rx peer=2 type=32 cid=1348783630 current=0 status=5 seq=68
[2026-09-26T12:58:28.962Z] I (1053545) RouteLoom: HIL LINK tx peer=2 type=32 cid=1568869485 seq=215
[2026-09-26T12:58:31.051Z] I (1055634) RouteLoom: HIL LINK rx peer=2 type=40 cid=1348783630 current=0 status=5 seq=39
[2026-09-26T12:58:31.055Z] I (1055638) RouteLoom: HIL PROBE tx peer=2 type=41 status=0 detail=ok
[2026-09-26T12:58:32.763Z] I (1057346) RouteLoom: HIL LINK rx peer=2 type=32 cid=1348783630 current=0 status=5 seq=70
[2026-09-26T12:58:33.962Z] I (1058546) RouteLoom: HIL LINK tx peer=2 type=32 cid=1568869485 seq=216
[2026-09-26T12:58:34.556Z] I (1059139) RouteLoom: HIL LINK rx peer=2 type=16 cid=1348783630 current=0 status=5 seq=77
[2026-09-26T12:58:34.559Z] I (1059142) RouteLoomRef: message origin=1 session=303 sequence=77 bytes=4
[2026-09-26T12:58:34.565Z] I (1059146) RouteLoom: HIL LINK tx peer=2 type=17 cid=1568869485 seq=77
[2026-09-26T12:58:34.574Z] I (1059157) RouteLoom: HIL LINK tx peer=2 type=18 cid=1568869485 seq=77
[2026-09-26T12:58:34.595Z] I (1059178) RouteLoom: HIL LINK rx peer=2 type=17 cid=1348783630 current=0 status=5 seq=77
[2026-09-26T12:58:37.763Z] I (1062346) RouteLoom: HIL LINK rx peer=2 type=32 cid=1348783630 current=0 status=5 seq=72
[2026-09-26T12:58:38.962Z] I (1063546) RouteLoom: HIL LINK tx peer=2 type=32 cid=1568869485 seq=217
[2026-09-26T12:58:41.055Z] I (1065638) RouteLoom: HIL PROBE tx peer=2 type=40 status=0 detail=ok
[2026-09-26T12:58:41.072Z] I (1065655) RouteLoom: HIL LINK rx peer=2 type=41 cid=1348783630 current=0 status=5 seq=41
[2026-09-26T12:58:42.765Z] I (1067348) RouteLoom: HIL LINK rx peer=2 type=32 cid=1348783630 current=0 status=5 seq=74
[2026-09-26T12:58:43.964Z] I (1068548) RouteLoom: HIL LINK tx peer=2 type=32 cid=1568869485 seq=218
[2026-09-26T12:58:47.766Z] I (1072349) RouteLoom: HIL LINK rx peer=2 type=32 cid=1348783630 current=0 status=5 seq=76
[2026-09-26T12:58:48.965Z] I (1073549) RouteLoom: HIL LINK tx peer=2 type=32 cid=1568869485 seq=219
[2026-09-26T12:58:51.073Z] I (1075655) RouteLoom: HIL LINK rx peer=2 type=40 cid=1348783630 current=0 status=5 seq=43
[2026-09-26T12:58:51.077Z] I (1075659) RouteLoom: HIL PROBE tx peer=2 type=41 status=0 detail=ok
[2026-09-26T12:58:52.769Z] I (1077352) RouteLoom: HIL LINK rx peer=2 type=32 cid=1348783630 current=0 status=5 seq=78
[2026-09-26T12:58:53.966Z] I (1078548) RouteLoom: HIL LINK tx peer=2 type=32 cid=1568869485 seq=220
[2026-09-26T12:58:55.834Z] I (1080417) RouteLoom: stack hwm main 10996 B
[2026-09-26T12:58:55.835Z] I (1080417) RouteLoom: HIL HEAP free=22184 largest=19456 min=21408 B
[2026-09-26T12:58:55.844Z] I (1080418) RouteLoom: HIL DISCOVERY candidates=0 neighbors=1 capacity=0 auth=7 stale=2 probes=76 send_failures=3 kind_rejects=5
[2026-09-26T12:58:55.852Z] I (1080428) RouteLoom: HIL ROUTE peer=1 phase=-1 via=2 metric=2 generation=303 seq=6
[2026-09-26T12:58:55.859Z] I (1080435) RouteLoom: HIL ROUTE peer=2 phase=5 via=2 metric=1 generation=278 seq=1
[2026-09-26T12:58:57.773Z] I (1082356) RouteLoom: HIL LINK rx peer=2 type=32 cid=1348783630 current=0 status=5 seq=80
[2026-09-26T12:58:58.966Z] I (1083549) RouteLoom: HIL LINK tx peer=2 type=32 cid=1568869485 seq=221
[2026-09-26T12:59:01.076Z] I (1085659) RouteLoom: HIL PROBE tx peer=2 type=40 status=0 detail=ok
[2026-09-26T12:59:01.095Z] I (1085677) RouteLoom: HIL LINK rx peer=2 type=41 cid=1348783630 current=0 status=5 seq=45
[2026-09-26T12:59:02.776Z] I (1087358) RouteLoom: HIL LINK rx peer=2 type=32 cid=1348783630 current=0 status=5 seq=82
[2026-09-26T12:59:03.966Z] I (1088548) RouteLoom: HIL LINK tx peer=2 type=32 cid=1568869485 seq=222
[2026-09-26T12:59:04.554Z] I (1089136) RouteLoom: HIL LINK rx peer=2 type=16 cid=1348783630 current=0 status=5 seq=78
[2026-09-26T12:59:04.557Z] I (1089140) RouteLoomRef: message origin=1 session=303 sequence=78 bytes=4
[2026-09-26T12:59:04.563Z] I (1089143) RouteLoom: HIL LINK tx peer=2 type=17 cid=1568869485 seq=78
[2026-09-26T12:59:04.572Z] I (1089155) RouteLoom: HIL LINK tx peer=2 type=18 cid=1568869485 seq=78
[2026-09-26T12:59:04.592Z] I (1089175) RouteLoom: HIL LINK rx peer=2 type=17 cid=1348783630 current=0 status=5 seq=78
[2026-09-26T12:59:07.777Z] I (1092359) RouteLoom: HIL LINK rx peer=2 type=32 cid=1348783630 current=0 status=5 seq=84
[2026-09-26T12:59:08.969Z] I (1093550) RouteLoom: HIL LINK tx peer=2 type=32 cid=1568869485 seq=223
[2026-09-26T12:59:11.092Z] I (1095674) RouteLoom: HIL LINK rx peer=2 type=40 cid=1348783630 current=0 status=5 seq=47
[2026-09-26T12:59:11.095Z] I (1095678) RouteLoom: HIL PROBE tx peer=2 type=41 status=0 detail=ok
[2026-09-26T12:59:12.780Z] I (1097362) RouteLoom: HIL LINK rx peer=2 type=32 cid=1348783630 current=0 status=5 seq=86
[2026-09-26T12:59:13.967Z] I (1098550) RouteLoom: HIL LINK tx peer=2 type=32 cid=1568869485 seq=224
[2026-09-26T12:59:17.784Z] I (1102366) RouteLoom: HIL LINK rx peer=2 type=32 cid=1348783630 current=0 status=5 seq=88
[2026-09-26T12:59:18.968Z] I (1103550) RouteLoom: HIL LINK tx peer=2 type=32 cid=1568869485 seq=225
[2026-09-26T12:59:21.093Z] I (1105676) RouteLoom: HIL PROBE tx peer=2 type=40 status=0 detail=ok
[2026-09-26T12:59:21.112Z] I (1105694) RouteLoom: HIL LINK rx peer=2 type=41 cid=1348783630 current=0 status=5 seq=49
[2026-09-26T12:59:22.787Z] I (1107369) RouteLoom: HIL LINK rx peer=2 type=32 cid=1348783630 current=0 status=5 seq=90
[2026-09-26T12:59:23.968Z] I (1108551) RouteLoom: HIL LINK tx peer=2 type=32 cid=1568869485 seq=226
[2026-09-26T12:59:27.788Z] I (1112370) RouteLoom: HIL LINK rx peer=2 type=32 cid=1348783630 current=0 status=5 seq=92
[2026-09-26T12:59:28.969Z] I (1113552) RouteLoom: HIL LINK tx peer=2 type=32 cid=1568869485 seq=227
[2026-09-26T12:59:31.109Z] I (1115691) RouteLoom: HIL LINK rx peer=2 type=40 cid=1348783630 current=0 status=5 seq=51
[2026-09-26T12:59:31.113Z] I (1115695) RouteLoom: HIL PROBE tx peer=2 type=41 status=0 detail=ok
[2026-09-26T12:59:32.791Z] I (1117373) RouteLoom: HIL LINK rx peer=2 type=32 cid=1348783630 current=0 status=5 seq=94
[2026-09-26T12:59:33.969Z] I (1118551) RouteLoom: HIL LINK tx peer=2 type=32 cid=1568869485 seq=228
[2026-09-26T12:59:34.558Z] I (1119140) RouteLoom: HIL LINK rx peer=2 type=16 cid=1348783630 current=0 status=5 seq=79
[2026-09-26T12:59:34.561Z] I (1119144) RouteLoomRef: message origin=1 session=303 sequence=79 bytes=4
[2026-09-26T12:59:34.568Z] I (1119147) RouteLoom: HIL LINK tx peer=2 type=17 cid=1568869485 seq=79
[2026-09-26T12:59:34.576Z] I (1119158) RouteLoom: HIL LINK tx peer=2 type=18 cid=1568869485 seq=79
[2026-09-26T12:59:34.595Z] I (1119178) RouteLoom: HIL LINK rx peer=2 type=17 cid=1348783630 current=0 status=5 seq=79
[2026-09-26T12:59:37.791Z] I (1122373) RouteLoom: HIL LINK rx peer=2 type=32 cid=1348783630 current=0 status=5 seq=96
[2026-09-26T12:59:38.969Z] I (1123551) RouteLoom: HIL LINK tx peer=2 type=32 cid=1568869485 seq=229
[2026-09-26T12:59:41.112Z] I (1125695) RouteLoom: HIL PROBE tx peer=2 type=40 status=0 detail=ok
[2026-09-26T12:59:41.129Z] I (1125712) RouteLoom: HIL LINK rx peer=2 type=41 cid=1348783630 current=0 status=5 seq=53
[2026-09-26T12:59:42.793Z] I (1127375) RouteLoom: HIL LINK rx peer=2 type=32 cid=1348783630 current=0 status=5 seq=98
[2026-09-26T12:59:43.971Z] I (1128553) RouteLoom: HIL LINK tx peer=2 type=32 cid=1568869485 seq=230
[2026-09-26T12:59:47.795Z] I (1132377) RouteLoom: HIL LINK rx peer=2 type=32 cid=1348783630 current=0 status=5 seq=100
[2026-09-26T12:59:48.973Z] I (1133555) RouteLoom: HIL LINK tx peer=2 type=32 cid=1568869485 seq=231
[2026-09-26T12:59:51.129Z] I (1135710) RouteLoom: HIL LINK rx peer=2 type=40 cid=1348783630 current=0 status=5 seq=55
[2026-09-26T12:59:51.132Z] I (1135714) RouteLoom: HIL PROBE tx peer=2 type=41 status=0 detail=ok
[2026-09-26T12:59:52.798Z] I (1137380) RouteLoom: HIL LINK rx peer=2 type=32 cid=1348783630 current=0 status=5 seq=102
[2026-09-26T12:59:53.973Z] I (1138556) RouteLoom: HIL LINK tx peer=2 type=32 cid=1568869485 seq=232
[2026-09-26T12:59:55.836Z] I (1140418) RouteLoom: stack hwm main 10996 B
[2026-09-26T12:59:55.836Z] I (1140418) RouteLoom: HIL HEAP free=22184 largest=19456 min=21408 B
[2026-09-26T12:59:55.846Z] I (1140419) RouteLoom: HIL DISCOVERY candidates=0 neighbors=1 capacity=0 auth=7 stale=2 probes=79 send_failures=3 kind_rejects=5
[2026-09-26T12:59:55.853Z] I (1140429) RouteLoom: HIL ROUTE peer=1 phase=-1 via=2 metric=2 generation=303 seq=6
[2026-09-26T12:59:55.861Z] I (1140436) RouteLoom: HIL ROUTE peer=2 phase=5 via=2 metric=1 generation=278 seq=1
[2026-09-26T12:59:57.799Z] I (1142382) RouteLoom: HIL LINK rx peer=2 type=32 cid=1348783630 current=0 status=5 seq=104
[2026-09-26T12:59:58.974Z] I (1143557) RouteLoom: HIL LINK tx peer=2 type=32 cid=1568869485 seq=233
[2026-09-26T13:00:01.129Z] I (1145712) RouteLoom: HIL PROBE tx peer=2 type=40 status=0 detail=ok
[2026-09-26T13:00:01.148Z] I (1145730) RouteLoom: HIL LINK rx peer=2 type=41 cid=1348783630 current=0 status=5 seq=57
[2026-09-26T13:00:02.802Z] I (1147384) RouteLoom: HIL LINK rx peer=2 type=32 cid=1348783630 current=0 status=5 seq=106
[2026-09-26T13:00:03.975Z] I (1148556) RouteLoom: HIL LINK tx peer=2 type=32 cid=1568869485 seq=234
[2026-09-26T13:00:04.556Z] I (1149138) RouteLoom: HIL LINK rx peer=2 type=16 cid=1348783630 current=0 status=5 seq=80
[2026-09-26T13:00:04.559Z] I (1149141) RouteLoomRef: message origin=1 session=303 sequence=80 bytes=4
[2026-09-26T13:00:04.566Z] I (1149145) RouteLoom: HIL LINK tx peer=2 type=17 cid=1568869485 seq=80
[2026-09-26T13:00:04.574Z] I (1149156) RouteLoom: HIL LINK tx peer=2 type=18 cid=1568869485 seq=80
[2026-09-26T13:00:04.594Z] I (1149176) RouteLoom: HIL LINK rx peer=2 type=17 cid=1348783630 current=0 status=5 seq=80
[2026-09-26T13:00:07.805Z] I (1152387) RouteLoom: HIL LINK rx peer=2 type=32 cid=1348783630 current=0 status=5 seq=108
[2026-09-26T13:00:08.974Z] I (1153557) RouteLoom: HIL LINK tx peer=2 type=32 cid=1568869485 seq=235
[2026-09-26T13:00:11.147Z] I (1155729) RouteLoom: HIL LINK rx peer=2 type=40 cid=1348783630 current=0 status=5 seq=59
[2026-09-26T13:00:11.151Z] I (1155733) RouteLoom: HIL PROBE tx peer=2 type=41 status=0 detail=ok
[2026-09-26T13:00:12.807Z] I (1157389) RouteLoom: HIL LINK rx peer=2 type=32 cid=1348783630 current=0 status=5 seq=110
[2026-09-26T13:00:13.975Z] I (1158558) RouteLoom: HIL LINK tx peer=2 type=32 cid=1568869485 seq=236
[2026-09-26T13:00:17.807Z] I (1162389) RouteLoom: HIL LINK rx peer=2 type=32 cid=1348783630 current=0 status=5 seq=112
[2026-09-26T13:00:18.977Z] I (1163559) RouteLoom: HIL LINK tx peer=2 type=32 cid=1568869485 seq=237
[2026-09-26T13:00:21.150Z] I (1165732) RouteLoom: HIL PROBE tx peer=2 type=40 status=0 detail=ok
[2026-09-26T13:00:21.169Z] I (1165750) RouteLoom: HIL LINK rx peer=2 type=41 cid=1348783630 current=0 status=5 seq=61
[2026-09-26T13:00:22.811Z] I (1167392) RouteLoom: HIL LINK rx peer=2 type=32 cid=1348783630 current=0 status=5 seq=114
[2026-09-26T13:00:23.977Z] I (1168558) RouteLoom: HIL LINK tx peer=2 type=32 cid=1568869485 seq=238
[2026-09-26T13:00:27.812Z] I (1172394) RouteLoom: HIL LINK rx peer=2 type=32 cid=1348783630 current=0 status=5 seq=116
[2026-09-26T13:00:28.978Z] I (1173559) RouteLoom: HIL LINK tx peer=2 type=32 cid=1568869485 seq=239
[2026-09-26T13:00:31.166Z] I (1175747) RouteLoom: HIL LINK rx peer=2 type=40 cid=1348783630 current=0 status=5 seq=63
[2026-09-26T13:00:31.169Z] I (1175751) RouteLoom: HIL PROBE tx peer=2 type=41 status=0 detail=ok
[2026-09-26T13:00:32.813Z] I (1177395) RouteLoom: HIL LINK rx peer=2 type=32 cid=1348783630 current=0 status=5 seq=118
[2026-09-26T13:00:33.979Z] I (1178560) RouteLoom: HIL LINK tx peer=2 type=32 cid=1568869485 seq=240
[2026-09-26T13:00:34.557Z] I (1179138) RouteLoom: HIL LINK rx peer=2 type=16 cid=1348783630 current=0 status=5 seq=81
[2026-09-26T13:00:34.560Z] I (1179141) RouteLoomRef: message origin=1 session=303 sequence=81 bytes=4
[2026-09-26T13:00:34.566Z] I (1179145) RouteLoom: HIL LINK tx peer=2 type=17 cid=1568869485 seq=81
[2026-09-26T13:00:34.575Z] I (1179156) RouteLoom: HIL LINK tx peer=2 type=18 cid=1568869485 seq=81
[2026-09-26T13:00:34.595Z] I (1179176) RouteLoom: HIL LINK rx peer=2 type=17 cid=1348783630 current=0 status=5 seq=81
[2026-09-26T13:00:38.886Z] I (1183468) RouteLoom: HIL RLD1 rx claimed=2 phase=5 step=1
[2026-09-26T13:00:38.893Z] I (1183475) RouteLoom: HIL RLD1 tx claimed=3 phase=5 step=2
[2026-09-26T13:00:38.913Z] I (1183495) RouteLoom: HIL RLD1 rx claimed=2 phase=5 step=3
[2026-09-26T13:00:38.915Z] HIL resume R3 installed peer=2 tx=4141699131 rx=3308332480
[2026-09-26T13:00:38.927Z] I (1183500) RouteLoom: HIL PROBE tx peer=2 type=40 status=0 detail=ok
[2026-09-26T13:00:38.941Z] I (1183522) RouteLoom: HIL LINK rx peer=2 type=40 cid=3308332480 current=0 status=5 seq=1
[2026-09-26T13:00:38.944Z] I (1183526) RouteLoom: HIL PROBE tx peer=2 type=41 status=0 detail=ok
[2026-09-26T13:00:38.971Z] I (1183551) RouteLoom: HIL LINK rx peer=2 type=32 cid=3308332480 current=0 status=5 seq=1
[2026-09-26T13:00:38.982Z] I (1183563) RouteLoom: HIL LINK rx peer=2 type=32 cid=3308332480 current=0 status=5 seq=2
[2026-09-26T13:00:39.407Z] I (1183989) RouteLoom: HIL RLD1 rx claimed=2 phase=5 step=3
[2026-09-26T13:00:39.407Z] HIL resume R3 no record peer=2
[2026-09-26T13:00:39.906Z] I (1184488) RouteLoom: HIL RLD1 rx claimed=2 phase=5 step=3
[2026-09-26T13:00:39.907Z] HIL resume R3 no record peer=2
[2026-09-26T13:00:40.408Z] I (1184990) RouteLoom: HIL RLD1 rx claimed=2 phase=5 step=3
[2026-09-26T13:00:40.408Z] HIL resume R3 no record peer=2
[2026-09-26T13:00:40.921Z] I (1185503) RouteLoom: HIL PROBE tx peer=2 type=40 status=0 detail=ok
[2026-09-26T13:00:40.938Z] I (1185520) RouteLoom: HIL LINK rx peer=2 type=41 cid=3308332480 current=0 status=5 seq=3
[2026-09-26T13:00:40.941Z] I (1185522) RouteLoomRef: discovery event=REACHABLE peer=2
[2026-09-26T13:00:40.946Z] W (1185522) RouteLoomRef: diagnostic reason=REACHABLE peer=2 message=none
[2026-09-26T13:00:40.954Z] I (1185532) RouteLoom: HIL LINK tx peer=2 type=32 cid=4141699131 seq=241
[2026-09-26T13:00:40.962Z] I (1185544) RouteLoom: HIL LINK tx peer=2 type=32 cid=4141699131 seq=242
[2026-09-26T13:00:40.982Z] I (1185563) RouteLoom: HIL LINK rx peer=2 type=32 cid=3308332480 current=0 status=5 seq=3
[2026-09-26T13:00:40.987Z] W (1185565) RouteLoomRef: diagnostic reason=PEER_RESTARTED_ROUTES_FLUSHED peer=2 message=none
[2026-09-26T13:00:41.977Z] I (1186559) RouteLoom: HIL LINK tx peer=2 type=32 cid=4141699131 seq=243
[2026-09-26T13:00:43.965Z] I (1188546) RouteLoom: HIL LINK rx peer=2 type=32 cid=3308332480 current=0 status=5 seq=4
[2026-09-26T13:00:45.941Z] I (1190523) RouteLoom: HIL LINK tx peer=2 type=32 cid=4141699131 seq=244
[2026-09-26T13:00:48.964Z] I (1193545) RouteLoom: HIL LINK rx peer=2 type=32 cid=3308332480 current=0 status=5 seq=5
[2026-09-26T13:00:50.936Z] I (1195517) RouteLoom: HIL LINK rx peer=2 type=40 cid=3308332480 current=0 status=5 seq=4
[2026-09-26T13:00:50.940Z] I (1195521) RouteLoom: HIL PROBE tx peer=2 type=41 status=0 detail=ok
[2026-09-26T13:00:50.949Z] I (1195531) RouteLoom: HIL LINK tx peer=2 type=32 cid=4141699131 seq=245
[2026-09-26T13:00:53.966Z] I (1198547) RouteLoom: HIL LINK rx peer=2 type=32 cid=3308332480 current=0 status=5 seq=6
[2026-09-26T13:00:55.837Z] I (1200419) RouteLoom: stack hwm main 10996 B
[2026-09-26T13:00:55.838Z] I (1200419) RouteLoom: HIL HEAP free=22184 largest=19456 min=21408 B
[2026-09-26T13:00:55.848Z] I (1200420) RouteLoom: HIL DISCOVERY candidates=0 neighbors=1 capacity=0 auth=8 stale=2 probes=83 send_failures=3 kind_rejects=6
[2026-09-26T13:00:55.855Z] I (1200430) RouteLoom: HIL ROUTE peer=1 phase=-1 via=0 metric=0 generation=0 seq=0
[2026-09-26T13:00:55.862Z] I (1200437) RouteLoom: HIL ROUTE peer=2 phase=5 via=2 metric=1 generation=279 seq=1
[2026-09-26T13:00:55.947Z] I (1200529) RouteLoom: HIL LINK tx peer=2 type=32 cid=4141699131 seq=246
[2026-09-26T13:00:58.967Z] I (1203548) RouteLoom: HIL LINK rx peer=2 type=32 cid=3308332480 current=0 status=5 seq=7
[2026-09-26T13:01:00.939Z] I (1205521) RouteLoom: HIL PROBE tx peer=2 type=40 status=0 detail=ok
[2026-09-26T13:01:00.949Z] I (1205530) RouteLoom: HIL LINK tx peer=2 type=32 cid=4141699131 seq=247
[2026-09-26T13:01:00.964Z] I (1205545) RouteLoom: HIL LINK rx peer=2 type=41 cid=3308332480 current=0 status=5 seq=5
[2026-09-26T13:01:03.970Z] I (1208551) RouteLoom: HIL LINK rx peer=2 type=32 cid=3308332480 current=0 status=5 seq=8
[2026-09-26T13:01:05.949Z] I (1210531) RouteLoom: HIL LINK tx peer=2 type=32 cid=4141699131 seq=248
[2026-09-26T13:01:08.243Z] I (1212825) RouteLoom: HIL LINK rx peer=2 type=32 cid=3308332480 current=0 status=5 seq=9
[2026-09-26T13:01:08.249Z] W (1212827) RouteLoomRef: diagnostic reason=ROUTE_STALE_GENERATION peer=2 message=none
[2026-09-26T13:01:08.256Z] I (1212837) RouteLoom: HIL LINK rx peer=2 type=32 cid=3308332480 current=0 status=5 seq=10
[2026-09-26T13:01:08.263Z] W (1212840) RouteLoomRef: diagnostic reason=ROUTE_STALE_GENERATION peer=2 message=none
[2026-09-26T13:01:09.765Z] I (1214346) RouteLoom: HIL LINK rx peer=2 type=32 cid=3308332480 current=0 status=5 seq=12
[2026-09-26T13:01:09.800Z] I (1214382) RouteLoom: HIL LINK tx peer=2 type=32 cid=4141699131 seq=249
[2026-09-26T13:01:10.951Z] I (1215532) RouteLoom: HIL LINK tx peer=2 type=32 cid=4141699131 seq=250
[2026-09-26T13:01:10.957Z] I (1215538) RouteLoom: HIL LINK rx peer=2 type=40 cid=3308332480 current=0 status=5 seq=8
[2026-09-26T13:01:10.963Z] I (1215541) RouteLoom: HIL PROBE tx peer=2 type=41 status=6 detail=reserved DATA TX in flight to peer
[2026-09-26T13:01:12.960Z] I (1217541) RouteLoom: HIL LINK rx peer=2 type=40 cid=3308332480 current=0 status=5 seq=9
[2026-09-26T13:01:12.964Z] I (1217545) RouteLoom: HIL PROBE tx peer=2 type=41 status=0 detail=ok
[2026-09-26T13:01:13.235Z] I (1217816) RouteLoom: HIL LINK rx peer=2 type=32 cid=3308332480 current=0 status=5 seq=15
[2026-09-26T13:01:15.952Z] I (1220534) RouteLoom: HIL LINK tx peer=2 type=32 cid=4141699131 seq=251
[2026-09-26T13:01:18.236Z] I (1222816) RouteLoom: HIL LINK rx peer=2 type=32 cid=3308332480 current=0 status=5 seq=17
[2026-09-26T13:01:20.954Z] I (1225536) RouteLoom: HIL LINK tx peer=2 type=32 cid=4141699131 seq=252
[2026-09-26T13:01:22.962Z] I (1227544) RouteLoom: HIL PROBE tx peer=2 type=40 status=0 detail=ok
[2026-09-26T13:01:22.981Z] I (1227562) RouteLoom: HIL LINK rx peer=2 type=41 cid=3308332480 current=0 status=5 seq=11
[2026-09-26T13:01:23.239Z] I (1227820) RouteLoom: HIL LINK rx peer=2 type=32 cid=3308332480 current=0 status=5 seq=19
[2026-09-26T13:01:25.955Z] I (1230537) RouteLoom: HIL LINK tx peer=2 type=32 cid=4141699131 seq=253
[2026-09-26T13:01:28.240Z] I (1232821) RouteLoom: HIL LINK rx peer=2 type=32 cid=3308332480 current=0 status=5 seq=21
[2026-09-26T13:01:30.957Z] I (1235538) RouteLoom: HIL LINK tx peer=2 type=32 cid=4141699131 seq=254
[2026-09-26T13:01:32.979Z] I (1237560) RouteLoom: HIL LINK rx peer=2 type=40 cid=3308332480 current=0 status=5 seq=13
[2026-09-26T13:01:32.983Z] I (1237564) RouteLoom: HIL PROBE tx peer=2 type=41 status=0 detail=ok
[2026-09-26T13:01:33.244Z] I (1237823) RouteLoom: HIL LINK rx peer=2 type=32 cid=3308332480 current=0 status=5 seq=23
[2026-09-26T13:01:34.561Z] I (1239142) RouteLoom: HIL LINK rx peer=2 type=16 cid=3308332480 current=0 status=5 seq=83
[2026-09-26T13:01:34.564Z] I (1239145) RouteLoomRef: message origin=1 session=303 sequence=83 bytes=4
[2026-09-26T13:01:34.571Z] I (1239149) RouteLoom: HIL LINK tx peer=2 type=17 cid=4141699131 seq=83
[2026-09-26T13:01:34.579Z] I (1239160) RouteLoom: HIL LINK tx peer=2 type=18 cid=4141699131 seq=83
[2026-09-26T13:01:34.599Z] I (1239180) RouteLoom: HIL LINK rx peer=2 type=17 cid=3308332480 current=0 status=5 seq=83
[2026-09-26T13:01:35.957Z] I (1240539) RouteLoom: HIL LINK tx peer=2 type=32 cid=4141699131 seq=255
[2026-09-26T13:01:38.243Z] I (1242824) RouteLoom: HIL LINK rx peer=2 type=32 cid=3308332480 current=0 status=5 seq=25
[2026-09-26T13:01:40.960Z] I (1245541) RouteLoom: HIL LINK tx peer=2 type=32 cid=4141699131 seq=256
[2026-09-26T13:01:42.983Z] I (1247564) RouteLoom: HIL PROBE tx peer=2 type=40 status=0 detail=ok
[2026-09-26T13:01:43.000Z] I (1247581) RouteLoom: HIL LINK rx peer=2 type=41 cid=3308332480 current=0 status=5 seq=16
[2026-09-26T13:01:43.246Z] I (1247827) RouteLoom: HIL LINK rx peer=2 type=32 cid=3308332480 current=0 status=5 seq=27
[2026-09-26T13:01:45.961Z] I (1250541) RouteLoom: HIL LINK tx peer=2 type=32 cid=4141699131 seq=257
[2026-09-26T13:01:48.246Z] I (1252827) RouteLoom: HIL LINK rx peer=2 type=32 cid=3308332480 current=0 status=5 seq=29
[2026-09-26T13:01:50.963Z] I (1255544) RouteLoom: HIL LINK tx peer=2 type=32 cid=4141699131 seq=258
[2026-09-26T13:01:53.002Z] I (1257581) RouteLoom: HIL LINK rx peer=2 type=40 cid=3308332480 current=0 status=5 seq=18
[2026-09-26T13:01:53.004Z] I (1257585) RouteLoom: HIL PROBE tx peer=2 type=41 status=0 detail=ok
[2026-09-26T13:01:53.246Z] I (1257827) RouteLoom: HIL LINK rx peer=2 type=32 cid=3308332480 current=0 status=5 seq=31
[2026-09-26T13:01:55.840Z] I (1260421) RouteLoom: stack hwm main 10996 B
[2026-09-26T13:01:55.841Z] I (1260421) RouteLoom: HIL HEAP free=22184 largest=19456 min=21408 B
[2026-09-26T13:01:55.850Z] I (1260422) RouteLoom: HIL DISCOVERY candidates=0 neighbors=1 capacity=0 auth=8 stale=2 probes=86 send_failures=4 kind_rejects=6
[2026-09-26T13:01:55.858Z] I (1260432) RouteLoom: HIL ROUTE peer=1 phase=-1 via=2 metric=2 generation=303 seq=7
[2026-09-26T13:01:55.865Z] I (1260439) RouteLoom: HIL ROUTE peer=2 phase=5 via=2 metric=1 generation=279 seq=1
[2026-09-26T13:01:55.965Z] I (1260546) RouteLoom: HIL LINK tx peer=2 type=32 cid=4141699131 seq=259
[2026-09-26T13:01:58.249Z] I (1262830) RouteLoom: HIL LINK rx peer=2 type=32 cid=3308332480 current=0 status=5 seq=33
[2026-09-26T13:02:00.966Z] I (1265547) RouteLoom: HIL LINK tx peer=2 type=32 cid=4141699131 seq=260
[2026-09-26T13:02:03.004Z] I (1267585) RouteLoom: HIL PROBE tx peer=2 type=40 status=0 detail=ok
[2026-09-26T13:02:03.021Z] I (1267602) RouteLoom: HIL LINK rx peer=2 type=41 cid=3308332480 current=0 status=5 seq=20
[2026-09-26T13:02:03.250Z] I (1267830) RouteLoom: HIL LINK rx peer=2 type=32 cid=3308332480 current=0 status=5 seq=35
[2026-09-26T13:02:04.560Z] I (1269140) RouteLoom: HIL LINK rx peer=2 type=16 cid=3308332480 current=0 status=5 seq=84
[2026-09-26T13:02:04.563Z] I (1269144) RouteLoomRef: message origin=1 session=303 sequence=84 bytes=4
[2026-09-26T13:02:04.569Z] I (1269147) RouteLoom: HIL LINK tx peer=2 type=17 cid=4141699131 seq=84
[2026-09-26T13:02:04.579Z] I (1269158) RouteLoom: HIL LINK tx peer=2 type=18 cid=4141699131 seq=84
[2026-09-26T13:02:04.598Z] I (1269179) RouteLoom: HIL LINK rx peer=2 type=17 cid=3308332480 current=0 status=5 seq=84
[2026-09-26T13:02:05.968Z] I (1270549) RouteLoom: HIL LINK tx peer=2 type=32 cid=4141699131 seq=261
[2026-09-26T13:02:08.250Z] I (1272831) RouteLoom: HIL LINK rx peer=2 type=32 cid=3308332480 current=0 status=5 seq=37
[2026-09-26T13:02:10.970Z] I (1275550) RouteLoom: HIL LINK tx peer=2 type=32 cid=4141699131 seq=262
[2026-09-26T13:02:13.021Z] I (1277601) RouteLoom: HIL LINK rx peer=2 type=40 cid=3308332480 current=0 status=5 seq=22
[2026-09-26T13:02:13.025Z] I (1277605) RouteLoom: HIL PROBE tx peer=2 type=41 status=0 detail=ok
[2026-09-26T13:02:13.251Z] I (1277831) RouteLoom: HIL LINK rx peer=2 type=32 cid=3308332480 current=0 status=5 seq=39
[2026-09-26T13:02:15.971Z] I (1280551) RouteLoom: HIL LINK tx peer=2 type=32 cid=4141699131 seq=263
[2026-09-26T13:02:18.253Z] I (1282833) RouteLoom: HIL LINK rx peer=2 type=32 cid=3308332480 current=0 status=5 seq=41
[2026-09-26T13:02:20.973Z] I (1285553) RouteLoom: HIL LINK tx peer=2 type=32 cid=4141699131 seq=264
[2026-09-26T13:02:23.024Z] I (1287605) RouteLoom: HIL PROBE tx peer=2 type=40 status=0 detail=ok
[2026-09-26T13:02:23.043Z] I (1287623) RouteLoom: HIL LINK rx peer=2 type=41 cid=3308332480 current=0 status=5 seq=24
[2026-09-26T13:02:23.255Z] I (1287835) RouteLoom: HIL LINK rx peer=2 type=32 cid=3308332480 current=0 status=5 seq=43
[2026-09-26T13:02:25.974Z] I (1290554) RouteLoom: HIL LINK tx peer=2 type=32 cid=4141699131 seq=265
[2026-09-26T13:02:28.256Z] I (1292836) RouteLoom: HIL LINK rx peer=2 type=32 cid=3308332480 current=0 status=5 seq=45
[2026-09-26T13:02:30.975Z] I (1295555) RouteLoom: HIL LINK tx peer=2 type=32 cid=4141699131 seq=266
[2026-09-26T13:02:33.040Z] I (1297620) RouteLoom: HIL LINK rx peer=2 type=40 cid=3308332480 current=0 status=5 seq=26
[2026-09-26T13:02:33.043Z] I (1297624) RouteLoom: HIL PROBE tx peer=2 type=41 status=0 detail=ok
[2026-09-26T13:02:33.256Z] I (1297836) RouteLoom: HIL LINK rx peer=2 type=32 cid=3308332480 current=0 status=5 seq=47
[2026-09-26T13:02:34.554Z] I (1299134) RouteLoom: HIL LINK rx peer=2 type=16 cid=3308332480 current=0 status=5 seq=85
[2026-09-26T13:02:34.557Z] I (1299138) RouteLoomRef: message origin=1 session=303 sequence=85 bytes=4
[2026-09-26T13:02:34.564Z] I (1299141) RouteLoom: HIL LINK tx peer=2 type=17 cid=4141699131 seq=85
[2026-09-26T13:02:34.572Z] I (1299152) RouteLoom: HIL LINK tx peer=2 type=18 cid=4141699131 seq=85
[2026-09-26T13:02:34.592Z] I (1299173) RouteLoom: HIL LINK rx peer=2 type=17 cid=3308332480 current=0 status=5 seq=85
[2026-09-26T13:02:35.977Z] I (1300558) RouteLoom: HIL LINK tx peer=2 type=32 cid=4141699131 seq=267
[2026-09-26T13:02:38.258Z] I (1302838) RouteLoom: HIL LINK rx peer=2 type=32 cid=3308332480 current=0 status=5 seq=49
[2026-09-26T13:02:40.978Z] I (1305559) RouteLoom: HIL LINK tx peer=2 type=32 cid=4141699131 seq=268
[2026-09-26T13:02:43.043Z] I (1307624) RouteLoom: HIL PROBE tx peer=2 type=40 status=0 detail=ok
[2026-09-26T13:02:43.062Z] I (1307642) RouteLoom: HIL LINK rx peer=2 type=41 cid=3308332480 current=0 status=5 seq=28
[2026-09-26T13:02:43.259Z] I (1307839) RouteLoom: HIL LINK rx peer=2 type=32 cid=3308332480 current=0 status=5 seq=51
[2026-09-26T13:02:45.979Z] I (1310560) RouteLoom: HIL LINK tx peer=2 type=32 cid=4141699131 seq=269
[2026-09-26T13:02:48.260Z] I (1312840) RouteLoom: HIL LINK rx peer=2 type=32 cid=3308332480 current=0 status=5 seq=53
[2026-09-26T13:02:50.980Z] I (1315560) RouteLoom: HIL LINK tx peer=2 type=32 cid=4141699131 seq=270
[2026-09-26T13:02:53.058Z] I (1317638) RouteLoom: HIL LINK rx peer=2 type=40 cid=3308332480 current=0 status=5 seq=30
[2026-09-26T13:02:53.062Z] I (1317642) RouteLoom: HIL PROBE tx peer=2 type=41 status=0 detail=ok
[2026-09-26T13:02:53.261Z] I (1317841) RouteLoom: HIL LINK rx peer=2 type=32 cid=3308332480 current=0 status=5 seq=55
[2026-09-26T13:02:55.841Z] I (1320421) RouteLoom: stack hwm main 10996 B
[2026-09-26T13:02:55.841Z] I (1320421) RouteLoom: HIL HEAP free=22184 largest=19456 min=21408 B
[2026-09-26T13:02:55.851Z] I (1320422) RouteLoom: HIL DISCOVERY candidates=0 neighbors=1 capacity=0 auth=8 stale=2 probes=89 send_failures=4 kind_rejects=6
[2026-09-26T13:02:55.859Z] I (1320432) RouteLoom: HIL ROUTE peer=1 phase=-1 via=2 metric=2 generation=303 seq=7
[2026-09-26T13:02:55.866Z] I (1320439) RouteLoom: HIL ROUTE peer=2 phase=5 via=2 metric=1 generation=279 seq=1
[2026-09-26T13:02:55.980Z] I (1320561) RouteLoom: HIL LINK tx peer=2 type=32 cid=4141699131 seq=271
[2026-09-26T13:02:58.263Z] I (1322842) RouteLoom: HIL LINK rx peer=2 type=32 cid=3308332480 current=0 status=5 seq=57
[2026-09-26T13:03:00.982Z] I (1325562) RouteLoom: HIL LINK tx peer=2 type=32 cid=4141699131 seq=272
[2026-09-26T13:03:03.060Z] I (1327641) RouteLoom: HIL PROBE tx peer=2 type=40 status=0 detail=ok
[2026-09-26T13:03:03.078Z] I (1327658) RouteLoom: HIL LINK rx peer=2 type=41 cid=3308332480 current=0 status=5 seq=32
[2026-09-26T13:03:03.264Z] I (1327844) RouteLoom: HIL LINK rx peer=2 type=32 cid=3308332480 current=0 status=5 seq=59
[2026-09-26T13:03:04.562Z] I (1329142) RouteLoom: HIL LINK rx peer=2 type=16 cid=3308332480 current=0 status=5 seq=86
[2026-09-26T13:03:04.566Z] I (1329145) RouteLoomRef: message origin=1 session=303 sequence=86 bytes=4
[2026-09-26T13:03:04.572Z] I (1329149) RouteLoom: HIL LINK tx peer=2 type=17 cid=4141699131 seq=86
[2026-09-26T13:03:04.580Z] I (1329160) RouteLoom: HIL LINK tx peer=2 type=18 cid=4141699131 seq=86
[2026-09-26T13:03:04.601Z] I (1329181) RouteLoom: HIL LINK rx peer=2 type=17 cid=3308332480 current=0 status=5 seq=86
[2026-09-26T13:03:05.982Z] I (1330563) RouteLoom: HIL LINK tx peer=2 type=32 cid=4141699131 seq=273
[2026-09-26T13:03:08.264Z] I (1332844) RouteLoom: HIL LINK rx peer=2 type=32 cid=3308332480 current=0 status=5 seq=61
[2026-09-26T13:03:10.984Z] I (1335565) RouteLoom: HIL LINK tx peer=2 type=32 cid=4141699131 seq=274
[2026-09-26T13:03:13.077Z] I (1337656) RouteLoom: HIL LINK rx peer=2 type=40 cid=3308332480 current=0 status=5 seq=34
[2026-09-26T13:03:13.080Z] I (1337660) RouteLoom: HIL PROBE tx peer=2 type=41 status=0 detail=ok
[2026-09-26T13:03:13.267Z] I (1337847) RouteLoom: HIL LINK rx peer=2 type=32 cid=3308332480 current=0 status=5 seq=63
[2026-09-26T13:03:15.985Z] I (1340565) RouteLoom: HIL LINK tx peer=2 type=32 cid=4141699131 seq=275
[2026-09-26T13:03:18.266Z] I (1342846) RouteLoom: HIL LINK rx peer=2 type=32 cid=3308332480 current=0 status=5 seq=65
[2026-09-26T13:03:20.993Z] I (1345567) RouteLoom: HIL LINK tx peer=2 type=32 cid=4141699131 seq=276
[2026-09-26T13:03:23.082Z] I (1347659) RouteLoom: HIL PROBE tx peer=2 type=40 status=0 detail=ok
[2026-09-26T13:03:23.099Z] I (1347677) RouteLoom: HIL LINK rx peer=2 type=41 cid=3308332480 current=0 status=5 seq=36
[2026-09-26T13:03:23.271Z] I (1347850) RouteLoom: HIL LINK rx peer=2 type=32 cid=3308332480 current=0 status=5 seq=67
[2026-09-26T13:03:25.988Z] I (1350568) RouteLoom: HIL LINK tx peer=2 type=32 cid=4141699131 seq=277
[2026-09-26T13:03:28.272Z] I (1352851) RouteLoom: HIL LINK rx peer=2 type=32 cid=3308332480 current=0 status=5 seq=69
[2026-09-26T13:03:30.989Z] I (1355569) RouteLoom: HIL LINK tx peer=2 type=32 cid=4141699131 seq=278
[2026-09-26T13:03:33.096Z] I (1357675) RouteLoom: HIL LINK rx peer=2 type=40 cid=3308332480 current=0 status=5 seq=38
[2026-09-26T13:03:33.103Z] I (1357679) RouteLoom: HIL PROBE tx peer=2 type=41 status=0 detail=ok
[2026-09-26T13:03:33.273Z] I (1357852) RouteLoom: HIL LINK rx peer=2 type=32 cid=3308332480 current=0 status=5 seq=71
[2026-09-26T13:03:34.562Z] I (1359140) RouteLoom: HIL LINK rx peer=2 type=16 cid=3308332480 current=0 status=5 seq=87
[2026-09-26T13:03:34.564Z] I (1359143) RouteLoomRef: message origin=1 session=303 sequence=87 bytes=4
[2026-09-26T13:03:34.570Z] I (1359147) RouteLoom: HIL LINK tx peer=2 type=17 cid=4141699131 seq=87
[2026-09-26T13:03:34.578Z] I (1359158) RouteLoom: HIL LINK tx peer=2 type=18 cid=4141699131 seq=87
[2026-09-26T13:03:34.598Z] I (1359178) RouteLoom: HIL LINK rx peer=2 type=17 cid=3308332480 current=0 status=5 seq=87
[2026-09-26T13:03:35.989Z] I (1360569) RouteLoom: HIL LINK tx peer=2 type=32 cid=4141699131 seq=279
[2026-09-26T13:03:38.276Z] I (1362855) RouteLoom: HIL LINK rx peer=2 type=32 cid=3308332480 current=0 status=5 seq=73
[2026-09-26T13:03:40.992Z] I (1365569) RouteLoom: HIL LINK tx peer=2 type=32 cid=4141699131 seq=280
[2026-09-26T13:03:43.097Z] I (1367677) RouteLoom: HIL PROBE tx peer=2 type=40 status=0 detail=ok
[2026-09-26T13:03:43.116Z] I (1367695) RouteLoom: HIL LINK rx peer=2 type=41 cid=3308332480 current=0 status=5 seq=40
[2026-09-26T13:03:43.277Z] I (1367856) RouteLoom: HIL LINK rx peer=2 type=32 cid=3308332480 current=0 status=5 seq=75
[2026-09-26T13:03:45.991Z] I (1370570) RouteLoom: HIL LINK tx peer=2 type=32 cid=4141699131 seq=281
[2026-09-26T13:03:48.278Z] I (1372857) RouteLoom: HIL LINK rx peer=2 type=32 cid=3308332480 current=0 status=5 seq=77
[2026-09-26T13:03:50.992Z] I (1375571) RouteLoom: HIL LINK tx peer=2 type=32 cid=4141699131 seq=282
[2026-09-26T13:03:53.112Z] I (1377692) RouteLoom: HIL LINK rx peer=2 type=40 cid=3308332480 current=0 status=5 seq=42
[2026-09-26T13:03:53.116Z] I (1377696) RouteLoom: HIL PROBE tx peer=2 type=41 status=0 detail=ok
[2026-09-26T13:03:53.279Z] I (1377858) RouteLoom: HIL LINK rx peer=2 type=32 cid=3308332480 current=0 status=5 seq=79
[2026-09-26T13:03:55.844Z] I (1380423) RouteLoom: stack hwm main 10996 B
[2026-09-26T13:03:55.844Z] I (1380423) RouteLoom: HIL HEAP free=22184 largest=19456 min=21408 B
[2026-09-26T13:03:55.854Z] I (1380424) RouteLoom: HIL DISCOVERY candidates=0 neighbors=1 capacity=0 auth=8 stale=2 probes=92 send_failures=4 kind_rejects=6
[2026-09-26T13:03:55.861Z] I (1380434) RouteLoom: HIL ROUTE peer=1 phase=-1 via=2 metric=2 generation=303 seq=7
[2026-09-26T13:03:55.869Z] I (1380441) RouteLoom: HIL ROUTE peer=2 phase=5 via=2 metric=1 generation=279 seq=1
[2026-09-26T13:03:55.992Z] I (1380572) RouteLoom: HIL LINK tx peer=2 type=32 cid=4141699131 seq=283
[2026-09-26T13:03:58.280Z] I (1382859) RouteLoom: HIL LINK rx peer=2 type=32 cid=3308332480 current=0 status=5 seq=81
[2026-09-26T13:04:00.994Z] I (1385573) RouteLoom: HIL LINK tx peer=2 type=32 cid=4141699131 seq=284
[2026-09-26T13:04:03.116Z] I (1387696) RouteLoom: HIL PROBE tx peer=2 type=40 status=0 detail=ok
[2026-09-26T13:04:03.138Z] I (1387717) RouteLoom: HIL LINK rx peer=2 type=41 cid=3308332480 current=0 status=5 seq=44
[2026-09-26T13:04:03.281Z] I (1387860) RouteLoom: HIL LINK rx peer=2 type=32 cid=3308332480 current=0 status=5 seq=83
[2026-09-26T13:04:04.554Z] I (1389134) RouteLoom: HIL LINK rx peer=2 type=16 cid=3308332480 current=0 status=5 seq=88
[2026-09-26T13:04:04.558Z] I (1389137) RouteLoomRef: message origin=1 session=303 sequence=88 bytes=4
[2026-09-26T13:04:04.564Z] I (1389141) RouteLoom: HIL LINK tx peer=2 type=17 cid=4141699131 seq=88
[2026-09-26T13:04:04.575Z] I (1389155) RouteLoom: HIL LINK tx peer=2 type=18 cid=4141699131 seq=88
[2026-09-26T13:04:04.595Z] I (1389174) RouteLoom: HIL LINK rx peer=2 type=17 cid=3308332480 current=0 status=5 seq=88
[2026-09-26T13:04:05.995Z] I (1390575) RouteLoom: HIL LINK tx peer=2 type=32 cid=4141699131 seq=285
[2026-09-26T13:04:08.282Z] I (1392862) RouteLoom: HIL LINK rx peer=2 type=32 cid=3308332480 current=0 status=5 seq=85
[2026-09-26T13:04:10.996Z] I (1395576) RouteLoom: HIL LINK tx peer=2 type=32 cid=4141699131 seq=286
[2026-09-26T13:04:13.133Z] I (1397712) RouteLoom: HIL LINK rx peer=2 type=40 cid=3308332480 current=0 status=5 seq=46
[2026-09-26T13:04:13.137Z] I (1397716) RouteLoom: HIL PROBE tx peer=2 type=41 status=0 detail=ok
[2026-09-26T13:04:13.284Z] I (1397863) RouteLoom: HIL LINK rx peer=2 type=32 cid=3308332480 current=0 status=5 seq=87
[2026-09-26T13:04:15.997Z] I (1400576) RouteLoom: HIL LINK tx peer=2 type=32 cid=4141699131 seq=287
[2026-09-26T13:04:18.284Z] I (1402863) RouteLoom: HIL LINK rx peer=2 type=32 cid=3308332480 current=0 status=5 seq=89
[2026-09-26T13:04:20.998Z] I (1405577) RouteLoom: HIL LINK tx peer=2 type=32 cid=4141699131 seq=288
[2026-09-26T13:04:23.136Z] I (1407715) RouteLoom: HIL PROBE tx peer=2 type=40 status=0 detail=ok
[2026-09-26T13:04:23.154Z] I (1407733) RouteLoom: HIL LINK rx peer=2 type=41 cid=3308332480 current=0 status=5 seq=48
[2026-09-26T13:04:23.286Z] I (1407865) RouteLoom: HIL LINK rx peer=2 type=32 cid=3308332480 current=0 status=5 seq=91
[2026-09-26T13:04:26.000Z] I (1410578) RouteLoom: HIL LINK tx peer=2 type=32 cid=4141699131 seq=289
[2026-09-26T13:04:28.286Z] I (1412865) RouteLoom: HIL LINK rx peer=2 type=32 cid=3308332480 current=0 status=5 seq=93
[2026-09-26T13:04:31.000Z] I (1415579) RouteLoom: HIL LINK tx peer=2 type=32 cid=4141699131 seq=290
[2026-09-26T13:04:33.152Z] I (1417731) RouteLoom: HIL LINK rx peer=2 type=40 cid=3308332480 current=0 status=5 seq=50
[2026-09-26T13:04:33.156Z] I (1417735) RouteLoom: HIL PROBE tx peer=2 type=41 status=0 detail=ok
[2026-09-26T13:04:33.288Z] I (1417867) RouteLoom: HIL LINK rx peer=2 type=32 cid=3308332480 current=0 status=5 seq=95
[2026-09-26T13:04:34.568Z] I (1419140) RouteLoom: HIL LINK rx peer=2 type=16 cid=3308332480 current=0 status=5 seq=89
[2026-09-26T13:04:34.568Z] I (1419144) RouteLoomRef: message origin=1 session=303 sequence=89 bytes=4
[2026-09-26T13:04:34.573Z] I (1419147) RouteLoom: HIL LINK tx peer=2 type=17 cid=4141699131 seq=89
[2026-09-26T13:04:34.586Z] I (1419159) RouteLoom: HIL LINK tx peer=2 type=18 cid=4141699131 seq=89
[2026-09-26T13:04:34.600Z] I (1419179) RouteLoom: HIL LINK rx peer=2 type=17 cid=3308332480 current=0 status=5 seq=89
[2026-09-26T13:04:36.004Z] I (1420582) RouteLoom: HIL LINK tx peer=2 type=32 cid=4141699131 seq=291
[2026-09-26T13:04:38.289Z] I (1422868) RouteLoom: HIL LINK rx peer=2 type=32 cid=3308332480 current=0 status=5 seq=97
[2026-09-26T13:04:41.007Z] I (1425583) RouteLoom: HIL LINK tx peer=2 type=32 cid=4141699131 seq=292
[2026-09-26T13:04:43.154Z] I (1427733) RouteLoom: HIL PROBE tx peer=2 type=40 status=0 detail=ok
[2026-09-26T13:04:43.171Z] I (1427750) RouteLoom: HIL LINK rx peer=2 type=41 cid=3308332480 current=0 status=5 seq=52
[2026-09-26T13:04:43.291Z] I (1427870) RouteLoom: HIL LINK rx peer=2 type=32 cid=3308332480 current=0 status=5 seq=99
[2026-09-26T13:04:46.006Z] I (1430584) RouteLoom: HIL LINK tx peer=2 type=32 cid=4141699131 seq=293
[2026-09-26T13:04:48.291Z] I (1432870) RouteLoom: HIL LINK rx peer=2 type=32 cid=3308332480 current=0 status=5 seq=101
[2026-09-26T13:04:51.008Z] I (1435587) RouteLoom: HIL LINK tx peer=2 type=32 cid=4141699131 seq=294
[2026-09-26T13:04:53.169Z] I (1437748) RouteLoom: HIL LINK rx peer=2 type=40 cid=3308332480 current=0 status=5 seq=54
[2026-09-26T13:04:53.173Z] I (1437752) RouteLoom: HIL PROBE tx peer=2 type=41 status=0 detail=ok
[2026-09-26T13:04:53.291Z] I (1437870) RouteLoom: HIL LINK rx peer=2 type=32 cid=3308332480 current=0 status=5 seq=103
[2026-09-26T13:04:55.844Z] I (1440423) RouteLoom: stack hwm main 10996 B
[2026-09-26T13:04:55.844Z] I (1440423) RouteLoom: HIL HEAP free=22184 largest=19456 min=21408 B
[2026-09-26T13:04:55.854Z] I (1440424) RouteLoom: HIL DISCOVERY candidates=0 neighbors=1 capacity=0 auth=8 stale=2 probes=95 send_failures=4 kind_rejects=6
[2026-09-26T13:04:55.862Z] I (1440434) RouteLoom: HIL ROUTE peer=1 phase=-1 via=2 metric=2 generation=303 seq=7
[2026-09-26T13:04:55.869Z] I (1440441) RouteLoom: HIL ROUTE peer=2 phase=5 via=2 metric=1 generation=279 seq=1
[2026-09-26T13:04:56.008Z] I (1440587) RouteLoom: HIL LINK tx peer=2 type=32 cid=4141699131 seq=295
[2026-09-26T13:04:58.292Z] I (1442871) RouteLoom: HIL LINK rx peer=2 type=32 cid=3308332480 current=0 status=5 seq=105
[2026-09-26T13:05:01.009Z] I (1445588) RouteLoom: HIL LINK tx peer=2 type=32 cid=4141699131 seq=296
[2026-09-26T13:05:03.173Z] I (1447752) RouteLoom: HIL PROBE tx peer=2 type=40 status=0 detail=ok
[2026-09-26T13:05:03.190Z] I (1447769) RouteLoom: HIL LINK rx peer=2 type=41 cid=3308332480 current=0 status=5 seq=56
[2026-09-26T13:05:03.296Z] I (1447874) RouteLoom: HIL LINK rx peer=2 type=32 cid=3308332480 current=0 status=5 seq=107
[2026-09-26T13:05:04.561Z] I (1449139) RouteLoom: HIL LINK rx peer=2 type=16 cid=3308332480 current=0 status=5 seq=90
[2026-09-26T13:05:04.564Z] I (1449142) RouteLoomRef: message origin=1 session=303 sequence=90 bytes=4
[2026-09-26T13:05:04.570Z] I (1449146) RouteLoom: HIL LINK tx peer=2 type=17 cid=4141699131 seq=90
[2026-09-26T13:05:04.578Z] I (1449157) RouteLoom: HIL LINK tx peer=2 type=18 cid=4141699131 seq=90
[2026-09-26T13:05:04.599Z] I (1449177) RouteLoom: HIL LINK rx peer=2 type=17 cid=3308332480 current=0 status=5 seq=90
[2026-09-26T13:05:06.011Z] I (1450590) RouteLoom: HIL LINK tx peer=2 type=32 cid=4141699131 seq=297
[2026-09-26T13:05:08.296Z] I (1452874) RouteLoom: HIL LINK rx peer=2 type=32 cid=3308332480 current=0 status=5 seq=109
[2026-09-26T13:05:11.013Z] I (1455592) RouteLoom: HIL LINK tx peer=2 type=32 cid=4141699131 seq=298
[2026-09-26T13:05:13.189Z] I (1457767) RouteLoom: HIL LINK rx peer=2 type=40 cid=3308332480 current=0 status=5 seq=58
[2026-09-26T13:05:13.192Z] I (1457771) RouteLoom: HIL PROBE tx peer=2 type=41 status=0 detail=ok
[2026-09-26T13:05:13.297Z] I (1457876) RouteLoom: HIL LINK rx peer=2 type=32 cid=3308332480 current=0 status=5 seq=111
[2026-09-26T13:05:16.014Z] I (1460593) RouteLoom: HIL LINK tx peer=2 type=32 cid=4141699131 seq=299
[2026-09-26T13:05:18.301Z] I (1462879) RouteLoom: HIL LINK rx peer=2 type=32 cid=3308332480 current=0 status=5 seq=113
[2026-09-26T13:05:21.015Z] I (1465593) RouteLoom: HIL LINK tx peer=2 type=32 cid=4141699131 seq=300
[2026-09-26T13:05:23.191Z] I (1467770) RouteLoom: HIL PROBE tx peer=2 type=40 status=0 detail=ok
[2026-09-26T13:05:23.208Z] I (1467787) RouteLoom: HIL LINK rx peer=2 type=41 cid=3308332480 current=0 status=5 seq=61
[2026-09-26T13:05:23.299Z] I (1467877) RouteLoom: HIL LINK rx peer=2 type=32 cid=3308332480 current=0 status=5 seq=115
[2026-09-26T13:05:26.016Z] I (1470595) RouteLoom: HIL LINK tx peer=2 type=32 cid=4141699131 seq=301
[2026-09-26T13:05:28.298Z] I (1472877) RouteLoom: HIL LINK rx peer=2 type=32 cid=3308332480 current=0 status=5 seq=117
[2026-09-26T13:05:31.018Z] I (1475596) RouteLoom: HIL LINK tx peer=2 type=32 cid=4141699131 seq=302
[2026-09-26T13:05:33.207Z] I (1477785) RouteLoom: HIL LINK rx peer=2 type=40 cid=3308332480 current=0 status=5 seq=63
[2026-09-26T13:05:33.211Z] I (1477789) RouteLoom: HIL PROBE tx peer=2 type=41 status=0 detail=ok
[2026-09-26T13:05:33.299Z] I (1477877) RouteLoom: HIL LINK rx peer=2 type=32 cid=3308332480 current=0 status=5 seq=119
[2026-09-26T13:05:34.556Z] I (1479134) RouteLoom: HIL LINK rx peer=2 type=16 cid=3308332480 current=0 status=5 seq=91
[2026-09-26T13:05:34.559Z] I (1479137) RouteLoomRef: message origin=1 session=303 sequence=91 bytes=4
[2026-09-26T13:05:34.565Z] I (1479141) RouteLoom: HIL LINK tx peer=2 type=17 cid=4141699131 seq=91
[2026-09-26T13:05:34.574Z] I (1479152) RouteLoom: HIL LINK tx peer=2 type=18 cid=4141699131 seq=91
[2026-09-26T13:05:34.595Z] I (1479173) RouteLoom: HIL LINK rx peer=2 type=17 cid=3308332480 current=0 status=5 seq=91
[2026-09-26T13:05:36.019Z] I (1480598) RouteLoom: HIL LINK tx peer=2 type=32 cid=4141699131 seq=303
[2026-09-26T13:05:41.021Z] I (1485600) RouteLoom: HIL LINK tx peer=2 type=32 cid=4141699131 seq=304
[2026-09-26T13:05:43.210Z] I (1487789) RouteLoom: HIL PROBE tx peer=2 type=40 status=0 detail=ok
[2026-09-26T13:05:45.212Z] I (1489791) RouteLoom: HIL PROBE tx peer=2 type=40 status=0 detail=ok
[2026-09-26T13:05:46.021Z] I (1490599) RouteLoom: HIL LINK tx peer=2 type=32 cid=4141699131 seq=305
[2026-09-26T13:05:47.213Z] I (1491792) RouteLoom: HIL PROBE tx peer=2 type=40 status=0 detail=ok
[2026-09-26T13:05:48.340Z] I (1492919) RouteLoom: HIL LINK tx peer=2 type=32 cid=4141699131 seq=306
[2026-09-26T13:05:49.215Z] I (1493794) RouteLoom: HIL PROBE tx peer=2 type=40 status=0 detail=ok
[2026-09-26T13:05:51.023Z] I (1495602) RouteLoom: HIL LINK tx peer=2 type=32 cid=4141699131 seq=307
[2026-09-26T13:05:51.217Z] I (1495796) RouteLoom: HIL PROBE tx peer=2 type=40 status=0 detail=ok
[2026-09-26T13:05:53.219Z] I (1497798) RouteLoom: HIL PROBE tx peer=2 type=40 status=0 detail=ok
[2026-09-26T13:05:55.221Z] I (1499800) RouteLoom: HIL PROBE tx peer=2 type=40 status=0 detail=ok
[2026-09-26T13:05:55.845Z] I (1500423) RouteLoom: stack hwm main 10996 B
[2026-09-26T13:05:55.845Z] I (1500423) RouteLoom: HIL HEAP free=22184 largest=19456 min=21408 B
[2026-09-26T13:05:55.855Z] I (1500424) RouteLoom: HIL DISCOVERY candidates=0 neighbors=1 capacity=0 auth=8 stale=2 probes=104 send_failures=4 kind_rejects=6
[2026-09-26T13:05:55.862Z] I (1500434) RouteLoom: HIL ROUTE peer=1 phase=-1 via=0 metric=0 generation=0 seq=0
[2026-09-26T13:05:55.870Z] I (1500441) RouteLoom: HIL ROUTE peer=2 phase=5 via=0 metric=0 generation=0 seq=0
[2026-09-26T13:05:56.023Z] I (1500602) RouteLoom: HIL LINK tx peer=2 type=32 cid=4141699131 seq=308
[2026-09-26T13:05:57.222Z] I (1501801) RouteLoom: HIL PROBE tx peer=2 type=40 status=0 detail=ok
[2026-09-26T13:05:59.225Z] I (1503803) RouteLoom: HIL PROBE tx peer=2 type=40 status=0 detail=ok
[2026-09-26T13:06:01.023Z] I (1505602) RouteLoom: HIL LINK tx peer=2 type=32 cid=4141699131 seq=309
[2026-09-26T13:06:01.227Z] I (1505805) RouteLoom: HIL PROBE tx peer=2 type=40 status=0 detail=ok
[2026-09-26T13:06:03.208Z] I (1507787) RouteLoomRef: discovery event=STALE peer=2
[2026-09-26T13:06:03.209Z] W (1507787) RouteLoomRef: diagnostic reason=STALE peer=2 message=none
[2026-09-26T13:06:03.228Z] I (1507806) RouteLoom: HIL LR250 peer=94:a9:90:7a:b5:60 result=ESP_OK
[2026-09-26T13:06:03.230Z] I (1507808) RouteLoom: HIL PROBE tx peer=2 type=40 status=0 detail=ok
[2026-09-26T13:06:05.211Z] I (1509789) RouteLoomRef: discovery event=REDISCOVERY peer=2
[2026-09-26T13:06:05.212Z] W (1509789) RouteLoomRef: diagnostic reason=REDISCOVERY peer=2 message=none
[2026-09-26T13:06:05.995Z] I (1510573) RouteLoom: HIL LR250 peer=94:a9:90:7a:b5:60 result=ESP_OK
[2026-09-26T13:06:05.996Z] I (1510574) RouteLoom: HIL RLD1 tx claimed=3 phase=5 step=1
[2026-09-26T13:06:06.001Z] W (1510577) ESPNOW: Peer exists. Please call API esp_now_mod_peer()!
[2026-09-26T13:06:06.007Z] I (1510580) RouteLoom: HIL LR250 peer=94:a9:90:7a:b5:60 result=ESP_OK
[2026-09-26T13:06:06.019Z] I (1510597) RouteLoom: HIL RLD1 rx claimed=2 phase=5 step=2
[2026-09-26T13:06:06.024Z] I (1510602) RouteLoom: HIL LR250 peer=94:a9:90:7a:b5:60 result=ESP_OK
[2026-09-26T13:06:06.025Z] I (1510603) RouteLoom: HIL RLD1 tx claimed=3 phase=5 step=3
[2026-09-26T13:06:06.031Z] W (1510604) ESPNOW: Peer exists. Please call API esp_now_mod_peer()!
[2026-09-26T13:06:06.037Z] I (1510609) RouteLoom: HIL LR250 peer=94:a9:90:7a:b5:60 result=ESP_OK
[2026-09-26T13:06:06.043Z] I (1510617) RouteLoom: HIL PROBE tx peer=2 type=40 status=0 detail=ok
[2026-09-26T13:06:06.518Z] I (1511096) RouteLoom: HIL RLD1 rx claimed=2 phase=5 step=2
[2026-09-26T13:06:06.520Z] I (1511099) RouteLoom: HIL RLD1 tx claimed=3 phase=5 step=3
[2026-09-26T13:06:07.020Z] I (1511598) RouteLoom: HIL RLD1 rx claimed=2 phase=5 step=2
[2026-09-26T13:06:07.022Z] I (1511600) RouteLoom: HIL RLD1 tx claimed=3 phase=5 step=3
[2026-09-26T13:06:07.048Z] I (1511625) RouteLoom: HIL LINK rx peer=2 type=40 cid=4279293274 current=0 status=5 seq=6
[2026-09-26T13:06:07.051Z] I (1511629) RouteLoom: HIL PROBE tx peer=2 type=41 status=0 detail=ok
[2026-09-26T13:06:07.101Z] I (1511680) RouteLoom: HIL LINK rx peer=2 type=32 cid=4279293274 current=0 status=5 seq=11
[2026-09-26T13:06:07.522Z] I (1512101) RouteLoom: HIL RLD1 tx claimed=3 phase=5 step=3
[2026-09-26T13:06:08.027Z] I (1512605) RouteLoom: HIL PROBE tx peer=2 type=40 status=0 detail=ok
[2026-09-26T13:06:08.044Z] I (1512622) RouteLoom: HIL LINK rx peer=2 type=41 cid=4279293274 current=0 status=5 seq=7
[2026-09-26T13:06:08.046Z] I (1512624) RouteLoomRef: discovery event=REACHABLE peer=2
[2026-09-26T13:06:08.052Z] W (1512624) RouteLoomRef: diagnostic reason=REACHABLE peer=2 message=none
[2026-09-26T13:06:08.059Z] I (1512634) RouteLoom: HIL LINK tx peer=2 type=32 cid=856892062 seq=310
[2026-09-26T13:06:08.107Z] I (1512685) RouteLoom: HIL LINK tx peer=2 type=32 cid=856892062 seq=311
[2026-09-26T13:06:08.134Z] I (1512712) RouteLoom: HIL LINK rx peer=2 type=32 cid=4279293274 current=0 status=5 seq=13
[2026-09-26T13:06:08.139Z] W (1512714) RouteLoomRef: diagnostic reason=PEER_RESTARTED_ROUTES_FLUSHED peer=2 message=none
[2026-09-26T13:06:08.178Z] I (1512756) RouteLoom: HIL LINK rx peer=2 type=16 cid=4279293274 current=0 status=5 seq=92
[2026-09-26T13:06:08.181Z] I (1512759) RouteLoomRef: message origin=1 session=303 sequence=92 bytes=4
[2026-09-26T13:06:08.187Z] I (1512762) RouteLoom: HIL LINK tx peer=2 type=17 cid=856892062 seq=92
[2026-09-26T13:06:08.196Z] I (1512774) RouteLoom: HIL LINK tx peer=2 type=18 cid=856892062 seq=92
[2026-09-26T13:06:08.215Z] I (1512793) RouteLoom: HIL LINK rx peer=2 type=17 cid=4279293274 current=0 status=5 seq=92
[2026-09-26T13:06:09.109Z] I (1513687) RouteLoom: HIL LINK tx peer=2 type=32 cid=856892062 seq=312
[2026-09-26T13:06:09.571Z] I (1514149) RouteLoom: HIL LINK rx peer=2 type=32 cid=4279293274 current=0 status=5 seq=14
[2026-09-26T13:06:13.047Z] I (1517625) RouteLoom: HIL LINK tx peer=2 type=32 cid=856892062 seq=313
[2026-09-26T13:06:14.570Z] I (1519148) RouteLoom: HIL LINK rx peer=2 type=32 cid=4279293274 current=0 status=5 seq=16
[2026-09-26T13:06:18.043Z] I (1522620) RouteLoom: HIL LINK rx peer=2 type=40 cid=4279293274 current=0 status=5 seq=9
[2026-09-26T13:06:18.046Z] I (1522624) RouteLoom: HIL PROBE tx peer=2 type=41 status=0 detail=ok
[2026-09-26T13:06:18.056Z] I (1522633) RouteLoom: HIL LINK tx peer=2 type=32 cid=856892062 seq=314
[2026-09-26T13:06:19.573Z] I (1524151) RouteLoom: HIL LINK rx peer=2 type=32 cid=4279293274 current=0 status=5 seq=18
[2026-09-26T13:06:23.055Z] I (1527633) RouteLoom: HIL LINK tx peer=2 type=32 cid=856892062 seq=315
[2026-09-26T13:06:24.576Z] I (1529154) RouteLoom: HIL LINK rx peer=2 type=32 cid=4279293274 current=0 status=5 seq=20
[2026-09-26T13:06:28.045Z] I (1532623) RouteLoom: HIL PROBE tx peer=2 type=40 status=0 detail=ok
[2026-09-26T13:06:28.058Z] I (1532635) RouteLoom: HIL LINK tx peer=2 type=32 cid=856892062 seq=316
[2026-09-26T13:06:28.075Z] I (1532652) RouteLoom: HIL LINK rx peer=2 type=41 cid=4279293274 current=0 status=5 seq=11
[2026-09-26T13:06:29.579Z] I (1534156) RouteLoom: HIL LINK rx peer=2 type=32 cid=4279293274 current=0 status=5 seq=22
[2026-09-26T13:06:33.058Z] I (1537636) RouteLoom: HIL LINK tx peer=2 type=32 cid=856892062 seq=317
[2026-09-26T13:06:34.556Z] I (1539133) RouteLoom: HIL LINK rx peer=2 type=16 cid=4279293274 current=0 status=5 seq=93
[2026-09-26T13:06:34.559Z] I (1539136) RouteLoomRef: message origin=1 session=303 sequence=93 bytes=4
[2026-09-26T13:06:34.565Z] I (1539140) RouteLoom: HIL LINK tx peer=2 type=17 cid=856892062 seq=93
[2026-09-26T13:06:34.574Z] I (1539151) RouteLoom: HIL LINK tx peer=2 type=18 cid=856892062 seq=93
[2026-09-26T13:06:34.590Z] I (1539168) RouteLoom: HIL LINK rx peer=2 type=32 cid=4279293274 current=0 status=5 seq=24
[2026-09-26T13:06:34.603Z] I (1539180) RouteLoom: HIL LINK rx peer=2 type=17 cid=4279293274 current=0 status=5 seq=93
[2026-09-26T13:06:38.058Z] I (1542636) RouteLoom: HIL LINK tx peer=2 type=32 cid=856892062 seq=318
[2026-09-26T13:06:38.078Z] I (1542656) RouteLoom: HIL PROBE tx peer=2 type=40 status=0 detail=ok
[2026-09-26T13:06:38.100Z] I (1542677) RouteLoom: HIL LINK rx peer=2 type=41 cid=4279293274 current=0 status=5 seq=13
[2026-09-26T13:06:39.581Z] I (1544159) RouteLoom: HIL LINK rx peer=2 type=32 cid=4279293274 current=0 status=5 seq=26
[2026-09-26T13:06:43.060Z] I (1547638) RouteLoom: HIL LINK tx peer=2 type=32 cid=856892062 seq=319
[2026-09-26T13:06:44.585Z] I (1549162) RouteLoom: HIL LINK rx peer=2 type=32 cid=4279293274 current=0 status=5 seq=28
[2026-09-26T13:06:48.061Z] I (1552639) RouteLoom: HIL LINK tx peer=2 type=32 cid=856892062 seq=320
[2026-09-26T13:06:48.095Z] I (1552672) RouteLoom: HIL LINK rx peer=2 type=40 cid=4279293274 current=0 status=5 seq=15
[2026-09-26T13:06:48.099Z] I (1552676) RouteLoom: HIL PROBE tx peer=2 type=41 status=0 detail=ok
[2026-09-26T13:06:49.588Z] I (1554166) RouteLoom: HIL LINK rx peer=2 type=32 cid=4279293274 current=0 status=5 seq=30
[2026-09-26T13:06:53.061Z] I (1557639) RouteLoom: HIL LINK tx peer=2 type=32 cid=856892062 seq=321
[2026-09-26T13:06:54.588Z] I (1559165) RouteLoom: HIL LINK rx peer=2 type=32 cid=4279293274 current=0 status=5 seq=32
[2026-09-26T13:06:55.846Z] I (1560424) RouteLoom: stack hwm main 10996 B
[2026-09-26T13:06:55.847Z] I (1560424) RouteLoom: HIL HEAP free=22184 largest=19456 min=21408 B
[2026-09-26T13:06:55.858Z] I (1560425) RouteLoom: HIL DISCOVERY candidates=0 neighbors=1 capacity=0 auth=9 stale=3 probes=112 send_failures=4 kind_rejects=7
[2026-09-26T13:06:55.864Z] I (1560435) RouteLoom: HIL ROUTE peer=1 phase=-1 via=2 metric=2 generation=303 seq=8
[2026-09-26T13:06:55.872Z] I (1560442) RouteLoom: HIL ROUTE peer=2 phase=5 via=2 metric=1 generation=280 seq=1
[2026-09-26T13:06:58.064Z] I (1562639) RouteLoom: HIL LINK tx peer=2 type=32 cid=856892062 seq=322
[2026-09-26T13:06:58.096Z] I (1562674) RouteLoom: HIL PROBE tx peer=2 type=40 status=0 detail=ok
[2026-09-26T13:06:58.114Z] I (1562691) RouteLoom: HIL LINK rx peer=2 type=41 cid=4279293274 current=0 status=5 seq=17
[2026-09-26T13:06:59.591Z] I (1564168) RouteLoom: HIL LINK rx peer=2 type=32 cid=4279293274 current=0 status=5 seq=34
[2026-09-26T13:07:03.063Z] I (1567641) RouteLoom: HIL LINK tx peer=2 type=32 cid=856892062 seq=323
[2026-09-26T13:07:04.561Z] I (1569138) RouteLoom: HIL LINK rx peer=2 type=16 cid=4279293274 current=0 status=5 seq=94
[2026-09-26T13:07:04.564Z] I (1569142) RouteLoomRef: message origin=1 session=303 sequence=94 bytes=4
[2026-09-26T13:07:04.570Z] I (1569145) RouteLoom: HIL LINK tx peer=2 type=17 cid=856892062 seq=94
[2026-09-26T13:07:04.579Z] I (1569157) RouteLoom: HIL LINK tx peer=2 type=18 cid=856892062 seq=94
[2026-09-26T13:07:04.596Z] I (1569174) RouteLoom: HIL LINK rx peer=2 type=32 cid=4279293274 current=0 status=5 seq=36
[2026-09-26T13:07:04.609Z] I (1569186) RouteLoom: HIL LINK rx peer=2 type=17 cid=4279293274 current=0 status=5 seq=94
[2026-09-26T13:07:08.064Z] I (1572642) RouteLoom: HIL LINK tx peer=2 type=32 cid=856892062 seq=324
[2026-09-26T13:07:08.113Z] I (1572690) RouteLoom: HIL LINK rx peer=2 type=40 cid=4279293274 current=0 status=5 seq=19
[2026-09-26T13:07:08.117Z] I (1572694) RouteLoom: HIL PROBE tx peer=2 type=41 status=0 detail=ok
[2026-09-26T13:07:09.597Z] I (1574174) RouteLoom: HIL LINK rx peer=2 type=32 cid=4279293274 current=0 status=5 seq=38
[2026-09-26T13:07:13.064Z] I (1577642) RouteLoom: HIL LINK tx peer=2 type=32 cid=856892062 seq=325
[2026-09-26T13:07:14.601Z] I (1579178) RouteLoom: HIL LINK rx peer=2 type=32 cid=4279293274 current=0 status=5 seq=40
[2026-09-26T13:07:18.065Z] I (1582642) RouteLoom: HIL LINK tx peer=2 type=32 cid=856892062 seq=326
[2026-09-26T13:07:18.114Z] I (1582692) RouteLoom: HIL PROBE tx peer=2 type=40 status=0 detail=ok
[2026-09-26T13:07:18.132Z] I (1582709) RouteLoom: HIL LINK rx peer=2 type=41 cid=4279293274 current=0 status=5 seq=21
[2026-09-26T13:07:19.603Z] I (1584180) RouteLoom: HIL LINK rx peer=2 type=32 cid=4279293274 current=0 status=5 seq=42
[2026-09-26T13:07:23.067Z] I (1587644) RouteLoom: HIL LINK tx peer=2 type=32 cid=856892062 seq=327
[2026-09-26T13:07:24.605Z] I (1589182) RouteLoom: HIL LINK rx peer=2 type=32 cid=4279293274 current=0 status=5 seq=44
[2026-09-26T13:07:28.070Z] I (1592646) RouteLoom: HIL LINK tx peer=2 type=32 cid=856892062 seq=328
[2026-09-26T13:07:28.130Z] I (1592707) RouteLoom: HIL LINK rx peer=2 type=40 cid=4279293274 current=0 status=5 seq=23
[2026-09-26T13:07:28.134Z] I (1592711) RouteLoom: HIL PROBE tx peer=2 type=41 status=0 detail=ok
[2026-09-26T13:07:29.608Z] I (1594185) RouteLoom: HIL LINK rx peer=2 type=32 cid=4279293274 current=0 status=5 seq=46
[2026-09-26T13:07:33.070Z] I (1597647) RouteLoom: HIL LINK tx peer=2 type=32 cid=856892062 seq=329
[2026-09-26T13:07:34.558Z] I (1599135) RouteLoom: HIL LINK rx peer=2 type=16 cid=4279293274 current=0 status=5 seq=95
[2026-09-26T13:07:34.562Z] I (1599139) RouteLoomRef: message origin=1 session=303 sequence=95 bytes=4
[2026-09-26T13:07:34.568Z] I (1599142) RouteLoom: HIL LINK tx peer=2 type=17 cid=856892062 seq=95
[2026-09-26T13:07:34.576Z] I (1599153) RouteLoom: HIL LINK tx peer=2 type=18 cid=856892062 seq=95
[2026-09-26T13:07:34.597Z] I (1599174) RouteLoom: HIL LINK rx peer=2 type=17 cid=4279293274 current=0 status=5 seq=95
[2026-09-26T13:07:34.622Z] I (1599198) RouteLoom: HIL LINK rx peer=2 type=32 cid=4279293274 current=0 status=5 seq=48
[2026-09-26T13:07:38.070Z] I (1602648) RouteLoom: HIL LINK tx peer=2 type=32 cid=856892062 seq=330
[2026-09-26T13:07:38.132Z] I (1602709) RouteLoom: HIL PROBE tx peer=2 type=40 status=0 detail=ok
[2026-09-26T13:07:38.155Z] I (1602727) RouteLoom: HIL LINK rx peer=2 type=41 cid=4279293274 current=0 status=5 seq=25
[2026-09-26T13:07:39.609Z] I (1604186) RouteLoom: HIL LINK rx peer=2 type=32 cid=4279293274 current=0 status=5 seq=50
[2026-09-26T13:07:43.070Z] I (1607648) RouteLoom: HIL LINK tx peer=2 type=32 cid=856892062 seq=331
[2026-09-26T13:07:44.613Z] I (1609190) RouteLoom: HIL LINK rx peer=2 type=32 cid=4279293274 current=0 status=5 seq=52
[2026-09-26T13:07:48.072Z] I (1612648) RouteLoom: HIL LINK tx peer=2 type=32 cid=856892062 seq=332
[2026-09-26T13:07:48.148Z] I (1612725) RouteLoom: HIL LINK rx peer=2 type=40 cid=4279293274 current=0 status=5 seq=27
[2026-09-26T13:07:48.152Z] I (1612729) RouteLoom: HIL PROBE tx peer=2 type=41 status=0 detail=ok
[2026-09-26T13:07:49.617Z] I (1614194) RouteLoom: HIL LINK rx peer=2 type=32 cid=4279293274 current=0 status=5 seq=54
[2026-09-26T13:07:53.073Z] I (1617650) RouteLoom: HIL LINK tx peer=2 type=32 cid=856892062 seq=333
[2026-09-26T13:07:54.622Z] I (1619198) RouteLoom: HIL LINK rx peer=2 type=32 cid=4279293274 current=0 status=5 seq=56
[2026-09-26T13:07:55.848Z] I (1620425) RouteLoom: stack hwm main 10996 B
[2026-09-26T13:07:55.848Z] I (1620425) RouteLoom: HIL HEAP free=22184 largest=19456 min=21408 B
[2026-09-26T13:07:55.858Z] I (1620426) RouteLoom: HIL DISCOVERY candidates=0 neighbors=1 capacity=0 auth=9 stale=3 probes=115 send_failures=4 kind_rejects=7
[2026-09-26T13:07:55.866Z] I (1620436) RouteLoom: HIL ROUTE peer=1 phase=-1 via=2 metric=2 generation=303 seq=8
[2026-09-26T13:07:55.873Z] I (1620443) RouteLoom: HIL ROUTE peer=2 phase=5 via=2 metric=1 generation=280 seq=1
[2026-09-26T13:07:58.073Z] I (1622650) RouteLoom: HIL LINK tx peer=2 type=32 cid=856892062 seq=334
[2026-09-26T13:07:58.152Z] I (1622729) RouteLoom: HIL PROBE tx peer=2 type=40 status=0 detail=ok
[2026-09-26T13:07:58.171Z] I (1622747) RouteLoom: HIL LINK rx peer=2 type=41 cid=4279293274 current=0 status=5 seq=29
[2026-09-26T13:07:59.624Z] I (1624200) RouteLoom: HIL LINK rx peer=2 type=32 cid=4279293274 current=0 status=5 seq=58
[2026-09-26T13:08:03.073Z] I (1627650) RouteLoom: HIL LINK tx peer=2 type=32 cid=856892062 seq=335
[2026-09-26T13:08:04.561Z] I (1629137) RouteLoom: HIL LINK rx peer=2 type=16 cid=4279293274 current=0 status=5 seq=96
[2026-09-26T13:08:04.566Z] I (1629140) RouteLoomRef: message origin=1 session=303 sequence=96 bytes=4
[2026-09-26T13:08:04.569Z] I (1629144) RouteLoom: HIL LINK tx peer=2 type=17 cid=856892062 seq=96
[2026-09-26T13:08:04.578Z] I (1629155) RouteLoom: HIL LINK tx peer=2 type=18 cid=856892062 seq=96
[2026-09-26T13:08:04.601Z] I (1629178) RouteLoom: HIL LINK rx peer=2 type=17 cid=4279293274 current=0 status=5 seq=96
[2026-09-26T13:08:04.636Z] I (1629212) RouteLoom: HIL LINK rx peer=2 type=32 cid=4279293274 current=0 status=5 seq=60
[2026-09-26T13:08:08.075Z] I (1632652) RouteLoom: HIL LINK tx peer=2 type=32 cid=856892062 seq=336
[2026-09-26T13:08:08.170Z] I (1632744) RouteLoom: HIL LINK rx peer=2 type=40 cid=4279293274 current=0 status=5 seq=31
[2026-09-26T13:08:08.171Z] I (1632747) RouteLoom: HIL PROBE tx peer=2 type=41 status=0 detail=ok
[2026-09-26T13:08:09.631Z] I (1634207) RouteLoom: HIL LINK rx peer=2 type=32 cid=4279293274 current=0 status=5 seq=62
[2026-09-26T13:08:13.077Z] I (1637653) RouteLoom: HIL LINK tx peer=2 type=32 cid=856892062 seq=337
[2026-09-26T13:08:14.632Z] I (1639209) RouteLoom: HIL LINK rx peer=2 type=32 cid=4279293274 current=0 status=5 seq=64
[2026-09-26T13:08:18.078Z] I (1642654) RouteLoom: HIL LINK tx peer=2 type=32 cid=856892062 seq=338
[2026-09-26T13:08:18.169Z] I (1642746) RouteLoom: HIL PROBE tx peer=2 type=40 status=0 detail=ok
[2026-09-26T13:08:18.188Z] I (1642764) RouteLoom: HIL LINK rx peer=2 type=41 cid=4279293274 current=0 status=5 seq=33
[2026-09-26T13:08:19.635Z] I (1644211) RouteLoom: HIL LINK rx peer=2 type=32 cid=4279293274 current=0 status=5 seq=66
[2026-09-26T13:08:23.078Z] I (1647655) RouteLoom: HIL LINK tx peer=2 type=32 cid=856892062 seq=339
[2026-09-26T13:08:24.639Z] I (1649215) RouteLoom: HIL LINK rx peer=2 type=32 cid=4279293274 current=0 status=5 seq=68
[2026-09-26T13:08:28.079Z] I (1652655) RouteLoom: HIL LINK tx peer=2 type=32 cid=856892062 seq=340
[2026-09-26T13:08:28.185Z] I (1652761) RouteLoom: HIL LINK rx peer=2 type=40 cid=4279293274 current=0 status=5 seq=35
[2026-09-26T13:08:28.189Z] I (1652765) RouteLoom: HIL PROBE tx peer=2 type=41 status=0 detail=ok
[2026-09-26T13:08:29.648Z] I (1654224) RouteLoom: HIL LINK rx peer=2 type=32 cid=4279293274 current=0 status=5 seq=70
[2026-09-26T13:08:33.079Z] I (1657656) RouteLoom: HIL LINK tx peer=2 type=32 cid=856892062 seq=341
[2026-09-26T13:08:34.556Z] I (1659132) RouteLoom: HIL LINK rx peer=2 type=16 cid=4279293274 current=0 status=5 seq=97
[2026-09-26T13:08:34.559Z] I (1659136) RouteLoomRef: message origin=1 session=303 sequence=97 bytes=4
[2026-09-26T13:08:34.566Z] I (1659139) RouteLoom: HIL LINK tx peer=2 type=17 cid=856892062 seq=97
[2026-09-26T13:08:34.574Z] I (1659150) RouteLoom: HIL LINK tx peer=2 type=18 cid=856892062 seq=97
[2026-09-26T13:08:34.594Z] I (1659170) RouteLoom: HIL LINK rx peer=2 type=17 cid=4279293274 current=0 status=5 seq=97
[2026-09-26T13:08:34.646Z] I (1659222) RouteLoom: HIL LINK rx peer=2 type=32 cid=4279293274 current=0 status=5 seq=72
[2026-09-26T13:08:38.080Z] I (1662657) RouteLoom: HIL LINK tx peer=2 type=32 cid=856892062 seq=342
[2026-09-26T13:08:38.187Z] I (1662764) RouteLoom: HIL PROBE tx peer=2 type=40 status=0 detail=ok
[2026-09-26T13:08:38.207Z] I (1662783) RouteLoom: HIL LINK rx peer=2 type=41 cid=4279293274 current=0 status=5 seq=37
[2026-09-26T13:08:39.645Z] I (1664221) RouteLoom: HIL LINK rx peer=2 type=32 cid=4279293274 current=0 status=5 seq=74
[2026-09-26T13:08:43.082Z] I (1667659) RouteLoom: HIL LINK tx peer=2 type=32 cid=856892062 seq=343
[2026-09-26T13:08:44.649Z] I (1669225) RouteLoom: HIL LINK rx peer=2 type=32 cid=4279293274 current=0 status=5 seq=76
[2026-09-26T13:08:48.083Z] I (1672659) RouteLoom: HIL LINK tx peer=2 type=32 cid=856892062 seq=344
[2026-09-26T13:08:48.208Z] I (1672783) RouteLoom: HIL LINK rx peer=2 type=40 cid=4279293274 current=0 status=5 seq=39
[2026-09-26T13:08:48.211Z] I (1672787) RouteLoom: HIL PROBE tx peer=2 type=41 status=0 detail=ok
[2026-09-26T13:08:49.652Z] I (1674228) RouteLoom: HIL LINK rx peer=2 type=32 cid=4279293274 current=0 status=5 seq=78
[2026-09-26T13:08:53.083Z] I (1677660) RouteLoom: HIL LINK tx peer=2 type=32 cid=856892062 seq=345
[2026-09-26T13:08:54.655Z] I (1679232) RouteLoom: HIL LINK rx peer=2 type=32 cid=4279293274 current=0 status=5 seq=80
[2026-09-26T13:08:55.849Z] I (1680425) RouteLoom: stack hwm main 10996 B
[2026-09-26T13:08:55.849Z] I (1680425) RouteLoom: HIL HEAP free=22184 largest=19456 min=21408 B
[2026-09-26T13:08:55.859Z] I (1680426) RouteLoom: HIL DISCOVERY candidates=0 neighbors=1 capacity=0 auth=9 stale=3 probes=118 send_failures=4 kind_rejects=7
[2026-09-26T13:08:55.867Z] I (1680436) RouteLoom: HIL ROUTE peer=1 phase=-1 via=2 metric=2 generation=303 seq=8
[2026-09-26T13:08:55.874Z] I (1680443) RouteLoom: HIL ROUTE peer=2 phase=5 via=2 metric=1 generation=280 seq=1
[2026-09-26T13:08:58.085Z] I (1682662) RouteLoom: HIL LINK tx peer=2 type=32 cid=856892062 seq=346
[2026-09-26T13:08:58.209Z] I (1682786) RouteLoom: HIL PROBE tx peer=2 type=40 status=0 detail=ok
[2026-09-26T13:08:58.229Z] I (1682804) RouteLoom: HIL LINK rx peer=2 type=41 cid=4279293274 current=0 status=5 seq=41
[2026-09-26T13:08:59.657Z] I (1684234) RouteLoom: HIL LINK rx peer=2 type=32 cid=4279293274 current=0 status=5 seq=82
[2026-09-26T13:09:03.085Z] I (1687661) RouteLoom: HIL LINK tx peer=2 type=32 cid=856892062 seq=347
[2026-09-26T13:09:04.554Z] I (1689130) RouteLoom: HIL LINK rx peer=2 type=16 cid=4279293274 current=0 status=5 seq=98
[2026-09-26T13:09:04.557Z] I (1689133) RouteLoomRef: message origin=1 session=303 sequence=98 bytes=4
[2026-09-26T13:09:04.563Z] I (1689137) RouteLoom: HIL LINK tx peer=2 type=17 cid=856892062 seq=98
[2026-09-26T13:09:04.572Z] I (1689148) RouteLoom: HIL LINK tx peer=2 type=18 cid=856892062 seq=98
[2026-09-26T13:09:04.592Z] I (1689168) RouteLoom: HIL LINK rx peer=2 type=17 cid=4279293274 current=0 status=5 seq=98
[2026-09-26T13:09:04.659Z] I (1689235) RouteLoom: HIL LINK rx peer=2 type=32 cid=4279293274 current=0 status=5 seq=84
[2026-09-26T13:09:08.087Z] I (1692664) RouteLoom: HIL LINK tx peer=2 type=32 cid=856892062 seq=348
[2026-09-26T13:09:08.226Z] I (1692802) RouteLoom: HIL LINK rx peer=2 type=40 cid=4279293274 current=0 status=5 seq=43
[2026-09-26T13:09:08.230Z] I (1692806) RouteLoom: HIL PROBE tx peer=2 type=41 status=0 detail=ok
[2026-09-26T13:09:09.662Z] I (1694238) RouteLoom: HIL LINK rx peer=2 type=32 cid=4279293274 current=0 status=5 seq=86
[2026-09-26T13:09:13.088Z] I (1697664) RouteLoom: HIL LINK tx peer=2 type=32 cid=856892062 seq=349
[2026-09-26T13:09:14.663Z] I (1699239) RouteLoom: HIL LINK rx peer=2 type=32 cid=4279293274 current=0 status=5 seq=88
[2026-09-26T13:09:18.089Z] I (1702665) RouteLoom: HIL LINK tx peer=2 type=32 cid=856892062 seq=350
[2026-09-26T13:09:18.228Z] I (1702804) RouteLoom: HIL PROBE tx peer=2 type=40 status=0 detail=ok
[2026-09-26T13:09:18.246Z] I (1702822) RouteLoom: HIL LINK rx peer=2 type=41 cid=4279293274 current=0 status=5 seq=45
[2026-09-26T13:09:19.666Z] I (1704242) RouteLoom: HIL LINK rx peer=2 type=32 cid=4279293274 current=0 status=5 seq=90
[2026-09-26T13:09:23.089Z] I (1707664) RouteLoom: HIL LINK tx peer=2 type=32 cid=856892062 seq=351
[2026-09-26T13:09:24.670Z] I (1709246) RouteLoom: HIL LINK rx peer=2 type=32 cid=4279293274 current=0 status=5 seq=92
[2026-09-26T13:09:28.090Z] I (1712666) RouteLoom: HIL LINK tx peer=2 type=32 cid=856892062 seq=352
[2026-09-26T13:09:28.243Z] I (1712819) RouteLoom: HIL LINK rx peer=2 type=40 cid=4279293274 current=0 status=5 seq=47
[2026-09-26T13:09:28.247Z] I (1712823) RouteLoom: HIL PROBE tx peer=2 type=41 status=0 detail=ok
[2026-09-26T13:09:29.674Z] I (1714249) RouteLoom: HIL LINK rx peer=2 type=32 cid=4279293274 current=0 status=5 seq=94
[2026-09-26T13:09:33.090Z] I (1717665) RouteLoom: HIL LINK tx peer=2 type=32 cid=856892062 seq=353
[2026-09-26T13:09:34.555Z] I (1719130) RouteLoom: HIL LINK rx peer=2 type=16 cid=4279293274 current=0 status=5 seq=99
[2026-09-26T13:09:34.558Z] I (1719133) RouteLoomRef: message origin=1 session=303 sequence=99 bytes=4
[2026-09-26T13:09:34.565Z] I (1719137) RouteLoom: HIL LINK tx peer=2 type=17 cid=856892062 seq=99
[2026-09-26T13:09:34.573Z] I (1719148) RouteLoom: HIL LINK tx peer=2 type=18 cid=856892062 seq=99
[2026-09-26T13:09:34.593Z] I (1719168) RouteLoom: HIL LINK rx peer=2 type=17 cid=4279293274 current=0 status=5 seq=99
[2026-09-26T13:09:34.675Z] I (1719251) RouteLoom: HIL LINK rx peer=2 type=32 cid=4279293274 current=0 status=5 seq=96
[2026-09-26T13:09:38.091Z] I (1722667) RouteLoom: HIL LINK tx peer=2 type=32 cid=856892062 seq=354
[2026-09-26T13:09:38.245Z] I (1722821) RouteLoom: HIL PROBE tx peer=2 type=40 status=0 detail=ok
[2026-09-26T13:09:38.265Z] I (1722840) RouteLoom: HIL LINK rx peer=2 type=41 cid=4279293274 current=0 status=5 seq=49
[2026-09-26T13:09:39.679Z] I (1724254) RouteLoom: HIL LINK rx peer=2 type=32 cid=4279293274 current=0 status=5 seq=98
[2026-09-26T13:09:43.092Z] I (1727668) RouteLoom: HIL LINK tx peer=2 type=32 cid=856892062 seq=355
[2026-09-26T13:09:44.681Z] I (1729257) RouteLoom: HIL LINK rx peer=2 type=32 cid=4279293274 current=0 status=5 seq=100
[2026-09-26T13:09:48.094Z] I (1732670) RouteLoom: HIL LINK tx peer=2 type=32 cid=856892062 seq=356
[2026-09-26T13:09:48.262Z] I (1732837) RouteLoom: HIL LINK rx peer=2 type=40 cid=4279293274 current=0 status=5 seq=51
[2026-09-26T13:09:48.265Z] I (1732841) RouteLoom: HIL PROBE tx peer=2 type=41 status=0 detail=ok
[2026-09-26T13:09:49.685Z] I (1734261) RouteLoom: HIL LINK rx peer=2 type=32 cid=4279293274 current=0 status=5 seq=102
[2026-09-26T13:09:53.095Z] I (1737670) RouteLoom: HIL LINK tx peer=2 type=32 cid=856892062 seq=357
[2026-09-26T13:09:54.688Z] I (1739263) RouteLoom: HIL LINK rx peer=2 type=32 cid=4279293274 current=0 status=5 seq=104
[2026-09-26T13:09:55.850Z] I (1740426) RouteLoom: stack hwm main 10996 B
[2026-09-26T13:09:55.852Z] I (1740426) RouteLoom: HIL HEAP free=22184 largest=19456 min=21408 B
[2026-09-26T13:09:55.861Z] I (1740427) RouteLoom: HIL DISCOVERY candidates=0 neighbors=1 capacity=0 auth=9 stale=3 probes=121 send_failures=4 kind_rejects=7
[2026-09-26T13:09:55.868Z] I (1740437) RouteLoom: HIL ROUTE peer=1 phase=-1 via=2 metric=2 generation=303 seq=8
[2026-09-26T13:09:55.876Z] I (1740444) RouteLoom: HIL ROUTE peer=2 phase=5 via=2 metric=1 generation=280 seq=1
[2026-09-26T13:09:58.096Z] I (1742672) RouteLoom: HIL LINK tx peer=2 type=32 cid=856892062 seq=358
[2026-09-26T13:09:58.265Z] I (1742841) RouteLoom: HIL PROBE tx peer=2 type=40 status=0 detail=ok
[2026-09-26T13:09:58.284Z] I (1742859) RouteLoom: HIL LINK rx peer=2 type=41 cid=4279293274 current=0 status=5 seq=53
[2026-09-26T13:09:59.689Z] I (1744265) RouteLoom: HIL LINK rx peer=2 type=32 cid=4279293274 current=0 status=5 seq=106
[2026-09-26T13:10:03.096Z] I (1747672) RouteLoom: HIL LINK tx peer=2 type=32 cid=856892062 seq=359
[2026-09-26T13:10:04.556Z] I (1749131) RouteLoom: HIL LINK rx peer=2 type=16 cid=4279293274 current=0 status=5 seq=100
[2026-09-26T13:10:04.559Z] I (1749134) RouteLoomRef: message origin=1 session=303 sequence=100 bytes=4
[2026-09-26T13:10:04.566Z] I (1749138) RouteLoom: HIL LINK tx peer=2 type=17 cid=856892062 seq=100
[2026-09-26T13:10:04.574Z] I (1749149) RouteLoom: HIL LINK tx peer=2 type=18 cid=856892062 seq=100
[2026-09-26T13:10:04.594Z] I (1749170) RouteLoom: HIL LINK rx peer=2 type=17 cid=4279293274 current=0 status=5 seq=100
[2026-09-26T13:10:04.693Z] I (1749268) RouteLoom: HIL LINK rx peer=2 type=32 cid=4279293274 current=0 status=5 seq=108
[2026-09-26T13:10:08.096Z] I (1752672) RouteLoom: HIL LINK tx peer=2 type=32 cid=856892062 seq=360
[2026-09-26T13:10:08.283Z] I (1752858) RouteLoom: HIL LINK rx peer=2 type=40 cid=4279293274 current=0 status=5 seq=55
[2026-09-26T13:10:08.287Z] I (1752862) RouteLoom: HIL PROBE tx peer=2 type=41 status=0 detail=ok
[2026-09-26T13:10:09.698Z] I (1754271) RouteLoom: HIL LINK rx peer=2 type=32 cid=4279293274 current=0 status=5 seq=110
[2026-09-26T13:10:13.096Z] I (1757672) RouteLoom: HIL LINK tx peer=2 type=32 cid=856892062 seq=361
[2026-09-26T13:10:14.699Z] I (1759274) RouteLoom: HIL LINK rx peer=2 type=32 cid=4279293274 current=0 status=5 seq=112
[2026-09-26T13:10:18.097Z] I (1762672) RouteLoom: HIL LINK tx peer=2 type=32 cid=856892062 seq=362
[2026-09-26T13:10:18.284Z] I (1762860) RouteLoom: HIL PROBE tx peer=2 type=40 status=0 detail=ok
[2026-09-26T13:10:18.302Z] I (1762877) RouteLoom: HIL LINK rx peer=2 type=41 cid=4279293274 current=0 status=5 seq=57
[2026-09-26T13:10:19.703Z] I (1764278) RouteLoom: HIL LINK rx peer=2 type=32 cid=4279293274 current=0 status=5 seq=114
[2026-09-26T13:10:23.098Z] I (1767674) RouteLoom: HIL LINK tx peer=2 type=32 cid=856892062 seq=363
[2026-09-26T13:10:24.701Z] I (1769276) RouteLoom: HIL LINK rx peer=2 type=32 cid=4279293274 current=0 status=5 seq=116
[2026-09-26T13:10:28.099Z] I (1772674) RouteLoom: HIL LINK tx peer=2 type=32 cid=856892062 seq=364
[2026-09-26T13:10:28.300Z] I (1772875) RouteLoom: HIL LINK rx peer=2 type=40 cid=4279293274 current=0 status=5 seq=59
[2026-09-26T13:10:28.304Z] I (1772879) RouteLoom: HIL PROBE tx peer=2 type=41 status=0 detail=ok
[2026-09-26T13:10:29.707Z] I (1774281) RouteLoom: HIL LINK rx peer=2 type=32 cid=4279293274 current=0 status=5 seq=118
[2026-09-26T13:10:33.102Z] I (1777677) RouteLoom: HIL LINK tx peer=2 type=32 cid=856892062 seq=365
[2026-09-26T13:10:34.554Z] I (1779129) RouteLoom: HIL LINK rx peer=2 type=16 cid=4279293274 current=0 status=5 seq=101
[2026-09-26T13:10:34.558Z] I (1779133) RouteLoomRef: message origin=1 session=303 sequence=101 bytes=4
[2026-09-26T13:10:34.564Z] I (1779136) RouteLoom: HIL LINK tx peer=2 type=17 cid=856892062 seq=101
[2026-09-26T13:10:34.572Z] I (1779148) RouteLoom: HIL LINK tx peer=2 type=18 cid=856892062 seq=101
[2026-09-26T13:10:34.592Z] I (1779167) RouteLoom: HIL LINK rx peer=2 type=17 cid=4279293274 current=0 status=5 seq=101
[2026-09-26T13:10:34.708Z] I (1779283) RouteLoom: HIL LINK rx peer=2 type=32 cid=4279293274 current=0 status=5 seq=120
[2026-09-26T13:10:38.103Z] I (1782679) RouteLoom: HIL LINK tx peer=2 type=32 cid=856892062 seq=366
[2026-09-26T13:10:38.303Z] I (1782878) RouteLoom: HIL PROBE tx peer=2 type=40 status=6 detail=reserved DATA TX in flight to peer
[2026-09-26T13:10:38.310Z] I (1782883) RouteLoom: HIL PROBE tx peer=2 type=40 status=6 detail=reserved DATA TX in flight to peer
[2026-09-26T13:10:38.319Z] I (1782889) RouteLoom: HIL PROBE tx peer=2 type=40 status=6 detail=reserved DATA TX in flight to peer
[2026-09-26T13:10:38.328Z] I (1782898) RouteLoom: HIL PROBE tx peer=2 type=40 status=6 detail=reserved DATA TX in flight to peer
[2026-09-26T13:10:38.336Z] I (1782907) RouteLoom: HIL PROBE tx peer=2 type=40 status=6 detail=reserved DATA TX in flight to peer
[2026-09-26T13:10:38.345Z] I (1782916) RouteLoom: HIL PROBE tx peer=2 type=40 status=6 detail=reserved DATA TX in flight to peer
[2026-09-26T13:10:38.351Z] I (1782925) RouteLoom: HIL PROBE tx peer=2 type=40 status=0 detail=ok
[2026-09-26T13:10:38.834Z] I (1783410) RouteLoom: HIL RLD1 rx claimed=2 phase=5 step=1
[2026-09-26T13:10:38.842Z] I (1783417) RouteLoom: HIL RLD1 tx claimed=3 phase=5 step=2
[2026-09-26T13:10:38.861Z] I (1783437) RouteLoom: HIL RLD1 rx claimed=2 phase=5 step=3
[2026-09-26T13:10:38.864Z] HIL resume R3 installed peer=2 tx=355919973 rx=1167857828
[2026-09-26T13:10:38.867Z] I (1783442) RouteLoom: HIL PROBE tx peer=2 type=40 status=0 detail=ok
[2026-09-26T13:10:38.881Z] I (1783456) RouteLoom: HIL LINK rx peer=2 type=40 cid=1167857828 current=0 status=5 seq=1
[2026-09-26T13:10:38.885Z] I (1783460) RouteLoom: HIL PROBE tx peer=2 type=41 status=0 detail=ok
[2026-09-26T13:10:38.892Z] I (1783466) RouteLoom: HIL LINK rx peer=2 type=41 cid=1167857828 current=0 status=5 seq=2
[2026-09-26T13:10:38.897Z] I (1783469) RouteLoomRef: discovery event=REACHABLE peer=2
[2026-09-26T13:10:38.904Z] W (1783473) RouteLoomRef: diagnostic reason=REACHABLE peer=2 message=none
[2026-09-26T13:10:38.910Z] I (1783483) RouteLoom: HIL LINK tx peer=2 type=32 cid=355919973 seq=367
[2026-09-26T13:10:38.919Z] I (1783494) RouteLoom: HIL LINK tx peer=2 type=32 cid=355919973 seq=368
[2026-09-26T13:10:38.924Z] I (1783498) RouteLoom: HIL LINK rx peer=2 type=32 cid=1167857828 current=0 status=5 seq=1
[2026-09-26T13:10:38.933Z] W (1783501) RouteLoomRef: diagnostic reason=PEER_RESTARTED_ROUTES_FLUSHED peer=2 message=none
[2026-09-26T13:10:38.941Z] I (1783514) RouteLoom: HIL LINK rx peer=2 type=32 cid=1167857828 current=0 status=5 seq=2
[2026-09-26T13:10:39.357Z] I (1783932) RouteLoom: HIL RLD1 rx claimed=2 phase=5 step=3
[2026-09-26T13:10:39.357Z] HIL resume R3 no record peer=2
[2026-09-26T13:10:39.858Z] I (1784434) RouteLoom: HIL RLD1 rx claimed=2 phase=5 step=3
[2026-09-26T13:10:39.859Z] HIL resume R3 no record peer=2
[2026-09-26T13:10:39.961Z] I (1784537) RouteLoom: HIL LINK tx peer=2 type=32 cid=355919973 seq=369
[2026-09-26T13:10:40.361Z] I (1784936) RouteLoom: HIL RLD1 rx claimed=2 phase=5 step=3
[2026-09-26T13:10:40.361Z] HIL resume R3 no record peer=2
[2026-09-26T13:10:43.896Z] I (1788471) RouteLoom: HIL LINK tx peer=2 type=32 cid=355919973 seq=370
[2026-09-26T13:10:43.911Z] I (1788486) RouteLoom: HIL LINK rx peer=2 type=32 cid=1167857828 current=0 status=5 seq=3
[2026-09-26T13:10:48.895Z] I (1793470) RouteLoom: HIL PROBE tx peer=2 type=40 status=0 detail=ok
[2026-09-26T13:10:48.904Z] I (1793479) RouteLoom: HIL LINK tx peer=2 type=32 cid=355919973 seq=371
[2026-09-26T13:10:48.909Z] I (1793484) RouteLoom: HIL LINK rx peer=2 type=40 cid=1167857828 current=0 status=5 seq=3
[2026-09-26T13:10:48.916Z] I (1793487) RouteLoom: HIL PROBE tx peer=2 type=41 status=6 detail=reserved DATA TX in flight to peer
[2026-09-26T13:10:48.927Z] I (1793501) RouteLoom: HIL LINK rx peer=2 type=32 cid=1167857828 current=0 status=5 seq=4
[2026-09-26T13:10:53.897Z] I (1798472) RouteLoom: HIL LINK tx peer=2 type=32 cid=355919973 seq=372
[2026-09-26T13:10:53.912Z] I (1798487) RouteLoom: HIL LINK rx peer=2 type=32 cid=1167857828 current=0 status=5 seq=5
[2026-09-26T13:10:55.852Z] I (1800427) RouteLoom: stack hwm main 10996 B
[2026-09-26T13:10:55.852Z] I (1800427) RouteLoom: HIL HEAP free=22184 largest=19456 min=21408 B
[2026-09-26T13:10:55.862Z] I (1800428) RouteLoom: HIL DISCOVERY candidates=0 neighbors=1 capacity=0 auth=10 stale=3 probes=126 send_failures=11 kind_rejects=8
[2026-09-26T13:10:55.870Z] I (1800438) RouteLoom: HIL ROUTE peer=1 phase=-1 via=0 metric=0 generation=0 seq=0
[2026-09-26T13:10:55.877Z] I (1800445) RouteLoom: HIL ROUTE peer=2 phase=5 via=2 metric=1 generation=281 seq=1
[2026-09-26T13:10:58.899Z] I (1803474) RouteLoom: HIL LINK tx peer=2 type=32 cid=355919973 seq=373
[2026-09-26T13:10:58.912Z] I (1803487) RouteLoom: HIL PROBE tx peer=2 type=40 status=0 detail=ok
[2026-09-26T13:10:58.917Z] I (1803491) RouteLoom: HIL LINK rx peer=2 type=32 cid=1167857828 current=0 status=5 seq=6
[2026-09-26T13:10:58.930Z] I (1803505) RouteLoom: HIL LINK rx peer=2 type=40 cid=1167857828 current=0 status=5 seq=6
[2026-09-26T13:10:58.934Z] I (1803509) RouteLoom: HIL PROBE tx peer=2 type=41 status=0 detail=ok
[2026-09-26T13:10:58.941Z] I (1803515) RouteLoom: HIL LINK rx peer=2 type=41 cid=1167857828 current=0 status=5 seq=7
[2026-09-26T13:11:03.274Z] I (1807848) RouteLoom: HIL LINK rx peer=2 type=32 cid=1167857828 current=0 status=5 seq=7
[2026-09-26T13:11:03.278Z] W (1807850) RouteLoomRef: diagnostic reason=ROUTE_STALE_GENERATION peer=2 message=none
[2026-09-26T13:11:03.287Z] I (1807861) RouteLoom: HIL LINK rx peer=2 type=32 cid=1167857828 current=0 status=5 seq=8
[2026-09-26T13:11:03.349Z] I (1807924) RouteLoom: HIL LINK tx peer=2 type=32 cid=355919973 seq=374
[2026-09-26T13:11:03.900Z] I (1808474) RouteLoom: HIL LINK tx peer=2 type=32 cid=355919973 seq=375
[2026-09-26T13:11:04.558Z] I (1809132) RouteLoom: HIL LINK rx peer=2 type=16 cid=1167857828 current=0 status=5 seq=102
[2026-09-26T13:11:04.561Z] I (1809136) RouteLoomRef: message origin=1 session=303 sequence=102 bytes=4
[2026-09-26T13:11:04.567Z] I (1809139) RouteLoom: HIL LINK tx peer=2 type=17 cid=355919973 seq=102
[2026-09-26T13:11:04.578Z] I (1809153) RouteLoom: HIL LINK tx peer=2 type=18 cid=355919973 seq=102
[2026-09-26T13:11:04.598Z] I (1809172) RouteLoom: HIL LINK rx peer=2 type=17 cid=1167857828 current=0 status=5 seq=102
[2026-09-26T13:11:08.256Z] I (1812831) RouteLoom: HIL LINK rx peer=2 type=32 cid=1167857828 current=0 status=5 seq=11
[2026-09-26T13:11:08.900Z] I (1813475) RouteLoom: HIL LINK tx peer=2 type=32 cid=355919973 seq=376
[2026-09-26T13:11:08.944Z] I (1813518) RouteLoom: HIL PROBE tx peer=2 type=40 status=0 detail=ok
[2026-09-26T13:11:08.959Z] I (1813532) RouteLoom: HIL LINK rx peer=2 type=40 cid=1167857828 current=0 status=5 seq=10
[2026-09-26T13:11:08.961Z] I (1813536) RouteLoom: HIL PROBE tx peer=2 type=41 status=0 detail=ok
[2026-09-26T13:11:13.262Z] I (1817836) RouteLoom: HIL LINK rx peer=2 type=32 cid=1167857828 current=0 status=5 seq=13
[2026-09-26T13:11:13.902Z] I (1818477) RouteLoom: HIL LINK tx peer=2 type=32 cid=355919973 seq=377
[2026-09-26T13:11:18.263Z] I (1822838) RouteLoom: HIL LINK rx peer=2 type=32 cid=1167857828 current=0 status=5 seq=15
[2026-09-26T13:11:18.906Z] I (1823479) RouteLoom: HIL LINK tx peer=2 type=32 cid=355919973 seq=378
[2026-09-26T13:11:18.959Z] I (1823534) RouteLoom: HIL PROBE tx peer=2 type=40 status=0 detail=ok
[2026-09-26T13:11:18.976Z] I (1823551) RouteLoom: HIL LINK rx peer=2 type=41 cid=1167857828 current=0 status=5 seq=14
[2026-09-26T13:11:23.267Z] I (1827841) RouteLoom: HIL LINK rx peer=2 type=32 cid=1167857828 current=0 status=5 seq=17
[2026-09-26T13:11:23.905Z] I (1828480) RouteLoom: HIL LINK tx peer=2 type=32 cid=355919973 seq=379
[2026-09-26T13:11:28.275Z] I (1832850) RouteLoom: HIL LINK rx peer=2 type=32 cid=1167857828 current=0 status=5 seq=19
[2026-09-26T13:11:28.907Z] I (1833482) RouteLoom: HIL LINK tx peer=2 type=32 cid=355919973 seq=380
[2026-09-26T13:11:28.977Z] I (1833551) RouteLoom: HIL LINK rx peer=2 type=40 cid=1167857828 current=0 status=5 seq=16
[2026-09-26T13:11:28.981Z] I (1833555) RouteLoom: HIL PROBE tx peer=2 type=41 status=0 detail=ok
[2026-09-26T13:11:33.277Z] I (1837851) RouteLoom: HIL LINK rx peer=2 type=32 cid=1167857828 current=0 status=5 seq=21
[2026-09-26T13:11:33.908Z] I (1838483) RouteLoom: HIL LINK tx peer=2 type=32 cid=355919973 seq=381
[2026-09-26T13:11:34.558Z] I (1839132) RouteLoom: HIL LINK rx peer=2 type=16 cid=1167857828 current=0 status=5 seq=103
[2026-09-26T13:11:34.562Z] I (1839136) RouteLoomRef: message origin=1 session=303 sequence=103 bytes=4
[2026-09-26T13:11:34.568Z] I (1839139) RouteLoom: HIL LINK tx peer=2 type=17 cid=355919973 seq=103
[2026-09-26T13:11:34.577Z] I (1839151) RouteLoom: HIL LINK tx peer=2 type=18 cid=355919973 seq=103
[2026-09-26T13:11:34.597Z] I (1839171) RouteLoom: HIL LINK rx peer=2 type=17 cid=1167857828 current=0 status=5 seq=103
[2026-09-26T13:11:38.278Z] I (1842852) RouteLoom: HIL LINK rx peer=2 type=32 cid=1167857828 current=0 status=5 seq=23
[2026-09-26T13:11:38.910Z] I (1843485) RouteLoom: HIL LINK tx peer=2 type=32 cid=355919973 seq=382
[2026-09-26T13:11:38.978Z] I (1843553) RouteLoom: HIL PROBE tx peer=2 type=40 status=0 detail=ok
[2026-09-26T13:11:38.996Z] I (1843570) RouteLoom: HIL LINK rx peer=2 type=41 cid=1167857828 current=0 status=5 seq=18
[2026-09-26T13:11:43.283Z] I (1847857) RouteLoom: HIL LINK rx peer=2 type=32 cid=1167857828 current=0 status=5 seq=25
[2026-09-26T13:11:43.928Z] I (1848487) RouteLoom: HIL LINK tx peer=2 type=32 cid=355919973 seq=383
[2026-09-26T13:11:48.285Z] I (1852859) RouteLoom: HIL LINK rx peer=2 type=32 cid=1167857828 current=0 status=5 seq=27
[2026-09-26T13:11:48.914Z] I (1853489) RouteLoom: HIL LINK tx peer=2 type=32 cid=355919973 seq=384
[2026-09-26T13:11:49.002Z] I (1853570) RouteLoom: HIL LINK rx peer=2 type=40 cid=1167857828 current=0 status=5 seq=20
[2026-09-26T13:11:49.002Z] I (1853574) RouteLoom: HIL PROBE tx peer=2 type=41 status=0 detail=ok
[2026-09-26T13:11:53.287Z] I (1857861) RouteLoom: HIL LINK rx peer=2 type=32 cid=1167857828 current=0 status=5 seq=29
[2026-09-26T13:11:53.915Z] I (1858490) RouteLoom: HIL LINK tx peer=2 type=32 cid=355919973 seq=385
[2026-09-26T13:11:55.853Z] I (1860427) RouteLoom: stack hwm main 10996 B
[2026-09-26T13:11:55.853Z] I (1860427) RouteLoom: HIL HEAP free=22184 largest=19456 min=21408 B
[2026-09-26T13:11:55.863Z] I (1860428) RouteLoom: HIL DISCOVERY candidates=0 neighbors=1 capacity=0 auth=10 stale=3 probes=130 send_failures=11 kind_rejects=8
[2026-09-26T13:11:55.871Z] I (1860438) RouteLoom: HIL ROUTE peer=1 phase=-1 via=2 metric=2 generation=303 seq=9
[2026-09-26T13:11:55.878Z] I (1860445) RouteLoom: HIL ROUTE peer=2 phase=5 via=2 metric=1 generation=281 seq=1
[2026-09-26T13:11:58.290Z] I (1862864) RouteLoom: HIL LINK rx peer=2 type=32 cid=1167857828 current=0 status=5 seq=31
[2026-09-26T13:11:58.915Z] I (1863490) RouteLoom: HIL LINK tx peer=2 type=32 cid=355919973 seq=386
[2026-09-26T13:11:58.997Z] I (1863572) RouteLoom: HIL PROBE tx peer=2 type=40 status=0 detail=ok
[2026-09-26T13:11:59.015Z] I (1863589) RouteLoom: HIL LINK rx peer=2 type=41 cid=1167857828 current=0 status=5 seq=22
[2026-09-26T13:12:03.291Z] I (1867865) RouteLoom: HIL LINK rx peer=2 type=32 cid=1167857828 current=0 status=5 seq=33
[2026-09-26T13:12:03.917Z] I (1868492) RouteLoom: HIL LINK tx peer=2 type=32 cid=355919973 seq=387
[2026-09-26T13:12:04.552Z] I (1869127) RouteLoom: HIL LINK rx peer=2 type=16 cid=1167857828 current=0 status=5 seq=104
[2026-09-26T13:12:04.556Z] I (1869130) RouteLoomRef: message origin=1 session=303 sequence=104 bytes=4
[2026-09-26T13:12:04.562Z] I (1869134) RouteLoom: HIL LINK tx peer=2 type=17 cid=355919973 seq=104
[2026-09-26T13:12:04.571Z] I (1869145) RouteLoom: HIL LINK tx peer=2 type=18 cid=355919973 seq=104
[2026-09-26T13:12:04.591Z] I (1869165) RouteLoom: HIL LINK rx peer=2 type=17 cid=1167857828 current=0 status=5 seq=104
[2026-09-26T13:12:08.293Z] I (1872867) RouteLoom: HIL LINK rx peer=2 type=32 cid=1167857828 current=0 status=5 seq=35
[2026-09-26T13:12:08.919Z] I (1873494) RouteLoom: HIL LINK tx peer=2 type=32 cid=355919973 seq=388
[2026-09-26T13:12:09.013Z] I (1873587) RouteLoom: HIL LINK rx peer=2 type=40 cid=1167857828 current=0 status=5 seq=24
[2026-09-26T13:12:09.017Z] I (1873591) RouteLoom: HIL PROBE tx peer=2 type=41 status=0 detail=ok
[2026-09-26T13:12:13.294Z] I (1877868) RouteLoom: HIL LINK rx peer=2 type=32 cid=1167857828 current=0 status=5 seq=37
[2026-09-26T13:12:13.921Z] I (1878495) RouteLoom: HIL LINK tx peer=2 type=32 cid=355919973 seq=389
[2026-09-26T13:12:18.295Z] I (1882869) RouteLoom: HIL LINK rx peer=2 type=32 cid=1167857828 current=0 status=5 seq=39
[2026-09-26T13:12:18.922Z] I (1883496) RouteLoom: HIL LINK tx peer=2 type=32 cid=355919973 seq=390
[2026-09-26T13:12:19.017Z] I (1883590) RouteLoom: HIL PROBE tx peer=2 type=40 status=0 detail=ok
[2026-09-26T13:12:19.038Z] I (1883608) RouteLoom: HIL LINK rx peer=2 type=41 cid=1167857828 current=0 status=5 seq=26
[2026-09-26T13:12:23.296Z] I (1887869) RouteLoom: HIL LINK rx peer=2 type=32 cid=1167857828 current=0 status=5 seq=41
[2026-09-26T13:12:23.922Z] I (1888496) RouteLoom: HIL LINK tx peer=2 type=32 cid=355919973 seq=391
[2026-09-26T13:12:28.296Z] I (1892870) RouteLoom: HIL LINK rx peer=2 type=32 cid=1167857828 current=0 status=5 seq=43
[2026-09-26T13:12:28.923Z] I (1893497) RouteLoom: HIL LINK tx peer=2 type=32 cid=355919973 seq=392
[2026-09-26T13:12:29.032Z] I (1893606) RouteLoom: HIL LINK rx peer=2 type=40 cid=1167857828 current=0 status=5 seq=28
[2026-09-26T13:12:29.036Z] I (1893609) RouteLoom: HIL PROBE tx peer=2 type=41 status=0 detail=ok
[2026-09-26T13:12:33.300Z] I (1897873) RouteLoom: HIL LINK rx peer=2 type=32 cid=1167857828 current=0 status=5 seq=45
[2026-09-26T13:12:33.923Z] I (1898497) RouteLoom: HIL LINK tx peer=2 type=32 cid=355919973 seq=393
[2026-09-26T13:12:34.560Z] I (1899133) RouteLoom: HIL LINK rx peer=2 type=16 cid=1167857828 current=0 status=5 seq=105
[2026-09-26T13:12:34.563Z] I (1899136) RouteLoomRef: message origin=1 session=303 sequence=105 bytes=4
[2026-09-26T13:12:34.570Z] I (1899140) RouteLoom: HIL LINK tx peer=2 type=17 cid=355919973 seq=105
[2026-09-26T13:12:34.578Z] I (1899152) RouteLoom: HIL LINK tx peer=2 type=18 cid=355919973 seq=105
[2026-09-26T13:12:34.598Z] I (1899171) RouteLoom: HIL LINK rx peer=2 type=17 cid=1167857828 current=0 status=5 seq=105
[2026-09-26T13:12:38.302Z] I (1902875) RouteLoom: HIL LINK rx peer=2 type=32 cid=1167857828 current=0 status=5 seq=47
[2026-09-26T13:12:38.928Z] I (1903499) RouteLoom: HIL LINK tx peer=2 type=32 cid=355919973 seq=394
[2026-09-26T13:12:39.034Z] I (1903608) RouteLoom: HIL PROBE tx peer=2 type=40 status=0 detail=ok
[2026-09-26T13:12:39.053Z] I (1903626) RouteLoom: HIL LINK rx peer=2 type=41 cid=1167857828 current=0 status=5 seq=30
[2026-09-26T13:12:43.305Z] I (1907878) RouteLoom: HIL LINK rx peer=2 type=32 cid=1167857828 current=0 status=5 seq=49
[2026-09-26T13:12:43.925Z] I (1908499) RouteLoom: HIL LINK tx peer=2 type=32 cid=355919973 seq=395
[2026-09-26T13:12:48.309Z] I (1912879) RouteLoom: HIL LINK rx peer=2 type=32 cid=1167857828 current=0 status=5 seq=51
[2026-09-26T13:12:48.926Z] I (1913500) RouteLoom: HIL LINK tx peer=2 type=32 cid=355919973 seq=396
[2026-09-26T13:12:49.050Z] I (1913623) RouteLoom: HIL LINK rx peer=2 type=40 cid=1167857828 current=0 status=5 seq=32
[2026-09-26T13:12:49.053Z] I (1913627) RouteLoom: HIL PROBE tx peer=2 type=41 status=0 detail=ok
[2026-09-26T13:12:53.309Z] I (1917882) RouteLoom: HIL LINK rx peer=2 type=32 cid=1167857828 current=0 status=5 seq=53
[2026-09-26T13:12:53.926Z] I (1918500) RouteLoom: HIL LINK tx peer=2 type=32 cid=355919973 seq=397
[2026-09-26T13:12:55.855Z] I (1920428) RouteLoom: stack hwm main 10996 B
[2026-09-26T13:12:55.855Z] I (1920428) RouteLoom: HIL HEAP free=22184 largest=19456 min=21408 B
[2026-09-26T13:12:55.865Z] I (1920429) RouteLoom: HIL DISCOVERY candidates=0 neighbors=1 capacity=0 auth=10 stale=3 probes=133 send_failures=11 kind_rejects=8
[2026-09-26T13:12:55.873Z] I (1920439) RouteLoom: HIL ROUTE peer=1 phase=-1 via=2 metric=2 generation=303 seq=9
[2026-09-26T13:12:55.880Z] I (1920447) RouteLoom: HIL ROUTE peer=2 phase=5 via=2 metric=1 generation=281 seq=1
[2026-09-26T13:12:58.312Z] I (1922885) RouteLoom: HIL LINK rx peer=2 type=32 cid=1167857828 current=0 status=5 seq=55
[2026-09-26T13:12:58.926Z] I (1923500) RouteLoom: HIL LINK tx peer=2 type=32 cid=355919973 seq=398
[2026-09-26T13:12:59.053Z] I (1923627) RouteLoom: HIL PROBE tx peer=2 type=40 status=0 detail=ok
[2026-09-26T13:12:59.072Z] I (1923645) RouteLoom: HIL LINK rx peer=2 type=41 cid=1167857828 current=0 status=5 seq=34
[2026-09-26T13:13:03.312Z] I (1927885) RouteLoom: HIL LINK rx peer=2 type=32 cid=1167857828 current=0 status=5 seq=57
[2026-09-26T13:13:03.926Z] I (1928500) RouteLoom: HIL LINK tx peer=2 type=32 cid=355919973 seq=399
[2026-09-26T13:13:04.561Z] I (1929134) RouteLoom: HIL LINK rx peer=2 type=16 cid=1167857828 current=0 status=5 seq=106
[2026-09-26T13:13:04.564Z] I (1929138) RouteLoomRef: message origin=1 session=303 sequence=106 bytes=4
[2026-09-26T13:13:04.571Z] I (1929141) RouteLoom: HIL LINK tx peer=2 type=17 cid=355919973 seq=106
[2026-09-26T13:13:04.579Z] I (1929153) RouteLoom: HIL LINK tx peer=2 type=18 cid=355919973 seq=106
[2026-09-26T13:13:04.599Z] I (1929172) RouteLoom: HIL LINK rx peer=2 type=17 cid=1167857828 current=0 status=5 seq=106
[2026-09-26T13:13:08.314Z] I (1932887) RouteLoom: HIL LINK rx peer=2 type=32 cid=1167857828 current=0 status=5 seq=59
[2026-09-26T13:13:08.928Z] I (1933502) RouteLoom: HIL LINK tx peer=2 type=32 cid=355919973 seq=400
[2026-09-26T13:13:09.068Z] I (1933642) RouteLoom: HIL LINK rx peer=2 type=40 cid=1167857828 current=0 status=5 seq=36
[2026-09-26T13:13:09.072Z] I (1933646) RouteLoom: HIL PROBE tx peer=2 type=41 status=0 detail=ok
[2026-09-26T13:13:13.315Z] I (1937888) RouteLoom: HIL LINK rx peer=2 type=32 cid=1167857828 current=0 status=5 seq=61
[2026-09-26T13:13:13.929Z] I (1938503) RouteLoom: HIL LINK tx peer=2 type=32 cid=355919973 seq=401
[2026-09-26T13:13:18.317Z] I (1942890) RouteLoom: HIL LINK rx peer=2 type=32 cid=1167857828 current=0 status=5 seq=63
[2026-09-26T13:13:18.931Z] I (1943505) RouteLoom: HIL LINK tx peer=2 type=32 cid=355919973 seq=402
[2026-09-26T13:13:19.070Z] I (1943644) RouteLoom: HIL PROBE tx peer=2 type=40 status=0 detail=ok
[2026-09-26T13:13:19.091Z] I (1943663) RouteLoom: HIL LINK rx peer=2 type=41 cid=1167857828 current=0 status=5 seq=38
[2026-09-26T13:13:23.318Z] I (1947891) RouteLoom: HIL LINK rx peer=2 type=32 cid=1167857828 current=0 status=5 seq=65
[2026-09-26T13:13:23.932Z] I (1948506) RouteLoom: HIL LINK tx peer=2 type=32 cid=355919973 seq=403
[2026-09-26T13:13:28.319Z] I (1952892) RouteLoom: HIL LINK rx peer=2 type=32 cid=1167857828 current=0 status=5 seq=67
[2026-09-26T13:13:28.933Z] I (1953507) RouteLoom: HIL LINK tx peer=2 type=32 cid=355919973 seq=404
[2026-09-26T13:13:29.087Z] I (1953660) RouteLoom: HIL LINK rx peer=2 type=40 cid=1167857828 current=0 status=5 seq=40
[2026-09-26T13:13:29.091Z] I (1953664) RouteLoom: HIL PROBE tx peer=2 type=41 status=0 detail=ok
[2026-09-26T13:13:33.319Z] I (1957892) RouteLoom: HIL LINK rx peer=2 type=32 cid=1167857828 current=0 status=5 seq=69
[2026-09-26T13:13:33.933Z] I (1958507) RouteLoom: HIL LINK tx peer=2 type=32 cid=355919973 seq=405
[2026-09-26T13:13:34.558Z] I (1959131) RouteLoom: HIL LINK rx peer=2 type=16 cid=1167857828 current=0 status=5 seq=107
[2026-09-26T13:13:34.562Z] I (1959135) RouteLoomRef: message origin=1 session=303 sequence=107 bytes=4
[2026-09-26T13:13:34.568Z] I (1959138) RouteLoom: HIL LINK tx peer=2 type=17 cid=355919973 seq=107
[2026-09-26T13:13:34.579Z] I (1959152) RouteLoom: HIL LINK tx peer=2 type=18 cid=355919973 seq=107
[2026-09-26T13:13:34.598Z] I (1959171) RouteLoom: HIL LINK rx peer=2 type=17 cid=1167857828 current=0 status=5 seq=107
[2026-09-26T13:13:38.322Z] I (1962895) RouteLoom: HIL LINK rx peer=2 type=32 cid=1167857828 current=0 status=5 seq=71
[2026-09-26T13:13:38.933Z] I (1963507) RouteLoom: HIL LINK tx peer=2 type=32 cid=355919973 seq=406
[2026-09-26T13:13:39.091Z] I (1963664) RouteLoom: HIL PROBE tx peer=2 type=40 status=0 detail=ok
[2026-09-26T13:13:39.109Z] I (1963682) RouteLoom: HIL LINK rx peer=2 type=41 cid=1167857828 current=0 status=5 seq=42
[2026-09-26T13:13:43.323Z] I (1967896) RouteLoom: HIL LINK rx peer=2 type=32 cid=1167857828 current=0 status=5 seq=73
[2026-09-26T13:13:43.934Z] I (1968507) RouteLoom: HIL LINK tx peer=2 type=32 cid=355919973 seq=407
[2026-09-26T13:13:48.323Z] I (1972896) RouteLoom: HIL LINK rx peer=2 type=32 cid=1167857828 current=0 status=5 seq=75
[2026-09-26T13:13:48.936Z] I (1973507) RouteLoom: HIL LINK tx peer=2 type=32 cid=355919973 seq=408
[2026-09-26T13:13:49.108Z] I (1973681) RouteLoom: HIL LINK rx peer=2 type=40 cid=1167857828 current=0 status=5 seq=44
[2026-09-26T13:13:49.114Z] I (1973685) RouteLoom: HIL PROBE tx peer=2 type=41 status=0 detail=ok
[2026-09-26T13:13:53.326Z] I (1977899) RouteLoom: HIL LINK rx peer=2 type=32 cid=1167857828 current=0 status=5 seq=77
[2026-09-26T13:13:53.934Z] I (1978507) RouteLoom: HIL LINK tx peer=2 type=32 cid=355919973 seq=409
[2026-09-26T13:13:55.857Z] I (1980430) RouteLoom: stack hwm main 10996 B
[2026-09-26T13:13:55.857Z] I (1980430) RouteLoom: HIL HEAP free=22184 largest=19456 min=21408 B
[2026-09-26T13:13:55.867Z] I (1980431) RouteLoom: HIL DISCOVERY candidates=0 neighbors=1 capacity=0 auth=10 stale=3 probes=136 send_failures=11 kind_rejects=8
[2026-09-26T13:13:55.875Z] I (1980441) RouteLoom: HIL ROUTE peer=1 phase=-1 via=2 metric=2 generation=303 seq=9
[2026-09-26T13:13:55.883Z] I (1980448) RouteLoom: HIL ROUTE peer=2 phase=5 via=2 metric=1 generation=281 seq=1
[2026-09-26T13:13:58.327Z] I (1982900) RouteLoom: HIL LINK rx peer=2 type=32 cid=1167857828 current=0 status=5 seq=79
[2026-09-26T13:13:58.935Z] I (1983508) RouteLoom: HIL LINK tx peer=2 type=32 cid=355919973 seq=410
[2026-09-26T13:13:59.112Z] I (1983683) RouteLoom: HIL PROBE tx peer=2 type=40 status=0 detail=ok
[2026-09-26T13:13:59.130Z] I (1983702) RouteLoom: HIL LINK rx peer=2 type=41 cid=1167857828 current=0 status=5 seq=46
[2026-09-26T13:14:03.328Z] I (1987900) RouteLoom: HIL LINK rx peer=2 type=32 cid=1167857828 current=0 status=5 seq=81
[2026-09-26T13:14:03.936Z] I (1988509) RouteLoom: HIL LINK tx peer=2 type=32 cid=355919973 seq=411
[2026-09-26T13:14:04.561Z] I (1989133) RouteLoom: HIL LINK rx peer=2 type=16 cid=1167857828 current=0 status=5 seq=108
[2026-09-26T13:14:04.564Z] I (1989137) RouteLoomRef: message origin=1 session=303 sequence=108 bytes=4
[2026-09-26T13:14:04.571Z] I (1989140) RouteLoom: HIL LINK tx peer=2 type=17 cid=355919973 seq=108
[2026-09-26T13:14:04.579Z] I (1989152) RouteLoom: HIL LINK tx peer=2 type=18 cid=355919973 seq=108
[2026-09-26T13:14:04.599Z] I (1989172) RouteLoom: HIL LINK rx peer=2 type=17 cid=1167857828 current=0 status=5 seq=108
[2026-09-26T13:14:08.333Z] I (1992905) RouteLoom: HIL LINK rx peer=2 type=32 cid=1167857828 current=0 status=5 seq=83
[2026-09-26T13:14:08.938Z] I (1993511) RouteLoom: HIL LINK tx peer=2 type=32 cid=355919973 seq=412
[2026-09-26T13:14:09.129Z] I (1993701) RouteLoom: HIL LINK rx peer=2 type=40 cid=1167857828 current=0 status=5 seq=48
[2026-09-26T13:14:09.132Z] I (1993705) RouteLoom: HIL PROBE tx peer=2 type=41 status=0 detail=ok
[2026-09-26T13:14:13.333Z] I (1997905) RouteLoom: HIL LINK rx peer=2 type=32 cid=1167857828 current=0 status=5 seq=85
[2026-09-26T13:14:13.940Z] I (1998513) RouteLoom: HIL LINK tx peer=2 type=32 cid=355919973 seq=413
[2026-09-26T13:14:18.333Z] I (2002905) RouteLoom: HIL LINK rx peer=2 type=32 cid=1167857828 current=0 status=5 seq=87
[2026-09-26T13:14:18.941Z] I (2003514) RouteLoom: HIL LINK tx peer=2 type=32 cid=355919973 seq=414
[2026-09-26T13:14:19.131Z] I (2003704) RouteLoom: HIL PROBE tx peer=2 type=40 status=0 detail=ok
[2026-09-26T13:14:19.148Z] I (2003721) RouteLoom: HIL LINK rx peer=2 type=41 cid=1167857828 current=0 status=5 seq=50
[2026-09-26T13:14:23.335Z] I (2007908) RouteLoom: HIL LINK rx peer=2 type=32 cid=1167857828 current=0 status=5 seq=89
[2026-09-26T13:14:23.943Z] I (2008516) RouteLoom: HIL LINK tx peer=2 type=32 cid=355919973 seq=415
[2026-09-26T13:14:28.336Z] I (2012908) RouteLoom: HIL LINK rx peer=2 type=32 cid=1167857828 current=0 status=5 seq=91
[2026-09-26T13:14:28.944Z] I (2013517) RouteLoom: HIL LINK tx peer=2 type=32 cid=355919973 seq=416
[2026-09-26T13:14:29.147Z] I (2013720) RouteLoom: HIL LINK rx peer=2 type=40 cid=1167857828 current=0 status=5 seq=52
[2026-09-26T13:14:29.151Z] I (2013724) RouteLoom: HIL PROBE tx peer=2 type=41 status=0 detail=ok
[2026-09-26T13:14:33.335Z] I (2017908) RouteLoom: HIL LINK rx peer=2 type=32 cid=1167857828 current=0 status=5 seq=93
[2026-09-26T13:14:33.946Z] I (2018519) RouteLoom: HIL LINK tx peer=2 type=32 cid=355919973 seq=417
[2026-09-26T13:14:34.560Z] I (2019132) RouteLoom: HIL LINK rx peer=2 type=16 cid=1167857828 current=0 status=5 seq=109
[2026-09-26T13:14:34.566Z] I (2019136) RouteLoomRef: message origin=1 session=303 sequence=109 bytes=4
[2026-09-26T13:14:34.570Z] I (2019139) RouteLoom: HIL LINK tx peer=2 type=17 cid=355919973 seq=109
[2026-09-26T13:14:34.578Z] I (2019151) RouteLoom: HIL LINK tx peer=2 type=18 cid=355919973 seq=109
[2026-09-26T13:14:34.598Z] I (2019170) RouteLoom: HIL LINK rx peer=2 type=17 cid=1167857828 current=0 status=5 seq=109
[2026-09-26T13:14:38.340Z] I (2022912) RouteLoom: HIL LINK rx peer=2 type=32 cid=1167857828 current=0 status=5 seq=95
[2026-09-26T13:14:38.948Z] I (2023521) RouteLoom: HIL LINK tx peer=2 type=32 cid=355919973 seq=418
[2026-09-26T13:14:39.150Z] I (2023723) RouteLoom: HIL PROBE tx peer=2 type=40 status=0 detail=ok
[2026-09-26T13:14:39.169Z] I (2023741) RouteLoom: HIL LINK rx peer=2 type=41 cid=1167857828 current=0 status=5 seq=54
[2026-09-26T13:14:43.340Z] I (2027912) RouteLoom: HIL LINK rx peer=2 type=32 cid=1167857828 current=0 status=5 seq=97
[2026-09-26T13:14:43.948Z] I (2028521) RouteLoom: HIL LINK tx peer=2 type=32 cid=355919973 seq=419
[2026-09-26T13:14:48.339Z] I (2032912) RouteLoom: HIL LINK rx peer=2 type=32 cid=1167857828 current=0 status=5 seq=99
[2026-09-26T13:14:48.950Z] I (2033523) RouteLoom: HIL LINK tx peer=2 type=32 cid=355919973 seq=420
[2026-09-26T13:14:49.167Z] I (2033739) RouteLoom: HIL LINK rx peer=2 type=40 cid=1167857828 current=0 status=5 seq=56
[2026-09-26T13:14:49.171Z] I (2033743) RouteLoom: HIL PROBE tx peer=2 type=41 status=0 detail=ok
[2026-09-26T13:14:53.341Z] I (2037913) RouteLoom: HIL LINK rx peer=2 type=32 cid=1167857828 current=0 status=5 seq=101
[2026-09-26T13:14:53.951Z] I (2038524) RouteLoom: HIL LINK tx peer=2 type=32 cid=355919973 seq=421
[2026-09-26T13:14:55.859Z] I (2040431) RouteLoom: stack hwm main 10996 B
[2026-09-26T13:14:55.859Z] I (2040431) RouteLoom: HIL HEAP free=22184 largest=19456 min=21408 B
[2026-09-26T13:14:55.869Z] I (2040432) RouteLoom: HIL DISCOVERY candidates=0 neighbors=1 capacity=0 auth=10 stale=3 probes=139 send_failures=11 kind_rejects=8
[2026-09-26T13:14:55.877Z] I (2040442) RouteLoom: HIL ROUTE peer=1 phase=-1 via=2 metric=2 generation=303 seq=9
[2026-09-26T13:14:55.884Z] I (2040449) RouteLoom: HIL ROUTE peer=2 phase=5 via=2 metric=1 generation=281 seq=1
[2026-09-26T13:14:58.341Z] I (2042913) RouteLoom: HIL LINK rx peer=2 type=32 cid=1167857828 current=0 status=5 seq=103
[2026-09-26T13:14:58.951Z] I (2043524) RouteLoom: HIL LINK tx peer=2 type=32 cid=355919973 seq=422
[2026-09-26T13:14:59.169Z] I (2043741) RouteLoom: HIL PROBE tx peer=2 type=40 status=0 detail=ok
[2026-09-26T13:14:59.187Z] I (2043759) RouteLoom: HIL LINK rx peer=2 type=41 cid=1167857828 current=0 status=5 seq=58
[2026-09-26T13:15:03.343Z] I (2047915) RouteLoom: HIL LINK rx peer=2 type=32 cid=1167857828 current=0 status=5 seq=105
[2026-09-26T13:15:03.953Z] I (2048526) RouteLoom: HIL LINK tx peer=2 type=32 cid=355919973 seq=423
[2026-09-26T13:15:04.555Z] I (2049127) RouteLoom: HIL LINK rx peer=2 type=16 cid=1167857828 current=0 status=5 seq=110
[2026-09-26T13:15:04.559Z] I (2049131) RouteLoomRef: message origin=1 session=303 sequence=110 bytes=4
[2026-09-26T13:15:04.565Z] I (2049134) RouteLoom: HIL LINK tx peer=2 type=17 cid=355919973 seq=110
[2026-09-26T13:15:04.574Z] I (2049146) RouteLoom: HIL LINK tx peer=2 type=18 cid=355919973 seq=110
[2026-09-26T13:15:04.593Z] I (2049166) RouteLoom: HIL LINK rx peer=2 type=17 cid=1167857828 current=0 status=5 seq=110
[2026-09-26T13:15:08.346Z] I (2052918) RouteLoom: HIL LINK rx peer=2 type=32 cid=1167857828 current=0 status=5 seq=107
[2026-09-26T13:15:08.953Z] I (2053526) RouteLoom: HIL LINK tx peer=2 type=32 cid=355919973 seq=424
[2026-09-26T13:15:09.186Z] I (2053757) RouteLoom: HIL LINK rx peer=2 type=40 cid=1167857828 current=0 status=5 seq=60
[2026-09-26T13:15:09.190Z] I (2053761) RouteLoom: HIL PROBE tx peer=2 type=41 status=0 detail=ok
[2026-09-26T13:15:13.347Z] I (2057919) RouteLoom: HIL LINK rx peer=2 type=32 cid=1167857828 current=0 status=5 seq=109
[2026-09-26T13:15:13.954Z] I (2058527) RouteLoom: HIL LINK tx peer=2 type=32 cid=355919973 seq=425
[2026-09-26T13:15:18.347Z] I (2062919) RouteLoom: HIL LINK rx peer=2 type=32 cid=1167857828 current=0 status=5 seq=111
[2026-09-26T13:15:18.955Z] I (2063527) RouteLoom: HIL LINK tx peer=2 type=32 cid=355919973 seq=426
[2026-09-26T13:15:19.187Z] I (2063759) RouteLoom: HIL PROBE tx peer=2 type=40 status=0 detail=ok
[2026-09-26T13:15:19.205Z] I (2063777) RouteLoom: HIL LINK rx peer=2 type=41 cid=1167857828 current=0 status=5 seq=62
[2026-09-26T13:15:23.350Z] I (2067922) RouteLoom: HIL LINK rx peer=2 type=32 cid=1167857828 current=0 status=5 seq=113
[2026-09-26T13:15:23.955Z] I (2068527) RouteLoom: HIL LINK tx peer=2 type=32 cid=355919973 seq=427
[2026-09-26T13:15:28.354Z] I (2072926) RouteLoom: HIL LINK rx peer=2 type=32 cid=1167857828 current=0 status=5 seq=115
[2026-09-26T13:15:28.956Z] I (2073528) RouteLoom: HIL LINK tx peer=2 type=32 cid=355919973 seq=428
[2026-09-26T13:15:29.204Z] I (2073776) RouteLoom: HIL LINK rx peer=2 type=40 cid=1167857828 current=0 status=5 seq=64
[2026-09-26T13:15:29.208Z] I (2073780) RouteLoom: HIL PROBE tx peer=2 type=41 status=0 detail=ok
[2026-09-26T13:15:33.356Z] I (2077928) RouteLoom: HIL LINK rx peer=2 type=32 cid=1167857828 current=0 status=5 seq=117
[2026-09-26T13:15:33.958Z] I (2078530) RouteLoom: HIL LINK tx peer=2 type=32 cid=355919973 seq=429
[2026-09-26T13:15:34.559Z] I (2079131) RouteLoom: HIL LINK rx peer=2 type=16 cid=1167857828 current=0 status=5 seq=111
[2026-09-26T13:15:34.563Z] I (2079135) RouteLoomRef: message origin=1 session=303 sequence=111 bytes=4
[2026-09-26T13:15:34.569Z] I (2079138) RouteLoom: HIL LINK tx peer=2 type=17 cid=355919973 seq=111
[2026-09-26T13:15:34.578Z] I (2079149) RouteLoom: HIL LINK tx peer=2 type=18 cid=355919973 seq=111
[2026-09-26T13:15:34.598Z] I (2079170) RouteLoom: HIL LINK rx peer=2 type=17 cid=1167857828 current=0 status=5 seq=111
[2026-09-26T13:15:38.959Z] I (2083531) RouteLoom: HIL LINK tx peer=2 type=32 cid=355919973 seq=430
[2026-09-26T13:15:39.207Z] I (2083779) RouteLoom: HIL PROBE tx peer=2 type=40 status=0 detail=ok
[2026-09-26T13:15:41.209Z] I (2085781) RouteLoom: HIL PROBE tx peer=2 type=40 status=0 detail=ok
[2026-09-26T13:15:43.211Z] I (2087783) RouteLoom: HIL PROBE tx peer=2 type=40 status=0 detail=ok
[2026-09-26T13:15:43.960Z] I (2088531) RouteLoom: HIL LINK tx peer=2 type=32 cid=355919973 seq=431
[2026-09-26T13:15:45.213Z] I (2089785) RouteLoom: HIL PROBE tx peer=2 type=40 status=0 detail=ok
[2026-09-26T13:15:47.215Z] I (2091787) RouteLoom: HIL PROBE tx peer=2 type=40 status=0 detail=ok
[2026-09-26T13:15:48.360Z] I (2092932) RouteLoom: HIL LINK tx peer=2 type=32 cid=355919973 seq=432
[2026-09-26T13:15:48.963Z] I (2093532) RouteLoom: HIL LINK tx peer=2 type=32 cid=355919973 seq=433
[2026-09-26T13:15:49.217Z] I (2093789) RouteLoom: HIL PROBE tx peer=2 type=40 status=0 detail=ok
[2026-09-26T13:15:51.219Z] I (2095791) RouteLoom: HIL PROBE tx peer=2 type=40 status=0 detail=ok
[2026-09-26T13:15:53.222Z] I (2097794) RouteLoom: HIL PROBE tx peer=2 type=40 status=0 detail=ok
[2026-09-26T13:15:53.962Z] I (2098534) RouteLoom: HIL LINK tx peer=2 type=32 cid=355919973 seq=434
[2026-09-26T13:15:55.225Z] I (2099797) RouteLoom: HIL PROBE tx peer=2 type=40 status=0 detail=ok
[2026-09-26T13:15:55.860Z] I (2100432) RouteLoom: stack hwm main 10996 B
[2026-09-26T13:15:55.861Z] I (2100432) RouteLoom: HIL HEAP free=22184 largest=19456 min=21408 B
[2026-09-26T13:15:55.871Z] I (2100433) RouteLoom: HIL DISCOVERY candidates=0 neighbors=1 capacity=0 auth=10 stale=3 probes=150 send_failures=11 kind_rejects=8
[2026-09-26T13:15:55.878Z] I (2100443) RouteLoom: HIL ROUTE peer=1 phase=-1 via=0 metric=0 generation=0 seq=0
[2026-09-26T13:15:55.885Z] I (2100450) RouteLoom: HIL ROUTE peer=2 phase=5 via=0 metric=0 generation=0 seq=0
[2026-09-26T13:15:57.226Z] I (2101798) RouteLoom: HIL PROBE tx peer=2 type=40 status=0 detail=ok
[2026-09-26T13:15:58.963Z] I (2103535) RouteLoom: HIL LINK tx peer=2 type=32 cid=355919973 seq=435
[2026-09-26T13:15:59.205Z] I (2103777) RouteLoomRef: discovery event=STALE peer=2
[2026-09-26T13:15:59.205Z] W (2103777) RouteLoomRef: diagnostic reason=STALE peer=2 message=none
[2026-09-26T13:15:59.227Z] I (2103799) RouteLoom: HIL LR250 peer=94:a9:90:7a:b5:60 result=ESP_OK
[2026-09-26T13:15:59.230Z] I (2103801) RouteLoom: HIL PROBE tx peer=2 type=40 status=0 detail=ok
[2026-09-26T13:16:01.206Z] I (2105778) RouteLoomRef: discovery event=REDISCOVERY peer=2
[2026-09-26T13:16:01.207Z] W (2105778) RouteLoomRef: diagnostic reason=REDISCOVERY peer=2 message=none
[2026-09-26T13:16:02.287Z] I (2106859) RouteLoom: HIL LR250 peer=94:a9:90:7a:b5:60 result=ESP_OK
[2026-09-26T13:16:02.288Z] I (2106860) RouteLoom: HIL RLD1 tx claimed=3 phase=5 step=1
[2026-09-26T13:16:02.294Z] W (2106863) ESPNOW: Peer exists. Please call API esp_now_mod_peer()!
[2026-09-26T13:16:02.300Z] I (2106866) RouteLoom: HIL LR250 peer=94:a9:90:7a:b5:60 result=ESP_OK
[2026-09-26T13:16:02.319Z] I (2106891) RouteLoom: HIL RLD1 rx claimed=2 phase=5 step=2
[2026-09-26T13:16:02.324Z] I (2106896) RouteLoom: HIL LR250 peer=94:a9:90:7a:b5:60 result=ESP_OK
[2026-09-26T13:16:02.325Z] I (2106897) RouteLoom: HIL RLD1 tx claimed=3 phase=5 step=3
[2026-09-26T13:16:02.331Z] W (2106898) ESPNOW: Peer exists. Please call API esp_now_mod_peer()!
[2026-09-26T13:16:02.337Z] I (2106903) RouteLoom: HIL LR250 peer=94:a9:90:7a:b5:60 result=ESP_OK
[2026-09-26T13:16:02.343Z] I (2106911) RouteLoom: HIL PROBE tx peer=2 type=40 status=0 detail=ok
[2026-09-26T13:16:02.814Z] I (2107386) RouteLoom: HIL RLD1 rx claimed=2 phase=5 step=2
[2026-09-26T13:16:02.820Z] I (2107392) RouteLoom: HIL RLD1 tx claimed=3 phase=5 step=3
[2026-09-26T13:16:02.852Z] I (2107424) RouteLoom: HIL LINK rx peer=2 type=40 cid=1273748147 current=0 status=5 seq=7
[2026-09-26T13:16:02.855Z] I (2107426) RouteLoomRef: discovery event=PROBE_GEN_MISMATCH peer=2
[2026-09-26T13:16:02.862Z] W (2107427) RouteLoomRef: diagnostic reason=PROBE_GEN_MISMATCH peer=2 message=none
[2026-09-26T13:16:02.868Z] I (2107436) RouteLoom: HIL PROBE tx peer=2 type=41 status=0 detail=ok
[2026-09-26T13:16:02.923Z] I (2107495) RouteLoom: HIL LINK rx peer=2 type=32 cid=1273748147 current=0 status=5 seq=10
[2026-09-26T13:16:03.320Z] I (2107892) RouteLoom: HIL RLD1 tx claimed=3 phase=5 step=3
[2026-09-26T13:16:03.821Z] I (2108393) RouteLoom: HIL RLD1 tx claimed=3 phase=5 step=3
[2026-09-26T13:16:04.328Z] I (2108900) RouteLoom: HIL PROBE tx peer=2 type=40 status=0 detail=ok
[2026-09-26T13:16:04.351Z] I (2108923) RouteLoom: HIL LINK rx peer=2 type=41 cid=1273748147 current=0 status=5 seq=8
[2026-09-26T13:16:04.353Z] I (2108925) RouteLoomRef: discovery event=REACHABLE peer=2
[2026-09-26T13:16:04.359Z] W (2108925) RouteLoomRef: diagnostic reason=REACHABLE peer=2 message=none
[2026-09-26T13:16:04.366Z] I (2108935) RouteLoom: HIL LINK tx peer=2 type=32 cid=1656212407 seq=436
[2026-09-26T13:16:04.378Z] I (2108950) RouteLoom: HIL LINK tx peer=2 type=32 cid=1656212407 seq=437
[2026-09-26T13:16:04.430Z] I (2109001) RouteLoom: HIL LINK rx peer=2 type=32 cid=1273748147 current=0 status=5 seq=12
[2026-09-26T13:16:04.435Z] W (2109004) RouteLoomRef: diagnostic reason=PEER_RESTARTED_ROUTES_FLUSHED peer=2 message=none
[2026-09-26T13:16:04.581Z] I (2109153) RouteLoom: HIL LINK rx peer=2 type=16 cid=1273748147 current=0 status=5 seq=112
[2026-09-26T13:16:04.585Z] I (2109156) RouteLoomRef: message origin=1 session=303 sequence=112 bytes=4
[2026-09-26T13:16:04.591Z] I (2109160) RouteLoom: HIL LINK tx peer=2 type=17 cid=1656212407 seq=112
[2026-09-26T13:16:04.608Z] I (2109180) RouteLoom: HIL LINK tx peer=2 type=18 cid=1656212407 seq=112
[2026-09-26T13:16:04.637Z] I (2109208) RouteLoom: HIL LINK rx peer=2 type=17 cid=1273748147 current=0 status=5 seq=112
[2026-09-26T13:16:05.388Z] I (2109960) RouteLoom: HIL LINK rx peer=2 type=32 cid=1273748147 current=0 status=5 seq=13
[2026-09-26T13:16:05.408Z] I (2109980) RouteLoom: HIL LINK tx peer=2 type=32 cid=1656212407 seq=438
[2026-09-26T13:16:09.355Z] I (2113927) RouteLoom: HIL LINK tx peer=2 type=32 cid=1656212407 seq=439
[2026-09-26T13:16:10.389Z] I (2114960) RouteLoom: HIL LINK rx peer=2 type=32 cid=1273748147 current=0 status=5 seq=15
[2026-09-26T13:16:14.353Z] I (2118925) RouteLoom: HIL PROBE tx peer=2 type=40 status=0 detail=ok
[2026-09-26T13:16:14.356Z] I (2118927) RouteLoom: HIL LINK rx peer=2 type=40 cid=1273748147 current=0 status=5 seq=10
[2026-09-26T13:16:14.365Z] I (2118931) RouteLoom: HIL PROBE tx peer=2 type=41 status=6 detail=autonomy TX already in flight to peer
[2026-09-26T13:16:14.372Z] I (2118941) RouteLoom: HIL LINK tx peer=2 type=32 cid=1656212407 seq=440
[2026-09-26T13:16:14.380Z] I (2118948) RouteLoom: HIL LINK rx peer=2 type=41 cid=1273748147 current=0 status=5 seq=11
[2026-09-26T13:16:15.389Z] I (2119960) RouteLoom: HIL LINK rx peer=2 type=32 cid=1273748147 current=0 status=5 seq=17
[2026-09-26T13:16:19.359Z] I (2123931) RouteLoom: HIL LINK tx peer=2 type=32 cid=1656212407 seq=441
[2026-09-26T13:16:20.389Z] I (2124961) RouteLoom: HIL LINK rx peer=2 type=32 cid=1273748147 current=0 status=5 seq=19
[2026-09-26T13:16:24.360Z] I (2128932) RouteLoom: HIL LINK tx peer=2 type=32 cid=1656212407 seq=442
[2026-09-26T13:16:24.381Z] I (2128952) RouteLoom: HIL PROBE tx peer=2 type=40 status=0 detail=ok
[2026-09-26T13:16:24.391Z] I (2128962) RouteLoom: HIL LINK rx peer=2 type=40 cid=1273748147 current=0 status=5 seq=14
[2026-09-26T13:16:24.397Z] I (2128965) RouteLoom: HIL PROBE tx peer=2 type=41 status=6 detail=autonomy TX already in flight to peer
[2026-09-26T13:16:24.417Z] I (2128988) RouteLoom: HIL LINK rx peer=2 type=41 cid=1273748147 current=0 status=5 seq=15
[2026-09-26T13:16:25.392Z] I (2129963) RouteLoom: HIL LINK rx peer=2 type=32 cid=1273748147 current=0 status=5 seq=21
[2026-09-26T13:16:29.360Z] I (2133932) RouteLoom: HIL LINK tx peer=2 type=32 cid=1656212407 seq=443
[2026-09-26T13:16:30.393Z] I (2134965) RouteLoom: HIL LINK rx peer=2 type=32 cid=1273748147 current=0 status=5 seq=23
[2026-09-26T13:16:34.361Z] I (2138933) RouteLoom: HIL LINK tx peer=2 type=32 cid=1656212407 seq=444
[2026-09-26T13:16:34.421Z] I (2138992) RouteLoom: HIL PROBE tx peer=2 type=40 status=0 detail=ok
[2026-09-26T13:16:34.425Z] I (2138994) RouteLoom: HIL LINK rx peer=2 type=40 cid=1273748147 current=0 status=5 seq=18
[2026-09-26T13:16:34.436Z] I (2138998) RouteLoom: HIL PROBE tx peer=2 type=41 status=6 detail=autonomy TX already in flight to peer
[2026-09-26T13:16:34.450Z] I (2139020) RouteLoom: HIL LINK rx peer=2 type=41 cid=1273748147 current=0 status=5 seq=19
[2026-09-26T13:16:34.581Z] I (2139150) RouteLoom: HIL LINK rx peer=2 type=16 cid=1273748147 current=0 status=5 seq=113
[2026-09-26T13:16:34.584Z] I (2139153) RouteLoomRef: message origin=1 session=303 sequence=113 bytes=4
[2026-09-26T13:16:34.590Z] I (2139157) RouteLoom: HIL LINK tx peer=2 type=17 cid=1656212407 seq=113
[2026-09-26T13:16:34.602Z] I (2139171) RouteLoom: HIL LINK tx peer=2 type=18 cid=1656212407 seq=113
[2026-09-26T13:16:34.638Z] I (2139208) RouteLoom: HIL LINK rx peer=2 type=17 cid=1273748147 current=0 status=5 seq=113
[2026-09-26T13:16:35.399Z] I (2139970) RouteLoom: HIL LINK rx peer=2 type=32 cid=1273748147 current=0 status=5 seq=25
[2026-09-26T13:16:39.361Z] I (2143933) RouteLoom: HIL LINK tx peer=2 type=32 cid=1656212407 seq=445
[2026-09-26T13:16:40.397Z] I (2144968) RouteLoom: HIL LINK rx peer=2 type=32 cid=1273748147 current=0 status=5 seq=27
[2026-09-26T13:16:44.362Z] I (2148934) RouteLoom: HIL LINK tx peer=2 type=32 cid=1656212407 seq=446
[2026-09-26T13:16:44.446Z] I (2149017) RouteLoom: HIL LINK rx peer=2 type=40 cid=1273748147 current=0 status=5 seq=21
[2026-09-26T13:16:44.450Z] I (2149021) RouteLoom: HIL PROBE tx peer=2 type=41 status=0 detail=ok
[2026-09-26T13:16:45.399Z] I (2149970) RouteLoom: HIL LINK rx peer=2 type=32 cid=1273748147 current=0 status=5 seq=29
[2026-09-26T13:16:49.365Z] I (2153936) RouteLoom: HIL LINK tx peer=2 type=32 cid=1656212407 seq=447
[2026-09-26T13:16:50.401Z] I (2154972) RouteLoom: HIL LINK rx peer=2 type=32 cid=1273748147 current=0 status=5 seq=31
[2026-09-26T13:16:54.366Z] I (2158937) RouteLoom: HIL LINK tx peer=2 type=32 cid=1656212407 seq=448
[2026-09-26T13:16:54.448Z] I (2159019) RouteLoom: HIL PROBE tx peer=2 type=40 status=0 detail=ok
[2026-09-26T13:16:54.466Z] I (2159037) RouteLoom: HIL LINK rx peer=2 type=41 cid=1273748147 current=0 status=5 seq=23
[2026-09-26T13:16:55.405Z] I (2159976) RouteLoom: HIL LINK rx peer=2 type=32 cid=1273748147 current=0 status=5 seq=33
[2026-09-26T13:16:55.863Z] I (2160434) RouteLoom: stack hwm main 10996 B
[2026-09-26T13:16:55.863Z] I (2160434) RouteLoom: HIL HEAP free=22184 largest=19456 min=21408 B
[2026-09-26T13:16:55.873Z] I (2160435) RouteLoom: HIL DISCOVERY candidates=0 neighbors=1 capacity=0 auth=11 stale=4 probes=158 send_failures=14 kind_rejects=9
[2026-09-26T13:16:55.881Z] I (2160445) RouteLoom: HIL ROUTE peer=1 phase=-1 via=2 metric=2 generation=303 seq=10
[2026-09-26T13:16:55.891Z] I (2160453) RouteLoom: HIL ROUTE peer=2 phase=5 via=2 metric=1 generation=282 seq=1
[2026-09-26T13:16:59.366Z] I (2163937) RouteLoom: HIL LINK tx peer=2 type=32 cid=1656212407 seq=449
[2026-09-26T13:17:00.406Z] I (2164977) RouteLoom: HIL LINK rx peer=2 type=32 cid=1273748147 current=0 status=5 seq=35
[2026-09-26T13:17:04.367Z] I (2168939) RouteLoom: HIL LINK tx peer=2 type=32 cid=1656212407 seq=450
[2026-09-26T13:17:04.466Z] I (2169037) RouteLoom: HIL LINK rx peer=2 type=40 cid=1273748147 current=0 status=5 seq=25
[2026-09-26T13:17:04.470Z] I (2169041) RouteLoom: HIL PROBE tx peer=2 type=41 status=0 detail=ok
[2026-09-26T13:17:04.557Z] I (2169128) RouteLoom: HIL LINK rx peer=2 type=16 cid=1273748147 current=0 status=5 seq=114
[2026-09-26T13:17:04.560Z] I (2169131) RouteLoomRef: message origin=1 session=303 sequence=114 bytes=4
[2026-09-26T13:17:04.567Z] I (2169135) RouteLoom: HIL LINK tx peer=2 type=17 cid=1656212407 seq=114
[2026-09-26T13:17:04.575Z] I (2169146) RouteLoom: HIL LINK tx peer=2 type=18 cid=1656212407 seq=114
[2026-09-26T13:17:04.595Z] I (2169166) RouteLoom: HIL LINK rx peer=2 type=17 cid=1273748147 current=0 status=5 seq=114
[2026-09-26T13:17:05.410Z] I (2169981) RouteLoom: HIL LINK rx peer=2 type=32 cid=1273748147 current=0 status=5 seq=37
[2026-09-26T13:17:09.369Z] I (2173940) RouteLoom: HIL LINK tx peer=2 type=32 cid=1656212407 seq=451
[2026-09-26T13:17:10.411Z] I (2174982) RouteLoom: HIL LINK rx peer=2 type=32 cid=1273748147 current=0 status=5 seq=39
[2026-09-26T13:17:14.369Z] I (2178941) RouteLoom: HIL LINK tx peer=2 type=32 cid=1656212407 seq=452
[2026-09-26T13:17:14.470Z] I (2179041) RouteLoom: HIL PROBE tx peer=2 type=40 status=0 detail=ok
[2026-09-26T13:17:14.487Z] I (2179058) RouteLoom: HIL LINK rx peer=2 type=41 cid=1273748147 current=0 status=5 seq=27
[2026-09-26T13:17:15.414Z] I (2179985) RouteLoom: HIL LINK rx peer=2 type=32 cid=1273748147 current=0 status=5 seq=41
[2026-09-26T13:17:19.371Z] I (2183941) RouteLoom: HIL LINK tx peer=2 type=32 cid=1656212407 seq=453
[2026-09-26T13:17:20.416Z] I (2184987) RouteLoom: HIL LINK rx peer=2 type=32 cid=1273748147 current=0 status=5 seq=43
[2026-09-26T13:17:24.372Z] I (2188942) RouteLoom: HIL LINK tx peer=2 type=32 cid=1656212407 seq=454
[2026-09-26T13:17:24.487Z] I (2189058) RouteLoom: HIL LINK rx peer=2 type=40 cid=1273748147 current=0 status=5 seq=29
[2026-09-26T13:17:24.491Z] I (2189062) RouteLoom: HIL PROBE tx peer=2 type=41 status=0 detail=ok
[2026-09-26T13:17:25.417Z] I (2189987) RouteLoom: HIL LINK rx peer=2 type=32 cid=1273748147 current=0 status=5 seq=45
[2026-09-26T13:17:29.373Z] I (2193943) RouteLoom: HIL LINK tx peer=2 type=32 cid=1656212407 seq=455
[2026-09-26T13:17:30.418Z] I (2194989) RouteLoom: HIL LINK rx peer=2 type=32 cid=1273748147 current=0 status=5 seq=47
[2026-09-26T13:17:34.374Z] I (2198944) RouteLoom: HIL LINK tx peer=2 type=32 cid=1656212407 seq=456
[2026-09-26T13:17:34.489Z] I (2199060) RouteLoom: HIL PROBE tx peer=2 type=40 status=0 detail=ok
[2026-09-26T13:17:34.508Z] I (2199078) RouteLoom: HIL LINK rx peer=2 type=41 cid=1273748147 current=0 status=5 seq=31
[2026-09-26T13:17:34.554Z] I (2199125) RouteLoom: HIL LINK rx peer=2 type=16 cid=1273748147 current=0 status=5 seq=115
[2026-09-26T13:17:34.558Z] I (2199128) RouteLoomRef: message origin=1 session=303 sequence=115 bytes=4
[2026-09-26T13:17:34.564Z] I (2199132) RouteLoom: HIL LINK tx peer=2 type=17 cid=1656212407 seq=115
[2026-09-26T13:17:34.577Z] I (2199143) RouteLoom: HIL LINK tx peer=2 type=18 cid=1656212407 seq=115
[2026-09-26T13:17:34.593Z] I (2199163) RouteLoom: HIL LINK rx peer=2 type=17 cid=1273748147 current=0 status=5 seq=115
[2026-09-26T13:17:35.422Z] I (2199992) RouteLoom: HIL LINK rx peer=2 type=32 cid=1273748147 current=0 status=5 seq=49
[2026-09-26T13:17:39.375Z] I (2203946) RouteLoom: HIL LINK tx peer=2 type=32 cid=1656212407 seq=457
[2026-09-26T13:17:40.424Z] I (2204994) RouteLoom: HIL LINK rx peer=2 type=32 cid=1273748147 current=0 status=5 seq=51
[2026-09-26T13:17:44.376Z] I (2208947) RouteLoom: HIL LINK tx peer=2 type=32 cid=1656212407 seq=458
[2026-09-26T13:17:44.506Z] I (2209076) RouteLoom: HIL LINK rx peer=2 type=40 cid=1273748147 current=0 status=5 seq=33
[2026-09-26T13:17:44.510Z] I (2209080) RouteLoom: HIL PROBE tx peer=2 type=41 status=0 detail=ok
[2026-09-26T13:17:45.429Z] I (2209999) RouteLoom: HIL LINK rx peer=2 type=32 cid=1273748147 current=0 status=5 seq=53
[2026-09-26T13:17:49.376Z] I (2213947) RouteLoom: HIL LINK tx peer=2 type=32 cid=1656212407 seq=459
[2026-09-26T13:17:50.425Z] I (2214996) RouteLoom: HIL LINK rx peer=2 type=32 cid=1273748147 current=0 status=5 seq=55
[2026-09-26T13:17:54.379Z] I (2218949) RouteLoom: HIL LINK tx peer=2 type=32 cid=1656212407 seq=460
[2026-09-26T13:17:54.508Z] I (2219079) RouteLoom: HIL PROBE tx peer=2 type=40 status=0 detail=ok
[2026-09-26T13:17:54.528Z] I (2219099) RouteLoom: HIL LINK rx peer=2 type=41 cid=1273748147 current=0 status=5 seq=36
[2026-09-26T13:17:55.428Z] I (2219998) RouteLoom: HIL LINK rx peer=2 type=32 cid=1273748147 current=0 status=5 seq=57
[2026-09-26T13:17:55.866Z] I (2220436) RouteLoom: stack hwm main 10996 B
[2026-09-26T13:17:55.866Z] I (2220436) RouteLoom: HIL HEAP free=22184 largest=19456 min=21408 B
[2026-09-26T13:17:55.876Z] I (2220437) RouteLoom: HIL DISCOVERY candidates=0 neighbors=1 capacity=0 auth=11 stale=4 probes=161 send_failures=14 kind_rejects=9
[2026-09-26T13:17:55.884Z] I (2220447) RouteLoom: HIL ROUTE peer=1 phase=-1 via=2 metric=2 generation=303 seq=10
[2026-09-26T13:17:55.891Z] I (2220455) RouteLoom: HIL ROUTE peer=2 phase=5 via=2 metric=1 generation=282 seq=1
[2026-09-26T13:17:59.397Z] I (2223951) RouteLoom: HIL LINK tx peer=2 type=32 cid=1656212407 seq=461
[2026-09-26T13:18:00.431Z] I (2224999) RouteLoom: HIL LINK rx peer=2 type=32 cid=1273748147 current=0 status=5 seq=59
[2026-09-26T13:18:04.383Z] I (2228952) RouteLoom: HIL LINK tx peer=2 type=32 cid=1656212407 seq=462
[2026-09-26T13:18:04.527Z] I (2229096) RouteLoom: HIL LINK rx peer=2 type=40 cid=1273748147 current=0 status=5 seq=38
[2026-09-26T13:18:04.530Z] I (2229100) RouteLoom: HIL PROBE tx peer=2 type=41 status=0 detail=ok
[2026-09-26T13:18:04.562Z] I (2229132) RouteLoom: HIL LINK rx peer=2 type=16 cid=1273748147 current=0 status=5 seq=116
[2026-09-26T13:18:04.566Z] I (2229136) RouteLoomRef: message origin=1 session=303 sequence=116 bytes=4
[2026-09-26T13:18:04.574Z] I (2229140) RouteLoom: HIL LINK tx peer=2 type=17 cid=1656212407 seq=116
[2026-09-26T13:18:04.581Z] I (2229151) RouteLoom: HIL LINK tx peer=2 type=18 cid=1656212407 seq=116
[2026-09-26T13:18:04.600Z] I (2229171) RouteLoom: HIL LINK rx peer=2 type=17 cid=1273748147 current=0 status=5 seq=116
[2026-09-26T13:18:05.434Z] I (2230003) RouteLoom: HIL LINK rx peer=2 type=32 cid=1273748147 current=0 status=5 seq=61
[2026-09-26T13:18:09.382Z] I (2233953) RouteLoom: HIL LINK tx peer=2 type=32 cid=1656212407 seq=463
[2026-09-26T13:18:10.435Z] I (2235005) RouteLoom: HIL LINK rx peer=2 type=32 cid=1273748147 current=0 status=5 seq=63
[2026-09-26T13:18:14.382Z] I (2238953) RouteLoom: HIL LINK tx peer=2 type=32 cid=1656212407 seq=464
[2026-09-26T13:18:14.527Z] I (2239098) RouteLoom: HIL PROBE tx peer=2 type=40 status=0 detail=ok
[2026-09-26T13:18:14.551Z] I (2239121) RouteLoom: HIL LINK rx peer=2 type=41 cid=1273748147 current=0 status=5 seq=40
[2026-09-26T13:18:15.439Z] I (2240009) RouteLoom: HIL LINK rx peer=2 type=32 cid=1273748147 current=0 status=5 seq=65
[2026-09-26T13:18:19.384Z] I (2243953) RouteLoom: HIL LINK tx peer=2 type=32 cid=1656212407 seq=465
[2026-09-26T13:18:20.441Z] I (2245011) RouteLoom: HIL LINK rx peer=2 type=32 cid=1273748147 current=0 status=5 seq=67
[2026-09-26T13:18:24.384Z] I (2248955) RouteLoom: HIL LINK tx peer=2 type=32 cid=1656212407 seq=466
[2026-09-26T13:18:24.545Z] I (2249115) RouteLoom: HIL LINK rx peer=2 type=40 cid=1273748147 current=0 status=5 seq=42
[2026-09-26T13:18:24.548Z] I (2249119) RouteLoom: HIL PROBE tx peer=2 type=41 status=0 detail=ok
[2026-09-26T13:18:25.447Z] I (2250015) RouteLoom: HIL LINK rx peer=2 type=32 cid=1273748147 current=0 status=5 seq=69
[2026-09-26T13:18:29.385Z] I (2253956) RouteLoom: HIL LINK tx peer=2 type=32 cid=1656212407 seq=467
[2026-09-26T13:18:30.449Z] I (2255016) RouteLoom: HIL LINK rx peer=2 type=32 cid=1273748147 current=0 status=5 seq=71
[2026-09-26T13:18:34.388Z] I (2258957) RouteLoom: HIL LINK tx peer=2 type=32 cid=1656212407 seq=468
[2026-09-26T13:18:34.546Z] I (2259117) RouteLoom: HIL PROBE tx peer=2 type=40 status=0 detail=ok
[2026-09-26T13:18:34.562Z] I (2259132) RouteLoom: HIL LINK rx peer=2 type=16 cid=1273748147 current=0 status=5 seq=117
[2026-09-26T13:18:34.566Z] I (2259136) RouteLoomRef: message origin=1 session=303 sequence=117 bytes=4
[2026-09-26T13:18:34.572Z] I (2259139) RouteLoom: HIL LINK tx peer=2 type=17 cid=1656212407 seq=117
[2026-09-26T13:18:34.581Z] I (2259151) RouteLoom: HIL LINK tx peer=2 type=18 cid=1656212407 seq=117
[2026-09-26T13:18:34.601Z] I (2259171) RouteLoom: HIL LINK rx peer=2 type=17 cid=1273748147 current=0 status=5 seq=117
[2026-09-26T13:18:35.448Z] I (2260018) RouteLoom: HIL LINK rx peer=2 type=32 cid=1273748147 current=0 status=5 seq=73
[2026-09-26T13:18:36.547Z] I (2261118) RouteLoom: HIL PROBE tx peer=2 type=40 status=0 detail=ok
[2026-09-26T13:18:36.565Z] I (2261135) RouteLoom: HIL LINK rx peer=2 type=41 cid=1273748147 current=0 status=5 seq=45
[2026-09-26T13:18:39.386Z] I (2263957) RouteLoom: HIL LINK tx peer=2 type=32 cid=1656212407 seq=469
[2026-09-26T13:18:40.449Z] I (2265019) RouteLoom: HIL LINK rx peer=2 type=32 cid=1273748147 current=0 status=5 seq=75
[2026-09-26T13:18:44.387Z] I (2268957) RouteLoom: HIL LINK tx peer=2 type=32 cid=1656212407 seq=470
[2026-09-26T13:18:45.449Z] I (2270019) RouteLoom: HIL LINK rx peer=2 type=32 cid=1273748147 current=0 status=5 seq=77
[2026-09-26T13:18:46.564Z] I (2271134) RouteLoom: HIL LINK rx peer=2 type=40 cid=1273748147 current=0 status=5 seq=47
[2026-09-26T13:18:46.568Z] I (2271138) RouteLoom: HIL PROBE tx peer=2 type=41 status=0 detail=ok
[2026-09-26T13:18:49.387Z] I (2273957) RouteLoom: HIL LINK tx peer=2 type=32 cid=1656212407 seq=471
[2026-09-26T13:18:50.450Z] I (2275020) RouteLoom: HIL LINK rx peer=2 type=32 cid=1273748147 current=0 status=5 seq=79
[2026-09-26T13:18:54.388Z] I (2278958) RouteLoom: HIL LINK tx peer=2 type=32 cid=1656212407 seq=472
[2026-09-26T13:18:55.516Z] I (2280022) RouteLoom: HIL LINK rx peer=2 type=32 cid=1273748147 current=0 status=5 seq=81
[2026-09-26T13:18:55.866Z] I (2280436) RouteLoom: stack hwm main 10996 B
[2026-09-26T13:18:55.867Z] I (2280436) RouteLoom: HIL HEAP free=22184 largest=19456 min=21408 B
[2026-09-26T13:18:55.876Z] I (2280437) RouteLoom: HIL DISCOVERY candidates=0 neighbors=1 capacity=0 auth=11 stale=4 probes=164 send_failures=14 kind_rejects=9
[2026-09-26T13:18:55.884Z] I (2280447) RouteLoom: HIL ROUTE peer=1 phase=-1 via=2 metric=2 generation=303 seq=10
[2026-09-26T13:18:55.891Z] I (2280455) RouteLoom: HIL ROUTE peer=2 phase=5 via=2 metric=1 generation=282 seq=1
[2026-09-26T13:18:56.569Z] I (2281136) RouteLoom: HIL PROBE tx peer=2 type=40 status=0 detail=ok
[2026-09-26T13:18:56.584Z] I (2281153) RouteLoom: HIL LINK rx peer=2 type=41 cid=1273748147 current=0 status=5 seq=49
[2026-09-26T13:18:59.393Z] I (2283960) RouteLoom: HIL LINK tx peer=2 type=32 cid=1656212407 seq=473
[2026-09-26T13:19:00.456Z] I (2285025) RouteLoom: HIL LINK rx peer=2 type=32 cid=1273748147 current=0 status=5 seq=83
[2026-09-26T13:19:04.392Z] I (2288960) RouteLoom: HIL LINK tx peer=2 type=32 cid=1656212407 seq=474
[2026-09-26T13:19:04.561Z] I (2289131) RouteLoom: HIL LINK rx peer=2 type=16 cid=1273748147 current=0 status=5 seq=118
[2026-09-26T13:19:04.565Z] I (2289134) RouteLoomRef: message origin=1 session=303 sequence=118 bytes=4
[2026-09-26T13:19:04.571Z] I (2289138) RouteLoom: HIL LINK tx peer=2 type=17 cid=1656212407 seq=118
[2026-09-26T13:19:04.581Z] I (2289151) RouteLoom: HIL LINK tx peer=2 type=18 cid=1656212407 seq=118
[2026-09-26T13:19:04.601Z] I (2289171) RouteLoom: HIL LINK rx peer=2 type=17 cid=1273748147 current=0 status=5 seq=118
[2026-09-26T13:19:05.458Z] I (2290027) RouteLoom: HIL LINK rx peer=2 type=32 cid=1273748147 current=0 status=5 seq=85
[2026-09-26T13:19:06.583Z] I (2291153) RouteLoom: HIL LINK rx peer=2 type=40 cid=1273748147 current=0 status=5 seq=51
[2026-09-26T13:19:06.588Z] I (2291157) RouteLoom: HIL PROBE tx peer=2 type=41 status=0 detail=ok
[2026-09-26T13:19:09.395Z] I (2293962) RouteLoom: HIL LINK tx peer=2 type=32 cid=1656212407 seq=475
[2026-09-26T13:19:10.464Z] I (2295028) RouteLoom: HIL LINK rx peer=2 type=32 cid=1273748147 current=0 status=5 seq=87
[2026-09-26T13:19:14.394Z] I (2298964) RouteLoom: HIL LINK tx peer=2 type=32 cid=1656212407 seq=476
[2026-09-26T13:19:15.462Z] I (2300029) RouteLoom: HIL LINK rx peer=2 type=32 cid=1273748147 current=0 status=5 seq=89
[2026-09-26T13:19:16.588Z] I (2301156) RouteLoom: HIL PROBE tx peer=2 type=40 status=0 detail=ok
[2026-09-26T13:19:16.603Z] I (2301173) RouteLoom: HIL LINK rx peer=2 type=41 cid=1273748147 current=0 status=5 seq=53
[2026-09-26T13:19:19.395Z] I (2303965) RouteLoom: HIL LINK tx peer=2 type=32 cid=1656212407 seq=477
[2026-09-26T13:19:20.462Z] I (2305030) RouteLoom: HIL LINK rx peer=2 type=32 cid=1273748147 current=0 status=5 seq=91
[2026-09-26T13:19:24.398Z] I (2308966) RouteLoom: HIL LINK tx peer=2 type=32 cid=1656212407 seq=478
[2026-09-26T13:19:25.462Z] I (2310031) RouteLoom: HIL LINK rx peer=2 type=32 cid=1273748147 current=0 status=5 seq=93
[2026-09-26T13:19:26.603Z] I (2311172) RouteLoom: HIL LINK rx peer=2 type=40 cid=1273748147 current=0 status=5 seq=55
[2026-09-26T13:19:26.607Z] I (2311176) RouteLoom: HIL PROBE tx peer=2 type=41 status=0 detail=ok
[2026-09-26T13:19:29.396Z] I (2313966) RouteLoom: HIL LINK tx peer=2 type=32 cid=1656212407 seq=479
[2026-09-26T13:19:30.460Z] I (2315029) RouteLoom: HIL LINK rx peer=2 type=32 cid=1273748147 current=0 status=5 seq=95
[2026-09-26T13:19:34.398Z] I (2318967) RouteLoom: HIL LINK tx peer=2 type=32 cid=1656212407 seq=480
[2026-09-26T13:19:34.571Z] I (2319137) RouteLoom: HIL LINK rx peer=2 type=16 cid=1273748147 current=0 status=5 seq=119
[2026-09-26T13:19:34.572Z] I (2319141) RouteLoomRef: message origin=1 session=303 sequence=119 bytes=4
[2026-09-26T13:19:34.578Z] I (2319145) RouteLoom: HIL LINK tx peer=2 type=17 cid=1656212407 seq=119
[2026-09-26T13:19:34.586Z] I (2319156) RouteLoom: HIL LINK tx peer=2 type=18 cid=1656212407 seq=119
[2026-09-26T13:19:34.606Z] I (2319176) RouteLoom: HIL LINK rx peer=2 type=17 cid=1273748147 current=0 status=5 seq=119
[2026-09-26T13:19:35.464Z] I (2320032) RouteLoom: HIL LINK rx peer=2 type=32 cid=1273748147 current=0 status=5 seq=97
[2026-09-26T13:19:36.605Z] I (2321174) RouteLoom: HIL PROBE tx peer=2 type=40 status=0 detail=ok
[2026-09-26T13:19:36.625Z] I (2321192) RouteLoom: HIL LINK rx peer=2 type=41 cid=1273748147 current=0 status=5 seq=57
[2026-09-26T13:19:39.401Z] I (2323970) RouteLoom: HIL LINK tx peer=2 type=32 cid=1656212407 seq=481
[2026-09-26T13:19:40.475Z] I (2325035) RouteLoom: HIL LINK rx peer=2 type=32 cid=1273748147 current=0 status=5 seq=99
[2026-09-26T13:19:44.405Z] I (2328971) RouteLoom: HIL LINK tx peer=2 type=32 cid=1656212407 seq=482
[2026-09-26T13:19:45.467Z] I (2330035) RouteLoom: HIL LINK rx peer=2 type=32 cid=1273748147 current=0 status=5 seq=101
[2026-09-26T13:19:46.620Z] I (2331190) RouteLoom: HIL LINK rx peer=2 type=40 cid=1273748147 current=0 status=5 seq=59
[2026-09-26T13:19:46.624Z] I (2331194) RouteLoom: HIL PROBE tx peer=2 type=41 status=0 detail=ok
[2026-09-26T13:19:49.403Z] I (2333971) RouteLoom: HIL LINK tx peer=2 type=32 cid=1656212407 seq=483
[2026-09-26T13:19:50.598Z] I (2335037) RouteLoom: HIL LINK rx peer=2 type=32 cid=1273748147 current=0 status=5 seq=103
[2026-09-26T13:19:54.403Z] I (2338973) RouteLoom: HIL LINK tx peer=2 type=32 cid=1656212407 seq=484
[2026-09-26T13:19:55.475Z] I (2340039) RouteLoom: HIL LINK rx peer=2 type=32 cid=1273748147 current=0 status=5 seq=105
[2026-09-26T13:19:55.871Z] I (2340438) RouteLoom: stack hwm main 10996 B
[2026-09-26T13:19:55.871Z] I (2340438) RouteLoom: HIL HEAP free=22184 largest=19456 min=21408 B
[2026-09-26T13:19:55.879Z] I (2340439) RouteLoom: HIL DISCOVERY candidates=0 neighbors=1 capacity=0 auth=11 stale=4 probes=167 send_failures=14 kind_rejects=9
[2026-09-26T13:19:55.889Z] I (2340449) RouteLoom: HIL ROUTE peer=1 phase=-1 via=2 metric=2 generation=303 seq=10
[2026-09-26T13:19:55.894Z] I (2340457) RouteLoom: HIL ROUTE peer=2 phase=5 via=2 metric=1 generation=282 seq=1
[2026-09-26T13:19:56.623Z] I (2341192) RouteLoom: HIL PROBE tx peer=2 type=40 status=0 detail=ok
[2026-09-26T13:19:56.641Z] I (2341210) RouteLoom: HIL LINK rx peer=2 type=41 cid=1273748147 current=0 status=5 seq=61
[2026-09-26T13:19:59.403Z] I (2343973) RouteLoom: HIL LINK tx peer=2 type=32 cid=1656212407 seq=485
[2026-09-26T13:20:00.473Z] I (2345042) RouteLoom: HIL LINK rx peer=2 type=32 cid=1273748147 current=0 status=5 seq=107
[2026-09-26T13:20:04.405Z] I (2348975) RouteLoom: HIL LINK tx peer=2 type=32 cid=1656212407 seq=486
[2026-09-26T13:20:04.899Z] I (2349468) RouteLoom: HIL LINK rx peer=2 type=16 cid=1273748147 current=0 status=5 seq=120
[2026-09-26T13:20:04.902Z] I (2349471) RouteLoomRef: message origin=1 session=303 sequence=120 bytes=4
[2026-09-26T13:20:04.911Z] I (2349475) RouteLoom: HIL LINK tx peer=2 type=17 cid=1656212407 seq=120
[2026-09-26T13:20:04.917Z] I (2349486) RouteLoom: HIL LINK tx peer=2 type=18 cid=1656212407 seq=120
[2026-09-26T13:20:04.937Z] I (2349506) RouteLoom: HIL LINK rx peer=2 type=17 cid=1273748147 current=0 status=5 seq=120
[2026-09-26T13:20:05.475Z] I (2350044) RouteLoom: HIL LINK rx peer=2 type=32 cid=1273748147 current=0 status=5 seq=109
[2026-09-26T13:20:06.642Z] I (2351209) RouteLoom: HIL LINK rx peer=2 type=40 cid=1273748147 current=0 status=5 seq=63
[2026-09-26T13:20:06.644Z] I (2351213) RouteLoom: HIL PROBE tx peer=2 type=41 status=0 detail=ok
[2026-09-26T13:20:09.408Z] I (2353976) RouteLoom: HIL LINK tx peer=2 type=32 cid=1656212407 seq=487
[2026-09-26T13:20:10.478Z] I (2355046) RouteLoom: HIL LINK rx peer=2 type=32 cid=1273748147 current=0 status=5 seq=111
[2026-09-26T13:20:14.408Z] I (2358977) RouteLoom: HIL LINK tx peer=2 type=32 cid=1656212407 seq=488
[2026-09-26T13:20:15.517Z] I (2360048) RouteLoom: HIL LINK rx peer=2 type=32 cid=1273748147 current=0 status=5 seq=113
[2026-09-26T13:20:16.644Z] I (2361213) RouteLoom: HIL PROBE tx peer=2 type=40 status=0 detail=ok
[2026-09-26T13:20:16.661Z] I (2361230) RouteLoom: HIL LINK rx peer=2 type=41 cid=1273748147 current=0 status=5 seq=65
[2026-09-26T13:20:19.411Z] I (2363980) RouteLoom: HIL LINK tx peer=2 type=32 cid=1656212407 seq=489
[2026-09-26T13:20:20.482Z] I (2365048) RouteLoom: HIL LINK rx peer=2 type=32 cid=1273748147 current=0 status=5 seq=115
[2026-09-26T13:20:24.412Z] I (2368980) RouteLoom: HIL LINK tx peer=2 type=32 cid=1656212407 seq=490
[2026-09-26T13:20:25.481Z] I (2370048) RouteLoom: HIL LINK rx peer=2 type=32 cid=1273748147 current=0 status=5 seq=117
[2026-09-26T13:20:26.663Z] I (2371229) RouteLoom: HIL LINK rx peer=2 type=40 cid=1273748147 current=0 status=5 seq=67
[2026-09-26T13:20:26.694Z] I (2371233) RouteLoom: HIL PROBE tx peer=2 type=41 status=0 detail=ok
[2026-09-26T13:20:29.416Z] I (2373981) RouteLoom: HIL LINK tx peer=2 type=32 cid=1656212407 seq=491
[2026-09-26T13:20:30.486Z] I (2375055) RouteLoom: HIL LINK rx peer=2 type=32 cid=1273748147 current=0 status=5 seq=119
[2026-09-26T13:20:34.413Z] I (2378980) RouteLoom: HIL LINK tx peer=2 type=32 cid=1656212407 seq=492
[2026-09-26T13:20:34.759Z] I (2379328) RouteLoom: HIL LINK rx peer=2 type=16 cid=1273748147 current=0 status=5 seq=121
[2026-09-26T13:20:34.762Z] I (2379331) RouteLoomRef: message origin=1 session=303 sequence=121 bytes=4
[2026-09-26T13:20:34.770Z] I (2379335) RouteLoom: HIL LINK tx peer=2 type=17 cid=1656212407 seq=121
[2026-09-26T13:20:34.777Z] I (2379346) RouteLoom: HIL LINK tx peer=2 type=18 cid=1656212407 seq=121
[2026-09-26T13:20:34.801Z] I (2379369) RouteLoom: HIL LINK rx peer=2 type=17 cid=1273748147 current=0 status=5 seq=121
[2026-09-26T13:20:35.485Z] I (2380052) RouteLoom: HIL LINK rx peer=2 type=32 cid=1273748147 current=0 status=5 seq=121
[2026-09-26T13:20:36.665Z] I (2381232) RouteLoom: HIL PROBE tx peer=2 type=40 status=0 detail=ok
[2026-09-26T13:20:36.682Z] I (2381249) RouteLoom: HIL LINK rx peer=2 type=41 cid=1273748147 current=0 status=5 seq=69
[2026-09-26T13:20:39.411Z] I (2383981) RouteLoom: HIL LINK tx peer=2 type=32 cid=1656212407 seq=493
[2026-09-26T13:20:44.415Z] I (2388983) RouteLoom: HIL LINK tx peer=2 type=32 cid=1656212407 seq=494
[2026-09-26T13:20:46.684Z] I (2391252) RouteLoom: HIL PROBE tx peer=2 type=40 status=0 detail=ok
[2026-09-26T13:20:48.802Z] I (2393254) RouteLoom: HIL PROBE tx peer=2 type=40 status=0 detail=ok
[2026-09-26T13:20:49.421Z] I (2393984) RouteLoom: HIL LINK tx peer=2 type=32 cid=1656212407 seq=495
[2026-09-26T13:20:50.537Z] I (2395106) RouteLoom: HIL LINK tx peer=2 type=32 cid=1656212407 seq=496
[2026-09-26T13:20:50.687Z] I (2395255) RouteLoom: HIL PROBE tx peer=2 type=40 status=0 detail=ok
[2026-09-26T13:20:52.688Z] I (2397257) RouteLoom: HIL PROBE tx peer=2 type=40 status=0 detail=ok
[2026-09-26T13:20:54.418Z] I (2398987) RouteLoom: HIL LINK tx peer=2 type=32 cid=1656212407 seq=497
[2026-09-26T13:20:54.690Z] I (2399259) RouteLoom: HIL PROBE tx peer=2 type=40 status=0 detail=ok
[2026-09-26T13:20:55.871Z] I (2400440) RouteLoom: stack hwm main 10996 B
[2026-09-26T13:20:55.872Z] I (2400440) RouteLoom: HIL HEAP free=22184 largest=19456 min=21408 B
[2026-09-26T13:20:55.882Z] I (2400441) RouteLoom: HIL DISCOVERY candidates=0 neighbors=1 capacity=0 auth=11 stale=4 probes=175 send_failures=14 kind_rejects=9
[2026-09-26T13:20:55.889Z] I (2400451) RouteLoom: HIL ROUTE peer=1 phase=-1 via=0 metric=0 generation=0 seq=0
[2026-09-26T13:20:55.896Z] I (2400458) RouteLoom: HIL ROUTE peer=2 phase=5 via=0 metric=0 generation=0 seq=0
[2026-09-26T13:20:56.691Z] I (2401260) RouteLoom: HIL PROBE tx peer=2 type=40 status=0 detail=ok
[2026-09-26T13:20:58.693Z] I (2403262) RouteLoom: HIL PROBE tx peer=2 type=40 status=0 detail=ok
[2026-09-26T13:20:59.418Z] I (2403987) RouteLoom: HIL LINK tx peer=2 type=32 cid=1656212407 seq=498
[2026-09-26T13:21:00.695Z] I (2405264) RouteLoom: HIL PROBE tx peer=2 type=40 status=0 detail=ok
[2026-09-26T13:21:02.699Z] I (2407266) RouteLoom: HIL PROBE tx peer=2 type=40 status=0 detail=ok
[2026-09-26T13:21:04.418Z] I (2408987) RouteLoom: HIL LINK tx peer=2 type=32 cid=1656212407 seq=499
[2026-09-26T13:21:04.699Z] I (2409268) RouteLoom: HIL PROBE tx peer=2 type=40 status=0 detail=ok
[2026-09-26T13:21:06.681Z] I (2411250) RouteLoomRef: discovery event=STALE peer=2
[2026-09-26T13:21:06.681Z] W (2411250) RouteLoomRef: diagnostic reason=STALE peer=2 message=none
[2026-09-26T13:21:06.700Z] I (2411269) RouteLoom: HIL LR250 peer=94:a9:90:7a:b5:60 result=ESP_OK
[2026-09-26T13:21:06.704Z] I (2411271) RouteLoom: HIL PROBE tx peer=2 type=40 status=0 detail=ok
[2026-09-26T13:21:08.682Z] I (2413251) RouteLoomRef: discovery event=REDISCOVERY peer=2
[2026-09-26T13:21:08.683Z] W (2413251) RouteLoomRef: diagnostic reason=REDISCOVERY peer=2 message=none
[2026-09-26T13:21:09.714Z] I (2414281) RouteLoom: HIL LR250 peer=94:a9:90:7a:b5:60 result=ESP_OK
[2026-09-26T13:21:09.714Z] I (2414282) RouteLoom: HIL RLD1 tx claimed=3 phase=5 step=1
[2026-09-26T13:21:09.719Z] W (2414285) ESPNOW: Peer exists. Please call API esp_now_mod_peer()!
[2026-09-26T13:21:09.727Z] I (2414288) RouteLoom: HIL LR250 peer=94:a9:90:7a:b5:60 result=ESP_OK
[2026-09-26T13:21:09.736Z] I (2414305) RouteLoom: HIL RLD1 rx claimed=2 phase=5 step=2
[2026-09-26T13:21:10.212Z] I (2414780) RouteLoom: HIL LR250 peer=94:a9:90:7a:b5:60 result=ESP_OK
[2026-09-26T13:21:10.212Z] I (2414781) RouteLoom: HIL RLD1 tx claimed=3 phase=5 step=1
[2026-09-26T13:21:10.219Z] W (2414784) ESPNOW: Peer exists. Please call API esp_now_mod_peer()!
[2026-09-26T13:21:10.224Z] I (2414787) RouteLoom: HIL LR250 peer=94:a9:90:7a:b5:60 result=ESP_OK
[2026-09-26T13:21:10.235Z] I (2414804) RouteLoom: HIL RLD1 rx claimed=2 phase=5 step=2
[2026-09-26T13:21:10.240Z] I (2414809) RouteLoom: HIL LR250 peer=94:a9:90:7a:b5:60 result=ESP_OK
[2026-09-26T13:21:10.242Z] I (2414810) RouteLoom: HIL RLD1 tx claimed=3 phase=5 step=3
[2026-09-26T13:21:10.247Z] W (2414811) ESPNOW: Peer exists. Please call API esp_now_mod_peer()!
[2026-09-26T13:21:10.253Z] I (2414816) RouteLoom: HIL LR250 peer=94:a9:90:7a:b5:60 result=ESP_OK
[2026-09-26T13:21:10.259Z] I (2414824) RouteLoom: HIL PROBE tx peer=2 type=40 status=0 detail=ok
[2026-09-26T13:21:10.741Z] I (2415305) RouteLoom: HIL RLD1 tx claimed=3 phase=5 step=3
[2026-09-26T13:21:10.741Z] I (2415308) RouteLoom: HIL RLD1 rx claimed=2 phase=5 step=2
[2026-09-26T13:21:10.762Z] I (2415331) RouteLoom: HIL LINK rx peer=2 type=40 cid=1204999838 current=0 status=5 seq=6
[2026-09-26T13:21:10.766Z] I (2415335) RouteLoom: HIL PROBE tx peer=2 type=41 status=0 detail=ok
[2026-09-26T13:21:10.823Z] I (2415384) RouteLoom: HIL LINK rx peer=2 type=32 cid=1204999838 current=0 status=5 seq=12
[2026-09-26T13:21:11.236Z] I (2415805) RouteLoom: HIL RLD1 tx claimed=3 phase=5 step=3
[2026-09-26T13:21:11.737Z] I (2416306) RouteLoom: HIL RLD1 tx claimed=3 phase=5 step=3
[2026-09-26T13:21:12.244Z] I (2416813) RouteLoom: HIL PROBE tx peer=2 type=40 status=0 detail=ok
[2026-09-26T13:21:12.261Z] I (2416830) RouteLoom: HIL LINK rx peer=2 type=41 cid=1204999838 current=0 status=5 seq=8
[2026-09-26T13:21:12.263Z] I (2416832) RouteLoomRef: discovery event=REACHABLE peer=2
[2026-09-26T13:21:12.269Z] W (2416832) RouteLoomRef: diagnostic reason=REACHABLE peer=2 message=none
[2026-09-26T13:21:12.281Z] I (2416842) RouteLoom: HIL LINK tx peer=2 type=32 cid=3463160112 seq=500
[2026-09-26T13:21:12.285Z] I (2416854) RouteLoom: HIL LINK tx peer=2 type=32 cid=3463160112 seq=501
[2026-09-26T13:21:12.329Z] I (2416897) RouteLoom: HIL LINK rx peer=2 type=32 cid=1204999838 current=0 status=5 seq=14
[2026-09-26T13:21:12.336Z] W (2416900) RouteLoomRef: diagnostic reason=PEER_RESTARTED_ROUTES_FLUSHED peer=2 message=none
[2026-09-26T13:21:13.284Z] I (2417852) RouteLoom: HIL LINK rx peer=2 type=32 cid=1204999838 current=0 status=5 seq=15
[2026-09-26T13:21:13.295Z] I (2417864) RouteLoom: HIL LINK tx peer=2 type=32 cid=3463160112 seq=502
[2026-09-26T13:21:17.266Z] I (2421835) RouteLoom: HIL LINK tx peer=2 type=32 cid=3463160112 seq=503
[2026-09-26T13:21:18.288Z] I (2422856) RouteLoom: HIL LINK rx peer=2 type=32 cid=1204999838 current=0 status=5 seq=17
[2026-09-26T13:21:22.259Z] I (2426827) RouteLoom: HIL LINK rx peer=2 type=40 cid=1204999838 current=0 status=5 seq=10
[2026-09-26T13:21:22.263Z] I (2426831) RouteLoom: HIL PROBE tx peer=2 type=41 status=0 detail=ok
[2026-09-26T13:21:22.272Z] I (2426841) RouteLoom: HIL LINK tx peer=2 type=32 cid=3463160112 seq=504
[2026-09-26T13:21:23.291Z] I (2427859) RouteLoom: HIL LINK rx peer=2 type=32 cid=1204999838 current=0 status=5 seq=19
[2026-09-26T13:21:27.271Z] I (2431840) RouteLoom: HIL LINK tx peer=2 type=32 cid=3463160112 seq=505
[2026-09-26T13:21:28.295Z] I (2432863) RouteLoom: HIL LINK rx peer=2 type=32 cid=1204999838 current=0 status=5 seq=21
[2026-09-26T13:21:32.262Z] I (2436831) RouteLoom: HIL PROBE tx peer=2 type=40 status=0 detail=ok
[2026-09-26T13:21:32.271Z] I (2436840) RouteLoom: HIL LINK tx peer=2 type=32 cid=3463160112 seq=506
[2026-09-26T13:21:32.286Z] I (2436855) RouteLoom: HIL LINK rx peer=2 type=41 cid=1204999838 current=0 status=5 seq=12
[2026-09-26T13:21:33.298Z] I (2437866) RouteLoom: HIL LINK rx peer=2 type=32 cid=1204999838 current=0 status=5 seq=23
[2026-09-26T13:21:34.559Z] I (2439127) RouteLoom: HIL LINK rx peer=2 type=16 cid=1204999838 current=0 status=5 seq=123
[2026-09-26T13:21:34.562Z] I (2439130) RouteLoomRef: message origin=1 session=303 sequence=123 bytes=4
[2026-09-26T13:21:34.569Z] I (2439134) RouteLoom: HIL LINK tx peer=2 type=17 cid=3463160112 seq=123
[2026-09-26T13:21:34.577Z] I (2439146) RouteLoom: HIL LINK tx peer=2 type=18 cid=3463160112 seq=123
[2026-09-26T13:21:34.596Z] I (2439165) RouteLoom: HIL LINK rx peer=2 type=17 cid=1204999838 current=0 status=5 seq=123
[2026-09-26T13:21:37.271Z] I (2441840) RouteLoom: HIL LINK tx peer=2 type=32 cid=3463160112 seq=507
[2026-09-26T13:21:38.299Z] I (2442867) RouteLoom: HIL LINK rx peer=2 type=32 cid=1204999838 current=0 status=5 seq=25
[2026-09-26T13:21:42.273Z] I (2446842) RouteLoom: HIL LINK tx peer=2 type=32 cid=3463160112 seq=508
[2026-09-26T13:21:42.278Z] I (2446847) RouteLoom: HIL LINK rx peer=2 type=40 cid=1204999838 current=0 status=5 seq=14
[2026-09-26T13:21:42.285Z] I (2446850) RouteLoom: HIL PROBE tx peer=2 type=41 status=6 detail=reserved DATA TX in flight to peer
[2026-09-26T13:21:43.299Z] I (2447867) RouteLoom: HIL LINK rx peer=2 type=32 cid=1204999838 current=0 status=5 seq=27
[2026-09-26T13:21:44.281Z] I (2448849) RouteLoom: HIL LINK rx peer=2 type=40 cid=1204999838 current=0 status=5 seq=16
[2026-09-26T13:21:44.285Z] I (2448853) RouteLoom: HIL PROBE tx peer=2 type=41 status=0 detail=ok
[2026-09-26T13:21:47.275Z] I (2451844) RouteLoom: HIL LINK tx peer=2 type=32 cid=3463160112 seq=509
[2026-09-26T13:21:48.300Z] I (2452868) RouteLoom: HIL LINK rx peer=2 type=32 cid=1204999838 current=0 status=5 seq=29
[2026-09-26T13:21:52.277Z] I (2456846) RouteLoom: HIL LINK tx peer=2 type=32 cid=3463160112 seq=510
[2026-09-26T13:21:53.302Z] I (2457870) RouteLoom: HIL LINK rx peer=2 type=32 cid=1204999838 current=0 status=5 seq=31
[2026-09-26T13:21:54.285Z] I (2458853) RouteLoom: HIL PROBE tx peer=2 type=40 status=0 detail=ok
[2026-09-26T13:21:54.303Z] I (2458871) RouteLoom: HIL LINK rx peer=2 type=41 cid=1204999838 current=0 status=5 seq=18
[2026-09-26T13:21:55.872Z] I (2460440) RouteLoom: stack hwm main 10996 B
[2026-09-26T13:21:55.874Z] I (2460440) RouteLoom: HIL HEAP free=22184 largest=19456 min=21408 B
[2026-09-26T13:21:55.882Z] I (2460441) RouteLoom: HIL DISCOVERY candidates=0 neighbors=1 capacity=0 auth=12 stale=5 probes=185 send_failures=15 kind_rejects=10
[2026-09-26T13:21:55.890Z] I (2460451) RouteLoom: HIL ROUTE peer=1 phase=-1 via=2 metric=2 generation=303 seq=11
[2026-09-26T13:21:55.897Z] I (2460459) RouteLoom: HIL ROUTE peer=2 phase=5 via=2 metric=1 generation=283 seq=1
[2026-09-26T13:21:57.277Z] I (2461846) RouteLoom: HIL LINK tx peer=2 type=32 cid=3463160112 seq=511
[2026-09-26T13:21:58.304Z] I (2462872) RouteLoom: HIL LINK rx peer=2 type=32 cid=1204999838 current=0 status=5 seq=33
[2026-09-26T13:22:02.278Z] I (2466847) RouteLoom: HIL LINK tx peer=2 type=32 cid=3463160112 seq=512
[2026-09-26T13:22:03.308Z] I (2467876) RouteLoom: HIL LINK rx peer=2 type=32 cid=1204999838 current=0 status=5 seq=35
[2026-09-26T13:22:04.302Z] I (2468870) RouteLoom: HIL LINK rx peer=2 type=40 cid=1204999838 current=0 status=5 seq=20
[2026-09-26T13:22:04.306Z] I (2468874) RouteLoom: HIL PROBE tx peer=2 type=41 status=0 detail=ok
[2026-09-26T13:22:04.557Z] I (2469125) RouteLoom: HIL LINK rx peer=2 type=16 cid=1204999838 current=0 status=5 seq=124
[2026-09-26T13:22:04.562Z] I (2469129) RouteLoomRef: message origin=1 session=303 sequence=124 bytes=4
[2026-09-26T13:22:04.567Z] I (2469132) RouteLoom: HIL LINK tx peer=2 type=17 cid=3463160112 seq=124
[2026-09-26T13:22:04.576Z] I (2469144) RouteLoom: HIL LINK tx peer=2 type=18 cid=3463160112 seq=124
[2026-09-26T13:22:04.596Z] I (2469164) RouteLoom: HIL LINK rx peer=2 type=17 cid=1204999838 current=0 status=5 seq=124
[2026-09-26T13:22:07.280Z] I (2471848) RouteLoom: HIL LINK tx peer=2 type=32 cid=3463160112 seq=513
[2026-09-26T13:22:08.310Z] I (2472878) RouteLoom: HIL LINK rx peer=2 type=32 cid=1204999838 current=0 status=5 seq=37
[2026-09-26T13:22:12.281Z] I (2476850) RouteLoom: HIL LINK tx peer=2 type=32 cid=3463160112 seq=514
[2026-09-26T13:22:13.316Z] I (2477881) RouteLoom: HIL LINK rx peer=2 type=32 cid=1204999838 current=0 status=5 seq=39
[2026-09-26T13:22:14.309Z] I (2478873) RouteLoom: HIL PROBE tx peer=2 type=40 status=0 detail=ok
[2026-09-26T13:22:14.323Z] I (2478890) RouteLoom: HIL LINK rx peer=2 type=41 cid=1204999838 current=0 status=5 seq=22
[2026-09-26T13:22:17.282Z] I (2481850) RouteLoom: HIL LINK tx peer=2 type=32 cid=3463160112 seq=515
[2026-09-26T13:22:18.316Z] I (2482883) RouteLoom: HIL LINK rx peer=2 type=32 cid=1204999838 current=0 status=5 seq=41
[2026-09-26T13:22:22.284Z] I (2486851) RouteLoom: HIL LINK tx peer=2 type=32 cid=3463160112 seq=516
[2026-09-26T13:22:23.320Z] I (2487887) RouteLoom: HIL LINK rx peer=2 type=32 cid=1204999838 current=0 status=5 seq=43
[2026-09-26T13:22:24.320Z] I (2488888) RouteLoom: HIL LINK rx peer=2 type=40 cid=1204999838 current=0 status=5 seq=25
[2026-09-26T13:22:24.324Z] I (2488892) RouteLoom: HIL PROBE tx peer=2 type=41 status=0 detail=ok
[2026-09-26T13:22:27.284Z] I (2491852) RouteLoom: HIL LINK tx peer=2 type=32 cid=3463160112 seq=517
[2026-09-26T13:22:28.321Z] I (2492888) RouteLoom: HIL LINK rx peer=2 type=32 cid=1204999838 current=0 status=5 seq=45
[2026-09-26T13:22:32.286Z] I (2496854) RouteLoom: HIL LINK tx peer=2 type=32 cid=3463160112 seq=518
[2026-09-26T13:22:33.324Z] I (2497892) RouteLoom: HIL LINK rx peer=2 type=32 cid=1204999838 current=0 status=5 seq=47
[2026-09-26T13:22:34.322Z] I (2498890) RouteLoom: HIL PROBE tx peer=2 type=40 status=0 detail=ok
[2026-09-26T13:22:34.340Z] I (2498908) RouteLoom: HIL LINK rx peer=2 type=41 cid=1204999838 current=0 status=5 seq=27
[2026-09-26T13:22:34.558Z] I (2499126) RouteLoom: HIL LINK rx peer=2 type=16 cid=1204999838 current=0 status=5 seq=125
[2026-09-26T13:22:34.562Z] I (2499129) RouteLoomRef: message origin=1 session=303 sequence=125 bytes=4
[2026-09-26T13:22:34.568Z] I (2499133) RouteLoom: HIL LINK tx peer=2 type=17 cid=3463160112 seq=125
[2026-09-26T13:22:34.576Z] I (2499144) RouteLoom: HIL LINK tx peer=2 type=18 cid=3463160112 seq=125
[2026-09-26T13:22:34.596Z] I (2499164) RouteLoom: HIL LINK rx peer=2 type=17 cid=1204999838 current=0 status=5 seq=125
[2026-09-26T13:22:37.286Z] I (2501854) RouteLoom: HIL LINK tx peer=2 type=32 cid=3463160112 seq=519
[2026-09-26T13:22:38.326Z] I (2502893) RouteLoom: HIL LINK rx peer=2 type=32 cid=1204999838 current=0 status=5 seq=49
[2026-09-26T13:22:42.288Z] I (2506856) RouteLoom: HIL LINK tx peer=2 type=32 cid=3463160112 seq=520
[2026-09-26T13:22:43.330Z] I (2507897) RouteLoom: HIL LINK rx peer=2 type=32 cid=1204999838 current=0 status=5 seq=51
[2026-09-26T13:22:44.339Z] I (2508907) RouteLoom: HIL LINK rx peer=2 type=40 cid=1204999838 current=0 status=5 seq=29
[2026-09-26T13:22:44.343Z] I (2508911) RouteLoom: HIL PROBE tx peer=2 type=41 status=0 detail=ok
[2026-09-26T13:22:47.289Z] I (2511857) RouteLoom: HIL LINK tx peer=2 type=32 cid=3463160112 seq=521
[2026-09-26T13:22:48.331Z] I (2512898) RouteLoom: HIL LINK rx peer=2 type=32 cid=1204999838 current=0 status=5 seq=53
[2026-09-26T13:22:52.290Z] I (2516858) RouteLoom: HIL LINK tx peer=2 type=32 cid=3463160112 seq=522
[2026-09-26T13:22:53.335Z] I (2517903) RouteLoom: HIL LINK rx peer=2 type=32 cid=1204999838 current=0 status=5 seq=55
[2026-09-26T13:22:54.341Z] I (2518909) RouteLoom: HIL PROBE tx peer=2 type=40 status=0 detail=ok
[2026-09-26T13:22:54.358Z] I (2518926) RouteLoom: HIL LINK rx peer=2 type=41 cid=1204999838 current=0 status=5 seq=31
[2026-09-26T13:22:55.872Z] I (2520440) RouteLoom: stack hwm main 10996 B
[2026-09-26T13:22:55.872Z] I (2520440) RouteLoom: HIL HEAP free=22184 largest=19456 min=21408 B
[2026-09-26T13:22:55.883Z] I (2520441) RouteLoom: HIL DISCOVERY candidates=0 neighbors=1 capacity=0 auth=12 stale=5 probes=188 send_failures=15 kind_rejects=10
[2026-09-26T13:22:55.890Z] I (2520451) RouteLoom: HIL ROUTE peer=1 phase=-1 via=2 metric=2 generation=303 seq=11
[2026-09-26T13:22:55.898Z] I (2520459) RouteLoom: HIL ROUTE peer=2 phase=5 via=2 metric=1 generation=283 seq=1
[2026-09-26T13:22:57.290Z] I (2521858) RouteLoom: HIL LINK tx peer=2 type=32 cid=3463160112 seq=523
[2026-09-26T13:22:58.336Z] I (2522904) RouteLoom: HIL LINK rx peer=2 type=32 cid=1204999838 current=0 status=5 seq=57
[2026-09-26T13:23:02.292Z] I (2526860) RouteLoom: HIL LINK tx peer=2 type=32 cid=3463160112 seq=524
[2026-09-26T13:23:03.340Z] I (2527907) RouteLoom: HIL LINK rx peer=2 type=32 cid=1204999838 current=0 status=5 seq=59
[2026-09-26T13:23:04.358Z] I (2528925) RouteLoom: HIL LINK rx peer=2 type=40 cid=1204999838 current=0 status=5 seq=33
[2026-09-26T13:23:04.361Z] I (2528929) RouteLoom: HIL PROBE tx peer=2 type=41 status=0 detail=ok
[2026-09-26T13:23:04.553Z] I (2529121) RouteLoom: HIL LINK rx peer=2 type=16 cid=1204999838 current=0 status=5 seq=126
[2026-09-26T13:23:04.557Z] I (2529124) RouteLoomRef: message origin=1 session=303 sequence=126 bytes=4
[2026-09-26T13:23:04.563Z] I (2529128) RouteLoom: HIL LINK tx peer=2 type=17 cid=3463160112 seq=126
[2026-09-26T13:23:04.571Z] I (2529139) RouteLoom: HIL LINK tx peer=2 type=18 cid=3463160112 seq=126
[2026-09-26T13:23:04.592Z] I (2529159) RouteLoom: HIL LINK rx peer=2 type=17 cid=1204999838 current=0 status=5 seq=126
[2026-09-26T13:23:07.294Z] I (2531862) RouteLoom: HIL LINK tx peer=2 type=32 cid=3463160112 seq=525
[2026-09-26T13:23:08.342Z] I (2532909) RouteLoom: HIL LINK rx peer=2 type=32 cid=1204999838 current=0 status=5 seq=61
[2026-09-26T13:23:12.295Z] I (2536863) RouteLoom: HIL LINK tx peer=2 type=32 cid=3463160112 seq=526
[2026-09-26T13:23:13.344Z] I (2537912) RouteLoom: HIL LINK rx peer=2 type=32 cid=1204999838 current=0 status=5 seq=63
[2026-09-26T13:23:14.359Z] I (2538927) RouteLoom: HIL PROBE tx peer=2 type=40 status=0 detail=ok
[2026-09-26T13:23:14.379Z] I (2538946) RouteLoom: HIL LINK rx peer=2 type=41 cid=1204999838 current=0 status=5 seq=35
[2026-09-26T13:23:17.297Z] I (2541865) RouteLoom: HIL LINK tx peer=2 type=32 cid=3463160112 seq=527
[2026-09-26T13:23:18.346Z] I (2542914) RouteLoom: HIL LINK rx peer=2 type=32 cid=1204999838 current=0 status=5 seq=65
[2026-09-26T13:23:22.299Z] I (2546867) RouteLoom: HIL LINK tx peer=2 type=32 cid=3463160112 seq=528
[2026-09-26T13:23:23.351Z] I (2547918) RouteLoom: HIL LINK rx peer=2 type=32 cid=1204999838 current=0 status=5 seq=67
[2026-09-26T13:23:24.378Z] I (2548946) RouteLoom: HIL LINK rx peer=2 type=40 cid=1204999838 current=0 status=5 seq=37
[2026-09-26T13:23:24.382Z] I (2548950) RouteLoom: HIL PROBE tx peer=2 type=41 status=0 detail=ok
[2026-09-26T13:23:27.300Z] I (2551868) RouteLoom: HIL LINK tx peer=2 type=32 cid=3463160112 seq=529
[2026-09-26T13:23:28.351Z] I (2552919) RouteLoom: HIL LINK rx peer=2 type=32 cid=1204999838 current=0 status=5 seq=69
[2026-09-26T13:23:32.301Z] I (2556868) RouteLoom: HIL LINK tx peer=2 type=32 cid=3463160112 seq=530
[2026-09-26T13:23:33.356Z] I (2557923) RouteLoom: HIL LINK rx peer=2 type=32 cid=1204999838 current=0 status=5 seq=71
[2026-09-26T13:23:34.382Z] I (2558950) RouteLoom: HIL PROBE tx peer=2 type=40 status=0 detail=ok
[2026-09-26T13:23:34.398Z] I (2558965) RouteLoom: HIL LINK rx peer=2 type=40 cid=1204999838 current=0 status=5 seq=39
[2026-09-26T13:23:34.402Z] I (2558969) RouteLoom: HIL PROBE tx peer=2 type=41 status=0 detail=ok
[2026-09-26T13:23:34.557Z] I (2559124) RouteLoom: HIL LINK rx peer=2 type=16 cid=1204999838 current=0 status=5 seq=127
[2026-09-26T13:23:34.560Z] I (2559127) RouteLoomRef: message origin=1 session=303 sequence=127 bytes=4
[2026-09-26T13:23:34.567Z] I (2559131) RouteLoom: HIL LINK tx peer=2 type=17 cid=3463160112 seq=127
[2026-09-26T13:23:34.575Z] I (2559142) RouteLoom: HIL LINK tx peer=2 type=18 cid=3463160112 seq=127
[2026-09-26T13:23:34.595Z] I (2559162) RouteLoom: HIL LINK rx peer=2 type=17 cid=1204999838 current=0 status=5 seq=127
[2026-09-26T13:23:37.303Z] I (2561871) RouteLoom: HIL LINK tx peer=2 type=32 cid=3463160112 seq=531
[2026-09-26T13:23:38.357Z] I (2562924) RouteLoom: HIL LINK rx peer=2 type=32 cid=1204999838 current=0 status=5 seq=73
[2026-09-26T13:23:42.303Z] I (2566871) RouteLoom: HIL LINK tx peer=2 type=32 cid=3463160112 seq=532
[2026-09-26T13:23:43.358Z] I (2567925) RouteLoom: HIL LINK rx peer=2 type=32 cid=1204999838 current=0 status=5 seq=75
[2026-09-26T13:23:44.399Z] I (2568967) RouteLoom: HIL PROBE tx peer=2 type=40 status=0 detail=ok
[2026-09-26T13:23:44.418Z] I (2568985) RouteLoom: HIL LINK rx peer=2 type=41 cid=1204999838 current=0 status=5 seq=42
[2026-09-26T13:23:47.303Z] I (2571871) RouteLoom: HIL LINK tx peer=2 type=32 cid=3463160112 seq=533
[2026-09-26T13:23:48.358Z] I (2572925) RouteLoom: HIL LINK rx peer=2 type=32 cid=1204999838 current=0 status=5 seq=77
[2026-09-26T13:23:52.304Z] I (2576872) RouteLoom: HIL LINK tx peer=2 type=32 cid=3463160112 seq=534
[2026-09-26T13:23:53.362Z] I (2577929) RouteLoom: HIL LINK rx peer=2 type=32 cid=1204999838 current=0 status=5 seq=79
[2026-09-26T13:23:54.415Z] I (2578982) RouteLoom: HIL LINK rx peer=2 type=40 cid=1204999838 current=0 status=5 seq=44
[2026-09-26T13:23:54.419Z] I (2578986) RouteLoom: HIL PROBE tx peer=2 type=41 status=0 detail=ok
[2026-09-26T13:23:55.874Z] I (2580441) RouteLoom: stack hwm main 10996 B
[2026-09-26T13:23:55.874Z] I (2580441) RouteLoom: HIL HEAP free=22184 largest=19456 min=21408 B
[2026-09-26T13:23:55.884Z] I (2580442) RouteLoom: HIL DISCOVERY candidates=0 neighbors=1 capacity=0 auth=12 stale=5 probes=191 send_failures=15 kind_rejects=10
[2026-09-26T13:23:55.892Z] I (2580452) RouteLoom: HIL ROUTE peer=1 phase=-1 via=2 metric=2 generation=303 seq=11
[2026-09-26T13:23:55.899Z] I (2580460) RouteLoom: HIL ROUTE peer=2 phase=5 via=2 metric=1 generation=283 seq=1
[2026-09-26T13:23:57.306Z] I (2581874) RouteLoom: HIL LINK tx peer=2 type=32 cid=3463160112 seq=535
[2026-09-26T13:23:58.364Z] I (2582931) RouteLoom: HIL LINK rx peer=2 type=32 cid=1204999838 current=0 status=5 seq=81
[2026-09-26T13:24:02.307Z] I (2586875) RouteLoom: HIL LINK tx peer=2 type=32 cid=3463160112 seq=536
[2026-09-26T13:24:03.366Z] I (2587933) RouteLoom: HIL LINK rx peer=2 type=32 cid=1204999838 current=0 status=5 seq=83
[2026-09-26T13:24:04.433Z] I (2588984) RouteLoom: HIL PROBE tx peer=2 type=40 status=0 detail=ok
[2026-09-26T13:24:04.434Z] I (2589001) RouteLoom: HIL LINK rx peer=2 type=41 cid=1204999838 current=0 status=5 seq=46
[2026-09-26T13:24:04.605Z] I (2589172) RouteLoom: HIL LINK rx peer=2 type=16 cid=1204999838 current=0 status=5 seq=128
[2026-09-26T13:24:04.609Z] I (2589175) RouteLoomRef: message origin=1 session=303 sequence=128 bytes=4
[2026-09-26T13:24:04.615Z] I (2589179) RouteLoom: HIL LINK tx peer=2 type=17 cid=3463160112 seq=128
[2026-09-26T13:24:04.624Z] I (2589190) RouteLoom: HIL LINK tx peer=2 type=18 cid=3463160112 seq=128
[2026-09-26T13:24:04.644Z] I (2589210) RouteLoom: HIL LINK rx peer=2 type=17 cid=1204999838 current=0 status=5 seq=128
[2026-09-26T13:24:07.309Z] I (2591877) RouteLoom: HIL LINK tx peer=2 type=32 cid=3463160112 seq=537
[2026-09-26T13:24:08.367Z] I (2592934) RouteLoom: HIL LINK rx peer=2 type=32 cid=1204999838 current=0 status=5 seq=85
[2026-09-26T13:24:12.311Z] I (2596877) RouteLoom: HIL LINK tx peer=2 type=32 cid=3463160112 seq=538
[2026-09-26T13:24:13.371Z] I (2597938) RouteLoom: HIL LINK rx peer=2 type=32 cid=1204999838 current=0 status=5 seq=87
[2026-09-26T13:24:14.431Z] I (2598998) RouteLoom: HIL LINK rx peer=2 type=40 cid=1204999838 current=0 status=5 seq=48
[2026-09-26T13:24:14.435Z] I (2599002) RouteLoom: HIL PROBE tx peer=2 type=41 status=0 detail=ok
[2026-09-26T13:24:17.312Z] I (2601879) RouteLoom: HIL LINK tx peer=2 type=32 cid=3463160112 seq=539
[2026-09-26T13:24:18.375Z] I (2602942) RouteLoom: HIL LINK rx peer=2 type=32 cid=1204999838 current=0 status=5 seq=89
[2026-09-26T13:24:22.313Z] I (2606879) RouteLoom: HIL LINK tx peer=2 type=32 cid=3463160112 seq=540
[2026-09-26T13:24:23.379Z] I (2607946) RouteLoom: HIL LINK rx peer=2 type=32 cid=1204999838 current=0 status=5 seq=91
[2026-09-26T13:24:24.433Z] I (2609000) RouteLoom: HIL PROBE tx peer=2 type=40 status=0 detail=ok
[2026-09-26T13:24:24.450Z] I (2609017) RouteLoom: HIL LINK rx peer=2 type=41 cid=1204999838 current=0 status=5 seq=50
[2026-09-26T13:24:27.314Z] I (2611881) RouteLoom: HIL LINK tx peer=2 type=32 cid=3463160112 seq=541
[2026-09-26T13:24:28.383Z] I (2612950) RouteLoom: HIL LINK rx peer=2 type=32 cid=1204999838 current=0 status=5 seq=93
[2026-09-26T13:24:32.315Z] I (2616881) RouteLoom: HIL LINK tx peer=2 type=32 cid=3463160112 seq=542
[2026-09-26T13:24:33.387Z] I (2617954) RouteLoom: HIL LINK rx peer=2 type=32 cid=1204999838 current=0 status=5 seq=95
[2026-09-26T13:24:34.448Z] I (2619014) RouteLoom: HIL LINK rx peer=2 type=40 cid=1204999838 current=0 status=5 seq=52
[2026-09-26T13:24:34.451Z] I (2619018) RouteLoom: HIL PROBE tx peer=2 type=41 status=0 detail=ok
[2026-09-26T13:24:34.558Z] I (2619124) RouteLoom: HIL LINK rx peer=2 type=16 cid=1204999838 current=0 status=5 seq=129
[2026-09-26T13:24:34.561Z] I (2619128) RouteLoomRef: message origin=1 session=303 sequence=129 bytes=4
[2026-09-26T13:24:34.568Z] I (2619131) RouteLoom: HIL LINK tx peer=2 type=17 cid=3463160112 seq=129
[2026-09-26T13:24:34.576Z] I (2619143) RouteLoom: HIL LINK tx peer=2 type=18 cid=3463160112 seq=129
[2026-09-26T13:24:34.597Z] I (2619164) RouteLoom: HIL LINK rx peer=2 type=17 cid=1204999838 current=0 status=5 seq=129
[2026-09-26T13:24:37.317Z] I (2621884) RouteLoom: HIL LINK tx peer=2 type=32 cid=3463160112 seq=543
[2026-09-26T13:24:38.389Z] I (2622956) RouteLoom: HIL LINK rx peer=2 type=32 cid=1204999838 current=0 status=5 seq=97
[2026-09-26T13:24:42.318Z] I (2626885) RouteLoom: HIL LINK tx peer=2 type=32 cid=3463160112 seq=544
[2026-09-26T13:24:43.392Z] I (2627958) RouteLoom: HIL LINK rx peer=2 type=32 cid=1204999838 current=0 status=5 seq=99
[2026-09-26T13:24:44.451Z] I (2629018) RouteLoom: HIL PROBE tx peer=2 type=40 status=0 detail=ok
[2026-09-26T13:24:44.470Z] I (2629036) RouteLoom: HIL LINK rx peer=2 type=41 cid=1204999838 current=0 status=5 seq=54
[2026-09-26T13:24:47.319Z] I (2631886) RouteLoom: HIL LINK tx peer=2 type=32 cid=3463160112 seq=545
[2026-09-26T13:24:48.397Z] I (2632963) RouteLoom: HIL LINK rx peer=2 type=32 cid=1204999838 current=0 status=5 seq=101
[2026-09-26T13:24:52.320Z] I (2636887) RouteLoom: HIL LINK tx peer=2 type=32 cid=3463160112 seq=546
[2026-09-26T13:24:53.400Z] I (2637966) RouteLoom: HIL LINK rx peer=2 type=32 cid=1204999838 current=0 status=5 seq=103
[2026-09-26T13:24:54.466Z] I (2639032) RouteLoom: HIL LINK rx peer=2 type=40 cid=1204999838 current=0 status=5 seq=56
[2026-09-26T13:24:54.470Z] I (2639036) RouteLoom: HIL PROBE tx peer=2 type=41 status=0 detail=ok
[2026-09-26T13:24:55.876Z] I (2640443) RouteLoom: stack hwm main 10996 B
[2026-09-26T13:24:55.877Z] I (2640443) RouteLoom: HIL HEAP free=22184 largest=19456 min=21408 B
[2026-09-26T13:24:55.890Z] I (2640444) RouteLoom: HIL DISCOVERY candidates=0 neighbors=1 capacity=0 auth=12 stale=5 probes=194 send_failures=15 kind_rejects=10
[2026-09-26T13:24:55.895Z] I (2640454) RouteLoom: HIL ROUTE peer=1 phase=-1 via=2 metric=2 generation=303 seq=11
[2026-09-26T13:24:55.902Z] I (2640462) RouteLoom: HIL ROUTE peer=2 phase=5 via=2 metric=1 generation=283 seq=1
[2026-09-26T13:24:57.321Z] I (2641888) RouteLoom: HIL LINK tx peer=2 type=32 cid=3463160112 seq=547
[2026-09-26T13:24:58.403Z] I (2642969) RouteLoom: HIL LINK rx peer=2 type=32 cid=1204999838 current=0 status=5 seq=105
[2026-09-26T13:25:02.323Z] I (2646890) RouteLoom: HIL LINK tx peer=2 type=32 cid=3463160112 seq=548
[2026-09-26T13:25:03.405Z] I (2647971) RouteLoom: HIL LINK rx peer=2 type=32 cid=1204999838 current=0 status=5 seq=107
[2026-09-26T13:25:04.468Z] I (2649035) RouteLoom: HIL PROBE tx peer=2 type=40 status=0 detail=ok
[2026-09-26T13:25:04.486Z] I (2649052) RouteLoom: HIL LINK rx peer=2 type=41 cid=1204999838 current=0 status=5 seq=58
[2026-09-26T13:25:04.558Z] I (2649124) RouteLoom: HIL LINK rx peer=2 type=16 cid=1204999838 current=0 status=5 seq=130
[2026-09-26T13:25:04.561Z] I (2649127) RouteLoomRef: message origin=1 session=303 sequence=130 bytes=4
[2026-09-26T13:25:04.568Z] I (2649131) RouteLoom: HIL LINK tx peer=2 type=17 cid=3463160112 seq=130
[2026-09-26T13:25:04.576Z] I (2649143) RouteLoom: HIL LINK tx peer=2 type=18 cid=3463160112 seq=130
[2026-09-26T13:25:04.596Z] I (2649162) RouteLoom: HIL LINK rx peer=2 type=17 cid=1204999838 current=0 status=5 seq=130
[2026-09-26T13:25:07.325Z] I (2651892) RouteLoom: HIL LINK tx peer=2 type=32 cid=3463160112 seq=549
[2026-09-26T13:25:08.407Z] I (2652973) RouteLoom: HIL LINK rx peer=2 type=32 cid=1204999838 current=0 status=5 seq=109
[2026-09-26T13:25:12.327Z] I (2656893) RouteLoom: HIL LINK tx peer=2 type=32 cid=3463160112 seq=550
[2026-09-26T13:25:13.411Z] I (2657977) RouteLoom: HIL LINK rx peer=2 type=32 cid=1204999838 current=0 status=5 seq=111
[2026-09-26T13:25:14.486Z] I (2659052) RouteLoom: HIL LINK rx peer=2 type=40 cid=1204999838 current=0 status=5 seq=60
[2026-09-26T13:25:14.490Z] I (2659056) RouteLoom: HIL PROBE tx peer=2 type=41 status=0 detail=ok
[2026-09-26T13:25:17.327Z] I (2661893) RouteLoom: HIL LINK tx peer=2 type=32 cid=3463160112 seq=551
[2026-09-26T13:25:18.412Z] I (2662978) RouteLoom: HIL LINK rx peer=2 type=32 cid=1204999838 current=0 status=5 seq=113
[2026-09-26T13:25:22.329Z] I (2666896) RouteLoom: HIL LINK tx peer=2 type=32 cid=3463160112 seq=552
[2026-09-26T13:25:23.414Z] I (2667980) RouteLoom: HIL LINK rx peer=2 type=32 cid=1204999838 current=0 status=5 seq=115
[2026-09-26T13:25:24.489Z] I (2669056) RouteLoom: HIL PROBE tx peer=2 type=40 status=0 detail=ok
[2026-09-26T13:25:24.508Z] I (2669074) RouteLoom: HIL LINK rx peer=2 type=41 cid=1204999838 current=0 status=5 seq=62
[2026-09-26T13:25:27.330Z] I (2671897) RouteLoom: HIL LINK tx peer=2 type=32 cid=3463160112 seq=553
[2026-09-26T13:25:28.417Z] I (2672983) RouteLoom: HIL LINK rx peer=2 type=32 cid=1204999838 current=0 status=5 seq=117
[2026-09-26T13:25:32.331Z] I (2676897) RouteLoom: HIL LINK tx peer=2 type=32 cid=3463160112 seq=554
[2026-09-26T13:25:33.421Z] I (2677987) RouteLoom: HIL LINK rx peer=2 type=32 cid=1204999838 current=0 status=5 seq=119
[2026-09-26T13:25:34.505Z] I (2679071) RouteLoom: HIL LINK rx peer=2 type=40 cid=1204999838 current=0 status=5 seq=64
[2026-09-26T13:25:34.509Z] I (2679075) RouteLoom: HIL PROBE tx peer=2 type=41 status=0 detail=ok
[2026-09-26T13:25:34.556Z] I (2679122) RouteLoom: HIL LINK rx peer=2 type=16 cid=1204999838 current=0 status=5 seq=131
[2026-09-26T13:25:34.559Z] I (2679125) RouteLoomRef: message origin=1 session=303 sequence=131 bytes=4
[2026-09-26T13:25:34.566Z] I (2679129) RouteLoom: HIL LINK tx peer=2 type=17 cid=3463160112 seq=131
[2026-09-26T13:25:34.574Z] I (2679140) RouteLoom: HIL LINK tx peer=2 type=18 cid=3463160112 seq=131
[2026-09-26T13:25:34.593Z] I (2679159) RouteLoom: HIL LINK rx peer=2 type=17 cid=1204999838 current=0 status=5 seq=131
[2026-09-26T13:25:37.331Z] I (2681898) RouteLoom: HIL LINK tx peer=2 type=32 cid=3463160112 seq=555
[2026-09-26T13:25:38.425Z] I (2682990) RouteLoom: HIL LINK rx peer=2 type=32 cid=1204999838 current=0 status=5 seq=121
[2026-09-26T13:25:42.334Z] I (2686899) RouteLoom: HIL LINK tx peer=2 type=32 cid=3463160112 seq=556
[2026-09-26T13:25:43.426Z] I (2687991) RouteLoom: HIL LINK rx peer=2 type=32 cid=1204999838 current=0 status=5 seq=123
[2026-09-26T13:25:44.507Z] I (2689073) RouteLoom: HIL PROBE tx peer=2 type=40 status=0 detail=ok
[2026-09-26T13:25:44.525Z] I (2689091) RouteLoom: HIL LINK rx peer=2 type=41 cid=1204999838 current=0 status=5 seq=66
[2026-09-26T13:25:47.332Z] I (2691899) RouteLoom: HIL LINK tx peer=2 type=32 cid=3463160112 seq=557
[2026-09-26T13:25:48.427Z] I (2692992) RouteLoom: HIL LINK rx peer=2 type=32 cid=1204999838 current=0 status=5 seq=125
[2026-09-26T13:25:52.335Z] I (2696901) RouteLoom: HIL LINK tx peer=2 type=32 cid=3463160112 seq=558
[2026-09-26T13:25:53.428Z] I (2697994) RouteLoom: HIL LINK rx peer=2 type=32 cid=1204999838 current=0 status=5 seq=127
[2026-09-26T13:25:54.525Z] I (2699090) RouteLoom: HIL LINK rx peer=2 type=40 cid=1204999838 current=0 status=5 seq=68
[2026-09-26T13:25:54.528Z] I (2699094) RouteLoom: HIL PROBE tx peer=2 type=41 status=0 detail=ok
[2026-09-26T13:25:55.878Z] I (2700444) RouteLoom: stack hwm main 10996 B
[2026-09-26T13:25:55.878Z] I (2700444) RouteLoom: HIL HEAP free=22184 largest=19456 min=21408 B
[2026-09-26T13:25:55.888Z] I (2700445) RouteLoom: HIL DISCOVERY candidates=0 neighbors=1 capacity=0 auth=12 stale=5 probes=197 send_failures=15 kind_rejects=10
[2026-09-26T13:25:55.896Z] I (2700455) RouteLoom: HIL ROUTE peer=1 phase=-1 via=2 metric=2 generation=303 seq=11
[2026-09-26T13:25:55.904Z] I (2700463) RouteLoom: HIL ROUTE peer=2 phase=5 via=2 metric=1 generation=283 seq=1
[2026-09-26T13:25:57.335Z] I (2701901) RouteLoom: HIL LINK tx peer=2 type=32 cid=3463160112 seq=559
[2026-09-26T13:25:58.429Z] I (2702994) RouteLoom: HIL LINK rx peer=2 type=32 cid=1204999838 current=0 status=5 seq=129
[2026-09-26T13:26:02.337Z] I (2706903) RouteLoom: HIL LINK tx peer=2 type=32 cid=3463160112 seq=560
[2026-09-26T13:26:04.369Z] I (2708935) RouteLoom: HIL RLD1 rx claimed=2 phase=5 step=1
[2026-09-26T13:26:04.378Z] I (2708942) RouteLoom: HIL RLD1 tx claimed=3 phase=5 step=2
[2026-09-26T13:26:04.397Z] I (2708962) RouteLoom: HIL RLD1 rx claimed=2 phase=5 step=3
[2026-09-26T13:26:04.400Z] HIL resume R3 installed peer=2 tx=3281530778 rx=1754151581
[2026-09-26T13:26:04.401Z] I (2708967) RouteLoom: HIL PROBE tx peer=2 type=40 status=0 detail=ok
[2026-09-26T13:26:04.416Z] I (2708981) RouteLoom: HIL LINK rx peer=2 type=40 cid=1754151581 current=0 status=5 seq=1
[2026-09-26T13:26:04.419Z] I (2708985) RouteLoom: HIL PROBE tx peer=2 type=41 status=0 detail=ok
[2026-09-26T13:26:04.426Z] I (2708990) RouteLoom: HIL LINK rx peer=2 type=41 cid=1754151581 current=0 status=5 seq=2
[2026-09-26T13:26:04.431Z] I (2708994) RouteLoomRef: discovery event=REACHABLE peer=2
[2026-09-26T13:26:04.445Z] W (2708998) RouteLoomRef: diagnostic reason=REACHABLE peer=2 message=none
[2026-09-26T13:26:04.445Z] I (2709008) RouteLoom: HIL LINK tx peer=2 type=32 cid=3281530778 seq=561
[2026-09-26T13:26:04.455Z] I (2709020) RouteLoom: HIL LINK tx peer=2 type=32 cid=3281530778 seq=562
[2026-09-26T13:26:04.460Z] I (2709023) RouteLoom: HIL LINK rx peer=2 type=32 cid=1754151581 current=0 status=5 seq=1
[2026-09-26T13:26:04.467Z] W (2709027) RouteLoomRef: diagnostic reason=PEER_RESTARTED_ROUTES_FLUSHED peer=2 message=none
[2026-09-26T13:26:04.475Z] I (2709039) RouteLoom: HIL LINK rx peer=2 type=32 cid=1754151581 current=0 status=5 seq=2
[2026-09-26T13:26:04.891Z] I (2709457) RouteLoom: HIL RLD1 rx claimed=2 phase=5 step=3
[2026-09-26T13:26:04.892Z] HIL resume R3 no record peer=2
[2026-09-26T13:26:05.393Z] I (2709959) RouteLoom: HIL RLD1 rx claimed=2 phase=5 step=3
[2026-09-26T13:26:05.393Z] HIL resume R3 no record peer=2
[2026-09-26T13:26:05.505Z] I (2710071) RouteLoom: HIL LINK tx peer=2 type=32 cid=3281530778 seq=563
[2026-09-26T13:26:05.895Z] I (2710461) RouteLoom: HIL RLD1 rx claimed=2 phase=5 step=3
[2026-09-26T13:26:05.895Z] HIL resume R3 no record peer=2
[2026-09-26T13:26:09.427Z] I (2713993) RouteLoom: HIL LINK tx peer=2 type=32 cid=3281530778 seq=564
[2026-09-26T13:26:09.444Z] I (2714009) RouteLoom: HIL LINK rx peer=2 type=32 cid=1754151581 current=0 status=5 seq=3
[2026-09-26T13:26:14.428Z] I (2718994) RouteLoom: HIL PROBE tx peer=2 type=40 status=0 detail=ok
[2026-09-26T13:26:14.437Z] I (2719003) RouteLoom: HIL LINK tx peer=2 type=32 cid=3281530778 seq=565
[2026-09-26T13:26:14.442Z] I (2719008) RouteLoom: HIL LINK rx peer=2 type=40 cid=1754151581 current=0 status=5 seq=3
[2026-09-26T13:26:14.449Z] I (2719011) RouteLoom: HIL PROBE tx peer=2 type=41 status=6 detail=reserved DATA TX in flight to peer
[2026-09-26T13:26:14.458Z] I (2719023) RouteLoom: HIL LINK rx peer=2 type=32 cid=1754151581 current=0 status=5 seq=4
[2026-09-26T13:26:19.431Z] I (2723997) RouteLoom: HIL LINK tx peer=2 type=32 cid=3281530778 seq=566
[2026-09-26T13:26:19.446Z] I (2724012) RouteLoom: HIL LINK rx peer=2 type=32 cid=1754151581 current=0 status=5 seq=5
