[2026-09-26T15:13:15.173+00:00] !! connected 10:BD:A3:B1:48:A8 count=1
[2026-09-26T15:13:19.083+00:00] I (337) esp_image: segment 3: paddr=0014ff8c vaddr=4080243c sizeI (129819) RouteLoomRef: member state=4 links=2 ends=1 authority=1/1 confirm=1 demux_drop=0
[2026-09-26T15:13:19.083+00:00] I (129820) RouteLoomRef: member handshake starts=3 requests=1 rejected=0 send_fail=1 established=2 failed=0 last_error=6 active=0
[2026-09-26T15:13:19.083+00:00] I (129820) RouteLoomRef: member end send_fail=2 established=1 failed=4 last_error=7
[2026-09-26T15:13:19.083+00:00] I (129821) RouteLoomRef: authority state=2 tx_sent=6 tx_failed=0 rx_accepted=1 rx_rejected=0 pull=0 busy=0 backoff_s=0
[2026-09-26T15:13:19.083+00:00] I (129821) RouteLoomRef: authority mesh tx_carrier=6 queued=6 shed=555 rx_carrier=2 denied=0 timeout=0
[2026-09-26T15:13:19.083+00:00] I (129821) RouteLoomRef: authority jobs accepted=4 failed=2 last=SESSION_UNAVAILABLE
[2026-09-26T15:13:19.083+00:00] I (129822) RouteLoomRef: member discovery rx=2 offer_tx=2 offer_rx=1 auth=2 kind_reject=0 capacity=0 send_fail=4
[2026-09-26T15:13:19.083+00:00] I (129822) RouteLoomRef: member scope raw=3 accepted=3 mac_reject=0 hint=0 generation=0 key_unavailable=0 budget=0
[2026-09-26T15:13:24.100+00:00] I (134821) RouteLoomRef: member state=4 links=2 ends=1 authority=1/1 confirm=1 demux_drop=0
[2026-09-26T15:13:24.100+00:00] I (134822) RouteLoomRef: member handshake starts=3 requests=1 rejected=0 send_fail=1 established=2 failed=0 last_error=6 active=0
[2026-09-26T15:13:24.100+00:00] I (134822) RouteLoomRef: member end send_fail=2 established=1 failed=4 last_error=7
[2026-09-26T15:13:24.100+00:00] I (134823) RouteLoomRef: authority state=2 tx_sent=6 tx_failed=0 rx_accepted=1 rx_rejected=0 pull=0 busy=0 backoff_s=0
[2026-09-26T15:13:24.100+00:00] I (134823) RouteLoomRef: authority mesh tx_carrier=6 queued=6 shed=555 rx_carrier=2 denied=0 timeout=0
[2026-09-26T15:13:24.100+00:00] I (134823) RouteLoomRef: authority jobs accepted=4 failed=2 last=SESSION_UNAVAILABLE
[2026-09-26T15:13:24.100+00:00] I (134824) RouteLoomRef: member discovery rx=2 offer_tx=2 offer_rx=1 auth=2 kind_reject=0 capacity=0 send_fail=4
[2026-09-26T15:13:24.100+00:00] I (134824) RouteLoomRef: member scope raw=3 accepted=3 mac_reject=0 hint=0 generation=0 key_unavailable=0 budget=0
[2026-09-26T15:13:29.112+00:00] I (139823) RouteLoomRef: member state=4 links=2 ends=1 authority=1/1 confirm=1 demux_drop=0
[2026-09-26T15:13:29.113+00:00] I (139824) RouteLoomRef: member handshake starts=3 requests=1 rejected=0 send_fail=1 established=2 failed=0 last_error=6 active=0
[2026-09-26T15:13:29.113+00:00] I (139824) RouteLoomRef: member end send_fail=2 established=1 failed=4 last_error=7
[2026-09-26T15:13:29.113+00:00] I (139825) RouteLoomRef: authority state=2 tx_sent=6 tx_failed=0 rx_accepted=1 rx_rejected=0 pull=0 busy=0 backoff_s=0
[2026-09-26T15:13:29.113+00:00] I (139825) RouteLoomRef: authority mesh tx_carrier=6 queued=6 shed=555 rx_carrier=2 denied=0 timeout=0
[2026-09-26T15:13:29.113+00:00] I (139825) RouteLoomRef: authority jobs accepted=4 failed=2 last=SESSION_UNAVAILABLE
[2026-09-26T15:13:29.113+00:00] I (139826) RouteLoomRef: member discovery rx=2 offer_tx=2 offer_rx=1 auth=2 kind_reject=0 capacity=0 send_fail=5
[2026-09-26T15:13:29.113+00:00] I (139826) RouteLoomRef: member scope raw=3 accepted=3 mac_reject=0 hint=0 generation=0 key_unavailable=0 budget=0
[2026-09-26T15:13:31.018+00:00] W (141751) RouteLoomRef: diagnostic reason=BOOTSTRAP_TRANSIT_ROLE peer=2 message=present
[2026-09-26T15:13:31.118+00:00] W (141878) RouteLoomRef: diagnostic reason=BOOTSTRAP_TRANSIT_ROLE peer=2 message=present
[2026-09-26T15:13:31.218+00:00] W (142022) RouteLoomRef: diagnostic reason=BOOTSTRAP_TRANSIT_ROLE peer=2 message=present
[2026-09-26T15:13:31.318+00:00] W (142109) RouteLoomRef: diagnostic reason=BOOTSTRAP_TRANSIT_ROLE peer=2 message=present
[2026-09-26T15:13:31.619+00:00] W (142424) RouteLoomRef: diagnostic reason=BOOTSTRAP_TRANSIT_ROLE peer=2 message=present
[2026-09-26T15:13:31.719+00:00] W (142514) RouteLoomRef: diagnostic reason=BOOTSTRAP_TRANSIT_ROLE peer=2 message=present
[2026-09-26T15:13:32.020+00:00] W (142824) RouteLoomRef: diagnostic reason=BOOTSTRAP_TRANSIT_ROLE peer=2 message=present
[2026-09-26T15:13:32.120+00:00] W (142923) RouteLoomRef: diagnostic reason=BOOTSTRAP_TRANSIT_ROLE peer=2 message=present
[2026-09-26T15:13:33.022+00:00] W (143754) RouteLoomRef: diagnostic reason=BOOTSTRAP_TRANSIT_ROLE peer=2 message=present
[2026-09-26T15:13:33.122+00:00] W (143854) RouteLoomRef: diagnostic reason=BOOTSTRAP_TRANSIT_ROLE peer=2 message=present
[2026-09-26T15:13:33.222+00:00] W (144023) RouteLoomRef: diagnostic reason=BOOTSTRAP_TRANSIT_ROLE peer=2 message=present
[2026-09-26T15:13:33.322+00:00] W (144109) RouteLoomRef: diagnostic reason=BOOTSTRAP_TRANSIT_ROLE peer=2 message=present
[2026-09-26T15:13:33.623+00:00] W (144424) RouteLoomRef: diagnostic reason=BOOTSTRAP_TRANSIT_ROLE peer=2 message=present
[2026-09-26T15:13:33.823+00:00] W (144537) RouteLoomRef: diagnostic reason=BOOTSTRAP_TRANSIT_ROLE peer=2 message=present
[2026-09-26T15:13:34.024+00:00] W (144824) RouteLoomRef: diagnostic reason=BOOTSTRAP_TRANSIT_ROLE peer=2 message=present
[2026-09-26T15:13:34.024+00:00] I (144827) RouteLoomRef: member state=4 links=2 ends=1 authority=1/1 confirm=1 demux_drop=0
[2026-09-26T15:13:34.024+00:00] I (144828) RouteLoomRef: member handshake starts=3 requests=1 rejected=0 send_fail=1 established=2 failed=0 last_error=6 active=0
[2026-09-26T15:13:34.024+00:00] I (144828) RouteLoomRef: member end send_fail=2 established=1 failed=4 last_error=7
[2026-09-26T15:13:34.024+00:00] I (144829) RouteLoomRef: authority state=2 tx_sent=6 tx_failed=0 rx_accepted=1 rx_rejected=0 pull=0 busy=0 backoff_s=0
[2026-09-26T15:13:34.024+00:00] I (144829) RouteLoomRef: authority mesh tx_carrier=6 queued=6 shed=555 rx_carrier=2 denied=0 timeout=0
[2026-09-26T15:13:34.024+00:00] I (144829) RouteLoomRef: authority jobs accepted=4 failed=2 last=SESSION_UNAVAILABLE
[2026-09-26T15:13:34.024+00:00] I (144830) RouteLoomRef: member discovery rx=2 offer_tx=2 offer_rx=1 auth=2 kind_reject=0 capacity=0 send_fail=5
[2026-09-26T15:13:34.024+00:00] I (144830) RouteLoomRef: member scope raw=3 accepted=3 mac_reject=0 hint=0 generation=0 key_unavailable=0 budget=0
[2026-09-26T15:13:34.124+00:00] W (144913) RouteLoomRef: diagnostic reason=BOOTSTRAP_TRANSIT_ROLE peer=2 message=present
[2026-09-26T15:13:35.026+00:00] W (145754) RouteLoomRef: diagnostic reason=BOOTSTRAP_TRANSIT_ROLE peer=2 message=present
[2026-09-26T15:13:35.226+00:00] W (145944) RouteLoomRef: diagnostic reason=BOOTSTRAP_TRANSIT_ROLE peer=2 message=present
[2026-09-26T15:13:35.226+00:00] W (146031) RouteLoomRef: diagnostic reason=BOOTSTRAP_TRANSIT_ROLE peer=2 message=present
[2026-09-26T15:13:35.326+00:00] W (146132) RouteLoomRef: diagnostic reason=BOOTSTRAP_TRANSIT_ROLE peer=2 message=present
[2026-09-26T15:13:35.627+00:00] W (146423) RouteLoomRef: diagnostic reason=BOOTSTRAP_TRANSIT_ROLE peer=2 message=present
[2026-09-26T15:13:35.727+00:00] W (146439) RouteLoomRef: diagnostic reason=session replay peer=2 message=none
[2026-09-26T15:13:35.727+00:00] W (146454) RouteLoomRef: diagnostic reason=session replay peer=1 message=none
[2026-09-26T15:13:35.727+00:00] W (146530) RouteLoomRef: diagnostic reason=BOOTSTRAP_TRANSIT_ROLE peer=2 message=present
[2026-09-26T15:13:35.827+00:00] W (146553) RouteLoomRef: diagnostic reason=session replay peer=2 message=none
[2026-09-26T15:13:36.027+00:00] W (146825) RouteLoomRef: diagnostic reason=BOOTSTRAP_TRANSIT_ROLE peer=2 message=present
[2026-09-26T15:13:36.228+00:00] W (147020) RouteLoomRef: diagnostic reason=BOOTSTRAP_TRANSIT_ROLE peer=2 message=present
[2026-09-26T15:13:39.033+00:00] I (149827) RouteLoomRef: member state=4 links=2 ends=1 authority=1/1 confirm=1 demux_drop=0
[2026-09-26T15:13:39.033+00:00] I (149828) RouteLoomRef: member handshake starts=3 requests=1 rejected=0 send_fail=1 established=2 failed=0 last_error=6 active=0
[2026-09-26T15:13:39.033+00:00] I (149828) RouteLoomRef: member end send_fail=2 established=1 failed=4 last_error=7
[2026-09-26T15:13:39.033+00:00] I (149829) RouteLoomRef: authority state=2 tx_sent=6 tx_failed=0 rx_accepted=1 rx_rejected=0 pull=0 busy=0 backoff_s=0
[2026-09-26T15:13:39.033+00:00] I (149829) RouteLoomRef: authority mesh tx_carrier=6 queued=6 shed=555 rx_carrier=2 denied=0 timeout=0
[2026-09-26T15:13:39.033+00:00] I (149829) RouteLoomRef: authority jobs accepted=4 failed=2 last=SESSION_UNAVAILABLE
[2026-09-26T15:13:39.033+00:00] I (149830) RouteLoomRef: member discovery rx=2 offer_tx=2 offer_rx=1 auth=2 kind_reject=0 capacity=0 send_fail=6
[2026-09-26T15:13:39.033+00:00] I (149830) RouteLoomRef: member scope raw=3 accepted=3 mac_reject=0 hint=0 generation=0 key_unavailable=0 budget=0
[2026-09-26T15:13:44.044+00:00] I (154827) RouteLoomRef: member state=4 links=2 ends=1 authority=1/1 confirm=1 demux_drop=0
[2026-09-26T15:13:44.044+00:00] I (154828) RouteLoomRef: member handshake starts=3 requests=1 rejected=0 send_fail=1 established=2 failed=0 last_error=6 active=0
[2026-09-26T15:13:44.044+00:00] I (154828) RouteLoomRef: member end send_fail=2 established=1 failed=4 last_error=7
[2026-09-26T15:13:44.044+00:00] I (154829) RouteLoomRef: authority state=2 tx_sent=6 tx_failed=0 rx_accepted=1 rx_rejected=0 pull=0 busy=0 backoff_s=0
[2026-09-26T15:13:44.044+00:00] I (154829) RouteLoomRef: authority mesh tx_carrier=6 queued=6 shed=555 rx_carrier=2 denied=0 timeout=0
[2026-09-26T15:13:44.044+00:00] I (154829) RouteLoomRef: authority jobs accepted=4 failed=2 last=SESSION_UNAVAILABLE
[2026-09-26T15:13:44.044+00:00] I (154830) RouteLoomRef: member discovery rx=2 offer_tx=2 offer_rx=1 auth=2 kind_reject=0 capacity=0 send_fail=6
[2026-09-26T15:13:44.044+00:00] I (154830) RouteLoomRef: member scope raw=3 accepted=3 mac_reject=0 hint=0 generation=0 key_unavailable=0 budget=0
[2026-09-26T15:13:49.053+00:00] I (159828) RouteLoomRef: member state=4 links=2 ends=1 authority=1/1 confirm=1 demux_drop=0
[2026-09-26T15:13:49.053+00:00] I (159829) RouteLoomRef: member handshake starts=3 requests=1 rejected=0 send_fail=1 established=2 failed=0 last_error=6 active=0
[2026-09-26T15:13:49.053+00:00] I (159829) RouteLoomRef: member end send_fail=2 established=1 failed=4 last_error=7
[2026-09-26T15:13:49.053+00:00] I (159830) RouteLoomRef: authority state=2 tx_sent=6 tx_failed=0 rx_accepted=1 rx_rejected=0 pull=0 busy=0 backoff_s=0
[2026-09-26T15:13:49.053+00:00] I (159830) RouteLoomRef: authority mesh tx_carrier=6 queued=6 shed=555 rx_carrier=2 denied=0 timeout=0
[2026-09-26T15:13:49.053+00:00] I (159830) RouteLoomRef: authority jobs accepted=4 failed=2 last=SESSION_UNAVAILABLE
[2026-09-26T15:13:49.053+00:00] I (159831) RouteLoomRef: member discovery rx=2 offer_tx=2 offer_rx=1 auth=2 kind_reject=0 capacity=0 send_fail=6
[2026-09-26T15:13:49.053+00:00] I (159831) RouteLoomRef: member scope raw=3 accepted=3 mac_reject=0 hint=0 generation=0 key_unavailable=0 budget=0
[2026-09-26T15:13:54.064+00:00] I (164830) RouteLoomRef: member state=4 links=2 ends=1 authority=1/1 confirm=1 demux_drop=0
[2026-09-26T15:13:54.064+00:00] I (164831) RouteLoomRef: member handshake starts=3 requests=1 rejected=0 send_fail=1 established=2 failed=0 last_error=6 active=0
[2026-09-26T15:13:54.064+00:00] I (164831) RouteLoomRef: member end send_fail=2 established=1 failed=4 last_error=7
[2026-09-26T15:13:54.064+00:00] I (164832) RouteLoomRef: authority state=2 tx_sent=6 tx_failed=0 rx_accepted=1 rx_rejected=0 pull=0 busy=0 backoff_s=0
[2026-09-26T15:13:54.064+00:00] I (164832) RouteLoomRef: authority mesh tx_carrier=6 queued=6 shed=555 rx_carrier=2 denied=0 timeout=0
[2026-09-26T15:13:54.064+00:00] I (164832) RouteLoomRef: authority jobs accepted=4 failed=2 last=SESSION_UNAVAILABLE
[2026-09-26T15:13:54.064+00:00] I (164833) RouteLoomRef: member discovery rx=2 offer_tx=2 offer_rx=1 auth=2 kind_reject=0 capacity=0 send_fail=6
[2026-09-26T15:13:54.064+00:00] I (164833) RouteLoomRef: member scope raw=3 accepted=3 mac_reject=0 hint=0 generation=0 key_unavailable=0 budget=0
[2026-09-26T15:13:55.869+00:00] W (166664) RouteLoomRef: diagnostic reason=session replay peer=2 message=none
[2026-09-26T15:13:59.081+00:00] I (169832) RouteLoomRef: member state=4 links=2 ends=1 authority=1/1 confirm=1 demux_drop=0
[2026-09-26T15:13:59.081+00:00] I (169833) RouteLoomRef: member handshake starts=3 requests=1 rejected=0 send_fail=1 established=2 failed=0 last_error=6 active=0
[2026-09-26T15:13:59.081+00:00] I (169833) RouteLoomRef: member end send_fail=2 established=1 failed=4 last_error=7
[2026-09-26T15:13:59.081+00:00] I (169834) RouteLoomRef: authority state=2 tx_sent=6 tx_failed=0 rx_accepted=1 rx_rejected=0 pull=0 busy=0 backoff_s=0
[2026-09-26T15:13:59.081+00:00] I (169834) RouteLoomRef: authority mesh tx_carrier=6 queued=6 shed=555 rx_carrier=2 denied=0 timeout=0
[2026-09-26T15:13:59.081+00:00] I (169834) RouteLoomRef: authority jobs accepted=4 failed=2 last=SESSION_UNAVAILABLE
[2026-09-26T15:13:59.081+00:00] I (169835) RouteLoomRef: member discovery rx=2 offer_tx=2 offer_rx=1 auth=2 kind_reject=0 capacity=0 send_fail=7
[2026-09-26T15:13:59.081+00:00] I (169835) RouteLoomRef: member scope raw=3 accepted=3 mac_reject=0 hint=0 generation=0 key_unavailable=0 budget=0
[2026-09-26T15:13:59.987+00:00] I (170794) RouteLoomRef: RLD1 rx kind=1 ch=6 generation=16 src=10:bd:a3:b1:47:54 dest=ff:ff:ff:ff:ff:ff
[2026-09-26T15:14:00.087+00:00] W (170806) RouteLoomRef: diagnostic reason=BOOTSTRAP_TRANSIT_ROLE peer=2 message=present
[2026-09-26T15:14:00.187+00:00] W (170901) RouteLoomRef: diagnostic reason=BOOTSTRAP_TRANSIT_ROLE peer=2 message=present
[2026-09-26T15:14:00.588+00:00] W (171363) RouteLoomRef: diagnostic reason=BOOTSTRAP_TRANSIT_ROLE peer=2 message=present
[2026-09-26T15:14:00.789+00:00] W (171501) RouteLoomRef: diagnostic reason=BOOTSTRAP_TRANSIT_ROLE peer=2 message=present
[2026-09-26T15:14:00.789+00:00] W (171515) RouteLoomRef: diagnostic reason=SEQNO_REQUEST_NO_PATH peer=1 message=present
[2026-09-26T15:14:01.089+00:00] W (171812) RouteLoomRef: diagnostic reason=BOOTSTRAP_TRANSIT_ROLE peer=2 message=present
[2026-09-26T15:14:01.189+00:00] W (171962) RouteLoomRef: diagnostic reason=BOOTSTRAP_TRANSIT_ROLE peer=2 message=present
[2026-09-26T15:14:01.590+00:00] W (172323) RouteLoomRef: diagnostic reason=BOOTSTRAP_TRANSIT_ROLE peer=2 message=present
[2026-09-26T15:14:01.690+00:00] W (172419) RouteLoomRef: diagnostic reason=BOOTSTRAP_TRANSIT_ROLE peer=2 message=present
[2026-09-26T15:14:02.793+00:00] W (173505) RouteLoomRef: diagnostic reason=SEQNO_REQUEST_NO_PATH peer=1 message=present
[2026-09-26T15:14:04.098+00:00] I (174832) RouteLoomRef: member state=4 links=2 ends=1 authority=1/1 confirm=1 demux_drop=0
[2026-09-26T15:14:04.098+00:00] I (174833) RouteLoomRef: member handshake starts=3 requests=1 rejected=0 send_fail=1 established=2 failed=0 last_error=6 active=0
[2026-09-26T15:14:04.098+00:00] I (174833) RouteLoomRef: member end send_fail=2 established=1 failed=4 last_error=7
[2026-09-26T15:14:04.098+00:00] I (174834) RouteLoomRef: authority state=2 tx_sent=6 tx_failed=0 rx_accepted=1 rx_rejected=0 pull=0 busy=0 backoff_s=0
[2026-09-26T15:14:04.098+00:00] I (174834) RouteLoomRef: authority mesh tx_carrier=6 queued=6 shed=555 rx_carrier=2 denied=0 timeout=0
[2026-09-26T15:14:04.098+00:00] I (174834) RouteLoomRef: authority jobs accepted=4 failed=2 last=SESSION_UNAVAILABLE
[2026-09-26T15:14:04.098+00:00] I (174835) RouteLoomRef: member discovery rx=2 offer_tx=2 offer_rx=1 auth=2 kind_reject=0 capacity=0 send_fail=8
[2026-09-26T15:14:04.098+00:00] I (174835) RouteLoomRef: member scope raw=3 accepted=3 mac_reject=0 hint=0 generation=0 key_unavailable=0 budget=0
[2026-09-26T15:14:06.704+00:00] W (177506) RouteLoomRef: diagnostic reason=SEQNO_REQUEST_NO_PATH peer=1 message=present
[2026-09-26T15:14:08.007+00:00] W (178786) RouteLoomRef: diagnostic reason=BOOTSTRAP_TRANSIT_ROLE peer=2 message=present
[2026-09-26T15:14:08.107+00:00] W (178879) RouteLoomRef: diagnostic reason=BOOTSTRAP_TRANSIT_ROLE peer=2 message=present
[2026-09-26T15:14:08.308+00:00] W (179073) RouteLoomRef: diagnostic reason=BOOTSTRAP_TRANSIT_ROLE peer=2 message=present
[2026-09-26T15:14:08.408+00:00] W (179167) RouteLoomRef: diagnostic reason=BOOTSTRAP_TRANSIT_ROLE peer=2 message=present
[2026-09-26T15:14:09.110+00:00] I (179833) RouteLoomRef: member state=4 links=2 ends=1 authority=1/1 confirm=1 demux_drop=0
[2026-09-26T15:14:09.110+00:00] I (179834) RouteLoomRef: member handshake starts=3 requests=1 rejected=0 send_fail=1 established=2 failed=0 last_error=6 active=0
[2026-09-26T15:14:09.110+00:00] I (179834) RouteLoomRef: member end send_fail=2 established=1 failed=4 last_error=7
[2026-09-26T15:14:09.110+00:00] I (179835) RouteLoomRef: authority state=2 tx_sent=6 tx_failed=0 rx_accepted=1 rx_rejected=0 pull=0 busy=0 backoff_s=0
[2026-09-26T15:14:09.110+00:00] I (179835) RouteLoomRef: authority mesh tx_carrier=6 queued=6 shed=555 rx_carrier=2 denied=0 timeout=0
[2026-09-26T15:14:09.110+00:00] I (179836) RouteLoomRef: authority jobs accepted=4 failed=2 last=SESSION_UNAVAILABLE
[2026-09-26T15:14:09.110+00:00] I (179836) RouteLoomRef: member discovery rx=2 offer_tx=2 offer_rx=1 auth=2 kind_reject=0 capacity=0 send_fail=8
[2026-09-26T15:14:09.110+00:00] I (179836) RouteLoomRef: member scope raw=3 accepted=3 mac_reject=0 hint=0 generation=0 key_unavailable=0 budget=0
[2026-09-26T15:14:09.611+00:00] I (180416) RouteLoom: stack hwm main 7664 B
[2026-09-26T15:14:09.611+00:00] I (180416) RouteLoom: HIL HEAP free=106684 largest=90112 min=105492 B
[2026-09-26T15:14:09.611+00:00] I (180417) RouteLoom: HIL DISCOVERY candidates=0 neighbors=2 capacity=0 auth=2 stale=0 probes=15 send_failures=8 kind_rejects=0
[2026-09-26T15:14:09.611+00:00] I (180417) RouteLoom: HIL ROUTE peer=1 phase=5 via=1 metric=1 generation=323 seq=1
[2026-09-26T15:14:09.611+00:00] I (180417) RouteLoom: HIL ROUTE peer=2 phase=5 via=0 metric=0 generation=0 seq=0
[2026-09-26T15:14:09.611+00:00] I (180418) RouteLoom: HIL ROUTE peer=3 phase=-1 via=0 metric=0 generation=0 seq=0
[2026-09-26T15:14:11.215+00:00] I (181992) RouteLoomRef: RLD1 rx kind=1 ch=6 generation=16 src=94:a9:90:7a:b5:60 dest=ff:ff:ff:ff:ff:ff
[2026-09-26T15:14:12.017+00:00] I (182786) RouteLoomRef: RLD1 rx kind=1 ch=6 generation=16 src=94:a9:90:7a:b5:60 dest=ff:ff:ff:ff:ff:ff
[2026-09-26T15:14:12.719+00:00] W (183508) RouteLoomRef: diagnostic reason=SEQNO_REQUEST_NO_PATH peer=1 message=present
[2026-09-26T15:14:13.421+00:00] I (184205) RouteLoomRef: RLD1 rx kind=1 ch=6 generation=16 src=94:a9:90:7a:b5:60 dest=ff:ff:ff:ff:ff:ff
[2026-09-26T15:14:14.122+00:00] I (184835) RouteLoomRef: member state=4 links=2 ends=1 authority=1/1 confirm=1 demux_drop=0
[2026-09-26T15:14:14.123+00:00] I (184836) RouteLoomRef: member handshake starts=6 requests=1 rejected=0 send_fail=1 established=2 failed=0 last_error=6 active=0
[2026-09-26T15:14:14.123+00:00] I (184836) RouteLoomRef: member end send_fail=2 established=1 failed=4 last_error=7
[2026-09-26T15:14:14.123+00:00] I (184837) RouteLoomRef: authority state=2 tx_sent=6 tx_failed=0 rx_accepted=1 rx_rejected=0 pull=0 busy=0 backoff_s=0
[2026-09-26T15:14:14.123+00:00] I (184837) RouteLoomRef: authority mesh tx_carrier=6 queued=6 shed=555 rx_carrier=2 denied=0 timeout=0
[2026-09-26T15:14:14.123+00:00] I (184838) RouteLoomRef: authority jobs accepted=4 failed=2 last=SESSION_UNAVAILABLE
[2026-09-26T15:14:14.123+00:00] I (184838) RouteLoomRef: member discovery rx=5 offer_tx=5 offer_rx=1 auth=2 kind_reject=0 capacity=0 send_fail=8
[2026-09-26T15:14:14.123+00:00] I (184838) RouteLoomRef: member scope raw=6 accepted=6 mac_reject=0 hint=0 generation=0 key_unavailable=0 budget=0
[2026-09-26T15:14:16.128+00:00] I (186872) RouteLoomRef: RLD1 rx kind=1 ch=6 generation=16 src=94:a9:90:7a:b5:60 dest=ff:ff:ff:ff:ff:ff
[2026-09-26T15:14:19.036+00:00] I (189837) RouteLoomRef: member state=4 links=2 ends=1 authority=1/1 confirm=1 demux_drop=0
[2026-09-26T15:14:19.037+00:00] I (189838) RouteLoomRef: member handshake starts=7 requests=1 rejected=0 send_fail=1 established=2 failed=0 last_error=6 active=0
[2026-09-26T15:14:19.037+00:00] I (189838) RouteLoomRef: member end send_fail=2 established=1 failed=4 last_error=7
[2026-09-26T15:14:19.037+00:00] I (189839) RouteLoomRef: authority state=2 tx_sent=6 tx_failed=0 rx_accepted=1 rx_rejected=0 pull=0 busy=0 backoff_s=0
[2026-09-26T15:14:19.037+00:00] I (189839) RouteLoomRef: authority mesh tx_carrier=6 queued=6 shed=555 rx_carrier=2 denied=0 timeout=0
[2026-09-26T15:14:19.037+00:00] I (189839) RouteLoomRef: authority jobs accepted=4 failed=2 last=SESSION_UNAVAILABLE
[2026-09-26T15:14:19.037+00:00] I (189840) RouteLoomRef: member discovery rx=6 offer_tx=6 offer_rx=1 auth=2 kind_reject=0 capacity=0 send_fail=8
[2026-09-26T15:14:19.037+00:00] I (189840) RouteLoomRef: member scope raw=7 accepted=7 mac_reject=0 hint=0 generation=0 key_unavailable=0 budget=0
[2026-09-26T15:14:20.740+00:00] W (191511) RouteLoomRef: diagnostic reason=SEQNO_REQUEST_NO_PATH peer=1 message=present
[2026-09-26T15:14:21.242+00:00] I (192050) RouteLoomRef: RLD1 rx kind=1 ch=6 generation=16 src=94:a9:90:7a:b5:60 dest=ff:ff:ff:ff:ff:ff
[2026-09-26T15:14:21.744+00:00] I (192510) RouteLoomRef: RLD1 rx kind=1 ch=6 generation=16 src=94:a9:90:7a:b5:60 dest=ff:ff:ff:ff:ff:ff
[2026-09-26T15:14:23.549+00:00] I (194314) RouteLoomRef: RLD1 rx kind=1 ch=6 generation=16 src=94:a9:90:7a:b5:60 dest=ff:ff:ff:ff:ff:ff
[2026-09-26T15:14:24.050+00:00] I (194837) RouteLoomRef: member state=4 links=2 ends=1 authority=1/1 confirm=1 demux_drop=2
[2026-09-26T15:14:24.050+00:00] I (194838) RouteLoomRef: member handshake starts=9 requests=1 rejected=0 send_fail=3 established=2 failed=1 last_error=9 active=0
[2026-09-26T15:14:24.050+00:00] I (194838) RouteLoomRef: member end send_fail=2 established=1 failed=4 last_error=7
[2026-09-26T15:14:24.050+00:00] I (194839) RouteLoomRef: authority state=2 tx_sent=6 tx_failed=0 rx_accepted=1 rx_rejected=0 pull=0 busy=0 backoff_s=0
[2026-09-26T15:14:24.050+00:00] I (194839) RouteLoomRef: authority mesh tx_carrier=6 queued=6 shed=555 rx_carrier=2 denied=0 timeout=0
[2026-09-26T15:14:24.050+00:00] I (194839) RouteLoomRef: authority jobs accepted=4 failed=2 last=SESSION_UNAVAILABLE
[2026-09-26T15:14:24.050+00:00] I (194840) RouteLoomRef: member discovery rx=8 offer_tx=8 offer_rx=1 auth=2 kind_reject=0 capacity=0 send_fail=27
[2026-09-26T15:14:24.050+00:00] I (194840) RouteLoomRef: member scope raw=9 accepted=9 mac_reject=0 hint=0 generation=0 key_unavailable=0 budget=0
[2026-09-26T15:14:26.860+00:00] I (197639) RouteLoomRef: RLD1 rx kind=1 ch=6 generation=16 src=94:a9:90:7a:b5:60 dest=ff:ff:ff:ff:ff:ff
[2026-09-26T15:14:29.066+00:00] I (199837) RouteLoomRef: member state=4 links=2 ends=1 authority=1/1 confirm=1 demux_drop=2
[2026-09-26T15:14:29.066+00:00] I (199838) RouteLoomRef: member handshake starts=10 requests=1 rejected=0 send_fail=3 established=2 failed=1 last_error=9 active=0
[2026-09-26T15:14:29.066+00:00] I (199839) RouteLoomRef: member end send_fail=2 established=1 failed=4 last_error=7
[2026-09-26T15:14:29.066+00:00] I (199839) RouteLoomRef: authority state=2 tx_sent=6 tx_failed=0 rx_accepted=1 rx_rejected=0 pull=0 busy=0 backoff_s=0
[2026-09-26T15:14:29.066+00:00] I (199839) RouteLoomRef: authority mesh tx_carrier=6 queued=6 shed=555 rx_carrier=2 denied=0 timeout=0
[2026-09-26T15:14:29.066+00:00] I (199839) RouteLoomRef: authority jobs accepted=4 failed=2 last=SESSION_UNAVAILABLE
[2026-09-26T15:14:29.066+00:00] I (199840) RouteLoomRef: member discovery rx=9 offer_tx=9 offer_rx=1 auth=2 kind_reject=0 capacity=0 send_fail=27
[2026-09-26T15:14:29.066+00:00] I (199840) RouteLoomRef: member scope raw=10 accepted=10 mac_reject=0 hint=0 generation=0 key_unavailable=0 budget=0
[2026-09-26T15:14:30.771+00:00] W (201563) RouteLoomRef: diagnostic reason=SEQNO_REQUEST_NO_PATH peer=1 message=present
[2026-09-26T15:14:33.378+00:00] I (204125) RouteLoomRef: RLD1 rx kind=1 ch=6 generation=16 src=94:a9:90:7a:b5:60 dest=ff:ff:ff:ff:ff:ff
[2026-09-26T15:14:34.079+00:00] I (204838) RouteLoomRef: member state=4 links=2 ends=1 authority=1/1 confirm=1 demux_drop=2
[2026-09-26T15:14:34.079+00:00] I (204839) RouteLoomRef: member handshake starts=11 requests=1 rejected=0 send_fail=3 established=2 failed=1 last_error=9 active=0
[2026-09-26T15:14:34.079+00:00] I (204839) RouteLoomRef: member end send_fail=2 established=1 failed=4 last_error=7
[2026-09-26T15:14:34.079+00:00] I (204840) RouteLoomRef: authority state=2 tx_sent=6 tx_failed=0 rx_accepted=1 rx_rejected=0 pull=0 busy=0 backoff_s=0
[2026-09-26T15:14:34.079+00:00] I (204840) RouteLoomRef: authority mesh tx_carrier=6 queued=6 shed=555 rx_carrier=2 denied=0 timeout=0
[2026-09-26T15:14:34.079+00:00] I (204840) RouteLoomRef: authority jobs accepted=4 failed=2 last=SESSION_UNAVAILABLE
[2026-09-26T15:14:34.079+00:00] I (204841) RouteLoomRef: member discovery rx=10 offer_tx=10 offer_rx=1 auth=2 kind_reject=0 capacity=0 send_fail=27
[2026-09-26T15:14:34.079+00:00] I (204841) RouteLoomRef: member scope raw=11 accepted=11 mac_reject=0 hint=0 generation=0 key_unavailable=0 budget=0
[2026-09-26T15:14:36.485+00:00] I (207255) RouteLoomRef: discovery event=STALE peer=2
[2026-09-26T15:14:36.485+00:00] W (207255) RouteLoomRef: diagnostic reason=STALE peer=2 message=none
[2026-09-26T15:14:38.490+00:00] I (209256) RouteLoomRef: discovery event=REDISCOVERY peer=2
[2026-09-26T15:14:38.490+00:00] W (209257) RouteLoomRef: diagnostic reason=REDISCOVERY peer=2 message=none
[2026-09-26T15:14:38.891+00:00] I (209656) RouteLoomRef: RLD1 rx kind=2 ch=6 generation=16 src=94:a9:90:6a:ee:c4 dest=10:bd:a3:b1:48:a8
[2026-09-26T15:14:38.891+00:00] I (209656) RouteLoomRef: RLD1 offer result state=0 expected_generation=16 observations=0 dropped=0
[2026-09-26T15:14:39.091+00:00] I (209839) RouteLoomRef: member state=4 links=2 ends=1 authority=1/1 confirm=1 demux_drop=2
[2026-09-26T15:14:39.091+00:00] I (209840) RouteLoomRef: member handshake starts=11 requests=1 rejected=0 send_fail=3 established=2 failed=1 last_error=9 active=0
[2026-09-26T15:14:39.091+00:00] I (209840) RouteLoomRef: member end send_fail=2 established=1 failed=4 last_error=7
[2026-09-26T15:14:39.091+00:00] I (209841) RouteLoomRef: authority state=2 tx_sent=6 tx_failed=0 rx_accepted=1 rx_rejected=0 pull=0 busy=0 backoff_s=0
[2026-09-26T15:14:39.091+00:00] I (209841) RouteLoomRef: authority mesh tx_carrier=6 queued=6 shed=555 rx_carrier=2 denied=0 timeout=0
[2026-09-26T15:14:39.091+00:00] I (209842) RouteLoomRef: authority jobs accepted=4 failed=2 last=SESSION_UNAVAILABLE
[2026-09-26T15:14:39.091+00:00] I (209842) RouteLoomRef: member discovery rx=10 offer_tx=10 offer_rx=2 auth=2 kind_reject=0 capacity=0 send_fail=27
[2026-09-26T15:14:39.091+00:00] I (209842) RouteLoomRef: member scope raw=12 accepted=11 mac_reject=0 hint=0 generation=0 key_unavailable=0 budget=0
[2026-09-26T15:14:39.894+00:00] I (210607) RouteLoomRef: RLD1 rx kind=2 ch=6 generation=16 src=94:a9:90:6a:ee:c4 dest=10:bd:a3:b1:48:a8
[2026-09-26T15:14:39.894+00:00] I (210607) RouteLoomRef: RLD1 offer result state=0 expected_generation=16 observations=0 dropped=0
[2026-09-26T15:14:41.498+00:00] I (212223) RouteLoomRef: RLD1 rx kind=2 ch=6 generation=16 src=94:a9:90:6a:ee:c4 dest=10:bd:a3:b1:48:a8
[2026-09-26T15:14:41.498+00:00] I (212224) RouteLoomRef: RLD1 offer result state=0 expected_generation=16 observations=0 dropped=0
[2026-09-26T15:14:42.801+00:00] W (213514) RouteLoomRef: diagnostic reason=SEQNO_REQUEST_NO_PATH peer=1 message=present
[2026-09-26T15:14:44.104+00:00] I (214841) RouteLoomRef: member state=4 links=2 ends=1 authority=1/1 confirm=1 demux_drop=2
[2026-09-26T15:14:44.104+00:00] I (214842) RouteLoomRef: member handshake starts=11 requests=1 rejected=0 send_fail=3 established=2 failed=1 last_error=9 active=0
[2026-09-26T15:14:44.104+00:00] I (214842) RouteLoomRef: member end send_fail=2 established=1 failed=4 last_error=7
[2026-09-26T15:14:44.104+00:00] I (214843) RouteLoomRef: authority state=2 tx_sent=6 tx_failed=0 rx_accepted=1 rx_rejected=0 pull=0 busy=0 backoff_s=0
[2026-09-26T15:14:44.104+00:00] I (214843) RouteLoomRef: authority mesh tx_carrier=6 queued=6 shed=555 rx_carrier=2 denied=0 timeout=0
[2026-09-26T15:14:44.104+00:00] I (214843) RouteLoomRef: authority jobs accepted=4 failed=2 last=SESSION_UNAVAILABLE
[2026-09-26T15:14:44.104+00:00] I (214844) RouteLoomRef: member discovery rx=10 offer_tx=10 offer_rx=4 auth=2 kind_reject=0 capacity=0 send_fail=27
[2026-09-26T15:14:44.104+00:00] I (214844) RouteLoomRef: member scope raw=14 accepted=11 mac_reject=0 hint=0 generation=0 key_unavailable=0 budget=0
[2026-09-26T15:14:44.304+00:00] I (215100) RouteLoomRef: RLD1 rx kind=2 ch=6 generation=16 src=94:a9:90:6a:ee:c4 dest=10:bd:a3:b1:48:a8
[2026-09-26T15:14:44.304+00:00] I (215100) RouteLoomRef: RLD1 offer result state=0 expected_generation=16 observations=0 dropped=0
[2026-09-26T15:14:46.208+00:00] I (216935) RouteLoomRef: RLD1 rx kind=1 ch=6 generation=16 src=94:a9:90:7a:b5:60 dest=ff:ff:ff:ff:ff:ff
[2026-09-26T15:14:46.308+00:00] W (217058) ESPNOW: Peer exists. Please call API esp_now_mod_peer()!
[2026-09-26T15:14:46.308+00:00] W (217107) ESPNOW: Peer exists. Please call API esp_now_mod_peer()!
[2026-09-26T15:14:46.809+00:00] W (217607) ESPNOW: Peer exists. Please call API esp_now_mod_peer()!
[2026-09-26T15:14:46.909+00:00] I (217688) RouteLoomRef: RLD1 rx kind=1 ch=6 generation=16 src=94:a9:90:7a:b5:60 dest=ff:ff:ff:ff:ff:ff
[2026-09-26T15:14:47.310+00:00] W (218110) ESPNOW: Peer exists. Please call API esp_now_mod_peer()!
[2026-09-26T15:14:47.811+00:00] W (218596) ESPNOW: Peer exists. Please call API esp_now_mod_peer()!
[2026-09-26T15:14:49.013+00:00] I (219761) RouteLoomRef: RLD1 rx kind=1 ch=6 generation=16 src=94:a9:90:7a:b5:60 dest=ff:ff:ff:ff:ff:ff
[2026-09-26T15:14:49.013+00:00] W (219785) ESPNOW: Peer exists. Please call API esp_now_mod_peer()!
[2026-09-26T15:14:49.113+00:00] I (219844) RouteLoomRef: member state=4 links=2 ends=1 authority=1/1 confirm=1 demux_drop=4
[2026-09-26T15:14:49.113+00:00] I (219844) RouteLoomRef: member handshake starts=14 requests=1 rejected=0 send_fail=4 established=2 failed=2 last_error=9 active=0
[2026-09-26T15:14:49.113+00:00] I (219845) RouteLoomRef: member end send_fail=2 established=1 failed=4 last_error=7
[2026-09-26T15:14:49.113+00:00] I (219845) RouteLoomRef: authority state=2 tx_sent=6 tx_failed=0 rx_accepted=1 rx_rejected=0 pull=0 busy=0 backoff_s=0
[2026-09-26T15:14:49.113+00:00] I (219845) RouteLoomRef: authority mesh tx_carrier=6 queued=6 shed=555 rx_carrier=2 denied=0 timeout=0
[2026-09-26T15:14:49.113+00:00] I (219846) RouteLoomRef: authority jobs accepted=4 failed=2 last=SESSION_UNAVAILABLE
[2026-09-26T15:14:49.113+00:00] I (219846) RouteLoomRef: member discovery rx=13 offer_tx=13 offer_rx=5 auth=2 kind_reject=0 capacity=0 send_fail=42
[2026-09-26T15:14:49.113+00:00] I (219846) RouteLoomRef: member scope raw=18 accepted=14 mac_reject=0 hint=0 generation=0 key_unavailable=0 budget=0
[2026-09-26T15:14:50.115+00:00] I (220888) RouteLoomRef: RLD1 rx kind=2 ch=6 generation=16 src=94:a9:90:7a:26:ac dest=10:bd:a3:b1:48:a8
[2026-09-26T15:14:50.115+00:00] I (220889) RouteLoomRef: RLD1 offer result state=0 expected_generation=16 observations=0 dropped=0
[2026-09-26T15:14:50.215+00:00] I (221007) RouteLoomRef: discovery event=DISCOVERY_FAILED peer=0
[2026-09-26T15:14:50.215+00:00] W (221007) RouteLoomRef: diagnostic reason=DISCOVERY_FAILED peer=0 message=none
[2026-09-26T15:14:50.215+00:00] I (221008) RouteLoomRef: discovery event=REDISCOVERY peer=2
[2026-09-26T15:14:50.215+00:00] W (221008) RouteLoomRef: diagnostic reason=REDISCOVERY peer=2 message=none
[2026-09-26T15:14:51.017+00:00] I (221764) RouteLoomRef: RLD1 rx kind=2 ch=6 generation=16 src=94:a9:90:6a:ee:c4 dest=10:bd:a3:b1:48:a8
[2026-09-26T15:14:51.017+00:00] I (221764) RouteLoomRef: RLD1 offer result state=0 expected_generation=16 observations=0 dropped=0
[2026-09-26T15:14:53.023+00:00] I (223760) RouteLoomRef: RLD1 rx kind=1 ch=6 generation=16 src=94:a9:90:7a:b5:60 dest=ff:ff:ff:ff:ff:ff
[2026-09-26T15:14:53.023+00:00] I (223779) RouteLoomRef: RLD1 rx kind=2 ch=6 generation=16 src=94:a9:90:6a:ee:c4 dest=10:bd:a3:b1:48:a8
[2026-09-26T15:14:53.023+00:00] I (223779) RouteLoomRef: RLD1 offer result state=0 expected_generation=16 observations=0 dropped=0
[2026-09-26T15:14:53.123+00:00] W (223913) ESPNOW: Peer exists. Please call API esp_now_mod_peer()!
[2026-09-26T15:14:54.125+00:00] I (224846) RouteLoomRef: member state=4 links=2 ends=1 authority=1/1 confirm=1 demux_drop=4
[2026-09-26T15:14:54.125+00:00] I (224847) RouteLoomRef: member handshake starts=15 requests=1 rejected=0 send_fail=4 established=2 failed=2 last_error=9 active=0
[2026-09-26T15:14:54.125+00:00] I (224847) RouteLoomRef: member end send_fail=2 established=1 failed=4 last_error=7
[2026-09-26T15:14:54.125+00:00] I (224848) RouteLoomRef: authority state=2 tx_sent=6 tx_failed=0 rx_accepted=1 rx_rejected=0 pull=0 busy=0 backoff_s=0
[2026-09-26T15:14:54.125+00:00] I (224848) RouteLoomRef: authority mesh tx_carrier=6 queued=6 shed=555 rx_carrier=2 denied=0 timeout=0
[2026-09-26T15:14:54.125+00:00] I (224848) RouteLoomRef: authority jobs accepted=4 failed=2 last=SESSION_UNAVAILABLE
[2026-09-26T15:14:54.125+00:00] I (224849) RouteLoomRef: member discovery rx=14 offer_tx=14 offer_rx=8 auth=2 kind_reject=0 capacity=0 send_fail=42
[2026-09-26T15:14:54.125+00:00] I (224849) RouteLoomRef: member scope raw=22 accepted=15 mac_reject=0 hint=0 generation=0 key_unavailable=0 budget=0
[2026-09-26T15:14:56.733+00:00] W (227516) RouteLoomRef: diagnostic reason=SEQNO_REQUEST_NO_PATH peer=1 message=present
[2026-09-26T15:14:57.135+00:00] I (227858) RouteLoomRef: RLD1 rx kind=2 ch=6 generation=16 src=94:a9:90:6a:ee:c4 dest=10:bd:a3:b1:48:a8
[2026-09-26T15:14:57.135+00:00] I (227859) RouteLoomRef: RLD1 offer result state=0 expected_generation=16 observations=0 dropped=0
[2026-09-26T15:14:59.040+00:00] I (229847) RouteLoomRef: member state=4 links=2 ends=1 authority=1/1 confirm=1 demux_drop=4
[2026-09-26T15:14:59.040+00:00] I (229848) RouteLoomRef: member handshake starts=15 requests=1 rejected=0 send_fail=4 established=2 failed=2 last_error=9 active=0
[2026-09-26T15:14:59.040+00:00] I (229848) RouteLoomRef: member end send_fail=2 established=1 failed=4 last_error=7
[2026-09-26T15:14:59.040+00:00] I (229849) RouteLoomRef: authority state=2 tx_sent=6 tx_failed=0 rx_accepted=1 rx_rejected=0 pull=0 busy=0 backoff_s=0
[2026-09-26T15:14:59.040+00:00] I (229849) RouteLoomRef: authority mesh tx_carrier=6 queued=6 shed=555 rx_carrier=2 denied=0 timeout=0
[2026-09-26T15:14:59.040+00:00] I (229849) RouteLoomRef: authority jobs accepted=4 failed=2 last=SESSION_UNAVAILABLE
[2026-09-26T15:14:59.040+00:00] I (229850) RouteLoomRef: member discovery rx=14 offer_tx=14 offer_rx=9 auth=2 kind_reject=0 capacity=0 send_fail=42
[2026-09-26T15:14:59.040+00:00] I (229850) RouteLoomRef: member scope raw=23 accepted=15 mac_reject=0 hint=0 generation=0 key_unavailable=0 budget=0
[2026-09-26T15:15:00.845+00:00] I (231580) RouteLoomRef: RLD1 rx kind=1 ch=6 generation=16 src=94:a9:90:7a:b5:60 dest=ff:ff:ff:ff:ff:ff
[2026-09-26T15:15:00.845+00:00] W (231653) ESPNOW: Peer exists. Please call API esp_now_mod_peer()!
[2026-09-26T15:15:04.054+00:00] I (234849) RouteLoomRef: member state=4 links=2 ends=1 authority=1/1 confirm=1 demux_drop=4
[2026-09-26T15:15:04.054+00:00] I (234850) RouteLoomRef: member handshake starts=16 requests=1 rejected=0 send_fail=4 established=2 failed=2 last_error=9 active=0
[2026-09-26T15:15:04.054+00:00] I (234850) RouteLoomRef: member end send_fail=2 established=1 failed=4 last_error=7
[2026-09-26T15:15:04.054+00:00] I (234851) RouteLoomRef: authority state=2 tx_sent=6 tx_failed=0 rx_accepted=1 rx_rejected=0 pull=0 busy=0 backoff_s=0
[2026-09-26T15:15:04.054+00:00] I (234851) RouteLoomRef: authority mesh tx_carrier=6 queued=6 shed=555 rx_carrier=2 denied=0 timeout=0
[2026-09-26T15:15:04.054+00:00] I (234851) RouteLoomRef: authority jobs accepted=4 failed=2 last=SESSION_UNAVAILABLE
[2026-09-26T15:15:04.054+00:00] I (234852) RouteLoomRef: member discovery rx=15 offer_tx=15 offer_rx=9 auth=2 kind_reject=0 capacity=0 send_fail=42
[2026-09-26T15:15:04.054+00:00] I (234852) RouteLoomRef: member scope raw=24 accepted=16 mac_reject=0 hint=0 generation=0 key_unavailable=0 budget=0
[2026-09-26T15:15:04.857+00:00] I (235614) RouteLoomRef: RLD1 rx kind=2 ch=6 generation=16 src=94:a9:90:6a:ee:c4 dest=10:bd:a3:b1:48:a8
[2026-09-26T15:15:04.857+00:00] I (235615) RouteLoomRef: RLD1 offer result state=0 expected_generation=16 observations=0 dropped=0
[2026-09-26T15:15:09.068+00:00] I (239851) RouteLoomRef: member state=4 links=2 ends=1 authority=1/1 confirm=1 demux_drop=4
[2026-09-26T15:15:09.068+00:00] I (239852) RouteLoomRef: member handshake starts=16 requests=1 rejected=0 send_fail=4 established=2 failed=2 last_error=9 active=0
[2026-09-26T15:15:09.068+00:00] I (239852) RouteLoomRef: member end send_fail=2 established=1 failed=4 last_error=7
[2026-09-26T15:15:09.068+00:00] I (239853) RouteLoomRef: authority state=2 tx_sent=6 tx_failed=0 rx_accepted=1 rx_rejected=0 pull=0 busy=0 backoff_s=0
[2026-09-26T15:15:09.068+00:00] I (239853) RouteLoomRef: authority mesh tx_carrier=6 queued=6 shed=555 rx_carrier=2 denied=0 timeout=0
[2026-09-26T15:15:09.068+00:00] I (239853) RouteLoomRef: authority jobs accepted=4 failed=2 last=SESSION_UNAVAILABLE
[2026-09-26T15:15:09.068+00:00] I (239854) RouteLoomRef: member discovery rx=15 offer_tx=15 offer_rx=10 auth=2 kind_reject=0 capacity=0 send_fail=42
[2026-09-26T15:15:09.068+00:00] I (239854) RouteLoomRef: member scope raw=25 accepted=16 mac_reject=0 hint=0 generation=0 key_unavailable=0 budget=0
[2026-09-26T15:15:09.669+00:00] I (240418) RouteLoom: stack hwm main 7664 B
[2026-09-26T15:15:09.669+00:00] I (240418) RouteLoom: HIL HEAP free=106740 largest=90112 min=105492 B
[2026-09-26T15:15:09.669+00:00] I (240419) RouteLoom: HIL DISCOVERY candidates=0 neighbors=2 capacity=0 auth=2 stale=1 probes=29 send_failures=42 kind_rejects=0
[2026-09-26T15:15:09.669+00:00] I (240419) RouteLoom: HIL ROUTE peer=1 phase=5 via=1 metric=1 generation=323 seq=1
[2026-09-26T15:15:09.669+00:00] I (240419) RouteLoom: HIL ROUTE peer=2 phase=7 via=0 metric=0 generation=0 seq=0
[2026-09-26T15:15:09.669+00:00] I (240420) RouteLoom: HIL ROUTE peer=3 phase=-1 via=0 metric=0 generation=0 seq=0
[2026-09-26T15:15:14.079+00:00] I (244851) RouteLoomRef: member state=4 links=2 ends=1 authority=1/1 confirm=1 demux_drop=4
[2026-09-26T15:15:14.079+00:00] I (244852) RouteLoomRef: member handshake starts=16 requests=1 rejected=0 send_fail=4 established=2 failed=2 last_error=9 active=0
[2026-09-26T15:15:14.079+00:00] I (244853) RouteLoomRef: member end send_fail=2 established=1 failed=4 last_error=7
[2026-09-26T15:15:14.079+00:00] I (244853) RouteLoomRef: authority state=2 tx_sent=6 tx_failed=0 rx_accepted=1 rx_rejected=0 pull=0 busy=0 backoff_s=0
[2026-09-26T15:15:14.079+00:00] I (244853) RouteLoomRef: authority mesh tx_carrier=6 queued=6 shed=555 rx_carrier=2 denied=0 timeout=0
[2026-09-26T15:15:14.079+00:00] I (244854) RouteLoomRef: authority jobs accepted=4 failed=2 last=SESSION_UNAVAILABLE
[2026-09-26T15:15:14.079+00:00] I (244854) RouteLoomRef: member discovery rx=15 offer_tx=15 offer_rx=10 auth=2 kind_reject=0 capacity=0 send_fail=42
[2026-09-26T15:15:14.079+00:00] I (244854) RouteLoomRef: member scope raw=25 accepted=16 mac_reject=0 hint=0 generation=0 key_unavailable=0 budget=0
[2026-09-26T15:15:16.288+00:00] I (247053) RouteLoomRef: RLD1 rx kind=1 ch=6 generation=16 src=94:a9:90:7a:b5:60 dest=ff:ff:ff:ff:ff:ff
[2026-09-26T15:15:16.288+00:00] W (247087) ESPNOW: Peer exists. Please call API esp_now_mod_peer()!
[2026-09-26T15:15:16.688+00:00] I (247426) RouteLoomRef: RLD1 rx kind=1 ch=6 generation=16 src=94:a9:90:7a:b5:60 dest=ff:ff:ff:ff:ff:ff
[2026-09-26T15:15:16.688+00:00] W (247431) ESPNOW: Peer exists. Please call API esp_now_mod_peer()!
[2026-09-26T15:15:18.192+00:00] I (248958) RouteLoomRef: RLD1 rx kind=1 ch=6 generation=16 src=94:a9:90:7a:b5:60 dest=ff:ff:ff:ff:ff:ff
[2026-09-26T15:15:18.292+00:00] W (249052) ESPNOW: Peer exists. Please call API esp_now_mod_peer()!
[2026-09-26T15:15:19.093+00:00] I (249853) RouteLoomRef: member state=4 links=2 ends=1 authority=1/1 confirm=1 demux_drop=6
[2026-09-26T15:15:19.093+00:00] I (249854) RouteLoomRef: member handshake starts=19 requests=1 rejected=0 send_fail=4 established=2 failed=2 last_error=9 active=0
[2026-09-26T15:15:19.093+00:00] I (249855) RouteLoomRef: member end send_fail=2 established=1 failed=4 last_error=7
[2026-09-26T15:15:19.093+00:00] I (249855) RouteLoomRef: authority state=2 tx_sent=6 tx_failed=0 rx_accepted=1 rx_rejected=0 pull=0 busy=0 backoff_s=0
[2026-09-26T15:15:19.093+00:00] I (249855) RouteLoomRef: authority mesh tx_carrier=6 queued=6 shed=555 rx_carrier=2 denied=0 timeout=0
[2026-09-26T15:15:19.093+00:00] I (249856) RouteLoomRef: authority jobs accepted=4 failed=2 last=SESSION_UNAVAILABLE
[2026-09-26T15:15:19.094+00:00] I (249856) RouteLoomRef: member discovery rx=18 offer_tx=18 offer_rx=10 auth=2 kind_reject=0 capacity=0 send_fail=42
[2026-09-26T15:15:19.094+00:00] I (249856) RouteLoomRef: member scope raw=28 accepted=19 mac_reject=0 hint=0 generation=0 key_unavailable=0 budget=0
[2026-09-26T15:15:20.397+00:00] I (251140) RouteLoomRef: discovery event=REDISCOVERY peer=2
[2026-09-26T15:15:20.397+00:00] W (251141) RouteLoomRef: diagnostic reason=REDISCOVERY peer=2 message=none
[2026-09-26T15:15:20.898+00:00] I (251709) RouteLoomRef: RLD1 rx kind=2 ch=6 generation=16 src=94:a9:90:6a:ee:c4 dest=10:bd:a3:b1:48:a8
[2026-09-26T15:15:20.999+00:00] I (251710) RouteLoomRef: RLD1 offer result state=0 expected_generation=16 observations=0 dropped=0
[2026-09-26T15:15:21.099+00:00] I (251867) RouteLoomRef: RLD1 rx kind=1 ch=6 generation=16 src=94:a9:90:7a:b5:60 dest=ff:ff:ff:ff:ff:ff
[2026-09-26T15:15:21.199+00:00] W (251992) ESPNOW: Peer exists. Please call API esp_now_mod_peer()!
[2026-09-26T15:15:24.106+00:00] I (254853) RouteLoomRef: member state=4 links=2 ends=1 authority=1/1 confirm=1 demux_drop=6
[2026-09-26T15:15:24.106+00:00] I (254854) RouteLoomRef: member handshake starts=20 requests=1 rejected=0 send_fail=4 established=2 failed=2 last_error=9 active=0
[2026-09-26T15:15:24.106+00:00] I (254854) RouteLoomRef: member end send_fail=2 established=1 failed=4 last_error=7
[2026-09-26T15:15:24.106+00:00] I (254855) RouteLoomRef: authority state=2 tx_sent=6 tx_failed=0 rx_accepted=1 rx_rejected=0 pull=0 busy=0 backoff_s=0
[2026-09-26T15:15:24.106+00:00] I (254855) RouteLoomRef: authority mesh tx_carrier=6 queued=6 shed=555 rx_carrier=2 denied=0 timeout=0
[2026-09-26T15:15:24.106+00:00] I (254856) RouteLoomRef: authority jobs accepted=4 failed=2 last=SESSION_UNAVAILABLE
[2026-09-26T15:15:24.106+00:00] I (254856) RouteLoomRef: member discovery rx=19 offer_tx=19 offer_rx=11 auth=2 kind_reject=0 capacity=0 send_fail=43
[2026-09-26T15:15:24.106+00:00] I (254856) RouteLoomRef: member scope raw=30 accepted=20 mac_reject=0 hint=0 generation=0 key_unavailable=0 budget=0
[2026-09-26T15:15:26.713+00:00] I (257518) RouteLoomRef: RLD1 rx kind=1 ch=6 generation=16 src=94:a9:90:7a:b5:60 dest=ff:ff:ff:ff:ff:ff
[2026-09-26T15:15:26.813+00:00] W (257612) ESPNOW: Peer exists. Please call API esp_now_mod_peer()!
[2026-09-26T15:15:29.119+00:00] I (259853) RouteLoomRef: member state=4 links=2 ends=1 authority=1/1 confirm=1 demux_drop=6
[2026-09-26T15:15:29.119+00:00] I (259854) RouteLoomRef: member handshake starts=21 requests=1 rejected=0 send_fail=4 established=2 failed=2 last_error=9 active=0
[2026-09-26T15:15:29.119+00:00] I (259854) RouteLoomRef: member end send_fail=2 established=1 failed=4 last_error=7
[2026-09-26T15:15:29.119+00:00] I (259855) RouteLoomRef: authority state=2 tx_sent=6 tx_failed=0 rx_accepted=1 rx_rejected=0 pull=0 busy=0 backoff_s=0
[2026-09-26T15:15:29.119+00:00] I (259855) RouteLoomRef: authority mesh tx_carrier=6 queued=6 shed=555 rx_carrier=2 denied=0 timeout=0
[2026-09-26T15:15:29.119+00:00] I (259856) RouteLoomRef: authority jobs accepted=4 failed=2 last=SESSION_UNAVAILABLE
[2026-09-26T15:15:29.119+00:00] I (259856) RouteLoomRef: member discovery rx=20 offer_tx=20 offer_rx=11 auth=2 kind_reject=0 capacity=0 send_fail=43
[2026-09-26T15:15:29.119+00:00] I (259856) RouteLoomRef: member scope raw=31 accepted=21 mac_reject=0 hint=0 generation=0 key_unavailable=0 budget=0
[2026-09-26T15:15:31.327+00:00] I (262074) RouteLoomRef: RLD1 rx kind=2 ch=6 generation=16 src=94:a9:90:6a:ee:c4 dest=10:bd:a3:b1:48:a8
[2026-09-26T15:15:31.327+00:00] I (262075) RouteLoomRef: RLD1 offer result state=0 expected_generation=16 observations=0 dropped=0
[2026-09-26T15:15:34.140+00:00] I (264853) RouteLoomRef: member state=4 links=2 ends=1 authority=1/1 confirm=1 demux_drop=6
[2026-09-26T15:15:34.140+00:00] I (264854) RouteLoomRef: member handshake starts=21 requests=1 rejected=0 send_fail=4 established=2 failed=2 last_error=9 active=0
[2026-09-26T15:15:34.140+00:00] I (264854) RouteLoomRef: member end send_fail=2 established=1 failed=4 last_error=7
[2026-09-26T15:15:34.140+00:00] I (264855) RouteLoomRef: authority state=2 tx_sent=6 tx_failed=0 rx_accepted=1 rx_rejected=0 pull=0 busy=0 backoff_s=0
[2026-09-26T15:15:34.140+00:00] I (264855) RouteLoomRef: authority mesh tx_carrier=6 queued=6 shed=555 rx_carrier=2 denied=0 timeout=0
[2026-09-26T15:15:34.140+00:00] I (264855) RouteLoomRef: authority jobs accepted=4 failed=2 last=SESSION_UNAVAILABLE
[2026-09-26T15:15:34.140+00:00] I (264856) RouteLoomRef: member discovery rx=20 offer_tx=20 offer_rx=12 auth=2 kind_reject=0 capacity=0 send_fail=43
[2026-09-26T15:15:34.140+00:00] I (264856) RouteLoomRef: member scope raw=32 accepted=21 mac_reject=0 hint=0 generation=0 key_unavailable=0 budget=0
[2026-09-26T15:15:37.852+00:00] I (268656) RouteLoomRef: RLD1 rx kind=1 ch=6 generation=16 src=94:a9:90:7a:b5:60 dest=ff:ff:ff:ff:ff:ff
[2026-09-26T15:15:37.952+00:00] W (268748) ESPNOW: Peer exists. Please call API esp_now_mod_peer()!
[2026-09-26T15:15:38.753+00:00] I (269484) RouteLoomRef: RLD1 rx kind=1 ch=6 generation=16 src=94:a9:90:7a:b5:60 dest=ff:ff:ff:ff:ff:ff
[2026-09-26T15:15:38.854+00:00] W (269616) ESPNOW: Peer exists. Please call API esp_now_mod_peer()!
[2026-09-26T15:15:39.054+00:00] I (269854) RouteLoomRef: member state=4 links=2 ends=1 authority=1/1 confirm=1 demux_drop=7
[2026-09-26T15:15:39.054+00:00] I (269855) RouteLoomRef: member handshake starts=23 requests=1 rejected=0 send_fail=4 established=2 failed=2 last_error=9 active=0
[2026-09-26T15:15:39.054+00:00] I (269855) RouteLoomRef: member end send_fail=2 established=1 failed=4 last_error=7
[2026-09-26T15:15:39.054+00:00] I (269856) RouteLoomRef: authority state=2 tx_sent=6 tx_failed=0 rx_accepted=1 rx_rejected=0 pull=0 busy=0 backoff_s=0
[2026-09-26T15:15:39.054+00:00] I (269856) RouteLoomRef: authority mesh tx_carrier=6 queued=6 shed=555 rx_carrier=2 denied=0 timeout=0
[2026-09-26T15:15:39.054+00:00] I (269856) RouteLoomRef: authority jobs accepted=4 failed=2 last=SESSION_UNAVAILABLE
[2026-09-26T15:15:39.054+00:00] I (269857) RouteLoomRef: member discovery rx=22 offer_tx=22 offer_rx=12 auth=2 kind_reject=0 capacity=0 send_fail=43
[2026-09-26T15:15:39.054+00:00] I (269857) RouteLoomRef: member scope raw=34 accepted=23 mac_reject=0 hint=0 generation=0 key_unavailable=0 budget=0
[2026-09-26T15:15:42.865+00:00] I (273616) RouteLoomRef: RLD1 rx kind=2 ch=6 generation=16 src=94:a9:90:7a:b5:60 dest=10:bd:a3:b1:48:a8
[2026-09-26T15:15:42.865+00:00] I (273617) RouteLoomRef: RLD1 offer result state=0 expected_generation=16 observations=0 dropped=0
[2026-09-26T15:15:42.865+00:00] I (273623) RouteLoomRef: discovery event=REDISCOVERY peer=2
[2026-09-26T15:15:42.865+00:00] W (273624) RouteLoomRef: diagnostic reason=REDISCOVERY peer=2 message=none
[2026-09-26T15:15:44.068+00:00] I (274855) RouteLoomRef: member state=4 links=2 ends=1 authority=1/1 confirm=1 demux_drop=8
[2026-09-26T15:15:44.068+00:00] I (274856) RouteLoomRef: member handshake starts=24 requests=1 rejected=0 send_fail=4 established=2 failed=2 last_error=9 active=0
[2026-09-26T15:15:44.068+00:00] I (274856) RouteLoomRef: member end send_fail=2 established=1 failed=4 last_error=7
[2026-09-26T15:15:44.068+00:00] I (274857) RouteLoomRef: authority state=2 tx_sent=6 tx_failed=0 rx_accepted=1 rx_rejected=0 pull=0 busy=0 backoff_s=0
[2026-09-26T15:15:44.068+00:00] I (274857) RouteLoomRef: authority mesh tx_carrier=6 queued=6 shed=555 rx_carrier=2 denied=0 timeout=0
[2026-09-26T15:15:44.068+00:00] I (274857) RouteLoomRef: authority jobs accepted=4 failed=2 last=SESSION_UNAVAILABLE
[2026-09-26T15:15:44.068+00:00] I (274858) RouteLoomRef: member discovery rx=22 offer_tx=22 offer_rx=13 auth=2 kind_reject=0 capacity=0 send_fail=44
[2026-09-26T15:15:44.068+00:00] I (274858) RouteLoomRef: member scope raw=35 accepted=24 mac_reject=0 hint=0 generation=0 key_unavailable=0 budget=0
[2026-09-26T15:15:45.271+00:00] I (276010) RouteLoomRef: RLD1 rx kind=2 ch=6 generation=16 src=94:a9:90:7a:b5:60 dest=10:bd:a3:b1:48:a8
[2026-09-26T15:15:45.271+00:00] I (276011) RouteLoomRef: RLD1 offer result state=0 expected_generation=16 observations=0 dropped=0
[2026-09-26T15:15:49.083+00:00] I (279856) RouteLoomRef: member state=4 links=2 ends=1 authority=1/1 confirm=1 demux_drop=8
[2026-09-26T15:15:49.083+00:00] I (279857) RouteLoomRef: member handshake starts=25 requests=1 rejected=0 send_fail=4 established=2 failed=2 last_error=9 active=0
[2026-09-26T15:15:49.083+00:00] I (279857) RouteLoomRef: member end send_fail=2 established=1 failed=4 last_error=7
[2026-09-26T15:15:49.083+00:00] I (279858) RouteLoomRef: authority state=2 tx_sent=6 tx_failed=0 rx_accepted=1 rx_rejected=0 pull=0 busy=0 backoff_s=0
[2026-09-26T15:15:49.083+00:00] I (279858) RouteLoomRef: authority mesh tx_carrier=6 queued=6 shed=555 rx_carrier=2 denied=0 timeout=0
[2026-09-26T15:15:49.083+00:00] I (279858) RouteLoomRef: authority jobs accepted=4 failed=2 last=SESSION_UNAVAILABLE
[2026-09-26T15:15:49.083+00:00] I (279859) RouteLoomRef: member discovery rx=22 offer_tx=22 offer_rx=14 auth=2 kind_reject=0 capacity=0 send_fail=44
[2026-09-26T15:15:49.083+00:00] I (279859) RouteLoomRef: member scope raw=36 accepted=25 mac_reject=0 hint=0 generation=0 key_unavailable=0 budget=0
[2026-09-26T15:15:54.095+00:00] I (284856) RouteLoomRef: member state=4 links=2 ends=1 authority=1/1 confirm=1 demux_drop=8
[2026-09-26T15:15:54.095+00:00] I (284857) RouteLoomRef: member handshake starts=25 requests=1 rejected=0 send_fail=4 established=2 failed=2 last_error=9 active=0
[2026-09-26T15:15:54.095+00:00] I (284857) RouteLoomRef: member end send_fail=2 established=1 failed=4 last_error=7
[2026-09-26T15:15:54.095+00:00] I (284858) RouteLoomRef: authority state=2 tx_sent=6 tx_failed=0 rx_accepted=1 rx_rejected=0 pull=0 busy=0 backoff_s=0
[2026-09-26T15:15:54.095+00:00] I (284858) RouteLoomRef: authority mesh tx_carrier=6 queued=6 shed=555 rx_carrier=2 denied=0 timeout=0
[2026-09-26T15:15:54.095+00:00] I (284858) RouteLoomRef: authority jobs accepted=4 failed=2 last=SESSION_UNAVAILABLE
[2026-09-26T15:15:54.095+00:00] I (284859) RouteLoomRef: member discovery rx=22 offer_tx=22 offer_rx=14 auth=2 kind_reject=0 capacity=0 send_fail=44
[2026-09-26T15:15:54.095+00:00] I (284859) RouteLoomRef: member scope raw=36 accepted=25 mac_reject=0 hint=0 generation=0 key_unavailable=0 budget=0
[2026-09-26T15:15:59.107+00:00] I (289856) RouteLoomRef: member state=4 links=2 ends=1 authority=1/1 confirm=1 demux_drop=8
[2026-09-26T15:15:59.107+00:00] I (289857) RouteLoomRef: member handshake starts=25 requests=1 rejected=0 send_fail=4 established=2 failed=2 last_error=9 active=0
[2026-09-26T15:15:59.107+00:00] I (289857) RouteLoomRef: member end send_fail=2 established=1 failed=4 last_error=7
[2026-09-26T15:15:59.107+00:00] I (289858) RouteLoomRef: authority state=2 tx_sent=6 tx_failed=0 rx_accepted=1 rx_rejected=0 pull=0 busy=0 backoff_s=0
[2026-09-26T15:15:59.107+00:00] I (289858) RouteLoomRef: authority mesh tx_carrier=6 queued=6 shed=555 rx_carrier=2 denied=0 timeout=0
[2026-09-26T15:15:59.107+00:00] I (289858) RouteLoomRef: authority jobs accepted=4 failed=2 last=SESSION_UNAVAILABLE
[2026-09-26T15:15:59.107+00:00] I (289859) RouteLoomRef: member discovery rx=22 offer_tx=22 offer_rx=14 auth=2 kind_reject=0 capacity=0 send_fail=44
[2026-09-26T15:15:59.107+00:00] I (289859) RouteLoomRef: member scope raw=36 accepted=25 mac_reject=0 hint=0 generation=0 key_unavailable=0 budget=0
[2026-09-26T15:16:04.121+00:00] I (294858) RouteLoomRef: member state=4 links=2 ends=1 authority=1/1 confirm=1 demux_drop=8
[2026-09-26T15:16:04.121+00:00] I (294859) RouteLoomRef: member handshake starts=25 requests=1 rejected=0 send_fail=4 established=2 failed=2 last_error=9 active=0
[2026-09-26T15:16:04.121+00:00] I (294859) RouteLoomRef: member end send_fail=2 established=1 failed=4 last_error=7
[2026-09-26T15:16:04.121+00:00] I (294860) RouteLoomRef: authority state=2 tx_sent=6 tx_failed=0 rx_accepted=1 rx_rejected=0 pull=0 busy=0 backoff_s=0
[2026-09-26T15:16:04.121+00:00] I (294860) RouteLoomRef: authority mesh tx_carrier=6 queued=6 shed=555 rx_carrier=2 denied=0 timeout=0
[2026-09-26T15:16:04.121+00:00] I (294860) RouteLoomRef: authority jobs accepted=4 failed=2 last=SESSION_UNAVAILABLE
[2026-09-26T15:16:04.121+00:00] I (294861) RouteLoomRef: member discovery rx=22 offer_tx=22 offer_rx=14 auth=2 kind_reject=0 capacity=0 send_fail=44
[2026-09-26T15:16:04.121+00:00] I (294861) RouteLoomRef: member scope raw=36 accepted=25 mac_reject=0 hint=0 generation=0 key_unavailable=0 budget=0
[2026-09-26T15:16:06.226+00:00] I (297015) RouteLoomRef: discovery event=REDISCOVERY peer=2
[2026-09-26T15:16:06.226+00:00] W (297016) RouteLoomRef: diagnostic reason=REDISCOVERY peer=2 message=none
[2026-09-26T15:16:06.727+00:00] I (297535) RouteLoomRef: RLD1 rx kind=1 ch=6 generation=16 src=94:a9:90:7a:b5:60 dest=ff:ff:ff:ff:ff:ff
[2026-09-26T15:16:06.827+00:00] W (297619) ESPNOW: Peer exists. Please call API esp_now_mod_peer()!
[2026-09-26T15:16:07.128+00:00] I (297898) RouteLoomRef: RLD1 rx kind=2 ch=6 generation=16 src=94:a9:90:6a:ee:c4 dest=10:bd:a3:b1:48:a8
[2026-09-26T15:16:07.128+00:00] I (297899) RouteLoomRef: RLD1 offer result state=0 expected_generation=16 observations=0 dropped=0
[2026-09-26T15:16:07.930+00:00] I (298691) RouteLoomRef: RLD1 rx kind=2 ch=6 generation=16 src=94:a9:90:6a:ee:c4 dest=10:bd:a3:b1:48:a8
[2026-09-26T15:16:07.930+00:00] I (298691) RouteLoomRef: RLD1 offer result state=0 expected_generation=16 observations=0 dropped=0
[2026-09-26T15:16:08.833+00:00] I (299636) RouteLoomRef: RLD1 rx kind=1 ch=6 generation=16 src=94:a9:90:7a:b5:60 dest=ff:ff:ff:ff:ff:ff
[2026-09-26T15:16:09.034+00:00] W (299759) ESPNOW: Peer exists. Please call API esp_now_mod_peer()!
[2026-09-26T15:16:09.134+00:00] I (299862) RouteLoomRef: member state=4 links=2 ends=1 authority=1/1 confirm=1 demux_drop=8
[2026-09-26T15:16:09.134+00:00] I (299862) RouteLoomRef: member handshake starts=27 requests=1 rejected=0 send_fail=4 established=2 failed=2 last_error=9 active=0
[2026-09-26T15:16:09.134+00:00] I (299863) RouteLoomRef: member end send_fail=2 established=1 failed=4 last_error=7
[2026-09-26T15:16:09.134+00:00] I (299863) RouteLoomRef: authority state=2 tx_sent=6 tx_failed=0 rx_accepted=1 rx_rejected=0 pull=0 busy=0 backoff_s=0
[2026-09-26T15:16:09.134+00:00] I (299863) RouteLoomRef: authority mesh tx_carrier=6 queued=6 shed=555 rx_carrier=2 denied=0 timeout=0
[2026-09-26T15:16:09.134+00:00] I (299864) RouteLoomRef: authority jobs accepted=4 failed=2 last=SESSION_UNAVAILABLE
[2026-09-26T15:16:09.134+00:00] I (299864) RouteLoomRef: member discovery rx=24 offer_tx=24 offer_rx=16 auth=2 kind_reject=0 capacity=0 send_fail=44
[2026-09-26T15:16:09.134+00:00] I (299864) RouteLoomRef: member scope raw=40 accepted=27 mac_reject=0 hint=0 generation=0 key_unavailable=0 budget=0
[2026-09-26T15:16:09.635+00:00] I (300418) RouteLoom: stack hwm main 7664 B
[2026-09-26T15:16:09.635+00:00] I (300418) RouteLoom: HIL HEAP free=106740 largest=90112 min=105492 B
[2026-09-26T15:16:09.635+00:00] I (300419) RouteLoom: HIL DISCOVERY candidates=1 neighbors=2 capacity=0 auth=2 stale=1 probes=31 send_failures=44 kind_rejects=0
[2026-09-26T15:16:09.635+00:00] I (300419) RouteLoom: HIL ROUTE peer=1 phase=5 via=1 metric=1 generation=323 seq=1
[2026-09-26T15:16:09.635+00:00] I (300420) RouteLoom: HIL ROUTE peer=2 phase=7 via=0 metric=0 generation=0 seq=0
[2026-09-26T15:16:09.635+00:00] I (300420) RouteLoom: HIL ROUTE peer=3 phase=-1 via=0 metric=0 generation=0 seq=0
[2026-09-26T15:16:12.141+00:00] I (302876) RouteLoomRef: RLD1 rx kind=2 ch=6 generation=16 src=94:a9:90:6a:ee:c4 dest=10:bd:a3:b1:48:a8
[2026-09-26T15:16:12.141+00:00] I (302876) RouteLoomRef: RLD1 offer result state=0 expected_generation=16 observations=0 dropped=0
[2026-09-26T15:16:14.146+00:00] I (304862) RouteLoomRef: member state=4 links=2 ends=1 authority=1/1 confirm=1 demux_drop=10
[2026-09-26T15:16:14.146+00:00] I (304863) RouteLoomRef: member handshake starts=27 requests=1 rejected=0 send_fail=4 established=2 failed=2 last_error=9 active=0
[2026-09-26T15:16:14.146+00:00] I (304863) RouteLoomRef: member end send_fail=2 established=1 failed=4 last_error=7
[2026-09-26T15:16:14.146+00:00] I (304864) RouteLoomRef: authority state=2 tx_sent=6 tx_failed=0 rx_accepted=1 rx_rejected=0 pull=0 busy=0 backoff_s=0
[2026-09-26T15:16:14.146+00:00] I (304864) RouteLoomRef: authority mesh tx_carrier=6 queued=6 shed=555 rx_carrier=2 denied=0 timeout=0
[2026-09-26T15:16:14.146+00:00] I (304864) RouteLoomRef: authority jobs accepted=4 failed=2 last=SESSION_UNAVAILABLE
[2026-09-26T15:16:14.146+00:00] I (304865) RouteLoomRef: member discovery rx=24 offer_tx=24 offer_rx=17 auth=2 kind_reject=0 capacity=0 send_fail=44
[2026-09-26T15:16:14.146+00:00] I (304865) RouteLoomRef: member scope raw=41 accepted=27 mac_reject=0 hint=0 generation=0 key_unavailable=0 budget=0
[2026-09-26T15:16:17.454+00:00] I (308172) RouteLoomRef: RLD1 rx kind=2 ch=6 generation=16 src=94:a9:90:6a:ee:c4 dest=10:bd:a3:b1:48:a8
[2026-09-26T15:16:17.454+00:00] I (308173) RouteLoomRef: RLD1 offer result state=0 expected_generation=16 observations=0 dropped=0
[2026-09-26T15:16:19.076+00:00] I (309862) RouteLoomRef: member state=4 links=2 ends=1 authority=1/1 confirm=1 demux_drop=10
[2026-09-26T15:16:19.076+00:00] I (309863) RouteLoomRef: member handshake starts=27 requests=1 rejected=0 send_fail=4 established=2 failed=2 last_error=9 active=0
[2026-09-26T15:16:19.076+00:00] I (309863) RouteLoomRef: member end send_fail=2 established=1 failed=4 last_error=7
[2026-09-26T15:16:19.076+00:00] I (309864) RouteLoomRef: authority state=2 tx_sent=6 tx_failed=0 rx_accepted=1 rx_rejected=0 pull=0 busy=0 backoff_s=0
[2026-09-26T15:16:19.076+00:00] I (309864) RouteLoomRef: authority mesh tx_carrier=6 queued=6 shed=555 rx_carrier=2 denied=0 timeout=0
[2026-09-26T15:16:19.076+00:00] I (309864) RouteLoomRef: authority jobs accepted=4 failed=2 last=SESSION_UNAVAILABLE
[2026-09-26T15:16:19.076+00:00] I (309865) RouteLoomRef: member discovery rx=24 offer_tx=24 offer_rx=18 auth=2 kind_reject=0 capacity=0 send_fail=44
[2026-09-26T15:16:19.076+00:00] I (309865) RouteLoomRef: member scope raw=42 accepted=27 mac_reject=0 hint=0 generation=0 key_unavailable=0 budget=0
[2026-09-26T15:16:24.088+00:00] I (314864) RouteLoomRef: member state=4 links=2 ends=1 authority=1/1 confirm=1 demux_drop=10
[2026-09-26T15:16:24.088+00:00] I (314865) RouteLoomRef: member handshake starts=27 requests=1 rejected=0 send_fail=4 established=2 failed=2 last_error=9 active=0
[2026-09-26T15:16:24.088+00:00] I (314865) RouteLoomRef: member end send_fail=2 established=1 failed=4 last_error=7
[2026-09-26T15:16:24.088+00:00] I (314866) RouteLoomRef: authority state=2 tx_sent=6 tx_failed=0 rx_accepted=1 rx_rejected=0 pull=0 busy=0 backoff_s=0
[2026-09-26T15:16:24.088+00:00] I (314866) RouteLoomRef: authority mesh tx_carrier=6 queued=6 shed=555 rx_carrier=2 denied=0 timeout=0
[2026-09-26T15:16:24.088+00:00] I (314866) RouteLoomRef: authority jobs accepted=4 failed=2 last=SESSION_UNAVAILABLE
[2026-09-26T15:16:24.088+00:00] I (314867) RouteLoomRef: member discovery rx=24 offer_tx=24 offer_rx=18 auth=2 kind_reject=0 capacity=0 send_fail=44
[2026-09-26T15:16:24.088+00:00] I (314867) RouteLoomRef: member scope raw=42 accepted=27 mac_reject=0 hint=0 generation=0 key_unavailable=0 budget=0
[2026-09-26T15:16:29.100+00:00] I (319866) RouteLoomRef: member state=4 links=2 ends=1 authority=1/1 confirm=1 demux_drop=10
[2026-09-26T15:16:29.100+00:00] I (319867) RouteLoomRef: member handshake starts=27 requests=1 rejected=0 send_fail=4 established=2 failed=2 last_error=9 active=0
[2026-09-26T15:16:29.100+00:00] I (319867) RouteLoomRef: member end send_fail=2 established=1 failed=4 last_error=7
[2026-09-26T15:16:29.100+00:00] I (319868) RouteLoomRef: authority state=2 tx_sent=6 tx_failed=0 rx_accepted=1 rx_rejected=0 pull=0 busy=0 backoff_s=0
[2026-09-26T15:16:29.100+00:00] I (319868) RouteLoomRef: authority mesh tx_carrier=6 queued=6 shed=555 rx_carrier=2 denied=0 timeout=0
[2026-09-26T15:16:29.100+00:00] I (319868) RouteLoomRef: authority jobs accepted=4 failed=2 last=SESSION_UNAVAILABLE
[2026-09-26T15:16:29.100+00:00] I (319869) RouteLoomRef: member discovery rx=24 offer_tx=24 offer_rx=18 auth=2 kind_reject=0 capacity=0 send_fail=44
[2026-09-26T15:16:29.100+00:00] I (319869) RouteLoomRef: member scope raw=42 accepted=27 mac_reject=0 hint=0 generation=0 key_unavailable=0 budget=0
[2026-09-26T15:16:30.002+00:00] I (320810) RouteLoomRef: RLD1 rx kind=1 ch=6 generation=16 src=10:bd:a3:b1:47:54 dest=ff:ff:ff:ff:ff:ff
[2026-09-26T15:16:34.110+00:00] I (324868) RouteLoomRef: member state=4 links=2 ends=1 authority=1/1 confirm=1 demux_drop=10
[2026-09-26T15:16:34.110+00:00] I (324869) RouteLoomRef: member handshake starts=27 requests=1 rejected=0 send_fail=4 established=2 failed=2 last_error=9 active=0
[2026-09-26T15:16:34.110+00:00] I (324869) RouteLoomRef: member end send_fail=2 established=1 failed=4 last_error=7
[2026-09-26T15:16:34.110+00:00] I (324870) RouteLoomRef: authority state=2 tx_sent=6 tx_failed=0 rx_accepted=1 rx_rejected=0 pull=0 busy=0 backoff_s=0
[2026-09-26T15:16:34.110+00:00] I (324870) RouteLoomRef: authority mesh tx_carrier=6 queued=6 shed=555 rx_carrier=2 denied=0 timeout=0
[2026-09-26T15:16:34.110+00:00] I (324870) RouteLoomRef: authority jobs accepted=4 failed=2 last=SESSION_UNAVAILABLE
[2026-09-26T15:16:34.110+00:00] I (324871) RouteLoomRef: member discovery rx=24 offer_tx=24 offer_rx=18 auth=2 kind_reject=0 capacity=0 send_fail=44
[2026-09-26T15:16:34.110+00:00] I (324871) RouteLoomRef: member scope raw=42 accepted=27 mac_reject=0 hint=0 generation=0 key_unavailable=0 budget=0
[2026-09-26T15:16:38.518+00:00] W (329264) RouteLoomRef: diagnostic reason=RX_CONTEXT_CHANGED peer=2 message=present
[2026-09-26T15:16:39.119+00:00] I (329870) RouteLoomRef: member state=4 links=2 ends=1 authority=1/1 confirm=1 demux_drop=10
[2026-09-26T15:16:39.119+00:00] I (329871) RouteLoomRef: member handshake starts=27 requests=1 rejected=0 send_fail=4 established=2 failed=2 last_error=9 active=0
[2026-09-26T15:16:39.119+00:00] I (329871) RouteLoomRef: member end send_fail=2 established=1 failed=4 last_error=7
[2026-09-26T15:16:39.119+00:00] I (329872) RouteLoomRef: authority state=2 tx_sent=6 tx_failed=0 rx_accepted=1 rx_rejected=0 pull=0 busy=0 backoff_s=0
[2026-09-26T15:16:39.119+00:00] I (329872) RouteLoomRef: authority mesh tx_carrier=6 queued=6 shed=555 rx_carrier=2 denied=0 timeout=0
[2026-09-26T15:16:39.119+00:00] I (329872) RouteLoomRef: authority jobs accepted=4 failed=2 last=SESSION_UNAVAILABLE
[2026-09-26T15:16:39.119+00:00] I (329873) RouteLoomRef: member discovery rx=24 offer_tx=24 offer_rx=18 auth=2 kind_reject=0 capacity=0 send_fail=44
[2026-09-26T15:16:39.119+00:00] I (329873) RouteLoomRef: member scope raw=42 accepted=27 mac_reject=0 hint=0 generation=0 key_unavailable=0 budget=0
[2026-09-26T15:16:44.131+00:00] I (334871) RouteLoomRef: member state=4 links=2 ends=1 authority=1/1 confirm=1 demux_drop=10
[2026-09-26T15:16:44.131+00:00] I (334872) RouteLoomRef: member handshake starts=27 requests=1 rejected=0 send_fail=4 established=2 failed=2 last_error=9 active=0
[2026-09-26T15:16:44.131+00:00] I (334872) RouteLoomRef: member end send_fail=2 established=1 failed=4 last_error=7
[2026-09-26T15:16:44.131+00:00] I (334873) RouteLoomRef: authority state=2 tx_sent=6 tx_failed=0 rx_accepted=1 rx_rejected=0 pull=0 busy=0 backoff_s=0
[2026-09-26T15:16:44.131+00:00] I (334873) RouteLoomRef: authority mesh tx_carrier=6 queued=6 shed=555 rx_carrier=2 denied=0 timeout=0
[2026-09-26T15:16:44.131+00:00] I (334873) RouteLoomRef: authority jobs accepted=4 failed=2 last=SESSION_UNAVAILABLE
[2026-09-26T15:16:44.131+00:00] I (334874) RouteLoomRef: member discovery rx=24 offer_tx=24 offer_rx=18 auth=2 kind_reject=0 capacity=0 send_fail=44
[2026-09-26T15:16:44.131+00:00] I (334874) RouteLoomRef: member scope raw=42 accepted=27 mac_reject=0 hint=0 generation=0 key_unavailable=0 budget=0
[2026-09-26T15:16:49.145+00:00] I (339872) RouteLoomRef: member state=4 links=2 ends=1 authority=1/1 confirm=1 demux_drop=10
[2026-09-26T15:16:49.145+00:00] I (339873) RouteLoomRef: member handshake starts=27 requests=1 rejected=0 send_fail=4 established=2 failed=2 last_error=9 active=0
[2026-09-26T15:16:49.145+00:00] I (339873) RouteLoomRef: member end send_fail=2 established=1 failed=4 last_error=7
[2026-09-26T15:16:49.145+00:00] I (339874) RouteLoomRef: authority state=2 tx_sent=6 tx_failed=0 rx_accepted=1 rx_rejected=0 pull=0 busy=0 backoff_s=0
[2026-09-26T15:16:49.145+00:00] I (339874) RouteLoomRef: authority mesh tx_carrier=6 queued=6 shed=555 rx_carrier=2 denied=0 timeout=0
[2026-09-26T15:16:49.145+00:00] I (339874) RouteLoomRef: authority jobs accepted=4 failed=2 last=SESSION_UNAVAILABLE
[2026-09-26T15:16:49.145+00:00] I (339875) RouteLoomRef: member discovery rx=24 offer_tx=24 offer_rx=18 auth=2 kind_reject=0 capacity=0 send_fail=44
[2026-09-26T15:16:49.145+00:00] I (339875) RouteLoomRef: member scope raw=42 accepted=27 mac_reject=0 hint=0 generation=0 key_unavailable=0 budget=0
[2026-09-26T15:16:53.058+00:00] I (343801) RouteLoomRef: discovery event=REDISCOVERY peer=2
[2026-09-26T15:16:53.058+00:00] W (343802) RouteLoomRef: diagnostic reason=REDISCOVERY peer=2 message=none
[2026-09-26T15:16:53.158+00:00] I (343886) RouteLoomRef: RLD1 rx kind=2 ch=6 generation=16 src=94:a9:90:6a:ee:c4 dest=10:bd:a3:b1:48:a8
[2026-09-26T15:16:53.158+00:00] I (343886) RouteLoomRef: RLD1 offer result state=0 expected_generation=16 observations=0 dropped=0
[2026-09-26T15:16:54.161+00:00] I (344872) RouteLoomRef: member state=4 links=2 ends=1 authority=1/1 confirm=1 demux_drop=10
[2026-09-26T15:16:54.161+00:00] I (344873) RouteLoomRef: member handshake starts=27 requests=1 rejected=0 send_fail=4 established=2 failed=2 last_error=9 active=0
[2026-09-26T15:16:54.161+00:00] I (344873) RouteLoomRef: member end send_fail=2 established=1 failed=4 last_error=7
[2026-09-26T15:16:54.161+00:00] I (344874) RouteLoomRef: authority state=2 tx_sent=6 tx_failed=0 rx_accepted=1 rx_rejected=0 pull=0 busy=0 backoff_s=0
[2026-09-26T15:16:54.161+00:00] I (344874) RouteLoomRef: authority mesh tx_carrier=6 queued=6 shed=555 rx_carrier=2 denied=0 timeout=0
[2026-09-26T15:16:54.161+00:00] I (344874) RouteLoomRef: authority jobs accepted=4 failed=2 last=SESSION_UNAVAILABLE
[2026-09-26T15:16:54.161+00:00] I (344875) RouteLoomRef: member discovery rx=24 offer_tx=24 offer_rx=19 auth=2 kind_reject=0 capacity=0 send_fail=44
[2026-09-26T15:16:54.161+00:00] I (344875) RouteLoomRef: member scope raw=43 accepted=27 mac_reject=0 hint=0 generation=0 key_unavailable=0 budget=0
[2026-09-26T15:16:54.161+00:00] I (344899) RouteLoomRef: RLD1 rx kind=2 ch=6 generation=16 src=94:a9:90:6a:ee:c4 dest=10:bd:a3:b1:48:a8
[2026-09-26T15:16:54.161+00:00] I (344899) RouteLoomRef: RLD1 offer result state=0 expected_generation=16 observations=0 dropped=0
[2026-09-26T15:16:54.261+00:00] I (344977) RouteLoomRef: RLD1 rx kind=2 ch=6 generation=16 src=94:a9:90:7a:b5:60 dest=10:bd:a3:b1:48:a8
[2026-09-26T15:16:54.261+00:00] I (344978) RouteLoomRef: RLD1 offer result state=0 expected_generation=16 observations=0 dropped=0
[2026-09-26T15:16:54.261+00:00] W (344990) ESPNOW: Peer exists. Please call API esp_now_mod_peer()!
[2026-09-26T15:16:54.261+00:00] W (345021) ESPNOW: Peer exists. Please call API esp_now_mod_peer()!
[2026-09-26T15:16:54.261+00:00] W (345043) RouteLoomRef: diagnostic reason=RX_CONTEXT_CHANGED peer=2 message=present
[2026-09-26T15:16:54.261+00:00] I (345063) RouteLoomRef: discovery event=REACHABLE peer=2
[2026-09-26T15:16:54.261+00:00] W (345064) RouteLoomRef: diagnostic reason=REACHABLE peer=2 message=none
[2026-09-26T15:16:59.078+00:00] I (349874) RouteLoomRef: member state=4 links=2 ends=1 authority=1/1 confirm=1 demux_drop=10
[2026-09-26T15:16:59.078+00:00] I (349875) RouteLoomRef: member handshake starts=28 requests=2 rejected=0 send_fail=4 established=3 failed=2 last_error=9 active=0
[2026-09-26T15:16:59.078+00:00] I (349875) RouteLoomRef: member end send_fail=2 established=1 failed=4 last_error=7
[2026-09-26T15:16:59.078+00:00] I (349876) RouteLoomRef: authority state=2 tx_sent=6 tx_failed=0 rx_accepted=1 rx_rejected=0 pull=0 busy=0 backoff_s=0
[2026-09-26T15:16:59.078+00:00] I (349876) RouteLoomRef: authority mesh tx_carrier=6 queued=6 shed=555 rx_carrier=2 denied=0 timeout=0
[2026-09-26T15:16:59.078+00:00] I (349876) RouteLoomRef: authority jobs accepted=4 failed=2 last=SESSION_UNAVAILABLE
[2026-09-26T15:16:59.078+00:00] I (349877) RouteLoomRef: member discovery rx=24 offer_tx=24 offer_rx=21 auth=3 kind_reject=0 capacity=0 send_fail=45
[2026-09-26T15:16:59.078+00:00] I (349877) RouteLoomRef: member scope raw=45 accepted=28 mac_reject=0 hint=0 generation=0 key_unavailable=0 budget=0
[2026-09-26T15:17:04.090+00:00] I (354874) RouteLoomRef: member state=4 links=2 ends=1 authority=1/1 confirm=1 demux_drop=10
[2026-09-26T15:17:04.090+00:00] I (354875) RouteLoomRef: member handshake starts=28 requests=2 rejected=0 send_fail=4 established=3 failed=2 last_error=9 active=0
[2026-09-26T15:17:04.090+00:00] I (354875) RouteLoomRef: member end send_fail=2 established=1 failed=4 last_error=7
[2026-09-26T15:17:04.090+00:00] I (354876) RouteLoomRef: authority state=2 tx_sent=6 tx_failed=0 rx_accepted=1 rx_rejected=0 pull=0 busy=0 backoff_s=0
[2026-09-26T15:17:04.090+00:00] I (354876) RouteLoomRef: authority mesh tx_carrier=6 queued=6 shed=555 rx_carrier=2 denied=0 timeout=0
[2026-09-26T15:17:04.091+00:00] I (354876) RouteLoomRef: authority jobs accepted=4 failed=2 last=SESSION_UNAVAILABLE
[2026-09-26T15:17:04.091+00:00] I (354877) RouteLoomRef: member discovery rx=24 offer_tx=24 offer_rx=21 auth=3 kind_reject=0 capacity=0 send_fail=45
[2026-09-26T15:17:04.091+00:00] I (354877) RouteLoomRef: member scope raw=45 accepted=28 mac_reject=0 hint=0 generation=0 key_unavailable=0 budget=0
[2026-09-26T15:17:09.107+00:00] I (359874) RouteLoomRef: member state=4 links=2 ends=1 authority=1/1 confirm=1 demux_drop=10
[2026-09-26T15:17:09.107+00:00] I (359875) RouteLoomRef: member handshake starts=28 requests=2 rejected=0 send_fail=4 established=3 failed=2 last_error=9 active=0
[2026-09-26T15:17:09.107+00:00] I (359875) RouteLoomRef: member end send_fail=2 established=1 failed=4 last_error=7
[2026-09-26T15:17:09.107+00:00] I (359876) RouteLoomRef: authority state=2 tx_sent=6 tx_failed=0 rx_accepted=1 rx_rejected=0 pull=0 busy=0 backoff_s=0
[2026-09-26T15:17:09.107+00:00] I (359876) RouteLoomRef: authority mesh tx_carrier=6 queued=6 shed=555 rx_carrier=2 denied=0 timeout=0
[2026-09-26T15:17:09.107+00:00] I (359876) RouteLoomRef: authority jobs accepted=4 failed=2 last=SESSION_UNAVAILABLE
[2026-09-26T15:17:09.107+00:00] I (359877) RouteLoomRef: member discovery rx=24 offer_tx=24 offer_rx=21 auth=3 kind_reject=0 capacity=0 send_fail=45
[2026-09-26T15:17:09.107+00:00] I (359877) RouteLoomRef: member scope raw=45 accepted=28 mac_reject=0 hint=0 generation=0 key_unavailable=0 budget=0
[2026-09-26T15:17:09.708+00:00] I (360420) RouteLoom: stack hwm main 7664 B
[2026-09-26T15:17:09.708+00:00] I (360420) RouteLoom: HIL HEAP free=106684 largest=90112 min=105492 B
[2026-09-26T15:17:09.708+00:00] I (360421) RouteLoom: HIL DISCOVERY candidates=0 neighbors=2 capacity=0 auth=3 stale=1 probes=37 send_failures=45 kind_rejects=0
[2026-09-26T15:17:09.708+00:00] I (360421) RouteLoom: HIL ROUTE peer=1 phase=5 via=1 metric=1 generation=323 seq=1
[2026-09-26T15:17:09.708+00:00] I (360421) RouteLoom: HIL ROUTE peer=2 phase=5 via=2 metric=1 generation=313 seq=2
[2026-09-26T15:17:09.708+00:00] I (360422) RouteLoom: HIL ROUTE peer=3 phase=-1 via=0 metric=0 generation=0 seq=0
[2026-09-26T15:17:14.123+00:00] I (364875) RouteLoomRef: member state=4 links=2 ends=1 authority=1/1 confirm=1 demux_drop=10
[2026-09-26T15:17:14.123+00:00] I (364876) RouteLoomRef: member handshake starts=28 requests=2 rejected=0 send_fail=4 established=3 failed=2 last_error=9 active=0
[2026-09-26T15:17:14.123+00:00] I (364876) RouteLoomRef: member end send_fail=2 established=1 failed=4 last_error=7
[2026-09-26T15:17:14.123+00:00] I (364877) RouteLoomRef: authority state=2 tx_sent=6 tx_failed=0 rx_accepted=1 rx_rejected=0 pull=0 busy=0 backoff_s=0
[2026-09-26T15:17:14.123+00:00] I (364877) RouteLoomRef: authority mesh tx_carrier=6 queued=6 shed=555 rx_carrier=2 denied=0 timeout=0
[2026-09-26T15:17:14.123+00:00] I (364877) RouteLoomRef: authority jobs accepted=4 failed=2 last=SESSION_UNAVAILABLE
[2026-09-26T15:17:14.123+00:00] I (364878) RouteLoomRef: member discovery rx=24 offer_tx=24 offer_rx=21 auth=3 kind_reject=0 capacity=0 send_fail=45
[2026-09-26T15:17:14.123+00:00] I (364878) RouteLoomRef: member scope raw=45 accepted=28 mac_reject=0 hint=0 generation=0 key_unavailable=0 budget=0
[2026-09-26T15:17:19.137+00:00] I (369877) RouteLoomRef: member state=4 links=2 ends=1 authority=1/1 confirm=1 demux_drop=10
[2026-09-26T15:17:19.137+00:00] I (369878) RouteLoomRef: member handshake starts=28 requests=2 rejected=0 send_fail=4 established=3 failed=2 last_error=9 active=0
[2026-09-26T15:17:19.137+00:00] I (369878) RouteLoomRef: member end send_fail=2 established=1 failed=4 last_error=7
[2026-09-26T15:17:19.137+00:00] I (369879) RouteLoomRef: authority state=2 tx_sent=6 tx_failed=0 rx_accepted=1 rx_rejected=0 pull=0 busy=0 backoff_s=0
[2026-09-26T15:17:19.137+00:00] I (369879) RouteLoomRef: authority mesh tx_carrier=6 queued=6 shed=555 rx_carrier=2 denied=0 timeout=0
[2026-09-26T15:17:19.137+00:00] I (369879) RouteLoomRef: authority jobs accepted=4 failed=2 last=SESSION_UNAVAILABLE
[2026-09-26T15:17:19.137+00:00] I (369880) RouteLoomRef: member discovery rx=24 offer_tx=24 offer_rx=21 auth=3 kind_reject=0 capacity=0 send_fail=45
[2026-09-26T15:17:19.137+00:00] I (369880) RouteLoomRef: member scope raw=45 accepted=28 mac_reject=0 hint=0 generation=0 key_unavailable=0 budget=0
[2026-09-26T15:17:24.149+00:00] I (374877) RouteLoomRef: member state=4 links=2 ends=1 authority=1/1 confirm=1 demux_drop=10
[2026-09-26T15:17:24.150+00:00] I (374878) RouteLoomRef: member handshake starts=28 requests=2 rejected=0 send_fail=4 established=3 failed=2 last_error=9 active=0
[2026-09-26T15:17:24.150+00:00] I (374878) RouteLoomRef: member end send_fail=2 established=1 failed=4 last_error=7
[2026-09-26T15:17:24.150+00:00] I (374879) RouteLoomRef: authority state=2 tx_sent=6 tx_failed=0 rx_accepted=1 rx_rejected=0 pull=0 busy=0 backoff_s=0
[2026-09-26T15:17:24.150+00:00] I (374879) RouteLoomRef: authority mesh tx_carrier=6 queued=6 shed=555 rx_carrier=2 denied=0 timeout=0
[2026-09-26T15:17:24.150+00:00] I (374879) RouteLoomRef: authority jobs accepted=4 failed=2 last=SESSION_UNAVAILABLE
[2026-09-26T15:17:24.150+00:00] I (374880) RouteLoomRef: member discovery rx=24 offer_tx=24 offer_rx=21 auth=3 kind_reject=0 capacity=0 send_fail=45
[2026-09-26T15:17:24.150+00:00] I (374880) RouteLoomRef: member scope raw=45 accepted=28 mac_reject=0 hint=0 generation=0 key_unavailable=0 budget=0
[2026-09-26T15:17:29.165+00:00] I (379878) RouteLoomRef: member state=4 links=2 ends=1 authority=1/1 confirm=1 demux_drop=10
[2026-09-26T15:17:29.165+00:00] I (379879) RouteLoomRef: member handshake starts=28 requests=2 rejected=0 send_fail=4 established=3 failed=2 last_error=9 active=0
[2026-09-26T15:17:29.165+00:00] I (379879) RouteLoomRef: member end send_fail=2 established=1 failed=4 last_error=7
[2026-09-26T15:17:29.165+00:00] I (379880) RouteLoomRef: authority state=2 tx_sent=6 tx_failed=0 rx_accepted=1 rx_rejected=0 pull=0 busy=0 backoff_s=0
[2026-09-26T15:17:29.165+00:00] I (379880) RouteLoomRef: authority mesh tx_carrier=6 queued=6 shed=555 rx_carrier=2 denied=0 timeout=0
[2026-09-26T15:17:29.165+00:00] I (379880) RouteLoomRef: authority jobs accepted=4 failed=2 last=SESSION_UNAVAILABLE
[2026-09-26T15:17:29.165+00:00] I (379881) RouteLoomRef: member discovery rx=24 offer_tx=24 offer_rx=21 auth=3 kind_reject=0 capacity=0 send_fail=45
[2026-09-26T15:17:29.165+00:00] I (379881) RouteLoomRef: member scope raw=45 accepted=28 mac_reject=0 hint=0 generation=0 key_unavailable=0 budget=0
[2026-09-26T15:17:34.078+00:00] I (384879) RouteLoomRef: member state=4 links=2 ends=1 authority=1/1 confirm=1 demux_drop=10
[2026-09-26T15:17:34.078+00:00] I (384880) RouteLoomRef: member handshake starts=28 requests=2 rejected=0 send_fail=4 established=3 failed=2 last_error=9 active=0
[2026-09-26T15:17:34.078+00:00] I (384880) RouteLoomRef: member end send_fail=2 established=1 failed=4 last_error=7
[2026-09-26T15:17:34.078+00:00] I (384881) RouteLoomRef: authority state=2 tx_sent=6 tx_failed=0 rx_accepted=1 rx_rejected=0 pull=0 busy=0 backoff_s=0
[2026-09-26T15:17:34.078+00:00] I (384881) RouteLoomRef: authority mesh tx_carrier=6 queued=6 shed=555 rx_carrier=2 denied=0 timeout=0
[2026-09-26T15:17:34.078+00:00] I (384881) RouteLoomRef: authority jobs accepted=4 failed=2 last=SESSION_UNAVAILABLE
[2026-09-26T15:17:34.078+00:00] I (384882) RouteLoomRef: member discovery rx=24 offer_tx=24 offer_rx=21 auth=3 kind_reject=0 capacity=0 send_fail=45
[2026-09-26T15:17:34.078+00:00] I (384882) RouteLoomRef: member scope raw=45 accepted=28 mac_reject=0 hint=0 generation=0 key_unavailable=0 budget=0
[2026-09-26T15:17:38.788+00:00] I (389508) RouteLoomRef: RLD1 rx kind=1 ch=6 generation=16 src=94:a9:90:7a:b5:60 dest=ff:ff:ff:ff:ff:ff
[2026-09-26T15:17:39.089+00:00] I (389881) RouteLoomRef: member state=4 links=2 ends=1 authority=1/1 confirm=1 demux_drop=10
[2026-09-26T15:17:39.089+00:00] I (389882) RouteLoomRef: member handshake starts=29 requests=2 rejected=0 send_fail=4 established=3 failed=2 last_error=9 active=0
[2026-09-26T15:17:39.089+00:00] I (389883) RouteLoomRef: member end send_fail=2 established=1 failed=4 last_error=7
[2026-09-26T15:17:39.089+00:00] I (389883) RouteLoomRef: authority state=2 tx_sent=6 tx_failed=0 rx_accepted=1 rx_rejected=0 pull=0 busy=0 backoff_s=0
[2026-09-26T15:17:39.089+00:00] I (389883) RouteLoomRef: authority mesh tx_carrier=6 queued=6 shed=555 rx_carrier=2 denied=0 timeout=0
[2026-09-26T15:17:39.089+00:00] I (389883) RouteLoomRef: authority jobs accepted=4 failed=2 last=SESSION_UNAVAILABLE
[2026-09-26T15:17:39.089+00:00] I (389884) RouteLoomRef: member discovery rx=25 offer_tx=25 offer_rx=21 auth=3 kind_reject=0 capacity=0 send_fail=45
[2026-09-26T15:17:39.089+00:00] I (389884) RouteLoomRef: member scope raw=46 accepted=29 mac_reject=0 hint=0 generation=0 key_unavailable=0 budget=0
[2026-09-26T15:17:41.694+00:00] I (392432) RouteLoomRef: RLD1 rx kind=1 ch=6 generation=16 src=10:bd:a3:b1:47:54 dest=ff:ff:ff:ff:ff:ff
[2026-09-26T15:17:44.098+00:00] I (394883) RouteLoomRef: member state=4 links=2 ends=1 authority=1/1 confirm=1 demux_drop=10
[2026-09-26T15:17:44.098+00:00] I (394884) RouteLoomRef: member handshake starts=30 requests=2 rejected=0 send_fail=4 established=3 failed=2 last_error=9 active=0
[2026-09-26T15:17:44.098+00:00] I (394884) RouteLoomRef: member end send_fail=2 established=1 failed=4 last_error=7
[2026-09-26T15:17:44.098+00:00] I (394885) RouteLoomRef: authority state=2 tx_sent=6 tx_failed=0 rx_accepted=1 rx_rejected=0 pull=0 busy=0 backoff_s=0
[2026-09-26T15:17:44.098+00:00] I (394885) RouteLoomRef: authority mesh tx_carrier=6 queued=6 shed=555 rx_carrier=2 denied=0 timeout=0
[2026-09-26T15:17:44.098+00:00] I (394885) RouteLoomRef: authority jobs accepted=4 failed=2 last=SESSION_UNAVAILABLE
[2026-09-26T15:17:44.098+00:00] I (394886) RouteLoomRef: member discovery rx=26 offer_tx=26 offer_rx=21 auth=3 kind_reject=0 capacity=0 send_fail=45
[2026-09-26T15:17:44.098+00:00] I (394886) RouteLoomRef: member scope raw=47 accepted=30 mac_reject=0 hint=0 generation=0 key_unavailable=0 budget=0
[2026-09-26T15:17:46.302+00:00] I (397094) RouteLoomRef: discovery event=STALE peer=2
[2026-09-26T15:17:46.302+00:00] W (397094) RouteLoomRef: diagnostic reason=STALE peer=2 message=none
[2026-09-26T15:17:48.306+00:00] I (399094) RouteLoomRef: discovery event=REDISCOVERY peer=2
[2026-09-26T15:17:48.306+00:00] W (399095) RouteLoomRef: diagnostic reason=REDISCOVERY peer=2 message=none
[2026-09-26T15:17:49.108+00:00] I (399885) RouteLoomRef: member state=4 links=2 ends=1 authority=1/1 confirm=1 demux_drop=10
[2026-09-26T15:17:49.108+00:00] I (399886) RouteLoomRef: member handshake starts=30 requests=2 rejected=0 send_fail=4 established=3 failed=2 last_error=9 active=0
[2026-09-26T15:17:49.108+00:00] I (399886) RouteLoomRef: member end send_fail=2 established=1 failed=4 last_error=7
[2026-09-26T15:17:49.108+00:00] I (399887) RouteLoomRef: authority state=2 tx_sent=6 tx_failed=0 rx_accepted=1 rx_rejected=0 pull=0 busy=0 backoff_s=0
[2026-09-26T15:17:49.108+00:00] I (399887) RouteLoomRef: authority mesh tx_carrier=6 queued=6 shed=555 rx_carrier=2 denied=0 timeout=0
[2026-09-26T15:17:49.108+00:00] I (399887) RouteLoomRef: authority jobs accepted=4 failed=2 last=SESSION_UNAVAILABLE
[2026-09-26T15:17:49.108+00:00] I (399888) RouteLoomRef: member discovery rx=26 offer_tx=26 offer_rx=21 auth=3 kind_reject=0 capacity=0 send_fail=45
[2026-09-26T15:17:49.108+00:00] I (399888) RouteLoomRef: member scope raw=47 accepted=30 mac_reject=0 hint=0 generation=0 key_unavailable=0 budget=0
[2026-09-26T15:17:53.116+00:00] I (403879) RouteLoomRef: RLD1 rx kind=2 ch=6 generation=16 src=10:bd:a3:b1:47:54 dest=10:bd:a3:b1:48:a8
[2026-09-26T15:17:53.116+00:00] I (403879) RouteLoomRef: RLD1 offer result state=0 expected_generation=16 observations=0 dropped=0
[2026-09-26T15:17:54.119+00:00] I (404887) RouteLoomRef: member state=4 links=2 ends=1 authority=1/1 confirm=1 demux_drop=10
[2026-09-26T15:17:54.119+00:00] I (404888) RouteLoomRef: member handshake starts=30 requests=2 rejected=0 send_fail=4 established=3 failed=2 last_error=9 active=0
[2026-09-26T15:17:54.119+00:00] I (404888) RouteLoomRef: member end send_fail=2 established=1 failed=4 last_error=7
[2026-09-26T15:17:54.119+00:00] I (404889) RouteLoomRef: authority state=2 tx_sent=6 tx_failed=0 rx_accepted=1 rx_rejected=0 pull=0 busy=0 backoff_s=0
[2026-09-26T15:17:54.119+00:00] I (404889) RouteLoomRef: authority mesh tx_carrier=6 queued=6 shed=555 rx_carrier=2 denied=0 timeout=0
[2026-09-26T15:17:54.119+00:00] I (404889) RouteLoomRef: authority jobs accepted=4 failed=2 last=SESSION_UNAVAILABLE
[2026-09-26T15:17:54.119+00:00] I (404890) RouteLoomRef: member discovery rx=26 offer_tx=26 offer_rx=22 auth=3 kind_reject=0 capacity=0 send_fail=45
[2026-09-26T15:17:54.119+00:00] I (404890) RouteLoomRef: member scope raw=48 accepted=30 mac_reject=0 hint=0 generation=0 key_unavailable=0 budget=0
[2026-09-26T15:17:59.138+00:00] I (409888) RouteLoomRef: member state=4 links=2 ends=1 authority=1/1 confirm=1 demux_drop=10
[2026-09-26T15:17:59.138+00:00] I (409889) RouteLoomRef: member handshake starts=30 requests=2 rejected=0 send_fail=4 established=3 failed=2 last_error=9 active=0
[2026-09-26T15:17:59.138+00:00] I (409889) RouteLoomRef: member end send_fail=2 established=1 failed=4 last_error=7
[2026-09-26T15:17:59.138+00:00] I (409890) RouteLoomRef: authority state=2 tx_sent=6 tx_failed=0 rx_accepted=1 rx_rejected=0 pull=0 busy=0 backoff_s=0
[2026-09-26T15:17:59.138+00:00] I (409890) RouteLoomRef: authority mesh tx_carrier=6 queued=6 shed=555 rx_carrier=2 denied=0 timeout=0
[2026-09-26T15:17:59.138+00:00] I (409890) RouteLoomRef: authority jobs accepted=4 failed=2 last=SESSION_UNAVAILABLE
[2026-09-26T15:17:59.138+00:00] I (409891) RouteLoomRef: member discovery rx=26 offer_tx=26 offer_rx=22 auth=3 kind_reject=0 capacity=0 send_fail=45
[2026-09-26T15:17:59.138+00:00] I (409891) RouteLoomRef: member scope raw=48 accepted=30 mac_reject=0 hint=0 generation=0 key_unavailable=0 budget=0
[2026-09-26T15:18:04.153+00:00] I (414890) RouteLoomRef: member state=4 links=2 ends=1 authority=1/1 confirm=1 demux_drop=10
[2026-09-26T15:18:04.153+00:00] I (414891) RouteLoomRef: member handshake starts=30 requests=2 rejected=0 send_fail=4 established=3 failed=2 last_error=9 active=0
[2026-09-26T15:18:04.153+00:00] I (414891) RouteLoomRef: member end send_fail=2 established=1 failed=4 last_error=7
[2026-09-26T15:18:04.153+00:00] I (414892) RouteLoomRef: authority state=2 tx_sent=6 tx_failed=0 rx_accepted=1 rx_rejected=0 pull=0 busy=0 backoff_s=0
[2026-09-26T15:18:04.153+00:00] I (414892) RouteLoomRef: authority mesh tx_carrier=6 queued=6 shed=555 rx_carrier=2 denied=0 timeout=0
[2026-09-26T15:18:04.153+00:00] I (414892) RouteLoomRef: authority jobs accepted=4 failed=2 last=SESSION_UNAVAILABLE
[2026-09-26T15:18:04.153+00:00] I (414893) RouteLoomRef: member discovery rx=26 offer_tx=26 offer_rx=22 auth=3 kind_reject=0 capacity=0 send_fail=45
[2026-09-26T15:18:04.153+00:00] I (414893) RouteLoomRef: member scope raw=48 accepted=30 mac_reject=0 hint=0 generation=0 key_unavailable=0 budget=0
[2026-09-26T15:18:09.166+00:00] I (419892) RouteLoomRef: member state=4 links=2 ends=1 authority=1/1 confirm=1 demux_drop=10
[2026-09-26T15:18:09.166+00:00] I (419893) RouteLoomRef: member handshake starts=30 requests=2 rejected=0 send_fail=4 established=3 failed=2 last_error=9 active=0
[2026-09-26T15:18:09.166+00:00] I (419893) RouteLoomRef: member end send_fail=2 established=1 failed=4 last_error=7
[2026-09-26T15:18:09.166+00:00] I (419894) RouteLoomRef: authority state=2 tx_sent=6 tx_failed=0 rx_accepted=1 rx_rejected=0 pull=0 busy=0 backoff_s=0
[2026-09-26T15:18:09.166+00:00] I (419894) RouteLoomRef: authority mesh tx_carrier=6 queued=6 shed=555 rx_carrier=2 denied=0 timeout=0
[2026-09-26T15:18:09.166+00:00] I (419894) RouteLoomRef: authority jobs accepted=4 failed=2 last=SESSION_UNAVAILABLE
[2026-09-26T15:18:09.166+00:00] I (419895) RouteLoomRef: member discovery rx=26 offer_tx=26 offer_rx=22 auth=3 kind_reject=0 capacity=0 send_fail=45
[2026-09-26T15:18:09.166+00:00] I (419895) RouteLoomRef: member scope raw=48 accepted=30 mac_reject=0 hint=0 generation=0 key_unavailable=0 budget=0
[2026-09-26T15:18:09.367+00:00] I (420084) RouteLoomRef: RLD1 rx kind=2 ch=6 generation=16 src=10:bd:a3:b1:47:54 dest=10:bd:a3:b1:48:a8
[2026-09-26T15:18:09.367+00:00] I (420084) RouteLoomRef: RLD1 offer result state=0 expected_generation=16 observations=0 dropped=0
[2026-09-26T15:18:09.467+00:00] I (420183) RouteLoomRef: discovery event=REDISCOVERY peer=2
[2026-09-26T15:18:09.467+00:00] W (420184) RouteLoomRef: diagnostic reason=REDISCOVERY peer=2 message=none
[2026-09-26T15:18:09.667+00:00] I (420396) RouteLoomRef: RLD1 rx kind=2 ch=6 generation=16 src=10:bd:a3:b1:47:54 dest=10:bd:a3:b1:48:a8
[2026-09-26T15:18:09.667+00:00] I (420396) RouteLoomRef: RLD1 offer result state=0 expected_generation=16 observations=0 dropped=0
[2026-09-26T15:18:09.667+00:00] I (420420) RouteLoom: stack hwm main 7664 B
[2026-09-26T15:18:09.667+00:00] I (420420) RouteLoom: HIL HEAP free=106740 largest=90112 min=105492 B
[2026-09-26T15:18:09.667+00:00] I (420420) RouteLoom: HIL DISCOVERY candidates=0 neighbors=2 capacity=0 auth=3 stale=2 probes=52 send_failures=45 kind_rejects=0
[2026-09-26T15:18:09.667+00:00] I (420421) RouteLoom: HIL ROUTE peer=1 phase=5 via=1 metric=1 generation=323 seq=1
[2026-09-26T15:18:09.667+00:00] I (420421) RouteLoom: HIL ROUTE peer=2 phase=7 via=0 metric=0 generation=0 seq=0
[2026-09-26T15:18:09.667+00:00] I (420422) RouteLoom: HIL ROUTE peer=3 phase=-1 via=0 metric=0 generation=0 seq=0
[2026-09-26T15:18:11.171+00:00] I (421949) RouteLoomRef: RLD1 rx kind=2 ch=6 generation=16 src=10:bd:a3:b1:47:54 dest=10:bd:a3:b1:48:a8
[2026-09-26T15:18:11.171+00:00] I (421949) RouteLoomRef: RLD1 offer result state=0 expected_generation=16 observations=0 dropped=0
[2026-09-26T15:18:11.272+00:00] I (422064) RouteLoomRef: RLD1 rx kind=2 ch=6 generation=16 src=94:a9:90:6a:ee:c4 dest=10:bd:a3:b1:48:a8
[2026-09-26T15:18:11.272+00:00] I (422064) RouteLoomRef: RLD1 offer result state=0 expected_generation=16 observations=0 dropped=0
[2026-09-26T15:18:14.178+00:00] I (424893) RouteLoomRef: member state=4 links=2 ends=1 authority=1/1 confirm=1 demux_drop=10
[2026-09-26T15:18:14.179+00:00] I (424894) RouteLoomRef: member handshake starts=30 requests=2 rejected=0 send_fail=4 established=3 failed=2 last_error=9 active=0
[2026-09-26T15:18:14.179+00:00] I (424894) RouteLoomRef: member end send_fail=2 established=1 failed=4 last_error=7
[2026-09-26T15:18:14.179+00:00] I (424895) RouteLoomRef: authority state=2 tx_sent=6 tx_failed=0 rx_accepted=1 rx_rejected=0 pull=0 busy=0 backoff_s=0
[2026-09-26T15:18:14.179+00:00] I (424895) RouteLoomRef: authority mesh tx_carrier=6 queued=6 shed=555 rx_carrier=2 denied=0 timeout=0
[2026-09-26T15:18:14.179+00:00] I (424895) RouteLoomRef: authority jobs accepted=4 failed=2 last=SESSION_UNAVAILABLE
[2026-09-26T15:18:14.179+00:00] I (424896) RouteLoomRef: member discovery rx=26 offer_tx=26 offer_rx=26 auth=3 kind_reject=0 capacity=0 send_fail=45
[2026-09-26T15:18:14.179+00:00] I (424896) RouteLoomRef: member scope raw=52 accepted=30 mac_reject=0 hint=0 generation=0 key_unavailable=0 budget=0
[2026-09-26T15:18:14.279+00:00] I (424998) RouteLoomRef: RLD1 rx kind=2 ch=6 generation=16 src=10:bd:a3:b1:47:54 dest=10:bd:a3:b1:48:a8
[2026-09-26T15:18:14.279+00:00] I (424998) RouteLoomRef: RLD1 offer result state=0 expected_generation=16 observations=0 dropped=0
[2026-09-26T15:18:19.090+00:00] I (429894) RouteLoomRef: member state=4 links=2 ends=1 authority=1/1 confirm=1 demux_drop=10
[2026-09-26T15:18:19.090+00:00] I (429895) RouteLoomRef: member handshake starts=30 requests=2 rejected=0 send_fail=4 established=3 failed=2 last_error=9 active=0
[2026-09-26T15:18:19.090+00:00] I (429895) RouteLoomRef: member end send_fail=2 established=1 failed=4 last_error=7
[2026-09-26T15:18:19.090+00:00] I (429896) RouteLoomRef: authority state=2 tx_sent=6 tx_failed=0 rx_accepted=1 rx_rejected=0 pull=0 busy=0 backoff_s=0
[2026-09-26T15:18:19.090+00:00] I (429896) RouteLoomRef: authority mesh tx_carrier=6 queued=6 shed=555 rx_carrier=2 denied=0 timeout=0
[2026-09-26T15:18:19.090+00:00] I (429896) RouteLoomRef: authority jobs accepted=4 failed=2 last=SESSION_UNAVAILABLE
[2026-09-26T15:18:19.090+00:00] I (429897) RouteLoomRef: member discovery rx=26 offer_tx=26 offer_rx=27 auth=3 kind_reject=0 capacity=0 send_fail=46
[2026-09-26T15:18:19.090+00:00] I (429897) RouteLoomRef: member scope raw=53 accepted=30 mac_reject=0 hint=0 generation=0 key_unavailable=0 budget=0
[2026-09-26T15:18:24.105+00:00] I (434896) RouteLoomRef: member state=4 links=2 ends=1 authority=1/1 confirm=1 demux_drop=10
[2026-09-26T15:18:24.105+00:00] I (434897) RouteLoomRef: member handshake starts=30 requests=2 rejected=0 send_fail=4 established=3 failed=2 last_error=9 active=0
[2026-09-26T15:18:24.105+00:00] I (434898) RouteLoomRef: member end send_fail=2 established=1 failed=4 last_error=7
[2026-09-26T15:18:24.105+00:00] I (434898) RouteLoomRef: authority state=2 tx_sent=6 tx_failed=0 rx_accepted=1 rx_rejected=0 pull=0 busy=0 backoff_s=0
[2026-09-26T15:18:24.105+00:00] I (434898) RouteLoomRef: authority mesh tx_carrier=6 queued=6 shed=555 rx_carrier=2 denied=0 timeout=0
[2026-09-26T15:18:24.105+00:00] I (434899) RouteLoomRef: authority jobs accepted=4 failed=2 last=SESSION_UNAVAILABLE
[2026-09-26T15:18:24.105+00:00] I (434899) RouteLoomRef: member discovery rx=26 offer_tx=26 offer_rx=27 auth=3 kind_reject=0 capacity=0 send_fail=46
[2026-09-26T15:18:24.105+00:00] I (434899) RouteLoomRef: member scope raw=53 accepted=30 mac_reject=0 hint=0 generation=0 key_unavailable=0 budget=0
[2026-09-26T15:18:29.118+00:00] I (439896) RouteLoomRef: member state=4 links=2 ends=1 authority=1/1 confirm=1 demux_drop=10
[2026-09-26T15:18:29.118+00:00] I (439897) RouteLoomRef: member handshake starts=30 requests=2 rejected=0 send_fail=4 established=3 failed=2 last_error=9 active=0
[2026-09-26T15:18:29.118+00:00] I (439897) RouteLoomRef: member end send_fail=2 established=1 failed=4 last_error=7
[2026-09-26T15:18:29.118+00:00] I (439898) RouteLoomRef: authority state=2 tx_sent=6 tx_failed=0 rx_accepted=1 rx_rejected=0 pull=0 busy=0 backoff_s=0
[2026-09-26T15:18:29.118+00:00] I (439898) RouteLoomRef: authority mesh tx_carrier=6 queued=6 shed=555 rx_carrier=2 denied=0 timeout=0
[2026-09-26T15:18:29.118+00:00] I (439898) RouteLoomRef: authority jobs accepted=4 failed=2 last=SESSION_UNAVAILABLE
[2026-09-26T15:18:29.118+00:00] I (439899) RouteLoomRef: member discovery rx=26 offer_tx=26 offer_rx=27 auth=3 kind_reject=0 capacity=0 send_fail=46
[2026-09-26T15:18:29.118+00:00] I (439899) RouteLoomRef: member scope raw=53 accepted=30 mac_reject=0 hint=0 generation=0 key_unavailable=0 budget=0
[2026-09-26T15:18:31.324+00:00] I (442102) RouteLoomRef: RLD1 rx kind=2 ch=6 generation=16 src=10:bd:a3:b1:47:54 dest=10:bd:a3:b1:48:a8
[2026-09-26T15:18:31.324+00:00] I (442103) RouteLoomRef: RLD1 offer result state=0 expected_generation=16 observations=0 dropped=0
[2026-09-26T15:18:31.324+00:00] I (442104) RouteLoomRef: discovery event=REDISCOVERY peer=2
[2026-09-26T15:18:31.324+00:00] W (442104) RouteLoomRef: diagnostic reason=REDISCOVERY peer=2 message=none
[2026-09-26T15:18:34.131+00:00] I (444898) RouteLoomRef: member state=4 links=2 ends=1 authority=1/1 confirm=1 demux_drop=10
[2026-09-26T15:18:34.131+00:00] I (444899) RouteLoomRef: member handshake starts=30 requests=2 rejected=0 send_fail=4 established=3 failed=2 last_error=9 active=0
[2026-09-26T15:18:34.131+00:00] I (444899) RouteLoomRef: member end send_fail=2 established=1 failed=4 last_error=7
[2026-09-26T15:18:34.131+00:00] I (444900) RouteLoomRef: authority state=2 tx_sent=6 tx_failed=0 rx_accepted=1 rx_rejected=0 pull=0 busy=0 backoff_s=0
[2026-09-26T15:18:34.131+00:00] I (444900) RouteLoomRef: authority mesh tx_carrier=6 queued=6 shed=555 rx_carrier=2 denied=0 timeout=0
[2026-09-26T15:18:34.131+00:00] I (444900) RouteLoomRef: authority jobs accepted=4 failed=2 last=SESSION_UNAVAILABLE
[2026-09-26T15:18:34.131+00:00] I (444901) RouteLoomRef: member discovery rx=26 offer_tx=26 offer_rx=28 auth=3 kind_reject=0 capacity=0 send_fail=46
[2026-09-26T15:18:34.131+00:00] I (444901) RouteLoomRef: member scope raw=54 accepted=30 mac_reject=0 hint=0 generation=0 key_unavailable=0 budget=0
[2026-09-26T15:18:39.143+00:00] I (449900) RouteLoomRef: member state=4 links=2 ends=1 authority=1/1 confirm=1 demux_drop=10
[2026-09-26T15:18:39.143+00:00] I (449901) RouteLoomRef: member handshake starts=30 requests=2 rejected=0 send_fail=4 established=3 failed=2 last_error=9 active=0
[2026-09-26T15:18:39.143+00:00] I (449901) RouteLoomRef: member end send_fail=2 established=1 failed=4 last_error=7
[2026-09-26T15:18:39.143+00:00] I (449902) RouteLoomRef: authority state=2 tx_sent=6 tx_failed=0 rx_accepted=1 rx_rejected=0 pull=0 busy=0 backoff_s=0
[2026-09-26T15:18:39.143+00:00] I (449902) RouteLoomRef: authority mesh tx_carrier=6 queued=6 shed=555 rx_carrier=2 denied=0 timeout=0
[2026-09-26T15:18:39.143+00:00] I (449902) RouteLoomRef: authority jobs accepted=4 failed=2 last=SESSION_UNAVAILABLE
[2026-09-26T15:18:39.143+00:00] I (449903) RouteLoomRef: member discovery rx=26 offer_tx=26 offer_rx=28 auth=3 kind_reject=0 capacity=0 send_fail=46
[2026-09-26T15:18:39.143+00:00] I (449903) RouteLoomRef: member scope raw=54 accepted=30 mac_reject=0 hint=0 generation=0 key_unavailable=0 budget=0
[2026-09-26T15:18:44.157+00:00] I (454902) RouteLoomRef: member state=4 links=2 ends=1 authority=1/1 confirm=1 demux_drop=10
[2026-09-26T15:18:44.157+00:00] I (454903) RouteLoomRef: member handshake starts=30 requests=2 rejected=0 send_fail=4 established=3 failed=2 last_error=9 active=0
[2026-09-26T15:18:44.157+00:00] I (454903) RouteLoomRef: member end send_fail=2 established=1 failed=4 last_error=7
[2026-09-26T15:18:44.157+00:00] I (454904) RouteLoomRef: authority state=2 tx_sent=6 tx_failed=0 rx_accepted=1 rx_rejected=0 pull=0 busy=0 backoff_s=0
[2026-09-26T15:18:44.157+00:00] I (454904) RouteLoomRef: authority mesh tx_carrier=6 queued=6 shed=555 rx_carrier=2 denied=0 timeout=0
[2026-09-26T15:18:44.157+00:00] I (454904) RouteLoomRef: authority jobs accepted=4 failed=2 last=SESSION_UNAVAILABLE
[2026-09-26T15:18:44.157+00:00] I (454905) RouteLoomRef: member discovery rx=26 offer_tx=26 offer_rx=28 auth=3 kind_reject=0 capacity=0 send_fail=47
[2026-09-26T15:18:44.157+00:00] I (454905) RouteLoomRef: member scope raw=54 accepted=30 mac_reject=0 hint=0 generation=0 key_unavailable=0 budget=0
[2026-09-26T15:18:49.168+00:00] I (459902) RouteLoomRef: member state=4 links=2 ends=1 authority=1/1 confirm=1 demux_drop=10
[2026-09-26T15:18:49.168+00:00] I (459903) RouteLoomRef: member handshake starts=30 requests=2 rejected=0 send_fail=4 established=3 failed=2 last_error=9 active=0
[2026-09-26T15:18:49.168+00:00] I (459903) RouteLoomRef: member end send_fail=2 established=1 failed=4 last_error=7
[2026-09-26T15:18:49.168+00:00] I (459904) RouteLoomRef: authority state=2 tx_sent=6 tx_failed=0 rx_accepted=1 rx_rejected=0 pull=0 busy=0 backoff_s=0
[2026-09-26T15:18:49.168+00:00] I (459904) RouteLoomRef: authority mesh tx_carrier=6 queued=6 shed=555 rx_carrier=2 denied=0 timeout=0
[2026-09-26T15:18:49.168+00:00] I (459904) RouteLoomRef: authority jobs accepted=4 failed=2 last=SESSION_UNAVAILABLE
[2026-09-26T15:18:49.168+00:00] I (459905) RouteLoomRef: member discovery rx=26 offer_tx=26 offer_rx=28 auth=3 kind_reject=0 capacity=0 send_fail=47
[2026-09-26T15:18:49.168+00:00] I (459905) RouteLoomRef: member scope raw=54 accepted=30 mac_reject=0 hint=0 generation=0 key_unavailable=0 budget=0
[2026-09-26T15:18:53.278+00:00] I (464001) RouteLoomRef: discovery event=REDISCOVERY peer=2
[2026-09-26T15:18:53.278+00:00] W (464002) RouteLoomRef: diagnostic reason=REDISCOVERY peer=2 message=none
[2026-09-26T15:18:54.183+00:00] I (464903) RouteLoomRef: member state=4 links=2 ends=1 authority=1/1 confirm=1 demux_drop=10
[2026-09-26T15:18:54.183+00:00] I (464904) RouteLoomRef: member handshake starts=30 requests=2 rejected=0 send_fail=4 established=3 failed=2 last_error=9 active=0
[2026-09-26T15:18:54.183+00:00] I (464904) RouteLoomRef: member end send_fail=2 established=1 failed=4 last_error=7
[2026-09-26T15:18:54.183+00:00] I (464905) RouteLoomRef: authority state=2 tx_sent=6 tx_failed=0 rx_accepted=1 rx_rejected=0 pull=0 busy=0 backoff_s=0
[2026-09-26T15:18:54.183+00:00] I (464905) RouteLoomRef: authority mesh tx_carrier=6 queued=6 shed=555 rx_carrier=2 denied=0 timeout=0
[2026-09-26T15:18:54.183+00:00] I (464905) RouteLoomRef: authority jobs accepted=4 failed=2 last=SESSION_UNAVAILABLE
[2026-09-26T15:18:54.183+00:00] I (464906) RouteLoomRef: member discovery rx=26 offer_tx=26 offer_rx=28 auth=3 kind_reject=0 capacity=0 send_fail=47
[2026-09-26T15:18:54.183+00:00] I (464906) RouteLoomRef: member scope raw=54 accepted=30 mac_reject=0 hint=0 generation=0 key_unavailable=0 budget=0
[2026-09-26T15:18:59.097+00:00] I (469904) RouteLoomRef: member state=4 links=2 ends=1 authority=1/1 confirm=1 demux_drop=10
[2026-09-26T15:18:59.097+00:00] I (469905) RouteLoomRef: member handshake starts=30 requests=2 rejected=0 send_fail=4 established=3 failed=2 last_error=9 active=0
[2026-09-26T15:18:59.097+00:00] I (469906) RouteLoomRef: member end send_fail=2 established=1 failed=4 last_error=7
[2026-09-26T15:18:59.097+00:00] I (469906) RouteLoomRef: authority state=2 tx_sent=6 tx_failed=0 rx_accepted=1 rx_rejected=0 pull=0 busy=0 backoff_s=0
[2026-09-26T15:18:59.097+00:00] I (469906) RouteLoomRef: authority mesh tx_carrier=6 queued=6 shed=555 rx_carrier=2 denied=0 timeout=0
[2026-09-26T15:18:59.097+00:00] I (469907) RouteLoomRef: authority jobs accepted=4 failed=2 last=SESSION_UNAVAILABLE
[2026-09-26T15:18:59.097+00:00] I (469907) RouteLoomRef: member discovery rx=26 offer_tx=26 offer_rx=28 auth=3 kind_reject=0 capacity=0 send_fail=47
[2026-09-26T15:18:59.097+00:00] I (469907) RouteLoomRef: member scope raw=54 accepted=30 mac_reject=0 hint=0 generation=0 key_unavailable=0 budget=0
[2026-09-26T15:19:04.110+00:00] I (474906) RouteLoomRef: member state=4 links=2 ends=1 authority=1/1 confirm=1 demux_drop=10
[2026-09-26T15:19:04.110+00:00] I (474907) RouteLoomRef: member handshake starts=30 requests=2 rejected=0 send_fail=4 established=3 failed=2 last_error=9 active=0
[2026-09-26T15:19:04.110+00:00] I (474907) RouteLoomRef: member end send_fail=2 established=1 failed=4 last_error=7
[2026-09-26T15:19:04.110+00:00] I (474908) RouteLoomRef: authority state=2 tx_sent=6 tx_failed=0 rx_accepted=1 rx_rejected=0 pull=0 busy=0 backoff_s=0
[2026-09-26T15:19:04.110+00:00] I (474908) RouteLoomRef: authority mesh tx_carrier=6 queued=6 shed=555 rx_carrier=2 denied=0 timeout=0
[2026-09-26T15:19:04.110+00:00] I (474908) RouteLoomRef: authority jobs accepted=4 failed=2 last=SESSION_UNAVAILABLE
[2026-09-26T15:19:04.110+00:00] I (474909) RouteLoomRef: member discovery rx=26 offer_tx=26 offer_rx=28 auth=3 kind_reject=0 capacity=0 send_fail=47
[2026-09-26T15:19:04.110+00:00] I (474909) RouteLoomRef: member scope raw=54 accepted=30 mac_reject=0 hint=0 generation=0 key_unavailable=0 budget=0
[2026-09-26T15:19:09.120+00:00] I (479908) RouteLoomRef: member state=4 links=2 ends=1 authority=1/1 confirm=1 demux_drop=10
[2026-09-26T15:19:09.120+00:00] I (479909) RouteLoomRef: member handshake starts=30 requests=2 rejected=0 send_fail=4 established=3 failed=2 last_error=9 active=0
[2026-09-26T15:19:09.120+00:00] I (479909) RouteLoomRef: member end send_fail=2 established=1 failed=4 last_error=7
[2026-09-26T15:19:09.120+00:00] I (479910) RouteLoomRef: authority state=2 tx_sent=6 tx_failed=0 rx_accepted=1 rx_rejected=0 pull=0 busy=0 backoff_s=0
[2026-09-26T15:19:09.120+00:00] I (479910) RouteLoomRef: authority mesh tx_carrier=6 queued=6 shed=555 rx_carrier=2 denied=0 timeout=0
[2026-09-26T15:19:09.120+00:00] I (479910) RouteLoomRef: authority jobs accepted=4 failed=2 last=SESSION_UNAVAILABLE
[2026-09-26T15:19:09.120+00:00] I (479911) RouteLoomRef: member discovery rx=26 offer_tx=26 offer_rx=28 auth=3 kind_reject=0 capacity=0 send_fail=47
[2026-09-26T15:19:09.120+00:00] I (479911) RouteLoomRef: member scope raw=54 accepted=30 mac_reject=0 hint=0 generation=0 key_unavailable=0 budget=0
[2026-09-26T15:19:09.621+00:00] I (480420) RouteLoom: stack hwm main 7664 B
[2026-09-26T15:19:09.621+00:00] I (480420) RouteLoom: HIL HEAP free=106740 largest=90112 min=105492 B
[2026-09-26T15:19:09.621+00:00] I (480421) RouteLoom: HIL DISCOVERY candidates=0 neighbors=2 capacity=0 auth=3 stale=2 probes=55 send_failures=47 kind_rejects=0
[2026-09-26T15:19:09.621+00:00] I (480421) RouteLoom: HIL ROUTE peer=1 phase=5 via=1 metric=1 generation=323 seq=1
[2026-09-26T15:19:09.621+00:00] I (480421) RouteLoom: HIL ROUTE peer=2 phase=7 via=0 metric=0 generation=0 seq=0
[2026-09-26T15:19:09.621+00:00] I (480422) RouteLoom: HIL ROUTE peer=3 phase=-1 via=0 metric=0 generation=0 seq=0
[2026-09-26T15:19:14.130+00:00] I (484910) RouteLoomRef: member state=4 links=2 ends=1 authority=1/1 confirm=1 demux_drop=10
[2026-09-26T15:19:14.130+00:00] I (484911) RouteLoomRef: member handshake starts=30 requests=2 rejected=0 send_fail=4 established=3 failed=2 last_error=9 active=0
[2026-09-26T15:19:14.130+00:00] I (484911) RouteLoomRef: member end send_fail=2 established=1 failed=4 last_error=7
[2026-09-26T15:19:14.130+00:00] I (484912) RouteLoomRef: authority state=2 tx_sent=6 tx_failed=0 rx_accepted=1 rx_rejected=0 pull=0 busy=0 backoff_s=0
[2026-09-26T15:19:14.130+00:00] I (484912) RouteLoomRef: authority mesh tx_carrier=6 queued=6 shed=555 rx_carrier=2 denied=0 timeout=0
[2026-09-26T15:19:14.130+00:00] I (484912) RouteLoomRef: authority jobs accepted=4 failed=2 last=SESSION_UNAVAILABLE
[2026-09-26T15:19:14.130+00:00] I (484913) RouteLoomRef: member discovery rx=26 offer_tx=26 offer_rx=28 auth=3 kind_reject=0 capacity=0 send_fail=47
[2026-09-26T15:19:14.130+00:00] I (484913) RouteLoomRef: member scope raw=54 accepted=30 mac_reject=0 hint=0 generation=0 key_unavailable=0 budget=0
[2026-09-26T15:19:14.330+00:00] I (485117) RouteLoomRef: discovery event=REDISCOVERY peer=2
[2026-09-26T15:19:14.331+00:00] W (485118) RouteLoomRef: diagnostic reason=REDISCOVERY peer=2 message=none
[2026-09-26T15:19:14.931+00:00] I (485696) RouteLoomRef: RLD1 rx kind=2 ch=6 generation=16 src=94:a9:90:7a:26:ac dest=10:bd:a3:b1:48:a8
[2026-09-26T15:19:14.932+00:00] I (485697) RouteLoomRef: RLD1 offer result state=0 expected_generation=16 observations=0 dropped=0
[2026-09-26T15:19:19.142+00:00] I (489910) RouteLoomRef: member state=4 links=2 ends=1 authority=1/1 confirm=1 demux_drop=10
[2026-09-26T15:19:19.142+00:00] I (489911) RouteLoomRef: member handshake starts=30 requests=2 rejected=0 send_fail=4 established=3 failed=2 last_error=9 active=0
[2026-09-26T15:19:19.142+00:00] I (489911) RouteLoomRef: member end send_fail=2 established=1 failed=4 last_error=7
[2026-09-26T15:19:19.142+00:00] I (489912) RouteLoomRef: authority state=2 tx_sent=6 tx_failed=0 rx_accepted=1 rx_rejected=0 pull=0 busy=0 backoff_s=0
[2026-09-26T15:19:19.142+00:00] I (489912) RouteLoomRef: authority mesh tx_carrier=6 queued=6 shed=555 rx_carrier=2 denied=0 timeout=0
[2026-09-26T15:19:19.142+00:00] I (489912) RouteLoomRef: authority jobs accepted=4 failed=2 last=SESSION_UNAVAILABLE
[2026-09-26T15:19:19.142+00:00] I (489913) RouteLoomRef: member discovery rx=26 offer_tx=26 offer_rx=29 auth=3 kind_reject=0 capacity=0 send_fail=47
[2026-09-26T15:19:19.142+00:00] I (489913) RouteLoomRef: member scope raw=55 accepted=30 mac_reject=0 hint=0 generation=0 key_unavailable=0 budget=0
[2026-09-26T15:19:19.443+00:00] I (490197) RouteLoomRef: RLD1 rx kind=1 ch=6 generation=16 src=94:a9:90:6a:ee:c4 dest=ff:ff:ff:ff:ff:ff
[2026-09-26T15:19:20.244+00:00] I (491031) RouteLoomRef: RLD1 rx kind=1 ch=6 generation=16 src=94:a9:90:6a:ee:c4 dest=ff:ff:ff:ff:ff:ff
[2026-09-26T15:19:21.748+00:00] I (492532) RouteLoomRef: RLD1 rx kind=1 ch=6 generation=16 src=94:a9:90:6a:ee:c4 dest=ff:ff:ff:ff:ff:ff
[2026-09-26T15:19:23.251+00:00] I (493983) RouteLoomRef: RLD1 rx kind=2 ch=6 generation=16 src=94:a9:90:7a:26:ac dest=10:bd:a3:b1:48:a8
[2026-09-26T15:19:23.251+00:00] I (493983) RouteLoomRef: RLD1 offer result state=0 expected_generation=16 observations=0 dropped=0
[2026-09-26T15:19:24.154+00:00] I (494910) RouteLoomRef: member state=4 links=2 ends=1 authority=1/1 confirm=1 demux_drop=10
[2026-09-26T15:19:24.154+00:00] I (494911) RouteLoomRef: member handshake starts=33 requests=2 rejected=0 send_fail=4 established=3 failed=2 last_error=9 active=0
[2026-09-26T15:19:24.154+00:00] I (494911) RouteLoomRef: member end send_fail=2 established=1 failed=4 last_error=7
[2026-09-26T15:19:24.154+00:00] I (494912) RouteLoomRef: authority state=2 tx_sent=6 tx_failed=0 rx_accepted=1 rx_rejected=0 pull=0 busy=0 backoff_s=0
[2026-09-26T15:19:24.154+00:00] I (494912) RouteLoomRef: authority mesh tx_carrier=6 queued=6 shed=555 rx_carrier=2 denied=0 timeout=0
[2026-09-26T15:19:24.154+00:00] I (494912) RouteLoomRef: authority jobs accepted=4 failed=2 last=SESSION_UNAVAILABLE
[2026-09-26T15:19:24.154+00:00] I (494913) RouteLoomRef: member discovery rx=29 offer_tx=29 offer_rx=30 auth=3 kind_reject=0 capacity=0 send_fail=47
[2026-09-26T15:19:24.154+00:00] I (494913) RouteLoomRef: member scope raw=59 accepted=33 mac_reject=0 hint=0 generation=0 key_unavailable=0 budget=0
[2026-09-26T15:19:24.655+00:00] I (495381) RouteLoomRef: RLD1 rx kind=1 ch=6 generation=16 src=94:a9:90:6a:ee:c4 dest=ff:ff:ff:ff:ff:ff
[2026-09-26T15:19:29.167+00:00] I (499911) RouteLoomRef: member state=4 links=2 ends=1 authority=1/1 confirm=1 demux_drop=10
[2026-09-26T15:19:29.167+00:00] I (499912) RouteLoomRef: member handshake starts=34 requests=2 rejected=0 send_fail=4 established=3 failed=2 last_error=9 active=0
[2026-09-26T15:19:29.167+00:00] I (499912) RouteLoomRef: member end send_fail=2 established=1 failed=4 last_error=7
[2026-09-26T15:19:29.167+00:00] I (499913) RouteLoomRef: authority state=2 tx_sent=6 tx_failed=0 rx_accepted=1 rx_rejected=0 pull=0 busy=0 backoff_s=0
[2026-09-26T15:19:29.167+00:00] I (499913) RouteLoomRef: authority mesh tx_carrier=6 queued=6 shed=555 rx_carrier=2 denied=0 timeout=0
[2026-09-26T15:19:29.167+00:00] I (499914) RouteLoomRef: authority jobs accepted=4 failed=2 last=SESSION_UNAVAILABLE
[2026-09-26T15:19:29.167+00:00] I (499914) RouteLoomRef: member discovery rx=30 offer_tx=30 offer_rx=30 auth=3 kind_reject=0 capacity=0 send_fail=47
[2026-09-26T15:19:29.167+00:00] I (499914) RouteLoomRef: member scope raw=60 accepted=34 mac_reject=0 hint=0 generation=0 key_unavailable=0 budget=0
[2026-09-26T15:19:30.169+00:00] I (500910) RouteLoomRef: RLD1 rx kind=1 ch=6 generation=16 src=94:a9:90:6a:ee:c4 dest=ff:ff:ff:ff:ff:ff
[2026-09-26T15:19:30.872+00:00] I (501665) RouteLoomRef: RLD1 rx kind=1 ch=6 generation=16 src=94:a9:90:6a:ee:c4 dest=ff:ff:ff:ff:ff:ff
[2026-09-26T15:19:31.776+00:00] I (502528) RouteLoomRef: RLD1 rx kind=1 ch=6 generation=16 src=94:a9:90:6a:ee:c4 dest=ff:ff:ff:ff:ff:ff
[2026-09-26T15:19:33.280+00:00] I (504092) RouteLoomRef: RLD1 rx kind=1 ch=6 generation=16 src=94:a9:90:6a:ee:c4 dest=ff:ff:ff:ff:ff:ff
[2026-09-26T15:19:34.183+00:00] I (504911) RouteLoomRef: member state=4 links=2 ends=1 authority=1/1 confirm=1 demux_drop=10
[2026-09-26T15:19:34.183+00:00] I (504912) RouteLoomRef: member handshake starts=38 requests=2 rejected=0 send_fail=4 established=3 failed=2 last_error=9 active=0
[2026-09-26T15:19:34.183+00:00] I (504912) RouteLoomRef: member end send_fail=2 established=1 failed=4 last_error=7
[2026-09-26T15:19:34.183+00:00] I (504913) RouteLoomRef: authority state=2 tx_sent=6 tx_failed=0 rx_accepted=1 rx_rejected=0 pull=0 busy=0 backoff_s=0
[2026-09-26T15:19:34.183+00:00] I (504913) RouteLoomRef: authority mesh tx_carrier=6 queued=6 shed=555 rx_carrier=2 denied=0 timeout=0
[2026-09-26T15:19:34.183+00:00] I (504914) RouteLoomRef: authority jobs accepted=4 failed=2 last=SESSION_UNAVAILABLE
[2026-09-26T15:19:34.183+00:00] I (504914) RouteLoomRef: member discovery rx=34 offer_tx=34 offer_rx=30 auth=3 kind_reject=0 capacity=0 send_fail=47
[2026-09-26T15:19:34.183+00:00] I (504914) RouteLoomRef: member scope raw=64 accepted=38 mac_reject=0 hint=0 generation=0 key_unavailable=0 budget=0
[2026-09-26T15:19:36.289+00:00] I (507040) RouteLoomRef: RLD1 rx kind=1 ch=6 generation=16 src=94:a9:90:6a:ee:c4 dest=ff:ff:ff:ff:ff:ff
[2026-09-26T15:19:39.199+00:00] I (509911) RouteLoomRef: member state=4 links=2 ends=1 authority=1/1 confirm=1 demux_drop=10
[2026-09-26T15:19:39.199+00:00] I (509912) RouteLoomRef: member handshake starts=39 requests=2 rejected=0 send_fail=4 established=3 failed=2 last_error=9 active=0
[2026-09-26T15:19:39.199+00:00] I (509912) RouteLoomRef: member end send_fail=2 established=1 failed=4 last_error=7
[2026-09-26T15:19:39.199+00:00] I (509913) RouteLoomRef: authority state=2 tx_sent=6 tx_failed=0 rx_accepted=1 rx_rejected=0 pull=0 busy=0 backoff_s=0
[2026-09-26T15:19:39.199+00:00] I (509913) RouteLoomRef: authority mesh tx_carrier=6 queued=6 shed=555 rx_carrier=2 denied=0 timeout=0
[2026-09-26T15:19:39.199+00:00] I (509913) RouteLoomRef: authority jobs accepted=4 failed=2 last=SESSION_UNAVAILABLE
[2026-09-26T15:19:39.199+00:00] I (509914) RouteLoomRef: member discovery rx=35 offer_tx=35 offer_rx=30 auth=3 kind_reject=0 capacity=0 send_fail=47
[2026-09-26T15:19:39.199+00:00] I (509914) RouteLoomRef: member scope raw=65 accepted=39 mac_reject=0 hint=0 generation=0 key_unavailable=0 budget=0
[2026-09-26T15:19:42.009+00:00] I (512773) RouteLoomRef: RLD1 rx kind=1 ch=6 generation=16 src=94:a9:90:6a:ee:c4 dest=ff:ff:ff:ff:ff:ff
[2026-09-26T15:19:42.210+00:00] I (512990) RouteLoomRef: RLD1 rx kind=1 ch=6 generation=16 src=94:a9:90:6a:ee:c4 dest=ff:ff:ff:ff:ff:ff
[2026-09-26T15:19:43.413+00:00] I (514201) RouteLoomRef: RLD1 rx kind=1 ch=6 generation=16 src=94:a9:90:6a:ee:c4 dest=ff:ff:ff:ff:ff:ff
[2026-09-26T15:19:44.114+00:00] I (514913) RouteLoomRef: member state=4 links=2 ends=1 authority=1/1 confirm=1 demux_drop=10
[2026-09-26T15:19:44.114+00:00] I (514914) RouteLoomRef: member handshake starts=42 requests=2 rejected=0 send_fail=4 established=3 failed=2 last_error=9 active=0
[2026-09-26T15:19:44.114+00:00] I (514914) RouteLoomRef: member end send_fail=2 established=1 failed=4 last_error=7
[2026-09-26T15:19:44.114+00:00] I (514915) RouteLoomRef: authority state=2 tx_sent=6 tx_failed=0 rx_accepted=1 rx_rejected=0 pull=0 busy=0 backoff_s=0
[2026-09-26T15:19:44.114+00:00] I (514915) RouteLoomRef: authority mesh tx_carrier=6 queued=6 shed=555 rx_carrier=2 denied=0 timeout=0
[2026-09-26T15:19:44.114+00:00] I (514915) RouteLoomRef: authority jobs accepted=4 failed=2 last=SESSION_UNAVAILABLE
[2026-09-26T15:19:44.114+00:00] I (514916) RouteLoomRef: member discovery rx=38 offer_tx=38 offer_rx=30 auth=3 kind_reject=0 capacity=0 send_fail=47
[2026-09-26T15:19:44.114+00:00] I (514916) RouteLoomRef: member scope raw=68 accepted=42 mac_reject=0 hint=0 generation=0 key_unavailable=0 budget=0
[2026-09-26T15:19:45.718+00:00] I (516469) RouteLoomRef: RLD1 rx kind=1 ch=6 generation=16 src=94:a9:90:6a:ee:c4 dest=ff:ff:ff:ff:ff:ff
[2026-09-26T15:19:45.919+00:00] I (516702) RouteLoomRef: discovery event=REDISCOVERY peer=2
[2026-09-26T15:19:45.919+00:00] W (516703) RouteLoomRef: diagnostic reason=REDISCOVERY peer=2 message=none
[2026-09-26T15:19:47.222+00:00] I (517968) RouteLoomRef: discovery event=STALE peer=1
[2026-09-26T15:19:47.222+00:00] W (517968) RouteLoomRef: diagnostic reason=STALE peer=1 message=none
[2026-09-26T15:19:49.127+00:00] I (519913) RouteLoomRef: member state=4 links=2 ends=1 authority=1/1 confirm=1 demux_drop=10
[2026-09-26T15:19:49.127+00:00] I (519914) RouteLoomRef: member handshake starts=43 requests=2 rejected=0 send_fail=4 established=3 failed=2 last_error=9 active=0
[2026-09-26T15:19:49.127+00:00] I (519914) RouteLoomRef: member end send_fail=2 established=1 failed=4 last_error=7
[2026-09-26T15:19:49.127+00:00] I (519915) RouteLoomRef: authority state=2 tx_sent=6 tx_failed=0 rx_accepted=1 rx_rejected=0 pull=0 busy=0 backoff_s=0
[2026-09-26T15:19:49.127+00:00] I (519915) RouteLoomRef: authority mesh tx_carrier=6 queued=6 shed=555 rx_carrier=2 denied=0 timeout=0
[2026-09-26T15:19:49.127+00:00] I (519915) RouteLoomRef: authority jobs accepted=4 failed=2 last=SESSION_UNAVAILABLE
[2026-09-26T15:19:49.127+00:00] I (519916) RouteLoomRef: member discovery rx=39 offer_tx=39 offer_rx=30 auth=3 kind_reject=0 capacity=0 send_fail=47
[2026-09-26T15:19:49.127+00:00] I (519916) RouteLoomRef: member scope raw=69 accepted=43 mac_reject=0 hint=0 generation=0 key_unavailable=0 budget=0
[2026-09-26T15:19:50.129+00:00] I (520845) RouteLoomRef: RLD1 rx kind=1 ch=6 generation=16 src=94:a9:90:6a:ee:c4 dest=ff:ff:ff:ff:ff:ff
[2026-09-26T15:19:50.229+00:00] W (520959) ESPNOW: Peer exists. Please call API esp_now_mod_peer()!
[2026-09-26T15:19:54.137+00:00] I (524913) RouteLoomRef: member state=4 links=2 ends=1 authority=1/1 confirm=1 demux_drop=10
[2026-09-26T15:19:54.137+00:00] I (524914) RouteLoomRef: member handshake starts=44 requests=2 rejected=0 send_fail=4 established=3 failed=2 last_error=9 active=0
[2026-09-26T15:19:54.137+00:00] I (524914) RouteLoomRef: member end send_fail=2 established=1 failed=4 last_error=7
[2026-09-26T15:19:54.137+00:00] I (524915) RouteLoomRef: authority state=2 tx_sent=6 tx_failed=0 rx_accepted=1 rx_rejected=0 pull=0 busy=0 backoff_s=0
[2026-09-26T15:19:54.137+00:00] I (524915) RouteLoomRef: authority mesh tx_carrier=6 queued=6 shed=555 rx_carrier=2 denied=0 timeout=0
[2026-09-26T15:19:54.137+00:00] I (524915) RouteLoomRef: authority jobs accepted=4 failed=2 last=SESSION_UNAVAILABLE
[2026-09-26T15:19:54.137+00:00] I (524916) RouteLoomRef: member discovery rx=40 offer_tx=40 offer_rx=30 auth=3 kind_reject=0 capacity=0 send_fail=47
[2026-09-26T15:19:54.137+00:00] I (524916) RouteLoomRef: member scope raw=70 accepted=44 mac_reject=0 hint=0 generation=0 key_unavailable=0 budget=0
[2026-09-26T15:19:58.648+00:00] I (529426) RouteLoomRef: RLD1 rx kind=1 ch=6 generation=16 src=94:a9:90:6a:ee:c4 dest=ff:ff:ff:ff:ff:ff
[2026-09-26T15:19:58.748+00:00] W (529501) ESPNOW: Peer exists. Please call API esp_now_mod_peer()!
[2026-09-26T15:19:59.049+00:00] I (529807) RouteLoomRef: RLD1 rx kind=1 ch=6 generation=16 src=94:a9:90:6a:ee:c4 dest=ff:ff:ff:ff:ff:ff
[2026-09-26T15:19:59.149+00:00] W (529909) ESPNOW: Peer exists. Please call API esp_now_mod_peer()!
[2026-09-26T15:19:59.149+00:00] I (529916) RouteLoomRef: member state=4 links=2 ends=1 authority=1/1 confirm=1 demux_drop=10
[2026-09-26T15:19:59.149+00:00] I (529916) RouteLoomRef: member handshake starts=46 requests=2 rejected=0 send_fail=4 established=3 failed=2 last_error=9 active=0
[2026-09-26T15:19:59.149+00:00] I (529917) RouteLoomRef: member end send_fail=2 established=1 failed=4 last_error=7
[2026-09-26T15:19:59.149+00:00] I (529917) RouteLoomRef: authority state=2 tx_sent=6 tx_failed=0 rx_accepted=1 rx_rejected=0 pull=0 busy=0 backoff_s=0
[2026-09-26T15:19:59.149+00:00] I (529917) RouteLoomRef: authority mesh tx_carrier=6 queued=6 shed=555 rx_carrier=2 denied=0 timeout=0
[2026-09-26T15:19:59.149+00:00] I (529918) RouteLoomRef: authority jobs accepted=4 failed=2 last=SESSION_UNAVAILABLE
[2026-09-26T15:19:59.149+00:00] I (529918) RouteLoomRef: member discovery rx=42 offer_tx=42 offer_rx=30 auth=3 kind_reject=0 capacity=0 send_fail=47
[2026-09-26T15:19:59.149+00:00] I (529919) RouteLoomRef: member scope raw=72 accepted=46 mac_reject=0 hint=0 generation=0 key_unavailable=0 budget=0
[2026-09-26T15:20:00.351+00:00] I (531087) RouteLoomRef: RLD1 rx kind=1 ch=6 generation=16 src=94:a9:90:6a:ee:c4 dest=ff:ff:ff:ff:ff:ff
[2026-09-26T15:20:00.452+00:00] W (531192) ESPNOW: Peer exists. Please call API esp_now_mod_peer()!
[2026-09-26T15:20:02.757+00:00] I (533477) RouteLoomRef: RLD1 rx kind=1 ch=6 generation=16 src=94:a9:90:6a:ee:c4 dest=ff:ff:ff:ff:ff:ff
[2026-09-26T15:20:02.857+00:00] W (533621) ESPNOW: Peer exists. Please call API esp_now_mod_peer()!
[2026-09-26T15:20:04.160+00:00] I (534916) RouteLoomRef: member state=4 links=2 ends=1 authority=1/1 confirm=1 demux_drop=10
[2026-09-26T15:20:04.160+00:00] I (534917) RouteLoomRef: member handshake starts=48 requests=2 rejected=0 send_fail=4 established=3 failed=2 last_error=9 active=0
[2026-09-26T15:20:04.160+00:00] I (534917) RouteLoomRef: member end send_fail=2 established=1 failed=4 last_error=7
[2026-09-26T15:20:04.160+00:00] I (534918) RouteLoomRef: authority state=2 tx_sent=6 tx_failed=0 rx_accepted=1 rx_rejected=0 pull=0 busy=0 backoff_s=0
[2026-09-26T15:20:04.160+00:00] I (534918) RouteLoomRef: authority mesh tx_carrier=6 queued=6 shed=555 rx_carrier=2 denied=0 timeout=0
[2026-09-26T15:20:04.160+00:00] I (534918) RouteLoomRef: authority jobs accepted=4 failed=2 last=SESSION_UNAVAILABLE
[2026-09-26T15:20:04.160+00:00] I (534919) RouteLoomRef: member discovery rx=44 offer_tx=44 offer_rx=30 auth=3 kind_reject=0 capacity=0 send_fail=47
[2026-09-26T15:20:04.160+00:00] I (534919) RouteLoomRef: member scope raw=74 accepted=48 mac_reject=0 hint=0 generation=0 key_unavailable=0 budget=0
[2026-09-26T15:20:07.369+00:00] I (538090) RouteLoomRef: RLD1 rx kind=1 ch=6 generation=16 src=94:a9:90:6a:ee:c4 dest=ff:ff:ff:ff:ff:ff
[2026-09-26T15:20:07.469+00:00] W (538183) ESPNOW: Peer exists. Please call API esp_now_mod_peer()!
[2026-09-26T15:20:09.173+00:00] I (539918) RouteLoomRef: member state=4 links=2 ends=1 authority=1/1 confirm=1 demux_drop=10
[2026-09-26T15:20:09.173+00:00] I (539919) RouteLoomRef: member handshake starts=49 requests=2 rejected=0 send_fail=4 established=3 failed=2 last_error=9 active=0
[2026-09-26T15:20:09.173+00:00] I (539919) RouteLoomRef: member end send_fail=2 established=1 failed=4 last_error=7
[2026-09-26T15:20:09.173+00:00] I (539920) RouteLoomRef: authority state=2 tx_sent=6 tx_failed=0 rx_accepted=1 rx_rejected=0 pull=0 busy=0 backoff_s=0
[2026-09-26T15:20:09.173+00:00] I (539920) RouteLoomRef: authority mesh tx_carrier=6 queued=6 shed=555 rx_carrier=2 denied=0 timeout=0
[2026-09-26T15:20:09.173+00:00] I (539920) RouteLoomRef: authority jobs accepted=4 failed=2 last=SESSION_UNAVAILABLE
[2026-09-26T15:20:09.173+00:00] I (539921) RouteLoomRef: member discovery rx=45 offer_tx=45 offer_rx=30 auth=3 kind_reject=0 capacity=0 send_fail=47
[2026-09-26T15:20:09.173+00:00] I (539921) RouteLoomRef: member scope raw=75 accepted=49 mac_reject=0 hint=0 generation=0 key_unavailable=0 budget=0
[2026-09-26T15:20:09.674+00:00] I (540420) RouteLoom: stack hwm main 7664 B
[2026-09-26T15:20:09.674+00:00] I (540420) RouteLoom: HIL HEAP free=106788 largest=90112 min=105492 B
[2026-09-26T15:20:09.674+00:00] I (540420) RouteLoom: HIL DISCOVERY candidates=1 neighbors=2 capacity=0 auth=3 stale=3 probes=66 send_failures=47 kind_rejects=0
[2026-09-26T15:20:09.674+00:00] I (540421) RouteLoom: HIL ROUTE peer=1 phase=7 via=0 metric=0 generation=0 seq=0
[2026-09-26T15:20:09.674+00:00] I (540421) RouteLoom: HIL ROUTE peer=2 phase=7 via=0 metric=0 generation=0 seq=0
[2026-09-26T15:20:09.674+00:00] I (540422) RouteLoom: HIL ROUTE peer=3 phase=-1 via=0 metric=0 generation=0 seq=0
[2026-09-26T15:20:10.777+00:00] I (541552) RouteLoomRef: discovery event=DISCOVERY_FAILED peer=0
[2026-09-26T15:20:10.777+00:00] W (541552) RouteLoomRef: diagnostic reason=DISCOVERY_FAILED peer=0 message=none
[2026-09-26T15:20:14.188+00:00] I (544919) RouteLoomRef: member state=4 links=2 ends=1 authority=1/1 confirm=1 demux_drop=10
[2026-09-26T15:20:14.188+00:00] I (544920) RouteLoomRef: member handshake starts=49 requests=2 rejected=0 send_fail=4 established=3 failed=2 last_error=9 active=0
[2026-09-26T15:20:14.188+00:00] I (544920) RouteLoomRef: member end send_fail=2 established=1 failed=4 last_error=7
[2026-09-26T15:20:14.188+00:00] I (544921) RouteLoomRef: authority state=2 tx_sent=6 tx_failed=0 rx_accepted=1 rx_rejected=0 pull=0 busy=0 backoff_s=0
[2026-09-26T15:20:14.188+00:00] I (544921) RouteLoomRef: authority mesh tx_carrier=6 queued=6 shed=555 rx_carrier=2 denied=0 timeout=0
[2026-09-26T15:20:14.188+00:00] I (544921) RouteLoomRef: authority jobs accepted=4 failed=2 last=SESSION_UNAVAILABLE
[2026-09-26T15:20:14.188+00:00] I (544922) RouteLoomRef: member discovery rx=45 offer_tx=45 offer_rx=30 auth=3 kind_reject=0 capacity=0 send_fail=47
[2026-09-26T15:20:14.188+00:00] I (544922) RouteLoomRef: member scope raw=75 accepted=49 mac_reject=0 hint=0 generation=0 key_unavailable=0 budget=0
[2026-09-26T15:20:16.394+00:00] I (547150) RouteLoomRef: RLD1 rx kind=1 ch=6 generation=16 src=94:a9:90:6a:ee:c4 dest=ff:ff:ff:ff:ff:ff
[2026-09-26T15:20:16.494+00:00] W (547282) ESPNOW: Peer exists. Please call API esp_now_mod_peer()!
[2026-09-26T15:20:19.200+00:00] I (549921) RouteLoomRef: member state=4 links=2 ends=1 authority=1/1 confirm=1 demux_drop=10
[2026-09-26T15:20:19.200+00:00] I (549922) RouteLoomRef: member handshake starts=50 requests=2 rejected=0 send_fail=4 established=3 failed=2 last_error=9 active=0
[2026-09-26T15:20:19.200+00:00] I (549922) RouteLoomRef: member end send_fail=2 established=1 failed=4 last_error=7
[2026-09-26T15:20:19.200+00:00] I (549923) RouteLoomRef: authority state=2 tx_sent=6 tx_failed=0 rx_accepted=1 rx_rejected=0 pull=0 busy=0 backoff_s=0
[2026-09-26T15:20:19.200+00:00] I (549923) RouteLoomRef: authority mesh tx_carrier=6 queued=6 shed=555 rx_carrier=2 denied=0 timeout=0
[2026-09-26T15:20:19.200+00:00] I (549923) RouteLoomRef: authority jobs accepted=4 failed=2 last=SESSION_UNAVAILABLE
[2026-09-26T15:20:19.200+00:00] I (549924) RouteLoomRef: member discovery rx=46 offer_tx=46 offer_rx=30 auth=3 kind_reject=0 capacity=0 send_fail=47
[2026-09-26T15:20:19.200+00:00] I (549924) RouteLoomRef: member scope raw=76 accepted=50 mac_reject=0 hint=0 generation=0 key_unavailable=0 budget=0
[2026-09-26T15:20:23.811+00:00] I (554535) RouteLoomRef: RLD1 rx kind=1 ch=6 generation=16 src=94:a9:90:6a:ee:c4 dest=ff:ff:ff:ff:ff:ff
[2026-09-26T15:20:23.911+00:00] W (554658) ESPNOW: Peer exists. Please call API esp_now_mod_peer()!
[2026-09-26T15:20:24.112+00:00] I (554921) RouteLoomRef: member state=4 links=2 ends=1 authority=1/1 confirm=1 demux_drop=10
[2026-09-26T15:20:24.112+00:00] I (554922) RouteLoomRef: member handshake starts=51 requests=2 rejected=0 send_fail=4 established=3 failed=2 last_error=9 active=0
[2026-09-26T15:20:24.112+00:00] I (554922) RouteLoomRef: member end send_fail=2 established=1 failed=4 last_error=7
[2026-09-26T15:20:24.112+00:00] I (554923) RouteLoomRef: authority state=2 tx_sent=6 tx_failed=0 rx_accepted=1 rx_rejected=0 pull=0 busy=0 backoff_s=0
[2026-09-26T15:20:24.112+00:00] I (554923) RouteLoomRef: authority mesh tx_carrier=6 queued=6 shed=555 rx_carrier=2 denied=0 timeout=0
[2026-09-26T15:20:24.112+00:00] I (554923) RouteLoomRef: authority jobs accepted=4 failed=2 last=SESSION_UNAVAILABLE
[2026-09-26T15:20:24.212+00:00] I (554924) RouteLoomRef: member discovery rx=47 offer_tx=47 offer_rx=30 auth=3 kind_reject=0 capacity=0 send_fail=47
[2026-09-26T15:20:24.212+00:00] I (554924) RouteLoomRef: member scope raw=77 accepted=51 mac_reject=0 hint=0 generation=0 key_unavailable=0 budget=0
[2026-09-26T15:20:24.613+00:00] I (555409) RouteLoomRef: RLD1 rx kind=1 ch=6 generation=16 src=94:a9:90:6a:ee:c4 dest=ff:ff:ff:ff:ff:ff
[2026-09-26T15:20:24.713+00:00] W (555433) ESPNOW: Peer exists. Please call API esp_now_mod_peer()!
[2026-09-26T15:20:26.219+00:00] I (556992) RouteLoomRef: RLD1 rx kind=1 ch=6 generation=16 src=94:a9:90:6a:ee:c4 dest=ff:ff:ff:ff:ff:ff
[2026-09-26T15:20:26.219+00:00] W (557016) ESPNOW: Peer exists. Please call API esp_now_mod_peer()!
[2026-09-26T15:20:29.130+00:00] I (559922) RouteLoomRef: member state=4 links=2 ends=1 authority=1/1 confirm=1 demux_drop=10
[2026-09-26T15:20:29.130+00:00] I (559923) RouteLoomRef: member handshake starts=53 requests=2 rejected=0 send_fail=4 established=3 failed=2 last_error=9 active=0
[2026-09-26T15:20:29.130+00:00] I (559923) RouteLoomRef: member end send_fail=2 established=1 failed=4 last_error=7
[2026-09-26T15:20:29.130+00:00] I (559924) RouteLoomRef: authority state=2 tx_sent=6 tx_failed=0 rx_accepted=1 rx_rejected=0 pull=0 busy=0 backoff_s=0
[2026-09-26T15:20:29.130+00:00] I (559924) RouteLoomRef: authority mesh tx_carrier=6 queued=6 shed=555 rx_carrier=2 denied=0 timeout=0
[2026-09-26T15:20:29.130+00:00] I (559924) RouteLoomRef: authority jobs accepted=4 failed=2 last=SESSION_UNAVAILABLE
[2026-09-26T15:20:29.130+00:00] I (559925) RouteLoomRef: member discovery rx=49 offer_tx=49 offer_rx=30 auth=3 kind_reject=0 capacity=0 send_fail=47
[2026-09-26T15:20:29.130+00:00] I (559925) RouteLoomRef: member scope raw=79 accepted=53 mac_reject=0 hint=0 generation=0 key_unavailable=0 budget=0
[2026-09-26T15:20:29.230+00:00] I (559989) RouteLoomRef: RLD1 rx kind=1 ch=6 generation=16 src=94:a9:90:6a:ee:c4 dest=ff:ff:ff:ff:ff:ff
[2026-09-26T15:20:29.330+00:00] W (560073) ESPNOW: Peer exists. Please call API esp_now_mod_peer()!
[2026-09-26T15:20:34.153+00:00] I (564922) RouteLoomRef: member state=4 links=2 ends=1 authority=1/1 confirm=1 demux_drop=10
[2026-09-26T15:20:34.153+00:00] I (564923) RouteLoomRef: member handshake starts=54 requests=2 rejected=0 send_fail=4 established=3 failed=2 last_error=9 active=0
[2026-09-26T15:20:34.153+00:00] I (564923) RouteLoomRef: member end send_fail=2 established=1 failed=4 last_error=7
[2026-09-26T15:20:34.153+00:00] I (564924) RouteLoomRef: authority state=2 tx_sent=6 tx_failed=0 rx_accepted=1 rx_rejected=0 pull=0 busy=0 backoff_s=0
[2026-09-26T15:20:34.153+00:00] I (564924) RouteLoomRef: authority mesh tx_carrier=6 queued=6 shed=555 rx_carrier=2 denied=0 timeout=0
[2026-09-26T15:20:34.153+00:00] I (564924) RouteLoomRef: authority jobs accepted=4 failed=2 last=SESSION_UNAVAILABLE
[2026-09-26T15:20:34.153+00:00] I (564925) RouteLoomRef: member discovery rx=50 offer_tx=50 offer_rx=30 auth=3 kind_reject=0 capacity=0 send_fail=47
[2026-09-26T15:20:34.153+00:00] I (564925) RouteLoomRef: member scope raw=80 accepted=54 mac_reject=0 hint=0 generation=0 key_unavailable=0 budget=0
[2026-09-26T15:20:35.056+00:00] I (565826) RouteLoomRef: RLD1 rx kind=1 ch=6 generation=16 src=94:a9:90:6a:ee:c4 dest=ff:ff:ff:ff:ff:ff
[2026-09-26T15:20:35.156+00:00] W (565910) ESPNOW: Peer exists. Please call API esp_now_mod_peer()!
[2026-09-26T15:20:39.165+00:00] I (569922) RouteLoomRef: member state=4 links=2 ends=1 authority=1/1 confirm=1 demux_drop=10
[2026-09-26T15:20:39.165+00:00] I (569923) RouteLoomRef: member handshake starts=55 requests=2 rejected=0 send_fail=4 established=3 failed=2 last_error=9 active=0
[2026-09-26T15:20:39.165+00:00] I (569923) RouteLoomRef: member end send_fail=2 established=1 failed=4 last_error=7
[2026-09-26T15:20:39.165+00:00] I (569924) RouteLoomRef: authority state=2 tx_sent=6 tx_failed=0 rx_accepted=1 rx_rejected=0 pull=0 busy=0 backoff_s=0
[2026-09-26T15:20:39.165+00:00] I (569924) RouteLoomRef: authority mesh tx_carrier=6 queued=6 shed=555 rx_carrier=2 denied=0 timeout=0
[2026-09-26T15:20:39.165+00:00] I (569924) RouteLoomRef: authority jobs accepted=4 failed=2 last=SESSION_UNAVAILABLE
[2026-09-26T15:20:39.165+00:00] I (569925) RouteLoomRef: member discovery rx=51 offer_tx=51 offer_rx=30 auth=3 kind_reject=0 capacity=0 send_fail=47
[2026-09-26T15:20:39.165+00:00] I (569925) RouteLoomRef: member scope raw=81 accepted=55 mac_reject=0 hint=0 generation=0 key_unavailable=0 budget=0
[2026-09-26T15:20:44.178+00:00] I (574922) RouteLoomRef: member state=4 links=2 ends=1 authority=1/1 confirm=1 demux_drop=10
[2026-09-26T15:20:44.178+00:00] I (574923) RouteLoomRef: member handshake starts=55 requests=2 rejected=0 send_fail=4 established=3 failed=2 last_error=9 active=0
[2026-09-26T15:20:44.178+00:00] I (574923) RouteLoomRef: member end send_fail=2 established=1 failed=4 last_error=7
[2026-09-26T15:20:44.178+00:00] I (574924) RouteLoomRef: authority state=2 tx_sent=6 tx_failed=0 rx_accepted=1 rx_rejected=0 pull=0 busy=0 backoff_s=0
[2026-09-26T15:20:44.178+00:00] I (574924) RouteLoomRef: authority mesh tx_carrier=6 queued=6 shed=555 rx_carrier=2 denied=0 timeout=0
[2026-09-26T15:20:44.178+00:00] I (574924) RouteLoomRef: authority jobs accepted=4 failed=2 last=SESSION_UNAVAILABLE
[2026-09-26T15:20:44.178+00:00] I (574925) RouteLoomRef: member discovery rx=51 offer_tx=51 offer_rx=30 auth=3 kind_reject=0 capacity=0 send_fail=47
[2026-09-26T15:20:44.178+00:00] I (574925) RouteLoomRef: member scope raw=81 accepted=55 mac_reject=0 hint=0 generation=0 key_unavailable=0 budget=0
[2026-09-26T15:20:45.982+00:00] I (576702) RouteLoomRef: discovery event=REDISCOVERY peer=1
[2026-09-26T15:20:45.982+00:00] W (576703) RouteLoomRef: diagnostic reason=REDISCOVERY peer=1 message=none
[2026-09-26T15:20:49.192+00:00] I (579922) RouteLoomRef: member state=4 links=2 ends=1 authority=1/1 confirm=1 demux_drop=10
[2026-09-26T15:20:49.192+00:00] I (579923) RouteLoomRef: member handshake starts=55 requests=2 rejected=0 send_fail=4 established=3 failed=2 last_error=9 active=0
[2026-09-26T15:20:49.192+00:00] I (579923) RouteLoomRef: member end send_fail=2 established=1 failed=4 last_error=7
[2026-09-26T15:20:49.192+00:00] I (579924) RouteLoomRef: authority state=2 tx_sent=6 tx_failed=0 rx_accepted=1 rx_rejected=0 pull=0 busy=0 backoff_s=0
[2026-09-26T15:20:49.192+00:00] I (579924) RouteLoomRef: authority mesh tx_carrier=6 queued=6 shed=555 rx_carrier=2 denied=0 timeout=0
[2026-09-26T15:20:49.192+00:00] I (579924) RouteLoomRef: authority jobs accepted=4 failed=2 last=SESSION_UNAVAILABLE
[2026-09-26T15:20:49.192+00:00] I (579925) RouteLoomRef: member discovery rx=51 offer_tx=51 offer_rx=30 auth=3 kind_reject=0 capacity=0 send_fail=47
[2026-09-26T15:20:49.192+00:00] I (579925) RouteLoomRef: member scope raw=81 accepted=55 mac_reject=0 hint=0 generation=0 key_unavailable=0 budget=0
[2026-09-26T15:20:54.210+00:00] I (584922) RouteLoomRef: member state=4 links=2 ends=1 authority=1/1 confirm=1 demux_drop=10
[2026-09-26T15:20:54.210+00:00] I (584923) RouteLoomRef: member handshake starts=55 requests=2 rejected=0 send_fail=4 established=3 failed=2 last_error=9 active=0
[2026-09-26T15:20:54.210+00:00] I (584923) RouteLoomRef: member end send_fail=2 established=1 failed=4 last_error=7
[2026-09-26T15:20:54.210+00:00] I (584924) RouteLoomRef: authority state=2 tx_sent=6 tx_failed=0 rx_accepted=1 rx_rejected=0 pull=0 busy=0 backoff_s=0
[2026-09-26T15:20:54.210+00:00] I (584924) RouteLoomRef: authority mesh tx_carrier=6 queued=6 shed=555 rx_carrier=2 denied=0 timeout=0
[2026-09-26T15:20:54.210+00:00] I (584924) RouteLoomRef: authority jobs accepted=4 failed=2 last=SESSION_UNAVAILABLE
[2026-09-26T15:20:54.210+00:00] I (584925) RouteLoomRef: member discovery rx=51 offer_tx=51 offer_rx=30 auth=3 kind_reject=0 capacity=0 send_fail=47
[2026-09-26T15:20:54.210+00:00] I (584925) RouteLoomRef: member scope raw=81 accepted=55 mac_reject=0 hint=0 generation=0 key_unavailable=0 budget=0
[2026-09-26T15:20:59.122+00:00] I (589922) RouteLoomRef: member state=4 links=2 ends=1 authority=1/1 confirm=1 demux_drop=10
[2026-09-26T15:20:59.122+00:00] I (589923) RouteLoomRef: member handshake starts=55 requests=2 rejected=0 send_fail=4 established=3 failed=2 last_error=9 active=0
[2026-09-26T15:20:59.122+00:00] I (589923) RouteLoomRef: member end send_fail=2 established=1 failed=4 last_error=7
[2026-09-26T15:20:59.122+00:00] I (589924) RouteLoomRef: authority state=2 tx_sent=6 tx_failed=0 rx_accepted=1 rx_rejected=0 pull=0 busy=0 backoff_s=0
[2026-09-26T15:20:59.122+00:00] I (589924) RouteLoomRef: authority mesh tx_carrier=6 queued=6 shed=555 rx_carrier=2 denied=0 timeout=0
[2026-09-26T15:20:59.122+00:00] I (589924) RouteLoomRef: authority jobs accepted=4 failed=2 last=SESSION_UNAVAILABLE
[2026-09-26T15:20:59.122+00:00] I (589925) RouteLoomRef: member discovery rx=51 offer_tx=51 offer_rx=30 auth=3 kind_reject=0 capacity=0 send_fail=47
[2026-09-26T15:20:59.122+00:00] I (589925) RouteLoomRef: member scope raw=81 accepted=55 mac_reject=0 hint=0 generation=0 key_unavailable=0 budget=0
[2026-09-26T15:21:04.134+00:00] I (594922) RouteLoomRef: member state=4 links=2 ends=1 authority=1/1 confirm=1 demux_drop=10
[2026-09-26T15:21:04.134+00:00] I (594923) RouteLoomRef: member handshake starts=55 requests=2 rejected=0 send_fail=4 established=3 failed=2 last_error=9 active=0
[2026-09-26T15:21:04.134+00:00] I (594923) RouteLoomRef: member end send_fail=2 established=1 failed=4 last_error=7
[2026-09-26T15:21:04.134+00:00] I (594924) RouteLoomRef: authority state=2 tx_sent=6 tx_failed=0 rx_accepted=1 rx_rejected=0 pull=0 busy=0 backoff_s=0
[2026-09-26T15:21:04.134+00:00] I (594924) RouteLoomRef: authority mesh tx_carrier=6 queued=6 shed=555 rx_carrier=2 denied=0 timeout=0
[2026-09-26T15:21:04.134+00:00] I (594924) RouteLoomRef: authority jobs accepted=4 failed=2 last=SESSION_UNAVAILABLE
[2026-09-26T15:21:04.134+00:00] I (594925) RouteLoomRef: member discovery rx=51 offer_tx=51 offer_rx=30 auth=3 kind_reject=0 capacity=0 send_fail=47
[2026-09-26T15:21:04.134+00:00] I (594925) RouteLoomRef: member scope raw=81 accepted=55 mac_reject=0 hint=0 generation=0 key_unavailable=0 budget=0
[2026-09-26T15:21:09.149+00:00] I (599922) RouteLoomRef: member state=4 links=2 ends=1 authority=1/1 confirm=1 demux_drop=10
[2026-09-26T15:21:09.149+00:00] I (599923) RouteLoomRef: member handshake starts=55 requests=2 rejected=0 send_fail=4 established=3 failed=2 last_error=9 active=0
[2026-09-26T15:21:09.149+00:00] I (599923) RouteLoomRef: member end send_fail=2 established=1 failed=4 last_error=7
[2026-09-26T15:21:09.149+00:00] I (599924) RouteLoomRef: authority state=2 tx_sent=6 tx_failed=0 rx_accepted=1 rx_rejected=0 pull=0 busy=0 backoff_s=0
[2026-09-26T15:21:09.149+00:00] I (599924) RouteLoomRef: authority mesh tx_carrier=6 queued=6 shed=555 rx_carrier=2 denied=0 timeout=0
[2026-09-26T15:21:09.149+00:00] I (599924) RouteLoomRef: authority jobs accepted=4 failed=2 last=SESSION_UNAVAILABLE
[2026-09-26T15:21:09.149+00:00] I (599925) RouteLoomRef: member discovery rx=51 offer_tx=51 offer_rx=30 auth=3 kind_reject=0 capacity=0 send_fail=47
[2026-09-26T15:21:09.149+00:00] I (599925) RouteLoomRef: member scope raw=81 accepted=55 mac_reject=0 hint=0 generation=0 key_unavailable=0 budget=0
[2026-09-26T15:21:09.650+00:00] I (600420) RouteLoom: stack hwm main 7664 B
[2026-09-26T15:21:09.650+00:00] I (600420) RouteLoom: HIL HEAP free=106788 largest=90112 min=105492 B
[2026-09-26T15:21:09.650+00:00] I (600420) RouteLoom: HIL DISCOVERY candidates=0 neighbors=2 capacity=0 auth=3 stale=3 probes=67 send_failures=47 kind_rejects=0
[2026-09-26T15:21:09.650+00:00] I (600421) RouteLoom: HIL ROUTE peer=1 phase=7 via=0 metric=0 generation=0 seq=0
[2026-09-26T15:21:09.650+00:00] I (600421) RouteLoom: HIL ROUTE peer=2 phase=7 via=0 metric=0 generation=0 seq=0
[2026-09-26T15:21:09.650+00:00] I (600422) RouteLoom: HIL ROUTE peer=3 phase=-1 via=0 metric=0 generation=0 seq=0
[2026-09-26T15:21:12.763+00:00] I (603490) RouteLoomRef: RLD1 rx kind=1 ch=6 generation=16 src=94:a9:90:6a:ee:c4 dest=ff:ff:ff:ff:ff:ff
[2026-09-26T15:21:12.763+00:00] W (603514) ESPNOW: Peer exists. Please call API esp_now_mod_peer()!
[2026-09-26T15:21:13.665+00:00] I (604427) RouteLoomRef: RLD1 rx kind=1 ch=6 generation=16 src=94:a9:90:6a:ee:c4 dest=ff:ff:ff:ff:ff:ff
[2026-09-26T15:21:13.665+00:00] W (604469) ESPNOW: Peer exists. Please call API esp_now_mod_peer()!
[2026-09-26T15:21:14.166+00:00] I (604923) RouteLoomRef: member state=4 links=2 ends=1 authority=1/1 confirm=1 demux_drop=10
[2026-09-26T15:21:14.166+00:00] I (604924) RouteLoomRef: member handshake starts=57 requests=2 rejected=0 send_fail=4 established=3 failed=2 last_error=9 active=0
[2026-09-26T15:21:14.166+00:00] I (604924) RouteLoomRef: member end send_fail=2 established=1 failed=4 last_error=7
[2026-09-26T15:21:14.166+00:00] I (604925) RouteLoomRef: authority state=2 tx_sent=6 tx_failed=0 rx_accepted=1 rx_rejected=0 pull=0 busy=0 backoff_s=0
[2026-09-26T15:21:14.166+00:00] I (604925) RouteLoomRef: authority mesh tx_carrier=6 queued=6 shed=555 rx_carrier=2 denied=0 timeout=0
[2026-09-26T15:21:14.166+00:00] I (604925) RouteLoomRef: authority jobs accepted=4 failed=2 last=SESSION_UNAVAILABLE
[2026-09-26T15:21:14.166+00:00] I (604926) RouteLoomRef: member discovery rx=53 offer_tx=53 offer_rx=30 auth=3 kind_reject=0 capacity=0 send_fail=47
[2026-09-26T15:21:14.166+00:00] I (604926) RouteLoomRef: member scope raw=83 accepted=57 mac_reject=0 hint=0 generation=0 key_unavailable=0 budget=0
[2026-09-26T15:21:15.369+00:00] I (606130) RouteLoomRef: RLD1 rx kind=1 ch=6 generation=16 src=94:a9:90:6a:ee:c4 dest=ff:ff:ff:ff:ff:ff
[2026-09-26T15:21:15.469+00:00] W (606223) ESPNOW: Peer exists. Please call API esp_now_mod_peer()!
[2026-09-26T15:21:18.578+00:00] I (609372) RouteLoomRef: RLD1 rx kind=1 ch=6 generation=16 src=94:a9:90:6a:ee:c4 dest=ff:ff:ff:ff:ff:ff
[2026-09-26T15:21:18.778+00:00] W (609495) ESPNOW: Peer exists. Please call API esp_now_mod_peer()!
[2026-09-26T15:21:18.878+00:00] W (609602) ESPNOW: Peer exists. Please call API esp_now_mod_peer()!
[2026-09-26T15:21:19.179+00:00] I (609923) RouteLoomRef: member state=4 links=2 ends=1 authority=1/1 confirm=1 demux_drop=10
[2026-09-26T15:21:19.179+00:00] I (609924) RouteLoomRef: member handshake starts=59 requests=2 rejected=0 send_fail=5 established=3 failed=2 last_error=6 active=1
[2026-09-26T15:21:19.179+00:00] I (609924) RouteLoomRef: member end send_fail=2 established=1 failed=4 last_error=7
[2026-09-26T15:21:19.179+00:00] I (609924) RouteLoomRef: authority state=2 tx_sent=6 tx_failed=0 rx_accepted=1 rx_rejected=0 pull=0 busy=0 backoff_s=0
[2026-09-26T15:21:19.179+00:00] I (609925) RouteLoomRef: authority mesh tx_carrier=6 queued=6 shed=555 rx_carrier=2 denied=0 timeout=0
[2026-09-26T15:21:19.179+00:00] I (609925) RouteLoomRef: authority jobs accepted=4 failed=2 last=SESSION_UNAVAILABLE
[2026-09-26T15:21:19.179+00:00] I (609925) RouteLoomRef: member discovery rx=55 offer_tx=55 offer_rx=30 auth=3 kind_reject=0 capacity=0 send_fail=47
[2026-09-26T15:21:19.179+00:00] I (609926) RouteLoomRef: member scope raw=85 accepted=59 mac_reject=0 hint=0 generation=0 key_unavailable=0 budget=0
[2026-09-26T15:21:19.379+00:00] W (610104) ESPNOW: Peer exists. Please call API esp_now_mod_peer()!
[2026-09-26T15:21:19.880+00:00] W (610606) ESPNOW: Peer exists. Please call API esp_now_mod_peer()!
[2026-09-26T15:21:20.281+00:00] W (611092) ESPNOW: Peer exists. Please call API esp_now_mod_peer()!
[2026-09-26T15:21:24.190+00:00] I (614925) RouteLoomRef: member state=4 links=2 ends=1 authority=1/1 confirm=1 demux_drop=12
[2026-09-26T15:21:24.190+00:00] I (614926) RouteLoomRef: member handshake starts=59 requests=2 rejected=0 send_fail=5 established=3 failed=3 last_error=9 active=0
[2026-09-26T15:21:24.190+00:00] I (614926) RouteLoomRef: member end send_fail=2 established=1 failed=4 last_error=7
[2026-09-26T15:21:24.190+00:00] I (614926) RouteLoomRef: authority state=2 tx_sent=6 tx_failed=0 rx_accepted=1 rx_rejected=0 pull=0 busy=0 backoff_s=0
[2026-09-26T15:21:24.190+00:00] I (614927) RouteLoomRef: authority mesh tx_carrier=6 queued=6 shed=555 rx_carrier=2 denied=0 timeout=0
[2026-09-26T15:21:24.190+00:00] I (614927) RouteLoomRef: authority jobs accepted=4 failed=2 last=SESSION_UNAVAILABLE
[2026-09-26T15:21:24.190+00:00] I (614927) RouteLoomRef: member discovery rx=55 offer_tx=55 offer_rx=30 auth=3 kind_reject=0 capacity=0 send_fail=47
[2026-09-26T15:21:24.190+00:00] I (614928) RouteLoomRef: member scope raw=85 accepted=59 mac_reject=0 hint=0 generation=0 key_unavailable=0 budget=0
[2026-09-26T15:21:29.208+00:00] I (619926) RouteLoomRef: member state=4 links=2 ends=1 authority=1/1 confirm=1 demux_drop=12
[2026-09-26T15:21:29.208+00:00] I (619927) RouteLoomRef: member handshake starts=59 requests=2 rejected=0 send_fail=5 established=3 failed=3 last_error=9 active=0
[2026-09-26T15:21:29.208+00:00] I (619927) RouteLoomRef: member end send_fail=2 established=1 failed=4 last_error=7
[2026-09-26T15:21:29.208+00:00] I (619927) RouteLoomRef: authority state=2 tx_sent=6 tx_failed=0 rx_accepted=1 rx_rejected=0 pull=0 busy=0 backoff_s=0
[2026-09-26T15:21:29.208+00:00] I (619928) RouteLoomRef: authority mesh tx_carrier=6 queued=6 shed=555 rx_carrier=2 denied=0 timeout=0
[2026-09-26T15:21:29.208+00:00] I (619928) RouteLoomRef: authority jobs accepted=4 failed=2 last=SESSION_UNAVAILABLE
[2026-09-26T15:21:29.208+00:00] I (619928) RouteLoomRef: member discovery rx=55 offer_tx=55 offer_rx=30 auth=3 kind_reject=0 capacity=0 send_fail=47
[2026-09-26T15:21:29.208+00:00] I (619929) RouteLoomRef: member scope raw=85 accepted=59 mac_reject=0 hint=0 generation=0 key_unavailable=0 budget=0
[2026-09-26T15:21:34.119+00:00] I (624927) RouteLoomRef: member state=4 links=2 ends=1 authority=1/1 confirm=1 demux_drop=12
[2026-09-26T15:21:34.119+00:00] I (624928) RouteLoomRef: member handshake starts=59 requests=2 rejected=0 send_fail=5 established=3 failed=3 last_error=9 active=0
[2026-09-26T15:21:34.119+00:00] I (624928) RouteLoomRef: member end send_fail=2 established=1 failed=4 last_error=7
[2026-09-26T15:21:34.119+00:00] I (624928) RouteLoomRef: authority state=2 tx_sent=6 tx_failed=0 rx_accepted=1 rx_rejected=0 pull=0 busy=0 backoff_s=0
[2026-09-26T15:21:34.119+00:00] I (624929) RouteLoomRef: authority mesh tx_carrier=6 queued=6 shed=555 rx_carrier=2 denied=0 timeout=0
[2026-09-26T15:21:34.119+00:00] I (624929) RouteLoomRef: authority jobs accepted=4 failed=2 last=SESSION_UNAVAILABLE
[2026-09-26T15:21:34.119+00:00] I (624929) RouteLoomRef: member discovery rx=55 offer_tx=55 offer_rx=30 auth=3 kind_reject=0 capacity=0 send_fail=47
[2026-09-26T15:21:34.119+00:00] I (624930) RouteLoomRef: member scope raw=85 accepted=59 mac_reject=0 hint=0 generation=0 key_unavailable=0 budget=0
[2026-09-26T15:21:39.134+00:00] I (629928) RouteLoomRef: member state=4 links=2 ends=1 authority=1/1 confirm=1 demux_drop=12
[2026-09-26T15:21:39.134+00:00] I (629929) RouteLoomRef: member handshake starts=59 requests=2 rejected=0 send_fail=5 established=3 failed=3 last_error=9 active=0
[2026-09-26T15:21:39.134+00:00] I (629929) RouteLoomRef: member end send_fail=2 established=1 failed=4 last_error=7
[2026-09-26T15:21:39.134+00:00] I (629929) RouteLoomRef: authority state=2 tx_sent=6 tx_failed=0 rx_accepted=1 rx_rejected=0 pull=0 busy=0 backoff_s=0
[2026-09-26T15:21:39.134+00:00] I (629930) RouteLoomRef: authority mesh tx_carrier=6 queued=6 shed=555 rx_carrier=2 denied=0 timeout=0
[2026-09-26T15:21:39.134+00:00] I (629930) RouteLoomRef: authority jobs accepted=4 failed=2 last=SESSION_UNAVAILABLE
[2026-09-26T15:21:39.134+00:00] I (629930) RouteLoomRef: member discovery rx=55 offer_tx=55 offer_rx=30 auth=3 kind_reject=0 capacity=0 send_fail=47
[2026-09-26T15:21:39.134+00:00] I (629931) RouteLoomRef: member scope raw=85 accepted=59 mac_reject=0 hint=0 generation=0 key_unavailable=0 budget=0
[2026-09-26T15:21:44.156+00:00] I (634929) RouteLoomRef: member state=4 links=2 ends=1 authority=1/1 confirm=1 demux_drop=12
[2026-09-26T15:21:44.156+00:00] I (634930) RouteLoomRef: member handshake starts=59 requests=2 rejected=0 send_fail=5 established=3 failed=3 last_error=9 active=0
[2026-09-26T15:21:44.156+00:00] I (634930) RouteLoomRef: member end send_fail=2 established=1 failed=4 last_error=7
[2026-09-26T15:21:44.156+00:00] I (634930) RouteLoomRef: authority state=2 tx_sent=6 tx_failed=0 rx_accepted=1 rx_rejected=0 pull=0 busy=0 backoff_s=0
[2026-09-26T15:21:44.156+00:00] I (634931) RouteLoomRef: authority mesh tx_carrier=6 queued=6 shed=555 rx_carrier=2 denied=0 timeout=0
[2026-09-26T15:21:44.156+00:00] I (634931) RouteLoomRef: authority jobs accepted=4 failed=2 last=SESSION_UNAVAILABLE
[2026-09-26T15:21:44.156+00:00] I (634931) RouteLoomRef: member discovery rx=55 offer_tx=55 offer_rx=30 auth=3 kind_reject=0 capacity=0 send_fail=47
[2026-09-26T15:21:44.156+00:00] I (634932) RouteLoomRef: member scope raw=85 accepted=59 mac_reject=0 hint=0 generation=0 key_unavailable=0 budget=0
[2026-09-26T15:21:45.962+00:00] I (636704) RouteLoomRef: discovery event=REDISCOVERY peer=2
[2026-09-26T15:21:45.962+00:00] W (636705) RouteLoomRef: diagnostic reason=REDISCOVERY peer=2 message=none
[2026-09-26T15:21:47.164+00:00] W (637972) RouteLoomRef: diagnostic reason=RX_CONTEXT_CHANGED peer=1 message=present
[2026-09-26T15:21:48.167+00:00] I (638880) RouteLoomRef: RLD1 rx kind=2 ch=6 generation=16 src=94:a9:90:7a:26:ac dest=10:bd:a3:b1:48:a8
[2026-09-26T15:21:48.167+00:00] I (638880) RouteLoomRef: RLD1 offer result state=0 expected_generation=16 observations=0 dropped=0
[2026-09-26T15:21:49.169+00:00] I (639930) RouteLoomRef: member state=4 links=2 ends=1 authority=1/1 confirm=1 demux_drop=12
[2026-09-26T15:21:49.169+00:00] I (639931) RouteLoomRef: member handshake starts=59 requests=2 rejected=0 send_fail=5 established=3 failed=3 last_error=9 active=0
[2026-09-26T15:21:49.169+00:00] I (639931) RouteLoomRef: member end send_fail=2 established=1 failed=4 last_error=7
[2026-09-26T15:21:49.169+00:00] I (639931) RouteLoomRef: authority state=2 tx_sent=6 tx_failed=0 rx_accepted=1 rx_rejected=0 pull=0 busy=0 backoff_s=0
[2026-09-26T15:21:49.169+00:00] I (639932) RouteLoomRef: authority mesh tx_carrier=6 queued=6 shed=555 rx_carrier=2 denied=0 timeout=0
[2026-09-26T15:21:49.169+00:00] I (639932) RouteLoomRef: authority jobs accepted=4 failed=2 last=SESSION_UNAVAILABLE
[2026-09-26T15:21:49.169+00:00] I (639932) RouteLoomRef: member discovery rx=55 offer_tx=55 offer_rx=31 auth=3 kind_reject=0 capacity=0 send_fail=47
[2026-09-26T15:21:49.169+00:00] I (639933) RouteLoomRef: member scope raw=86 accepted=59 mac_reject=0 hint=0 generation=0 key_unavailable=0 budget=0
[2026-09-26T15:21:54.183+00:00] I (644931) RouteLoomRef: member state=4 links=2 ends=1 authority=1/1 confirm=1 demux_drop=12
[2026-09-26T15:21:54.183+00:00] I (644932) RouteLoomRef: member handshake starts=59 requests=2 rejected=0 send_fail=5 established=3 failed=3 last_error=9 active=0
[2026-09-26T15:21:54.183+00:00] I (644932) RouteLoomRef: member end send_fail=2 established=1 failed=4 last_error=7
[2026-09-26T15:21:54.183+00:00] I (644932) RouteLoomRef: authority state=2 tx_sent=6 tx_failed=0 rx_accepted=1 rx_rejected=0 pull=0 busy=0 backoff_s=0
[2026-09-26T15:21:54.183+00:00] I (644933) RouteLoomRef: authority mesh tx_carrier=6 queued=6 shed=555 rx_carrier=2 denied=0 timeout=0
[2026-09-26T15:21:54.183+00:00] I (644933) RouteLoomRef: authority jobs accepted=4 failed=2 last=SESSION_UNAVAILABLE
[2026-09-26T15:21:54.183+00:00] I (644933) RouteLoomRef: member discovery rx=55 offer_tx=55 offer_rx=31 auth=3 kind_reject=0 capacity=0 send_fail=47
[2026-09-26T15:21:54.183+00:00] I (644934) RouteLoomRef: member scope raw=86 accepted=59 mac_reject=0 hint=0 generation=0 key_unavailable=0 budget=0
[2026-09-26T15:21:59.197+00:00] I (649932) RouteLoomRef: member state=4 links=2 ends=1 authority=1/1 confirm=1 demux_drop=12
[2026-09-26T15:21:59.197+00:00] I (649933) RouteLoomRef: member handshake starts=59 requests=2 rejected=0 send_fail=5 established=3 failed=3 last_error=9 active=0
[2026-09-26T15:21:59.197+00:00] I (649933) RouteLoomRef: member end send_fail=2 established=1 failed=4 last_error=7
[2026-09-26T15:21:59.197+00:00] I (649933) RouteLoomRef: authority state=2 tx_sent=6 tx_failed=0 rx_accepted=1 rx_rejected=0 pull=0 busy=0 backoff_s=0
[2026-09-26T15:21:59.197+00:00] I (649934) RouteLoomRef: authority mesh tx_carrier=6 queued=6 shed=555 rx_carrier=2 denied=0 timeout=0
[2026-09-26T15:21:59.197+00:00] I (649934) RouteLoomRef: authority jobs accepted=4 failed=2 last=SESSION_UNAVAILABLE
[2026-09-26T15:21:59.197+00:00] I (649934) RouteLoomRef: member discovery rx=55 offer_tx=55 offer_rx=31 auth=3 kind_reject=0 capacity=0 send_fail=47
[2026-09-26T15:21:59.197+00:00] I (649935) RouteLoomRef: member scope raw=86 accepted=59 mac_reject=0 hint=0 generation=0 key_unavailable=0 budget=0
[2026-09-26T15:22:04.212+00:00] I (654933) RouteLoomRef: member state=4 links=2 ends=1 authority=1/1 confirm=1 demux_drop=12
[2026-09-26T15:22:04.212+00:00] I (654934) RouteLoomRef: member handshake starts=59 requests=2 rejected=0 send_fail=5 established=3 failed=3 last_error=9 active=0
[2026-09-26T15:22:04.212+00:00] I (654934) RouteLoomRef: member end send_fail=2 established=1 failed=4 last_error=7
[2026-09-26T15:22:04.213+00:00] I (654934) RouteLoomRef: authority state=2 tx_sent=6 tx_failed=0 rx_accepted=1 rx_rejected=0 pull=0 busy=0 backoff_s=0
[2026-09-26T15:22:04.213+00:00] I (654935) RouteLoomRef: authority mesh tx_carrier=6 queued=6 shed=555 rx_carrier=2 denied=0 timeout=0
[2026-09-26T15:22:04.213+00:00] I (654935) RouteLoomRef: authority jobs accepted=4 failed=2 last=SESSION_UNAVAILABLE
[2026-09-26T15:22:04.213+00:00] I (654935) RouteLoomRef: member discovery rx=55 offer_tx=55 offer_rx=31 auth=3 kind_reject=0 capacity=0 send_fail=47
[2026-09-26T15:22:04.213+00:00] I (654936) RouteLoomRef: member scope raw=86 accepted=59 mac_reject=0 hint=0 generation=0 key_unavailable=0 budget=0
[2026-09-26T15:22:09.126+00:00] I (659934) RouteLoomRef: member state=4 links=2 ends=1 authority=1/1 confirm=1 demux_drop=12
[2026-09-26T15:22:09.126+00:00] I (659935) RouteLoomRef: member handshake starts=59 requests=2 rejected=0 send_fail=5 established=3 failed=3 last_error=9 active=0
[2026-09-26T15:22:09.126+00:00] I (659935) RouteLoomRef: member end send_fail=2 established=1 failed=4 last_error=7
[2026-09-26T15:22:09.126+00:00] I (659935) RouteLoomRef: authority state=2 tx_sent=6 tx_failed=0 rx_accepted=1 rx_rejected=0 pull=0 busy=0 backoff_s=0
[2026-09-26T15:22:09.126+00:00] I (659936) RouteLoomRef: authority mesh tx_carrier=6 queued=6 shed=555 rx_carrier=2 denied=0 timeout=0
[2026-09-26T15:22:09.126+00:00] I (659936) RouteLoomRef: authority jobs accepted=4 failed=2 last=SESSION_UNAVAILABLE
[2026-09-26T15:22:09.126+00:00] I (659936) RouteLoomRef: member discovery rx=55 offer_tx=55 offer_rx=31 auth=3 kind_reject=0 capacity=0 send_fail=47
[2026-09-26T15:22:09.126+00:00] I (659937) RouteLoomRef: member scope raw=86 accepted=59 mac_reject=0 hint=0 generation=0 key_unavailable=0 budget=0
[2026-09-26T15:22:09.627+00:00] I (660422) RouteLoom: stack hwm main 7664 B
[2026-09-26T15:22:09.627+00:00] I (660422) RouteLoom: HIL HEAP free=106788 largest=90112 min=105492 B
[2026-09-26T15:22:09.627+00:00] I (660422) RouteLoom: HIL DISCOVERY candidates=0 neighbors=2 capacity=0 auth=3 stale=3 probes=67 send_failures=47 kind_rejects=0
[2026-09-26T15:22:09.627+00:00] I (660423) RouteLoom: HIL ROUTE peer=1 phase=7 via=0 metric=0 generation=0 seq=0
[2026-09-26T15:22:09.627+00:00] I (660423) RouteLoom: HIL ROUTE peer=2 phase=7 via=0 metric=0 generation=0 seq=0
[2026-09-26T15:22:09.627+00:00] I (660424) RouteLoom: HIL ROUTE peer=3 phase=-1 via=0 metric=0 generation=0 seq=0
[2026-09-26T15:22:12.234+00:00] I (663044) RouteLoomRef: RLD1 rx kind=1 ch=6 generation=16 src=94:a9:90:6a:ee:c4 dest=ff:ff:ff:ff:ff:ff
[2026-09-26T15:22:12.334+00:00] W (663077) ESPNOW: Peer exists. Please call API esp_now_mod_peer()!
[2026-09-26T15:22:13.838+00:00] I (664572) RouteLoomRef: RLD1 rx kind=1 ch=6 generation=16 src=94:a9:90:6a:ee:c4 dest=ff:ff:ff:ff:ff:ff
[2026-09-26T15:22:13.838+00:00] W (664605) ESPNOW: Peer exists. Please call API esp_now_mod_peer()!
[2026-09-26T15:22:14.139+00:00] I (664936) RouteLoomRef: member state=4 links=2 ends=1 authority=1/0 confirm=1 demux_drop=12
[2026-09-26T15:22:14.139+00:00] I (664937) RouteLoomRef: member handshake starts=61 requests=2 rejected=0 send_fail=5 established=3 failed=3 last_error=9 active=0
[2026-09-26T15:22:14.139+00:00] I (664937) RouteLoomRef: member end send_fail=2 established=1 failed=4 last_error=7
[2026-09-26T15:22:14.139+00:00] I (664937) RouteLoomRef: authority state=0 tx_sent=6 tx_failed=0 rx_accepted=1 rx_rejected=0 pull=0 busy=0 backoff_s=0
[2026-09-26T15:22:14.139+00:00] I (664938) RouteLoomRef: authority mesh tx_carrier=6 queued=6 shed=555 rx_carrier=2 denied=0 timeout=0
[2026-09-26T15:22:14.139+00:00] I (664938) RouteLoomRef: authority jobs accepted=4 failed=2 last=SESSION_UNAVAILABLE
[2026-09-26T15:22:14.139+00:00] I (664938) RouteLoomRef: member discovery rx=57 offer_tx=57 offer_rx=31 auth=3 kind_reject=0 capacity=0 send_fail=47
[2026-09-26T15:22:14.139+00:00] I (664939) RouteLoomRef: member scope raw=88 accepted=61 mac_reject=0 hint=0 generation=0 key_unavailable=0 budget=0
[2026-09-26T15:22:16.749+00:00] I (667474) RouteLoomRef: RLD1 rx kind=1 ch=6 generation=16 src=94:a9:90:6a:ee:c4 dest=ff:ff:ff:ff:ff:ff
[2026-09-26T15:22:16.749+00:00] W (667528) ESPNOW: Peer exists. Please call API esp_now_mod_peer()!
[2026-09-26T15:22:19.157+00:00] I (669938) RouteLoomRef: member state=4 links=2 ends=1 authority=1/0 confirm=1 demux_drop=12
[2026-09-26T15:22:19.157+00:00] I (669939) RouteLoomRef: member handshake starts=62 requests=2 rejected=0 send_fail=5 established=3 failed=3 last_error=9 active=0
[2026-09-26T15:22:19.157+00:00] I (669939) RouteLoomRef: member end send_fail=2 established=1 failed=4 last_error=7
[2026-09-26T15:22:19.157+00:00] I (669939) RouteLoomRef: authority state=0 tx_sent=6 tx_failed=0 rx_accepted=1 rx_rejected=0 pull=0 busy=0 backoff_s=0
[2026-09-26T15:22:19.157+00:00] I (669940) RouteLoomRef: authority mesh tx_carrier=6 queued=6 shed=555 rx_carrier=2 denied=0 timeout=0
[2026-09-26T15:22:19.157+00:00] I (669940) RouteLoomRef: authority jobs accepted=4 failed=2 last=SESSION_UNAVAILABLE
[2026-09-26T15:22:19.157+00:00] I (669940) RouteLoomRef: member discovery rx=58 offer_tx=58 offer_rx=31 auth=3 kind_reject=0 capacity=0 send_fail=47
[2026-09-26T15:22:19.157+00:00] I (669941) RouteLoomRef: member scope raw=89 accepted=62 mac_reject=0 hint=0 generation=0 key_unavailable=0 budget=0
[2026-09-26T15:22:22.363+00:00] I (673102) RouteLoomRef: RLD1 rx kind=1 ch=6 generation=16 src=94:a9:90:6a:ee:c4 dest=ff:ff:ff:ff:ff:ff
[2026-09-26T15:22:22.363+00:00] W (673135) ESPNOW: Peer exists. Please call API esp_now_mod_peer()!
[2026-09-26T15:22:24.166+00:00] I (674940) RouteLoomRef: member state=4 links=2 ends=1 authority=1/0 confirm=1 demux_drop=12
[2026-09-26T15:22:24.166+00:00] I (674941) RouteLoomRef: member handshake starts=63 requests=2 rejected=0 send_fail=5 established=3 failed=3 last_error=9 active=0
[2026-09-26T15:22:24.166+00:00] I (674941) RouteLoomRef: member end send_fail=2 established=1 failed=4 last_error=7
[2026-09-26T15:22:24.166+00:00] I (674941) RouteLoomRef: authority state=0 tx_sent=6 tx_failed=0 rx_accepted=1 rx_rejected=0 pull=0 busy=0 backoff_s=0
[2026-09-26T15:22:24.166+00:00] I (674942) RouteLoomRef: authority mesh tx_carrier=6 queued=6 shed=555 rx_carrier=2 denied=0 timeout=0
[2026-09-26T15:22:24.166+00:00] I (674942) RouteLoomRef: authority jobs accepted=4 failed=2 last=SESSION_UNAVAILABLE
[2026-09-26T15:22:24.166+00:00] I (674942) RouteLoomRef: member discovery rx=59 offer_tx=59 offer_rx=31 auth=3 kind_reject=0 capacity=0 send_fail=47
[2026-09-26T15:22:24.166+00:00] I (674943) RouteLoomRef: member scope raw=90 accepted=63 mac_reject=0 hint=0 generation=0 key_unavailable=0 budget=0
[2026-09-26T15:22:29.175+00:00] I (679941) RouteLoomRef: member state=4 links=2 ends=1 authority=1/0 confirm=1 demux_drop=12
[2026-09-26T15:22:29.175+00:00] I (679942) RouteLoomRef: member handshake starts=63 requests=2 rejected=0 send_fail=5 established=3 failed=3 last_error=9 active=0
[2026-09-26T15:22:29.175+00:00] I (679942) RouteLoomRef: member end send_fail=2 established=1 failed=4 last_error=7
[2026-09-26T15:22:29.175+00:00] I (679942) RouteLoomRef: authority state=0 tx_sent=6 tx_failed=0 rx_accepted=1 rx_rejected=0 pull=0 busy=0 backoff_s=0
[2026-09-26T15:22:29.175+00:00] I (679943) RouteLoomRef: authority mesh tx_carrier=6 queued=6 shed=555 rx_carrier=2 denied=0 timeout=0
[2026-09-26T15:22:29.175+00:00] I (679943) RouteLoomRef: authority jobs accepted=4 failed=2 last=SESSION_UNAVAILABLE
[2026-09-26T15:22:29.175+00:00] I (679943) RouteLoomRef: member discovery rx=59 offer_tx=59 offer_rx=31 auth=3 kind_reject=0 capacity=0 send_fail=47
[2026-09-26T15:22:29.175+00:00] I (679944) RouteLoomRef: member scope raw=90 accepted=63 mac_reject=0 hint=0 generation=0 key_unavailable=0 budget=0
[2026-09-26T15:22:33.487+00:00] I (684207) RouteLoomRef: RLD1 rx kind=1 ch=6 generation=16 src=94:a9:90:6a:ee:c4 dest=ff:ff:ff:ff:ff:ff
[2026-09-26T15:22:33.487+00:00] W (684270) ESPNOW: Peer exists. Please call API esp_now_mod_peer()!
[2026-09-26T15:22:33.587+00:00] W (684355) ESPNOW: Peer exists. Please call API esp_now_mod_peer()!
[2026-09-26T15:22:33.688+00:00] I (684480) RouteLoomRef: discovery event=REACHABLE peer=1
[2026-09-26T15:22:33.688+00:00] W (684480) RouteLoomRef: diagnostic reason=REACHABLE peer=1 message=none
[2026-09-26T15:22:34.189+00:00] I (684943) RouteLoomRef: member state=4 links=2 ends=1 authority=1/0 confirm=1 demux_drop=12
[2026-09-26T15:22:34.189+00:00] I (684944) RouteLoomRef: member handshake starts=64 requests=2 rejected=0 send_fail=6 established=4 failed=3 last_error=6 active=0
[2026-09-26T15:22:34.189+00:00] I (684944) RouteLoomRef: member end send_fail=2 established=1 failed=4 last_error=7
[2026-09-26T15:22:34.189+00:00] I (684945) RouteLoomRef: authority state=0 tx_sent=6 tx_failed=0 rx_accepted=1 rx_rejected=0 pull=0 busy=0 backoff_s=0
[2026-09-26T15:22:34.189+00:00] I (684945) RouteLoomRef: authority mesh tx_carrier=6 queued=6 shed=555 rx_carrier=2 denied=0 timeout=0
[2026-09-26T15:22:34.189+00:00] I (684945) RouteLoomRef: authority jobs accepted=4 failed=2 last=SESSION_UNAVAILABLE
[2026-09-26T15:22:34.189+00:00] I (684946) RouteLoomRef: member discovery rx=60 offer_tx=60 offer_rx=31 auth=4 kind_reject=0 capacity=0 send_fail=48
[2026-09-26T15:22:34.189+00:00] I (684946) RouteLoomRef: member scope raw=91 accepted=64 mac_reject=0 hint=0 generation=0 key_unavailable=0 budget=0
[2026-09-26T15:22:39.201+00:00] I (689944) RouteLoomRef: member state=4 links=2 ends=1 authority=1/0 confirm=1 demux_drop=12
[2026-09-26T15:22:39.201+00:00] I (689945) RouteLoomRef: member handshake starts=64 requests=2 rejected=0 send_fail=6 established=4 failed=3 last_error=6 active=0
[2026-09-26T15:22:39.201+00:00] I (689945) RouteLoomRef: member end send_fail=2 established=1 failed=4 last_error=7
[2026-09-26T15:22:39.201+00:00] I (689946) RouteLoomRef: authority state=0 tx_sent=6 tx_failed=0 rx_accepted=1 rx_rejected=0 pull=0 busy=0 backoff_s=0
[2026-09-26T15:22:39.201+00:00] I (689946) RouteLoomRef: authority mesh tx_carrier=6 queued=6 shed=555 rx_carrier=2 denied=0 timeout=0
[2026-09-26T15:22:39.201+00:00] I (689946) RouteLoomRef: authority jobs accepted=4 failed=2 last=SESSION_UNAVAILABLE
[2026-09-26T15:22:39.201+00:00] I (689947) RouteLoomRef: member discovery rx=60 offer_tx=60 offer_rx=31 auth=4 kind_reject=0 capacity=0 send_fail=48
[2026-09-26T15:22:39.201+00:00] I (689947) RouteLoomRef: member scope raw=91 accepted=64 mac_reject=0 hint=0 generation=0 key_unavailable=0 budget=0
[2026-09-26T15:22:44.217+00:00] I (694946) RouteLoomRef: member state=4 links=2 ends=1 authority=1/0 confirm=1 demux_drop=12
[2026-09-26T15:22:44.217+00:00] I (694947) RouteLoomRef: member handshake starts=64 requests=2 rejected=0 send_fail=6 established=4 failed=3 last_error=6 active=0
[2026-09-26T15:22:44.217+00:00] I (694947) RouteLoomRef: member end send_fail=2 established=1 failed=4 last_error=7
[2026-09-26T15:22:44.217+00:00] I (694948) RouteLoomRef: authority state=0 tx_sent=6 tx_failed=0 rx_accepted=1 rx_rejected=0 pull=0 busy=0 backoff_s=0
[2026-09-26T15:22:44.217+00:00] I (694948) RouteLoomRef: authority mesh tx_carrier=6 queued=6 shed=555 rx_carrier=2 denied=0 timeout=0
[2026-09-26T15:22:44.217+00:00] I (694948) RouteLoomRef: authority jobs accepted=4 failed=2 last=SESSION_UNAVAILABLE
[2026-09-26T15:22:44.217+00:00] I (694949) RouteLoomRef: member discovery rx=60 offer_tx=60 offer_rx=31 auth=4 kind_reject=0 capacity=0 send_fail=48
[2026-09-26T15:22:44.217+00:00] I (694949) RouteLoomRef: member scope raw=91 accepted=64 mac_reject=0 hint=0 generation=0 key_unavailable=0 budget=0
[2026-09-26T15:22:45.922+00:00] I (696706) RouteLoomRef: discovery event=REDISCOVERY peer=2
[2026-09-26T15:22:45.922+00:00] W (696707) RouteLoomRef: diagnostic reason=REDISCOVERY peer=2 message=none
[2026-09-26T15:22:49.232+00:00] I (699946) RouteLoomRef: member state=4 links=2 ends=1 authority=1/0 confirm=1 demux_drop=12
[2026-09-26T15:22:49.232+00:00] I (699947) RouteLoomRef: member handshake starts=64 requests=2 rejected=0 send_fail=6 established=4 failed=3 last_error=6 active=0
[2026-09-26T15:22:49.232+00:00] I (699947) RouteLoomRef: member end send_fail=2 established=1 failed=4 last_error=7
[2026-09-26T15:22:49.232+00:00] I (699948) RouteLoomRef: authority state=0 tx_sent=6 tx_failed=0 rx_accepted=1 rx_rejected=0 pull=0 busy=0 backoff_s=0
[2026-09-26T15:22:49.232+00:00] I (699948) RouteLoomRef: authority mesh tx_carrier=6 queued=6 shed=555 rx_carrier=2 denied=0 timeout=0
[2026-09-26T15:22:49.232+00:00] I (699948) RouteLoomRef: authority jobs accepted=4 failed=2 last=SESSION_UNAVAILABLE
[2026-09-26T15:22:49.232+00:00] I (699949) RouteLoomRef: member discovery rx=60 offer_tx=60 offer_rx=31 auth=4 kind_reject=0 capacity=0 send_fail=48
[2026-09-26T15:22:49.232+00:00] I (699949) RouteLoomRef: member scope raw=91 accepted=64 mac_reject=0 hint=0 generation=0 key_unavailable=0 budget=0
[2026-09-26T15:22:54.150+00:00] I (704947) RouteLoomRef: member state=4 links=2 ends=1 authority=1/0 confirm=1 demux_drop=12
[2026-09-26T15:22:54.150+00:00] I (704948) RouteLoomRef: member handshake starts=64 requests=2 rejected=0 send_fail=6 established=4 failed=3 last_error=6 active=0
[2026-09-26T15:22:54.150+00:00] I (704948) RouteLoomRef: member end send_fail=2 established=1 failed=4 last_error=7
[2026-09-26T15:22:54.150+00:00] I (704949) RouteLoomRef: authority state=0 tx_sent=6 tx_failed=0 rx_accepted=1 rx_rejected=0 pull=0 busy=0 backoff_s=0
[2026-09-26T15:22:54.150+00:00] I (704949) RouteLoomRef: authority mesh tx_carrier=6 queued=6 shed=555 rx_carrier=2 denied=0 timeout=0
[2026-09-26T15:22:54.150+00:00] I (704949) RouteLoomRef: authority jobs accepted=4 failed=2 last=SESSION_UNAVAILABLE
[2026-09-26T15:22:54.150+00:00] I (704950) RouteLoomRef: member discovery rx=60 offer_tx=60 offer_rx=31 auth=4 kind_reject=0 capacity=0 send_fail=48
[2026-09-26T15:22:54.150+00:00] I (704950) RouteLoomRef: member scope raw=91 accepted=64 mac_reject=0 hint=0 generation=0 key_unavailable=0 budget=0
[2026-09-26T15:22:55.455+00:00] I (706232) RouteLoomRef: RLD1 rx kind=1 ch=6 generation=16 src=94:a9:90:7a:b5:60 dest=ff:ff:ff:ff:ff:ff
[2026-09-26T15:22:55.455+00:00] W (706237) ESPNOW: Peer exists. Please call API esp_now_mod_peer()!
[2026-09-26T15:22:58.262+00:00] I (708983) RouteLoomRef: RLD1 rx kind=1 ch=6 generation=16 src=94:a9:90:7a:26:ac dest=ff:ff:ff:ff:ff:ff
[2026-09-26T15:22:58.362+00:00] I (709132) RouteLoomRef: RLD1 rx kind=1 ch=6 generation=16 src=94:a9:90:7a:b5:60 dest=ff:ff:ff:ff:ff:ff
[2026-09-26T15:22:58.462+00:00] W (709245) ESPNOW: Peer exists. Please call API esp_now_mod_peer()!
[2026-09-26T15:22:59.164+00:00] I (709948) RouteLoomRef: member state=4 links=2 ends=1 authority=1/0 confirm=1 demux_drop=12
[2026-09-26T15:22:59.164+00:00] I (709949) RouteLoomRef: member handshake starts=67 requests=2 rejected=0 send_fail=6 established=4 failed=3 last_error=6 active=0
[2026-09-26T15:22:59.164+00:00] I (709949) RouteLoomRef: member end send_fail=2 established=1 failed=4 last_error=7
[2026-09-26T15:22:59.164+00:00] I (709950) RouteLoomRef: authority state=0 tx_sent=6 tx_failed=0 rx_accepted=1 rx_rejected=0 pull=0 busy=0 backoff_s=0
[2026-09-26T15:22:59.164+00:00] I (709950) RouteLoomRef: authority mesh tx_carrier=6 queued=6 shed=555 rx_carrier=2 denied=0 timeout=0
[2026-09-26T15:22:59.164+00:00] I (709950) RouteLoomRef: authority jobs accepted=4 failed=2 last=SESSION_UNAVAILABLE
[2026-09-26T15:22:59.164+00:00] I (709951) RouteLoomRef: member discovery rx=63 offer_tx=63 offer_rx=31 auth=4 kind_reject=0 capacity=0 send_fail=48
[2026-09-26T15:22:59.164+00:00] I (709951) RouteLoomRef: member scope raw=94 accepted=67 mac_reject=0 hint=0 generation=0 key_unavailable=0 budget=0
[2026-09-26T15:23:04.177+00:00] I (714950) RouteLoomRef: member state=4 links=2 ends=1 authority=1/0 confirm=1 demux_drop=12
[2026-09-26T15:23:04.177+00:00] I (714951) RouteLoomRef: member handshake starts=67 requests=2 rejected=0 send_fail=6 established=4 failed=3 last_error=6 active=0
[2026-09-26T15:23:04.177+00:00] I (714951) RouteLoomRef: member end send_fail=2 established=1 failed=4 last_error=7
[2026-09-26T15:23:04.177+00:00] I (714952) RouteLoomRef: authority state=0 tx_sent=6 tx_failed=0 rx_accepted=1 rx_rejected=0 pull=0 busy=0 backoff_s=0
[2026-09-26T15:23:04.177+00:00] I (714952) RouteLoomRef: authority mesh tx_carrier=6 queued=6 shed=555 rx_carrier=2 denied=0 timeout=0
[2026-09-26T15:23:04.177+00:00] I (714952) RouteLoomRef: authority jobs accepted=4 failed=2 last=SESSION_UNAVAILABLE
[2026-09-26T15:23:04.177+00:00] I (714953) RouteLoomRef: member discovery rx=63 offer_tx=63 offer_rx=31 auth=4 kind_reject=0 capacity=0 send_fail=48
[2026-09-26T15:23:04.177+00:00] I (714953) RouteLoomRef: member scope raw=94 accepted=67 mac_reject=0 hint=0 generation=0 key_unavailable=0 budget=0
[2026-09-26T15:23:09.190+00:00] I (719952) RouteLoomRef: member state=4 links=2 ends=1 authority=1/0 confirm=1 demux_drop=12
[2026-09-26T15:23:09.190+00:00] I (719953) RouteLoomRef: member handshake starts=67 requests=2 rejected=0 send_fail=6 established=4 failed=3 last_error=6 active=0
[2026-09-26T15:23:09.190+00:00] I (719953) RouteLoomRef: member end send_fail=2 established=1 failed=4 last_error=7
[2026-09-26T15:23:09.190+00:00] I (719954) RouteLoomRef: authority state=0 tx_sent=6 tx_failed=0 rx_accepted=1 rx_rejected=0 pull=0 busy=0 backoff_s=0
[2026-09-26T15:23:09.190+00:00] I (719954) RouteLoomRef: authority mesh tx_carrier=6 queued=6 shed=555 rx_carrier=2 denied=0 timeout=0
[2026-09-26T15:23:09.190+00:00] I (719954) RouteLoomRef: authority jobs accepted=4 failed=2 last=SESSION_UNAVAILABLE
[2026-09-26T15:23:09.190+00:00] I (719955) RouteLoomRef: member discovery rx=63 offer_tx=63 offer_rx=31 auth=4 kind_reject=0 capacity=0 send_fail=49
[2026-09-26T15:23:09.190+00:00] I (719955) RouteLoomRef: member scope raw=94 accepted=67 mac_reject=0 hint=0 generation=0 key_unavailable=0 budget=0
[2026-09-26T15:23:09.691+00:00] I (720423) RouteLoom: stack hwm main 7664 B
[2026-09-26T15:23:09.691+00:00] I (720423) RouteLoom: HIL HEAP free=106740 largest=90112 min=105492 B
[2026-09-26T15:23:09.691+00:00] I (720423) RouteLoom: HIL DISCOVERY candidates=0 neighbors=2 capacity=0 auth=4 stale=3 probes=72 send_failures=49 kind_rejects=0
[2026-09-26T15:23:09.691+00:00] I (720424) RouteLoom: HIL ROUTE peer=1 phase=5 via=1 metric=1 generation=323 seq=2
[2026-09-26T15:23:09.691+00:00] I (720424) RouteLoom: HIL ROUTE peer=2 phase=7 via=0 metric=0 generation=0 seq=0
[2026-09-26T15:23:09.691+00:00] I (720425) RouteLoom: HIL ROUTE peer=3 phase=-1 via=0 metric=0 generation=0 seq=0
[2026-09-26T15:23:14.202+00:00] I (724952) RouteLoomRef: member state=4 links=2 ends=1 authority=1/0 confirm=1 demux_drop=12
[2026-09-26T15:23:14.203+00:00] I (724953) RouteLoomRef: member handshake starts=67 requests=2 rejected=0 send_fail=6 established=4 failed=3 last_error=6 active=0
[2026-09-26T15:23:14.203+00:00] I (724953) RouteLoomRef: member end send_fail=2 established=1 failed=4 last_error=7
[2026-09-26T15:23:14.203+00:00] I (724954) RouteLoomRef: authority state=0 tx_sent=6 tx_failed=0 rx_accepted=1 rx_rejected=0 pull=0 busy=0 backoff_s=0
[2026-09-26T15:23:14.203+00:00] I (724954) RouteLoomRef: authority mesh tx_carrier=6 queued=6 shed=555 rx_carrier=2 denied=0 timeout=0
[2026-09-26T15:23:14.203+00:00] I (724954) RouteLoomRef: authority jobs accepted=4 failed=2 last=SESSION_UNAVAILABLE
[2026-09-26T15:23:14.203+00:00] I (724955) RouteLoomRef: member discovery rx=63 offer_tx=63 offer_rx=31 auth=4 kind_reject=0 capacity=0 send_fail=49
[2026-09-26T15:23:14.203+00:00] I (724955) RouteLoomRef: member scope raw=94 accepted=67 mac_reject=0 hint=0 generation=0 key_unavailable=0 budget=0
[2026-09-26T15:23:16.408+00:00] I (727145) RouteLoomRef: RLD1 rx kind=2 ch=6 generation=16 src=10:bd:a3:b1:47:54 dest=10:bd:a3:b1:48:a8
[2026-09-26T15:23:16.408+00:00] I (727145) RouteLoomRef: RLD1 offer result state=0 expected_generation=16 observations=0 dropped=0
[2026-09-26T15:23:19.217+00:00] I (729952) RouteLoomRef: member state=4 links=2 ends=1 authority=1/0 confirm=1 demux_drop=12
[2026-09-26T15:23:19.217+00:00] I (729953) RouteLoomRef: member handshake starts=67 requests=2 rejected=0 send_fail=6 established=4 failed=3 last_error=6 active=0
[2026-09-26T15:23:19.217+00:00] I (729953) RouteLoomRef: member end send_fail=2 established=1 failed=4 last_error=7
[2026-09-26T15:23:19.217+00:00] I (729954) RouteLoomRef: authority state=0 tx_sent=6 tx_failed=0 rx_accepted=1 rx_rejected=0 pull=0 busy=0 backoff_s=0
[2026-09-26T15:23:19.217+00:00] I (729954) RouteLoomRef: authority mesh tx_carrier=6 queued=6 shed=555 rx_carrier=2 denied=0 timeout=0
[2026-09-26T15:23:19.217+00:00] I (729954) RouteLoomRef: authority jobs accepted=4 failed=2 last=SESSION_UNAVAILABLE
[2026-09-26T15:23:19.217+00:00] I (729955) RouteLoomRef: member discovery rx=63 offer_tx=63 offer_rx=32 auth=4 kind_reject=0 capacity=0 send_fail=49
[2026-09-26T15:23:19.217+00:00] I (729955) RouteLoomRef: member scope raw=95 accepted=67 mac_reject=0 hint=0 generation=0 key_unavailable=0 budget=0
[2026-09-26T15:23:19.318+00:00] I (730065) RouteLoomRef: RLD1 rx kind=1 ch=6 generation=16 src=94:a9:90:6a:ee:c4 dest=ff:ff:ff:ff:ff:ff
[2026-09-26T15:23:24.234+00:00] I (734952) RouteLoomRef: member state=4 links=2 ends=1 authority=1/0 confirm=1 demux_drop=12
[2026-09-26T15:23:24.235+00:00] I (734953) RouteLoomRef: member handshake starts=68 requests=2 rejected=0 send_fail=6 established=4 failed=3 last_error=6 active=0
[2026-09-26T15:23:24.235+00:00] I (734953) RouteLoomRef: member end send_fail=2 established=1 failed=4 last_error=7
[2026-09-26T15:23:24.235+00:00] I (734954) RouteLoomRef: authority state=0 tx_sent=6 tx_failed=0 rx_accepted=1 rx_rejected=0 pull=0 busy=0 backoff_s=0
[2026-09-26T15:23:24.235+00:00] I (734954) RouteLoomRef: authority mesh tx_carrier=6 queued=6 shed=555 rx_carrier=2 denied=0 timeout=0
[2026-09-26T15:23:24.235+00:00] I (734954) RouteLoomRef: authority jobs accepted=4 failed=2 last=SESSION_UNAVAILABLE
[2026-09-26T15:23:24.235+00:00] I (734955) RouteLoomRef: member discovery rx=64 offer_tx=64 offer_rx=32 auth=4 kind_reject=0 capacity=0 send_fail=50
[2026-09-26T15:23:24.235+00:00] I (734955) RouteLoomRef: member scope raw=96 accepted=68 mac_reject=0 hint=0 generation=0 key_unavailable=0 budget=0
[2026-09-26T15:23:24.435+00:00] I (735188) RouteLoomRef: RLD1 rx kind=1 ch=6 generation=16 src=94:a9:90:6a:ee:c4 dest=ff:ff:ff:ff:ff:ff
[2026-09-26T15:23:29.148+00:00] I (739952) RouteLoomRef: member state=4 links=2 ends=1 authority=1/0 confirm=1 demux_drop=12
[2026-09-26T15:23:29.148+00:00] I (739953) RouteLoomRef: member handshake starts=69 requests=2 rejected=0 send_fail=6 established=4 failed=3 last_error=6 active=0
[2026-09-26T15:23:29.148+00:00] I (739953) RouteLoomRef: member end send_fail=2 established=1 failed=4 last_error=7
[2026-09-26T15:23:29.148+00:00] I (739954) RouteLoomRef: authority state=0 tx_sent=6 tx_failed=0 rx_accepted=1 rx_rejected=0 pull=0 busy=0 backoff_s=0
[2026-09-26T15:23:29.148+00:00] I (739954) RouteLoomRef: authority mesh tx_carrier=6 queued=6 shed=555 rx_carrier=2 denied=0 timeout=0
[2026-09-26T15:23:29.148+00:00] I (739954) RouteLoomRef: authority jobs accepted=4 failed=2 last=SESSION_UNAVAILABLE
[2026-09-26T15:23:29.148+00:00] I (739955) RouteLoomRef: member discovery rx=65 offer_tx=65 offer_rx=32 auth=4 kind_reject=0 capacity=0 send_fail=50
[2026-09-26T15:23:29.148+00:00] I (739955) RouteLoomRef: member scope raw=97 accepted=69 mac_reject=0 hint=0 generation=0 key_unavailable=0 budget=0
[2026-09-26T15:23:34.159+00:00] I (744952) RouteLoomRef: member state=4 links=2 ends=1 authority=1/0 confirm=1 demux_drop=12
[2026-09-26T15:23:34.159+00:00] I (744953) RouteLoomRef: member handshake starts=69 requests=2 rejected=0 send_fail=6 established=4 failed=3 last_error=6 active=0
[2026-09-26T15:23:34.159+00:00] I (744953) RouteLoomRef: member end send_fail=2 established=1 failed=4 last_error=7
[2026-09-26T15:23:34.159+00:00] I (744954) RouteLoomRef: authority state=0 tx_sent=6 tx_failed=0 rx_accepted=1 rx_rejected=0 pull=0 busy=0 backoff_s=0
[2026-09-26T15:23:34.159+00:00] I (744954) RouteLoomRef: authority mesh tx_carrier=6 queued=6 shed=555 rx_carrier=2 denied=0 timeout=0
[2026-09-26T15:23:34.159+00:00] I (744954) RouteLoomRef: authority jobs accepted=4 failed=2 last=SESSION_UNAVAILABLE
[2026-09-26T15:23:34.159+00:00] I (744955) RouteLoomRef: member discovery rx=65 offer_tx=65 offer_rx=32 auth=4 kind_reject=0 capacity=0 send_fail=50
[2026-09-26T15:23:34.159+00:00] I (744955) RouteLoomRef: member scope raw=97 accepted=69 mac_reject=0 hint=0 generation=0 key_unavailable=0 budget=0
[2026-09-26T15:23:39.170+00:00] I (749953) RouteLoomRef: member state=4 links=2 ends=1 authority=1/0 confirm=1 demux_drop=12
[2026-09-26T15:23:39.170+00:00] I (749954) RouteLoomRef: member handshake starts=69 requests=2 rejected=0 send_fail=6 established=4 failed=3 last_error=6 active=0
[2026-09-26T15:23:39.170+00:00] I (749954) RouteLoomRef: member end send_fail=2 established=1 failed=4 last_error=7
[2026-09-26T15:23:39.170+00:00] I (749955) RouteLoomRef: authority state=0 tx_sent=6 tx_failed=0 rx_accepted=1 rx_rejected=0 pull=0 busy=0 backoff_s=0
[2026-09-26T15:23:39.170+00:00] I (749955) RouteLoomRef: authority mesh tx_carrier=6 queued=6 shed=555 rx_carrier=2 denied=0 timeout=0
[2026-09-26T15:23:39.170+00:00] I (749955) RouteLoomRef: authority jobs accepted=4 failed=2 last=SESSION_UNAVAILABLE
[2026-09-26T15:23:39.170+00:00] I (749956) RouteLoomRef: member discovery rx=65 offer_tx=65 offer_rx=32 auth=4 kind_reject=0 capacity=0 send_fail=50
[2026-09-26T15:23:39.170+00:00] I (749956) RouteLoomRef: member scope raw=97 accepted=69 mac_reject=0 hint=0 generation=0 key_unavailable=0 budget=0
[2026-09-26T15:23:44.186+00:00] I (754953) RouteLoomRef: member state=4 links=2 ends=1 authority=1/0 confirm=1 demux_drop=12
[2026-09-26T15:23:44.186+00:00] I (754954) RouteLoomRef: member handshake starts=69 requests=2 rejected=0 send_fail=6 established=4 failed=3 last_error=6 active=0
[2026-09-26T15:23:44.186+00:00] I (754954) RouteLoomRef: member end send_fail=2 established=1 failed=4 last_error=7
[2026-09-26T15:23:44.186+00:00] I (754955) RouteLoomRef: authority state=0 tx_sent=6 tx_failed=0 rx_accepted=1 rx_rejected=0 pull=0 busy=0 backoff_s=0
[2026-09-26T15:23:44.186+00:00] I (754955) RouteLoomRef: authority mesh tx_carrier=6 queued=6 shed=555 rx_carrier=2 denied=0 timeout=0
[2026-09-26T15:23:44.186+00:00] I (754955) RouteLoomRef: authority jobs accepted=4 failed=2 last=SESSION_UNAVAILABLE
[2026-09-26T15:23:44.186+00:00] I (754956) RouteLoomRef: member discovery rx=65 offer_tx=65 offer_rx=32 auth=4 kind_reject=0 capacity=0 send_fail=50
[2026-09-26T15:23:44.186+00:00] I (754956) RouteLoomRef: member scope raw=97 accepted=69 mac_reject=0 hint=0 generation=0 key_unavailable=0 budget=0
[2026-09-26T15:23:45.991+00:00] I (756708) RouteLoomRef: discovery event=REDISCOVERY peer=2
[2026-09-26T15:23:45.992+00:00] W (756709) RouteLoomRef: diagnostic reason=REDISCOVERY peer=2 message=none
[2026-09-26T15:23:48.198+00:00] I (758960) RouteLoomRef: RLD1 rx kind=2 ch=6 generation=16 src=10:bd:a3:b1:47:54 dest=10:bd:a3:b1:48:a8
[2026-09-26T15:23:48.198+00:00] I (758960) RouteLoomRef: RLD1 offer result state=0 expected_generation=16 observations=0 dropped=0
[2026-09-26T15:23:49.202+00:00] I (759954) RouteLoomRef: member state=4 links=2 ends=1 authority=1/0 confirm=1 demux_drop=12
[2026-09-26T15:23:49.202+00:00] I (759955) RouteLoomRef: member handshake starts=69 requests=2 rejected=0 send_fail=6 established=4 failed=3 last_error=6 active=0
[2026-09-26T15:23:49.202+00:00] I (759955) RouteLoomRef: member end send_fail=2 established=1 failed=4 last_error=7
[2026-09-26T15:23:49.202+00:00] I (759956) RouteLoomRef: authority state=0 tx_sent=6 tx_failed=0 rx_accepted=1 rx_rejected=0 pull=0 busy=0 backoff_s=0
[2026-09-26T15:23:49.202+00:00] I (759956) RouteLoomRef: authority mesh tx_carrier=6 queued=6 shed=555 rx_carrier=2 denied=0 timeout=0
[2026-09-26T15:23:49.202+00:00] I (759956) RouteLoomRef: authority jobs accepted=4 failed=2 last=SESSION_UNAVAILABLE
[2026-09-26T15:23:49.202+00:00] I (759957) RouteLoomRef: member discovery rx=65 offer_tx=65 offer_rx=33 auth=4 kind_reject=0 capacity=0 send_fail=50
[2026-09-26T15:23:49.202+00:00] I (759957) RouteLoomRef: member scope raw=98 accepted=69 mac_reject=0 hint=0 generation=0 key_unavailable=0 budget=0
[2026-09-26T15:23:54.215+00:00] I (764954) RouteLoomRef: member state=4 links=2 ends=1 authority=1/0 confirm=1 demux_drop=12
[2026-09-26T15:23:54.215+00:00] I (764955) RouteLoomRef: member handshake starts=69 requests=2 rejected=0 send_fail=6 established=4 failed=3 last_error=6 active=0
[2026-09-26T15:23:54.215+00:00] I (764955) RouteLoomRef: member end send_fail=2 established=1 failed=4 last_error=7
[2026-09-26T15:23:54.215+00:00] I (764956) RouteLoomRef: authority state=0 tx_sent=6 tx_failed=0 rx_accepted=1 rx_rejected=0 pull=0 busy=0 backoff_s=0
[2026-09-26T15:23:54.215+00:00] I (764956) RouteLoomRef: authority mesh tx_carrier=6 queued=6 shed=555 rx_carrier=2 denied=0 timeout=0
[2026-09-26T15:23:54.215+00:00] I (764956) RouteLoomRef: authority jobs accepted=4 failed=2 last=SESSION_UNAVAILABLE
[2026-09-26T15:23:54.215+00:00] I (764957) RouteLoomRef: member discovery rx=65 offer_tx=65 offer_rx=33 auth=4 kind_reject=0 capacity=0 send_fail=51
[2026-09-26T15:23:54.215+00:00] I (764957) RouteLoomRef: member scope raw=98 accepted=69 mac_reject=0 hint=0 generation=0 key_unavailable=0 budget=0
[2026-09-26T15:23:59.230+00:00] I (769955) RouteLoomRef: member state=4 links=2 ends=1 authority=1/0 confirm=1 demux_drop=12
[2026-09-26T15:23:59.230+00:00] I (769956) RouteLoomRef: member handshake starts=69 requests=2 rejected=0 send_fail=6 established=4 failed=3 last_error=6 active=0
[2026-09-26T15:23:59.230+00:00] I (769956) RouteLoomRef: member end send_fail=2 established=1 failed=4 last_error=7
[2026-09-26T15:23:59.230+00:00] I (769957) RouteLoomRef: authority state=0 tx_sent=6 tx_failed=0 rx_accepted=1 rx_rejected=0 pull=0 busy=0 backoff_s=0
[2026-09-26T15:23:59.230+00:00] I (769957) RouteLoomRef: authority mesh tx_carrier=6 queued=6 shed=555 rx_carrier=2 denied=0 timeout=0
[2026-09-26T15:23:59.230+00:00] I (769957) RouteLoomRef: authority jobs accepted=4 failed=2 last=SESSION_UNAVAILABLE
[2026-09-26T15:23:59.230+00:00] I (769958) RouteLoomRef: member discovery rx=65 offer_tx=65 offer_rx=33 auth=4 kind_reject=0 capacity=0 send_fail=51
[2026-09-26T15:23:59.230+00:00] I (769958) RouteLoomRef: member scope raw=98 accepted=69 mac_reject=0 hint=0 generation=0 key_unavailable=0 budget=0
[2026-09-26T15:24:04.243+00:00] I (774957) RouteLoomRef: member state=4 links=2 ends=1 authority=1/0 confirm=1 demux_drop=12
[2026-09-26T15:24:04.243+00:00] I (774958) RouteLoomRef: member handshake starts=69 requests=2 rejected=0 send_fail=6 established=4 failed=3 last_error=6 active=0
[2026-09-26T15:24:04.243+00:00] I (774958) RouteLoomRef: member end send_fail=2 established=1 failed=4 last_error=7
[2026-09-26T15:24:04.243+00:00] I (774959) RouteLoomRef: authority state=0 tx_sent=6 tx_failed=0 rx_accepted=1 rx_rejected=0 pull=0 busy=0 backoff_s=0
[2026-09-26T15:24:04.243+00:00] I (774959) RouteLoomRef: authority mesh tx_carrier=6 queued=6 shed=555 rx_carrier=2 denied=0 timeout=0
[2026-09-26T15:24:04.243+00:00] I (774959) RouteLoomRef: authority jobs accepted=4 failed=2 last=SESSION_UNAVAILABLE
[2026-09-26T15:24:04.243+00:00] I (774960) RouteLoomRef: member discovery rx=65 offer_tx=65 offer_rx=33 auth=4 kind_reject=0 capacity=0 send_fail=51
[2026-09-26T15:24:04.243+00:00] I (774960) RouteLoomRef: member scope raw=98 accepted=69 mac_reject=0 hint=0 generation=0 key_unavailable=0 budget=0
[2026-09-26T15:24:09.156+00:00] I (779957) RouteLoomRef: member state=4 links=2 ends=1 authority=1/0 confirm=1 demux_drop=12
[2026-09-26T15:24:09.156+00:00] I (779958) RouteLoomRef: member handshake starts=69 requests=2 rejected=0 send_fail=6 established=4 failed=3 last_error=6 active=0
[2026-09-26T15:24:09.156+00:00] I (779958) RouteLoomRef: member end send_fail=2 established=1 failed=4 last_error=7
[2026-09-26T15:24:09.156+00:00] I (779959) RouteLoomRef: authority state=0 tx_sent=6 tx_failed=0 rx_accepted=1 rx_rejected=0 pull=0 busy=0 backoff_s=0
[2026-09-26T15:24:09.156+00:00] I (779959) RouteLoomRef: authority mesh tx_carrier=6 queued=6 shed=555 rx_carrier=2 denied=0 timeout=0
[2026-09-26T15:24:09.156+00:00] I (779959) RouteLoomRef: authority jobs accepted=4 failed=2 last=SESSION_UNAVAILABLE
[2026-09-26T15:24:09.156+00:00] I (779960) RouteLoomRef: member discovery rx=65 offer_tx=65 offer_rx=33 auth=4 kind_reject=0 capacity=0 send_fail=51
[2026-09-26T15:24:09.156+00:00] I (779960) RouteLoomRef: member scope raw=98 accepted=69 mac_reject=0 hint=0 generation=0 key_unavailable=0 budget=0
[2026-09-26T15:24:09.657+00:00] I (780423) RouteLoom: stack hwm main 7664 B
[2026-09-26T15:24:09.657+00:00] I (780423) RouteLoom: HIL HEAP free=106740 largest=90112 min=105492 B
[2026-09-26T15:24:09.657+00:00] I (780424) RouteLoom: HIL DISCOVERY candidates=0 neighbors=2 capacity=0 auth=4 stale=3 probes=74 send_failures=51 kind_rejects=0
[2026-09-26T15:24:09.657+00:00] I (780424) RouteLoom: HIL ROUTE peer=1 phase=5 via=1 metric=1 generation=323 seq=4
[2026-09-26T15:24:09.657+00:00] I (780424) RouteLoom: HIL ROUTE peer=2 phase=7 via=0 metric=0 generation=0 seq=0
[2026-09-26T15:24:09.657+00:00] I (780425) RouteLoom: HIL ROUTE peer=3 phase=-1 via=0 metric=0 generation=0 seq=0
[2026-09-26T15:24:09.857+00:00] I (780604) RouteLoomRef: RLD1 rx kind=2 ch=6 generation=16 src=94:a9:90:6a:ee:c4 dest=10:bd:a3:b1:48:a8
[2026-09-26T15:24:09.858+00:00] I (780604) RouteLoomRef: RLD1 offer result state=0 expected_generation=16 observations=0 dropped=0
[2026-09-26T15:24:14.170+00:00] I (784957) RouteLoomRef: member state=4 links=2 ends=1 authority=1/0 confirm=1 demux_drop=12
[2026-09-26T15:24:14.170+00:00] I (784958) RouteLoomRef: member handshake starts=69 requests=2 rejected=0 send_fail=6 established=4 failed=3 last_error=6 active=0
[2026-09-26T15:24:14.170+00:00] I (784958) RouteLoomRef: member end send_fail=2 established=1 failed=4 last_error=7
[2026-09-26T15:24:14.170+00:00] I (784959) RouteLoomRef: authority state=0 tx_sent=6 tx_failed=0 rx_accepted=1 rx_rejected=0 pull=0 busy=0 backoff_s=0
[2026-09-26T15:24:14.170+00:00] I (784959) RouteLoomRef: authority mesh tx_carrier=6 queued=6 shed=555 rx_carrier=2 denied=0 timeout=0
[2026-09-26T15:24:14.170+00:00] I (784959) RouteLoomRef: authority jobs accepted=4 failed=2 last=SESSION_UNAVAILABLE
[2026-09-26T15:24:14.170+00:00] I (784960) RouteLoomRef: member discovery rx=65 offer_tx=65 offer_rx=34 auth=4 kind_reject=0 capacity=0 send_fail=51
[2026-09-26T15:24:14.170+00:00] I (784960) RouteLoomRef: member scope raw=99 accepted=69 mac_reject=0 hint=0 generation=0 key_unavailable=0 budget=0
[2026-09-26T15:24:19.185+00:00] I (789957) RouteLoomRef: member state=4 links=2 ends=1 authority=1/0 confirm=1 demux_drop=12
[2026-09-26T15:24:19.185+00:00] I (789958) RouteLoomRef: member handshake starts=69 requests=2 rejected=0 send_fail=6 established=4 failed=3 last_error=6 active=0
[2026-09-26T15:24:19.185+00:00] I (789958) RouteLoomRef: member end send_fail=2 established=1 failed=4 last_error=7
[2026-09-26T15:24:19.185+00:00] I (789959) RouteLoomRef: authority state=0 tx_sent=6 tx_failed=0 rx_accepted=1 rx_rejected=0 pull=0 busy=0 backoff_s=0
[2026-09-26T15:24:19.185+00:00] I (789959) RouteLoomRef: authority mesh tx_carrier=6 queued=6 shed=555 rx_carrier=2 denied=0 timeout=0
[2026-09-26T15:24:19.185+00:00] I (789959) RouteLoomRef: authority jobs accepted=4 failed=2 last=SESSION_UNAVAILABLE
[2026-09-26T15:24:19.185+00:00] I (789960) RouteLoomRef: member discovery rx=65 offer_tx=65 offer_rx=34 auth=4 kind_reject=0 capacity=0 send_fail=51
[2026-09-26T15:24:19.185+00:00] I (789960) RouteLoomRef: member scope raw=99 accepted=69 mac_reject=0 hint=0 generation=0 key_unavailable=0 budget=0
[2026-09-26T15:24:24.199+00:00] I (794959) RouteLoomRef: member state=4 links=2 ends=1 authority=1/0 confirm=1 demux_drop=12
[2026-09-26T15:24:24.199+00:00] I (794960) RouteLoomRef: member handshake starts=69 requests=2 rejected=0 send_fail=6 established=4 failed=3 last_error=6 active=0
[2026-09-26T15:24:24.199+00:00] I (794960) RouteLoomRef: member end send_fail=2 established=1 failed=4 last_error=7
[2026-09-26T15:24:24.199+00:00] I (794961) RouteLoomRef: authority state=0 tx_sent=6 tx_failed=0 rx_accepted=1 rx_rejected=0 pull=0 busy=0 backoff_s=0
[2026-09-26T15:24:24.199+00:00] I (794961) RouteLoomRef: authority mesh tx_carrier=6 queued=6 shed=555 rx_carrier=2 denied=0 timeout=0
[2026-09-26T15:24:24.199+00:00] I (794961) RouteLoomRef: authority jobs accepted=4 failed=2 last=SESSION_UNAVAILABLE
[2026-09-26T15:24:24.199+00:00] I (794962) RouteLoomRef: member discovery rx=65 offer_tx=65 offer_rx=34 auth=4 kind_reject=0 capacity=0 send_fail=51
[2026-09-26T15:24:24.199+00:00] I (794962) RouteLoomRef: member scope raw=99 accepted=69 mac_reject=0 hint=0 generation=0 key_unavailable=0 budget=0
[2026-09-26T15:24:29.215+00:00] I (799961) RouteLoomRef: member state=4 links=2 ends=1 authority=1/0 confirm=1 demux_drop=12
[2026-09-26T15:24:29.215+00:00] I (799962) RouteLoomRef: member handshake starts=69 requests=2 rejected=0 send_fail=6 established=4 failed=3 last_error=6 active=0
[2026-09-26T15:24:29.215+00:00] I (799962) RouteLoomRef: member end send_fail=2 established=1 failed=4 last_error=7
[2026-09-26T15:24:29.215+00:00] I (799963) RouteLoomRef: authority state=0 tx_sent=6 tx_failed=0 rx_accepted=1 rx_rejected=0 pull=0 busy=0 backoff_s=0
[2026-09-26T15:24:29.215+00:00] I (799963) RouteLoomRef: authority mesh tx_carrier=6 queued=6 shed=555 rx_carrier=2 denied=0 timeout=0
[2026-09-26T15:24:29.215+00:00] I (799963) RouteLoomRef: authority jobs accepted=4 failed=2 last=SESSION_UNAVAILABLE
[2026-09-26T15:24:29.215+00:00] I (799964) RouteLoomRef: member discovery rx=65 offer_tx=65 offer_rx=34 auth=4 kind_reject=0 capacity=0 send_fail=51
[2026-09-26T15:24:29.215+00:00] I (799964) RouteLoomRef: member scope raw=99 accepted=69 mac_reject=0 hint=0 generation=0 key_unavailable=0 budget=0
[2026-09-26T15:24:34.225+00:00] I (804963) RouteLoomRef: member state=4 links=2 ends=1 authority=1/0 confirm=1 demux_drop=12
[2026-09-26T15:24:34.226+00:00] I (804964) RouteLoomRef: member handshake starts=69 requests=2 rejected=0 send_fail=6 established=4 failed=3 last_error=6 active=0
[2026-09-26T15:24:34.226+00:00] I (804965) RouteLoomRef: member end send_fail=2 established=1 failed=4 last_error=7
[2026-09-26T15:24:34.226+00:00] I (804965) RouteLoomRef: authority state=0 tx_sent=6 tx_failed=0 rx_accepted=1 rx_rejected=0 pull=0 busy=0 backoff_s=0
[2026-09-26T15:24:34.226+00:00] I (804965) RouteLoomRef: authority mesh tx_carrier=6 queued=6 shed=555 rx_carrier=2 denied=0 timeout=0
[2026-09-26T15:24:34.226+00:00] I (804966) RouteLoomRef: authority jobs accepted=4 failed=2 last=SESSION_UNAVAILABLE
[2026-09-26T15:24:34.226+00:00] I (804966) RouteLoomRef: member discovery rx=65 offer_tx=65 offer_rx=34 auth=4 kind_reject=0 capacity=0 send_fail=51
[2026-09-26T15:24:34.226+00:00] I (804966) RouteLoomRef: member scope raw=99 accepted=69 mac_reject=0 hint=0 generation=0 key_unavailable=0 budget=0
[2026-09-26T15:24:39.236+00:00] I (809965) RouteLoomRef: member state=4 links=2 ends=1 authority=1/0 confirm=1 demux_drop=12
[2026-09-26T15:24:39.236+00:00] I (809965) RouteLoomRef: member handshake starts=69 requests=2 rejected=0 send_fail=6 established=4 failed=3 last_error=6 active=0
[2026-09-26T15:24:39.236+00:00] I (809966) RouteLoomRef: member end send_fail=2 established=1 failed=4 last_error=7
[2026-09-26T15:24:39.236+00:00] I (809966) RouteLoomRef: authority state=0 tx_sent=6 tx_failed=0 rx_accepted=1 rx_rejected=0 pull=0 busy=0 backoff_s=0
[2026-09-26T15:24:39.236+00:00] I (809966) RouteLoomRef: authority mesh tx_carrier=6 queued=6 shed=555 rx_carrier=2 denied=0 timeout=0
[2026-09-26T15:24:39.236+00:00] I (809967) RouteLoomRef: authority jobs accepted=4 failed=2 last=SESSION_UNAVAILABLE
[2026-09-26T15:24:39.236+00:00] I (809967) RouteLoomRef: member discovery rx=65 offer_tx=65 offer_rx=34 auth=4 kind_reject=0 capacity=0 send_fail=51
[2026-09-26T15:24:39.236+00:00] I (809967) RouteLoomRef: member scope raw=99 accepted=69 mac_reject=0 hint=0 generation=0 key_unavailable=0 budget=0
[2026-09-26T15:24:44.246+00:00] I (814965) RouteLoomRef: member state=4 links=2 ends=1 authority=1/0 confirm=1 demux_drop=12
[2026-09-26T15:24:44.246+00:00] I (814966) RouteLoomRef: member handshake starts=69 requests=2 rejected=0 send_fail=6 established=4 failed=3 last_error=6 active=0
[2026-09-26T15:24:44.246+00:00] I (814966) RouteLoomRef: member end send_fail=2 established=1 failed=4 last_error=7
[2026-09-26T15:24:44.246+00:00] I (814967) RouteLoomRef: authority state=0 tx_sent=6 tx_failed=0 rx_accepted=1 rx_rejected=0 pull=0 busy=0 backoff_s=0
[2026-09-26T15:24:44.246+00:00] I (814967) RouteLoomRef: authority mesh tx_carrier=6 queued=6 shed=555 rx_carrier=2 denied=0 timeout=0
[2026-09-26T15:24:44.246+00:00] I (814967) RouteLoomRef: authority jobs accepted=4 failed=2 last=SESSION_UNAVAILABLE
[2026-09-26T15:24:44.246+00:00] I (814968) RouteLoomRef: member discovery rx=65 offer_tx=65 offer_rx=34 auth=4 kind_reject=0 capacity=0 send_fail=51
[2026-09-26T15:24:44.246+00:00] I (814968) RouteLoomRef: member scope raw=99 accepted=69 mac_reject=0 hint=0 generation=0 key_unavailable=0 budget=0
[2026-09-26T15:24:45.949+00:00] I (816708) RouteLoomRef: discovery event=REDISCOVERY peer=2
[2026-09-26T15:24:45.949+00:00] W (816709) RouteLoomRef: diagnostic reason=REDISCOVERY peer=2 message=none
[2026-09-26T15:24:46.350+00:00] I (817112) RouteLoomRef: RLD1 rx kind=2 ch=6 generation=16 src=94:a9:90:6a:ee:c4 dest=10:bd:a3:b1:48:a8
[2026-09-26T15:24:46.350+00:00] I (817112) RouteLoomRef: RLD1 offer result state=0 expected_generation=16 observations=0 dropped=0
[2026-09-26T15:24:48.154+00:00] I (818953) RouteLoomRef: RLD1 rx kind=2 ch=6 generation=16 src=94:a9:90:7a:26:ac dest=10:bd:a3:b1:48:a8
[2026-09-26T15:24:48.154+00:00] I (818953) RouteLoomRef: RLD1 offer result state=0 expected_generation=16 observations=0 dropped=0
[2026-09-26T15:24:48.254+00:00] I (819065) RouteLoomRef: RLD1 rx kind=2 ch=6 generation=16 src=94:a9:90:6a:ee:c4 dest=10:bd:a3:b1:48:a8
[2026-09-26T15:24:48.254+00:00] I (819065) RouteLoomRef: RLD1 offer result state=0 expected_generation=16 observations=0 dropped=0
[2026-09-26T15:24:49.156+00:00] I (819965) RouteLoomRef: member state=4 links=2 ends=1 authority=1/0 confirm=1 demux_drop=12
[2026-09-26T15:24:49.156+00:00] I (819966) RouteLoomRef: member handshake starts=69 requests=2 rejected=0 send_fail=6 established=4 failed=3 last_error=6 active=0
[2026-09-26T15:24:49.156+00:00] I (819966) RouteLoomRef: member end send_fail=2 established=1 failed=4 last_error=7
[2026-09-26T15:24:49.156+00:00] I (819967) RouteLoomRef: authority state=0 tx_sent=6 tx_failed=0 rx_accepted=1 rx_rejected=0 pull=0 busy=0 backoff_s=0
[2026-09-26T15:24:49.156+00:00] I (819967) RouteLoomRef: authority mesh tx_carrier=6 queued=6 shed=555 rx_carrier=2 denied=0 timeout=0
[2026-09-26T15:24:49.156+00:00] I (819967) RouteLoomRef: authority jobs accepted=4 failed=2 last=SESSION_UNAVAILABLE
[2026-09-26T15:24:49.156+00:00] I (819968) RouteLoomRef: member discovery rx=65 offer_tx=65 offer_rx=37 auth=4 kind_reject=0 capacity=0 send_fail=51
[2026-09-26T15:24:49.156+00:00] I (819968) RouteLoomRef: member scope raw=102 accepted=69 mac_reject=0 hint=0 generation=0 key_unavailable=0 budget=0
[2026-09-26T15:24:51.862+00:00] I (822591) RouteLoomRef: RLD1 rx kind=2 ch=6 generation=16 src=94:a9:90:6a:ee:c4 dest=10:bd:a3:b1:48:a8
[2026-09-26T15:24:51.862+00:00] I (822591) RouteLoomRef: RLD1 offer result state=0 expected_generation=16 observations=0 dropped=0
[2026-09-26T15:24:51.862+00:00] I (822667) RouteLoomRef: RLD1 rx kind=2 ch=6 generation=16 src=10:bd:a3:b1:47:54 dest=10:bd:a3:b1:48:a8
[2026-09-26T15:24:51.862+00:00] I (822667) RouteLoomRef: RLD1 offer result state=0 expected_generation=16 observations=0 dropped=0
[2026-09-26T15:24:54.172+00:00] I (824967) RouteLoomRef: member state=4 links=2 ends=1 authority=1/0 confirm=1 demux_drop=12
[2026-09-26T15:24:54.172+00:00] I (824968) RouteLoomRef: member handshake starts=69 requests=2 rejected=0 send_fail=6 established=4 failed=3 last_error=6 active=0
[2026-09-26T15:24:54.172+00:00] I (824968) RouteLoomRef: member end send_fail=2 established=1 failed=4 last_error=7
[2026-09-26T15:24:54.172+00:00] I (824969) RouteLoomRef: authority state=0 tx_sent=6 tx_failed=0 rx_accepted=1 rx_rejected=0 pull=0 busy=0 backoff_s=0
[2026-09-26T15:24:54.172+00:00] I (824969) RouteLoomRef: authority mesh tx_carrier=6 queued=6 shed=555 rx_carrier=2 denied=0 timeout=0
[2026-09-26T15:24:54.172+00:00] I (824970) RouteLoomRef: authority jobs accepted=4 failed=2 last=SESSION_UNAVAILABLE
[2026-09-26T15:24:54.172+00:00] I (824970) RouteLoomRef: member discovery rx=65 offer_tx=65 offer_rx=39 auth=4 kind_reject=0 capacity=0 send_fail=51
[2026-09-26T15:24:54.172+00:00] I (824970) RouteLoomRef: member scope raw=104 accepted=69 mac_reject=0 hint=0 generation=0 key_unavailable=0 budget=0
[2026-09-26T15:24:58.784+00:00] I (829579) RouteLoomRef: RLD1 rx kind=2 ch=6 generation=16 src=10:bd:a3:b1:47:54 dest=10:bd:a3:b1:48:a8
[2026-09-26T15:24:58.784+00:00] I (829579) RouteLoomRef: RLD1 offer result state=0 expected_generation=16 observations=0 dropped=0
[2026-09-26T15:24:59.185+00:00] I (829967) RouteLoomRef: member state=4 links=2 ends=1 authority=1/0 confirm=1 demux_drop=12
[2026-09-26T15:24:59.185+00:00] I (829968) RouteLoomRef: member handshake starts=69 requests=2 rejected=0 send_fail=6 established=4 failed=3 last_error=6 active=0
[2026-09-26T15:24:59.185+00:00] I (829968) RouteLoomRef: member end send_fail=2 established=1 failed=4 last_error=7
[2026-09-26T15:24:59.185+00:00] I (829969) RouteLoomRef: authority state=0 tx_sent=6 tx_failed=0 rx_accepted=1 rx_rejected=0 pull=0 busy=0 backoff_s=0
[2026-09-26T15:24:59.185+00:00] I (829969) RouteLoomRef: authority mesh tx_carrier=6 queued=6 shed=555 rx_carrier=2 denied=0 timeout=0
[2026-09-26T15:24:59.185+00:00] I (829969) RouteLoomRef: authority jobs accepted=4 failed=2 last=SESSION_UNAVAILABLE
[2026-09-26T15:24:59.185+00:00] I (829970) RouteLoomRef: member discovery rx=65 offer_tx=65 offer_rx=40 auth=4 kind_reject=0 capacity=0 send_fail=51
[2026-09-26T15:24:59.185+00:00] I (829970) RouteLoomRef: member scope raw=105 accepted=69 mac_reject=0 hint=0 generation=0 key_unavailable=0 budget=0
[2026-09-26T15:25:04.200+00:00] I (834968) RouteLoomRef: member state=4 links=2 ends=1 authority=1/0 confirm=1 demux_drop=12
[2026-09-26T15:25:04.200+00:00] I (834969) RouteLoomRef: member handshake starts=69 requests=2 rejected=0 send_fail=6 established=4 failed=3 last_error=6 active=0
[2026-09-26T15:25:04.200+00:00] I (834969) RouteLoomRef: member end send_fail=2 established=1 failed=4 last_error=7
[2026-09-26T15:25:04.200+00:00] I (834970) RouteLoomRef: authority state=0 tx_sent=6 tx_failed=0 rx_accepted=1 rx_rejected=0 pull=0 busy=0 backoff_s=0
[2026-09-26T15:25:04.200+00:00] I (834970) RouteLoomRef: authority mesh tx_carrier=6 queued=6 shed=555 rx_carrier=2 denied=0 timeout=0
[2026-09-26T15:25:04.200+00:00] I (834970) RouteLoomRef: authority jobs accepted=4 failed=2 last=SESSION_UNAVAILABLE
[2026-09-26T15:25:04.200+00:00] I (834971) RouteLoomRef: member discovery rx=65 offer_tx=65 offer_rx=40 auth=4 kind_reject=0 capacity=0 send_fail=51
[2026-09-26T15:25:04.200+00:00] I (834971) RouteLoomRef: member scope raw=105 accepted=69 mac_reject=0 hint=0 generation=0 key_unavailable=0 budget=0
[2026-09-26T15:25:09.215+00:00] I (839971) RouteLoomRef: member state=4 links=2 ends=1 authority=1/0 confirm=1 demux_drop=12
[2026-09-26T15:25:09.215+00:00] I (839972) RouteLoomRef: member handshake starts=69 requests=2 rejected=0 send_fail=6 established=4 failed=3 last_error=6 active=0
[2026-09-26T15:25:09.215+00:00] I (839972) RouteLoomRef: member end send_fail=2 established=1 failed=4 last_error=7
[2026-09-26T15:25:09.215+00:00] I (839973) RouteLoomRef: authority state=0 tx_sent=6 tx_failed=0 rx_accepted=1 rx_rejected=0 pull=0 busy=0 backoff_s=0
[2026-09-26T15:25:09.215+00:00] I (839973) RouteLoomRef: authority mesh tx_carrier=6 queued=6 shed=555 rx_carrier=2 denied=0 timeout=0
[2026-09-26T15:25:09.215+00:00] I (839973) RouteLoomRef: authority jobs accepted=4 failed=2 last=SESSION_UNAVAILABLE
[2026-09-26T15:25:09.215+00:00] I (839974) RouteLoomRef: member discovery rx=65 offer_tx=65 offer_rx=40 auth=4 kind_reject=0 capacity=0 send_fail=51
[2026-09-26T15:25:09.215+00:00] I (839974) RouteLoomRef: member scope raw=105 accepted=69 mac_reject=0 hint=0 generation=0 key_unavailable=0 budget=0
[2026-09-26T15:25:09.616+00:00] I (840425) RouteLoom: stack hwm main 7664 B
[2026-09-26T15:25:09.616+00:00] I (840425) RouteLoom: HIL HEAP free=106740 largest=90112 min=105492 B
[2026-09-26T15:25:09.616+00:00] I (840425) RouteLoom: HIL DISCOVERY candidates=0 neighbors=2 capacity=0 auth=4 stale=3 probes=78 send_failures=51 kind_rejects=0
[2026-09-26T15:25:09.616+00:00] I (840426) RouteLoom: HIL ROUTE peer=1 phase=5 via=1 metric=1 generation=323 seq=4
[2026-09-26T15:25:09.616+00:00] I (840426) RouteLoom: HIL ROUTE peer=2 phase=7 via=0 metric=0 generation=0 seq=0
[2026-09-26T15:25:09.616+00:00] I (840427) RouteLoom: HIL ROUTE peer=3 phase=-1 via=0 metric=0 generation=0 seq=0
[2026-09-26T15:25:14.228+00:00] I (844971) RouteLoomRef: member state=4 links=2 ends=1 authority=1/0 confirm=1 demux_drop=12
[2026-09-26T15:25:14.228+00:00] I (844972) RouteLoomRef: member handshake starts=69 requests=2 rejected=0 send_fail=6 established=4 failed=3 last_error=6 active=0
[2026-09-26T15:25:14.228+00:00] I (844972) RouteLoomRef: member end send_fail=2 established=1 failed=4 last_error=7
[2026-09-26T15:25:14.228+00:00] I (844973) RouteLoomRef: authority state=0 tx_sent=6 tx_failed=0 rx_accepted=1 rx_rejected=0 pull=0 busy=0 backoff_s=0
[2026-09-26T15:25:14.228+00:00] I (844973) RouteLoomRef: authority mesh tx_carrier=6 queued=6 shed=555 rx_carrier=2 denied=0 timeout=0
[2026-09-26T15:25:14.228+00:00] I (844973) RouteLoomRef: authority jobs accepted=4 failed=2 last=SESSION_UNAVAILABLE
[2026-09-26T15:25:14.228+00:00] I (844974) RouteLoomRef: member discovery rx=65 offer_tx=65 offer_rx=40 auth=4 kind_reject=0 capacity=0 send_fail=51
[2026-09-26T15:25:14.228+00:00] I (844974) RouteLoomRef: member scope raw=105 accepted=69 mac_reject=0 hint=0 generation=0 key_unavailable=0 budget=0
[2026-09-26T15:25:19.242+00:00] I (849971) RouteLoomRef: member state=4 links=2 ends=1 authority=1/0 confirm=1 demux_drop=12
[2026-09-26T15:25:19.242+00:00] I (849972) RouteLoomRef: member handshake starts=69 requests=2 rejected=0 send_fail=6 established=4 failed=3 last_error=6 active=0
[2026-09-26T15:25:19.242+00:00] I (849972) RouteLoomRef: member end send_fail=2 established=1 failed=4 last_error=7
[2026-09-26T15:25:19.242+00:00] I (849973) RouteLoomRef: authority state=0 tx_sent=6 tx_failed=0 rx_accepted=1 rx_rejected=0 pull=0 busy=0 backoff_s=0
[2026-09-26T15:25:19.242+00:00] I (849973) RouteLoomRef: authority mesh tx_carrier=6 queued=6 shed=555 rx_carrier=2 denied=0 timeout=0
[2026-09-26T15:25:19.242+00:00] I (849973) RouteLoomRef: authority jobs accepted=4 failed=2 last=SESSION_UNAVAILABLE
[2026-09-26T15:25:19.242+00:00] I (849974) RouteLoomRef: member discovery rx=65 offer_tx=65 offer_rx=40 auth=4 kind_reject=0 capacity=0 send_fail=51
[2026-09-26T15:25:19.242+00:00] I (849974) RouteLoomRef: member scope raw=105 accepted=69 mac_reject=0 hint=0 generation=0 key_unavailable=0 budget=0
[2026-09-26T15:25:20.746+00:00] I (851501) RouteLoomRef: message origin=1 session=406764572 sequence=111 bytes=9
[2026-09-26T15:25:24.255+00:00] I (854972) RouteLoomRef: member state=4 links=2 ends=1 authority=1/0 confirm=1 demux_drop=12
[2026-09-26T15:25:24.255+00:00] I (854973) RouteLoomRef: member handshake starts=69 requests=2 rejected=0 send_fail=6 established=4 failed=3 last_error=6 active=0
[2026-09-26T15:25:24.255+00:00] I (854973) RouteLoomRef: member end send_fail=2 established=1 failed=4 last_error=7
[2026-09-26T15:25:24.255+00:00] I (854974) RouteLoomRef: authority state=0 tx_sent=6 tx_failed=0 rx_accepted=1 rx_rejected=0 pull=0 busy=0 backoff_s=0
[2026-09-26T15:25:24.255+00:00] I (854974) RouteLoomRef: authority mesh tx_carrier=6 queued=6 shed=555 rx_carrier=2 denied=0 timeout=0
[2026-09-26T15:25:24.255+00:00] I (854974) RouteLoomRef: authority jobs accepted=4 failed=2 last=SESSION_UNAVAILABLE
[2026-09-26T15:25:24.255+00:00] I (854975) RouteLoomRef: member discovery rx=65 offer_tx=65 offer_rx=40 auth=4 kind_reject=0 capacity=0 send_fail=51
[2026-09-26T15:25:24.255+00:00] I (854975) RouteLoomRef: member scope raw=105 accepted=69 mac_reject=0 hint=0 generation=0 key_unavailable=0 budget=0
[2026-09-26T15:25:25.961+00:00] I (856747) RouteLoomRef: message origin=1 session=406764572 sequence=115 bytes=9
[2026-09-26T15:25:29.172+00:00] I (859974) RouteLoomRef: member state=4 links=2 ends=1 authority=1/0 confirm=1 demux_drop=12
[2026-09-26T15:25:29.172+00:00] I (859975) RouteLoomRef: member handshake starts=69 requests=2 rejected=0 send_fail=6 established=4 failed=3 last_error=6 active=0
[2026-09-26T15:25:29.172+00:00] I (859975) RouteLoomRef: member end send_fail=2 established=1 failed=4 last_error=7
[2026-09-26T15:25:29.172+00:00] I (859976) RouteLoomRef: authority state=0 tx_sent=6 tx_failed=0 rx_accepted=1 rx_rejected=0 pull=0 busy=0 backoff_s=0
[2026-09-26T15:25:29.172+00:00] I (859976) RouteLoomRef: authority mesh tx_carrier=6 queued=6 shed=555 rx_carrier=2 denied=0 timeout=0
[2026-09-26T15:25:29.172+00:00] I (859976) RouteLoomRef: authority jobs accepted=4 failed=2 last=SESSION_UNAVAILABLE
[2026-09-26T15:25:29.172+00:00] I (859977) RouteLoomRef: member discovery rx=65 offer_tx=65 offer_rx=40 auth=4 kind_reject=0 capacity=0 send_fail=51
[2026-09-26T15:25:29.172+00:00] I (859977) RouteLoomRef: member scope raw=105 accepted=69 mac_reject=0 hint=0 generation=0 key_unavailable=0 budget=0
[2026-09-26T15:25:31.278+00:00] I (862075) RouteLoomRef: message origin=1 session=406764572 sequence=119 bytes=9
[2026-09-26T15:25:34.191+00:00] I (864974) RouteLoomRef: member state=4 links=2 ends=1 authority=1/0 confirm=1 demux_drop=12
[2026-09-26T15:25:34.191+00:00] I (864975) RouteLoomRef: member handshake starts=69 requests=2 rejected=0 send_fail=6 established=4 failed=3 last_error=6 active=0
[2026-09-26T15:25:34.191+00:00] I (864975) RouteLoomRef: member end send_fail=2 established=1 failed=4 last_error=7
[2026-09-26T15:25:34.191+00:00] I (864976) RouteLoomRef: authority state=0 tx_sent=6 tx_failed=0 rx_accepted=1 rx_rejected=0 pull=0 busy=0 backoff_s=0
[2026-09-26T15:25:34.191+00:00] I (864976) RouteLoomRef: authority mesh tx_carrier=6 queued=6 shed=555 rx_carrier=2 denied=0 timeout=0
[2026-09-26T15:25:34.191+00:00] I (864976) RouteLoomRef: authority jobs accepted=4 failed=2 last=SESSION_UNAVAILABLE
[2026-09-26T15:25:34.191+00:00] I (864977) RouteLoomRef: member discovery rx=65 offer_tx=65 offer_rx=40 auth=4 kind_reject=0 capacity=0 send_fail=51
[2026-09-26T15:25:34.192+00:00] I (864977) RouteLoomRef: member scope raw=105 accepted=69 mac_reject=0 hint=0 generation=0 key_unavailable=0 budget=0
[2026-09-26T15:25:36.602+00:00] I (867362) RouteLoomRef: message origin=1 session=406764572 sequence=123 bytes=9
[2026-09-26T15:25:39.210+00:00] I (869974) RouteLoomRef: member state=4 links=2 ends=1 authority=1/0 confirm=1 demux_drop=12
[2026-09-26T15:25:39.210+00:00] I (869975) RouteLoomRef: member handshake starts=69 requests=2 rejected=0 send_fail=6 established=4 failed=3 last_error=6 active=0
[2026-09-26T15:25:39.210+00:00] I (869975) RouteLoomRef: member end send_fail=2 established=1 failed=4 last_error=7
[2026-09-26T15:25:39.210+00:00] I (869976) RouteLoomRef: authority state=0 tx_sent=6 tx_failed=0 rx_accepted=1 rx_rejected=0 pull=0 busy=0 backoff_s=0
[2026-09-26T15:25:39.210+00:00] I (869976) RouteLoomRef: authority mesh tx_carrier=6 queued=6 shed=555 rx_carrier=2 denied=0 timeout=0
[2026-09-26T15:25:39.210+00:00] I (869976) RouteLoomRef: authority jobs accepted=4 failed=2 last=SESSION_UNAVAILABLE
[2026-09-26T15:25:39.210+00:00] I (869977) RouteLoomRef: member discovery rx=65 offer_tx=65 offer_rx=40 auth=4 kind_reject=0 capacity=0 send_fail=51
[2026-09-26T15:25:39.210+00:00] I (869977) RouteLoomRef: member scope raw=105 accepted=69 mac_reject=0 hint=0 generation=0 key_unavailable=0 budget=0
[2026-09-26T15:25:44.220+00:00] I (874975) RouteLoomRef: member state=4 links=2 ends=1 authority=1/0 confirm=1 demux_drop=12
[2026-09-26T15:25:44.220+00:00] I (874976) RouteLoomRef: member handshake starts=69 requests=2 rejected=0 send_fail=6 established=4 failed=3 last_error=6 active=0
[2026-09-26T15:25:44.220+00:00] I (874976) RouteLoomRef: member end send_fail=2 established=1 failed=4 last_error=7
[2026-09-26T15:25:44.220+00:00] I (874977) RouteLoomRef: authority state=0 tx_sent=6 tx_failed=0 rx_accepted=1 rx_rejected=0 pull=0 busy=0 backoff_s=0
[2026-09-26T15:25:44.220+00:00] I (874977) RouteLoomRef: authority mesh tx_carrier=6 queued=6 shed=555 rx_carrier=2 denied=0 timeout=0
[2026-09-26T15:25:44.220+00:00] I (874977) RouteLoomRef: authority jobs accepted=4 failed=2 last=SESSION_UNAVAILABLE
[2026-09-26T15:25:44.220+00:00] I (874978) RouteLoomRef: member discovery rx=65 offer_tx=65 offer_rx=40 auth=4 kind_reject=0 capacity=0 send_fail=51
[2026-09-26T15:25:44.220+00:00] I (874978) RouteLoomRef: member scope raw=105 accepted=69 mac_reject=0 hint=0 generation=0 key_unavailable=0 budget=0
[2026-09-26T15:25:45.923+00:00] I (876708) RouteLoomRef: discovery event=REDISCOVERY peer=2
[2026-09-26T15:25:45.923+00:00] W (876709) RouteLoomRef: diagnostic reason=REDISCOVERY peer=2 message=none
[2026-09-26T15:25:48.127+00:00] I (878906) RouteLoomRef: RLD1 rx kind=2 ch=6 generation=16 src=94:a9:90:6a:ee:c4 dest=10:bd:a3:b1:48:a8
[2026-09-26T15:25:48.127+00:00] I (878906) RouteLoomRef: RLD1 offer result state=0 expected_generation=16 observations=0 dropped=0
[2026-09-26T15:25:48.127+00:00] I (878936) RouteLoomRef: RLD1 rx kind=2 ch=6 generation=16 src=10:bd:a3:b1:47:54 dest=10:bd:a3:b1:48:a8
[2026-09-26T15:25:48.127+00:00] I (878936) RouteLoomRef: RLD1 offer result state=0 expected_generation=16 observations=0 dropped=0
[2026-09-26T15:25:49.230+00:00] I (879977) RouteLoomRef: member state=4 links=2 ends=1 authority=1/0 confirm=1 demux_drop=12
[2026-09-26T15:25:49.230+00:00] I (879978) RouteLoomRef: member handshake starts=69 requests=2 rejected=0 send_fail=6 established=4 failed=3 last_error=6 active=0
[2026-09-26T15:25:49.230+00:00] I (879978) RouteLoomRef: member end send_fail=2 established=1 failed=4 last_error=7
[2026-09-26T15:25:49.230+00:00] I (879979) RouteLoomRef: authority state=0 tx_sent=6 tx_failed=0 rx_accepted=1 rx_rejected=0 pull=0 busy=0 backoff_s=0
[2026-09-26T15:25:49.230+00:00] I (879979) RouteLoomRef: authority mesh tx_carrier=6 queued=6 shed=555 rx_carrier=2 denied=0 timeout=0
[2026-09-26T15:25:49.230+00:00] I (879979) RouteLoomRef: authority jobs accepted=4 failed=2 last=SESSION_UNAVAILABLE
[2026-09-26T15:25:49.230+00:00] I (879980) RouteLoomRef: member discovery rx=65 offer_tx=65 offer_rx=42 auth=4 kind_reject=0 capacity=0 send_fail=51
[2026-09-26T15:25:49.230+00:00] I (879980) RouteLoomRef: member scope raw=107 accepted=69 mac_reject=0 hint=0 generation=0 key_unavailable=0 budget=0
[2026-09-26T15:25:50.635+00:00] I (881425) RouteLoomRef: RLD1 rx kind=2 ch=6 generation=16 src=94:a9:90:6a:ee:c4 dest=10:bd:a3:b1:48:a8
[2026-09-26T15:25:50.635+00:00] I (881425) RouteLoomRef: RLD1 offer result state=0 expected_generation=16 observations=0 dropped=0
[2026-09-26T15:25:50.735+00:00] I (881494) RouteLoomRef: RLD1 rx kind=2 ch=6 generation=16 src=10:bd:a3:b1:47:54 dest=10:bd:a3:b1:48:a8
[2026-09-26T15:25:50.735+00:00] I (881494) RouteLoomRef: RLD1 offer result state=0 expected_generation=16 observations=0 dropped=0
[2026-09-26T15:25:54.255+00:00] I (884977) RouteLoomRef: member state=4 links=2 ends=1 authority=1/0 confirm=1 demux_drop=12
[2026-09-26T15:25:54.255+00:00] I (884978) RouteLoomRef: member handshake starts=69 requests=2 rejected=0 send_fail=6 established=4 failed=3 last_error=6 active=0
[2026-09-26T15:25:54.255+00:00] I (884978) RouteLoomRef: member end send_fail=2 established=1 failed=4 last_error=7
[2026-09-26T15:25:54.255+00:00] I (884979) RouteLoomRef: authority state=0 tx_sent=6 tx_failed=0 rx_accepted=1 rx_rejected=0 pull=0 busy=0 backoff_s=0
[2026-09-26T15:25:54.255+00:00] I (884979) RouteLoomRef: authority mesh tx_carrier=6 queued=6 shed=555 rx_carrier=2 denied=0 timeout=0
[2026-09-26T15:25:54.255+00:00] I (884979) RouteLoomRef: authority jobs accepted=4 failed=2 last=SESSION_UNAVAILABLE
[2026-09-26T15:25:54.255+00:00] I (884980) RouteLoomRef: member discovery rx=65 offer_tx=65 offer_rx=44 auth=4 kind_reject=0 capacity=0 send_fail=51
[2026-09-26T15:25:54.255+00:00] I (884980) RouteLoomRef: member scope raw=109 accepted=69 mac_reject=0 hint=0 generation=0 key_unavailable=0 budget=0
[2026-09-26T15:25:59.168+00:00] I (889977) RouteLoomRef: member state=4 links=2 ends=1 authority=1/0 confirm=1 demux_drop=12
[2026-09-26T15:25:59.168+00:00] I (889978) RouteLoomRef: member handshake starts=69 requests=2 rejected=0 send_fail=6 established=4 failed=3 last_error=6 active=0
[2026-09-26T15:25:59.168+00:00] I (889978) RouteLoomRef: member end send_fail=2 established=1 failed=4 last_error=7
[2026-09-26T15:25:59.168+00:00] I (889979) RouteLoomRef: authority state=0 tx_sent=6 tx_failed=0 rx_accepted=1 rx_rejected=0 pull=0 busy=0 backoff_s=0
[2026-09-26T15:25:59.168+00:00] I (889979) RouteLoomRef: authority mesh tx_carrier=6 queued=6 shed=555 rx_carrier=2 denied=0 timeout=0
[2026-09-26T15:25:59.168+00:00] I (889979) RouteLoomRef: authority jobs accepted=4 failed=2 last=SESSION_UNAVAILABLE
[2026-09-26T15:25:59.168+00:00] I (889980) RouteLoomRef: member discovery rx=65 offer_tx=65 offer_rx=44 auth=4 kind_reject=0 capacity=0 send_fail=51
[2026-09-26T15:25:59.168+00:00] I (889980) RouteLoomRef: member scope raw=109 accepted=69 mac_reject=0 hint=0 generation=0 key_unavailable=0 budget=0
[2026-09-26T15:26:04.181+00:00] I (894978) RouteLoomRef: member state=4 links=2 ends=1 authority=1/0 confirm=1 demux_drop=12
[2026-09-26T15:26:04.181+00:00] I (894979) RouteLoomRef: member handshake starts=69 requests=2 rejected=0 send_fail=6 established=4 failed=3 last_error=6 active=0
[2026-09-26T15:26:04.181+00:00] I (894979) RouteLoomRef: member end send_fail=2 established=1 failed=4 last_error=7
[2026-09-26T15:26:04.181+00:00] I (894980) RouteLoomRef: authority state=0 tx_sent=6 tx_failed=0 rx_accepted=1 rx_rejected=0 pull=0 busy=0 backoff_s=0
[2026-09-26T15:26:04.181+00:00] I (894980) RouteLoomRef: authority mesh tx_carrier=6 queued=6 shed=555 rx_carrier=2 denied=0 timeout=0
[2026-09-26T15:26:04.181+00:00] I (894980) RouteLoomRef: authority jobs accepted=4 failed=2 last=SESSION_UNAVAILABLE
[2026-09-26T15:26:04.181+00:00] I (894981) RouteLoomRef: member discovery rx=65 offer_tx=65 offer_rx=44 auth=4 kind_reject=0 capacity=0 send_fail=51
[2026-09-26T15:26:04.181+00:00] I (894981) RouteLoomRef: member scope raw=109 accepted=69 mac_reject=0 hint=0 generation=0 key_unavailable=0 budget=0
[2026-09-26T15:26:05.186+00:00] I (895920) RouteLoomRef: RLD1 rx kind=2 ch=6 generation=16 src=10:bd:a3:b1:47:54 dest=10:bd:a3:b1:48:a8
[2026-09-26T15:26:05.186+00:00] I (895920) RouteLoomRef: RLD1 offer result state=0 expected_generation=16 observations=0 dropped=0
[2026-09-26T15:26:05.186+00:00] I (895941) RouteLoomRef: RLD1 rx kind=2 ch=6 generation=16 src=94:a9:90:6a:ee:c4 dest=10:bd:a3:b1:48:a8
[2026-09-26T15:26:05.186+00:00] I (895941) RouteLoomRef: RLD1 offer result state=0 expected_generation=16 observations=0 dropped=0
[2026-09-26T15:26:09.196+00:00] I (899980) RouteLoomRef: member state=4 links=2 ends=1 authority=1/0 confirm=1 demux_drop=12
[2026-09-26T15:26:09.196+00:00] I (899981) RouteLoomRef: member handshake starts=69 requests=2 rejected=0 send_fail=6 established=4 failed=3 last_error=6 active=0
[2026-09-26T15:26:09.196+00:00] I (899981) RouteLoomRef: member end send_fail=2 established=1 failed=4 last_error=7
[2026-09-26T15:26:09.196+00:00] I (899982) RouteLoomRef: authority state=0 tx_sent=6 tx_failed=0 rx_accepted=1 rx_rejected=0 pull=0 busy=0 backoff_s=0
[2026-09-26T15:26:09.196+00:00] I (899982) RouteLoomRef: authority mesh tx_carrier=6 queued=6 shed=555 rx_carrier=2 denied=0 timeout=0
[2026-09-26T15:26:09.196+00:00] I (899982) RouteLoomRef: authority jobs accepted=4 failed=2 last=SESSION_UNAVAILABLE
[2026-09-26T15:26:09.196+00:00] I (899983) RouteLoomRef: member discovery rx=65 offer_tx=65 offer_rx=46 auth=4 kind_reject=0 capacity=0 send_fail=51
[2026-09-26T15:26:09.196+00:00] I (899983) RouteLoomRef: member scope raw=111 accepted=69 mac_reject=0 hint=0 generation=0 key_unavailable=0 budget=0
[2026-09-26T15:26:09.697+00:00] I (900427) RouteLoom: stack hwm main 7664 B
[2026-09-26T15:26:09.697+00:00] I (900427) RouteLoom: HIL HEAP free=106740 largest=90112 min=105492 B
[2026-09-26T15:26:09.697+00:00] I (900427) RouteLoom: HIL DISCOVERY candidates=0 neighbors=2 capacity=0 auth=4 stale=3 probes=82 send_failures=51 kind_rejects=0
[2026-09-26T15:26:09.697+00:00] I (900428) RouteLoom: HIL ROUTE peer=1 phase=5 via=1 metric=1 generation=323 seq=4
[2026-09-26T15:26:09.697+00:00] I (900428) RouteLoom: HIL ROUTE peer=2 phase=7 via=0 metric=0 generation=0 seq=0
[2026-09-26T15:26:09.697+00:00] I (900429) RouteLoom: HIL ROUTE peer=3 phase=-1 via=0 metric=0 generation=0 seq=0
[2026-09-26T15:26:14.211+00:00] I (904982) RouteLoomRef: member state=4 links=2 ends=1 authority=1/0 confirm=1 demux_drop=12
[2026-09-26T15:26:14.211+00:00] I (904983) RouteLoomRef: member handshake starts=69 requests=2 rejected=0 send_fail=6 established=4 failed=3 last_error=6 active=0
[2026-09-26T15:26:14.211+00:00] I (904983) RouteLoomRef: member end send_fail=2 established=1 failed=4 last_error=7
[2026-09-26T15:26:14.211+00:00] I (904984) RouteLoomRef: authority state=0 tx_sent=6 tx_failed=0 rx_accepted=1 rx_rejected=0 pull=0 busy=0 backoff_s=0
[2026-09-26T15:26:14.211+00:00] I (904984) RouteLoomRef: authority mesh tx_carrier=6 queued=6 shed=555 rx_carrier=2 denied=0 timeout=0
[2026-09-26T15:26:14.211+00:00] I (904984) RouteLoomRef: authority jobs accepted=4 failed=2 last=SESSION_UNAVAILABLE
[2026-09-26T15:26:14.211+00:00] I (904985) RouteLoomRef: member discovery rx=65 offer_tx=65 offer_rx=46 auth=4 kind_reject=0 capacity=0 send_fail=51
[2026-09-26T15:26:14.211+00:00] I (904985) RouteLoomRef: member scope raw=111 accepted=69 mac_reject=0 hint=0 generation=0 key_unavailable=0 budget=0
[2026-09-26T15:26:19.226+00:00] I (909983) RouteLoomRef: member state=4 links=2 ends=1 authority=1/0 confirm=1 demux_drop=12
[2026-09-26T15:26:19.226+00:00] I (909984) RouteLoomRef: member handshake starts=69 requests=2 rejected=0 send_fail=6 established=4 failed=3 last_error=6 active=0
[2026-09-26T15:26:19.226+00:00] I (909984) RouteLoomRef: member end send_fail=2 established=1 failed=4 last_error=7
[2026-09-26T15:26:19.226+00:00] I (909985) RouteLoomRef: authority state=0 tx_sent=6 tx_failed=0 rx_accepted=1 rx_rejected=0 pull=0 busy=0 backoff_s=0
[2026-09-26T15:26:19.226+00:00] I (909985) RouteLoomRef: authority mesh tx_carrier=6 queued=6 shed=555 rx_carrier=2 denied=0 timeout=0
[2026-09-26T15:26:19.226+00:00] I (909985) RouteLoomRef: authority jobs accepted=4 failed=2 last=SESSION_UNAVAILABLE
[2026-09-26T15:26:19.226+00:00] I (909986) RouteLoomRef: member discovery rx=65 offer_tx=65 offer_rx=46 auth=4 kind_reject=0 capacity=0 send_fail=51
[2026-09-26T15:26:19.226+00:00] I (909986) RouteLoomRef: member scope raw=111 accepted=69 mac_reject=0 hint=0 generation=0 key_unavailable=0 budget=0
[2026-09-26T15:26:24.247+00:00] I (914985) RouteLoomRef: member state=4 links=2 ends=1 authority=1/0 confirm=1 demux_drop=12
[2026-09-26T15:26:24.247+00:00] I (914986) RouteLoomRef: member handshake starts=69 requests=2 rejected=0 send_fail=6 established=4 failed=3 last_error=6 active=0
[2026-09-26T15:26:24.247+00:00] I (914986) RouteLoomRef: member end send_fail=2 established=1 failed=4 last_error=7
[2026-09-26T15:26:24.247+00:00] I (914987) RouteLoomRef: authority state=0 tx_sent=6 tx_failed=0 rx_accepted=1 rx_rejected=0 pull=0 busy=0 backoff_s=0
[2026-09-26T15:26:24.247+00:00] I (914987) RouteLoomRef: authority mesh tx_carrier=6 queued=6 shed=555 rx_carrier=2 denied=0 timeout=0
[2026-09-26T15:26:24.247+00:00] I (914987) RouteLoomRef: authority jobs accepted=4 failed=2 last=SESSION_UNAVAILABLE
[2026-09-26T15:26:24.247+00:00] I (914988) RouteLoomRef: member discovery rx=65 offer_tx=65 offer_rx=46 auth=4 kind_reject=0 capacity=0 send_fail=51
[2026-09-26T15:26:24.247+00:00] I (914988) RouteLoomRef: member scope raw=111 accepted=69 mac_reject=0 hint=0 generation=0 key_unavailable=0 budget=0
[2026-09-26T15:26:29.178+00:00] I (919986) RouteLoomRef: member state=4 links=2 ends=1 authority=1/0 confirm=1 demux_drop=12
[2026-09-26T15:26:29.178+00:00] I (919987) RouteLoomRef: member handshake starts=69 requests=2 rejected=0 send_fail=6 established=4 failed=3 last_error=6 active=0
[2026-09-26T15:26:29.178+00:00] I (919987) RouteLoomRef: member end send_fail=2 established=1 failed=4 last_error=7
[2026-09-26T15:26:29.178+00:00] I (919988) RouteLoomRef: authority state=0 tx_sent=6 tx_failed=0 rx_accepted=1 rx_rejected=0 pull=0 busy=0 backoff_s=0
[2026-09-26T15:26:29.178+00:00] I (919988) RouteLoomRef: authority mesh tx_carrier=6 queued=6 shed=555 rx_carrier=2 denied=0 timeout=0
[2026-09-26T15:26:29.178+00:00] I (919988) RouteLoomRef: authority jobs accepted=4 failed=2 last=SESSION_UNAVAILABLE
[2026-09-26T15:26:29.178+00:00] I (919989) RouteLoomRef: member discovery rx=65 offer_tx=65 offer_rx=46 auth=4 kind_reject=0 capacity=0 send_fail=51
[2026-09-26T15:26:29.178+00:00] I (919989) RouteLoomRef: member scope raw=111 accepted=69 mac_reject=0 hint=0 generation=0 key_unavailable=0 budget=0
[2026-09-26T15:26:34.195+00:00] I (924986) RouteLoomRef: member state=4 links=2 ends=1 authority=1/0 confirm=1 demux_drop=12
[2026-09-26T15:26:34.195+00:00] I (924987) RouteLoomRef: member handshake starts=69 requests=2 rejected=0 send_fail=6 established=4 failed=3 last_error=6 active=0
[2026-09-26T15:26:34.195+00:00] I (924987) RouteLoomRef: member end send_fail=2 established=1 failed=4 last_error=7
[2026-09-26T15:26:34.195+00:00] I (924988) RouteLoomRef: authority state=0 tx_sent=6 tx_failed=0 rx_accepted=1 rx_rejected=0 pull=0 busy=0 backoff_s=0
[2026-09-26T15:26:34.195+00:00] I (924988) RouteLoomRef: authority mesh tx_carrier=6 queued=6 shed=555 rx_carrier=2 denied=0 timeout=0
[2026-09-26T15:26:34.195+00:00] I (924988) RouteLoomRef: authority jobs accepted=4 failed=2 last=SESSION_UNAVAILABLE
[2026-09-26T15:26:34.195+00:00] I (924989) RouteLoomRef: member discovery rx=65 offer_tx=65 offer_rx=46 auth=4 kind_reject=0 capacity=0 send_fail=51
[2026-09-26T15:26:34.195+00:00] I (924989) RouteLoomRef: member scope raw=111 accepted=69 mac_reject=0 hint=0 generation=0 key_unavailable=0 budget=0
[2026-09-26T15:26:39.236+00:00] I (929987) RouteLoomRef: member state=4 links=2 ends=1 authority=1/0 confirm=1 demux_drop=12
[2026-09-26T15:26:39.236+00:00] I (929988) RouteLoomRef: member handshake starts=69 requests=2 rejected=0 send_fail=6 established=4 failed=3 last_error=6 active=0
[2026-09-26T15:26:39.236+00:00] I (929988) RouteLoomRef: member end send_fail=2 established=1 failed=4 last_error=7
[2026-09-26T15:26:39.236+00:00] I (929989) RouteLoomRef: authority state=0 tx_sent=6 tx_failed=0 rx_accepted=1 rx_rejected=0 pull=0 busy=0 backoff_s=0
[2026-09-26T15:26:39.236+00:00] I (929989) RouteLoomRef: authority mesh tx_carrier=6 queued=6 shed=555 rx_carrier=2 denied=0 timeout=0
[2026-09-26T15:26:39.236+00:00] I (929989) RouteLoomRef: authority jobs accepted=4 failed=2 last=SESSION_UNAVAILABLE
[2026-09-26T15:26:39.236+00:00] I (929990) RouteLoomRef: member discovery rx=65 offer_tx=65 offer_rx=46 auth=4 kind_reject=0 capacity=0 send_fail=51
[2026-09-26T15:26:39.236+00:00] I (929990) RouteLoomRef: member scope raw=111 accepted=69 mac_reject=0 hint=0 generation=0 key_unavailable=0 budget=0
[2026-09-26T15:26:44.269+00:00] I (934988) RouteLoomRef: member state=4 links=2 ends=1 authority=1/0 confirm=1 demux_drop=12
[2026-09-26T15:26:44.269+00:00] I (934989) RouteLoomRef: member handshake starts=69 requests=2 rejected=0 send_fail=6 established=4 failed=3 last_error=6 active=0
[2026-09-26T15:26:44.269+00:00] I (934989) RouteLoomRef: member end send_fail=2 established=1 failed=4 last_error=7
[2026-09-26T15:26:44.269+00:00] I (934990) RouteLoomRef: authority state=0 tx_sent=6 tx_failed=0 rx_accepted=1 rx_rejected=0 pull=0 busy=0 backoff_s=0
[2026-09-26T15:26:44.269+00:00] I (934990) RouteLoomRef: authority mesh tx_carrier=6 queued=6 shed=555 rx_carrier=2 denied=0 timeout=0
[2026-09-26T15:26:44.269+00:00] I (934990) RouteLoomRef: authority jobs accepted=4 failed=2 last=SESSION_UNAVAILABLE
[2026-09-26T15:26:44.269+00:00] I (934991) RouteLoomRef: member discovery rx=65 offer_tx=65 offer_rx=46 auth=4 kind_reject=0 capacity=0 send_fail=51
[2026-09-26T15:26:44.269+00:00] I (934991) RouteLoomRef: member scope raw=111 accepted=69 mac_reject=0 hint=0 generation=0 key_unavailable=0 budget=0
[2026-09-26T15:26:45.897+00:00] I (936708) RouteLoomRef: discovery event=REDISCOVERY peer=2
[2026-09-26T15:26:45.897+00:00] W (936709) RouteLoomRef: diagnostic reason=REDISCOVERY peer=2 message=none
[2026-09-26T15:26:46.800+00:00] I (937560) RouteLoomRef: RLD1 rx kind=2 ch=6 generation=16 src=10:bd:a3:b1:47:54 dest=10:bd:a3:b1:48:a8
[2026-09-26T15:26:46.800+00:00] I (937560) RouteLoomRef: RLD1 offer result state=0 expected_generation=16 observations=0 dropped=0
[2026-09-26T15:26:47.702+00:00] I (938429) RouteLoomRef: RLD1 rx kind=2 ch=6 generation=16 src=94:a9:90:6a:ee:c4 dest=10:bd:a3:b1:48:a8
[2026-09-26T15:26:47.702+00:00] I (938429) RouteLoomRef: RLD1 offer result state=0 expected_generation=16 observations=0 dropped=0
[2026-09-26T15:26:49.206+00:00] I (939989) RouteLoomRef: member state=4 links=2 ends=1 authority=1/0 confirm=1 demux_drop=12
[2026-09-26T15:26:49.206+00:00] I (939990) RouteLoomRef: member handshake starts=69 requests=2 rejected=0 send_fail=6 established=4 failed=3 last_error=6 active=0
[2026-09-26T15:26:49.206+00:00] I (939990) RouteLoomRef: member end send_fail=2 established=1 failed=4 last_error=7
[2026-09-26T15:26:49.206+00:00] I (939991) RouteLoomRef: authority state=0 tx_sent=6 tx_failed=0 rx_accepted=1 rx_rejected=0 pull=0 busy=0 backoff_s=0
[2026-09-26T15:26:49.206+00:00] I (939991) RouteLoomRef: authority mesh tx_carrier=6 queued=6 shed=555 rx_carrier=2 denied=0 timeout=0
[2026-09-26T15:26:49.206+00:00] I (939991) RouteLoomRef: authority jobs accepted=4 failed=2 last=SESSION_UNAVAILABLE
[2026-09-26T15:26:49.206+00:00] I (939992) RouteLoomRef: member discovery rx=65 offer_tx=65 offer_rx=48 auth=4 kind_reject=0 capacity=0 send_fail=51
[2026-09-26T15:26:49.206+00:00] I (939992) RouteLoomRef: member scope raw=113 accepted=69 mac_reject=0 hint=0 generation=0 key_unavailable=0 budget=0
[2026-09-26T15:26:52.214+00:00] I (943015) RouteLoomRef: RLD1 rx kind=2 ch=6 generation=16 src=10:bd:a3:b1:47:54 dest=10:bd:a3:b1:48:a8
[2026-09-26T15:26:52.214+00:00] I (943015) RouteLoomRef: RLD1 offer result state=0 expected_generation=16 observations=0 dropped=0
[2026-09-26T15:26:54.219+00:00] I (944989) RouteLoomRef: member state=4 links=2 ends=1 authority=1/0 confirm=1 demux_drop=12
[2026-09-26T15:26:54.219+00:00] I (944990) RouteLoomRef: member handshake starts=69 requests=2 rejected=0 send_fail=6 established=4 failed=3 last_error=6 active=0
[2026-09-26T15:26:54.219+00:00] I (944990) RouteLoomRef: member end send_fail=2 established=1 failed=4 last_error=7
[2026-09-26T15:26:54.219+00:00] I (944991) RouteLoomRef: authority state=0 tx_sent=6 tx_failed=0 rx_accepted=1 rx_rejected=0 pull=0 busy=0 backoff_s=0
[2026-09-26T15:26:54.219+00:00] I (944991) RouteLoomRef: authority mesh tx_carrier=6 queued=6 shed=555 rx_carrier=2 denied=0 timeout=0
[2026-09-26T15:26:54.219+00:00] I (944991) RouteLoomRef: authority jobs accepted=4 failed=2 last=SESSION_UNAVAILABLE
[2026-09-26T15:26:54.219+00:00] I (944992) RouteLoomRef: member discovery rx=65 offer_tx=65 offer_rx=49 auth=4 kind_reject=0 capacity=0 send_fail=52
[2026-09-26T15:26:54.219+00:00] I (944992) RouteLoomRef: member scope raw=114 accepted=69 mac_reject=0 hint=0 generation=0 key_unavailable=0 budget=0
[2026-09-26T15:26:57.931+00:00] I (948698) RouteLoomRef: RLD1 rx kind=2 ch=6 generation=16 src=10:bd:a3:b1:47:54 dest=10:bd:a3:b1:48:a8
[2026-09-26T15:26:57.931+00:00] I (948698) RouteLoomRef: RLD1 offer result state=0 expected_generation=16 observations=0 dropped=0
[2026-09-26T15:26:59.246+00:00] I (949989) RouteLoomRef: member state=4 links=2 ends=1 authority=1/0 confirm=1 demux_drop=12
[2026-09-26T15:26:59.246+00:00] I (949990) RouteLoomRef: member handshake starts=69 requests=2 rejected=0 send_fail=6 established=4 failed=3 last_error=6 active=0
[2026-09-26T15:26:59.246+00:00] I (949990) RouteLoomRef: member end send_fail=2 established=1 failed=4 last_error=7
[2026-09-26T15:26:59.246+00:00] I (949991) RouteLoomRef: authority state=0 tx_sent=6 tx_failed=0 rx_accepted=1 rx_rejected=0 pull=0 busy=0 backoff_s=0
[2026-09-26T15:26:59.246+00:00] I (949991) RouteLoomRef: authority mesh tx_carrier=6 queued=6 shed=555 rx_carrier=2 denied=0 timeout=0
[2026-09-26T15:26:59.246+00:00] I (949991) RouteLoomRef: authority jobs accepted=4 failed=2 last=SESSION_UNAVAILABLE
[2026-09-26T15:26:59.247+00:00] I (949992) RouteLoomRef: member discovery rx=65 offer_tx=65 offer_rx=50 auth=4 kind_reject=0 capacity=0 send_fail=52
[2026-09-26T15:26:59.247+00:00] I (949992) RouteLoomRef: member scope raw=115 accepted=69 mac_reject=0 hint=0 generation=0 key_unavailable=0 budget=0
[2026-09-26T15:27:04.262+00:00] I (954989) RouteLoomRef: member state=4 links=2 ends=1 authority=1/0 confirm=1 demux_drop=12
[2026-09-26T15:27:04.262+00:00] I (954990) RouteLoomRef: member handshake starts=69 requests=2 rejected=0 send_fail=6 established=4 failed=3 last_error=6 active=0
[2026-09-26T15:27:04.262+00:00] I (954990) RouteLoomRef: member end send_fail=2 established=1 failed=4 last_error=7
[2026-09-26T15:27:04.262+00:00] I (954991) RouteLoomRef: authority state=0 tx_sent=6 tx_failed=0 rx_accepted=1 rx_rejected=0 pull=0 busy=0 backoff_s=0
[2026-09-26T15:27:04.262+00:00] I (954991) RouteLoomRef: authority mesh tx_carrier=6 queued=6 shed=555 rx_carrier=2 denied=0 timeout=0
[2026-09-26T15:27:04.262+00:00] I (954991) RouteLoomRef: authority jobs accepted=4 failed=2 last=SESSION_UNAVAILABLE
[2026-09-26T15:27:04.262+00:00] I (954992) RouteLoomRef: member discovery rx=65 offer_tx=65 offer_rx=50 auth=4 kind_reject=0 capacity=0 send_fail=52
[2026-09-26T15:27:04.262+00:00] I (954992) RouteLoomRef: member scope raw=115 accepted=69 mac_reject=0 hint=0 generation=0 key_unavailable=0 budget=0
[2026-09-26T15:27:09.274+00:00] I (959991) RouteLoomRef: member state=4 links=2 ends=1 authority=1/0 confirm=1 demux_drop=12
[2026-09-26T15:27:09.274+00:00] I (959992) RouteLoomRef: member handshake starts=69 requests=2 rejected=0 send_fail=6 established=4 failed=3 last_error=6 active=0
[2026-09-26T15:27:09.274+00:00] I (959992) RouteLoomRef: member end send_fail=2 established=1 failed=4 last_error=7
[2026-09-26T15:27:09.274+00:00] I (959993) RouteLoomRef: authority state=0 tx_sent=6 tx_failed=0 rx_accepted=1 rx_rejected=0 pull=0 busy=0 backoff_s=0
[2026-09-26T15:27:09.274+00:00] I (959993) RouteLoomRef: authority mesh tx_carrier=6 queued=6 shed=555 rx_carrier=2 denied=0 timeout=0
[2026-09-26T15:27:09.274+00:00] I (959993) RouteLoomRef: authority jobs accepted=4 failed=2 last=SESSION_UNAVAILABLE
[2026-09-26T15:27:09.274+00:00] I (959994) RouteLoomRef: member discovery rx=65 offer_tx=65 offer_rx=50 auth=4 kind_reject=0 capacity=0 send_fail=52
[2026-09-26T15:27:09.274+00:00] I (959994) RouteLoomRef: member scope raw=115 accepted=69 mac_reject=0 hint=0 generation=0 key_unavailable=0 budget=0
[2026-09-26T15:27:09.675+00:00] I (960429) RouteLoom: stack hwm main 7664 B
[2026-09-26T15:27:09.675+00:00] I (960429) RouteLoom: HIL HEAP free=106740 largest=90112 min=105492 B
[2026-09-26T15:27:09.675+00:00] I (960429) RouteLoom: HIL DISCOVERY candidates=0 neighbors=2 capacity=0 auth=4 stale=3 probes=85 send_failures=52 kind_rejects=0
[2026-09-26T15:27:09.675+00:00] I (960430) RouteLoom: HIL ROUTE peer=1 phase=5 via=1 metric=1 generation=323 seq=4
[2026-09-26T15:27:09.675+00:00] I (960430) RouteLoom: HIL ROUTE peer=2 phase=7 via=0 metric=0 generation=0 seq=0
[2026-09-26T15:27:09.675+00:00] I (960431) RouteLoom: HIL ROUTE peer=3 phase=-1 via=0 metric=0 generation=0 seq=0
[2026-09-26T15:27:14.186+00:00] I (964992) RouteLoomRef: member state=4 links=2 ends=1 authority=1/0 confirm=1 demux_drop=12
[2026-09-26T15:27:14.186+00:00] I (964992) RouteLoomRef: member handshake starts=69 requests=2 rejected=0 send_fail=6 established=4 failed=3 last_error=6 active=0
[2026-09-26T15:27:14.186+00:00] I (964993) RouteLoomRef: member end send_fail=2 established=1 failed=4 last_error=7
[2026-09-26T15:27:14.186+00:00] I (964993) RouteLoomRef: authority state=0 tx_sent=6 tx_failed=0 rx_accepted=1 rx_rejected=0 pull=0 busy=0 backoff_s=0
[2026-09-26T15:27:14.186+00:00] I (964994) RouteLoomRef: authority mesh tx_carrier=6 queued=6 shed=555 rx_carrier=2 denied=0 timeout=0
[2026-09-26T15:27:14.186+00:00] I (964994) RouteLoomRef: authority jobs accepted=4 failed=2 last=SESSION_UNAVAILABLE
[2026-09-26T15:27:14.186+00:00] I (964994) RouteLoomRef: member discovery rx=65 offer_tx=65 offer_rx=50 auth=4 kind_reject=0 capacity=0 send_fail=52
[2026-09-26T15:27:14.186+00:00] I (964995) RouteLoomRef: member scope raw=115 accepted=69 mac_reject=0 hint=0 generation=0 key_unavailable=0 budget=0
[2026-09-26T15:27:15.589+00:00] I (966364) RouteLoomRef: message origin=1 session=406764572 sequence=127 bytes=9
[2026-09-26T15:27:19.197+00:00] I (969992) RouteLoomRef: member state=4 links=2 ends=1 authority=1/0 confirm=1 demux_drop=12
[2026-09-26T15:27:19.197+00:00] I (969993) RouteLoomRef: member handshake starts=69 requests=2 rejected=0 send_fail=6 established=4 failed=3 last_error=6 active=0
[2026-09-26T15:27:19.197+00:00] I (969993) RouteLoomRef: member end send_fail=2 established=1 failed=4 last_error=7
[2026-09-26T15:27:19.197+00:00] I (969994) RouteLoomRef: authority state=0 tx_sent=6 tx_failed=0 rx_accepted=1 rx_rejected=0 pull=0 busy=0 backoff_s=0
[2026-09-26T15:27:19.197+00:00] I (969994) RouteLoomRef: authority mesh tx_carrier=6 queued=6 shed=555 rx_carrier=2 denied=0 timeout=0
[2026-09-26T15:27:19.197+00:00] I (969994) RouteLoomRef: authority jobs accepted=4 failed=2 last=SESSION_UNAVAILABLE
[2026-09-26T15:27:19.197+00:00] I (969995) RouteLoomRef: member discovery rx=65 offer_tx=65 offer_rx=50 auth=4 kind_reject=0 capacity=0 send_fail=52
[2026-09-26T15:27:19.197+00:00] I (969995) RouteLoomRef: member scope raw=115 accepted=69 mac_reject=0 hint=0 generation=0 key_unavailable=0 budget=0
[2026-09-26T15:27:24.215+00:00] I (974994) RouteLoomRef: member state=4 links=2 ends=1 authority=1/0 confirm=1 demux_drop=12
[2026-09-26T15:27:24.215+00:00] I (974995) RouteLoomRef: member handshake starts=69 requests=2 rejected=0 send_fail=6 established=4 failed=3 last_error=6 active=0
[2026-09-26T15:27:24.215+00:00] I (974995) RouteLoomRef: member end send_fail=2 established=1 failed=4 last_error=7
[2026-09-26T15:27:24.215+00:00] I (974996) RouteLoomRef: authority state=0 tx_sent=6 tx_failed=0 rx_accepted=1 rx_rejected=0 pull=0 busy=0 backoff_s=0
[2026-09-26T15:27:24.215+00:00] I (974996) RouteLoomRef: authority mesh tx_carrier=6 queued=6 shed=555 rx_carrier=2 denied=0 timeout=0
[2026-09-26T15:27:24.215+00:00] I (974996) RouteLoomRef: authority jobs accepted=4 failed=2 last=SESSION_UNAVAILABLE
[2026-09-26T15:27:24.215+00:00] I (974997) RouteLoomRef: member discovery rx=65 offer_tx=65 offer_rx=50 auth=4 kind_reject=0 capacity=0 send_fail=52
[2026-09-26T15:27:24.215+00:00] I (974997) RouteLoomRef: member scope raw=115 accepted=69 mac_reject=0 hint=0 generation=0 key_unavailable=0 budget=0
[2026-09-26T15:27:29.229+00:00] I (979995) RouteLoomRef: member state=4 links=2 ends=1 authority=1/0 confirm=1 demux_drop=12
[2026-09-26T15:27:29.229+00:00] I (979996) RouteLoomRef: member handshake starts=69 requests=2 rejected=0 send_fail=6 established=4 failed=3 last_error=6 active=0
[2026-09-26T15:27:29.229+00:00] I (979996) RouteLoomRef: member end send_fail=2 established=1 failed=4 last_error=7
[2026-09-26T15:27:29.229+00:00] I (979997) RouteLoomRef: authority state=0 tx_sent=6 tx_failed=0 rx_accepted=1 rx_rejected=0 pull=0 busy=0 backoff_s=0
[2026-09-26T15:27:29.229+00:00] I (979997) RouteLoomRef: authority mesh tx_carrier=6 queued=6 shed=555 rx_carrier=2 denied=0 timeout=0
[2026-09-26T15:27:29.229+00:00] I (979997) RouteLoomRef: authority jobs accepted=4 failed=2 last=SESSION_UNAVAILABLE
[2026-09-26T15:27:29.229+00:00] I (979998) RouteLoomRef: member discovery rx=65 offer_tx=65 offer_rx=50 auth=4 kind_reject=0 capacity=0 send_fail=52
[2026-09-26T15:27:29.229+00:00] I (979998) RouteLoomRef: member scope raw=115 accepted=69 mac_reject=0 hint=0 generation=0 key_unavailable=0 budget=0
[2026-09-26T15:27:34.245+00:00] I (984996) RouteLoomRef: member state=4 links=2 ends=1 authority=1/0 confirm=1 demux_drop=12
[2026-09-26T15:27:34.245+00:00] I (984997) RouteLoomRef: member handshake starts=69 requests=2 rejected=0 send_fail=6 established=4 failed=3 last_error=6 active=0
[2026-09-26T15:27:34.245+00:00] I (984997) RouteLoomRef: member end send_fail=2 established=1 failed=4 last_error=7
[2026-09-26T15:27:34.245+00:00] I (984998) RouteLoomRef: authority state=0 tx_sent=6 tx_failed=0 rx_accepted=1 rx_rejected=0 pull=0 busy=0 backoff_s=0
[2026-09-26T15:27:34.245+00:00] I (984998) RouteLoomRef: authority mesh tx_carrier=6 queued=6 shed=555 rx_carrier=2 denied=0 timeout=0
[2026-09-26T15:27:34.245+00:00] I (984998) RouteLoomRef: authority jobs accepted=4 failed=2 last=SESSION_UNAVAILABLE
[2026-09-26T15:27:34.245+00:00] I (984999) RouteLoomRef: member discovery rx=65 offer_tx=65 offer_rx=50 auth=4 kind_reject=0 capacity=0 send_fail=52
[2026-09-26T15:27:34.245+00:00] I (984999) RouteLoomRef: member scope raw=115 accepted=69 mac_reject=0 hint=0 generation=0 key_unavailable=0 budget=0
[2026-09-26T15:27:39.264+00:00] I (989998) RouteLoomRef: member state=4 links=2 ends=1 authority=1/0 confirm=1 demux_drop=12
[2026-09-26T15:27:39.264+00:00] I (989999) RouteLoomRef: member handshake starts=69 requests=2 rejected=0 send_fail=6 established=4 failed=3 last_error=6 active=0
[2026-09-26T15:27:39.264+00:00] I (989999) RouteLoomRef: member end send_fail=2 established=1 failed=4 last_error=7
[2026-09-26T15:27:39.264+00:00] I (990000) RouteLoomRef: authority state=0 tx_sent=6 tx_failed=0 rx_accepted=1 rx_rejected=0 pull=0 busy=0 backoff_s=0
[2026-09-26T15:27:39.264+00:00] I (990000) RouteLoomRef: authority mesh tx_carrier=6 queued=6 shed=555 rx_carrier=2 denied=0 timeout=0
[2026-09-26T15:27:39.264+00:00] I (990000) RouteLoomRef: authority jobs accepted=4 failed=2 last=SESSION_UNAVAILABLE
[2026-09-26T15:27:39.264+00:00] I (990001) RouteLoomRef: member discovery rx=65 offer_tx=65 offer_rx=50 auth=4 kind_reject=0 capacity=0 send_fail=52
[2026-09-26T15:27:39.264+00:00] I (990001) RouteLoomRef: member scope raw=115 accepted=69 mac_reject=0 hint=0 generation=0 key_unavailable=0 budget=0
[2026-09-26T15:27:44.278+00:00] I (994999) RouteLoomRef: member state=4 links=2 ends=1 authority=1/0 confirm=1 demux_drop=12
[2026-09-26T15:27:44.278+00:00] I (995000) RouteLoomRef: member handshake starts=69 requests=2 rejected=0 send_fail=6 established=4 failed=3 last_error=6 active=0
[2026-09-26T15:27:44.278+00:00] I (995000) RouteLoomRef: member end send_fail=2 established=1 failed=4 last_error=7
[2026-09-26T15:27:44.278+00:00] I (995001) RouteLoomRef: authority state=0 tx_sent=6 tx_failed=0 rx_accepted=1 rx_rejected=0 pull=0 busy=0 backoff_s=0
[2026-09-26T15:27:44.278+00:00] I (995001) RouteLoomRef: authority mesh tx_carrier=6 queued=6 shed=555 rx_carrier=2 denied=0 timeout=0
[2026-09-26T15:27:44.278+00:00] I (995001) RouteLoomRef: authority jobs accepted=4 failed=2 last=SESSION_UNAVAILABLE
[2026-09-26T15:27:44.278+00:00] I (995002) RouteLoomRef: member discovery rx=65 offer_tx=65 offer_rx=50 auth=4 kind_reject=0 capacity=0 send_fail=52
[2026-09-26T15:27:44.278+00:00] I (995002) RouteLoomRef: member scope raw=115 accepted=69 mac_reject=0 hint=0 generation=0 key_unavailable=0 budget=0
[2026-09-26T15:27:45.983+00:00] I (996709) RouteLoomRef: discovery event=REDISCOVERY peer=2
[2026-09-26T15:27:45.983+00:00] W (996710) RouteLoomRef: diagnostic reason=REDISCOVERY peer=2 message=none
[2026-09-26T15:27:46.384+00:00] I (997104) RouteLoomRef: RLD1 rx kind=2 ch=6 generation=16 src=94:a9:90:6a:ee:c4 dest=10:bd:a3:b1:48:a8
[2026-09-26T15:27:46.384+00:00] I (997104) RouteLoomRef: RLD1 offer result state=0 expected_generation=16 observations=0 dropped=0
[2026-09-26T15:27:49.192+00:00] I (999999) RouteLoomRef: member state=4 links=2 ends=1 authority=1/0 confirm=1 demux_drop=12
[2026-09-26T15:27:49.192+00:00] I (1000000) RouteLoomRef: member handshake starts=69 requests=2 rejected=0 send_fail=6 established=4 failed=3 last_error=6 active=0
[2026-09-26T15:27:49.192+00:00] I (1000000) RouteLoomRef: member end send_fail=2 established=1 failed=4 last_error=7
[2026-09-26T15:27:49.192+00:00] I (1000001) RouteLoomRef: authority state=0 tx_sent=6 tx_failed=0 rx_accepted=1 rx_rejected=0 pull=0 busy=0 backoff_s=0
[2026-09-26T15:27:49.192+00:00] I (1000001) RouteLoomRef: authority mesh tx_carrier=6 queued=6 shed=555 rx_carrier=2 denied=0 timeout=0
[2026-09-26T15:27:49.192+00:00] I (1000001) RouteLoomRef: authority jobs accepted=4 failed=2 last=SESSION_UNAVAILABLE
[2026-09-26T15:27:49.192+00:00] I (1000002) RouteLoomRef: member discovery rx=65 offer_tx=65 offer_rx=51 auth=4 kind_reject=0 capacity=0 send_fail=52
[2026-09-26T15:27:49.192+00:00] I (1000002) RouteLoomRef: member scope raw=116 accepted=69 mac_reject=0 hint=0 generation=0 key_unavailable=0 budget=0
[2026-09-26T15:27:49.994+00:00] I (1000793) RouteLoomRef: RLD1 rx kind=2 ch=6 generation=16 src=94:a9:90:6a:ee:c4 dest=10:bd:a3:b1:48:a8
[2026-09-26T15:27:49.994+00:00] I (1000793) RouteLoomRef: RLD1 offer result state=0 expected_generation=16 observations=0 dropped=0
[2026-09-26T15:27:54.205+00:00] I (1005001) RouteLoomRef: member state=4 links=2 ends=1 authority=1/0 confirm=1 demux_drop=12
[2026-09-26T15:27:54.205+00:00] I (1005002) RouteLoomRef: member handshake starts=69 requests=2 rejected=0 send_fail=6 established=4 failed=3 last_error=6 active=0
[2026-09-26T15:27:54.205+00:00] I (1005002) RouteLoomRef: member end send_fail=2 established=1 failed=4 last_error=7
[2026-09-26T15:27:54.205+00:00] I (1005003) RouteLoomRef: authority state=0 tx_sent=6 tx_failed=0 rx_accepted=1 rx_rejected=0 pull=0 busy=0 backoff_s=0
[2026-09-26T15:27:54.205+00:00] I (1005003) RouteLoomRef: authority mesh tx_carrier=6 queued=6 shed=555 rx_carrier=2 denied=0 timeout=0
[2026-09-26T15:27:54.205+00:00] I (1005003) RouteLoomRef: authority jobs accepted=4 failed=2 last=SESSION_UNAVAILABLE
[2026-09-26T15:27:54.205+00:00] I (1005004) RouteLoomRef: member discovery rx=65 offer_tx=65 offer_rx=52 auth=4 kind_reject=0 capacity=0 send_fail=52
[2026-09-26T15:27:54.205+00:00] I (1005004) RouteLoomRef: member scope raw=117 accepted=69 mac_reject=0 hint=0 generation=0 key_unavailable=0 budget=0
[2026-09-26T15:27:54.706+00:00] I (1005454) RouteLoomRef: RLD1 rx kind=2 ch=6 generation=16 src=94:a9:90:6a:ee:c4 dest=10:bd:a3:b1:48:a8
[2026-09-26T15:27:54.706+00:00] I (1005455) RouteLoomRef: RLD1 offer result state=0 expected_generation=16 observations=0 dropped=0
[2026-09-26T15:27:59.217+00:00] I (1010001) RouteLoomRef: member state=4 links=2 ends=1 authority=1/0 confirm=1 demux_drop=12
[2026-09-26T15:27:59.217+00:00] I (1010002) RouteLoomRef: member handshake starts=69 requests=2 rejected=0 send_fail=6 established=4 failed=3 last_error=6 active=0
[2026-09-26T15:27:59.217+00:00] I (1010002) RouteLoomRef: member end send_fail=2 established=1 failed=4 last_error=7
[2026-09-26T15:27:59.217+00:00] I (1010003) RouteLoomRef: authority state=0 tx_sent=6 tx_failed=0 rx_accepted=1 rx_rejected=0 pull=0 busy=0 backoff_s=0
[2026-09-26T15:27:59.217+00:00] I (1010003) RouteLoomRef: authority mesh tx_carrier=6 queued=6 shed=555 rx_carrier=2 denied=0 timeout=0
[2026-09-26T15:27:59.217+00:00] I (1010003) RouteLoomRef: authority jobs accepted=4 failed=2 last=SESSION_UNAVAILABLE
[2026-09-26T15:27:59.217+00:00] I (1010004) RouteLoomRef: member discovery rx=65 offer_tx=65 offer_rx=53 auth=4 kind_reject=0 capacity=0 send_fail=52
[2026-09-26T15:27:59.217+00:00] I (1010004) RouteLoomRef: member scope raw=118 accepted=69 mac_reject=0 hint=0 generation=0 key_unavailable=0 budget=0
[2026-09-26T15:28:03.739+00:00] I (1014537) RouteLoomRef: discovery event=DISCOVERY_FAILED peer=0
[2026-09-26T15:28:03.739+00:00] W (1014537) RouteLoomRef: diagnostic reason=DISCOVERY_FAILED peer=0 message=none
[2026-09-26T15:28:04.240+00:00] I (1015001) RouteLoomRef: member state=4 links=2 ends=1 authority=1/0 confirm=1 demux_drop=12
[2026-09-26T15:28:04.240+00:00] I (1015002) RouteLoomRef: member handshake starts=69 requests=2 rejected=0 send_fail=6 established=4 failed=3 last_error=6 active=0
[2026-09-26T15:28:04.240+00:00] I (1015002) RouteLoomRef: member end send_fail=2 established=1 failed=4 last_error=7
[2026-09-26T15:28:04.240+00:00] I (1015003) RouteLoomRef: authority state=0 tx_sent=6 tx_failed=0 rx_accepted=1 rx_rejected=0 pull=0 busy=0 backoff_s=0
[2026-09-26T15:28:04.241+00:00] I (1015003) RouteLoomRef: authority mesh tx_carrier=6 queued=6 shed=555 rx_carrier=2 denied=0 timeout=0
[2026-09-26T15:28:04.241+00:00] I (1015003) RouteLoomRef: authority jobs accepted=4 failed=2 last=SESSION_UNAVAILABLE
[2026-09-26T15:28:04.241+00:00] I (1015004) RouteLoomRef: member discovery rx=65 offer_tx=65 offer_rx=53 auth=4 kind_reject=0 capacity=0 send_fail=52
[2026-09-26T15:28:04.241+00:00] I (1015004) RouteLoomRef: member scope raw=118 accepted=69 mac_reject=0 hint=0 generation=0 key_unavailable=0 budget=0
[2026-09-26T15:28:09.259+00:00] I (1020001) RouteLoomRef: member state=4 links=2 ends=1 authority=1/0 confirm=1 demux_drop=12
[2026-09-26T15:28:09.259+00:00] I (1020002) RouteLoomRef: member handshake starts=69 requests=2 rejected=0 send_fail=6 established=4 failed=3 last_error=6 active=0
[2026-09-26T15:28:09.259+00:00] I (1020002) RouteLoomRef: member end send_fail=2 established=1 failed=4 last_error=7
[2026-09-26T15:28:09.259+00:00] I (1020003) RouteLoomRef: authority state=0 tx_sent=6 tx_failed=0 rx_accepted=1 rx_rejected=0 pull=0 busy=0 backoff_s=0
[2026-09-26T15:28:09.259+00:00] I (1020003) RouteLoomRef: authority mesh tx_carrier=6 queued=6 shed=555 rx_carrier=2 denied=0 timeout=0
[2026-09-26T15:28:09.259+00:00] I (1020003) RouteLoomRef: authority jobs accepted=4 failed=2 last=SESSION_UNAVAILABLE
[2026-09-26T15:28:09.259+00:00] I (1020004) RouteLoomRef: member discovery rx=65 offer_tx=65 offer_rx=53 auth=4 kind_reject=0 capacity=0 send_fail=52
[2026-09-26T15:28:09.259+00:00] I (1020004) RouteLoomRef: member scope raw=118 accepted=69 mac_reject=0 hint=0 generation=0 key_unavailable=0 budget=0
[2026-09-26T15:28:09.660+00:00] I (1020430) RouteLoom: stack hwm main 7664 B
[2026-09-26T15:28:09.660+00:00] I (1020430) RouteLoom: HIL HEAP free=106740 largest=90112 min=105492 B
[2026-09-26T15:28:09.660+00:00] I (1020430) RouteLoom: HIL DISCOVERY candidates=0 neighbors=2 capacity=0 auth=4 stale=3 probes=88 send_failures=52 kind_rejects=0
[2026-09-26T15:28:09.660+00:00] I (1020431) RouteLoom: HIL ROUTE peer=1 phase=5 via=1 metric=1 generation=323 seq=4
[2026-09-26T15:28:09.660+00:00] I (1020431) RouteLoom: HIL ROUTE peer=2 phase=7 via=0 metric=0 generation=0 seq=0
[2026-09-26T15:28:09.660+00:00] I (1020432) RouteLoom: HIL ROUTE peer=3 phase=-1 via=0 metric=0 generation=0 seq=0
[2026-09-26T15:28:14.274+00:00] I (1025001) RouteLoomRef: member state=4 links=2 ends=1 authority=1/0 confirm=1 demux_drop=12
[2026-09-26T15:28:14.275+00:00] I (1025002) RouteLoomRef: member handshake starts=69 requests=2 rejected=0 send_fail=6 established=4 failed=3 last_error=6 active=0
[2026-09-26T15:28:14.275+00:00] I (1025002) RouteLoomRef: member end send_fail=2 established=1 failed=4 last_error=7
[2026-09-26T15:28:14.275+00:00] I (1025003) RouteLoomRef: authority state=0 tx_sent=6 tx_failed=0 rx_accepted=1 rx_rejected=0 pull=0 busy=0 backoff_s=0
[2026-09-26T15:28:14.275+00:00] I (1025003) RouteLoomRef: authority mesh tx_carrier=6 queued=6 shed=555 rx_carrier=2 denied=0 timeout=0
[2026-09-26T15:28:14.275+00:00] I (1025003) RouteLoomRef: authority jobs accepted=4 failed=2 last=SESSION_UNAVAILABLE
[2026-09-26T15:28:14.275+00:00] I (1025004) RouteLoomRef: member discovery rx=65 offer_tx=65 offer_rx=53 auth=4 kind_reject=0 capacity=0 send_fail=52
[2026-09-26T15:28:14.275+00:00] I (1025004) RouteLoomRef: member scope raw=118 accepted=69 mac_reject=0 hint=0 generation=0 key_unavailable=0 budget=0
[2026-09-26T15:28:15.184+00:00] !! capture finished connections=1
