[2026-09-26T12:07:59.174Z] !! capture open /dev/serial/by-id/usb-Espressif_USB_JTAG_serial_debug_unit_94:A9:90:7A:B5:60-if00 @ 115200 backend=pyserial dtr=1 rts=0
[2026-09-26T12:07:59.856Z] I (252783) RouteLoom: HIL LINK tx peer=1 type=32 cid=3033459679 I (1458261) RouteLoom: HIL LINK tx peer=1 type=32 cid=3033459679 seq=611
[2026-09-26T12:08:01.163Z] I (1459568) RouteLoom: HIL LINK rx peer=1 type=32 cid=3323990907 current=0 status=5 seq=306
[2026-09-26T12:08:02.354Z] I (1460759) RouteLoom: HIL LINK rx peer=3 type=32 cid=3384971041 current=0 status=5 seq=18
[2026-09-26T12:08:02.359Z] I (1460764) RouteLoom: HIL LINK tx peer=3 type=32 cid=4083214357 seq=612
[2026-09-26T12:08:02.403Z] I (1460807) RouteLoom: HIL LINK rx peer=3 type=40 cid=3384971041 current=0 status=5 seq=12
[2026-09-26T12:08:02.406Z] I (1460811) RouteLoom: HIL PROBE tx peer=3 type=41 status=0 detail=ok
[2026-09-26T12:08:04.291Z] I (1462695) RouteLoom: HIL LINK rx peer=1 type=40 cid=3323990907 current=0 status=5 seq=148
[2026-09-26T12:08:04.295Z] I (1462699) RouteLoom: HIL PROBE tx peer=1 type=41 status=0 detail=ok
[2026-09-26T12:08:04.858Z] I (1463263) RouteLoom: HIL LINK tx peer=1 type=32 cid=3033459679 seq=613
[2026-09-26T12:08:06.163Z] I (1464566) RouteLoom: HIL LINK rx peer=1 type=32 cid=3323990907 current=0 status=5 seq=307
[2026-09-26T12:08:07.356Z] I (1465760) RouteLoom: HIL LINK rx peer=3 type=32 cid=3384971041 current=0 status=5 seq=19
[2026-09-26T12:08:07.361Z] I (1465766) RouteLoom: HIL LINK tx peer=3 type=32 cid=4083214357 seq=614
[2026-09-26T12:08:09.517Z] I (1467922) RouteLoom: HIL LINK rx peer=1 type=16 cid=3323990907 current=0 status=5 seq=84
[2026-09-26T12:08:09.525Z] I (1467927) RouteLoom: HIL LINK tx peer=1 type=17 cid=3033459679 seq=84
[2026-09-26T12:08:09.534Z] I (1467938) RouteLoom: HIL LINK tx peer=3 type=16 cid=4083214357 seq=84
[2026-09-26T12:08:09.554Z] I (1467959) RouteLoom: HIL LINK rx peer=3 type=17 cid=3384971041 current=0 status=5 seq=84
[2026-09-26T12:08:09.568Z] I (1467971) RouteLoom: HIL LINK rx peer=3 type=18 cid=3384971041 current=0 status=5 seq=84
[2026-09-26T12:08:09.573Z] I (1467977) RouteLoom: HIL LINK tx peer=3 type=17 cid=4083214357 seq=84
[2026-09-26T12:08:09.584Z] I (1467988) RouteLoom: HIL LINK tx peer=1 type=18 cid=3033459679 seq=84
[2026-09-26T12:08:09.604Z] I (1468008) RouteLoom: HIL LINK rx peer=1 type=17 cid=3323990907 current=0 status=5 seq=84
[2026-09-26T12:08:09.858Z] I (1468263) RouteLoom: HIL LINK tx peer=1 type=32 cid=3033459679 seq=615
[2026-09-26T12:08:11.164Z] I (1469569) RouteLoom: HIL LINK rx peer=1 type=32 cid=3323990907 current=0 status=5 seq=308
[2026-09-26T12:08:12.356Z] I (1470760) RouteLoom: HIL LINK rx peer=3 type=32 cid=3384971041 current=0 status=5 seq=20
[2026-09-26T12:08:12.361Z] I (1470766) RouteLoom: HIL LINK tx peer=3 type=32 cid=4083214357 seq=616
[2026-09-26T12:08:12.405Z] I (1470810) RouteLoom: HIL PROBE tx peer=3 type=40 status=0 detail=ok
[2026-09-26T12:08:12.427Z] I (1470832) RouteLoom: HIL LINK rx peer=3 type=41 cid=3384971041 current=0 status=5 seq=13
[2026-09-26T12:08:14.294Z] I (1472699) RouteLoom: HIL PROBE tx peer=1 type=40 status=0 detail=ok
[2026-09-26T12:08:14.313Z] I (1472717) RouteLoom: HIL LINK rx peer=1 type=41 cid=3323990907 current=0 status=5 seq=149
[2026-09-26T12:08:14.858Z] I (1473263) RouteLoom: HIL LINK tx peer=1 type=32 cid=3033459679 seq=617
[2026-09-26T12:08:16.163Z] I (1474567) RouteLoom: HIL LINK rx peer=1 type=32 cid=3323990907 current=0 status=5 seq=309
[2026-09-26T12:08:17.358Z] I (1475763) RouteLoom: HIL LINK tx peer=3 type=32 cid=4083214357 seq=618
[2026-09-26T12:08:17.362Z] I (1475764) RouteLoom: HIL LINK rx peer=3 type=32 cid=3384971041 current=0 status=5 seq=21
[2026-09-26T12:08:19.859Z] I (1478264) RouteLoom: HIL LINK tx peer=1 type=32 cid=3033459679 seq=619
[2026-09-26T12:08:21.165Z] I (1479569) RouteLoom: HIL LINK rx peer=1 type=32 cid=3323990907 current=0 status=5 seq=310
[2026-09-26T12:08:22.358Z] I (1480762) RouteLoom: HIL LINK rx peer=3 type=32 cid=3384971041 current=0 status=5 seq=22
[2026-09-26T12:08:22.363Z] I (1480767) RouteLoom: HIL LINK tx peer=3 type=32 cid=4083214357 seq=620
[2026-09-26T12:08:22.424Z] I (1480828) RouteLoom: HIL LINK rx peer=3 type=40 cid=3384971041 current=0 status=5 seq=14
[2026-09-26T12:08:22.428Z] I (1480832) RouteLoom: HIL PROBE tx peer=3 type=41 status=0 detail=ok
[2026-09-26T12:08:24.310Z] I (1482714) RouteLoom: HIL LINK rx peer=1 type=40 cid=3323990907 current=0 status=5 seq=150
[2026-09-26T12:08:24.314Z] I (1482718) RouteLoom: HIL PROBE tx peer=1 type=41 status=0 detail=ok
[2026-09-26T12:08:24.862Z] I (1483267) RouteLoom: HIL LINK tx peer=1 type=32 cid=3033459679 seq=621
[2026-09-26T12:08:26.167Z] I (1484571) RouteLoom: HIL LINK rx peer=1 type=32 cid=3323990907 current=0 status=5 seq=311
[2026-09-26T12:08:27.359Z] I (1485763) RouteLoom: HIL LINK rx peer=3 type=32 cid=3384971041 current=0 status=5 seq=23
[2026-09-26T12:08:27.366Z] I (1485771) RouteLoom: HIL LINK tx peer=3 type=32 cid=4083214357 seq=622
[2026-09-26T12:08:29.868Z] I (1488273) RouteLoom: HIL LINK tx peer=1 type=32 cid=3033459679 seq=623
[2026-09-26T12:08:31.169Z] I (1489573) RouteLoom: HIL LINK rx peer=1 type=32 cid=3323990907 current=0 status=5 seq=312
[2026-09-26T12:08:32.363Z] I (1490767) RouteLoom: HIL LINK rx peer=3 type=32 cid=3384971041 current=0 status=5 seq=24
[2026-09-26T12:08:32.370Z] I (1490775) RouteLoom: HIL LINK tx peer=3 type=32 cid=4083214357 seq=624
[2026-09-26T12:08:32.426Z] I (1490831) RouteLoom: HIL PROBE tx peer=3 type=40 status=0 detail=ok
[2026-09-26T12:08:32.445Z] I (1490849) RouteLoom: HIL LINK rx peer=3 type=41 cid=3384971041 current=0 status=5 seq=15
[2026-09-26T12:08:34.312Z] I (1492717) RouteLoom: HIL PROBE tx peer=1 type=40 status=0 detail=ok
[2026-09-26T12:08:34.335Z] I (1492739) RouteLoom: HIL LINK rx peer=1 type=40 cid=3323990907 current=0 status=5 seq=151
[2026-09-26T12:08:34.339Z] I (1492743) RouteLoom: HIL PROBE tx peer=1 type=41 status=0 detail=ok
[2026-09-26T12:08:34.877Z] I (1493277) RouteLoom: HIL LINK tx peer=1 type=32 cid=3033459679 seq=625
[2026-09-26T12:08:36.169Z] I (1494573) RouteLoom: HIL LINK rx peer=1 type=32 cid=3323990907 current=0 status=5 seq=313
[2026-09-26T12:08:37.362Z] I (1495766) RouteLoom: HIL LINK rx peer=3 type=32 cid=3384971041 current=0 status=5 seq=25
[2026-09-26T12:08:37.372Z] I (1495777) RouteLoom: HIL LINK tx peer=3 type=32 cid=4083214357 seq=626
[2026-09-26T12:08:39.524Z] I (1497926) RouteLoom: HIL LINK rx peer=1 type=16 cid=3323990907 current=0 status=5 seq=85
[2026-09-26T12:08:39.529Z] I (1497932) RouteLoom: HIL LINK tx peer=1 type=17 cid=3033459679 seq=85
[2026-09-26T12:08:39.539Z] I (1497943) RouteLoom: HIL LINK tx peer=3 type=16 cid=4083214357 seq=85
[2026-09-26T12:08:39.564Z] I (1497968) RouteLoom: HIL LINK rx peer=3 type=17 cid=3384971041 current=0 status=5 seq=85
[2026-09-26T12:08:39.576Z] I (1497980) RouteLoom: HIL LINK rx peer=3 type=18 cid=3384971041 current=0 status=5 seq=85
[2026-09-26T12:08:39.582Z] I (1497986) RouteLoom: HIL LINK tx peer=3 type=17 cid=4083214357 seq=85
[2026-09-26T12:08:39.598Z] I (1498003) RouteLoom: HIL LINK tx peer=1 type=18 cid=3033459679 seq=85
[2026-09-26T12:08:39.621Z] I (1498026) RouteLoom: HIL LINK rx peer=1 type=17 cid=3323990907 current=0 status=5 seq=85
[2026-09-26T12:08:39.873Z] I (1498277) RouteLoom: HIL LINK tx peer=1 type=32 cid=3033459679 seq=627
[2026-09-26T12:08:41.169Z] I (1499573) RouteLoom: HIL LINK rx peer=1 type=32 cid=3323990907 current=0 status=5 seq=314
[2026-09-26T12:08:42.032Z] I (1500436) RouteLoom: stack hwm main 11092 B
[2026-09-26T12:08:42.032Z] I (1500436) RouteLoom: HIL HEAP free=21720 largest=18432 min=20912 B
[2026-09-26T12:08:42.043Z] I (1500437) RouteLoom: HIL DISCOVERY candidates=0 neighbors=2 capacity=0 auth=10 stale=1 probes=173 send_failures=35 kind_rejects=5
[2026-09-26T12:08:42.050Z] I (1500447) RouteLoom: HIL ROUTE peer=1 phase=5 via=1 metric=1 generation=278 seq=1
[2026-09-26T12:08:42.059Z] I (1500454) RouteLoom: HIL ROUTE peer=3 phase=5 via=3 metric=1 generation=96 seq=1
[2026-09-26T12:08:42.363Z] I (1500767) RouteLoom: HIL LINK rx peer=3 type=32 cid=3384971041 current=0 status=5 seq=26
[2026-09-26T12:08:42.374Z] I (1500778) RouteLoom: HIL LINK tx peer=3 type=32 cid=4083214357 seq=628
[2026-09-26T12:08:42.443Z] I (1500847) RouteLoom: HIL LINK rx peer=3 type=40 cid=3384971041 current=0 status=5 seq=16
[2026-09-26T12:08:42.447Z] I (1500851) RouteLoom: HIL PROBE tx peer=3 type=41 status=0 detail=ok
[2026-09-26T12:08:44.339Z] I (1502743) RouteLoom: HIL PROBE tx peer=1 type=40 status=0 detail=ok
[2026-09-26T12:08:44.357Z] I (1502761) RouteLoom: HIL LINK rx peer=1 type=41 cid=3323990907 current=0 status=5 seq=153
[2026-09-26T12:08:44.877Z] I (1503280) RouteLoom: HIL LINK tx peer=1 type=32 cid=3033459679 seq=629
[2026-09-26T12:08:46.169Z] I (1504573) RouteLoom: HIL LINK rx peer=1 type=32 cid=3323990907 current=0 status=5 seq=315
[2026-09-26T12:08:47.363Z] I (1505767) RouteLoom: HIL LINK rx peer=3 type=32 cid=3384971041 current=0 status=5 seq=27
[2026-09-26T12:08:47.378Z] I (1505782) RouteLoom: HIL LINK tx peer=3 type=32 cid=4083214357 seq=630
[2026-09-26T12:08:49.879Z] I (1508283) RouteLoom: HIL LINK tx peer=1 type=32 cid=3033459679 seq=631
[2026-09-26T12:08:51.171Z] I (1509575) RouteLoom: HIL LINK rx peer=1 type=32 cid=3323990907 current=0 status=5 seq=316
[2026-09-26T12:08:52.366Z] I (1510770) RouteLoom: HIL LINK rx peer=3 type=32 cid=3384971041 current=0 status=5 seq=28
[2026-09-26T12:08:52.380Z] I (1510784) RouteLoom: HIL LINK tx peer=3 type=32 cid=4083214357 seq=632
[2026-09-26T12:08:52.445Z] I (1510849) RouteLoom: HIL PROBE tx peer=3 type=40 status=0 detail=ok
[2026-09-26T12:08:52.462Z] I (1510866) RouteLoom: HIL LINK rx peer=3 type=41 cid=3384971041 current=0 status=5 seq=17
[2026-09-26T12:08:54.355Z] I (1512759) RouteLoom: HIL LINK rx peer=1 type=40 cid=3323990907 current=0 status=5 seq=154
[2026-09-26T12:08:54.359Z] I (1512763) RouteLoom: HIL PROBE tx peer=1 type=41 status=0 detail=ok
[2026-09-26T12:08:54.881Z] I (1513285) RouteLoom: HIL LINK tx peer=1 type=32 cid=3033459679 seq=633
[2026-09-26T12:08:56.171Z] I (1514575) RouteLoom: HIL LINK rx peer=1 type=32 cid=3323990907 current=0 status=5 seq=317
[2026-09-26T12:08:57.367Z] I (1515771) RouteLoom: HIL LINK rx peer=3 type=32 cid=3384971041 current=0 status=5 seq=29
[2026-09-26T12:08:57.381Z] I (1515785) RouteLoom: HIL LINK tx peer=3 type=32 cid=4083214357 seq=634
[2026-09-26T12:08:59.883Z] I (1518287) RouteLoom: HIL LINK tx peer=1 type=32 cid=3033459679 seq=635
[2026-09-26T12:09:01.172Z] I (1519575) RouteLoom: HIL LINK rx peer=1 type=32 cid=3323990907 current=0 status=5 seq=318
[2026-09-26T12:09:02.368Z] I (1520772) RouteLoom: HIL LINK rx peer=3 type=32 cid=3384971041 current=0 status=5 seq=30
[2026-09-26T12:09:02.385Z] I (1520789) RouteLoom: HIL LINK tx peer=3 type=32 cid=4083214357 seq=636
[2026-09-26T12:09:02.459Z] I (1520863) RouteLoom: HIL LINK rx peer=3 type=40 cid=3384971041 current=0 status=5 seq=18
[2026-09-26T12:09:02.463Z] I (1520867) RouteLoom: HIL PROBE tx peer=3 type=41 status=0 detail=ok
[2026-09-26T12:09:04.358Z] I (1522762) RouteLoom: HIL PROBE tx peer=1 type=40 status=0 detail=ok
[2026-09-26T12:09:04.378Z] I (1522781) RouteLoom: HIL LINK rx peer=1 type=40 cid=3323990907 current=0 status=5 seq=155
[2026-09-26T12:09:04.381Z] I (1522785) RouteLoom: HIL PROBE tx peer=1 type=41 status=0 detail=ok
[2026-09-26T12:09:04.886Z] I (1523290) RouteLoom: HIL LINK tx peer=1 type=32 cid=3033459679 seq=637
[2026-09-26T12:09:06.172Z] I (1524575) RouteLoom: HIL LINK rx peer=1 type=32 cid=3323990907 current=0 status=5 seq=319
[2026-09-26T12:09:07.373Z] I (1525776) RouteLoom: HIL LINK rx peer=3 type=32 cid=3384971041 current=0 status=5 seq=31
[2026-09-26T12:09:07.387Z] I (1525791) RouteLoom: HIL LINK tx peer=3 type=32 cid=4083214357 seq=638
[2026-09-26T12:09:09.519Z] I (1527922) RouteLoom: HIL LINK rx peer=1 type=16 cid=3323990907 current=0 status=5 seq=86
[2026-09-26T12:09:09.524Z] I (1527928) RouteLoom: HIL LINK tx peer=1 type=17 cid=3033459679 seq=86
[2026-09-26T12:09:09.535Z] I (1527939) RouteLoom: HIL LINK tx peer=3 type=16 cid=4083214357 seq=86
[2026-09-26T12:09:09.555Z] I (1527958) RouteLoom: HIL LINK rx peer=3 type=17 cid=3384971041 current=0 status=5 seq=86
[2026-09-26T12:09:09.568Z] I (1527972) RouteLoom: HIL LINK rx peer=3 type=18 cid=3384971041 current=0 status=5 seq=86
[2026-09-26T12:09:09.574Z] I (1527978) RouteLoom: HIL LINK tx peer=3 type=17 cid=4083214357 seq=86
[2026-09-26T12:09:09.607Z] I (1527989) RouteLoom: HIL LINK tx peer=1 type=18 cid=3033459679 seq=86
[2026-09-26T12:09:09.607Z] I (1528010) RouteLoom: HIL LINK rx peer=1 type=17 cid=3323990907 current=0 status=5 seq=86
[2026-09-26T12:09:09.888Z] I (1528292) RouteLoom: HIL LINK tx peer=1 type=32 cid=3033459679 seq=639
[2026-09-26T12:09:11.172Z] I (1529576) RouteLoom: HIL LINK rx peer=1 type=32 cid=3323990907 current=0 status=5 seq=320
[2026-09-26T12:09:12.370Z] I (1530774) RouteLoom: HIL LINK rx peer=3 type=32 cid=3384971041 current=0 status=5 seq=32
[2026-09-26T12:09:12.390Z] I (1530794) RouteLoom: HIL LINK tx peer=3 type=32 cid=4083214357 seq=640
[2026-09-26T12:09:12.461Z] I (1530865) RouteLoom: HIL PROBE tx peer=3 type=40 status=0 detail=ok
[2026-09-26T12:09:12.478Z] I (1530882) RouteLoom: HIL LINK rx peer=3 type=41 cid=3384971041 current=0 status=5 seq=19
[2026-09-26T12:09:14.381Z] I (1532785) RouteLoom: HIL PROBE tx peer=1 type=40 status=0 detail=ok
[2026-09-26T12:09:14.400Z] I (1532803) RouteLoom: HIL LINK rx peer=1 type=41 cid=3323990907 current=0 status=5 seq=157
[2026-09-26T12:09:14.891Z] I (1533295) RouteLoom: HIL LINK tx peer=1 type=32 cid=3033459679 seq=641
[2026-09-26T12:09:16.172Z] I (1534576) RouteLoom: HIL LINK rx peer=1 type=32 cid=3323990907 current=0 status=5 seq=321
[2026-09-26T12:09:17.371Z] I (1535775) RouteLoom: HIL LINK rx peer=3 type=32 cid=3384971041 current=0 status=5 seq=33
[2026-09-26T12:09:17.391Z] I (1535795) RouteLoom: HIL LINK tx peer=3 type=32 cid=4083214357 seq=642
[2026-09-26T12:09:19.893Z] I (1538297) RouteLoom: HIL LINK tx peer=1 type=32 cid=3033459679 seq=643
[2026-09-26T12:09:21.173Z] I (1539576) RouteLoom: HIL LINK rx peer=1 type=32 cid=3323990907 current=0 status=5 seq=322
[2026-09-26T12:09:22.374Z] I (1540777) RouteLoom: HIL LINK rx peer=3 type=32 cid=3384971041 current=0 status=5 seq=34
[2026-09-26T12:09:22.394Z] I (1540798) RouteLoom: HIL LINK tx peer=3 type=32 cid=4083214357 seq=644
[2026-09-26T12:09:22.477Z] I (1540880) RouteLoom: HIL LINK rx peer=3 type=40 cid=3384971041 current=0 status=5 seq=20
[2026-09-26T12:09:22.481Z] I (1540884) RouteLoom: HIL PROBE tx peer=3 type=41 status=0 detail=ok
[2026-09-26T12:09:24.399Z] I (1542802) RouteLoom: HIL LINK rx peer=1 type=40 cid=3323990907 current=0 status=5 seq=158
[2026-09-26T12:09:24.403Z] I (1542806) RouteLoom: HIL PROBE tx peer=1 type=41 status=0 detail=ok
[2026-09-26T12:09:24.894Z] I (1543298) RouteLoom: HIL LINK tx peer=1 type=32 cid=3033459679 seq=645
[2026-09-26T12:09:26.172Z] I (1544576) RouteLoom: HIL LINK rx peer=1 type=32 cid=3323990907 current=0 status=5 seq=323
[2026-09-26T12:09:27.374Z] I (1545778) RouteLoom: HIL LINK rx peer=3 type=32 cid=3384971041 current=0 status=5 seq=35
[2026-09-26T12:09:27.394Z] I (1545798) RouteLoom: HIL LINK tx peer=3 type=32 cid=4083214357 seq=646
[2026-09-26T12:09:29.896Z] I (1548300) RouteLoom: HIL LINK tx peer=1 type=32 cid=3033459679 seq=647
[2026-09-26T12:09:31.176Z] I (1549579) RouteLoom: HIL LINK rx peer=1 type=32 cid=3323990907 current=0 status=5 seq=324
[2026-09-26T12:09:32.377Z] I (1550780) RouteLoom: HIL LINK rx peer=3 type=32 cid=3384971041 current=0 status=5 seq=36
[2026-09-26T12:09:32.397Z] I (1550801) RouteLoom: HIL LINK tx peer=3 type=32 cid=4083214357 seq=648
[2026-09-26T12:09:32.480Z] I (1550884) RouteLoom: HIL PROBE tx peer=3 type=40 status=0 detail=ok
[2026-09-26T12:09:32.499Z] I (1550902) RouteLoom: HIL LINK rx peer=3 type=41 cid=3384971041 current=0 status=5 seq=21
[2026-09-26T12:09:34.402Z] I (1552806) RouteLoom: HIL PROBE tx peer=1 type=40 status=0 detail=ok
[2026-09-26T12:09:34.421Z] I (1552825) RouteLoom: HIL LINK rx peer=1 type=41 cid=3323990907 current=0 status=5 seq=159
[2026-09-26T12:09:34.897Z] I (1553301) RouteLoom: HIL LINK tx peer=1 type=32 cid=3033459679 seq=649
[2026-09-26T12:09:36.183Z] I (1554587) RouteLoom: HIL LINK rx peer=1 type=32 cid=3323990907 current=0 status=5 seq=325
[2026-09-26T12:09:37.376Z] I (1555780) RouteLoom: HIL LINK rx peer=3 type=32 cid=3384971041 current=0 status=5 seq=37
[2026-09-26T12:09:37.399Z] I (1555803) RouteLoom: HIL LINK tx peer=3 type=32 cid=4083214357 seq=650
[2026-09-26T12:09:39.519Z] I (1557922) RouteLoom: HIL LINK rx peer=1 type=16 cid=3323990907 current=0 status=5 seq=87
[2026-09-26T12:09:39.525Z] I (1557928) RouteLoom: HIL LINK tx peer=1 type=17 cid=3033459679 seq=87
[2026-09-26T12:09:39.536Z] I (1557939) RouteLoom: HIL LINK tx peer=3 type=16 cid=4083214357 seq=87
[2026-09-26T12:09:39.558Z] I (1557960) RouteLoom: HIL LINK rx peer=3 type=17 cid=3384971041 current=0 status=5 seq=87
[2026-09-26T12:09:39.573Z] I (1557976) RouteLoom: HIL LINK rx peer=3 type=18 cid=3384971041 current=0 status=5 seq=87
[2026-09-26T12:09:39.579Z] I (1557982) RouteLoom: HIL LINK tx peer=3 type=17 cid=4083214357 seq=87
[2026-09-26T12:09:39.589Z] I (1557993) RouteLoom: HIL LINK tx peer=1 type=18 cid=3033459679 seq=87
[2026-09-26T12:09:39.610Z] I (1558013) RouteLoom: HIL LINK rx peer=1 type=17 cid=3323990907 current=0 status=5 seq=87
[2026-09-26T12:09:39.900Z] I (1558304) RouteLoom: HIL LINK tx peer=1 type=32 cid=3033459679 seq=651
[2026-09-26T12:09:41.173Z] I (1559576) RouteLoom: HIL LINK rx peer=1 type=32 cid=3323990907 current=0 status=5 seq=326
[2026-09-26T12:09:42.033Z] I (1560436) RouteLoom: stack hwm main 11092 B
[2026-09-26T12:09:42.033Z] I (1560436) RouteLoom: HIL HEAP free=21720 largest=18432 min=20912 B
[2026-09-26T12:09:42.043Z] I (1560437) RouteLoom: HIL DISCOVERY candidates=0 neighbors=2 capacity=0 auth=10 stale=1 probes=180 send_failures=35 kind_rejects=5
[2026-09-26T12:09:42.051Z] I (1560447) RouteLoom: HIL ROUTE peer=1 phase=5 via=1 metric=1 generation=278 seq=1
[2026-09-26T12:09:42.058Z] I (1560454) RouteLoom: HIL ROUTE peer=3 phase=5 via=3 metric=1 generation=96 seq=1
[2026-09-26T12:09:42.378Z] I (1560782) RouteLoom: HIL LINK rx peer=3 type=32 cid=3384971041 current=0 status=5 seq=38
[2026-09-26T12:09:42.401Z] I (1560805) RouteLoom: HIL LINK tx peer=3 type=32 cid=4083214357 seq=652
[2026-09-26T12:09:42.507Z] I (1560906) RouteLoom: HIL PROBE tx peer=3 type=40 status=0 detail=ok
[2026-09-26T12:09:42.507Z] I (1560908) RouteLoom: HIL LINK rx peer=3 type=40 cid=3384971041 current=0 status=5 seq=22
[2026-09-26T12:09:42.515Z] I (1560912) RouteLoom: HIL PROBE tx peer=3 type=41 status=6 detail=autonomy TX already in flight to peer
[2026-09-26T12:09:42.524Z] I (1560927) RouteLoom: HIL LINK rx peer=3 type=41 cid=3384971041 current=0 status=5 seq=23
[2026-09-26T12:09:44.420Z] I (1562823) RouteLoom: HIL LINK rx peer=1 type=40 cid=3323990907 current=0 status=5 seq=160
[2026-09-26T12:09:44.424Z] I (1562827) RouteLoom: HIL PROBE tx peer=1 type=41 status=0 detail=ok
[2026-09-26T12:09:44.903Z] I (1563307) RouteLoom: HIL LINK tx peer=1 type=32 cid=3033459679 seq=653
[2026-09-26T12:09:45.590Z] I (1563994) RouteLoom: HIL RLD1 rx claimed=3 phase=5 step=1
[2026-09-26T12:09:45.598Z] I (1564001) RouteLoom: HIL RLD1 tx claimed=2 phase=5 step=2
[2026-09-26T12:09:45.620Z] I (1564021) RouteLoom: HIL RLD1 rx claimed=3 phase=5 step=3
[2026-09-26T12:09:45.620Z] HIL resume R3 installed peer=3 tx=2386298998 rx=28706105
[2026-09-26T12:09:45.623Z] I (1564026) RouteLoom: HIL PROBE tx peer=3 type=40 status=0 detail=ok
[2026-09-26T12:09:45.637Z] I (1564040) RouteLoom: HIL LINK rx peer=3 type=40 cid=28706105 current=0 status=5 seq=1
[2026-09-26T12:09:45.641Z] I (1564044) RouteLoom: HIL PROBE tx peer=3 type=41 status=0 detail=ok
[2026-09-26T12:09:45.647Z] I (1564049) RouteLoom: HIL LINK rx peer=3 type=41 cid=28706105 current=0 status=5 seq=2
[2026-09-26T12:09:45.653Z] I (1564053) RouteLoomRef: discovery event=REACHABLE peer=3
[2026-09-26T12:09:45.659Z] W (1564056) RouteLoomRef: diagnostic reason=REACHABLE peer=3 message=none
[2026-09-26T12:09:45.666Z] I (1564066) RouteLoom: HIL LINK tx peer=3 type=32 cid=2386298998 seq=654
[2026-09-26T12:09:45.675Z] I (1564078) RouteLoom: HIL LINK tx peer=3 type=32 cid=2386298998 seq=655
[2026-09-26T12:09:45.680Z] I (1564083) RouteLoom: HIL LINK rx peer=3 type=32 cid=28706105 current=0 status=5 seq=1
[2026-09-26T12:09:45.688Z] W (1564085) RouteLoomRef: diagnostic reason=PEER_RESTARTED_ROUTES_FLUSHED peer=3 message=none
[2026-09-26T12:09:45.694Z] I (1564095) RouteLoom: HIL LINK tx peer=1 type=32 cid=3033459679 seq=656
[2026-09-26T12:09:45.710Z] I (1564111) RouteLoom: HIL LINK rx peer=3 type=32 cid=28706105 current=0 status=5 seq=2
[2026-09-26T12:09:45.715Z] I (1564119) RouteLoom: HIL LINK rx peer=1 type=34 cid=3323990907 current=0 status=5 seq=327
[2026-09-26T12:09:45.728Z] I (1564131) RouteLoom: HIL LINK rx peer=1 type=32 cid=3323990907 current=0 status=5 seq=328
[2026-09-26T12:09:45.733Z] W (1564133) RouteLoomRef: diagnostic reason=ROUTE_STALE_GENERATION peer=1 message=none
[2026-09-26T12:09:46.112Z] I (1564515) RouteLoom: HIL RLD1 rx claimed=3 phase=5 step=3
[2026-09-26T12:09:46.175Z] I (1564576) RouteLoom: HIL LINK rx peer=1 type=32 cid=3323990907 current=0 status=5 seq=329
[2026-09-26T12:09:46.178Z] W (1564579) RouteLoomRef: diagnostic reason=ROUTE_STALE_GENERATION peer=1 message=none
[2026-09-26T12:09:46.610Z] I (1565014) RouteLoom: HIL RLD1 rx claimed=3 phase=5 step=3
[2026-09-26T12:09:46.614Z] HIL resume R3 no record peer=3
[2026-09-26T12:09:46.716Z] I (1565120) RouteLoom: HIL LINK tx peer=3 type=32 cid=2386298998 seq=657
[2026-09-26T12:09:46.729Z] I (1565131) RouteLoom: HIL LINK tx peer=1 type=32 cid=3033459679 seq=658
[2026-09-26T12:09:46.767Z] I (1565170) RouteLoom: HIL LINK rx peer=1 type=32 cid=3323990907 current=0 status=5 seq=330
[2026-09-26T12:09:47.114Z] I (1565517) RouteLoom: HIL RLD1 rx claimed=3 phase=5 step=3
[2026-09-26T12:09:47.116Z] HIL resume R3 no record peer=3
[2026-09-26T12:09:48.150Z] I (1566553) RouteLoom: HIL LINK tx peer=1 type=32 cid=3033459679 seq=659
[2026-09-26T12:09:50.651Z] I (1569055) RouteLoom: HIL LINK tx peer=3 type=32 cid=2386298998 seq=660
[2026-09-26T12:09:50.667Z] I (1569070) RouteLoom: HIL LINK rx peer=3 type=32 cid=28706105 current=0 status=5 seq=3
[2026-09-26T12:09:51.173Z] I (1569576) RouteLoom: HIL LINK rx peer=1 type=32 cid=3323990907 current=0 status=5 seq=331
[2026-09-26T12:09:53.152Z] I (1571555) RouteLoom: HIL LINK tx peer=1 type=32 cid=3033459679 seq=661
[2026-09-26T12:09:54.423Z] I (1572826) RouteLoom: HIL PROBE tx peer=1 type=40 status=0 detail=ok
[2026-09-26T12:09:54.442Z] I (1572844) RouteLoom: HIL LINK rx peer=1 type=41 cid=3323990907 current=0 status=5 seq=161
[2026-09-26T12:09:55.649Z] I (1574052) RouteLoom: HIL PROBE tx peer=3 type=40 status=0 detail=ok
[2026-09-26T12:09:55.658Z] I (1574061) RouteLoom: HIL LINK tx peer=3 type=32 cid=2386298998 seq=662
[2026-09-26T12:09:55.672Z] I (1574075) RouteLoom: HIL LINK rx peer=3 type=41 cid=28706105 current=0 status=5 seq=3
[2026-09-26T12:09:55.682Z] I (1574085) RouteLoom: HIL LINK rx peer=3 type=32 cid=28706105 current=0 status=5 seq=4
[2026-09-26T12:09:56.173Z] I (1574576) RouteLoom: HIL LINK rx peer=1 type=32 cid=3323990907 current=0 status=5 seq=332
[2026-09-26T12:09:58.157Z] I (1576558) RouteLoom: HIL LINK tx peer=1 type=32 cid=3033459679 seq=663
[2026-09-26T12:10:00.657Z] I (1579060) RouteLoom: HIL LINK tx peer=3 type=32 cid=2386298998 seq=664
[2026-09-26T12:10:00.668Z] I (1579070) RouteLoom: HIL LINK rx peer=3 type=32 cid=28706105 current=0 status=5 seq=5
[2026-09-26T12:10:01.174Z] I (1579577) RouteLoom: HIL LINK rx peer=1 type=32 cid=3323990907 current=0 status=5 seq=333
[2026-09-26T12:10:03.157Z] I (1581560) RouteLoom: HIL LINK tx peer=1 type=32 cid=3033459679 seq=665
[2026-09-26T12:10:04.441Z] I (1582842) RouteLoom: HIL LINK rx peer=1 type=40 cid=3323990907 current=0 status=5 seq=162
[2026-09-26T12:10:04.443Z] I (1582846) RouteLoom: HIL PROBE tx peer=1 type=41 status=0 detail=ok
[2026-09-26T12:10:05.659Z] I (1584062) RouteLoom: HIL LINK tx peer=3 type=32 cid=2386298998 seq=666
[2026-09-26T12:10:05.673Z] I (1584076) RouteLoom: HIL LINK rx peer=3 type=40 cid=28706105 current=0 status=5 seq=4
[2026-09-26T12:10:05.678Z] I (1584080) RouteLoom: HIL PROBE tx peer=3 type=41 status=0 detail=ok
[2026-09-26T12:10:05.701Z] I (1584103) RouteLoom: HIL LINK rx peer=3 type=32 cid=28706105 current=0 status=5 seq=6
[2026-09-26T12:10:06.176Z] I (1584578) RouteLoom: HIL LINK rx peer=1 type=32 cid=3323990907 current=0 status=5 seq=334
[2026-09-26T12:10:08.161Z] I (1586564) RouteLoom: HIL LINK tx peer=1 type=32 cid=3033459679 seq=667
[2026-09-26T12:10:09.519Z] I (1587921) RouteLoom: HIL LINK rx peer=1 type=16 cid=3323990907 current=0 status=5 seq=88
[2026-09-26T12:10:09.524Z] I (1587927) RouteLoom: HIL LINK tx peer=1 type=17 cid=3033459679 seq=88
[2026-09-26T12:10:09.535Z] I (1587938) RouteLoom: HIL LINK tx peer=3 type=16 cid=2386298998 seq=88
[2026-09-26T12:10:09.563Z] I (1587966) RouteLoom: HIL LINK rx peer=3 type=3 cid=28706105 current=0 status=5 seq=1
[2026-09-26T12:10:09.569Z] I (1587972) RouteLoom: HIL LINK tx peer=3 type=17 cid=2386298998 seq=1
[2026-09-26T12:10:09.580Z] I (1587983) RouteLoom: HIL LINK tx peer=1 type=3 cid=3033459679 seq=1
[2026-09-26T12:10:09.600Z] I (1588003) RouteLoom: HIL LINK rx peer=1 type=17 cid=3323990907 current=0 status=5 seq=1
[2026-09-26T12:10:09.614Z] I (1588017) RouteLoom: HIL LINK rx peer=1 type=3 cid=3323990907 current=0 status=5 seq=89
[2026-09-26T12:10:09.619Z] I (1588022) RouteLoom: HIL LINK tx peer=1 type=17 cid=3033459679 seq=89
[2026-09-26T12:10:09.631Z] I (1588034) RouteLoom: HIL LINK tx peer=3 type=16 cid=2386298998 seq=88
[2026-09-26T12:10:09.637Z] I (1588039) RouteLoom: HIL LINK rx peer=1 type=3 cid=3323990907 current=0 status=5 seq=90
[2026-09-26T12:10:09.647Z] I (1588050) RouteLoom: HIL LINK tx peer=1 type=17 cid=3033459679 seq=90
[2026-09-26T12:10:09.658Z] I (1588061) RouteLoom: HIL LINK tx peer=3 type=3 cid=2386298998 seq=89
[2026-09-26T12:10:09.679Z] I (1588082) RouteLoom: HIL LINK rx peer=3 type=17 cid=28706105 current=0 status=5 seq=89
[2026-09-26T12:10:09.685Z] I (1588087) RouteLoom: HIL LINK tx peer=3 type=3 cid=2386298998 seq=90
[2026-09-26T12:10:09.690Z] I (1588093) RouteLoom: HIL LINK rx peer=3 type=3 cid=28706105 current=0 status=5 seq=2
[2026-09-26T12:10:09.704Z] I (1588107) RouteLoom: HIL LINK tx peer=3 type=17 cid=2386298998 seq=2
[2026-09-26T12:10:09.716Z] I (1588119) RouteLoom: HIL LINK tx peer=1 type=3 cid=3033459679 seq=2
[2026-09-26T12:10:09.718Z] I (1588120) RouteLoom: HIL LINK rx peer=3 type=17 cid=28706105 current=0 status=5 seq=90
[2026-09-26T12:10:09.730Z] I (1588132) RouteLoom: HIL LINK tx peer=1 type=48 cid=3033459679 seq=668
[2026-09-26T12:10:09.745Z] I (1588148) RouteLoom: HIL LINK rx peer=1 type=17 cid=3323990907 current=0 status=5 seq=2
[2026-09-26T12:10:10.186Z] I (1588588) RouteLoom: HIL LINK rx peer=3 type=3 cid=28706105 current=0 status=5 seq=3
[2026-09-26T12:10:10.191Z] I (1588594) RouteLoom: HIL LINK tx peer=3 type=17 cid=2386298998 seq=3
[2026-09-26T12:10:10.202Z] I (1588605) RouteLoom: HIL LINK tx peer=1 type=3 cid=3033459679 seq=3
[2026-09-26T12:10:10.221Z] I (1588624) RouteLoom: HIL LINK rx peer=1 type=17 cid=3323990907 current=0 status=5 seq=3
[2026-09-26T12:10:10.661Z] I (1589064) RouteLoom: HIL LINK tx peer=3 type=32 cid=2386298998 seq=669
[2026-09-26T12:10:10.678Z] I (1589080) RouteLoom: HIL LINK rx peer=3 type=32 cid=28706105 current=0 status=5 seq=7
[2026-09-26T12:10:10.688Z] I (1589090) RouteLoom: HIL LINK rx peer=3 type=3 cid=28706105 current=0 status=5 seq=4
[2026-09-26T12:10:10.693Z] I (1589096) RouteLoom: HIL LINK tx peer=3 type=17 cid=2386298998 seq=4
[2026-09-26T12:10:10.707Z] I (1589110) RouteLoom: HIL LINK tx peer=1 type=3 cid=3033459679 seq=4
[2026-09-26T12:10:10.726Z] I (1589128) RouteLoom: HIL LINK rx peer=1 type=17 cid=3323990907 current=0 status=5 seq=4
[2026-09-26T12:10:10.742Z] I (1589144) RouteLoom: HIL LINK rx peer=1 type=16 cid=3323990907 current=0 status=5 seq=88
[2026-09-26T12:10:10.748Z] I (1589150) RouteLoom: HIL LINK tx peer=1 type=17 cid=3033459679 seq=88
[2026-09-26T12:10:10.758Z] I (1589161) RouteLoom: HIL LINK tx peer=3 type=16 cid=2386298998 seq=88
[2026-09-26T12:10:10.779Z] I (1589181) RouteLoom: HIL LINK rx peer=3 type=17 cid=28706105 current=0 status=5 seq=88
[2026-09-26T12:10:10.791Z] I (1589193) RouteLoom: HIL LINK rx peer=3 type=18 cid=28706105 current=0 status=5 seq=88
[2026-09-26T12:10:10.796Z] I (1589199) RouteLoom: HIL LINK tx peer=3 type=17 cid=2386298998 seq=88
[2026-09-26T12:10:10.808Z] I (1589211) RouteLoom: HIL LINK tx peer=1 type=18 cid=3033459679 seq=88
[2026-09-26T12:10:10.825Z] I (1589227) RouteLoom: HIL LINK rx peer=3 type=32 cid=28706105 current=0 status=5 seq=8
[2026-09-26T12:10:10.832Z] I (1589234) RouteLoom: HIL LINK rx peer=1 type=17 cid=3323990907 current=0 status=5 seq=88
[2026-09-26T12:10:11.176Z] I (1589579) RouteLoom: HIL LINK rx peer=1 type=32 cid=3323990907 current=0 status=5 seq=335
[2026-09-26T12:10:11.186Z] I (1589588) RouteLoom: HIL LINK rx peer=3 type=3 cid=28706105 current=0 status=5 seq=5
[2026-09-26T12:10:11.191Z] I (1589594) RouteLoom: HIL LINK tx peer=3 type=17 cid=2386298998 seq=5
[2026-09-26T12:10:11.202Z] I (1589605) RouteLoom: HIL LINK tx peer=1 type=3 cid=3033459679 seq=5
[2026-09-26T12:10:11.228Z] I (1589630) RouteLoom: HIL LINK rx peer=1 type=17 cid=3323990907 current=0 status=5 seq=5
[2026-09-26T12:10:11.841Z] I (1590243) RouteLoom: HIL LINK rx peer=3 type=32 cid=28706105 current=0 status=5 seq=9
[2026-09-26T12:10:12.877Z] I (1591279) RouteLoom: HIL LINK rx peer=3 type=32 cid=28706105 current=0 status=5 seq=10
[2026-09-26T12:10:13.162Z] I (1591564) RouteLoom: HIL LINK tx peer=1 type=32 cid=3033459679 seq=670
[2026-09-26T12:10:14.441Z] I (1592844) RouteLoom: HIL PROBE tx peer=1 type=40 status=0 detail=ok
[2026-09-26T12:10:14.460Z] I (1592862) RouteLoom: HIL LINK rx peer=1 type=41 cid=3323990907 current=0 status=5 seq=163
[2026-09-26T12:10:15.662Z] I (1594065) RouteLoom: HIL LINK tx peer=3 type=32 cid=2386298998 seq=671
[2026-09-26T12:10:15.676Z] I (1594079) RouteLoom: HIL PROBE tx peer=3 type=40 status=0 detail=ok
[2026-09-26T12:10:15.679Z] I (1594081) RouteLoom: HIL LINK rx peer=3 type=32 cid=28706105 current=0 status=5 seq=11
[2026-09-26T12:10:15.695Z] I (1594098) RouteLoom: HIL LINK rx peer=3 type=41 cid=28706105 current=0 status=5 seq=5
[2026-09-26T12:10:16.177Z] I (1594580) RouteLoom: HIL LINK rx peer=1 type=32 cid=3323990907 current=0 status=5 seq=336
[2026-09-26T12:10:18.162Z] I (1596565) RouteLoom: HIL LINK tx peer=1 type=32 cid=3033459679 seq=672
[2026-09-26T12:10:20.664Z] I (1599067) RouteLoom: HIL LINK tx peer=3 type=32 cid=2386298998 seq=673
[2026-09-26T12:10:20.673Z] I (1599075) RouteLoom: HIL LINK rx peer=3 type=32 cid=28706105 current=0 status=5 seq=12
[2026-09-26T12:10:21.178Z] I (1599581) RouteLoom: HIL LINK rx peer=1 type=32 cid=3323990907 current=0 status=5 seq=337
[2026-09-26T12:10:23.166Z] I (1601569) RouteLoom: HIL LINK tx peer=1 type=32 cid=3033459679 seq=674
[2026-09-26T12:10:24.461Z] I (1602864) RouteLoom: HIL PROBE tx peer=1 type=40 status=0 detail=ok
[2026-09-26T12:10:24.464Z] I (1602866) RouteLoom: HIL LINK rx peer=1 type=40 cid=3323990907 current=0 status=5 seq=164
[2026-09-26T12:10:24.474Z] I (1602870) RouteLoom: HIL PROBE tx peer=1 type=41 status=6 detail=autonomy TX already in flight to peer
[2026-09-26T12:10:24.482Z] I (1602881) RouteLoom: HIL LINK rx peer=1 type=41 cid=3323990907 current=0 status=5 seq=165
[2026-09-26T12:10:25.666Z] I (1604069) RouteLoom: HIL LINK tx peer=3 type=32 cid=2386298998 seq=675
[2026-09-26T12:10:25.683Z] I (1604085) RouteLoom: HIL LINK rx peer=3 type=32 cid=28706105 current=0 status=5 seq=13
[2026-09-26T12:10:25.696Z] I (1604098) RouteLoom: HIL LINK rx peer=3 type=40 cid=28706105 current=0 status=5 seq=6
[2026-09-26T12:10:25.700Z] I (1604102) RouteLoom: HIL PROBE tx peer=3 type=41 status=0 detail=ok
[2026-09-26T12:10:26.179Z] I (1604581) RouteLoom: HIL LINK rx peer=1 type=32 cid=3323990907 current=0 status=5 seq=338
[2026-09-26T12:10:28.167Z] I (1606570) RouteLoom: HIL LINK tx peer=1 type=32 cid=3033459679 seq=676
[2026-09-26T12:10:30.669Z] I (1609072) RouteLoom: HIL LINK tx peer=3 type=32 cid=2386298998 seq=677
[2026-09-26T12:10:30.676Z] I (1609078) RouteLoom: HIL LINK rx peer=3 type=32 cid=28706105 current=0 status=5 seq=14
[2026-09-26T12:10:31.179Z] I (1609581) RouteLoom: HIL LINK rx peer=1 type=32 cid=3323990907 current=0 status=5 seq=339
[2026-09-26T12:10:33.170Z] I (1611573) RouteLoom: HIL LINK tx peer=1 type=32 cid=3033459679 seq=678
[2026-09-26T12:10:34.480Z] I (1612883) RouteLoom: HIL PROBE tx peer=1 type=40 status=0 detail=ok
[2026-09-26T12:10:34.483Z] I (1612885) RouteLoom: HIL LINK rx peer=1 type=40 cid=3323990907 current=0 status=5 seq=166
[2026-09-26T12:10:34.493Z] I (1612889) RouteLoom: HIL PROBE tx peer=1 type=41 status=6 detail=autonomy TX already in flight to peer
[2026-09-26T12:10:34.501Z] I (1612901) RouteLoom: HIL LINK rx peer=1 type=41 cid=3323990907 current=0 status=5 seq=167
[2026-09-26T12:10:35.670Z] I (1614073) RouteLoom: HIL LINK tx peer=3 type=32 cid=2386298998 seq=679
[2026-09-26T12:10:35.677Z] I (1614079) RouteLoom: HIL LINK rx peer=3 type=32 cid=28706105 current=0 status=5 seq=15
[2026-09-26T12:10:35.697Z] I (1614100) RouteLoom: HIL PROBE tx peer=3 type=40 status=0 detail=ok
[2026-09-26T12:10:35.714Z] I (1614117) RouteLoom: HIL LINK rx peer=3 type=41 cid=28706105 current=0 status=5 seq=7
[2026-09-26T12:10:36.180Z] I (1614582) RouteLoom: HIL LINK rx peer=1 type=32 cid=3323990907 current=0 status=5 seq=340
[2026-09-26T12:10:38.171Z] I (1616574) RouteLoom: HIL LINK tx peer=1 type=32 cid=3033459679 seq=680
[2026-09-26T12:10:39.517Z] I (1617919) RouteLoom: HIL LINK rx peer=1 type=16 cid=3323990907 current=0 status=5 seq=91
[2026-09-26T12:10:39.522Z] I (1617925) RouteLoom: HIL LINK tx peer=1 type=17 cid=3033459679 seq=91
[2026-09-26T12:10:39.533Z] I (1617936) RouteLoom: HIL LINK tx peer=3 type=16 cid=2386298998 seq=91
[2026-09-26T12:10:39.553Z] I (1617956) RouteLoom: HIL LINK rx peer=3 type=17 cid=28706105 current=0 status=5 seq=91
[2026-09-26T12:10:39.566Z] I (1617968) RouteLoom: HIL LINK rx peer=3 type=18 cid=28706105 current=0 status=5 seq=91
[2026-09-26T12:10:39.571Z] I (1617974) RouteLoom: HIL LINK tx peer=3 type=17 cid=2386298998 seq=91
[2026-09-26T12:10:39.583Z] I (1617986) RouteLoom: HIL LINK tx peer=1 type=18 cid=3033459679 seq=91
[2026-09-26T12:10:39.604Z] I (1618006) RouteLoom: HIL LINK rx peer=1 type=17 cid=3323990907 current=0 status=5 seq=91
[2026-09-26T12:10:40.671Z] I (1619074) RouteLoom: HIL LINK tx peer=3 type=32 cid=2386298998 seq=681
[2026-09-26T12:10:40.688Z] I (1619090) RouteLoom: HIL LINK rx peer=3 type=32 cid=28706105 current=0 status=5 seq=16
[2026-09-26T12:10:41.181Z] I (1619583) RouteLoom: HIL LINK rx peer=1 type=32 cid=3323990907 current=0 status=5 seq=341
[2026-09-26T12:10:42.036Z] I (1620438) RouteLoom: stack hwm main 11092 B
[2026-09-26T12:10:42.036Z] I (1620438) RouteLoom: HIL HEAP free=21720 largest=18432 min=20912 B
[2026-09-26T12:10:42.046Z] I (1620439) RouteLoom: HIL DISCOVERY candidates=0 neighbors=2 capacity=0 auth=11 stale=1 probes=189 send_failures=38 kind_rejects=6
[2026-09-26T12:10:42.053Z] I (1620449) RouteLoom: HIL ROUTE peer=1 phase=5 via=1 metric=1 generation=278 seq=1
[2026-09-26T12:10:42.061Z] I (1620456) RouteLoom: HIL ROUTE peer=3 phase=5 via=3 metric=1 generation=97 seq=1
[2026-09-26T12:10:43.171Z] I (1621574) RouteLoom: HIL LINK tx peer=1 type=32 cid=3033459679 seq=682
[2026-09-26T12:10:44.499Z] I (1622902) RouteLoom: HIL PROBE tx peer=1 type=40 status=0 detail=ok
[2026-09-26T12:10:44.503Z] I (1622904) RouteLoom: HIL LINK rx peer=1 type=40 cid=3323990907 current=0 status=5 seq=168
[2026-09-26T12:10:44.512Z] I (1622908) RouteLoom: HIL PROBE tx peer=1 type=41 status=6 detail=autonomy TX already in flight to peer
[2026-09-26T12:10:44.520Z] I (1622922) RouteLoom: HIL LINK rx peer=1 type=41 cid=3323990907 current=0 status=5 seq=169
[2026-09-26T12:10:45.671Z] I (1624074) RouteLoom: HIL LINK tx peer=3 type=32 cid=2386298998 seq=683
[2026-09-26T12:10:45.687Z] I (1624089) RouteLoom: HIL LINK rx peer=3 type=32 cid=28706105 current=0 status=5 seq=17
[2026-09-26T12:10:45.712Z] I (1624114) RouteLoom: HIL LINK rx peer=3 type=40 cid=28706105 current=0 status=5 seq=8
[2026-09-26T12:10:45.716Z] I (1624118) RouteLoom: HIL PROBE tx peer=3 type=41 status=0 detail=ok
[2026-09-26T12:10:46.185Z] I (1624585) RouteLoom: HIL LINK rx peer=1 type=32 cid=3323990907 current=0 status=5 seq=342
[2026-09-26T12:10:48.173Z] I (1626576) RouteLoom: HIL LINK tx peer=1 type=32 cid=3033459679 seq=684
[2026-09-26T12:10:50.674Z] I (1629076) RouteLoom: HIL LINK tx peer=3 type=32 cid=2386298998 seq=685
[2026-09-26T12:10:50.689Z] I (1629091) RouteLoom: HIL LINK rx peer=3 type=32 cid=28706105 current=0 status=5 seq=18
[2026-09-26T12:10:51.185Z] I (1629587) RouteLoom: HIL LINK rx peer=1 type=32 cid=3323990907 current=0 status=5 seq=343
[2026-09-26T12:10:53.175Z] I (1631578) RouteLoom: HIL LINK tx peer=1 type=32 cid=3033459679 seq=686
[2026-09-26T12:10:54.518Z] I (1632920) RouteLoom: HIL LINK rx peer=1 type=40 cid=3323990907 current=0 status=5 seq=170
[2026-09-26T12:10:54.522Z] I (1632924) RouteLoom: HIL PROBE tx peer=1 type=41 status=0 detail=ok
[2026-09-26T12:10:55.677Z] I (1634080) RouteLoom: HIL LINK tx peer=3 type=32 cid=2386298998 seq=687
[2026-09-26T12:10:55.683Z] I (1634084) RouteLoom: HIL LINK rx peer=3 type=32 cid=28706105 current=0 status=5 seq=19
[2026-09-26T12:10:55.715Z] I (1634118) RouteLoom: HIL PROBE tx peer=3 type=40 status=0 detail=ok
[2026-09-26T12:10:55.733Z] I (1634135) RouteLoom: HIL LINK rx peer=3 type=41 cid=28706105 current=0 status=5 seq=9
[2026-09-26T12:10:56.186Z] I (1634588) RouteLoom: HIL LINK rx peer=1 type=32 cid=3323990907 current=0 status=5 seq=344
[2026-09-26T12:10:58.177Z] I (1636580) RouteLoom: HIL LINK tx peer=1 type=32 cid=3033459679 seq=688
[2026-09-26T12:11:00.679Z] I (1639082) RouteLoom: HIL LINK tx peer=3 type=32 cid=2386298998 seq=689
[2026-09-26T12:11:00.683Z] I (1639085) RouteLoom: HIL LINK rx peer=3 type=32 cid=28706105 current=0 status=5 seq=20
[2026-09-26T12:11:01.188Z] I (1639590) RouteLoom: HIL LINK rx peer=1 type=32 cid=3323990907 current=0 status=5 seq=345
[2026-09-26T12:11:03.181Z] I (1641584) RouteLoom: HIL LINK tx peer=1 type=32 cid=3033459679 seq=690
[2026-09-26T12:11:04.522Z] I (1642924) RouteLoom: HIL PROBE tx peer=1 type=40 status=0 detail=ok
[2026-09-26T12:11:04.539Z] I (1642941) RouteLoom: HIL LINK rx peer=1 type=41 cid=3323990907 current=0 status=5 seq=171
[2026-09-26T12:11:05.684Z] I (1644086) RouteLoom: HIL LINK tx peer=3 type=32 cid=2386298998 seq=691
[2026-09-26T12:11:05.687Z] I (1644087) RouteLoom: HIL LINK rx peer=3 type=32 cid=28706105 current=0 status=5 seq=21
[2026-09-26T12:11:05.731Z] I (1644133) RouteLoom: HIL LINK rx peer=3 type=40 cid=28706105 current=0 status=5 seq=10
[2026-09-26T12:11:05.735Z] I (1644137) RouteLoom: HIL PROBE tx peer=3 type=41 status=0 detail=ok
[2026-09-26T12:11:06.188Z] I (1644590) RouteLoom: HIL LINK rx peer=1 type=32 cid=3323990907 current=0 status=5 seq=346
[2026-09-26T12:11:08.185Z] I (1646587) RouteLoom: HIL LINK tx peer=1 type=32 cid=3033459679 seq=692
[2026-09-26T12:11:09.519Z] I (1647920) RouteLoom: HIL LINK rx peer=1 type=16 cid=3323990907 current=0 status=5 seq=92
[2026-09-26T12:11:09.524Z] I (1647926) RouteLoom: HIL LINK tx peer=1 type=17 cid=3033459679 seq=92
[2026-09-26T12:11:09.535Z] I (1647937) RouteLoom: HIL LINK tx peer=3 type=16 cid=2386298998 seq=92
[2026-09-26T12:11:09.555Z] I (1647956) RouteLoom: HIL LINK rx peer=3 type=17 cid=28706105 current=0 status=5 seq=92
[2026-09-26T12:11:09.567Z] I (1647969) RouteLoom: HIL LINK rx peer=3 type=18 cid=28706105 current=0 status=5 seq=92
[2026-09-26T12:11:09.573Z] I (1647975) RouteLoom: HIL LINK tx peer=3 type=17 cid=2386298998 seq=92
[2026-09-26T12:11:09.584Z] I (1647986) RouteLoom: HIL LINK tx peer=1 type=18 cid=3033459679 seq=92
[2026-09-26T12:11:09.606Z] I (1648008) RouteLoom: HIL LINK rx peer=1 type=17 cid=3323990907 current=0 status=5 seq=92
[2026-09-26T12:11:10.686Z] I (1649088) RouteLoom: HIL LINK tx peer=3 type=32 cid=2386298998 seq=693
[2026-09-26T12:11:10.689Z] I (1649089) RouteLoom: HIL LINK rx peer=3 type=32 cid=28706105 current=0 status=5 seq=22
[2026-09-26T12:11:11.189Z] I (1649591) RouteLoom: HIL LINK rx peer=1 type=32 cid=3323990907 current=0 status=5 seq=347
[2026-09-26T12:11:13.187Z] I (1651589) RouteLoom: HIL LINK tx peer=1 type=32 cid=3033459679 seq=694
[2026-09-26T12:11:14.539Z] I (1652940) RouteLoom: HIL LINK rx peer=1 type=40 cid=3323990907 current=0 status=5 seq=172
[2026-09-26T12:11:14.543Z] I (1652944) RouteLoom: HIL PROBE tx peer=1 type=41 status=0 detail=ok
[2026-09-26T12:11:15.688Z] I (1654090) RouteLoom: HIL LINK tx peer=3 type=32 cid=2386298998 seq=695
[2026-09-26T12:11:15.691Z] I (1654091) RouteLoom: HIL LINK rx peer=3 type=32 cid=28706105 current=0 status=5 seq=23
[2026-09-26T12:11:15.733Z] I (1654135) RouteLoom: HIL PROBE tx peer=3 type=40 status=0 detail=ok
[2026-09-26T12:11:15.750Z] I (1654152) RouteLoom: HIL LINK rx peer=3 type=41 cid=28706105 current=0 status=5 seq=11
[2026-09-26T12:11:16.190Z] I (1654592) RouteLoom: HIL LINK rx peer=1 type=32 cid=3323990907 current=0 status=5 seq=348
[2026-09-26T12:11:18.190Z] I (1656592) RouteLoom: HIL LINK tx peer=1 type=32 cid=3033459679 seq=696
[2026-09-26T12:11:20.688Z] I (1659090) RouteLoom: HIL LINK rx peer=3 type=32 cid=28706105 current=0 status=5 seq=24
[2026-09-26T12:11:20.693Z] I (1659095) RouteLoom: HIL LINK tx peer=3 type=32 cid=2386298998 seq=697
[2026-09-26T12:11:21.191Z] I (1659593) RouteLoom: HIL LINK rx peer=1 type=32 cid=3323990907 current=0 status=5 seq=349
[2026-09-26T12:11:23.191Z] I (1661593) RouteLoom: HIL LINK tx peer=1 type=32 cid=3033459679 seq=698
[2026-09-26T12:11:24.540Z] I (1662942) RouteLoom: HIL PROBE tx peer=1 type=40 status=0 detail=ok
[2026-09-26T12:11:24.557Z] I (1662959) RouteLoom: HIL LINK rx peer=1 type=41 cid=3323990907 current=0 status=5 seq=173
[2026-09-26T12:11:25.690Z] I (1664092) RouteLoom: HIL LINK rx peer=3 type=32 cid=28706105 current=0 status=5 seq=25
[2026-09-26T12:11:25.695Z] I (1664097) RouteLoom: HIL LINK tx peer=3 type=32 cid=2386298998 seq=699
[2026-09-26T12:11:25.749Z] I (1664151) RouteLoom: HIL LINK rx peer=3 type=40 cid=28706105 current=0 status=5 seq=12
[2026-09-26T12:11:25.753Z] I (1664155) RouteLoom: HIL PROBE tx peer=3 type=41 status=0 detail=ok
[2026-09-26T12:11:26.191Z] I (1664593) RouteLoom: HIL LINK rx peer=1 type=32 cid=3323990907 current=0 status=5 seq=350
[2026-09-26T12:11:28.194Z] I (1666596) RouteLoom: HIL LINK tx peer=1 type=32 cid=3033459679 seq=700
[2026-09-26T12:11:30.692Z] I (1669094) RouteLoom: HIL LINK rx peer=3 type=32 cid=28706105 current=0 status=5 seq=26
[2026-09-26T12:11:30.697Z] I (1669099) RouteLoom: HIL LINK tx peer=3 type=32 cid=2386298998 seq=701
[2026-09-26T12:11:31.193Z] I (1669594) RouteLoom: HIL LINK rx peer=1 type=32 cid=3323990907 current=0 status=5 seq=351
[2026-09-26T12:11:33.195Z] I (1671597) RouteLoom: HIL LINK tx peer=1 type=32 cid=3033459679 seq=702
[2026-09-26T12:11:34.560Z] I (1672961) RouteLoom: HIL PROBE tx peer=1 type=40 status=0 detail=ok
[2026-09-26T12:11:34.562Z] I (1672963) RouteLoom: HIL LINK rx peer=1 type=40 cid=3323990907 current=0 status=5 seq=174
[2026-09-26T12:11:34.572Z] I (1672967) RouteLoom: HIL PROBE tx peer=1 type=41 status=6 detail=autonomy TX already in flight to peer
[2026-09-26T12:11:34.580Z] I (1672981) RouteLoom: HIL LINK rx peer=1 type=41 cid=3323990907 current=0 status=5 seq=175
[2026-09-26T12:11:35.695Z] I (1674097) RouteLoom: HIL LINK tx peer=3 type=32 cid=2386298998 seq=703
[2026-09-26T12:11:35.698Z] I (1674098) RouteLoom: HIL LINK rx peer=3 type=32 cid=28706105 current=0 status=5 seq=27
[2026-09-26T12:11:35.753Z] I (1674155) RouteLoom: HIL PROBE tx peer=3 type=40 status=0 detail=ok
[2026-09-26T12:11:35.772Z] I (1674173) RouteLoom: HIL LINK rx peer=3 type=41 cid=28706105 current=0 status=5 seq=13
[2026-09-26T12:11:36.193Z] I (1674594) RouteLoom: HIL LINK rx peer=1 type=32 cid=3323990907 current=0 status=5 seq=352
[2026-09-26T12:11:38.196Z] I (1676598) RouteLoom: HIL LINK tx peer=1 type=32 cid=3033459679 seq=704
[2026-09-26T12:11:39.518Z] I (1677919) RouteLoom: HIL LINK rx peer=1 type=16 cid=3323990907 current=0 status=5 seq=93
[2026-09-26T12:11:39.524Z] I (1677925) RouteLoom: HIL LINK tx peer=1 type=17 cid=3033459679 seq=93
[2026-09-26T12:11:39.534Z] I (1677936) RouteLoom: HIL LINK tx peer=3 type=16 cid=2386298998 seq=93
[2026-09-26T12:11:39.555Z] I (1677955) RouteLoom: HIL LINK rx peer=3 type=17 cid=28706105 current=0 status=5 seq=93
[2026-09-26T12:11:39.567Z] I (1677968) RouteLoom: HIL LINK rx peer=3 type=18 cid=28706105 current=0 status=5 seq=93
[2026-09-26T12:11:39.572Z] I (1677974) RouteLoom: HIL LINK tx peer=3 type=17 cid=2386298998 seq=93
[2026-09-26T12:11:39.583Z] I (1677985) RouteLoom: HIL LINK tx peer=1 type=18 cid=3033459679 seq=93
[2026-09-26T12:11:39.606Z] I (1678007) RouteLoom: HIL LINK rx peer=1 type=17 cid=3323990907 current=0 status=5 seq=93
[2026-09-26T12:11:40.697Z] I (1679099) RouteLoom: HIL LINK tx peer=3 type=32 cid=2386298998 seq=705
[2026-09-26T12:11:40.701Z] I (1679100) RouteLoom: HIL LINK rx peer=3 type=32 cid=28706105 current=0 status=5 seq=28
[2026-09-26T12:11:41.193Z] I (1679595) RouteLoom: HIL LINK rx peer=1 type=32 cid=3323990907 current=0 status=5 seq=353
[2026-09-26T12:11:42.039Z] I (1680440) RouteLoom: stack hwm main 11092 B
[2026-09-26T12:11:42.039Z] I (1680440) RouteLoom: HIL HEAP free=21720 largest=18432 min=20912 B
[2026-09-26T12:11:42.049Z] I (1680441) RouteLoom: HIL DISCOVERY candidates=0 neighbors=2 capacity=0 auth=11 stale=1 probes=196 send_failures=40 kind_rejects=6
[2026-09-26T12:11:42.056Z] I (1680451) RouteLoom: HIL ROUTE peer=1 phase=5 via=1 metric=1 generation=278 seq=1
[2026-09-26T12:11:42.064Z] I (1680458) RouteLoom: HIL ROUTE peer=3 phase=5 via=3 metric=1 generation=97 seq=1
[2026-09-26T12:11:43.198Z] I (1681600) RouteLoom: HIL LINK tx peer=1 type=32 cid=3033459679 seq=706
[2026-09-26T12:11:44.580Z] I (1682981) RouteLoom: HIL LINK rx peer=1 type=40 cid=3323990907 current=0 status=5 seq=176
[2026-09-26T12:11:44.584Z] I (1682985) RouteLoom: HIL PROBE tx peer=1 type=41 status=0 detail=ok
[2026-09-26T12:11:45.695Z] I (1684097) RouteLoom: HIL LINK rx peer=3 type=32 cid=28706105 current=0 status=5 seq=29
[2026-09-26T12:11:45.701Z] I (1684102) RouteLoom: HIL LINK tx peer=3 type=32 cid=2386298998 seq=707
[2026-09-26T12:11:45.770Z] I (1684171) RouteLoom: HIL LINK rx peer=3 type=40 cid=28706105 current=0 status=5 seq=14
[2026-09-26T12:11:45.773Z] I (1684175) RouteLoom: HIL PROBE tx peer=3 type=41 status=0 detail=ok
[2026-09-26T12:11:46.195Z] I (1684596) RouteLoom: HIL LINK rx peer=1 type=32 cid=3323990907 current=0 status=5 seq=354
[2026-09-26T12:11:48.198Z] I (1686600) RouteLoom: HIL LINK tx peer=1 type=32 cid=3033459679 seq=708
[2026-09-26T12:11:50.697Z] I (1689099) RouteLoom: HIL LINK rx peer=3 type=32 cid=28706105 current=0 status=5 seq=30
[2026-09-26T12:11:50.702Z] I (1689104) RouteLoom: HIL LINK tx peer=3 type=32 cid=2386298998 seq=709
[2026-09-26T12:11:51.197Z] I (1689598) RouteLoom: HIL LINK rx peer=1 type=32 cid=3323990907 current=0 status=5 seq=355
[2026-09-26T12:11:53.202Z] I (1691604) RouteLoom: HIL LINK tx peer=1 type=32 cid=3033459679 seq=710
[2026-09-26T12:11:54.581Z] I (1692983) RouteLoom: HIL PROBE tx peer=1 type=40 status=0 detail=ok
[2026-09-26T12:11:54.600Z] I (1693001) RouteLoom: HIL LINK rx peer=1 type=41 cid=3323990907 current=0 status=5 seq=177
[2026-09-26T12:11:55.699Z] I (1694101) RouteLoom: HIL LINK rx peer=3 type=32 cid=28706105 current=0 status=5 seq=31
[2026-09-26T12:11:55.707Z] I (1694109) RouteLoom: HIL LINK tx peer=3 type=32 cid=2386298998 seq=711
[2026-09-26T12:11:55.772Z] I (1694174) RouteLoom: HIL PROBE tx peer=3 type=40 status=0 detail=ok
[2026-09-26T12:11:55.791Z] I (1694192) RouteLoom: HIL LINK rx peer=3 type=41 cid=28706105 current=0 status=5 seq=15
[2026-09-26T12:11:56.199Z] I (1694598) RouteLoom: HIL LINK rx peer=1 type=32 cid=3323990907 current=0 status=5 seq=356
[2026-09-26T12:11:58.209Z] I (1696611) RouteLoom: HIL LINK tx peer=1 type=32 cid=3033459679 seq=712
[2026-09-26T12:12:00.701Z] I (1699103) RouteLoom: HIL LINK rx peer=3 type=32 cid=28706105 current=0 status=5 seq=32
[2026-09-26T12:12:00.710Z] I (1699111) RouteLoom: HIL LINK tx peer=3 type=32 cid=2386298998 seq=713
[2026-09-26T12:12:01.199Z] I (1699600) RouteLoom: HIL LINK rx peer=1 type=32 cid=3323990907 current=0 status=5 seq=357
[2026-09-26T12:12:03.211Z] I (1701613) RouteLoom: HIL LINK tx peer=1 type=32 cid=3033459679 seq=714
[2026-09-26T12:12:04.598Z] I (1702999) RouteLoom: HIL LINK rx peer=1 type=40 cid=3323990907 current=0 status=5 seq=178
[2026-09-26T12:12:04.602Z] I (1703003) RouteLoom: HIL PROBE tx peer=1 type=41 status=0 detail=ok
[2026-09-26T12:12:05.703Z] I (1704104) RouteLoom: HIL LINK rx peer=3 type=32 cid=28706105 current=0 status=5 seq=33
[2026-09-26T12:12:05.713Z] I (1704115) RouteLoom: HIL LINK tx peer=3 type=32 cid=2386298998 seq=715
[2026-09-26T12:12:05.789Z] I (1704190) RouteLoom: HIL LINK rx peer=3 type=40 cid=28706105 current=0 status=5 seq=16
[2026-09-26T12:12:05.792Z] I (1704194) RouteLoom: HIL PROBE tx peer=3 type=41 status=0 detail=ok
[2026-09-26T12:12:06.199Z] I (1704600) RouteLoom: HIL LINK rx peer=1 type=32 cid=3323990907 current=0 status=5 seq=358
[2026-09-26T12:12:08.214Z] I (1706615) RouteLoom: HIL LINK tx peer=1 type=32 cid=3033459679 seq=716
[2026-09-26T12:12:09.521Z] I (1707918) RouteLoom: HIL LINK rx peer=1 type=16 cid=3323990907 current=0 status=5 seq=94
[2026-09-26T12:12:09.525Z] I (1707924) RouteLoom: HIL LINK tx peer=1 type=17 cid=3033459679 seq=94
[2026-09-26T12:12:09.537Z] I (1707935) RouteLoom: HIL LINK tx peer=3 type=16 cid=2386298998 seq=94
[2026-09-26T12:12:09.554Z] I (1707955) RouteLoom: HIL LINK rx peer=3 type=17 cid=28706105 current=0 status=5 seq=94
[2026-09-26T12:12:09.568Z] I (1707967) RouteLoom: HIL LINK rx peer=3 type=18 cid=28706105 current=0 status=5 seq=94
[2026-09-26T12:12:09.574Z] I (1707973) RouteLoom: HIL LINK tx peer=3 type=17 cid=2386298998 seq=94
[2026-09-26T12:12:09.586Z] I (1707984) RouteLoom: HIL LINK tx peer=1 type=18 cid=3033459679 seq=94
[2026-09-26T12:12:09.605Z] I (1708006) RouteLoom: HIL LINK rx peer=1 type=17 cid=3323990907 current=0 status=5 seq=94
[2026-09-26T12:12:10.706Z] I (1709105) RouteLoom: HIL LINK rx peer=3 type=32 cid=28706105 current=0 status=5 seq=34
[2026-09-26T12:12:10.717Z] I (1709116) RouteLoom: HIL LINK tx peer=3 type=32 cid=2386298998 seq=717
[2026-09-26T12:12:11.202Z] I (1709600) RouteLoom: HIL LINK rx peer=1 type=32 cid=3323990907 current=0 status=5 seq=359
[2026-09-26T12:12:13.215Z] I (1711616) RouteLoom: HIL LINK tx peer=1 type=32 cid=3033459679 seq=718
[2026-09-26T12:12:14.602Z] I (1713001) RouteLoom: HIL PROBE tx peer=1 type=40 status=0 detail=ok
[2026-09-26T12:12:14.620Z] I (1713021) RouteLoom: HIL LINK rx peer=1 type=41 cid=3323990907 current=0 status=5 seq=179
[2026-09-26T12:12:15.707Z] I (1714107) RouteLoom: HIL LINK rx peer=3 type=32 cid=28706105 current=0 status=5 seq=35
[2026-09-26T12:12:15.715Z] I (1714116) RouteLoom: HIL LINK tx peer=3 type=32 cid=2386298998 seq=719
[2026-09-26T12:12:15.794Z] I (1714193) RouteLoom: HIL PROBE tx peer=3 type=40 status=0 detail=ok
[2026-09-26T12:12:15.810Z] I (1714211) RouteLoom: HIL LINK rx peer=3 type=41 cid=28706105 current=0 status=5 seq=17
[2026-09-26T12:12:16.200Z] I (1714601) RouteLoom: HIL LINK rx peer=1 type=32 cid=3323990907 current=0 status=5 seq=360
[2026-09-26T12:12:18.217Z] I (1716616) RouteLoom: HIL LINK tx peer=1 type=32 cid=3033459679 seq=720
[2026-09-26T12:12:20.706Z] I (1719107) RouteLoom: HIL LINK rx peer=3 type=32 cid=28706105 current=0 status=5 seq=36
[2026-09-26T12:12:20.715Z] I (1719116) RouteLoom: HIL LINK tx peer=3 type=32 cid=2386298998 seq=721
[2026-09-26T12:12:21.201Z] I (1719602) RouteLoom: HIL LINK rx peer=1 type=32 cid=3323990907 current=0 status=5 seq=361
[2026-09-26T12:12:23.216Z] I (1721617) RouteLoom: HIL LINK tx peer=1 type=32 cid=3033459679 seq=722
[2026-09-26T12:12:24.620Z] I (1723021) RouteLoom: HIL LINK rx peer=1 type=40 cid=3323990907 current=0 status=5 seq=180
[2026-09-26T12:12:24.624Z] I (1723025) RouteLoom: HIL PROBE tx peer=1 type=41 status=0 detail=ok
[2026-09-26T12:12:25.707Z] I (1724107) RouteLoom: HIL LINK rx peer=3 type=32 cid=28706105 current=0 status=5 seq=37
[2026-09-26T12:12:25.718Z] I (1724119) RouteLoom: HIL LINK tx peer=3 type=32 cid=2386298998 seq=723
[2026-09-26T12:12:25.808Z] I (1724209) RouteLoom: HIL LINK rx peer=3 type=40 cid=28706105 current=0 status=5 seq=18
[2026-09-26T12:12:25.812Z] I (1724213) RouteLoom: HIL PROBE tx peer=3 type=41 status=0 detail=ok
[2026-09-26T12:12:26.202Z] I (1724603) RouteLoom: HIL LINK rx peer=1 type=32 cid=3323990907 current=0 status=5 seq=362
[2026-09-26T12:12:28.220Z] I (1726621) RouteLoom: HIL LINK tx peer=1 type=32 cid=3033459679 seq=724
[2026-09-26T12:12:30.711Z] I (1729111) RouteLoom: HIL LINK rx peer=3 type=32 cid=28706105 current=0 status=5 seq=38
[2026-09-26T12:12:30.722Z] I (1729123) RouteLoom: HIL LINK tx peer=3 type=32 cid=2386298998 seq=725
[2026-09-26T12:12:31.202Z] I (1729603) RouteLoom: HIL LINK rx peer=1 type=32 cid=3323990907 current=0 status=5 seq=363
[2026-09-26T12:12:33.223Z] I (1731624) RouteLoom: HIL LINK tx peer=1 type=32 cid=3033459679 seq=726
[2026-09-26T12:12:34.623Z] I (1733024) RouteLoom: HIL PROBE tx peer=1 type=40 status=0 detail=ok
[2026-09-26T12:12:34.642Z] I (1733042) RouteLoom: HIL LINK rx peer=1 type=41 cid=3323990907 current=0 status=5 seq=181
[2026-09-26T12:12:35.712Z] I (1734111) RouteLoom: HIL LINK rx peer=3 type=32 cid=28706105 current=0 status=5 seq=39
[2026-09-26T12:12:35.725Z] I (1734126) RouteLoom: HIL LINK tx peer=3 type=32 cid=2386298998 seq=727
[2026-09-26T12:12:35.811Z] I (1734212) RouteLoom: HIL PROBE tx peer=3 type=40 status=0 detail=ok
[2026-09-26T12:12:35.828Z] I (1734229) RouteLoom: HIL LINK rx peer=3 type=41 cid=28706105 current=0 status=5 seq=19
[2026-09-26T12:12:36.203Z] I (1734603) RouteLoom: HIL LINK rx peer=1 type=32 cid=3323990907 current=0 status=5 seq=364
[2026-09-26T12:12:38.227Z] I (1736627) RouteLoom: HIL LINK tx peer=1 type=32 cid=3033459679 seq=728
[2026-09-26T12:12:39.521Z] I (1737921) RouteLoom: HIL LINK rx peer=1 type=16 cid=3323990907 current=0 status=5 seq=95
[2026-09-26T12:12:39.526Z] I (1737927) RouteLoom: HIL LINK tx peer=1 type=17 cid=3033459679 seq=95
[2026-09-26T12:12:39.537Z] I (1737938) RouteLoom: HIL LINK tx peer=3 type=16 cid=2386298998 seq=95
[2026-09-26T12:12:39.557Z] I (1737957) RouteLoom: HIL LINK rx peer=3 type=17 cid=28706105 current=0 status=5 seq=95
[2026-09-26T12:12:39.570Z] I (1737970) RouteLoom: HIL LINK rx peer=3 type=18 cid=28706105 current=0 status=5 seq=95
[2026-09-26T12:12:39.575Z] I (1737976) RouteLoom: HIL LINK tx peer=3 type=17 cid=2386298998 seq=95
[2026-09-26T12:12:39.586Z] I (1737987) RouteLoom: HIL LINK tx peer=1 type=18 cid=3033459679 seq=95
[2026-09-26T12:12:39.608Z] I (1738009) RouteLoom: HIL LINK rx peer=1 type=17 cid=3323990907 current=0 status=5 seq=95
[2026-09-26T12:12:40.714Z] I (1739114) RouteLoom: HIL LINK rx peer=3 type=32 cid=28706105 current=0 status=5 seq=40
[2026-09-26T12:12:40.728Z] I (1739129) RouteLoom: HIL LINK tx peer=3 type=32 cid=2386298998 seq=729
[2026-09-26T12:12:41.202Z] I (1739603) RouteLoom: HIL LINK rx peer=1 type=32 cid=3323990907 current=0 status=5 seq=365
[2026-09-26T12:12:42.042Z] I (1740442) RouteLoom: stack hwm main 11092 B
[2026-09-26T12:12:42.042Z] I (1740442) RouteLoom: HIL HEAP free=21720 largest=18432 min=20912 B
[2026-09-26T12:12:42.052Z] I (1740443) RouteLoom: HIL DISCOVERY candidates=0 neighbors=2 capacity=0 auth=11 stale=1 probes=202 send_failures=40 kind_rejects=6
[2026-09-26T12:12:42.059Z] I (1740453) RouteLoom: HIL ROUTE peer=1 phase=5 via=1 metric=1 generation=278 seq=1
[2026-09-26T12:12:42.066Z] I (1740460) RouteLoom: HIL ROUTE peer=3 phase=5 via=3 metric=1 generation=97 seq=1
[2026-09-26T12:12:43.228Z] I (1741629) RouteLoom: HIL LINK tx peer=1 type=32 cid=3033459679 seq=730
[2026-09-26T12:12:44.643Z] I (1743044) RouteLoom: HIL PROBE tx peer=1 type=41 status=0 detail=ok
[2026-09-26T12:12:45.716Z] I (1744116) RouteLoom: HIL LINK rx peer=3 type=32 cid=28706105 current=0 status=5 seq=41
[2026-09-26T12:12:45.730Z] I (1744131) RouteLoom: HIL LINK tx peer=3 type=32 cid=2386298998 seq=731
[2026-09-26T12:12:45.825Z] I (1744226) RouteLoom: HIL LINK rx peer=3 type=40 cid=28706105 current=0 status=5 seq=20
[2026-09-26T12:12:45.829Z] I (1744230) RouteLoom: HIL PROBE tx peer=3 type=41 status=0 detail=ok
[2026-09-26T12:12:46.204Z] I (1744604) RouteLoom: HIL LINK rx peer=1 type=32 cid=3323990907 current=0 status=5 seq=366
[2026-09-26T12:12:48.230Z] I (1746631) RouteLoom: HIL LINK tx peer=1 type=32 cid=3033459679 seq=732
[2026-09-26T12:12:50.716Z] I (1749116) RouteLoom: HIL LINK rx peer=3 type=32 cid=28706105 current=0 status=5 seq=42
[2026-09-26T12:12:50.730Z] I (1749131) RouteLoom: HIL LINK tx peer=3 type=32 cid=2386298998 seq=733
[2026-09-26T12:12:51.206Z] I (1749606) RouteLoom: HIL LINK rx peer=1 type=32 cid=3323990907 current=0 status=5 seq=367
[2026-09-26T12:12:53.230Z] I (1751631) RouteLoom: HIL LINK tx peer=1 type=32 cid=3033459679 seq=734
[2026-09-26T12:12:54.642Z] I (1753043) RouteLoom: HIL PROBE tx peer=1 type=40 status=0 detail=ok
[2026-09-26T12:12:54.660Z] I (1753060) RouteLoom: HIL LINK rx peer=1 type=41 cid=3323990907 current=0 status=5 seq=183
[2026-09-26T12:12:55.719Z] I (1754119) RouteLoom: HIL LINK rx peer=3 type=32 cid=28706105 current=0 status=5 seq=43
[2026-09-26T12:12:55.730Z] I (1754131) RouteLoom: HIL LINK tx peer=3 type=32 cid=2386298998 seq=735
[2026-09-26T12:12:55.828Z] I (1754229) RouteLoom: HIL PROBE tx peer=3 type=40 status=0 detail=ok
[2026-09-26T12:12:55.847Z] I (1754247) RouteLoom: HIL LINK rx peer=3 type=41 cid=28706105 current=0 status=5 seq=21
[2026-09-26T12:12:56.207Z] I (1754607) RouteLoom: HIL LINK rx peer=1 type=32 cid=3323990907 current=0 status=5 seq=368
[2026-09-26T12:12:58.230Z] I (1756631) RouteLoom: HIL LINK tx peer=1 type=32 cid=3033459679 seq=736
[2026-09-26T12:13:00.719Z] I (1759119) RouteLoom: HIL LINK rx peer=3 type=32 cid=28706105 current=0 status=5 seq=44
[2026-09-26T12:13:00.730Z] I (1759131) RouteLoom: HIL LINK tx peer=3 type=32 cid=2386298998 seq=737
[2026-09-26T12:13:01.208Z] I (1759608) RouteLoom: HIL LINK rx peer=1 type=32 cid=3323990907 current=0 status=5 seq=369
[2026-09-26T12:13:03.231Z] I (1761632) RouteLoom: HIL LINK tx peer=1 type=32 cid=3033459679 seq=738
[2026-09-26T12:13:04.660Z] I (1763060) RouteLoom: HIL LINK rx peer=1 type=40 cid=3323990907 current=0 status=5 seq=184
[2026-09-26T12:13:04.664Z] I (1763064) RouteLoom: HIL PROBE tx peer=1 type=41 status=0 detail=ok
[2026-09-26T12:13:05.719Z] I (1764119) RouteLoom: HIL LINK rx peer=3 type=32 cid=28706105 current=0 status=5 seq=45
[2026-09-26T12:13:05.733Z] I (1764134) RouteLoom: HIL LINK tx peer=3 type=32 cid=2386298998 seq=739
[2026-09-26T12:13:05.844Z] I (1764245) RouteLoom: HIL LINK rx peer=3 type=40 cid=28706105 current=0 status=5 seq=22
[2026-09-26T12:13:05.848Z] I (1764249) RouteLoom: HIL PROBE tx peer=3 type=41 status=0 detail=ok
[2026-09-26T12:13:06.209Z] I (1764609) RouteLoom: HIL LINK rx peer=1 type=32 cid=3323990907 current=0 status=5 seq=370
[2026-09-26T12:13:08.234Z] I (1766634) RouteLoom: HIL LINK tx peer=1 type=32 cid=3033459679 seq=740
[2026-09-26T12:13:09.522Z] I (1767922) RouteLoom: HIL LINK rx peer=1 type=16 cid=3323990907 current=0 status=5 seq=96
[2026-09-26T12:13:09.528Z] I (1767928) RouteLoom: HIL LINK tx peer=1 type=17 cid=3033459679 seq=96
[2026-09-26T12:13:09.538Z] I (1767939) RouteLoom: HIL LINK tx peer=3 type=16 cid=2386298998 seq=96
[2026-09-26T12:13:09.559Z] I (1767959) RouteLoom: HIL LINK rx peer=3 type=17 cid=28706105 current=0 status=5 seq=96
[2026-09-26T12:13:09.571Z] I (1767971) RouteLoom: HIL LINK rx peer=3 type=18 cid=28706105 current=0 status=5 seq=96
[2026-09-26T12:13:09.576Z] I (1767977) RouteLoom: HIL LINK tx peer=3 type=17 cid=2386298998 seq=96
[2026-09-26T12:13:09.587Z] I (1767988) RouteLoom: HIL LINK tx peer=1 type=18 cid=3033459679 seq=96
[2026-09-26T12:13:09.610Z] I (1768010) RouteLoom: HIL LINK rx peer=1 type=17 cid=3323990907 current=0 status=5 seq=96
[2026-09-26T12:13:10.721Z] I (1769121) RouteLoom: HIL LINK rx peer=3 type=32 cid=28706105 current=0 status=5 seq=46
[2026-09-26T12:13:10.735Z] I (1769136) RouteLoom: HIL LINK tx peer=3 type=32 cid=2386298998 seq=741
[2026-09-26T12:13:11.210Z] I (1769610) RouteLoom: HIL LINK rx peer=1 type=32 cid=3323990907 current=0 status=5 seq=371
[2026-09-26T12:13:13.237Z] I (1771638) RouteLoom: HIL LINK tx peer=1 type=32 cid=3033459679 seq=742
[2026-09-26T12:13:14.662Z] I (1773062) RouteLoom: HIL PROBE tx peer=1 type=40 status=0 detail=ok
[2026-09-26T12:13:14.683Z] I (1773080) RouteLoom: HIL LINK rx peer=1 type=41 cid=3323990907 current=0 status=5 seq=185
[2026-09-26T12:13:15.724Z] I (1774122) RouteLoom: HIL LINK rx peer=3 type=32 cid=28706105 current=0 status=5 seq=47
[2026-09-26T12:13:15.747Z] I (1774140) RouteLoom: HIL LINK tx peer=3 type=32 cid=2386298998 seq=743
[2026-09-26T12:13:15.850Z] I (1774248) RouteLoom: HIL PROBE tx peer=3 type=40 status=0 detail=ok
[2026-09-26T12:13:15.867Z] I (1774265) RouteLoom: HIL LINK rx peer=3 type=41 cid=28706105 current=0 status=5 seq=23
[2026-09-26T12:13:16.211Z] I (1774611) RouteLoom: HIL LINK rx peer=1 type=32 cid=3323990907 current=0 status=5 seq=372
[2026-09-26T12:13:18.240Z] I (1776641) RouteLoom: HIL LINK tx peer=1 type=32 cid=3033459679 seq=744
[2026-09-26T12:13:20.722Z] I (1779121) RouteLoom: HIL LINK rx peer=3 type=32 cid=28706105 current=0 status=5 seq=48
[2026-09-26T12:13:20.741Z] I (1779142) RouteLoom: HIL LINK tx peer=3 type=32 cid=2386298998 seq=745
[2026-09-26T12:13:21.211Z] I (1779611) RouteLoom: HIL LINK rx peer=1 type=32 cid=3323990907 current=0 status=5 seq=373
[2026-09-26T12:13:23.243Z] I (1781642) RouteLoom: HIL LINK tx peer=1 type=32 cid=3033459679 seq=746
[2026-09-26T12:13:24.679Z] I (1783079) RouteLoom: HIL LINK rx peer=1 type=40 cid=3323990907 current=0 status=5 seq=186
[2026-09-26T12:13:24.683Z] I (1783083) RouteLoom: HIL PROBE tx peer=1 type=41 status=0 detail=ok
[2026-09-26T12:13:25.723Z] I (1784123) RouteLoom: HIL LINK rx peer=3 type=32 cid=28706105 current=0 status=5 seq=49
[2026-09-26T12:13:25.744Z] I (1784144) RouteLoom: HIL LINK tx peer=3 type=32 cid=2386298998 seq=747
[2026-09-26T12:13:25.864Z] I (1784264) RouteLoom: HIL LINK rx peer=3 type=40 cid=28706105 current=0 status=5 seq=24
[2026-09-26T12:13:25.867Z] I (1784267) RouteLoom: HIL PROBE tx peer=3 type=41 status=0 detail=ok
[2026-09-26T12:13:26.213Z] I (1784613) RouteLoom: HIL LINK rx peer=1 type=32 cid=3323990907 current=0 status=5 seq=374
[2026-09-26T12:13:28.244Z] I (1786644) RouteLoom: HIL LINK tx peer=1 type=32 cid=3033459679 seq=748
[2026-09-26T12:13:30.726Z] I (1789126) RouteLoom: HIL LINK rx peer=3 type=32 cid=28706105 current=0 status=5 seq=50
[2026-09-26T12:13:30.744Z] I (1789144) RouteLoom: HIL LINK tx peer=3 type=32 cid=2386298998 seq=749
[2026-09-26T12:13:31.214Z] I (1789613) RouteLoom: HIL LINK rx peer=1 type=32 cid=3323990907 current=0 status=5 seq=375
[2026-09-26T12:13:33.244Z] I (1791644) RouteLoom: HIL LINK tx peer=1 type=32 cid=3033459679 seq=750
[2026-09-26T12:13:34.683Z] I (1793083) RouteLoom: HIL PROBE tx peer=1 type=40 status=0 detail=ok
[2026-09-26T12:13:34.702Z] I (1793101) RouteLoom: HIL LINK rx peer=1 type=41 cid=3323990907 current=0 status=5 seq=187
[2026-09-26T12:13:35.726Z] I (1794126) RouteLoom: HIL LINK rx peer=3 type=32 cid=28706105 current=0 status=5 seq=51
[2026-09-26T12:13:35.744Z] I (1794144) RouteLoom: HIL LINK tx peer=3 type=32 cid=2386298998 seq=751
[2026-09-26T12:13:35.866Z] I (1794266) RouteLoom: HIL PROBE tx peer=3 type=40 status=0 detail=ok
[2026-09-26T12:13:35.885Z] I (1794283) RouteLoom: HIL LINK rx peer=3 type=41 cid=28706105 current=0 status=5 seq=25
[2026-09-26T12:13:36.214Z] I (1794614) RouteLoom: HIL LINK rx peer=1 type=32 cid=3323990907 current=0 status=5 seq=376
[2026-09-26T12:13:38.244Z] I (1796644) RouteLoom: HIL LINK tx peer=1 type=32 cid=3033459679 seq=752
[2026-09-26T12:13:39.518Z] I (1797917) RouteLoom: HIL LINK rx peer=1 type=16 cid=3323990907 current=0 status=5 seq=97
[2026-09-26T12:13:39.523Z] I (1797923) RouteLoom: HIL LINK tx peer=1 type=17 cid=3033459679 seq=97
[2026-09-26T12:13:39.534Z] I (1797934) RouteLoom: HIL LINK tx peer=3 type=16 cid=2386298998 seq=97
[2026-09-26T12:13:39.554Z] I (1797954) RouteLoom: HIL LINK rx peer=3 type=17 cid=28706105 current=0 status=5 seq=97
[2026-09-26T12:13:39.571Z] I (1797966) RouteLoom: HIL LINK rx peer=3 type=18 cid=28706105 current=0 status=5 seq=97
[2026-09-26T12:13:39.572Z] I (1797972) RouteLoom: HIL LINK tx peer=3 type=17 cid=2386298998 seq=97
[2026-09-26T12:13:39.583Z] I (1797983) RouteLoom: HIL LINK tx peer=1 type=18 cid=3033459679 seq=97
[2026-09-26T12:13:39.606Z] I (1798005) RouteLoom: HIL LINK rx peer=1 type=17 cid=3323990907 current=0 status=5 seq=97
[2026-09-26T12:13:40.733Z] I (1799129) RouteLoom: HIL LINK rx peer=3 type=32 cid=28706105 current=0 status=5 seq=52
[2026-09-26T12:13:40.751Z] I (1799144) RouteLoom: HIL LINK tx peer=3 type=32 cid=2386298998 seq=753
[2026-09-26T12:13:41.251Z] I (1799614) RouteLoom: HIL LINK rx peer=1 type=32 cid=3323990907 current=0 status=5 seq=377
[2026-09-26T12:13:42.044Z] I (1800444) RouteLoom: stack hwm main 11092 B
[2026-09-26T12:13:42.044Z] I (1800444) RouteLoom: HIL HEAP free=21720 largest=18432 min=20912 B
[2026-09-26T12:13:42.055Z] I (1800445) RouteLoom: HIL DISCOVERY candidates=0 neighbors=2 capacity=0 auth=11 stale=1 probes=208 send_failures=40 kind_rejects=6
[2026-09-26T12:13:42.062Z] I (1800455) RouteLoom: HIL ROUTE peer=1 phase=5 via=1 metric=1 generation=278 seq=1
[2026-09-26T12:13:42.069Z] I (1800462) RouteLoom: HIL ROUTE peer=3 phase=5 via=3 metric=1 generation=97 seq=1
[2026-09-26T12:13:43.246Z] I (1801646) RouteLoom: HIL LINK tx peer=1 type=32 cid=3033459679 seq=754
[2026-09-26T12:13:44.701Z] I (1803099) RouteLoom: HIL LINK rx peer=1 type=40 cid=3323990907 current=0 status=5 seq=188
[2026-09-26T12:13:44.704Z] I (1803103) RouteLoom: HIL PROBE tx peer=1 type=41 status=0 detail=ok
[2026-09-26T12:13:45.729Z] I (1804128) RouteLoom: HIL LINK rx peer=3 type=32 cid=28706105 current=0 status=5 seq=53
[2026-09-26T12:13:45.746Z] I (1804146) RouteLoom: HIL LINK tx peer=3 type=32 cid=2386298998 seq=755
[2026-09-26T12:13:45.884Z] I (1804281) RouteLoom: HIL LINK rx peer=3 type=40 cid=28706105 current=0 status=5 seq=26
[2026-09-26T12:13:45.886Z] I (1804284) RouteLoom: HIL PROBE tx peer=3 type=41 status=0 detail=ok
[2026-09-26T12:13:46.228Z] I (1804615) RouteLoom: HIL LINK rx peer=1 type=32 cid=3323990907 current=0 status=5 seq=378
[2026-09-26T12:13:48.246Z] I (1806646) RouteLoom: HIL LINK tx peer=1 type=32 cid=3033459679 seq=756
[2026-09-26T12:13:50.736Z] I (1809131) RouteLoom: HIL LINK rx peer=3 type=32 cid=28706105 current=0 status=5 seq=54
[2026-09-26T12:13:50.748Z] I (1809146) RouteLoom: HIL LINK tx peer=3 type=32 cid=2386298998 seq=757
[2026-09-26T12:13:51.217Z] I (1809616) RouteLoom: HIL LINK rx peer=1 type=32 cid=3323990907 current=0 status=5 seq=379
[2026-09-26T12:13:53.247Z] I (1811646) RouteLoom: HIL LINK tx peer=1 type=32 cid=3033459679 seq=758
[2026-09-26T12:13:54.706Z] I (1813103) RouteLoom: HIL PROBE tx peer=1 type=40 status=0 detail=ok
[2026-09-26T12:13:54.725Z] I (1813121) RouteLoom: HIL LINK rx peer=1 type=41 cid=3323990907 current=0 status=5 seq=189
[2026-09-26T12:13:55.734Z] I (1814131) RouteLoom: HIL LINK rx peer=3 type=32 cid=28706105 current=0 status=5 seq=55
[2026-09-26T12:13:55.748Z] I (1814148) RouteLoom: HIL LINK tx peer=3 type=32 cid=2386298998 seq=759
[2026-09-26T12:13:55.884Z] I (1814282) RouteLoom: HIL PROBE tx peer=3 type=40 status=0 detail=ok
[2026-09-26T12:13:55.903Z] I (1814299) RouteLoom: HIL LINK rx peer=3 type=41 cid=28706105 current=0 status=5 seq=27
[2026-09-26T12:13:56.219Z] I (1814616) RouteLoom: HIL LINK rx peer=1 type=32 cid=3323990907 current=0 status=5 seq=380
[2026-09-26T12:13:58.249Z] I (1816649) RouteLoom: HIL LINK tx peer=1 type=32 cid=3033459679 seq=760
[2026-09-26T12:14:00.733Z] I (1819132) RouteLoom: HIL LINK rx peer=3 type=32 cid=28706105 current=0 status=5 seq=56
[2026-09-26T12:14:00.752Z] I (1819150) RouteLoom: HIL LINK tx peer=3 type=32 cid=2386298998 seq=761
[2026-09-26T12:14:01.217Z] I (1819616) RouteLoom: HIL LINK rx peer=1 type=32 cid=3323990907 current=0 status=5 seq=381
[2026-09-26T12:14:03.250Z] I (1821650) RouteLoom: HIL LINK tx peer=1 type=32 cid=3033459679 seq=762
[2026-09-26T12:14:04.719Z] I (1823118) RouteLoom: HIL LINK rx peer=1 type=40 cid=3323990907 current=0 status=5 seq=190
[2026-09-26T12:14:04.723Z] I (1823122) RouteLoom: HIL PROBE tx peer=1 type=41 status=0 detail=ok
[2026-09-26T12:14:05.735Z] I (1824134) RouteLoom: HIL LINK rx peer=3 type=32 cid=28706105 current=0 status=5 seq=57
[2026-09-26T12:14:05.752Z] I (1824152) RouteLoom: HIL LINK tx peer=3 type=32 cid=2386298998 seq=763
[2026-09-26T12:14:05.899Z] I (1824298) RouteLoom: HIL LINK rx peer=3 type=40 cid=28706105 current=0 status=5 seq=28
[2026-09-26T12:14:05.903Z] I (1824302) RouteLoom: HIL PROBE tx peer=3 type=41 status=0 detail=ok
[2026-09-26T12:14:06.216Z] I (1824616) RouteLoom: HIL LINK rx peer=1 type=32 cid=3323990907 current=0 status=5 seq=382
[2026-09-26T12:14:08.252Z] I (1826652) RouteLoom: HIL LINK tx peer=1 type=32 cid=3033459679 seq=764
[2026-09-26T12:14:09.523Z] I (1827922) RouteLoom: HIL LINK rx peer=1 type=16 cid=3323990907 current=0 status=5 seq=98
[2026-09-26T12:14:09.529Z] I (1827928) RouteLoom: HIL LINK tx peer=1 type=17 cid=3033459679 seq=98
[2026-09-26T12:14:09.539Z] I (1827939) RouteLoom: HIL LINK tx peer=3 type=16 cid=2386298998 seq=98
[2026-09-26T12:14:09.559Z] I (1827959) RouteLoom: HIL LINK rx peer=3 type=17 cid=28706105 current=0 status=5 seq=98
[2026-09-26T12:14:09.572Z] I (1827971) RouteLoom: HIL LINK rx peer=3 type=18 cid=28706105 current=0 status=5 seq=98
[2026-09-26T12:14:09.578Z] I (1827977) RouteLoom: HIL LINK tx peer=3 type=17 cid=2386298998 seq=98
[2026-09-26T12:14:09.589Z] I (1827989) RouteLoom: HIL LINK tx peer=1 type=18 cid=3033459679 seq=98
[2026-09-26T12:14:09.610Z] I (1828009) RouteLoom: HIL LINK rx peer=1 type=17 cid=3323990907 current=0 status=5 seq=98
[2026-09-26T12:14:10.736Z] I (1829135) RouteLoom: HIL LINK rx peer=3 type=32 cid=28706105 current=0 status=5 seq=58
[2026-09-26T12:14:10.753Z] I (1829153) RouteLoom: HIL LINK tx peer=3 type=32 cid=2386298998 seq=765
[2026-09-26T12:14:11.218Z] I (1829616) RouteLoom: HIL LINK rx peer=1 type=32 cid=3323990907 current=0 status=5 seq=383
[2026-09-26T12:14:13.254Z] I (1831653) RouteLoom: HIL LINK tx peer=1 type=32 cid=3033459679 seq=766
[2026-09-26T12:14:14.722Z] I (1833122) RouteLoom: HIL PROBE tx peer=1 type=40 status=0 detail=ok
[2026-09-26T12:14:14.741Z] I (1833140) RouteLoom: HIL LINK rx peer=1 type=41 cid=3323990907 current=0 status=5 seq=191
[2026-09-26T12:14:15.738Z] I (1834137) RouteLoom: HIL LINK rx peer=3 type=32 cid=28706105 current=0 status=5 seq=59
[2026-09-26T12:14:15.755Z] I (1834155) RouteLoom: HIL LINK tx peer=3 type=32 cid=2386298998 seq=767
[2026-09-26T12:14:15.901Z] I (1834301) RouteLoom: HIL PROBE tx peer=3 type=40 status=0 detail=ok
[2026-09-26T12:14:15.919Z] I (1834318) RouteLoom: HIL LINK rx peer=3 type=41 cid=28706105 current=0 status=5 seq=29
[2026-09-26T12:14:16.218Z] I (1834617) RouteLoom: HIL LINK rx peer=1 type=32 cid=3323990907 current=0 status=5 seq=384
[2026-09-26T12:14:18.256Z] I (1836656) RouteLoom: HIL LINK tx peer=1 type=32 cid=3033459679 seq=768
[2026-09-26T12:14:20.740Z] I (1839139) RouteLoom: HIL LINK rx peer=3 type=32 cid=28706105 current=0 status=5 seq=60
[2026-09-26T12:14:20.756Z] I (1839156) RouteLoom: HIL LINK tx peer=3 type=32 cid=2386298998 seq=769
[2026-09-26T12:14:21.219Z] I (1839618) RouteLoom: HIL LINK rx peer=1 type=32 cid=3323990907 current=0 status=5 seq=385
[2026-09-26T12:14:23.258Z] I (1841657) RouteLoom: HIL LINK tx peer=1 type=32 cid=3033459679 seq=770
[2026-09-26T12:14:24.740Z] I (1843139) RouteLoom: HIL LINK rx peer=1 type=40 cid=3323990907 current=0 status=5 seq=192
[2026-09-26T12:14:24.744Z] I (1843143) RouteLoom: HIL PROBE tx peer=1 type=41 status=0 detail=ok
[2026-09-26T12:14:25.741Z] I (1844140) RouteLoom: HIL LINK rx peer=3 type=32 cid=28706105 current=0 status=5 seq=61
[2026-09-26T12:14:25.759Z] I (1844158) RouteLoom: HIL LINK tx peer=3 type=32 cid=2386298998 seq=771
[2026-09-26T12:14:25.917Z] I (1844316) RouteLoom: HIL LINK rx peer=3 type=40 cid=28706105 current=0 status=5 seq=30
[2026-09-26T12:14:25.921Z] I (1844320) RouteLoom: HIL PROBE tx peer=3 type=41 status=0 detail=ok
[2026-09-26T12:14:26.220Z] I (1844619) RouteLoom: HIL LINK rx peer=1 type=32 cid=3323990907 current=0 status=5 seq=386
[2026-09-26T12:14:28.258Z] I (1846658) RouteLoom: HIL LINK tx peer=1 type=32 cid=3033459679 seq=772
[2026-09-26T12:14:30.743Z] I (1849142) RouteLoom: HIL LINK rx peer=3 type=32 cid=28706105 current=0 status=5 seq=62
[2026-09-26T12:14:30.759Z] I (1849159) RouteLoom: HIL LINK tx peer=3 type=32 cid=2386298998 seq=773
[2026-09-26T12:14:31.221Z] I (1849620) RouteLoom: HIL LINK rx peer=1 type=32 cid=3323990907 current=0 status=5 seq=387
[2026-09-26T12:14:33.259Z] I (1851659) RouteLoom: HIL LINK tx peer=1 type=32 cid=3033459679 seq=774
[2026-09-26T12:14:34.743Z] I (1853143) RouteLoom: HIL PROBE tx peer=1 type=40 status=0 detail=ok
[2026-09-26T12:14:34.761Z] I (1853160) RouteLoom: HIL LINK rx peer=1 type=41 cid=3323990907 current=0 status=5 seq=193
[2026-09-26T12:14:35.744Z] I (1854143) RouteLoom: HIL LINK rx peer=3 type=32 cid=28706105 current=0 status=5 seq=63
[2026-09-26T12:14:35.761Z] I (1854160) RouteLoom: HIL LINK tx peer=3 type=32 cid=2386298998 seq=775
[2026-09-26T12:14:35.919Z] I (1854318) RouteLoom: HIL PROBE tx peer=3 type=40 status=0 detail=ok
[2026-09-26T12:14:35.936Z] I (1854335) RouteLoom: HIL LINK rx peer=3 type=41 cid=28706105 current=0 status=5 seq=31
[2026-09-26T12:14:36.221Z] I (1854620) RouteLoom: HIL LINK rx peer=1 type=32 cid=3323990907 current=0 status=5 seq=388
[2026-09-26T12:14:38.261Z] I (1856660) RouteLoom: HIL LINK tx peer=1 type=32 cid=3033459679 seq=776
[2026-09-26T12:14:39.519Z] I (1857918) RouteLoom: HIL LINK rx peer=1 type=16 cid=3323990907 current=0 status=5 seq=99
[2026-09-26T12:14:39.525Z] I (1857924) RouteLoom: HIL LINK tx peer=1 type=17 cid=3033459679 seq=99
[2026-09-26T12:14:39.536Z] I (1857935) RouteLoom: HIL LINK tx peer=3 type=16 cid=2386298998 seq=99
[2026-09-26T12:14:39.556Z] I (1857955) RouteLoom: HIL LINK rx peer=3 type=17 cid=28706105 current=0 status=5 seq=99
[2026-09-26T12:14:39.568Z] I (1857967) RouteLoom: HIL LINK rx peer=3 type=18 cid=28706105 current=0 status=5 seq=99
[2026-09-26T12:14:39.574Z] I (1857973) RouteLoom: HIL LINK tx peer=3 type=17 cid=2386298998 seq=99
[2026-09-26T12:14:39.585Z] I (1857984) RouteLoom: HIL LINK tx peer=1 type=18 cid=3033459679 seq=99
[2026-09-26T12:14:39.607Z] I (1858006) RouteLoom: HIL LINK rx peer=1 type=17 cid=3323990907 current=0 status=5 seq=99
[2026-09-26T12:14:40.745Z] I (1859144) RouteLoom: HIL LINK rx peer=3 type=32 cid=28706105 current=0 status=5 seq=64
[2026-09-26T12:14:40.763Z] I (1859162) RouteLoom: HIL LINK tx peer=3 type=32 cid=2386298998 seq=777
[2026-09-26T12:14:41.222Z] I (1859621) RouteLoom: HIL LINK rx peer=1 type=32 cid=3323990907 current=0 status=5 seq=389
[2026-09-26T12:14:42.047Z] I (1860446) RouteLoom: stack hwm main 11092 B
[2026-09-26T12:14:42.047Z] I (1860446) RouteLoom: HIL HEAP free=21720 largest=18432 min=20912 B
[2026-09-26T12:14:42.061Z] I (1860447) RouteLoom: HIL DISCOVERY candidates=0 neighbors=2 capacity=0 auth=11 stale=1 probes=214 send_failures=40 kind_rejects=6
[2026-09-26T12:14:42.095Z] I (1860457) RouteLoom: HIL ROUTE peer=1 phase=5 via=1 metric=1 generation=278 seq=1
[2026-09-26T12:14:42.095Z] I (1860464) RouteLoom: HIL ROUTE peer=3 phase=5 via=3 metric=1 generation=97 seq=1
[2026-09-26T12:14:43.264Z] I (1861663) RouteLoom: HIL LINK tx peer=1 type=32 cid=3033459679 seq=778
[2026-09-26T12:14:43.364Z] I (1861762) RouteLoom: HIL RLD1 rx claimed=3 phase=5 step=1
[2026-09-26T12:14:43.370Z] I (1861769) RouteLoom: HIL RLD1 tx claimed=2 phase=5 step=2
[2026-09-26T12:14:43.387Z] I (1861786) RouteLoom: HIL RLD1 rx claimed=3 phase=5 step=3
[2026-09-26T12:14:43.389Z] HIL resume R3 installed peer=3 tx=300975475 rx=1164670512
[2026-09-26T12:14:43.393Z] I (1861792) RouteLoom: HIL PROBE tx peer=3 type=40 status=0 detail=ok
[2026-09-26T12:14:43.407Z] I (1861806) RouteLoom: HIL LINK tx peer=1 type=32 cid=3033459679 seq=779
[2026-09-26T12:14:43.410Z] I (1861807) RouteLoom: HIL LINK rx peer=3 type=40 cid=1164670512 current=0 status=5 seq=1
[2026-09-26T12:14:43.416Z] I (1861813) RouteLoom: HIL PROBE tx peer=3 type=41 status=0 detail=ok
[2026-09-26T12:14:43.424Z] I (1861821) RouteLoom: HIL LINK rx peer=3 type=41 cid=1164670512 current=0 status=5 seq=2
[2026-09-26T12:14:43.430Z] I (1861825) RouteLoomRef: discovery event=REACHABLE peer=3
[2026-09-26T12:14:43.436Z] W (1861829) RouteLoomRef: diagnostic reason=REACHABLE peer=3 message=none
[2026-09-26T12:14:43.442Z] I (1861839) RouteLoom: HIL LINK tx peer=3 type=32 cid=300975475 seq=780
[2026-09-26T12:14:43.450Z] I (1861843) RouteLoom: HIL LINK rx peer=1 type=34 cid=3323990907 current=0 status=5 seq=390
[2026-09-26T12:14:43.458Z] W (1861851) RouteLoomRef: diagnostic reason=SEQNO_REQUEST_NO_PATH peer=1 message=present
[2026-09-26T12:14:43.466Z] I (1861860) RouteLoom: HIL LINK rx peer=1 type=32 cid=3323990907 current=0 status=5 seq=391
[2026-09-26T12:14:43.474Z] I (1861868) RouteLoom: HIL LINK rx peer=3 type=32 cid=1164670512 current=0 status=5 seq=1
[2026-09-26T12:14:43.482Z] W (1861875) RouteLoomRef: diagnostic reason=PEER_RESTARTED_ROUTES_FLUSHED peer=3 message=none
[2026-09-26T12:14:43.490Z] I (1861882) RouteLoom: HIL LINK rx peer=3 type=32 cid=1164670512 current=0 status=5 seq=2
[2026-09-26T12:14:43.883Z] I (1862282) RouteLoom: HIL RLD1 rx claimed=3 phase=5 step=3
[2026-09-26T12:14:43.884Z] HIL resume R3 no record peer=3
[2026-09-26T12:14:44.385Z] I (1862784) RouteLoom: HIL RLD1 rx claimed=3 phase=5 step=3
[2026-09-26T12:14:44.385Z] HIL resume R3 no record peer=3
[2026-09-26T12:14:44.422Z] I (1862821) RouteLoom: HIL LINK tx peer=3 type=32 cid=300975475 seq=781
[2026-09-26T12:14:44.433Z] I (1862832) RouteLoom: HIL LINK tx peer=1 type=32 cid=3033459679 seq=782
[2026-09-26T12:14:44.496Z] I (1862895) RouteLoom: HIL LINK rx peer=1 type=32 cid=3323990907 current=0 status=5 seq=392
[2026-09-26T12:14:44.759Z] I (1863158) RouteLoom: HIL LINK rx peer=1 type=40 cid=3323990907 current=0 status=5 seq=194
[2026-09-26T12:14:44.763Z] I (1863162) RouteLoom: HIL PROBE tx peer=1 type=41 status=0 detail=ok
[2026-09-26T12:14:44.886Z] I (1863285) RouteLoom: HIL RLD1 rx claimed=3 phase=5 step=3
[2026-09-26T12:14:44.886Z] HIL resume R3 no record peer=3
[2026-09-26T12:14:45.925Z] I (1864324) RouteLoom: HIL LINK tx peer=1 type=32 cid=3033459679 seq=783
[2026-09-26T12:14:46.222Z] I (1864621) RouteLoom: HIL LINK rx peer=1 type=32 cid=3323990907 current=0 status=5 seq=393
[2026-09-26T12:14:48.426Z] I (1866825) RouteLoom: HIL LINK tx peer=3 type=32 cid=300975475 seq=784
[2026-09-26T12:14:48.449Z] I (1866847) RouteLoom: HIL LINK rx peer=3 type=32 cid=1164670512 current=0 status=5 seq=3
[2026-09-26T12:14:50.926Z] I (1869325) RouteLoom: HIL LINK tx peer=1 type=32 cid=3033459679 seq=785
[2026-09-26T12:14:51.225Z] I (1869623) RouteLoom: HIL LINK rx peer=1 type=32 cid=3323990907 current=0 status=5 seq=394
[2026-09-26T12:14:53.425Z] I (1871824) RouteLoom: HIL PROBE tx peer=3 type=40 status=0 detail=ok
[2026-09-26T12:14:53.437Z] I (1871836) RouteLoom: HIL LINK tx peer=3 type=32 cid=300975475 seq=786
[2026-09-26T12:14:53.452Z] I (1871851) RouteLoom: HIL LINK rx peer=3 type=41 cid=1164670512 current=0 status=5 seq=3
[2026-09-26T12:14:53.462Z] I (1871861) RouteLoom: HIL LINK rx peer=3 type=32 cid=1164670512 current=0 status=5 seq=4
[2026-09-26T12:14:54.762Z] I (1873161) RouteLoom: HIL PROBE tx peer=1 type=40 status=0 detail=ok
[2026-09-26T12:14:54.781Z] I (1873179) RouteLoom: HIL LINK rx peer=1 type=41 cid=3323990907 current=0 status=5 seq=195
[2026-09-26T12:14:55.926Z] I (1874325) RouteLoom: HIL LINK tx peer=1 type=32 cid=3033459679 seq=787
[2026-09-26T12:14:56.226Z] I (1874625) RouteLoom: HIL LINK rx peer=1 type=32 cid=3323990907 current=0 status=5 seq=395
[2026-09-26T12:14:58.427Z] I (1876826) RouteLoom: HIL LINK tx peer=3 type=32 cid=300975475 seq=788
[2026-09-26T12:14:58.453Z] I (1876851) RouteLoom: HIL LINK rx peer=3 type=32 cid=1164670512 current=0 status=5 seq=5
[2026-09-26T12:15:00.928Z] I (1879326) RouteLoom: HIL LINK tx peer=1 type=32 cid=3033459679 seq=789
[2026-09-26T12:15:01.229Z] I (1879627) RouteLoom: HIL LINK rx peer=1 type=32 cid=3323990907 current=0 status=5 seq=396
[2026-09-26T12:15:03.427Z] I (1881826) RouteLoom: HIL LINK tx peer=3 type=32 cid=300975475 seq=790
[2026-09-26T12:15:03.445Z] I (1881844) RouteLoom: HIL LINK rx peer=3 type=40 cid=1164670512 current=0 status=5 seq=4
[2026-09-26T12:15:03.450Z] I (1881848) RouteLoom: HIL PROBE tx peer=3 type=41 status=0 detail=ok
[2026-09-26T12:15:03.456Z] I (1881854) RouteLoom: HIL LINK rx peer=3 type=32 cid=1164670512 current=0 status=5 seq=6
[2026-09-26T12:15:04.779Z] I (1883177) RouteLoom: HIL LINK rx peer=1 type=40 cid=3323990907 current=0 status=5 seq=196
[2026-09-26T12:15:04.782Z] I (1883181) RouteLoom: HIL PROBE tx peer=1 type=41 status=0 detail=ok
[2026-09-26T12:15:05.928Z] I (1884327) RouteLoom: HIL LINK tx peer=1 type=32 cid=3033459679 seq=791
[2026-09-26T12:15:06.230Z] I (1884628) RouteLoom: HIL LINK rx peer=1 type=32 cid=3323990907 current=0 status=5 seq=397
[2026-09-26T12:15:08.428Z] I (1886827) RouteLoom: HIL LINK tx peer=3 type=32 cid=300975475 seq=792
[2026-09-26T12:15:08.454Z] I (1886853) RouteLoom: HIL LINK rx peer=3 type=32 cid=1164670512 current=0 status=5 seq=7
[2026-09-26T12:15:09.517Z] I (1887915) RouteLoom: HIL LINK rx peer=1 type=16 cid=3323990907 current=0 status=5 seq=100
[2026-09-26T12:15:09.522Z] I (1887921) RouteLoom: HIL LINK tx peer=1 type=17 cid=3033459679 seq=100
[2026-09-26T12:15:09.533Z] I (1887932) RouteLoom: HIL LINK tx peer=3 type=16 cid=300975475 seq=100
[2026-09-26T12:15:09.561Z] I (1887959) RouteLoom: HIL LINK rx peer=3 type=3 cid=1164670512 current=0 status=5 seq=1
[2026-09-26T12:15:09.566Z] I (1887965) RouteLoom: HIL LINK tx peer=3 type=17 cid=300975475 seq=1
[2026-09-26T12:15:09.577Z] I (1887976) RouteLoom: HIL LINK tx peer=1 type=3 cid=3033459679 seq=1
[2026-09-26T12:15:09.602Z] I (1888001) RouteLoom: HIL LINK rx peer=1 type=17 cid=3323990907 current=0 status=5 seq=1
[2026-09-26T12:15:09.615Z] I (1888014) RouteLoom: HIL LINK rx peer=1 type=3 cid=3323990907 current=0 status=5 seq=101
[2026-09-26T12:15:09.621Z] I (1888019) RouteLoom: HIL LINK tx peer=1 type=17 cid=3033459679 seq=101
[2026-09-26T12:15:09.629Z] I (1888027) RouteLoom: HIL LINK rx peer=1 type=3 cid=3323990907 current=0 status=5 seq=102
[2026-09-26T12:15:09.640Z] I (1888038) RouteLoom: HIL LINK tx peer=1 type=17 cid=3033459679 seq=102
[2026-09-26T12:15:09.653Z] I (1888052) RouteLoom: HIL LINK tx peer=3 type=16 cid=300975475 seq=100
[2026-09-26T12:15:09.664Z] I (1888063) RouteLoom: HIL LINK tx peer=3 type=3 cid=300975475 seq=101
[2026-09-26T12:15:09.685Z] I (1888084) RouteLoom: HIL LINK rx peer=3 type=17 cid=1164670512 current=0 status=5 seq=101
[2026-09-26T12:15:09.690Z] I (1888089) RouteLoom: HIL LINK tx peer=3 type=3 cid=300975475 seq=102
[2026-09-26T12:15:09.698Z] I (1888096) RouteLoom: HIL LINK rx peer=3 type=3 cid=1164670512 current=0 status=5 seq=2
[2026-09-26T12:15:09.711Z] I (1888110) RouteLoom: HIL LINK tx peer=3 type=17 cid=300975475 seq=2
[2026-09-26T12:15:09.717Z] I (1888116) RouteLoom: HIL LINK rx peer=3 type=17 cid=1164670512 current=0 status=5 seq=102
[2026-09-26T12:15:09.729Z] I (1888128) RouteLoom: HIL LINK tx peer=1 type=3 cid=3033459679 seq=2
[2026-09-26T12:15:09.740Z] I (1888139) RouteLoom: HIL LINK tx peer=1 type=48 cid=3033459679 seq=793
[2026-09-26T12:15:09.756Z] I (1888154) RouteLoom: HIL LINK rx peer=3 type=3 cid=1164670512 current=0 status=5 seq=2
[2026-09-26T12:15:09.761Z] I (1888160) RouteLoom: HIL LINK tx peer=3 type=17 cid=300975475 seq=2
[2026-09-26T12:15:09.767Z] I (1888162) RouteLoom: HIL LINK rx peer=1 type=17 cid=3323990907 current=0 status=5 seq=2
[2026-09-26T12:15:10.191Z] I (1888590) RouteLoom: HIL LINK rx peer=3 type=3 cid=1164670512 current=0 status=5 seq=3
[2026-09-26T12:15:10.197Z] I (1888596) RouteLoom: HIL LINK tx peer=3 type=17 cid=300975475 seq=3
[2026-09-26T12:15:10.208Z] I (1888607) RouteLoom: HIL LINK tx peer=1 type=3 cid=3033459679 seq=3
[2026-09-26T12:15:10.228Z] I (1888627) RouteLoom: HIL LINK rx peer=1 type=17 cid=3323990907 current=0 status=5 seq=3
[2026-09-26T12:15:10.692Z] I (1889091) RouteLoom: HIL LINK rx peer=3 type=3 cid=1164670512 current=0 status=5 seq=4
[2026-09-26T12:15:10.698Z] I (1889097) RouteLoom: HIL LINK tx peer=3 type=17 cid=300975475 seq=4
[2026-09-26T12:15:10.709Z] I (1889108) RouteLoom: HIL LINK tx peer=1 type=3 cid=3033459679 seq=4
[2026-09-26T12:15:10.728Z] I (1889126) RouteLoom: HIL LINK rx peer=1 type=17 cid=3323990907 current=0 status=5 seq=4
[2026-09-26T12:15:10.741Z] I (1889140) RouteLoom: HIL LINK rx peer=1 type=16 cid=3323990907 current=0 status=5 seq=100
[2026-09-26T12:15:10.747Z] I (1889145) RouteLoom: HIL LINK tx peer=1 type=17 cid=3033459679 seq=100
[2026-09-26T12:15:10.758Z] I (1889157) RouteLoom: HIL LINK tx peer=3 type=16 cid=300975475 seq=100
[2026-09-26T12:15:10.774Z] I (1889172) RouteLoom: HIL LINK rx peer=3 type=32 cid=1164670512 current=0 status=5 seq=8
[2026-09-26T12:15:10.784Z] I (1889182) RouteLoom: HIL LINK rx peer=3 type=17 cid=1164670512 current=0 status=5 seq=100
[2026-09-26T12:15:10.797Z] I (1889195) RouteLoom: HIL LINK rx peer=3 type=18 cid=1164670512 current=0 status=5 seq=100
[2026-09-26T12:15:10.804Z] I (1889201) RouteLoom: HIL LINK tx peer=3 type=17 cid=300975475 seq=100
[2026-09-26T12:15:10.813Z] I (1889212) RouteLoom: HIL LINK tx peer=1 type=18 cid=3033459679 seq=100
[2026-09-26T12:15:10.836Z] I (1889234) RouteLoom: HIL LINK rx peer=1 type=17 cid=3323990907 current=0 status=5 seq=100
[2026-09-26T12:15:10.928Z] I (1889327) RouteLoom: HIL LINK tx peer=1 type=32 cid=3033459679 seq=794
[2026-09-26T12:15:11.192Z] I (1889591) RouteLoom: HIL LINK rx peer=3 type=3 cid=1164670512 current=0 status=5 seq=5
[2026-09-26T12:15:11.198Z] I (1889597) RouteLoom: HIL LINK tx peer=3 type=17 cid=300975475 seq=5
[2026-09-26T12:15:11.209Z] I (1889608) RouteLoom: HIL LINK tx peer=1 type=3 cid=3033459679 seq=5
[2026-09-26T12:15:11.229Z] I (1889627) RouteLoom: HIL LINK rx peer=1 type=17 cid=3323990907 current=0 status=5 seq=5
[2026-09-26T12:15:11.242Z] I (1889640) RouteLoom: HIL LINK rx peer=1 type=32 cid=3323990907 current=0 status=5 seq=398
[2026-09-26T12:15:11.780Z] I (1890178) RouteLoom: HIL LINK rx peer=3 type=32 cid=1164670512 current=0 status=5 seq=9
[2026-09-26T12:15:13.429Z] I (1891828) RouteLoom: HIL LINK tx peer=3 type=32 cid=300975475 seq=795
[2026-09-26T12:15:13.448Z] I (1891847) RouteLoom: HIL PROBE tx peer=3 type=40 status=0 detail=ok
[2026-09-26T12:15:13.464Z] I (1891862) RouteLoom: HIL LINK rx peer=3 type=32 cid=1164670512 current=0 status=5 seq=10
[2026-09-26T12:15:14.782Z] I (1893181) RouteLoom: HIL PROBE tx peer=1 type=40 status=0 detail=ok
[2026-09-26T12:15:14.801Z] I (1893199) RouteLoom: HIL LINK rx peer=1 type=41 cid=3323990907 current=0 status=5 seq=197
[2026-09-26T12:15:15.450Z] I (1893849) RouteLoom: HIL PROBE tx peer=3 type=40 status=0 detail=ok
[2026-09-26T12:15:15.469Z] I (1893867) RouteLoom: HIL LINK rx peer=3 type=41 cid=1164670512 current=0 status=5 seq=6
[2026-09-26T12:15:15.930Z] I (1894329) RouteLoom: HIL LINK tx peer=1 type=32 cid=3033459679 seq=796
[2026-09-26T12:15:16.236Z] I (1894635) RouteLoom: HIL LINK rx peer=1 type=32 cid=3323990907 current=0 status=5 seq=399
[2026-09-26T12:15:18.431Z] I (1896830) RouteLoom: HIL LINK tx peer=3 type=32 cid=300975475 seq=797
[2026-09-26T12:15:18.457Z] I (1896856) RouteLoom: HIL LINK rx peer=3 type=32 cid=1164670512 current=0 status=5 seq=11
[2026-09-26T12:15:20.931Z] I (1899330) RouteLoom: HIL LINK tx peer=1 type=32 cid=3033459679 seq=798
[2026-09-26T12:15:21.239Z] I (1899637) RouteLoom: HIL LINK rx peer=1 type=32 cid=3323990907 current=0 status=5 seq=400
[2026-09-26T12:15:23.431Z] I (1901830) RouteLoom: HIL LINK tx peer=3 type=32 cid=300975475 seq=799
[2026-09-26T12:15:23.458Z] I (1901857) RouteLoom: HIL LINK rx peer=3 type=32 cid=1164670512 current=0 status=5 seq=12
[2026-09-26T12:15:24.798Z] I (1903196) RouteLoom: HIL LINK rx peer=1 type=40 cid=3323990907 current=0 status=5 seq=198
[2026-09-26T12:15:24.802Z] I (1903200) RouteLoom: HIL PROBE tx peer=1 type=41 status=0 detail=ok
[2026-09-26T12:15:25.466Z] I (1903864) RouteLoom: HIL LINK rx peer=3 type=40 cid=1164670512 current=0 status=5 seq=7
[2026-09-26T12:15:25.470Z] I (1903868) RouteLoom: HIL PROBE tx peer=3 type=41 status=0 detail=ok
[2026-09-26T12:15:25.931Z] I (1904330) RouteLoom: HIL LINK tx peer=1 type=32 cid=3033459679 seq=800
[2026-09-26T12:15:26.241Z] I (1904639) RouteLoom: HIL LINK rx peer=1 type=32 cid=3323990907 current=0 status=5 seq=401
[2026-09-26T12:15:28.433Z] I (1906831) RouteLoom: HIL LINK tx peer=3 type=32 cid=300975475 seq=801
[2026-09-26T12:15:28.458Z] I (1906857) RouteLoom: HIL LINK rx peer=3 type=32 cid=1164670512 current=0 status=5 seq=13
[2026-09-26T12:15:30.932Z] I (1909331) RouteLoom: HIL LINK tx peer=1 type=32 cid=3033459679 seq=802
[2026-09-26T12:15:31.241Z] I (1909639) RouteLoom: HIL LINK rx peer=1 type=32 cid=3323990907 current=0 status=5 seq=402
[2026-09-26T12:15:33.432Z] I (1911831) RouteLoom: HIL LINK tx peer=3 type=32 cid=300975475 seq=803
[2026-09-26T12:15:33.459Z] I (1911858) RouteLoom: HIL LINK rx peer=3 type=32 cid=1164670512 current=0 status=5 seq=14
[2026-09-26T12:15:34.801Z] I (1913200) RouteLoom: HIL PROBE tx peer=1 type=40 status=0 detail=ok
[2026-09-26T12:15:34.820Z] I (1913218) RouteLoom: HIL LINK rx peer=1 type=41 cid=3323990907 current=0 status=5 seq=199
[2026-09-26T12:15:35.469Z] I (1913868) RouteLoom: HIL PROBE tx peer=3 type=40 status=0 detail=ok
[2026-09-26T12:15:35.487Z] I (1913885) RouteLoom: HIL LINK rx peer=3 type=41 cid=1164670512 current=0 status=5 seq=8
[2026-09-26T12:15:35.932Z] I (1914331) RouteLoom: HIL LINK tx peer=1 type=32 cid=3033459679 seq=804
[2026-09-26T12:15:36.242Z] I (1914640) RouteLoom: HIL LINK rx peer=1 type=32 cid=3323990907 current=0 status=5 seq=403
[2026-09-26T12:15:38.433Z] I (1916832) RouteLoom: HIL LINK tx peer=3 type=32 cid=300975475 seq=805
[2026-09-26T12:15:38.460Z] I (1916859) RouteLoom: HIL LINK rx peer=3 type=32 cid=1164670512 current=0 status=5 seq=15
[2026-09-26T12:15:39.517Z] I (1917915) RouteLoom: HIL LINK rx peer=1 type=16 cid=3323990907 current=0 status=5 seq=103
[2026-09-26T12:15:39.523Z] I (1917921) RouteLoom: HIL LINK tx peer=1 type=17 cid=3033459679 seq=103
[2026-09-26T12:15:39.534Z] I (1917932) RouteLoom: HIL LINK tx peer=3 type=16 cid=300975475 seq=103
[2026-09-26T12:15:39.555Z] I (1917953) RouteLoom: HIL LINK rx peer=3 type=17 cid=1164670512 current=0 status=5 seq=103
[2026-09-26T12:15:39.566Z] I (1917964) RouteLoom: HIL LINK rx peer=3 type=18 cid=1164670512 current=0 status=5 seq=103
[2026-09-26T12:15:39.572Z] I (1917970) RouteLoom: HIL LINK tx peer=3 type=17 cid=300975475 seq=103
[2026-09-26T12:15:39.582Z] I (1917981) RouteLoom: HIL LINK tx peer=1 type=18 cid=3033459679 seq=103
[2026-09-26T12:15:39.603Z] I (1918001) RouteLoom: HIL LINK rx peer=1 type=17 cid=3323990907 current=0 status=5 seq=103
[2026-09-26T12:15:40.934Z] I (1919333) RouteLoom: HIL LINK tx peer=1 type=32 cid=3033459679 seq=806
[2026-09-26T12:15:41.244Z] I (1919642) RouteLoom: HIL LINK rx peer=1 type=32 cid=3323990907 current=0 status=5 seq=404
[2026-09-26T12:15:42.050Z] I (1920448) RouteLoom: stack hwm main 11092 B
[2026-09-26T12:15:42.050Z] I (1920448) RouteLoom: HIL HEAP free=21720 largest=18432 min=20912 B
[2026-09-26T12:15:42.060Z] I (1920449) RouteLoom: HIL DISCOVERY candidates=0 neighbors=2 capacity=0 auth=12 stale=1 probes=222 send_failures=40 kind_rejects=7
[2026-09-26T12:15:42.068Z] I (1920459) RouteLoom: HIL ROUTE peer=1 phase=5 via=1 metric=1 generation=278 seq=1
[2026-09-26T12:15:42.075Z] I (1920466) RouteLoom: HIL ROUTE peer=3 phase=5 via=3 metric=1 generation=98 seq=1
[2026-09-26T12:15:43.435Z] I (1921833) RouteLoom: HIL LINK tx peer=3 type=32 cid=300975475 seq=807
[2026-09-26T12:15:43.461Z] I (1921859) RouteLoom: HIL LINK rx peer=3 type=32 cid=1164670512 current=0 status=5 seq=16
[2026-09-26T12:15:44.818Z] I (1923216) RouteLoom: HIL LINK rx peer=1 type=40 cid=3323990907 current=0 status=5 seq=200
[2026-09-26T12:15:44.822Z] I (1923220) RouteLoom: HIL PROBE tx peer=1 type=41 status=0 detail=ok
[2026-09-26T12:15:45.486Z] I (1923884) RouteLoom: HIL LINK rx peer=3 type=40 cid=1164670512 current=0 status=5 seq=9
[2026-09-26T12:15:45.490Z] I (1923888) RouteLoom: HIL PROBE tx peer=3 type=41 status=0 detail=ok
[2026-09-26T12:15:45.937Z] I (1924335) RouteLoom: HIL LINK tx peer=1 type=32 cid=3033459679 seq=808
[2026-09-26T12:15:46.246Z] I (1924644) RouteLoom: HIL LINK rx peer=1 type=32 cid=3323990907 current=0 status=5 seq=405
[2026-09-26T12:15:48.438Z] I (1926836) RouteLoom: HIL LINK tx peer=3 type=32 cid=300975475 seq=809
[2026-09-26T12:15:48.462Z] I (1926860) RouteLoom: HIL LINK rx peer=3 type=32 cid=1164670512 current=0 status=5 seq=17
[2026-09-26T12:15:50.939Z] I (1929337) RouteLoom: HIL LINK tx peer=1 type=32 cid=3033459679 seq=810
[2026-09-26T12:15:51.247Z] I (1929645) RouteLoom: HIL LINK rx peer=1 type=32 cid=3323990907 current=0 status=5 seq=406
[2026-09-26T12:15:53.439Z] I (1931837) RouteLoom: HIL LINK tx peer=3 type=32 cid=300975475 seq=811
[2026-09-26T12:15:53.463Z] I (1931860) RouteLoom: HIL LINK rx peer=3 type=32 cid=1164670512 current=0 status=5 seq=18
[2026-09-26T12:15:54.820Z] I (1933218) RouteLoom: HIL PROBE tx peer=1 type=40 status=0 detail=ok
[2026-09-26T12:15:54.837Z] I (1933235) RouteLoom: HIL LINK rx peer=1 type=41 cid=3323990907 current=0 status=5 seq=201
[2026-09-26T12:15:55.489Z] I (1933887) RouteLoom: HIL PROBE tx peer=3 type=40 status=0 detail=ok
[2026-09-26T12:15:55.508Z] I (1933905) RouteLoom: HIL LINK rx peer=3 type=41 cid=1164670512 current=0 status=5 seq=10
[2026-09-26T12:15:55.939Z] I (1934337) RouteLoom: HIL LINK tx peer=1 type=32 cid=3033459679 seq=812
[2026-09-26T12:15:56.250Z] I (1934647) RouteLoom: HIL LINK rx peer=1 type=32 cid=3323990907 current=0 status=5 seq=407
[2026-09-26T12:15:58.439Z] I (1936837) RouteLoom: HIL LINK tx peer=3 type=32 cid=300975475 seq=813
[2026-09-26T12:15:58.463Z] I (1936860) RouteLoom: HIL LINK rx peer=3 type=32 cid=1164670512 current=0 status=5 seq=19
[2026-09-26T12:16:00.940Z] I (1939338) RouteLoom: HIL LINK tx peer=1 type=32 cid=3033459679 seq=814
[2026-09-26T12:16:01.248Z] I (1939646) RouteLoom: HIL LINK rx peer=1 type=32 cid=3323990907 current=0 status=5 seq=408
[2026-09-26T12:16:03.440Z] I (1941838) RouteLoom: HIL LINK tx peer=3 type=32 cid=300975475 seq=815
[2026-09-26T12:16:03.464Z] I (1941861) RouteLoom: HIL LINK rx peer=3 type=32 cid=1164670512 current=0 status=5 seq=20
[2026-09-26T12:16:04.837Z] I (1943235) RouteLoom: HIL LINK rx peer=1 type=40 cid=3323990907 current=0 status=5 seq=202
[2026-09-26T12:16:04.841Z] I (1943239) RouteLoom: HIL PROBE tx peer=1 type=41 status=0 detail=ok
[2026-09-26T12:16:05.504Z] I (1943902) RouteLoom: HIL LINK rx peer=3 type=40 cid=1164670512 current=0 status=5 seq=11
[2026-09-26T12:16:05.508Z] I (1943906) RouteLoom: HIL PROBE tx peer=3 type=41 status=0 detail=ok
[2026-09-26T12:16:05.942Z] I (1944340) RouteLoom: HIL LINK tx peer=1 type=32 cid=3033459679 seq=816
[2026-09-26T12:16:06.248Z] I (1944646) RouteLoom: HIL LINK rx peer=1 type=32 cid=3323990907 current=0 status=5 seq=409
[2026-09-26T12:16:08.443Z] I (1946841) RouteLoom: HIL LINK tx peer=3 type=32 cid=300975475 seq=817
[2026-09-26T12:16:08.466Z] I (1946863) RouteLoom: HIL LINK rx peer=3 type=32 cid=1164670512 current=0 status=5 seq=21
[2026-09-26T12:16:09.520Z] I (1947917) RouteLoom: HIL LINK rx peer=1 type=16 cid=3323990907 current=0 status=5 seq=104
[2026-09-26T12:16:09.525Z] I (1947923) RouteLoom: HIL LINK tx peer=1 type=17 cid=3033459679 seq=104
[2026-09-26T12:16:09.536Z] I (1947934) RouteLoom: HIL LINK tx peer=3 type=16 cid=300975475 seq=104
[2026-09-26T12:16:09.556Z] I (1947953) RouteLoom: HIL LINK rx peer=3 type=17 cid=1164670512 current=0 status=5 seq=104
[2026-09-26T12:16:09.569Z] I (1947966) RouteLoom: HIL LINK rx peer=3 type=18 cid=1164670512 current=0 status=5 seq=104
[2026-09-26T12:16:09.574Z] I (1947972) RouteLoom: HIL LINK tx peer=3 type=17 cid=300975475 seq=104
[2026-09-26T12:16:09.585Z] I (1947983) RouteLoom: HIL LINK tx peer=1 type=18 cid=3033459679 seq=104
[2026-09-26T12:16:09.608Z] I (1948005) RouteLoom: HIL LINK rx peer=1 type=17 cid=3323990907 current=0 status=5 seq=104
[2026-09-26T12:16:10.945Z] I (1949343) RouteLoom: HIL LINK tx peer=1 type=32 cid=3033459679 seq=818
[2026-09-26T12:16:11.249Z] I (1949647) RouteLoom: HIL LINK rx peer=1 type=32 cid=3323990907 current=0 status=5 seq=410
[2026-09-26T12:16:13.447Z] I (1951845) RouteLoom: HIL LINK tx peer=3 type=32 cid=300975475 seq=819
[2026-09-26T12:16:13.470Z] I (1951867) RouteLoom: HIL LINK rx peer=3 type=32 cid=1164670512 current=0 status=5 seq=22
[2026-09-26T12:16:14.839Z] I (1953237) RouteLoom: HIL PROBE tx peer=1 type=40 status=0 detail=ok
[2026-09-26T12:16:14.856Z] I (1953254) RouteLoom: HIL LINK rx peer=1 type=41 cid=3323990907 current=0 status=5 seq=203
[2026-09-26T12:16:15.508Z] I (1953906) RouteLoom: HIL PROBE tx peer=3 type=40 status=0 detail=ok
[2026-09-26T12:16:15.524Z] I (1953921) RouteLoom: HIL LINK rx peer=3 type=40 cid=1164670512 current=0 status=5 seq=12
[2026-09-26T12:16:15.528Z] I (1953925) RouteLoom: HIL PROBE tx peer=3 type=41 status=0 detail=ok
[2026-09-26T12:16:15.947Z] I (1954345) RouteLoom: HIL LINK tx peer=1 type=32 cid=3033459679 seq=820
[2026-09-26T12:16:16.250Z] I (1954648) RouteLoom: HIL LINK rx peer=1 type=32 cid=3323990907 current=0 status=5 seq=411
[2026-09-26T12:16:18.448Z] I (1956846) RouteLoom: HIL LINK tx peer=3 type=32 cid=300975475 seq=821
[2026-09-26T12:16:18.471Z] I (1956868) RouteLoom: HIL LINK rx peer=3 type=32 cid=1164670512 current=0 status=5 seq=23
[2026-09-26T12:16:20.948Z] I (1959346) RouteLoom: HIL LINK tx peer=1 type=32 cid=3033459679 seq=822
[2026-09-26T12:16:21.250Z] I (1959648) RouteLoom: HIL LINK rx peer=1 type=32 cid=3323990907 current=0 status=5 seq=412
[2026-09-26T12:16:23.448Z] I (1961846) RouteLoom: HIL LINK tx peer=3 type=32 cid=300975475 seq=823
[2026-09-26T12:16:23.472Z] I (1961869) RouteLoom: HIL LINK rx peer=3 type=32 cid=1164670512 current=0 status=5 seq=24
[2026-09-26T12:16:24.857Z] I (1963254) RouteLoom: HIL LINK rx peer=1 type=40 cid=3323990907 current=0 status=5 seq=204
[2026-09-26T12:16:24.861Z] I (1963258) RouteLoom: HIL PROBE tx peer=1 type=41 status=0 detail=ok
[2026-09-26T12:16:25.525Z] I (1963923) RouteLoom: HIL PROBE tx peer=3 type=40 status=0 detail=ok
[2026-09-26T12:16:25.544Z] I (1963941) RouteLoom: HIL LINK rx peer=3 type=41 cid=1164670512 current=0 status=5 seq=14
[2026-09-26T12:16:25.948Z] I (1964346) RouteLoom: HIL LINK tx peer=1 type=32 cid=3033459679 seq=824
[2026-09-26T12:16:26.250Z] I (1964648) RouteLoom: HIL LINK rx peer=1 type=32 cid=3323990907 current=0 status=5 seq=413
[2026-09-26T12:16:28.448Z] I (1966846) RouteLoom: HIL LINK tx peer=3 type=32 cid=300975475 seq=825
[2026-09-26T12:16:28.473Z] I (1966870) RouteLoom: HIL LINK rx peer=3 type=32 cid=1164670512 current=0 status=5 seq=25
[2026-09-26T12:16:30.950Z] I (1969348) RouteLoom: HIL LINK tx peer=1 type=32 cid=3033459679 seq=826
[2026-09-26T12:16:31.257Z] I (1969654) RouteLoom: HIL LINK rx peer=1 type=32 cid=3323990907 current=0 status=5 seq=414
[2026-09-26T12:16:33.452Z] I (1971850) RouteLoom: HIL LINK tx peer=3 type=32 cid=300975475 seq=827
[2026-09-26T12:16:33.477Z] I (1971873) RouteLoom: HIL LINK rx peer=3 type=32 cid=1164670512 current=0 status=5 seq=26
[2026-09-26T12:16:34.860Z] I (1973258) RouteLoom: HIL PROBE tx peer=1 type=40 status=0 detail=ok
[2026-09-26T12:16:34.879Z] I (1973276) RouteLoom: HIL LINK rx peer=1 type=41 cid=3323990907 current=0 status=5 seq=205
[2026-09-26T12:16:35.541Z] I (1973938) RouteLoom: HIL LINK rx peer=3 type=40 cid=1164670512 current=0 status=5 seq=15
[2026-09-26T12:16:35.545Z] I (1973942) RouteLoom: HIL PROBE tx peer=3 type=41 status=0 detail=ok
[2026-09-26T12:16:35.954Z] I (1974352) RouteLoom: HIL LINK tx peer=1 type=32 cid=3033459679 seq=828
[2026-09-26T12:16:36.254Z] I (1974652) RouteLoom: HIL LINK rx peer=1 type=32 cid=3323990907 current=0 status=5 seq=415
[2026-09-26T12:16:38.455Z] I (1976853) RouteLoom: HIL LINK tx peer=3 type=32 cid=300975475 seq=829
[2026-09-26T12:16:38.496Z] I (1976875) RouteLoom: HIL LINK rx peer=3 type=32 cid=1164670512 current=0 status=5 seq=27
[2026-09-26T12:16:39.525Z] I (1977920) RouteLoom: HIL LINK rx peer=1 type=16 cid=3323990907 current=0 status=5 seq=105
[2026-09-26T12:16:39.528Z] I (1977926) RouteLoom: HIL LINK tx peer=1 type=17 cid=3033459679 seq=105
[2026-09-26T12:16:39.539Z] I (1977937) RouteLoom: HIL LINK tx peer=3 type=16 cid=300975475 seq=105
[2026-09-26T12:16:39.559Z] I (1977956) RouteLoom: HIL LINK rx peer=3 type=17 cid=1164670512 current=0 status=5 seq=105
[2026-09-26T12:16:39.572Z] I (1977969) RouteLoom: HIL LINK rx peer=3 type=18 cid=1164670512 current=0 status=5 seq=105
[2026-09-26T12:16:39.578Z] I (1977975) RouteLoom: HIL LINK tx peer=3 type=17 cid=300975475 seq=105
[2026-09-26T12:16:39.589Z] I (1977986) RouteLoom: HIL LINK tx peer=1 type=18 cid=3033459679 seq=105
[2026-09-26T12:16:39.611Z] I (1978008) RouteLoom: HIL LINK rx peer=1 type=17 cid=3323990907 current=0 status=5 seq=105
[2026-09-26T12:16:40.957Z] I (1979355) RouteLoom: HIL LINK tx peer=1 type=32 cid=3033459679 seq=830
[2026-09-26T12:16:41.257Z] I (1979654) RouteLoom: HIL LINK rx peer=1 type=32 cid=3323990907 current=0 status=5 seq=416
[2026-09-26T12:16:42.051Z] I (1980448) RouteLoom: stack hwm main 11092 B
[2026-09-26T12:16:42.051Z] I (1980448) RouteLoom: HIL HEAP free=21720 largest=18432 min=20912 B
[2026-09-26T12:16:42.063Z] I (1980449) RouteLoom: HIL DISCOVERY candidates=0 neighbors=2 capacity=0 auth=12 stale=1 probes=228 send_failures=40 kind_rejects=7
[2026-09-26T12:16:42.069Z] I (1980459) RouteLoom: HIL ROUTE peer=1 phase=5 via=1 metric=1 generation=278 seq=1
[2026-09-26T12:16:42.076Z] I (1980466) RouteLoom: HIL ROUTE peer=3 phase=5 via=3 metric=1 generation=98 seq=1
[2026-09-26T12:16:43.459Z] I (1981857) RouteLoom: HIL LINK tx peer=3 type=32 cid=300975475 seq=831
[2026-09-26T12:16:43.482Z] I (1981879) RouteLoom: HIL LINK rx peer=3 type=32 cid=1164670512 current=0 status=5 seq=28
[2026-09-26T12:16:44.877Z] I (1983274) RouteLoom: HIL LINK rx peer=1 type=40 cid=3323990907 current=0 status=5 seq=206
[2026-09-26T12:16:44.881Z] I (1983278) RouteLoom: HIL PROBE tx peer=1 type=41 status=0 detail=ok
[2026-09-26T12:16:45.543Z] I (1983940) RouteLoom: HIL PROBE tx peer=3 type=40 status=0 detail=ok
[2026-09-26T12:16:45.560Z] I (1983957) RouteLoom: HIL LINK rx peer=3 type=41 cid=1164670512 current=0 status=5 seq=16
[2026-09-26T12:16:45.961Z] I (1984358) RouteLoom: HIL LINK tx peer=1 type=32 cid=3033459679 seq=832
[2026-09-26T12:16:46.258Z] I (1984655) RouteLoom: HIL LINK rx peer=1 type=32 cid=3323990907 current=0 status=5 seq=417
[2026-09-26T12:16:48.461Z] I (1986859) RouteLoom: HIL LINK tx peer=3 type=32 cid=300975475 seq=833
[2026-09-26T12:16:48.485Z] I (1986882) RouteLoom: HIL LINK rx peer=3 type=32 cid=1164670512 current=0 status=5 seq=29
[2026-09-26T12:16:50.962Z] I (1989360) RouteLoom: HIL LINK tx peer=1 type=32 cid=3033459679 seq=834
[2026-09-26T12:16:51.259Z] I (1989656) RouteLoom: HIL LINK rx peer=1 type=32 cid=3323990907 current=0 status=5 seq=418
[2026-09-26T12:16:53.462Z] I (1991860) RouteLoom: HIL LINK tx peer=3 type=32 cid=300975475 seq=835
[2026-09-26T12:16:53.486Z] I (1991883) RouteLoom: HIL LINK rx peer=3 type=32 cid=1164670512 current=0 status=5 seq=30
[2026-09-26T12:16:54.880Z] I (1993277) RouteLoom: HIL PROBE tx peer=1 type=40 status=0 detail=ok
[2026-09-26T12:16:54.897Z] I (1993294) RouteLoom: HIL LINK rx peer=1 type=41 cid=3323990907 current=0 status=5 seq=207
[2026-09-26T12:16:55.561Z] I (1993958) RouteLoom: HIL PROBE tx peer=3 type=40 status=0 detail=ok
[2026-09-26T12:16:55.564Z] I (1993960) RouteLoom: HIL LINK rx peer=3 type=40 cid=1164670512 current=0 status=5 seq=17
[2026-09-26T12:16:55.573Z] I (1993964) RouteLoom: HIL PROBE tx peer=3 type=41 status=6 detail=autonomy TX already in flight to peer
[2026-09-26T12:16:55.581Z] I (1993976) RouteLoom: HIL LINK rx peer=3 type=41 cid=1164670512 current=0 status=5 seq=18
[2026-09-26T12:16:55.964Z] I (1994361) RouteLoom: HIL LINK tx peer=1 type=32 cid=3033459679 seq=836
[2026-09-26T12:16:56.261Z] I (1994658) RouteLoom: HIL LINK rx peer=1 type=32 cid=3323990907 current=0 status=5 seq=419
[2026-09-26T12:16:58.464Z] I (1996862) RouteLoom: HIL LINK tx peer=3 type=32 cid=300975475 seq=837
[2026-09-26T12:16:58.487Z] I (1996884) RouteLoom: HIL LINK rx peer=3 type=32 cid=1164670512 current=0 status=5 seq=31
[2026-09-26T12:17:00.965Z] I (1999362) RouteLoom: HIL LINK tx peer=1 type=32 cid=3033459679 seq=838
[2026-09-26T12:17:01.261Z] I (1999658) RouteLoom: HIL LINK rx peer=1 type=32 cid=3323990907 current=0 status=5 seq=420
[2026-09-26T12:17:03.465Z] I (2001862) RouteLoom: HIL LINK tx peer=3 type=32 cid=300975475 seq=839
[2026-09-26T12:17:03.488Z] I (2001885) RouteLoom: HIL LINK rx peer=3 type=32 cid=1164670512 current=0 status=5 seq=32
[2026-09-26T12:17:04.897Z] I (2003294) RouteLoom: HIL LINK rx peer=1 type=40 cid=3323990907 current=0 status=5 seq=208
[2026-09-26T12:17:04.901Z] I (2003298) RouteLoom: HIL PROBE tx peer=1 type=41 status=0 detail=ok
[2026-09-26T12:17:05.577Z] I (2003974) RouteLoom: HIL LINK rx peer=3 type=40 cid=1164670512 current=0 status=5 seq=19
[2026-09-26T12:17:05.581Z] I (2003978) RouteLoom: HIL PROBE tx peer=3 type=41 status=0 detail=ok
[2026-09-26T12:17:05.965Z] I (2004362) RouteLoom: HIL LINK tx peer=1 type=32 cid=3033459679 seq=840
[2026-09-26T12:17:06.261Z] I (2004658) RouteLoom: HIL LINK rx peer=1 type=32 cid=3323990907 current=0 status=5 seq=421
[2026-09-26T12:17:08.465Z] I (2006862) RouteLoom: HIL LINK tx peer=3 type=32 cid=300975475 seq=841
[2026-09-26T12:17:08.488Z] I (2006885) RouteLoom: HIL LINK rx peer=3 type=32 cid=1164670512 current=0 status=5 seq=33
[2026-09-26T12:17:09.516Z] I (2007913) RouteLoom: HIL LINK rx peer=1 type=16 cid=3323990907 current=0 status=5 seq=106
[2026-09-26T12:17:09.521Z] I (2007918) RouteLoom: HIL LINK tx peer=1 type=17 cid=3033459679 seq=106
[2026-09-26T12:17:09.532Z] I (2007929) RouteLoom: HIL LINK tx peer=3 type=16 cid=300975475 seq=106
[2026-09-26T12:17:09.552Z] I (2007949) RouteLoom: HIL LINK rx peer=3 type=17 cid=1164670512 current=0 status=5 seq=106
[2026-09-26T12:17:09.565Z] I (2007961) RouteLoom: HIL LINK rx peer=3 type=18 cid=1164670512 current=0 status=5 seq=106
[2026-09-26T12:17:09.570Z] I (2007967) RouteLoom: HIL LINK tx peer=3 type=17 cid=300975475 seq=106
[2026-09-26T12:17:09.581Z] I (2007978) RouteLoom: HIL LINK tx peer=1 type=18 cid=3033459679 seq=106
[2026-09-26T12:17:09.604Z] I (2008000) RouteLoom: HIL LINK rx peer=1 type=17 cid=3323990907 current=0 status=5 seq=106
[2026-09-26T12:17:10.965Z] I (2009362) RouteLoom: HIL LINK tx peer=1 type=32 cid=3033459679 seq=842
[2026-09-26T12:17:11.261Z] I (2009658) RouteLoom: HIL LINK rx peer=1 type=32 cid=3323990907 current=0 status=5 seq=422
[2026-09-26T12:17:13.465Z] I (2011862) RouteLoom: HIL LINK tx peer=3 type=32 cid=300975475 seq=843
[2026-09-26T12:17:13.491Z] I (2011887) RouteLoom: HIL LINK rx peer=3 type=32 cid=1164670512 current=0 status=5 seq=34
[2026-09-26T12:17:14.899Z] I (2013296) RouteLoom: HIL PROBE tx peer=1 type=40 status=0 detail=ok
[2026-09-26T12:17:14.916Z] I (2013313) RouteLoom: HIL LINK rx peer=1 type=41 cid=3323990907 current=0 status=5 seq=209
[2026-09-26T12:17:15.580Z] I (2013977) RouteLoom: HIL PROBE tx peer=3 type=40 status=0 detail=ok
[2026-09-26T12:17:15.597Z] I (2013994) RouteLoom: HIL LINK rx peer=3 type=41 cid=1164670512 current=0 status=5 seq=20
[2026-09-26T12:17:15.965Z] I (2014362) RouteLoom: HIL LINK tx peer=1 type=32 cid=3033459679 seq=844
[2026-09-26T12:17:16.262Z] I (2014659) RouteLoom: HIL LINK rx peer=1 type=32 cid=3323990907 current=0 status=5 seq=423
[2026-09-26T12:17:18.466Z] I (2016863) RouteLoom: HIL LINK tx peer=3 type=32 cid=300975475 seq=845
[2026-09-26T12:17:18.492Z] I (2016888) RouteLoom: HIL LINK rx peer=3 type=32 cid=1164670512 current=0 status=5 seq=35
[2026-09-26T12:17:20.966Z] I (2019363) RouteLoom: HIL LINK tx peer=1 type=32 cid=3033459679 seq=846
[2026-09-26T12:17:21.262Z] I (2019659) RouteLoom: HIL LINK rx peer=1 type=32 cid=3323990907 current=0 status=5 seq=424
[2026-09-26T12:17:23.466Z] I (2021863) RouteLoom: HIL LINK tx peer=3 type=32 cid=300975475 seq=847
[2026-09-26T12:17:23.496Z] I (2021890) RouteLoom: HIL LINK rx peer=3 type=32 cid=1164670512 current=0 status=5 seq=36
[2026-09-26T12:17:24.917Z] I (2023313) RouteLoom: HIL LINK rx peer=1 type=40 cid=3323990907 current=0 status=5 seq=210
[2026-09-26T12:17:24.920Z] I (2023317) RouteLoom: HIL PROBE tx peer=1 type=41 status=0 detail=ok
[2026-09-26T12:17:25.595Z] I (2023991) RouteLoom: HIL LINK rx peer=3 type=40 cid=1164670512 current=0 status=5 seq=21
[2026-09-26T12:17:25.599Z] I (2023995) RouteLoom: HIL PROBE tx peer=3 type=41 status=0 detail=ok
[2026-09-26T12:17:25.967Z] I (2024364) RouteLoom: HIL LINK tx peer=1 type=32 cid=3033459679 seq=848
[2026-09-26T12:17:26.264Z] I (2024661) RouteLoom: HIL LINK rx peer=1 type=32 cid=3323990907 current=0 status=5 seq=425
[2026-09-26T12:17:28.468Z] I (2026865) RouteLoom: HIL LINK tx peer=3 type=32 cid=300975475 seq=849
[2026-09-26T12:17:28.494Z] I (2026890) RouteLoom: HIL LINK rx peer=3 type=32 cid=1164670512 current=0 status=5 seq=37
[2026-09-26T12:17:30.968Z] I (2029365) RouteLoom: HIL LINK tx peer=1 type=32 cid=3033459679 seq=850
[2026-09-26T12:17:31.264Z] I (2029661) RouteLoom: HIL LINK rx peer=1 type=32 cid=3323990907 current=0 status=5 seq=426
[2026-09-26T12:17:33.468Z] I (2031865) RouteLoom: HIL LINK tx peer=3 type=32 cid=300975475 seq=851
[2026-09-26T12:17:33.495Z] I (2031891) RouteLoom: HIL LINK rx peer=3 type=32 cid=1164670512 current=0 status=5 seq=38
[2026-09-26T12:17:34.920Z] I (2033317) RouteLoom: HIL PROBE tx peer=1 type=40 status=0 detail=ok
[2026-09-26T12:17:34.939Z] I (2033335) RouteLoom: HIL LINK rx peer=1 type=41 cid=3323990907 current=0 status=5 seq=211
[2026-09-26T12:17:35.597Z] I (2033994) RouteLoom: HIL PROBE tx peer=3 type=40 status=0 detail=ok
[2026-09-26T12:17:35.614Z] I (2034011) RouteLoom: HIL LINK rx peer=3 type=41 cid=1164670512 current=0 status=5 seq=22
[2026-09-26T12:17:35.978Z] I (2034367) RouteLoom: HIL LINK tx peer=1 type=32 cid=3033459679 seq=852
[2026-09-26T12:17:36.266Z] I (2034663) RouteLoom: HIL LINK rx peer=1 type=32 cid=3323990907 current=0 status=5 seq=427
[2026-09-26T12:17:38.470Z] I (2036867) RouteLoom: HIL LINK tx peer=3 type=32 cid=300975475 seq=853
[2026-09-26T12:17:38.496Z] I (2036892) RouteLoom: HIL LINK rx peer=3 type=32 cid=1164670512 current=0 status=5 seq=39
[2026-09-26T12:17:39.518Z] I (2037914) RouteLoom: HIL LINK rx peer=1 type=16 cid=3323990907 current=0 status=5 seq=107
[2026-09-26T12:17:39.527Z] I (2037920) RouteLoom: HIL LINK tx peer=1 type=17 cid=3033459679 seq=107
[2026-09-26T12:17:39.535Z] I (2037931) RouteLoom: HIL LINK tx peer=3 type=16 cid=300975475 seq=107
[2026-09-26T12:17:39.556Z] I (2037952) RouteLoom: HIL LINK rx peer=3 type=17 cid=1164670512 current=0 status=5 seq=107
[2026-09-26T12:17:39.568Z] I (2037964) RouteLoom: HIL LINK rx peer=3 type=18 cid=1164670512 current=0 status=5 seq=107
[2026-09-26T12:17:39.574Z] I (2037970) RouteLoom: HIL LINK tx peer=3 type=17 cid=300975475 seq=107
[2026-09-26T12:17:39.585Z] I (2037981) RouteLoom: HIL LINK tx peer=1 type=18 cid=3033459679 seq=107
[2026-09-26T12:17:39.608Z] I (2038001) RouteLoom: HIL LINK rx peer=1 type=17 cid=3323990907 current=0 status=5 seq=107
[2026-09-26T12:17:40.972Z] I (2039369) RouteLoom: HIL LINK tx peer=1 type=32 cid=3033459679 seq=854
[2026-09-26T12:17:41.274Z] I (2039665) RouteLoom: HIL LINK rx peer=1 type=32 cid=3323990907 current=0 status=5 seq=428
[2026-09-26T12:17:42.054Z] I (2040450) RouteLoom: stack hwm main 11092 B
[2026-09-26T12:17:42.054Z] I (2040450) RouteLoom: HIL HEAP free=21720 largest=18432 min=20912 B
[2026-09-26T12:17:42.064Z] I (2040451) RouteLoom: HIL DISCOVERY candidates=0 neighbors=2 capacity=0 auth=12 stale=1 probes=235 send_failures=41 kind_rejects=7
[2026-09-26T12:17:42.071Z] I (2040461) RouteLoom: HIL ROUTE peer=1 phase=5 via=1 metric=1 generation=278 seq=1
[2026-09-26T12:17:42.079Z] I (2040468) RouteLoom: HIL ROUTE peer=3 phase=5 via=3 metric=1 generation=98 seq=1
[2026-09-26T12:17:43.474Z] I (2041871) RouteLoom: HIL LINK tx peer=3 type=32 cid=300975475 seq=855
[2026-09-26T12:17:43.502Z] I (2041893) RouteLoom: HIL LINK rx peer=3 type=32 cid=1164670512 current=0 status=5 seq=40
[2026-09-26T12:17:44.937Z] I (2043333) RouteLoom: HIL LINK rx peer=1 type=40 cid=3323990907 current=0 status=5 seq=212
[2026-09-26T12:17:44.940Z] I (2043337) RouteLoom: HIL PROBE tx peer=1 type=41 status=0 detail=ok
[2026-09-26T12:17:45.612Z] I (2044008) RouteLoom: HIL LINK rx peer=3 type=40 cid=1164670512 current=0 status=5 seq=23
[2026-09-26T12:17:45.616Z] I (2044012) RouteLoom: HIL PROBE tx peer=3 type=41 status=0 detail=ok
[2026-09-26T12:17:45.975Z] I (2044372) RouteLoom: HIL LINK tx peer=1 type=32 cid=3033459679 seq=856
[2026-09-26T12:17:46.270Z] I (2044666) RouteLoom: HIL LINK rx peer=1 type=32 cid=3323990907 current=0 status=5 seq=429
[2026-09-26T12:17:48.476Z] I (2046873) RouteLoom: HIL LINK tx peer=3 type=32 cid=300975475 seq=857
[2026-09-26T12:17:48.499Z] I (2046895) RouteLoom: HIL LINK rx peer=3 type=32 cid=1164670512 current=0 status=5 seq=41
[2026-09-26T12:17:50.976Z] I (2049373) RouteLoom: HIL LINK tx peer=1 type=32 cid=3033459679 seq=858
[2026-09-26T12:17:51.269Z] I (2049666) RouteLoom: HIL LINK rx peer=1 type=32 cid=3323990907 current=0 status=5 seq=430
[2026-09-26T12:17:53.476Z] I (2051873) RouteLoom: HIL LINK tx peer=3 type=32 cid=300975475 seq=859
[2026-09-26T12:17:53.499Z] I (2051895) RouteLoom: HIL LINK rx peer=3 type=32 cid=1164670512 current=0 status=5 seq=42
[2026-09-26T12:17:54.940Z] I (2053337) RouteLoom: HIL PROBE tx peer=1 type=40 status=0 detail=ok
[2026-09-26T12:17:54.958Z] I (2053354) RouteLoom: HIL LINK rx peer=1 type=41 cid=3323990907 current=0 status=5 seq=213
[2026-09-26T12:17:55.616Z] I (2054012) RouteLoom: HIL PROBE tx peer=3 type=40 status=0 detail=ok
[2026-09-26T12:17:55.633Z] I (2054029) RouteLoom: HIL LINK rx peer=3 type=41 cid=1164670512 current=0 status=5 seq=24
[2026-09-26T12:17:55.976Z] I (2054373) RouteLoom: HIL LINK tx peer=1 type=32 cid=3033459679 seq=860
[2026-09-26T12:17:56.271Z] I (2054667) RouteLoom: HIL LINK rx peer=1 type=32 cid=3323990907 current=0 status=5 seq=431
[2026-09-26T12:17:58.477Z] I (2056874) RouteLoom: HIL LINK tx peer=3 type=32 cid=300975475 seq=861
[2026-09-26T12:17:58.500Z] I (2056896) RouteLoom: HIL LINK rx peer=3 type=32 cid=1164670512 current=0 status=5 seq=43
[2026-09-26T12:18:00.977Z] I (2059374) RouteLoom: HIL LINK tx peer=1 type=32 cid=3033459679 seq=862
[2026-09-26T12:18:01.271Z] I (2059667) RouteLoom: HIL LINK rx peer=1 type=32 cid=3323990907 current=0 status=5 seq=432
[2026-09-26T12:18:03.478Z] I (2061874) RouteLoom: HIL LINK tx peer=3 type=32 cid=300975475 seq=863
[2026-09-26T12:18:03.501Z] I (2061897) RouteLoom: HIL LINK rx peer=3 type=32 cid=1164670512 current=0 status=5 seq=44
[2026-09-26T12:18:04.958Z] I (2063354) RouteLoom: HIL LINK rx peer=1 type=40 cid=3323990907 current=0 status=5 seq=214
[2026-09-26T12:18:04.962Z] I (2063358) RouteLoom: HIL PROBE tx peer=1 type=41 status=0 detail=ok
[2026-09-26T12:18:05.632Z] I (2064028) RouteLoom: HIL LINK rx peer=3 type=40 cid=1164670512 current=0 status=5 seq=25
[2026-09-26T12:18:05.636Z] I (2064032) RouteLoom: HIL PROBE tx peer=3 type=41 status=0 detail=ok
[2026-09-26T12:18:05.977Z] I (2064374) RouteLoom: HIL LINK tx peer=1 type=32 cid=3033459679 seq=864
[2026-09-26T12:18:06.271Z] I (2064667) RouteLoom: HIL LINK rx peer=1 type=32 cid=3323990907 current=0 status=5 seq=433
[2026-09-26T12:18:08.478Z] I (2066874) RouteLoom: HIL LINK tx peer=3 type=32 cid=300975475 seq=865
[2026-09-26T12:18:08.501Z] I (2066897) RouteLoom: HIL LINK rx peer=3 type=32 cid=1164670512 current=0 status=5 seq=45
[2026-09-26T12:18:09.519Z] I (2067915) RouteLoom: HIL LINK rx peer=1 type=16 cid=3323990907 current=0 status=5 seq=108
[2026-09-26T12:18:09.525Z] I (2067921) RouteLoom: HIL LINK tx peer=1 type=17 cid=3033459679 seq=108
[2026-09-26T12:18:09.539Z] I (2067935) RouteLoom: HIL LINK tx peer=3 type=16 cid=300975475 seq=108
[2026-09-26T12:18:09.559Z] I (2067955) RouteLoom: HIL LINK rx peer=3 type=17 cid=1164670512 current=0 status=5 seq=108
[2026-09-26T12:18:09.571Z] I (2067967) RouteLoom: HIL LINK rx peer=3 type=18 cid=1164670512 current=0 status=5 seq=108
[2026-09-26T12:18:09.577Z] I (2067973) RouteLoom: HIL LINK tx peer=3 type=17 cid=300975475 seq=108
[2026-09-26T12:18:09.588Z] I (2067984) RouteLoom: HIL LINK tx peer=1 type=18 cid=3033459679 seq=108
[2026-09-26T12:18:09.610Z] I (2068006) RouteLoom: HIL LINK rx peer=1 type=17 cid=3323990907 current=0 status=5 seq=108
[2026-09-26T12:18:10.978Z] I (2069374) RouteLoom: HIL LINK tx peer=1 type=32 cid=3033459679 seq=866
[2026-09-26T12:18:11.271Z] I (2069667) RouteLoom: HIL LINK rx peer=1 type=32 cid=3323990907 current=0 status=5 seq=434
[2026-09-26T12:18:13.478Z] I (2071874) RouteLoom: HIL LINK tx peer=3 type=32 cid=300975475 seq=867
[2026-09-26T12:18:13.504Z] I (2071899) RouteLoom: HIL LINK rx peer=3 type=32 cid=1164670512 current=0 status=5 seq=46
[2026-09-26T12:18:14.960Z] I (2073356) RouteLoom: HIL PROBE tx peer=1 type=40 status=0 detail=ok
[2026-09-26T12:18:14.977Z] I (2073373) RouteLoom: HIL LINK rx peer=1 type=41 cid=3323990907 current=0 status=5 seq=215
[2026-09-26T12:18:15.635Z] I (2074031) RouteLoom: HIL PROBE tx peer=3 type=40 status=0 detail=ok
[2026-09-26T12:18:15.652Z] I (2074048) RouteLoom: HIL LINK rx peer=3 type=41 cid=1164670512 current=0 status=5 seq=26
[2026-09-26T12:18:15.978Z] I (2074374) RouteLoom: HIL LINK tx peer=1 type=32 cid=3033459679 seq=868
[2026-09-26T12:18:16.273Z] I (2074669) RouteLoom: HIL LINK rx peer=1 type=32 cid=3323990907 current=0 status=5 seq=435
[2026-09-26T12:18:18.480Z] I (2076876) RouteLoom: HIL LINK tx peer=3 type=32 cid=300975475 seq=869
[2026-09-26T12:18:18.503Z] I (2076899) RouteLoom: HIL LINK rx peer=3 type=32 cid=1164670512 current=0 status=5 seq=47
[2026-09-26T12:18:20.980Z] I (2079376) RouteLoom: HIL LINK tx peer=1 type=32 cid=3033459679 seq=870
[2026-09-26T12:18:21.273Z] I (2079669) RouteLoom: HIL LINK rx peer=1 type=32 cid=3323990907 current=0 status=5 seq=436
[2026-09-26T12:18:23.480Z] I (2081876) RouteLoom: HIL LINK tx peer=3 type=32 cid=300975475 seq=871
[2026-09-26T12:18:23.506Z] I (2081901) RouteLoom: HIL LINK rx peer=3 type=32 cid=1164670512 current=0 status=5 seq=48
[2026-09-26T12:18:24.975Z] I (2083371) RouteLoom: HIL LINK rx peer=1 type=40 cid=3323990907 current=0 status=5 seq=216
[2026-09-26T12:18:24.980Z] I (2083375) RouteLoom: HIL PROBE tx peer=1 type=41 status=0 detail=ok
[2026-09-26T12:18:25.651Z] I (2084046) RouteLoom: HIL LINK rx peer=3 type=40 cid=1164670512 current=0 status=5 seq=27
[2026-09-26T12:18:25.657Z] I (2084050) RouteLoom: HIL PROBE tx peer=3 type=41 status=0 detail=ok
[2026-09-26T12:18:25.981Z] I (2084377) RouteLoom: HIL LINK tx peer=1 type=32 cid=3033459679 seq=872
[2026-09-26T12:18:26.275Z] I (2084671) RouteLoom: HIL LINK rx peer=1 type=32 cid=3323990907 current=0 status=5 seq=437
[2026-09-26T12:18:28.482Z] I (2086878) RouteLoom: HIL LINK tx peer=3 type=32 cid=300975475 seq=873
[2026-09-26T12:18:28.508Z] I (2086903) RouteLoom: HIL LINK rx peer=3 type=32 cid=1164670512 current=0 status=5 seq=49
[2026-09-26T12:18:30.982Z] I (2089378) RouteLoom: HIL LINK tx peer=1 type=32 cid=3033459679 seq=874
[2026-09-26T12:18:31.275Z] I (2089671) RouteLoom: HIL LINK rx peer=1 type=32 cid=3323990907 current=0 status=5 seq=438
[2026-09-26T12:18:33.482Z] I (2091878) RouteLoom: HIL LINK tx peer=3 type=32 cid=300975475 seq=875
[2026-09-26T12:18:33.508Z] I (2091904) RouteLoom: HIL LINK rx peer=3 type=32 cid=1164670512 current=0 status=5 seq=50
[2026-09-26T12:18:34.979Z] I (2093375) RouteLoom: HIL PROBE tx peer=1 type=40 status=0 detail=ok
[2026-09-26T12:18:34.996Z] I (2093392) RouteLoom: HIL LINK rx peer=1 type=41 cid=3323990907 current=0 status=5 seq=217
[2026-09-26T12:18:35.654Z] I (2094050) RouteLoom: HIL PROBE tx peer=3 type=40 status=0 detail=ok
[2026-09-26T12:18:35.673Z] I (2094068) RouteLoom: HIL LINK rx peer=3 type=41 cid=1164670512 current=0 status=5 seq=28
[2026-09-26T12:18:35.984Z] I (2094380) RouteLoom: HIL LINK tx peer=1 type=32 cid=3033459679 seq=876
[2026-09-26T12:18:36.277Z] I (2094673) RouteLoom: HIL LINK rx peer=1 type=32 cid=3323990907 current=0 status=5 seq=439
[2026-09-26T12:18:38.485Z] I (2096880) RouteLoom: HIL LINK tx peer=3 type=32 cid=300975475 seq=877
[2026-09-26T12:18:38.510Z] I (2096905) RouteLoom: HIL LINK rx peer=3 type=32 cid=1164670512 current=0 status=5 seq=51
[2026-09-26T12:18:39.520Z] I (2097915) RouteLoom: HIL LINK rx peer=1 type=16 cid=3323990907 current=0 status=5 seq=109
[2026-09-26T12:18:39.527Z] I (2097921) RouteLoom: HIL LINK tx peer=1 type=17 cid=3033459679 seq=109
[2026-09-26T12:18:39.536Z] I (2097932) RouteLoom: HIL LINK tx peer=3 type=16 cid=300975475 seq=109
[2026-09-26T12:18:39.558Z] I (2097953) RouteLoom: HIL LINK rx peer=3 type=17 cid=1164670512 current=0 status=5 seq=109
[2026-09-26T12:18:39.569Z] I (2097964) RouteLoom: HIL LINK rx peer=3 type=18 cid=1164670512 current=0 status=5 seq=109
[2026-09-26T12:18:39.575Z] I (2097970) RouteLoom: HIL LINK tx peer=3 type=17 cid=300975475 seq=109
[2026-09-26T12:18:39.586Z] I (2097981) RouteLoom: HIL LINK tx peer=1 type=18 cid=3033459679 seq=109
[2026-09-26T12:18:39.608Z] I (2098003) RouteLoom: HIL LINK rx peer=1 type=17 cid=3323990907 current=0 status=5 seq=109
[2026-09-26T12:18:40.984Z] I (2099380) RouteLoom: HIL LINK tx peer=1 type=32 cid=3033459679 seq=878
[2026-09-26T12:18:41.280Z] I (2099676) RouteLoom: HIL LINK rx peer=1 type=32 cid=3323990907 current=0 status=5 seq=440
[2026-09-26T12:18:42.057Z] I (2100452) RouteLoom: stack hwm main 11092 B
[2026-09-26T12:18:42.057Z] I (2100452) RouteLoom: HIL HEAP free=21720 largest=18432 min=20912 B
[2026-09-26T12:18:42.067Z] I (2100453) RouteLoom: HIL DISCOVERY candidates=0 neighbors=2 capacity=0 auth=12 stale=1 probes=241 send_failures=41 kind_rejects=7
[2026-09-26T12:18:42.074Z] I (2100463) RouteLoom: HIL ROUTE peer=1 phase=5 via=1 metric=1 generation=278 seq=1
[2026-09-26T12:18:42.082Z] I (2100470) RouteLoom: HIL ROUTE peer=3 phase=5 via=3 metric=1 generation=98 seq=1
[2026-09-26T12:18:43.486Z] I (2101882) RouteLoom: HIL LINK tx peer=3 type=32 cid=300975475 seq=879
[2026-09-26T12:18:43.512Z] I (2101907) RouteLoom: HIL LINK rx peer=3 type=32 cid=1164670512 current=0 status=5 seq=52
[2026-09-26T12:18:44.996Z] I (2103392) RouteLoom: HIL LINK rx peer=1 type=40 cid=3323990907 current=0 status=5 seq=218
[2026-09-26T12:18:45.000Z] I (2103396) RouteLoom: HIL PROBE tx peer=1 type=41 status=0 detail=ok
[2026-09-26T12:18:45.672Z] I (2104067) RouteLoom: HIL LINK rx peer=3 type=40 cid=1164670512 current=0 status=5 seq=29
[2026-09-26T12:18:45.675Z] I (2104071) RouteLoom: HIL PROBE tx peer=3 type=41 status=0 detail=ok
[2026-09-26T12:18:45.998Z] I (2104383) RouteLoom: HIL LINK tx peer=1 type=32 cid=3033459679 seq=880
[2026-09-26T12:18:46.278Z] I (2104674) RouteLoom: HIL LINK rx peer=1 type=32 cid=3323990907 current=0 status=5 seq=441
[2026-09-26T12:18:48.488Z] I (2106884) RouteLoom: HIL LINK tx peer=3 type=32 cid=300975475 seq=881
[2026-09-26T12:18:48.511Z] I (2106907) RouteLoom: HIL LINK rx peer=3 type=32 cid=1164670512 current=0 status=5 seq=53
[2026-09-26T12:18:50.988Z] I (2109384) RouteLoom: HIL LINK tx peer=1 type=32 cid=3033459679 seq=882
[2026-09-26T12:18:51.279Z] I (2109674) RouteLoom: HIL LINK rx peer=1 type=32 cid=3323990907 current=0 status=5 seq=442
[2026-09-26T12:18:53.488Z] I (2111884) RouteLoom: HIL LINK tx peer=3 type=32 cid=300975475 seq=883
[2026-09-26T12:18:53.513Z] I (2111909) RouteLoom: HIL LINK rx peer=3 type=32 cid=1164670512 current=0 status=5 seq=54
[2026-09-26T12:18:54.999Z] I (2113395) RouteLoom: HIL PROBE tx peer=1 type=40 status=0 detail=ok
[2026-09-26T12:18:55.019Z] I (2113413) RouteLoom: HIL LINK rx peer=1 type=41 cid=3323990907 current=0 status=5 seq=219
[2026-09-26T12:18:55.673Z] I (2114069) RouteLoom: HIL PROBE tx peer=3 type=40 status=0 detail=ok
[2026-09-26T12:18:55.692Z] I (2114087) RouteLoom: HIL LINK rx peer=3 type=41 cid=1164670512 current=0 status=5 seq=30
[2026-09-26T12:18:55.988Z] I (2114384) RouteLoom: HIL LINK tx peer=1 type=32 cid=3033459679 seq=884
[2026-09-26T12:18:56.278Z] I (2114674) RouteLoom: HIL LINK rx peer=1 type=32 cid=3323990907 current=0 status=5 seq=443
[2026-09-26T12:18:58.488Z] I (2116884) RouteLoom: HIL LINK tx peer=3 type=32 cid=300975475 seq=885
[2026-09-26T12:18:58.515Z] I (2116911) RouteLoom: HIL LINK rx peer=3 type=32 cid=1164670512 current=0 status=5 seq=55
[2026-09-26T12:19:00.989Z] I (2119385) RouteLoom: HIL LINK tx peer=1 type=32 cid=3033459679 seq=886
[2026-09-26T12:19:01.280Z] I (2119675) RouteLoom: HIL LINK rx peer=1 type=32 cid=3323990907 current=0 status=5 seq=444
[2026-09-26T12:19:03.489Z] I (2121885) RouteLoom: HIL LINK tx peer=3 type=32 cid=300975475 seq=887
[2026-09-26T12:19:03.516Z] I (2121912) RouteLoom: HIL LINK rx peer=3 type=32 cid=1164670512 current=0 status=5 seq=56
[2026-09-26T12:19:05.015Z] I (2123410) RouteLoom: HIL LINK rx peer=1 type=40 cid=3323990907 current=0 status=5 seq=220
[2026-09-26T12:19:05.019Z] I (2123414) RouteLoom: HIL PROBE tx peer=1 type=41 status=0 detail=ok
[2026-09-26T12:19:05.689Z] I (2124084) RouteLoom: HIL LINK rx peer=3 type=40 cid=1164670512 current=0 status=5 seq=31
[2026-09-26T12:19:05.693Z] I (2124088) RouteLoom: HIL PROBE tx peer=3 type=41 status=0 detail=ok
[2026-09-26T12:19:05.989Z] I (2124385) RouteLoom: HIL LINK tx peer=1 type=32 cid=3033459679 seq=888
[2026-09-26T12:19:06.280Z] I (2124675) RouteLoom: HIL LINK rx peer=1 type=32 cid=3323990907 current=0 status=5 seq=445
[2026-09-26T12:19:08.489Z] I (2126885) RouteLoom: HIL LINK tx peer=3 type=32 cid=300975475 seq=889
[2026-09-26T12:19:08.519Z] I (2126914) RouteLoom: HIL LINK rx peer=3 type=32 cid=1164670512 current=0 status=5 seq=57
[2026-09-26T12:19:09.516Z] I (2127911) RouteLoom: HIL LINK rx peer=1 type=16 cid=3323990907 current=0 status=5 seq=110
[2026-09-26T12:19:09.522Z] I (2127917) RouteLoom: HIL LINK tx peer=1 type=17 cid=3033459679 seq=110
[2026-09-26T12:19:09.533Z] I (2127928) RouteLoom: HIL LINK tx peer=3 type=16 cid=300975475 seq=110
[2026-09-26T12:19:09.555Z] I (2127951) RouteLoom: HIL LINK rx peer=3 type=17 cid=1164670512 current=0 status=5 seq=110
[2026-09-26T12:19:09.568Z] I (2127963) RouteLoom: HIL LINK rx peer=3 type=18 cid=1164670512 current=0 status=5 seq=110
[2026-09-26T12:19:09.574Z] I (2127969) RouteLoom: HIL LINK tx peer=3 type=17 cid=300975475 seq=110
[2026-09-26T12:19:09.585Z] I (2127980) RouteLoom: HIL LINK tx peer=1 type=18 cid=3033459679 seq=110
[2026-09-26T12:19:09.607Z] I (2128002) RouteLoom: HIL LINK rx peer=1 type=17 cid=3323990907 current=0 status=5 seq=110
[2026-09-26T12:19:10.989Z] I (2129385) RouteLoom: HIL LINK tx peer=1 type=32 cid=3033459679 seq=890
[2026-09-26T12:19:11.280Z] I (2129675) RouteLoom: HIL LINK rx peer=1 type=32 cid=3323990907 current=0 status=5 seq=446
[2026-09-26T12:19:13.489Z] I (2131885) RouteLoom: HIL LINK tx peer=3 type=32 cid=300975475 seq=891
[2026-09-26T12:19:13.518Z] I (2131914) RouteLoom: HIL LINK rx peer=3 type=32 cid=1164670512 current=0 status=5 seq=58
[2026-09-26T12:19:15.017Z] I (2133412) RouteLoom: HIL PROBE tx peer=1 type=40 status=0 detail=ok
[2026-09-26T12:19:15.034Z] I (2133429) RouteLoom: HIL LINK rx peer=1 type=41 cid=3323990907 current=0 status=5 seq=221
[2026-09-26T12:19:15.692Z] I (2134087) RouteLoom: HIL PROBE tx peer=3 type=40 status=0 detail=ok
[2026-09-26T12:19:15.710Z] I (2134105) RouteLoom: HIL LINK rx peer=3 type=41 cid=1164670512 current=0 status=5 seq=32
[2026-09-26T12:19:15.992Z] I (2134387) RouteLoom: HIL LINK tx peer=1 type=32 cid=3033459679 seq=892
[2026-09-26T12:19:16.282Z] I (2134677) RouteLoom: HIL LINK rx peer=1 type=32 cid=3323990907 current=0 status=5 seq=447
[2026-09-26T12:19:18.492Z] I (2136887) RouteLoom: HIL LINK tx peer=3 type=32 cid=300975475 seq=893
[2026-09-26T12:19:18.519Z] I (2136914) RouteLoom: HIL LINK rx peer=3 type=32 cid=1164670512 current=0 status=5 seq=59
[2026-09-26T12:19:20.993Z] I (2139388) RouteLoom: HIL LINK tx peer=1 type=32 cid=3033459679 seq=894
[2026-09-26T12:19:21.283Z] I (2139678) RouteLoom: HIL LINK rx peer=1 type=32 cid=3323990907 current=0 status=5 seq=448
[2026-09-26T12:19:23.493Z] I (2141888) RouteLoom: HIL LINK tx peer=3 type=32 cid=300975475 seq=895
[2026-09-26T12:19:23.520Z] I (2141915) RouteLoom: HIL LINK rx peer=3 type=32 cid=1164670512 current=0 status=5 seq=60
[2026-09-26T12:19:25.034Z] I (2143428) RouteLoom: HIL LINK rx peer=1 type=40 cid=3323990907 current=0 status=5 seq=222
[2026-09-26T12:19:25.037Z] I (2143432) RouteLoom: HIL PROBE tx peer=1 type=41 status=0 detail=ok
[2026-09-26T12:19:25.708Z] I (2144102) RouteLoom: HIL LINK rx peer=3 type=40 cid=1164670512 current=0 status=5 seq=33
[2026-09-26T12:19:25.711Z] I (2144106) RouteLoom: HIL PROBE tx peer=3 type=41 status=0 detail=ok
[2026-09-26T12:19:25.993Z] I (2144388) RouteLoom: HIL LINK tx peer=1 type=32 cid=3033459679 seq=896
[2026-09-26T12:19:26.283Z] I (2144678) RouteLoom: HIL LINK rx peer=1 type=32 cid=3323990907 current=0 status=5 seq=449
[2026-09-26T12:19:28.493Z] I (2146888) RouteLoom: HIL LINK tx peer=3 type=32 cid=300975475 seq=897
[2026-09-26T12:19:28.520Z] I (2146914) RouteLoom: HIL LINK rx peer=3 type=32 cid=1164670512 current=0 status=5 seq=61
[2026-09-26T12:19:30.994Z] I (2149389) RouteLoom: HIL LINK tx peer=1 type=32 cid=3033459679 seq=898
[2026-09-26T12:19:31.285Z] I (2149680) RouteLoom: HIL LINK rx peer=1 type=32 cid=3323990907 current=0 status=5 seq=450
[2026-09-26T12:19:33.495Z] I (2151890) RouteLoom: HIL LINK tx peer=3 type=32 cid=300975475 seq=899
[2026-09-26T12:19:33.521Z] I (2151915) RouteLoom: HIL LINK rx peer=3 type=32 cid=1164670512 current=0 status=5 seq=62
[2026-09-26T12:19:35.037Z] I (2153432) RouteLoom: HIL PROBE tx peer=1 type=40 status=0 detail=ok
[2026-09-26T12:19:35.054Z] I (2153449) RouteLoom: HIL LINK rx peer=1 type=41 cid=3323990907 current=0 status=5 seq=223
[2026-09-26T12:19:35.709Z] I (2154104) RouteLoom: HIL PROBE tx peer=3 type=40 status=0 detail=ok
[2026-09-26T12:19:35.728Z] I (2154122) RouteLoom: HIL LINK rx peer=3 type=41 cid=1164670512 current=0 status=5 seq=34
[2026-09-26T12:19:35.998Z] I (2154392) RouteLoom: HIL LINK tx peer=1 type=32 cid=3033459679 seq=900
[2026-09-26T12:19:36.287Z] I (2154682) RouteLoom: HIL LINK rx peer=1 type=32 cid=3323990907 current=0 status=5 seq=451
[2026-09-26T12:19:38.497Z] I (2156892) RouteLoom: HIL LINK tx peer=3 type=32 cid=300975475 seq=901
[2026-09-26T12:19:38.523Z] I (2156918) RouteLoom: HIL LINK rx peer=3 type=32 cid=1164670512 current=0 status=5 seq=63
[2026-09-26T12:19:39.518Z] I (2157912) RouteLoom: HIL LINK rx peer=1 type=16 cid=3323990907 current=0 status=5 seq=111
[2026-09-26T12:19:39.523Z] I (2157918) RouteLoom: HIL LINK tx peer=1 type=17 cid=3033459679 seq=111
[2026-09-26T12:19:39.535Z] I (2157929) RouteLoom: HIL LINK tx peer=3 type=16 cid=300975475 seq=111
[2026-09-26T12:19:39.556Z] I (2157950) RouteLoom: HIL LINK rx peer=3 type=17 cid=1164670512 current=0 status=5 seq=111
[2026-09-26T12:19:39.567Z] I (2157962) RouteLoom: HIL LINK rx peer=3 type=18 cid=1164670512 current=0 status=5 seq=111
[2026-09-26T12:19:39.573Z] I (2157968) RouteLoom: HIL LINK tx peer=3 type=17 cid=300975475 seq=111
[2026-09-26T12:19:39.584Z] I (2157979) RouteLoom: HIL LINK tx peer=1 type=18 cid=3033459679 seq=111
[2026-09-26T12:19:39.607Z] I (2158001) RouteLoom: HIL LINK rx peer=1 type=17 cid=3323990907 current=0 status=5 seq=111
[2026-09-26T12:19:40.998Z] I (2159393) RouteLoom: HIL LINK tx peer=1 type=32 cid=3033459679 seq=902
[2026-09-26T12:19:41.288Z] I (2159683) RouteLoom: HIL LINK rx peer=1 type=32 cid=3323990907 current=0 status=5 seq=452
[2026-09-26T12:19:42.058Z] I (2160453) RouteLoom: stack hwm main 11092 B
[2026-09-26T12:19:42.059Z] I (2160453) RouteLoom: HIL HEAP free=21720 largest=18432 min=20912 B
[2026-09-26T12:19:42.069Z] I (2160454) RouteLoom: HIL DISCOVERY candidates=0 neighbors=2 capacity=0 auth=12 stale=1 probes=247 send_failures=41 kind_rejects=7
[2026-09-26T12:19:42.076Z] I (2160464) RouteLoom: HIL ROUTE peer=1 phase=5 via=1 metric=1 generation=278 seq=1
[2026-09-26T12:19:42.084Z] I (2160471) RouteLoom: HIL ROUTE peer=3 phase=5 via=3 metric=1 generation=98 seq=1
[2026-09-26T12:19:43.500Z] I (2161895) RouteLoom: HIL LINK tx peer=3 type=32 cid=300975475 seq=903
[2026-09-26T12:19:44.064Z] I (2162459) RouteLoom: HIL RLD1 rx claimed=3 phase=5 step=1
[2026-09-26T12:19:44.072Z] I (2162467) RouteLoom: HIL RLD1 tx claimed=2 phase=5 step=2
[2026-09-26T12:19:44.089Z] I (2162484) RouteLoom: HIL RLD1 rx claimed=3 phase=5 step=3
[2026-09-26T12:19:44.091Z] HIL resume R3 installed peer=3 tx=2012011145 rx=1248202803
[2026-09-26T12:19:44.095Z] I (2162490) RouteLoom: HIL PROBE tx peer=3 type=40 status=0 detail=ok
[2026-09-26T12:19:44.109Z] I (2162504) RouteLoom: HIL LINK rx peer=3 type=40 cid=1248202803 current=0 status=5 seq=1
[2026-09-26T12:19:44.113Z] I (2162508) RouteLoom: HIL PROBE tx peer=3 type=41 status=0 detail=ok
[2026-09-26T12:19:44.120Z] I (2162513) RouteLoom: HIL LINK rx peer=3 type=41 cid=1248202803 current=0 status=5 seq=2
[2026-09-26T12:19:44.125Z] I (2162516) RouteLoomRef: discovery event=REACHABLE peer=3
[2026-09-26T12:19:44.131Z] W (2162520) RouteLoomRef: diagnostic reason=REACHABLE peer=3 message=none
[2026-09-26T12:19:44.138Z] I (2162530) RouteLoom: HIL LINK tx peer=1 type=32 cid=3033459679 seq=904
[2026-09-26T12:19:44.147Z] I (2162542) RouteLoom: HIL LINK tx peer=3 type=32 cid=2012011145 seq=905
[2026-09-26T12:19:44.152Z] I (2162545) RouteLoom: HIL LINK rx peer=3 type=32 cid=1248202803 current=0 status=5 seq=1
[2026-09-26T12:19:44.161Z] W (2162549) RouteLoomRef: diagnostic reason=PEER_RESTARTED_ROUTES_FLUSHED peer=3 message=none
[2026-09-26T12:19:44.168Z] I (2162560) RouteLoom: HIL LINK rx peer=1 type=34 cid=3323990907 current=0 status=5 seq=453
[2026-09-26T12:19:44.178Z] I (2162572) RouteLoom: HIL LINK tx peer=1 type=32 cid=3033459679 seq=906
[2026-09-26T12:19:44.183Z] I (2162575) RouteLoom: HIL LINK rx peer=3 type=32 cid=1248202803 current=0 status=5 seq=2
[2026-09-26T12:19:44.207Z] I (2162601) RouteLoom: HIL LINK rx peer=1 type=32 cid=3323990907 current=0 status=5 seq=454
[2026-09-26T12:19:44.211Z] W (2162603) RouteLoomRef: diagnostic reason=ROUTE_STALE_GENERATION peer=1 message=none
[2026-09-26T12:19:44.587Z] I (2162982) RouteLoom: HIL RLD1 rx claimed=3 phase=5 step=3
[2026-09-26T12:19:45.054Z] I (2163448) RouteLoom: HIL LINK rx peer=1 type=40 cid=3323990907 current=0 status=5 seq=224
[2026-09-26T12:19:45.059Z] I (2163452) RouteLoom: HIL PROBE tx peer=1 type=41 status=0 detail=ok
[2026-09-26T12:19:45.087Z] I (2163482) RouteLoom: HIL RLD1 rx claimed=3 phase=5 step=3
[2026-09-26T12:19:45.087Z] HIL resume R3 no record peer=3
[2026-09-26T12:19:45.187Z] I (2163582) RouteLoom: HIL LINK tx peer=3 type=32 cid=2012011145 seq=907
[2026-09-26T12:19:45.199Z] I (2163593) RouteLoom: HIL LINK tx peer=1 type=32 cid=3033459679 seq=908
[2026-09-26T12:19:45.218Z] I (2163612) RouteLoom: HIL LINK rx peer=3 type=32 cid=1248202803 current=0 status=5 seq=3
[2026-09-26T12:19:45.282Z] I (2163676) RouteLoom: HIL LINK rx peer=1 type=32 cid=3323990907 current=0 status=5 seq=455
[2026-09-26T12:19:45.587Z] I (2163982) RouteLoom: HIL RLD1 rx claimed=3 phase=5 step=3
[2026-09-26T12:19:45.587Z] HIL resume R3 no record peer=3
[2026-09-26T12:19:46.289Z] I (2164683) RouteLoom: HIL LINK rx peer=1 type=32 cid=3323990907 current=0 status=5 seq=456
[2026-09-26T12:19:46.621Z] I (2165016) RouteLoom: HIL LINK tx peer=3 type=32 cid=2012011145 seq=909
[2026-09-26T12:19:49.123Z] I (2167518) RouteLoom: HIL LINK tx peer=1 type=32 cid=3033459679 seq=910
[2026-09-26T12:19:49.140Z] I (2167534) RouteLoom: HIL LINK rx peer=3 type=32 cid=1248202803 current=0 status=5 seq=4
[2026-09-26T12:19:51.289Z] I (2169683) RouteLoom: HIL LINK rx peer=1 type=32 cid=3323990907 current=0 status=5 seq=457
[2026-09-26T12:19:51.711Z] I (2170019) RouteLoom: HIL LINK tx peer=3 type=32 cid=2012011145 seq=911
[2026-09-26T12:19:54.122Z] I (2172517) RouteLoom: HIL PROBE tx peer=3 type=40 status=0 detail=ok
[2026-09-26T12:19:54.128Z] I (2172523) RouteLoom: HIL LINK tx peer=1 type=32 cid=3033459679 seq=912
[2026-09-26T12:19:54.136Z] I (2172531) RouteLoom: HIL LINK rx peer=3 type=40 cid=1248202803 current=0 status=5 seq=3
[2026-09-26T12:19:54.140Z] I (2172534) RouteLoom: HIL PROBE tx peer=3 type=41 status=0 detail=ok
[2026-09-26T12:19:54.153Z] I (2172547) RouteLoom: HIL LINK rx peer=3 type=32 cid=1248202803 current=0 status=5 seq=5
[2026-09-26T12:19:55.057Z] I (2173452) RouteLoom: HIL PROBE tx peer=1 type=40 status=0 detail=ok
[2026-09-26T12:19:55.075Z] I (2173469) RouteLoom: HIL LINK rx peer=1 type=41 cid=3323990907 current=0 status=5 seq=225
[2026-09-26T12:19:56.290Z] I (2174685) RouteLoom: HIL LINK rx peer=1 type=32 cid=3323990907 current=0 status=5 seq=458
[2026-09-26T12:19:56.628Z] I (2175023) RouteLoom: HIL LINK tx peer=3 type=32 cid=2012011145 seq=913
[2026-09-26T12:19:59.130Z] I (2177525) RouteLoom: HIL LINK tx peer=1 type=32 cid=3033459679 seq=914
[2026-09-26T12:19:59.147Z] I (2177541) RouteLoom: HIL LINK rx peer=3 type=32 cid=1248202803 current=0 status=5 seq=6
[2026-09-26T12:20:01.290Z] I (2179685) RouteLoom: HIL LINK rx peer=1 type=32 cid=3323990907 current=0 status=5 seq=459
[2026-09-26T12:20:01.631Z] I (2180026) RouteLoom: HIL LINK tx peer=3 type=32 cid=2012011145 seq=915
[2026-09-26T12:20:04.135Z] I (2182528) RouteLoom: HIL LINK tx peer=1 type=32 cid=3033459679 seq=916
[2026-09-26T12:20:04.138Z] I (2182533) RouteLoom: HIL PROBE tx peer=3 type=40 status=0 detail=ok
[2026-09-26T12:20:04.149Z] I (2182543) RouteLoom: HIL LINK rx peer=3 type=32 cid=1248202803 current=0 status=5 seq=7
[2026-09-26T12:20:04.167Z] I (2182561) RouteLoom: HIL LINK rx peer=3 type=41 cid=1248202803 current=0 status=5 seq=5
[2026-09-26T12:20:05.073Z] I (2183467) RouteLoom: HIL LINK rx peer=1 type=40 cid=3323990907 current=0 status=5 seq=226
[2026-09-26T12:20:05.077Z] I (2183471) RouteLoom: HIL PROBE tx peer=1 type=41 status=0 detail=ok
[2026-09-26T12:20:06.291Z] I (2184685) RouteLoom: HIL LINK rx peer=1 type=32 cid=3323990907 current=0 status=5 seq=460
[2026-09-26T12:20:06.634Z] I (2185029) RouteLoom: HIL LINK tx peer=3 type=32 cid=2012011145 seq=917
[2026-09-26T12:20:09.136Z] I (2187531) RouteLoom: HIL LINK tx peer=1 type=32 cid=3033459679 seq=918
[2026-09-26T12:20:09.142Z] I (2187536) RouteLoom: HIL LINK rx peer=3 type=32 cid=1248202803 current=0 status=5 seq=8
[2026-09-26T12:20:09.519Z] I (2187913) RouteLoom: HIL LINK rx peer=1 type=16 cid=3323990907 current=0 status=5 seq=112
[2026-09-26T12:20:09.525Z] I (2187919) RouteLoom: HIL LINK tx peer=1 type=17 cid=3033459679 seq=112
[2026-09-26T12:20:09.536Z] I (2187930) RouteLoom: HIL LINK tx peer=3 type=16 cid=2012011145 seq=112
[2026-09-26T12:20:09.564Z] I (2187958) RouteLoom: HIL LINK rx peer=3 type=3 cid=1248202803 current=0 status=5 seq=1
[2026-09-26T12:20:09.569Z] I (2187964) RouteLoom: HIL LINK tx peer=3 type=17 cid=2012011145 seq=1
[2026-09-26T12:20:09.580Z] I (2187975) RouteLoom: HIL LINK tx peer=1 type=3 cid=3033459679 seq=1
[2026-09-26T12:20:09.601Z] I (2187995) RouteLoom: HIL LINK rx peer=1 type=17 cid=3323990907 current=0 status=5 seq=1
[2026-09-26T12:20:09.615Z] I (2188009) RouteLoom: HIL LINK tx peer=3 type=16 cid=2012011145 seq=112
[2026-09-26T12:20:09.618Z] I (2188010) RouteLoom: HIL LINK rx peer=1 type=3 cid=3323990907 current=0 status=5 seq=113
[2026-09-26T12:20:09.626Z] I (2188020) RouteLoom: HIL LINK tx peer=1 type=17 cid=3033459679 seq=113
[2026-09-26T12:20:09.632Z] I (2188024) RouteLoom: HIL LINK rx peer=1 type=3 cid=3323990907 current=0 status=5 seq=114
[2026-09-26T12:20:09.642Z] I (2188036) RouteLoom: HIL LINK tx peer=1 type=17 cid=3033459679 seq=114
[2026-09-26T12:20:09.653Z] I (2188047) RouteLoom: HIL LINK tx peer=3 type=3 cid=2012011145 seq=113
[2026-09-26T12:20:09.673Z] I (2188067) RouteLoom: HIL LINK rx peer=3 type=17 cid=1248202803 current=0 status=5 seq=113
[2026-09-26T12:20:09.678Z] I (2188072) RouteLoom: HIL LINK tx peer=3 type=3 cid=2012011145 seq=114
[2026-09-26T12:20:09.684Z] I (2188079) RouteLoom: HIL LINK rx peer=3 type=3 cid=1248202803 current=0 status=5 seq=2
[2026-09-26T12:20:09.698Z] I (2188093) RouteLoom: HIL LINK tx peer=3 type=17 cid=2012011145 seq=2
[2026-09-26T12:20:09.709Z] I (2188104) RouteLoom: HIL LINK tx peer=1 type=3 cid=3033459679 seq=2
[2026-09-26T12:20:09.712Z] I (2188106) RouteLoom: HIL LINK rx peer=3 type=17 cid=1248202803 current=0 status=5 seq=114
[2026-09-26T12:20:09.725Z] I (2188120) RouteLoom: HIL LINK tx peer=1 type=48 cid=3033459679 seq=919
[2026-09-26T12:20:09.741Z] I (2188135) RouteLoom: HIL LINK rx peer=1 type=17 cid=3323990907 current=0 status=5 seq=2
[2026-09-26T12:20:10.186Z] I (2188580) RouteLoom: HIL LINK rx peer=3 type=3 cid=1248202803 current=0 status=5 seq=3
[2026-09-26T12:20:10.192Z] I (2188586) RouteLoom: HIL LINK tx peer=3 type=17 cid=2012011145 seq=3
[2026-09-26T12:20:10.203Z] I (2188597) RouteLoom: HIL LINK tx peer=1 type=3 cid=3033459679 seq=3
[2026-09-26T12:20:10.223Z] I (2188617) RouteLoom: HIL LINK rx peer=1 type=17 cid=3323990907 current=0 status=5 seq=3
[2026-09-26T12:20:10.682Z] I (2189076) RouteLoom: HIL LINK rx peer=3 type=3 cid=1248202803 current=0 status=5 seq=4
[2026-09-26T12:20:10.688Z] I (2189082) RouteLoom: HIL LINK tx peer=3 type=17 cid=2012011145 seq=4
[2026-09-26T12:20:10.699Z] I (2189093) RouteLoom: HIL LINK tx peer=1 type=3 cid=3033459679 seq=4
[2026-09-26T12:20:10.720Z] I (2189114) RouteLoom: HIL LINK rx peer=1 type=17 cid=3323990907 current=0 status=5 seq=4
[2026-09-26T12:20:10.743Z] I (2189137) RouteLoom: HIL LINK rx peer=1 type=16 cid=3323990907 current=0 status=5 seq=112
[2026-09-26T12:20:10.749Z] I (2189143) RouteLoom: HIL LINK tx peer=1 type=17 cid=3033459679 seq=112
[2026-09-26T12:20:10.760Z] I (2189154) RouteLoom: HIL LINK tx peer=3 type=16 cid=2012011145 seq=112
[2026-09-26T12:20:10.781Z] I (2189175) RouteLoom: HIL LINK rx peer=3 type=17 cid=1248202803 current=0 status=5 seq=112
[2026-09-26T12:20:10.793Z] I (2189187) RouteLoom: HIL LINK rx peer=3 type=18 cid=1248202803 current=0 status=5 seq=112
[2026-09-26T12:20:10.798Z] I (2189192) RouteLoom: HIL LINK tx peer=3 type=17 cid=2012011145 seq=112
[2026-09-26T12:20:10.809Z] I (2189204) RouteLoom: HIL LINK tx peer=1 type=18 cid=3033459679 seq=112
[2026-09-26T12:20:10.827Z] I (2189221) RouteLoom: HIL LINK rx peer=3 type=32 cid=1248202803 current=0 status=5 seq=9
[2026-09-26T12:20:10.834Z] I (2189228) RouteLoom: HIL LINK rx peer=1 type=17 cid=3323990907 current=0 status=5 seq=112
[2026-09-26T12:20:11.184Z] I (2189577) RouteLoom: HIL LINK rx peer=3 type=3 cid=1248202803 current=0 status=5 seq=5
[2026-09-26T12:20:11.189Z] I (2189583) RouteLoom: HIL LINK tx peer=3 type=17 cid=2012011145 seq=5
[2026-09-26T12:20:11.200Z] I (2189594) RouteLoom: HIL LINK tx peer=1 type=3 cid=3033459679 seq=5
[2026-09-26T12:20:11.219Z] I (2189613) RouteLoom: HIL LINK rx peer=1 type=17 cid=3323990907 current=0 status=5 seq=5
[2026-09-26T12:20:11.292Z] I (2189686) RouteLoom: HIL LINK rx peer=1 type=32 cid=3323990907 current=0 status=5 seq=461
[2026-09-26T12:20:11.636Z] I (2190031) RouteLoom: HIL LINK tx peer=3 type=32 cid=2012011145 seq=920
[2026-09-26T12:20:11.839Z] I (2190233) RouteLoom: HIL LINK rx peer=3 type=32 cid=1248202803 current=0 status=5 seq=10
[2026-09-26T12:20:12.874Z] I (2191267) RouteLoom: HIL LINK rx peer=3 type=32 cid=1248202803 current=0 status=5 seq=11
[2026-09-26T12:20:14.139Z] I (2192532) RouteLoom: HIL LINK tx peer=1 type=32 cid=3033459679 seq=921
[2026-09-26T12:20:14.144Z] I (2192538) RouteLoom: HIL LINK rx peer=3 type=32 cid=1248202803 current=0 status=5 seq=12
[2026-09-26T12:20:14.165Z] I (2192559) RouteLoom: HIL LINK rx peer=3 type=40 cid=1248202803 current=0 status=5 seq=6
[2026-09-26T12:20:14.169Z] I (2192563) RouteLoom: HIL PROBE tx peer=3 type=41 status=0 detail=ok
[2026-09-26T12:20:15.077Z] I (2193471) RouteLoom: HIL PROBE tx peer=1 type=40 status=0 detail=ok
[2026-09-26T12:20:15.094Z] I (2193488) RouteLoom: HIL LINK rx peer=1 type=41 cid=3323990907 current=0 status=5 seq=227
[2026-09-26T12:20:16.292Z] I (2194686) RouteLoom: HIL LINK rx peer=1 type=32 cid=3323990907 current=0 status=5 seq=462
[2026-09-26T12:20:16.638Z] I (2195033) RouteLoom: HIL LINK tx peer=3 type=32 cid=2012011145 seq=922
[2026-09-26T12:20:19.140Z] I (2197534) RouteLoom: HIL LINK tx peer=1 type=32 cid=3033459679 seq=923
[2026-09-26T12:20:19.145Z] I (2197539) RouteLoom: HIL LINK rx peer=3 type=32 cid=1248202803 current=0 status=5 seq=13
[2026-09-26T12:20:21.294Z] I (2199688) RouteLoom: HIL LINK rx peer=1 type=32 cid=3323990907 current=0 status=5 seq=463
[2026-09-26T12:20:21.641Z] I (2200035) RouteLoom: HIL LINK tx peer=3 type=32 cid=2012011145 seq=924
[2026-09-26T12:20:24.143Z] I (2202537) RouteLoom: HIL LINK tx peer=1 type=32 cid=3033459679 seq=925
[2026-09-26T12:20:24.148Z] I (2202541) RouteLoom: HIL LINK rx peer=3 type=32 cid=1248202803 current=0 status=5 seq=14
[2026-09-26T12:20:24.169Z] I (2202563) RouteLoom: HIL PROBE tx peer=3 type=40 status=0 detail=ok
[2026-09-26T12:20:24.186Z] I (2202580) RouteLoom: HIL LINK rx peer=3 type=41 cid=1248202803 current=0 status=5 seq=7
[2026-09-26T12:20:25.093Z] I (2203487) RouteLoom: HIL LINK rx peer=1 type=40 cid=3323990907 current=0 status=5 seq=228
[2026-09-26T12:20:25.097Z] I (2203491) RouteLoom: HIL PROBE tx peer=1 type=41 status=0 detail=ok
[2026-09-26T12:20:26.296Z] I (2204690) RouteLoom: HIL LINK rx peer=1 type=32 cid=3323990907 current=0 status=5 seq=464
[2026-09-26T12:20:26.643Z] I (2205037) RouteLoom: HIL LINK tx peer=3 type=32 cid=2012011145 seq=926
[2026-09-26T12:20:29.144Z] I (2207538) RouteLoom: HIL LINK tx peer=1 type=32 cid=3033459679 seq=927
[2026-09-26T12:20:29.149Z] I (2207543) RouteLoom: HIL LINK rx peer=3 type=32 cid=1248202803 current=0 status=5 seq=15
[2026-09-26T12:20:31.298Z] I (2209692) RouteLoom: HIL LINK rx peer=1 type=32 cid=3323990907 current=0 status=5 seq=465
[2026-09-26T12:20:31.645Z] I (2210039) RouteLoom: HIL LINK tx peer=3 type=32 cid=2012011145 seq=928
[2026-09-26T12:20:34.147Z] I (2212541) RouteLoom: HIL LINK tx peer=1 type=32 cid=3033459679 seq=929
[2026-09-26T12:20:34.152Z] I (2212545) RouteLoom: HIL LINK rx peer=3 type=32 cid=1248202803 current=0 status=5 seq=16
[2026-09-26T12:20:34.184Z] I (2212578) RouteLoom: HIL LINK rx peer=3 type=40 cid=1248202803 current=0 status=5 seq=8
[2026-09-26T12:20:34.188Z] I (2212582) RouteLoom: HIL PROBE tx peer=3 type=41 status=0 detail=ok
[2026-09-26T12:20:35.096Z] I (2213490) RouteLoom: HIL PROBE tx peer=1 type=40 status=0 detail=ok
[2026-09-26T12:20:35.114Z] I (2213508) RouteLoom: HIL LINK rx peer=1 type=41 cid=3323990907 current=0 status=5 seq=229
[2026-09-26T12:20:36.301Z] I (2214694) RouteLoom: HIL LINK rx peer=1 type=32 cid=3323990907 current=0 status=5 seq=466
[2026-09-26T12:20:36.648Z] I (2215042) RouteLoom: HIL LINK tx peer=3 type=32 cid=2012011145 seq=930
[2026-09-26T12:20:39.151Z] I (2217544) RouteLoom: HIL LINK tx peer=1 type=32 cid=3033459679 seq=931
[2026-09-26T12:20:39.154Z] I (2217546) RouteLoom: HIL LINK rx peer=3 type=32 cid=1248202803 current=0 status=5 seq=17
[2026-09-26T12:20:39.519Z] I (2217912) RouteLoom: HIL LINK rx peer=1 type=16 cid=3323990907 current=0 status=5 seq=115
[2026-09-26T12:20:39.524Z] I (2217918) RouteLoom: HIL LINK tx peer=1 type=17 cid=3033459679 seq=115
[2026-09-26T12:20:39.535Z] I (2217929) RouteLoom: HIL LINK tx peer=3 type=16 cid=2012011145 seq=115
[2026-09-26T12:20:39.555Z] I (2217949) RouteLoom: HIL LINK rx peer=3 type=17 cid=1248202803 current=0 status=5 seq=115
[2026-09-26T12:20:39.568Z] I (2217961) RouteLoom: HIL LINK rx peer=3 type=18 cid=1248202803 current=0 status=5 seq=115
[2026-09-26T12:20:39.573Z] I (2217967) RouteLoom: HIL LINK tx peer=3 type=17 cid=2012011145 seq=115
[2026-09-26T12:20:39.584Z] I (2217978) RouteLoom: HIL LINK tx peer=1 type=18 cid=3033459679 seq=115
[2026-09-26T12:20:39.607Z] I (2218000) RouteLoom: HIL LINK rx peer=1 type=17 cid=3323990907 current=0 status=5 seq=115
[2026-09-26T12:20:41.302Z] I (2219695) RouteLoom: HIL LINK rx peer=1 type=32 cid=3323990907 current=0 status=5 seq=467
[2026-09-26T12:20:41.652Z] I (2220045) RouteLoom: HIL LINK tx peer=3 type=32 cid=2012011145 seq=932
[2026-09-26T12:20:42.059Z] I (2220453) RouteLoom: stack hwm main 11092 B
[2026-09-26T12:20:42.061Z] I (2220453) RouteLoom: HIL HEAP free=21720 largest=18432 min=20912 B
[2026-09-26T12:20:42.070Z] I (2220454) RouteLoom: HIL DISCOVERY candidates=0 neighbors=2 capacity=0 auth=13 stale=1 probes=254 send_failures=41 kind_rejects=8
[2026-09-26T12:20:42.077Z] I (2220464) RouteLoom: HIL ROUTE peer=1 phase=5 via=1 metric=1 generation=278 seq=1
[2026-09-26T12:20:42.084Z] I (2220471) RouteLoom: HIL ROUTE peer=3 phase=5 via=3 metric=1 generation=99 seq=1
[2026-09-26T12:20:44.152Z] I (2222546) RouteLoom: HIL LINK tx peer=1 type=32 cid=3033459679 seq=933
[2026-09-26T12:20:44.155Z] I (2222547) RouteLoom: HIL LINK rx peer=3 type=32 cid=1248202803 current=0 status=5 seq=18
[2026-09-26T12:20:44.188Z] I (2222582) RouteLoom: HIL PROBE tx peer=3 type=40 status=0 detail=ok
[2026-09-26T12:20:44.205Z] I (2222599) RouteLoom: HIL LINK rx peer=3 type=41 cid=1248202803 current=0 status=5 seq=9
[2026-09-26T12:20:45.115Z] I (2223508) RouteLoom: HIL LINK rx peer=1 type=40 cid=3323990907 current=0 status=5 seq=230
[2026-09-26T12:20:45.118Z] I (2223512) RouteLoom: HIL PROBE tx peer=1 type=41 status=0 detail=ok
[2026-09-26T12:20:46.304Z] I (2224697) RouteLoom: HIL LINK rx peer=1 type=32 cid=3323990907 current=0 status=5 seq=468
[2026-09-26T12:20:46.653Z] I (2225047) RouteLoom: HIL LINK tx peer=3 type=32 cid=2012011145 seq=934
[2026-09-26T12:20:49.155Z] I (2227549) RouteLoom: HIL LINK tx peer=1 type=32 cid=3033459679 seq=935
[2026-09-26T12:20:49.158Z] I (2227550) RouteLoom: HIL LINK rx peer=3 type=32 cid=1248202803 current=0 status=5 seq=19
[2026-09-26T12:20:51.303Z] I (2229697) RouteLoom: HIL LINK rx peer=1 type=32 cid=3323990907 current=0 status=5 seq=469
[2026-09-26T12:20:51.657Z] I (2230050) RouteLoom: HIL LINK tx peer=3 type=32 cid=2012011145 seq=936
[2026-09-26T12:20:54.154Z] I (2232548) RouteLoom: HIL LINK rx peer=3 type=32 cid=1248202803 current=0 status=5 seq=20
[2026-09-26T12:20:54.160Z] I (2232553) RouteLoom: HIL LINK tx peer=1 type=32 cid=3033459679 seq=937
[2026-09-26T12:20:54.203Z] I (2232596) RouteLoom: HIL LINK rx peer=3 type=40 cid=1248202803 current=0 status=5 seq=10
[2026-09-26T12:20:54.207Z] I (2232600) RouteLoom: HIL PROBE tx peer=3 type=41 status=0 detail=ok
[2026-09-26T12:20:55.117Z] I (2233511) RouteLoom: HIL PROBE tx peer=1 type=40 status=0 detail=ok
[2026-09-26T12:20:55.136Z] I (2233529) RouteLoom: HIL LINK rx peer=1 type=41 cid=3323990907 current=0 status=5 seq=231
[2026-09-26T12:20:56.305Z] I (2234699) RouteLoom: HIL LINK rx peer=1 type=32 cid=3323990907 current=0 status=5 seq=470
[2026-09-26T12:20:56.659Z] I (2235052) RouteLoom: HIL LINK tx peer=3 type=32 cid=2012011145 seq=938
[2026-09-26T12:20:59.156Z] I (2237549) RouteLoom: HIL LINK rx peer=3 type=32 cid=1248202803 current=0 status=5 seq=21
[2026-09-26T12:20:59.162Z] I (2237555) RouteLoom: HIL LINK tx peer=1 type=32 cid=3033459679 seq=939
[2026-09-26T12:21:01.307Z] I (2239699) RouteLoom: HIL LINK rx peer=1 type=32 cid=3323990907 current=0 status=5 seq=471
[2026-09-26T12:21:01.660Z] I (2240052) RouteLoom: HIL LINK tx peer=3 type=32 cid=2012011145 seq=940
[2026-09-26T12:21:04.156Z] I (2242550) RouteLoom: HIL LINK rx peer=3 type=32 cid=1248202803 current=0 status=5 seq=22
[2026-09-26T12:21:04.162Z] I (2242555) RouteLoom: HIL LINK tx peer=1 type=32 cid=3033459679 seq=941
[2026-09-26T12:21:04.205Z] I (2242599) RouteLoom: HIL PROBE tx peer=3 type=40 status=0 detail=ok
[2026-09-26T12:21:04.224Z] I (2242617) RouteLoom: HIL LINK rx peer=3 type=41 cid=1248202803 current=0 status=5 seq=11
[2026-09-26T12:21:05.134Z] I (2243528) RouteLoom: HIL LINK rx peer=1 type=40 cid=3323990907 current=0 status=5 seq=232
[2026-09-26T12:21:05.138Z] I (2243532) RouteLoom: HIL PROBE tx peer=1 type=41 status=0 detail=ok
[2026-09-26T12:21:06.307Z] I (2244701) RouteLoom: HIL LINK rx peer=1 type=32 cid=3323990907 current=0 status=5 seq=472
[2026-09-26T12:21:06.660Z] I (2245054) RouteLoom: HIL LINK tx peer=3 type=32 cid=2012011145 seq=942
[2026-09-26T12:21:09.158Z] I (2247551) RouteLoom: HIL LINK rx peer=3 type=32 cid=1248202803 current=0 status=5 seq=23
[2026-09-26T12:21:09.163Z] I (2247557) RouteLoom: HIL LINK tx peer=1 type=32 cid=3033459679 seq=943
[2026-09-26T12:21:09.522Z] I (2247915) RouteLoom: HIL LINK rx peer=1 type=16 cid=3323990907 current=0 status=5 seq=116
[2026-09-26T12:21:09.528Z] I (2247921) RouteLoom: HIL LINK tx peer=1 type=17 cid=3033459679 seq=116
[2026-09-26T12:21:09.538Z] I (2247932) RouteLoom: HIL LINK tx peer=3 type=16 cid=2012011145 seq=116
[2026-09-26T12:21:09.558Z] I (2247952) RouteLoom: HIL LINK rx peer=3 type=17 cid=1248202803 current=0 status=5 seq=116
[2026-09-26T12:21:09.571Z] I (2247964) RouteLoom: HIL LINK rx peer=3 type=18 cid=1248202803 current=0 status=5 seq=116
[2026-09-26T12:21:09.577Z] I (2247970) RouteLoom: HIL LINK tx peer=3 type=17 cid=2012011145 seq=116
[2026-09-26T12:21:09.592Z] I (2247981) RouteLoom: HIL LINK tx peer=1 type=18 cid=3033459679 seq=116
[2026-09-26T12:21:09.611Z] I (2248004) RouteLoom: HIL LINK rx peer=1 type=17 cid=3323990907 current=0 status=5 seq=116
[2026-09-26T12:21:11.310Z] I (2249703) RouteLoom: HIL LINK rx peer=1 type=32 cid=3323990907 current=0 status=5 seq=473
[2026-09-26T12:21:11.661Z] I (2250054) RouteLoom: HIL LINK tx peer=3 type=32 cid=2012011145 seq=944
[2026-09-26T12:21:14.158Z] I (2252551) RouteLoom: HIL LINK rx peer=3 type=32 cid=1248202803 current=0 status=5 seq=24
[2026-09-26T12:21:14.163Z] I (2252557) RouteLoom: HIL LINK tx peer=1 type=32 cid=3033459679 seq=945
[2026-09-26T12:21:14.222Z] I (2252615) RouteLoom: HIL LINK rx peer=3 type=40 cid=1248202803 current=0 status=5 seq=12
[2026-09-26T12:21:14.226Z] I (2252619) RouteLoom: HIL PROBE tx peer=3 type=41 status=0 detail=ok
[2026-09-26T12:21:15.136Z] I (2253530) RouteLoom: HIL PROBE tx peer=1 type=40 status=0 detail=ok
[2026-09-26T12:21:15.155Z] I (2253548) RouteLoom: HIL LINK rx peer=1 type=41 cid=3323990907 current=0 status=5 seq=233
[2026-09-26T12:21:16.311Z] I (2254704) RouteLoom: HIL LINK rx peer=1 type=32 cid=3323990907 current=0 status=5 seq=474
[2026-09-26T12:21:16.661Z] I (2255055) RouteLoom: HIL LINK tx peer=3 type=32 cid=2012011145 seq=946
[2026-09-26T12:21:19.159Z] I (2257552) RouteLoom: HIL LINK rx peer=3 type=32 cid=1248202803 current=0 status=5 seq=25
[2026-09-26T12:21:19.164Z] I (2257558) RouteLoom: HIL LINK tx peer=1 type=32 cid=3033459679 seq=947
[2026-09-26T12:21:21.312Z] I (2259705) RouteLoom: HIL LINK rx peer=1 type=32 cid=3323990907 current=0 status=5 seq=475
[2026-09-26T12:21:21.662Z] I (2260055) RouteLoom: HIL LINK tx peer=3 type=32 cid=2012011145 seq=948
[2026-09-26T12:21:24.160Z] I (2262553) RouteLoom: HIL LINK rx peer=3 type=32 cid=1248202803 current=0 status=5 seq=26
[2026-09-26T12:21:24.165Z] I (2262558) RouteLoom: HIL LINK tx peer=1 type=32 cid=3033459679 seq=949
[2026-09-26T12:21:24.224Z] I (2262617) RouteLoom: HIL PROBE tx peer=3 type=40 status=0 detail=ok
[2026-09-26T12:21:24.242Z] I (2262635) RouteLoom: HIL LINK rx peer=3 type=41 cid=1248202803 current=0 status=5 seq=13
[2026-09-26T12:21:25.153Z] I (2263546) RouteLoom: HIL LINK rx peer=1 type=40 cid=3323990907 current=0 status=5 seq=234
[2026-09-26T12:21:25.157Z] I (2263550) RouteLoom: HIL PROBE tx peer=1 type=41 status=0 detail=ok
[2026-09-26T12:21:26.314Z] I (2264707) RouteLoom: HIL LINK rx peer=1 type=32 cid=3323990907 current=0 status=5 seq=476
[2026-09-26T12:21:26.663Z] I (2265057) RouteLoom: HIL LINK tx peer=3 type=32 cid=2012011145 seq=950
[2026-09-26T12:21:29.161Z] I (2267554) RouteLoom: HIL LINK rx peer=3 type=32 cid=1248202803 current=0 status=5 seq=27
[2026-09-26T12:21:29.167Z] I (2267560) RouteLoom: HIL LINK tx peer=1 type=32 cid=3033459679 seq=951
[2026-09-26T12:21:31.314Z] I (2269707) RouteLoom: HIL LINK rx peer=1 type=32 cid=3323990907 current=0 status=5 seq=477
[2026-09-26T12:21:31.664Z] I (2270057) RouteLoom: HIL LINK tx peer=3 type=32 cid=2012011145 seq=952
[2026-09-26T12:21:34.162Z] I (2272555) RouteLoom: HIL LINK rx peer=3 type=32 cid=1248202803 current=0 status=5 seq=28
[2026-09-26T12:21:34.167Z] I (2272560) RouteLoom: HIL LINK tx peer=1 type=32 cid=3033459679 seq=953
[2026-09-26T12:21:34.240Z] I (2272633) RouteLoom: HIL LINK rx peer=3 type=40 cid=1248202803 current=0 status=5 seq=14
[2026-09-26T12:21:34.244Z] I (2272637) RouteLoom: HIL PROBE tx peer=3 type=41 status=0 detail=ok
[2026-09-26T12:21:35.155Z] I (2273548) RouteLoom: HIL PROBE tx peer=1 type=40 status=0 detail=ok
[2026-09-26T12:21:35.176Z] I (2273566) RouteLoom: HIL LINK rx peer=1 type=41 cid=3323990907 current=0 status=5 seq=235
[2026-09-26T12:21:36.316Z] I (2274709) RouteLoom: HIL LINK rx peer=1 type=32 cid=3323990907 current=0 status=5 seq=478
[2026-09-26T12:21:36.666Z] I (2275059) RouteLoom: HIL LINK tx peer=3 type=32 cid=2012011145 seq=954
[2026-09-26T12:21:39.163Z] I (2277556) RouteLoom: HIL LINK rx peer=3 type=32 cid=1248202803 current=0 status=5 seq=29
[2026-09-26T12:21:39.169Z] I (2277562) RouteLoom: HIL LINK tx peer=1 type=32 cid=3033459679 seq=955
[2026-09-26T12:21:39.521Z] I (2277914) RouteLoom: HIL LINK rx peer=1 type=16 cid=3323990907 current=0 status=5 seq=117
[2026-09-26T12:21:39.527Z] I (2277920) RouteLoom: HIL LINK tx peer=1 type=17 cid=3033459679 seq=117
[2026-09-26T12:21:39.541Z] I (2277934) RouteLoom: HIL LINK tx peer=3 type=16 cid=2012011145 seq=117
[2026-09-26T12:21:39.563Z] I (2277955) RouteLoom: HIL LINK rx peer=3 type=17 cid=1248202803 current=0 status=5 seq=117
[2026-09-26T12:21:39.574Z] I (2277966) RouteLoom: HIL LINK rx peer=3 type=18 cid=1248202803 current=0 status=5 seq=117
[2026-09-26T12:21:39.579Z] I (2277972) RouteLoom: HIL LINK tx peer=3 type=17 cid=2012011145 seq=117
[2026-09-26T12:21:39.590Z] I (2277983) RouteLoom: HIL LINK tx peer=1 type=18 cid=3033459679 seq=117
[2026-09-26T12:21:39.611Z] I (2278003) RouteLoom: HIL LINK rx peer=1 type=17 cid=3323990907 current=0 status=5 seq=117
[2026-09-26T12:21:41.319Z] I (2279711) RouteLoom: HIL LINK rx peer=1 type=32 cid=3323990907 current=0 status=5 seq=479
[2026-09-26T12:21:41.666Z] I (2280059) RouteLoom: HIL LINK tx peer=3 type=32 cid=2012011145 seq=956
[2026-09-26T12:21:42.062Z] I (2280455) RouteLoom: stack hwm main 11092 B
[2026-09-26T12:21:42.062Z] I (2280455) RouteLoom: HIL HEAP free=21720 largest=18432 min=20912 B
[2026-09-26T12:21:42.074Z] I (2280456) RouteLoom: HIL DISCOVERY candidates=0 neighbors=2 capacity=0 auth=13 stale=1 probes=260 send_failures=41 kind_rejects=8
[2026-09-26T12:21:42.080Z] I (2280466) RouteLoom: HIL ROUTE peer=1 phase=5 via=1 metric=1 generation=278 seq=1
[2026-09-26T12:21:42.087Z] I (2280473) RouteLoom: HIL ROUTE peer=3 phase=5 via=3 metric=1 generation=99 seq=1
[2026-09-26T12:21:44.163Z] I (2282556) RouteLoom: HIL LINK rx peer=3 type=32 cid=1248202803 current=0 status=5 seq=30
[2026-09-26T12:21:44.168Z] I (2282561) RouteLoom: HIL LINK tx peer=1 type=32 cid=3033459679 seq=957
[2026-09-26T12:21:44.242Z] I (2282635) RouteLoom: HIL PROBE tx peer=3 type=40 status=0 detail=ok
[2026-09-26T12:21:44.261Z] I (2282653) RouteLoom: HIL LINK rx peer=3 type=41 cid=1248202803 current=0 status=5 seq=15
[2026-09-26T12:21:45.171Z] I (2283564) RouteLoom: HIL LINK rx peer=1 type=40 cid=3323990907 current=0 status=5 seq=236
[2026-09-26T12:21:45.175Z] I (2283568) RouteLoom: HIL PROBE tx peer=1 type=41 status=0 detail=ok
[2026-09-26T12:21:46.321Z] I (2284714) RouteLoom: HIL LINK rx peer=1 type=32 cid=3323990907 current=0 status=5 seq=480
[2026-09-26T12:21:46.668Z] I (2285061) RouteLoom: HIL LINK tx peer=3 type=32 cid=2012011145 seq=958
[2026-09-26T12:21:49.163Z] I (2287556) RouteLoom: HIL LINK rx peer=3 type=32 cid=1248202803 current=0 status=5 seq=31
[2026-09-26T12:21:49.171Z] I (2287564) RouteLoom: HIL LINK tx peer=1 type=32 cid=3033459679 seq=959
[2026-09-26T12:21:51.322Z] I (2289715) RouteLoom: HIL LINK rx peer=1 type=32 cid=3323990907 current=0 status=5 seq=481
[2026-09-26T12:21:51.672Z] I (2290065) RouteLoom: HIL LINK tx peer=3 type=32 cid=2012011145 seq=960
[2026-09-26T12:21:54.164Z] I (2292557) RouteLoom: HIL LINK rx peer=3 type=32 cid=1248202803 current=0 status=5 seq=32
[2026-09-26T12:21:54.172Z] I (2292565) RouteLoom: HIL LINK tx peer=1 type=32 cid=3033459679 seq=961
[2026-09-26T12:21:54.258Z] I (2292650) RouteLoom: HIL LINK rx peer=3 type=40 cid=1248202803 current=0 status=5 seq=16
[2026-09-26T12:21:54.261Z] I (2292654) RouteLoom: HIL PROBE tx peer=3 type=41 status=0 detail=ok
[2026-09-26T12:21:55.175Z] I (2293568) RouteLoom: HIL PROBE tx peer=1 type=40 status=0 detail=ok
[2026-09-26T12:21:55.194Z] I (2293586) RouteLoom: HIL LINK rx peer=1 type=41 cid=3323990907 current=0 status=5 seq=237
[2026-09-26T12:21:56.324Z] I (2294717) RouteLoom: HIL LINK rx peer=1 type=32 cid=3323990907 current=0 status=5 seq=482
[2026-09-26T12:21:56.674Z] I (2295067) RouteLoom: HIL LINK tx peer=3 type=32 cid=2012011145 seq=962
[2026-09-26T12:21:59.164Z] I (2297557) RouteLoom: HIL LINK rx peer=3 type=32 cid=1248202803 current=0 status=5 seq=33
[2026-09-26T12:21:59.175Z] I (2297568) RouteLoom: HIL LINK tx peer=1 type=32 cid=3033459679 seq=963
[2026-09-26T12:22:01.325Z] I (2299718) RouteLoom: HIL LINK rx peer=1 type=32 cid=3323990907 current=0 status=5 seq=483
[2026-09-26T12:22:01.675Z] I (2300068) RouteLoom: HIL LINK tx peer=3 type=32 cid=2012011145 seq=964
[2026-09-26T12:22:04.167Z] I (2302559) RouteLoom: HIL LINK rx peer=3 type=32 cid=1248202803 current=0 status=5 seq=34
[2026-09-26T12:22:04.175Z] I (2302568) RouteLoom: HIL LINK tx peer=1 type=32 cid=3033459679 seq=965
[2026-09-26T12:22:04.264Z] I (2302654) RouteLoom: HIL PROBE tx peer=3 type=40 status=0 detail=ok
[2026-09-26T12:22:04.281Z] I (2302674) RouteLoom: HIL LINK rx peer=3 type=41 cid=1248202803 current=0 status=5 seq=17
[2026-09-26T12:22:05.191Z] I (2303583) RouteLoom: HIL LINK rx peer=1 type=40 cid=3323990907 current=0 status=5 seq=238
[2026-09-26T12:22:05.195Z] I (2303587) RouteLoom: HIL PROBE tx peer=1 type=41 status=0 detail=ok
[2026-09-26T12:22:06.327Z] I (2304720) RouteLoom: HIL LINK rx peer=1 type=32 cid=3323990907 current=0 status=5 seq=484
[2026-09-26T12:22:06.677Z] I (2305070) RouteLoom: HIL LINK tx peer=3 type=32 cid=2012011145 seq=966
[2026-09-26T12:22:09.168Z] I (2307560) RouteLoom: HIL LINK rx peer=3 type=32 cid=1248202803 current=0 status=5 seq=35
[2026-09-26T12:22:09.179Z] I (2307572) RouteLoom: HIL LINK tx peer=1 type=32 cid=3033459679 seq=967
[2026-09-26T12:22:09.517Z] I (2307909) RouteLoom: HIL LINK rx peer=1 type=16 cid=3323990907 current=0 status=5 seq=118
[2026-09-26T12:22:09.523Z] I (2307915) RouteLoom: HIL LINK tx peer=1 type=17 cid=3033459679 seq=118
[2026-09-26T12:22:09.533Z] I (2307926) RouteLoom: HIL LINK tx peer=3 type=16 cid=2012011145 seq=118
[2026-09-26T12:22:09.553Z] I (2307946) RouteLoom: HIL LINK rx peer=3 type=17 cid=1248202803 current=0 status=5 seq=118
[2026-09-26T12:22:09.567Z] I (2307959) RouteLoom: HIL LINK rx peer=3 type=18 cid=1248202803 current=0 status=5 seq=118
[2026-09-26T12:22:09.572Z] I (2307965) RouteLoom: HIL LINK tx peer=3 type=17 cid=2012011145 seq=118
[2026-09-26T12:22:09.583Z] I (2307976) RouteLoom: HIL LINK tx peer=1 type=18 cid=3033459679 seq=118
[2026-09-26T12:22:09.604Z] I (2307996) RouteLoom: HIL LINK rx peer=1 type=17 cid=3323990907 current=0 status=5 seq=118
[2026-09-26T12:22:11.330Z] I (2309722) RouteLoom: HIL LINK rx peer=1 type=32 cid=3323990907 current=0 status=5 seq=485
[2026-09-26T12:22:11.680Z] I (2310073) RouteLoom: HIL LINK tx peer=3 type=32 cid=2012011145 seq=968
[2026-09-26T12:22:14.169Z] I (2312561) RouteLoom: HIL LINK rx peer=3 type=32 cid=1248202803 current=0 status=5 seq=36
[2026-09-26T12:22:14.180Z] I (2312573) RouteLoom: HIL LINK tx peer=1 type=32 cid=3033459679 seq=969
[2026-09-26T12:22:14.278Z] I (2312670) RouteLoom: HIL LINK rx peer=3 type=40 cid=1248202803 current=0 status=5 seq=18
[2026-09-26T12:22:14.282Z] I (2312674) RouteLoom: HIL PROBE tx peer=3 type=41 status=0 detail=ok
[2026-09-26T12:22:15.192Z] I (2313585) RouteLoom: HIL PROBE tx peer=1 type=40 status=0 detail=ok
[2026-09-26T12:22:15.211Z] I (2313603) RouteLoom: HIL LINK rx peer=1 type=41 cid=3323990907 current=0 status=5 seq=239
[2026-09-26T12:22:16.331Z] I (2314723) RouteLoom: HIL LINK rx peer=1 type=32 cid=3323990907 current=0 status=5 seq=486
[2026-09-26T12:22:16.681Z] I (2315074) RouteLoom: HIL LINK tx peer=3 type=32 cid=2012011145 seq=970
[2026-09-26T12:22:19.171Z] I (2317562) RouteLoom: HIL LINK rx peer=3 type=32 cid=1248202803 current=0 status=5 seq=37
[2026-09-26T12:22:19.181Z] I (2317574) RouteLoom: HIL LINK tx peer=1 type=32 cid=3033459679 seq=971
[2026-09-26T12:22:21.338Z] I (2319730) RouteLoom: HIL LINK rx peer=1 type=32 cid=3323990907 current=0 status=5 seq=487
[2026-09-26T12:22:21.682Z] I (2320075) RouteLoom: HIL LINK tx peer=3 type=32 cid=2012011145 seq=972
[2026-09-26T12:22:24.173Z] I (2322565) RouteLoom: HIL LINK rx peer=3 type=32 cid=1248202803 current=0 status=5 seq=38
[2026-09-26T12:22:24.184Z] I (2322577) RouteLoom: HIL LINK tx peer=1 type=32 cid=3033459679 seq=973
[2026-09-26T12:22:24.284Z] I (2322674) RouteLoom: HIL PROBE tx peer=3 type=40 status=0 detail=ok
[2026-09-26T12:22:24.301Z] I (2322693) RouteLoom: HIL LINK rx peer=3 type=41 cid=1248202803 current=0 status=5 seq=19
[2026-09-26T12:22:25.211Z] I (2323603) RouteLoom: HIL LINK rx peer=1 type=40 cid=3323990907 current=0 status=5 seq=240
[2026-09-26T12:22:25.215Z] I (2323607) RouteLoom: HIL PROBE tx peer=1 type=41 status=0 detail=ok
[2026-09-26T12:22:26.338Z] I (2324730) RouteLoom: HIL LINK rx peer=1 type=32 cid=3323990907 current=0 status=5 seq=488
[2026-09-26T12:22:26.685Z] I (2325078) RouteLoom: HIL LINK tx peer=3 type=32 cid=2012011145 seq=974
[2026-09-26T12:22:29.174Z] I (2327567) RouteLoom: HIL LINK rx peer=3 type=32 cid=1248202803 current=0 status=5 seq=39
[2026-09-26T12:22:29.185Z] I (2327578) RouteLoom: HIL LINK tx peer=1 type=32 cid=3033459679 seq=975
[2026-09-26T12:22:31.334Z] I (2329726) RouteLoom: HIL LINK rx peer=1 type=32 cid=3323990907 current=0 status=5 seq=489
[2026-09-26T12:22:31.686Z] I (2330079) RouteLoom: HIL LINK tx peer=3 type=32 cid=2012011145 seq=976
[2026-09-26T12:22:34.176Z] I (2332568) RouteLoom: HIL LINK rx peer=3 type=32 cid=1248202803 current=0 status=5 seq=40
[2026-09-26T12:22:34.188Z] I (2332580) RouteLoom: HIL LINK tx peer=1 type=32 cid=3033459679 seq=977
[2026-09-26T12:22:34.301Z] I (2332692) RouteLoom: HIL LINK rx peer=3 type=40 cid=1248202803 current=0 status=5 seq=20
[2026-09-26T12:22:34.304Z] I (2332696) RouteLoom: HIL PROBE tx peer=3 type=41 status=0 detail=ok
[2026-09-26T12:22:35.215Z] I (2333607) RouteLoom: HIL PROBE tx peer=1 type=40 status=0 detail=ok
[2026-09-26T12:22:35.232Z] I (2333624) RouteLoom: HIL LINK rx peer=1 type=41 cid=3323990907 current=0 status=5 seq=241
[2026-09-26T12:22:36.335Z] I (2334726) RouteLoom: HIL LINK rx peer=1 type=32 cid=3323990907 current=0 status=5 seq=490
[2026-09-26T12:22:36.689Z] I (2335082) RouteLoom: HIL LINK tx peer=3 type=32 cid=2012011145 seq=978
[2026-09-26T12:22:39.178Z] I (2337570) RouteLoom: HIL LINK rx peer=3 type=32 cid=1248202803 current=0 status=5 seq=41
[2026-09-26T12:22:39.189Z] I (2337582) RouteLoom: HIL LINK tx peer=1 type=32 cid=3033459679 seq=979
[2026-09-26T12:22:39.521Z] I (2337913) RouteLoom: HIL LINK rx peer=1 type=16 cid=3323990907 current=0 status=5 seq=119
[2026-09-26T12:22:39.527Z] I (2337919) RouteLoom: HIL LINK tx peer=1 type=17 cid=3033459679 seq=119
[2026-09-26T12:22:39.538Z] I (2337930) RouteLoom: HIL LINK tx peer=3 type=16 cid=2012011145 seq=119
[2026-09-26T12:22:39.558Z] I (2337950) RouteLoom: HIL LINK rx peer=3 type=17 cid=1248202803 current=0 status=5 seq=119
[2026-09-26T12:22:39.570Z] I (2337962) RouteLoom: HIL LINK rx peer=3 type=18 cid=1248202803 current=0 status=5 seq=119
[2026-09-26T12:22:39.576Z] I (2337968) RouteLoom: HIL LINK tx peer=3 type=17 cid=2012011145 seq=119
[2026-09-26T12:22:39.587Z] I (2337979) RouteLoom: HIL LINK tx peer=1 type=18 cid=3033459679 seq=119
[2026-09-26T12:22:39.609Z] I (2338001) RouteLoom: HIL LINK rx peer=1 type=17 cid=3323990907 current=0 status=5 seq=119
[2026-09-26T12:22:41.333Z] I (2339726) RouteLoom: HIL LINK rx peer=1 type=32 cid=3323990907 current=0 status=5 seq=491
[2026-09-26T12:22:41.689Z] I (2340082) RouteLoom: HIL LINK tx peer=3 type=32 cid=2012011145 seq=980
[2026-09-26T12:22:42.066Z] I (2340457) RouteLoom: stack hwm main 11092 B
[2026-09-26T12:22:42.066Z] I (2340457) RouteLoom: HIL HEAP free=21720 largest=18432 min=20912 B
[2026-09-26T12:22:42.080Z] I (2340458) RouteLoom: HIL DISCOVERY candidates=0 neighbors=2 capacity=0 auth=13 stale=1 probes=266 send_failures=41 kind_rejects=8
[2026-09-26T12:22:42.083Z] I (2340468) RouteLoom: HIL ROUTE peer=1 phase=5 via=1 metric=1 generation=278 seq=1
[2026-09-26T12:22:42.090Z] I (2340475) RouteLoom: HIL ROUTE peer=3 phase=5 via=3 metric=1 generation=99 seq=1
[2026-09-26T12:22:44.178Z] I (2342570) RouteLoom: HIL LINK rx peer=3 type=32 cid=1248202803 current=0 status=5 seq=42
[2026-09-26T12:22:44.190Z] I (2342582) RouteLoom: HIL LINK tx peer=1 type=32 cid=3033459679 seq=981
[2026-09-26T12:22:44.303Z] I (2342695) RouteLoom: HIL PROBE tx peer=3 type=40 status=0 detail=ok
[2026-09-26T12:22:44.321Z] I (2342713) RouteLoom: HIL LINK rx peer=3 type=41 cid=1248202803 current=0 status=5 seq=21
[2026-09-26T12:22:45.231Z] I (2343623) RouteLoom: HIL LINK rx peer=1 type=40 cid=3323990907 current=0 status=5 seq=242
[2026-09-26T12:22:45.235Z] I (2343627) RouteLoom: HIL PROBE tx peer=1 type=41 status=0 detail=ok
[2026-09-26T12:22:46.335Z] I (2344727) RouteLoom: HIL LINK rx peer=1 type=32 cid=3323990907 current=0 status=5 seq=492
[2026-09-26T12:22:46.691Z] I (2345083) RouteLoom: HIL LINK tx peer=3 type=32 cid=2012011145 seq=982
[2026-09-26T12:22:49.180Z] I (2347571) RouteLoom: HIL LINK rx peer=3 type=32 cid=1248202803 current=0 status=5 seq=43
[2026-09-26T12:22:49.191Z] I (2347583) RouteLoom: HIL LINK tx peer=1 type=32 cid=3033459679 seq=983
[2026-09-26T12:22:51.335Z] I (2349727) RouteLoom: HIL LINK rx peer=1 type=32 cid=3323990907 current=0 status=5 seq=493
[2026-09-26T12:22:51.691Z] I (2350083) RouteLoom: HIL LINK tx peer=3 type=32 cid=2012011145 seq=984
[2026-09-26T12:22:54.180Z] I (2352572) RouteLoom: HIL LINK rx peer=3 type=32 cid=1248202803 current=0 status=5 seq=44
[2026-09-26T12:22:54.192Z] I (2352584) RouteLoom: HIL LINK tx peer=1 type=32 cid=3033459679 seq=985
[2026-09-26T12:22:54.320Z] I (2352711) RouteLoom: HIL LINK rx peer=3 type=40 cid=1248202803 current=0 status=5 seq=22
[2026-09-26T12:22:54.323Z] I (2352715) RouteLoom: HIL PROBE tx peer=3 type=41 status=0 detail=ok
[2026-09-26T12:22:55.234Z] I (2353626) RouteLoom: HIL PROBE tx peer=1 type=40 status=0 detail=ok
[2026-09-26T12:22:55.253Z] I (2353644) RouteLoom: HIL LINK rx peer=1 type=41 cid=3323990907 current=0 status=5 seq=243
[2026-09-26T12:22:56.337Z] I (2354728) RouteLoom: HIL LINK rx peer=1 type=32 cid=3323990907 current=0 status=5 seq=494
[2026-09-26T12:22:56.693Z] I (2355085) RouteLoom: HIL LINK tx peer=3 type=32 cid=2012011145 seq=986
[2026-09-26T12:22:59.182Z] I (2357573) RouteLoom: HIL LINK rx peer=3 type=32 cid=1248202803 current=0 status=5 seq=45
[2026-09-26T12:22:59.193Z] I (2357585) RouteLoom: HIL LINK tx peer=1 type=32 cid=3033459679 seq=987
[2026-09-26T12:23:01.337Z] I (2359729) RouteLoom: HIL LINK rx peer=1 type=32 cid=3323990907 current=0 status=5 seq=495
[2026-09-26T12:23:01.693Z] I (2360085) RouteLoom: HIL LINK tx peer=3 type=32 cid=2012011145 seq=988
[2026-09-26T12:23:04.183Z] I (2362574) RouteLoom: HIL LINK rx peer=3 type=32 cid=1248202803 current=0 status=5 seq=46
[2026-09-26T12:23:04.194Z] I (2362586) RouteLoom: HIL LINK tx peer=1 type=32 cid=3033459679 seq=989
[2026-09-26T12:23:04.322Z] I (2362714) RouteLoom: HIL PROBE tx peer=3 type=40 status=0 detail=ok
[2026-09-26T12:23:04.341Z] I (2362732) RouteLoom: HIL LINK rx peer=3 type=41 cid=1248202803 current=0 status=5 seq=23
[2026-09-26T12:23:05.251Z] I (2363642) RouteLoom: HIL LINK rx peer=1 type=40 cid=3323990907 current=0 status=5 seq=244
[2026-09-26T12:23:05.255Z] I (2363646) RouteLoom: HIL PROBE tx peer=1 type=41 status=0 detail=ok
[2026-09-26T12:23:06.339Z] I (2364731) RouteLoom: HIL LINK rx peer=1 type=32 cid=3323990907 current=0 status=5 seq=496
[2026-09-26T12:23:06.695Z] I (2365087) RouteLoom: HIL LINK tx peer=3 type=32 cid=2012011145 seq=990
[2026-09-26T12:23:09.184Z] I (2367575) RouteLoom: HIL LINK rx peer=3 type=32 cid=1248202803 current=0 status=5 seq=47
[2026-09-26T12:23:09.195Z] I (2367587) RouteLoom: HIL LINK tx peer=1 type=32 cid=3033459679 seq=991
[2026-09-26T12:23:09.521Z] I (2367912) RouteLoom: HIL LINK rx peer=1 type=16 cid=3323990907 current=0 status=5 seq=120
[2026-09-26T12:23:09.526Z] I (2367918) RouteLoom: HIL LINK tx peer=1 type=17 cid=3033459679 seq=120
[2026-09-26T12:23:09.540Z] I (2367932) RouteLoom: HIL LINK tx peer=3 type=16 cid=2012011145 seq=120
[2026-09-26T12:23:09.565Z] I (2367956) RouteLoom: HIL LINK rx peer=3 type=17 cid=1248202803 current=0 status=5 seq=120
[2026-09-26T12:23:09.581Z] I (2367973) RouteLoom: HIL LINK rx peer=3 type=18 cid=1248202803 current=0 status=5 seq=120
[2026-09-26T12:23:09.587Z] I (2367978) RouteLoom: HIL LINK tx peer=3 type=17 cid=2012011145 seq=120
[2026-09-26T12:23:09.598Z] I (2367990) RouteLoom: HIL LINK tx peer=1 type=18 cid=3033459679 seq=120
[2026-09-26T12:23:09.624Z] I (2368015) RouteLoom: HIL LINK rx peer=1 type=17 cid=3323990907 current=0 status=5 seq=120
[2026-09-26T12:23:11.341Z] I (2369732) RouteLoom: HIL LINK rx peer=1 type=32 cid=3323990907 current=0 status=5 seq=497
[2026-09-26T12:23:11.697Z] I (2370089) RouteLoom: HIL LINK tx peer=3 type=32 cid=2012011145 seq=992
[2026-09-26T12:23:14.186Z] I (2372577) RouteLoom: HIL LINK rx peer=3 type=32 cid=1248202803 current=0 status=5 seq=48
[2026-09-26T12:23:14.197Z] I (2372589) RouteLoom: HIL LINK tx peer=1 type=32 cid=3033459679 seq=993
[2026-09-26T12:23:14.340Z] I (2372731) RouteLoom: HIL LINK rx peer=3 type=40 cid=1248202803 current=0 status=5 seq=24
[2026-09-26T12:23:14.344Z] I (2372735) RouteLoom: HIL PROBE tx peer=3 type=41 status=0 detail=ok
[2026-09-26T12:23:15.254Z] I (2373646) RouteLoom: HIL PROBE tx peer=1 type=40 status=0 detail=ok
[2026-09-26T12:23:15.274Z] I (2373665) RouteLoom: HIL LINK rx peer=1 type=41 cid=3323990907 current=0 status=5 seq=245
[2026-09-26T12:23:16.342Z] I (2374733) RouteLoom: HIL LINK rx peer=1 type=32 cid=3323990907 current=0 status=5 seq=498
[2026-09-26T12:23:16.698Z] I (2375090) RouteLoom: HIL LINK tx peer=3 type=32 cid=2012011145 seq=994
[2026-09-26T12:23:19.187Z] I (2377578) RouteLoom: HIL LINK rx peer=3 type=32 cid=1248202803 current=0 status=5 seq=49
[2026-09-26T12:23:19.198Z] I (2377590) RouteLoom: HIL LINK tx peer=1 type=32 cid=3033459679 seq=995
[2026-09-26T12:23:21.341Z] I (2379733) RouteLoom: HIL LINK rx peer=1 type=32 cid=3323990907 current=0 status=5 seq=499
[2026-09-26T12:23:21.700Z] I (2380092) RouteLoom: HIL LINK tx peer=3 type=32 cid=2012011145 seq=996
[2026-09-26T12:23:24.189Z] I (2382580) RouteLoom: HIL LINK rx peer=3 type=32 cid=1248202803 current=0 status=5 seq=50
[2026-09-26T12:23:24.200Z] I (2382592) RouteLoom: HIL LINK tx peer=1 type=32 cid=3033459679 seq=997
[2026-09-26T12:23:24.343Z] I (2382735) RouteLoom: HIL PROBE tx peer=3 type=40 status=0 detail=ok
[2026-09-26T12:23:24.362Z] I (2382753) RouteLoom: HIL LINK rx peer=3 type=41 cid=1248202803 current=0 status=5 seq=25
[2026-09-26T12:23:25.272Z] I (2383664) RouteLoom: HIL LINK rx peer=1 type=40 cid=3323990907 current=0 status=5 seq=246
[2026-09-26T12:23:25.276Z] I (2383668) RouteLoom: HIL PROBE tx peer=1 type=41 status=0 detail=ok
[2026-09-26T12:23:26.343Z] I (2384735) RouteLoom: HIL LINK rx peer=1 type=32 cid=3323990907 current=0 status=5 seq=500
[2026-09-26T12:23:26.702Z] I (2385094) RouteLoom: HIL LINK tx peer=3 type=32 cid=2012011145 seq=998
[2026-09-26T12:23:29.189Z] I (2387580) RouteLoom: HIL LINK rx peer=3 type=32 cid=1248202803 current=0 status=5 seq=51
[2026-09-26T12:23:29.203Z] I (2387595) RouteLoom: HIL LINK tx peer=1 type=32 cid=3033459679 seq=999
[2026-09-26T12:23:31.345Z] I (2389737) RouteLoom: HIL LINK rx peer=1 type=32 cid=3323990907 current=0 status=5 seq=501
[2026-09-26T12:23:31.704Z] I (2390096) RouteLoom: HIL LINK tx peer=3 type=32 cid=2012011145 seq=1000
[2026-09-26T12:23:34.190Z] I (2392581) RouteLoom: HIL LINK rx peer=3 type=32 cid=1248202803 current=0 status=5 seq=52
[2026-09-26T12:23:34.204Z] I (2392596) RouteLoom: HIL LINK tx peer=1 type=32 cid=3033459679 seq=1001
[2026-09-26T12:23:34.359Z] I (2392750) RouteLoom: HIL LINK rx peer=3 type=40 cid=1248202803 current=0 status=5 seq=26
[2026-09-26T12:23:34.363Z] I (2392754) RouteLoom: HIL PROBE tx peer=3 type=41 status=0 detail=ok
[2026-09-26T12:23:35.276Z] I (2393668) RouteLoom: HIL PROBE tx peer=1 type=40 status=0 detail=ok
[2026-09-26T12:23:35.295Z] I (2393686) RouteLoom: HIL LINK rx peer=1 type=41 cid=3323990907 current=0 status=5 seq=247
[2026-09-26T12:23:36.347Z] I (2394739) RouteLoom: HIL LINK rx peer=1 type=32 cid=3323990907 current=0 status=5 seq=502
[2026-09-26T12:23:36.706Z] I (2395098) RouteLoom: HIL LINK tx peer=3 type=32 cid=2012011145 seq=1002
[2026-09-26T12:23:39.190Z] I (2397581) RouteLoom: HIL LINK rx peer=3 type=32 cid=1248202803 current=0 status=5 seq=53
[2026-09-26T12:23:39.207Z] I (2397599) RouteLoom: HIL LINK tx peer=1 type=32 cid=3033459679 seq=1003
[2026-09-26T12:23:39.518Z] I (2397909) RouteLoom: HIL LINK rx peer=1 type=16 cid=3323990907 current=0 status=5 seq=121
[2026-09-26T12:23:39.524Z] I (2397915) RouteLoom: HIL LINK tx peer=1 type=17 cid=3033459679 seq=121
[2026-09-26T12:23:39.534Z] I (2397926) RouteLoom: HIL LINK tx peer=3 type=16 cid=2012011145 seq=121
[2026-09-26T12:23:39.554Z] I (2397946) RouteLoom: HIL LINK rx peer=3 type=17 cid=1248202803 current=0 status=5 seq=121
[2026-09-26T12:23:39.567Z] I (2397958) RouteLoom: HIL LINK rx peer=3 type=18 cid=1248202803 current=0 status=5 seq=121
[2026-09-26T12:23:39.573Z] I (2397964) RouteLoom: HIL LINK tx peer=3 type=17 cid=2012011145 seq=121
[2026-09-26T12:23:39.583Z] I (2397975) RouteLoom: HIL LINK tx peer=1 type=18 cid=3033459679 seq=121
[2026-09-26T12:23:39.606Z] I (2397997) RouteLoom: HIL LINK rx peer=1 type=17 cid=3323990907 current=0 status=5 seq=121
[2026-09-26T12:23:41.349Z] I (2399740) RouteLoom: HIL LINK rx peer=1 type=32 cid=3323990907 current=0 status=5 seq=503
[2026-09-26T12:23:41.707Z] I (2400099) RouteLoom: HIL LINK tx peer=3 type=32 cid=2012011145 seq=1004
[2026-09-26T12:23:42.068Z] I (2400459) RouteLoom: stack hwm main 11092 B
[2026-09-26T12:23:42.068Z] I (2400459) RouteLoom: HIL HEAP free=21720 largest=18432 min=20912 B
[2026-09-26T12:23:42.078Z] I (2400460) RouteLoom: HIL DISCOVERY candidates=0 neighbors=2 capacity=0 auth=13 stale=1 probes=272 send_failures=41 kind_rejects=8
[2026-09-26T12:23:42.086Z] I (2400470) RouteLoom: HIL ROUTE peer=1 phase=5 via=1 metric=1 generation=278 seq=1
[2026-09-26T12:23:42.093Z] I (2400477) RouteLoom: HIL ROUTE peer=3 phase=5 via=3 metric=1 generation=99 seq=1
[2026-09-26T12:23:44.192Z] I (2402583) RouteLoom: HIL LINK rx peer=3 type=32 cid=1248202803 current=0 status=5 seq=54
[2026-09-26T12:23:44.210Z] I (2402601) RouteLoom: HIL LINK tx peer=1 type=32 cid=3033459679 seq=1005
[2026-09-26T12:23:44.362Z] I (2402753) RouteLoom: HIL PROBE tx peer=3 type=40 status=0 detail=ok
[2026-09-26T12:23:44.378Z] I (2402770) RouteLoom: HIL LINK rx peer=3 type=41 cid=1248202803 current=0 status=5 seq=27
[2026-09-26T12:23:45.294Z] I (2403685) RouteLoom: HIL LINK rx peer=1 type=40 cid=3323990907 current=0 status=5 seq=248
[2026-09-26T12:23:45.299Z] I (2403689) RouteLoom: HIL PROBE tx peer=1 type=41 status=0 detail=ok
[2026-09-26T12:23:46.350Z] I (2404741) RouteLoom: HIL LINK rx peer=1 type=32 cid=3323990907 current=0 status=5 seq=504
[2026-09-26T12:23:46.711Z] I (2405103) RouteLoom: HIL LINK tx peer=3 type=32 cid=2012011145 seq=1006
[2026-09-26T12:23:49.192Z] I (2407583) RouteLoom: HIL LINK rx peer=3 type=32 cid=1248202803 current=0 status=5 seq=55
[2026-09-26T12:23:49.212Z] I (2407604) RouteLoom: HIL LINK tx peer=1 type=32 cid=3033459679 seq=1007
[2026-09-26T12:23:51.350Z] I (2409742) RouteLoom: HIL LINK rx peer=1 type=32 cid=3323990907 current=0 status=5 seq=505
[2026-09-26T12:23:51.713Z] I (2410104) RouteLoom: HIL LINK tx peer=3 type=32 cid=2012011145 seq=1008
[2026-09-26T12:23:54.192Z] I (2412583) RouteLoom: HIL LINK rx peer=3 type=32 cid=1248202803 current=0 status=5 seq=56
[2026-09-26T12:23:54.213Z] I (2412604) RouteLoom: HIL LINK tx peer=1 type=32 cid=3033459679 seq=1009
[2026-09-26T12:23:54.378Z] I (2412769) RouteLoom: HIL LINK rx peer=3 type=40 cid=1248202803 current=0 status=5 seq=28
[2026-09-26T12:23:54.382Z] I (2412773) RouteLoom: HIL PROBE tx peer=3 type=41 status=0 detail=ok
[2026-09-26T12:23:55.296Z] I (2413687) RouteLoom: HIL PROBE tx peer=1 type=40 status=0 detail=ok
[2026-09-26T12:23:55.314Z] I (2413705) RouteLoom: HIL LINK rx peer=1 type=41 cid=3323990907 current=0 status=5 seq=249
[2026-09-26T12:23:56.353Z] I (2414744) RouteLoom: HIL LINK rx peer=1 type=32 cid=3323990907 current=0 status=5 seq=506
[2026-09-26T12:23:56.713Z] I (2415104) RouteLoom: HIL LINK tx peer=3 type=32 cid=2012011145 seq=1010
[2026-09-26T12:23:59.193Z] I (2417584) RouteLoom: HIL LINK rx peer=3 type=32 cid=1248202803 current=0 status=5 seq=57
[2026-09-26T12:23:59.213Z] I (2417604) RouteLoom: HIL LINK tx peer=1 type=32 cid=3033459679 seq=1011
[2026-09-26T12:24:01.354Z] I (2419745) RouteLoom: HIL LINK rx peer=1 type=32 cid=3323990907 current=0 status=5 seq=507
[2026-09-26T12:24:01.713Z] I (2420104) RouteLoom: HIL LINK tx peer=3 type=32 cid=2012011145 seq=1012
[2026-09-26T12:24:04.196Z] I (2422586) RouteLoom: HIL LINK rx peer=3 type=32 cid=1248202803 current=0 status=5 seq=58
[2026-09-26T12:24:04.213Z] I (2422604) RouteLoom: HIL LINK tx peer=1 type=32 cid=3033459679 seq=1013
[2026-09-26T12:24:04.380Z] I (2422771) RouteLoom: HIL PROBE tx peer=3 type=40 status=0 detail=ok
[2026-09-26T12:24:04.397Z] I (2422788) RouteLoom: HIL LINK rx peer=3 type=41 cid=1248202803 current=0 status=5 seq=29
[2026-09-26T12:24:05.312Z] I (2423703) RouteLoom: HIL LINK rx peer=1 type=40 cid=3323990907 current=0 status=5 seq=250
[2026-09-26T12:24:05.316Z] I (2423707) RouteLoom: HIL PROBE tx peer=1 type=41 status=0 detail=ok
[2026-09-26T12:24:06.356Z] I (2424747) RouteLoom: HIL LINK rx peer=1 type=32 cid=3323990907 current=0 status=5 seq=508
[2026-09-26T12:24:06.715Z] I (2425106) RouteLoom: HIL LINK tx peer=3 type=32 cid=2012011145 seq=1014
[2026-09-26T12:24:09.195Z] I (2427586) RouteLoom: HIL LINK rx peer=3 type=32 cid=1248202803 current=0 status=5 seq=59
[2026-09-26T12:24:09.215Z] I (2427606) RouteLoom: HIL LINK tx peer=1 type=32 cid=3033459679 seq=1015
[2026-09-26T12:24:09.522Z] I (2427910) RouteLoom: HIL LINK rx peer=1 type=16 cid=3323990907 current=0 status=5 seq=122
[2026-09-26T12:24:09.525Z] I (2427916) RouteLoom: HIL LINK tx peer=1 type=17 cid=3033459679 seq=122
[2026-09-26T12:24:09.536Z] I (2427927) RouteLoom: HIL LINK tx peer=3 type=16 cid=2012011145 seq=122
[2026-09-26T12:24:09.556Z] I (2427947) RouteLoom: HIL LINK rx peer=3 type=17 cid=1248202803 current=0 status=5 seq=122
[2026-09-26T12:24:09.569Z] I (2427959) RouteLoom: HIL LINK rx peer=3 type=18 cid=1248202803 current=0 status=5 seq=122
[2026-09-26T12:24:09.574Z] I (2427965) RouteLoom: HIL LINK tx peer=3 type=17 cid=2012011145 seq=122
[2026-09-26T12:24:09.585Z] I (2427976) RouteLoom: HIL LINK tx peer=1 type=18 cid=3033459679 seq=122
[2026-09-26T12:24:09.606Z] I (2427997) RouteLoom: HIL LINK rx peer=1 type=17 cid=3323990907 current=0 status=5 seq=122
[2026-09-26T12:24:11.357Z] I (2429747) RouteLoom: HIL LINK rx peer=1 type=32 cid=3323990907 current=0 status=5 seq=509
[2026-09-26T12:24:11.716Z] I (2430107) RouteLoom: HIL LINK tx peer=3 type=32 cid=2012011145 seq=1016
[2026-09-26T12:24:14.196Z] I (2432587) RouteLoom: HIL LINK rx peer=3 type=32 cid=1248202803 current=0 status=5 seq=60
[2026-09-26T12:24:14.216Z] I (2432607) RouteLoom: HIL LINK tx peer=1 type=32 cid=3033459679 seq=1017
[2026-09-26T12:24:14.395Z] I (2432786) RouteLoom: HIL LINK rx peer=3 type=40 cid=1248202803 current=0 status=5 seq=30
[2026-09-26T12:24:14.399Z] I (2432789) RouteLoom: HIL PROBE tx peer=3 type=41 status=0 detail=ok
[2026-09-26T12:24:15.315Z] I (2433706) RouteLoom: HIL PROBE tx peer=1 type=40 status=0 detail=ok
[2026-09-26T12:24:15.334Z] I (2433724) RouteLoom: HIL LINK rx peer=1 type=41 cid=3323990907 current=0 status=5 seq=251
[2026-09-26T12:24:16.358Z] I (2434748) RouteLoom: HIL LINK rx peer=1 type=32 cid=3323990907 current=0 status=5 seq=510
[2026-09-26T12:24:16.717Z] I (2435108) RouteLoom: HIL LINK tx peer=3 type=32 cid=2012011145 seq=1018
[2026-09-26T12:24:19.197Z] I (2437588) RouteLoom: HIL LINK rx peer=3 type=32 cid=1248202803 current=0 status=5 seq=61
[2026-09-26T12:24:19.217Z] I (2437608) RouteLoom: HIL LINK tx peer=1 type=32 cid=3033459679 seq=1019
[2026-09-26T12:24:21.358Z] I (2439749) RouteLoom: HIL LINK rx peer=1 type=32 cid=3323990907 current=0 status=5 seq=511
[2026-09-26T12:24:21.718Z] I (2440108) RouteLoom: HIL LINK tx peer=3 type=32 cid=2012011145 seq=1020
[2026-09-26T12:24:24.200Z] I (2442590) RouteLoom: HIL LINK rx peer=3 type=32 cid=1248202803 current=0 status=5 seq=62
[2026-09-26T12:24:24.217Z] I (2442608) RouteLoom: HIL LINK tx peer=1 type=32 cid=3033459679 seq=1021
[2026-09-26T12:24:24.397Z] I (2442788) RouteLoom: HIL PROBE tx peer=3 type=40 status=0 detail=ok
[2026-09-26T12:24:24.414Z] I (2442805) RouteLoom: HIL LINK rx peer=3 type=41 cid=1248202803 current=0 status=5 seq=31
[2026-09-26T12:24:25.331Z] I (2443722) RouteLoom: HIL LINK rx peer=1 type=40 cid=3323990907 current=0 status=5 seq=252
[2026-09-26T12:24:25.335Z] I (2443726) RouteLoom: HIL PROBE tx peer=1 type=41 status=0 detail=ok
[2026-09-26T12:24:26.360Z] I (2444751) RouteLoom: HIL LINK rx peer=1 type=32 cid=3323990907 current=0 status=5 seq=512
[2026-09-26T12:24:26.719Z] I (2445110) RouteLoom: HIL LINK tx peer=3 type=32 cid=2012011145 seq=1022
[2026-09-26T12:24:29.204Z] I (2447591) RouteLoom: HIL LINK rx peer=3 type=32 cid=1248202803 current=0 status=5 seq=63
[2026-09-26T12:24:29.222Z] I (2447612) RouteLoom: HIL LINK tx peer=1 type=32 cid=3033459679 seq=1023
[2026-09-26T12:24:31.362Z] I (2449753) RouteLoom: HIL LINK rx peer=1 type=32 cid=3323990907 current=0 status=5 seq=513
[2026-09-26T12:24:31.721Z] I (2450112) RouteLoom: HIL LINK tx peer=3 type=32 cid=2012011145 seq=1024
[2026-09-26T12:24:34.202Z] I (2452592) RouteLoom: HIL LINK rx peer=3 type=32 cid=1248202803 current=0 status=5 seq=64
[2026-09-26T12:24:34.221Z] I (2452612) RouteLoom: HIL LINK tx peer=1 type=32 cid=3033459679 seq=1025
[2026-09-26T12:24:34.412Z] I (2452802) RouteLoom: HIL LINK rx peer=3 type=40 cid=1248202803 current=0 status=5 seq=32
[2026-09-26T12:24:34.416Z] I (2452806) RouteLoom: HIL PROBE tx peer=3 type=41 status=0 detail=ok
[2026-09-26T12:24:35.335Z] I (2453726) RouteLoom: HIL PROBE tx peer=1 type=40 status=0 detail=ok
[2026-09-26T12:24:35.353Z] I (2453743) RouteLoom: HIL LINK rx peer=1 type=41 cid=3323990907 current=0 status=5 seq=253
[2026-09-26T12:24:36.364Z] I (2454755) RouteLoom: HIL LINK rx peer=1 type=32 cid=3323990907 current=0 status=5 seq=514
[2026-09-26T12:24:36.723Z] I (2455114) RouteLoom: HIL LINK tx peer=3 type=32 cid=2012011145 seq=1026
[2026-09-26T12:24:39.203Z] I (2457593) RouteLoom: HIL LINK rx peer=3 type=32 cid=1248202803 current=0 status=5 seq=65
[2026-09-26T12:24:39.223Z] I (2457614) RouteLoom: HIL LINK tx peer=1 type=32 cid=3033459679 seq=1027
[2026-09-26T12:24:39.519Z] I (2457909) RouteLoom: HIL LINK rx peer=1 type=16 cid=3323990907 current=0 status=5 seq=123
[2026-09-26T12:24:39.525Z] I (2457915) RouteLoom: HIL LINK tx peer=1 type=17 cid=3033459679 seq=123
[2026-09-26T12:24:39.535Z] I (2457926) RouteLoom: HIL LINK tx peer=3 type=16 cid=2012011145 seq=123
[2026-09-26T12:24:39.555Z] I (2457946) RouteLoom: HIL LINK rx peer=3 type=17 cid=1248202803 current=0 status=5 seq=123
[2026-09-26T12:24:39.568Z] I (2457958) RouteLoom: HIL LINK rx peer=3 type=18 cid=1248202803 current=0 status=5 seq=123
[2026-09-26T12:24:39.574Z] I (2457964) RouteLoom: HIL LINK tx peer=3 type=17 cid=2012011145 seq=123
[2026-09-26T12:24:39.584Z] I (2457975) RouteLoom: HIL LINK tx peer=1 type=18 cid=3033459679 seq=123
[2026-09-26T12:24:39.606Z] I (2457996) RouteLoom: HIL LINK rx peer=1 type=17 cid=3323990907 current=0 status=5 seq=123
[2026-09-26T12:24:41.365Z] I (2459755) RouteLoom: HIL LINK rx peer=1 type=32 cid=3323990907 current=0 status=5 seq=515
[2026-09-26T12:24:41.724Z] I (2460115) RouteLoom: HIL LINK tx peer=3 type=32 cid=2012011145 seq=1028
[2026-09-26T12:24:42.070Z] I (2460460) RouteLoom: stack hwm main 11092 B
[2026-09-26T12:24:42.070Z] I (2460460) RouteLoom: HIL HEAP free=21720 largest=18432 min=20912 B
[2026-09-26T12:24:42.081Z] I (2460461) RouteLoom: HIL DISCOVERY candidates=0 neighbors=2 capacity=0 auth=13 stale=1 probes=278 send_failures=41 kind_rejects=8
[2026-09-26T12:24:42.088Z] I (2460471) RouteLoom: HIL ROUTE peer=1 phase=5 via=1 metric=1 generation=278 seq=1
[2026-09-26T12:24:42.095Z] I (2460478) RouteLoom: HIL ROUTE peer=3 phase=5 via=3 metric=1 generation=99 seq=1
[2026-09-26T12:24:43.651Z] I (2462042) RouteLoom: HIL RLD1 rx claimed=3 phase=5 step=1
[2026-09-26T12:24:43.659Z] I (2462049) RouteLoom: HIL RLD1 tx claimed=2 phase=5 step=2
[2026-09-26T12:24:43.681Z] I (2462072) RouteLoom: HIL RLD1 rx claimed=3 phase=5 step=3
[2026-09-26T12:24:43.690Z] I (2462080) RouteLoom: HIL LINK rx peer=3 type=40 cid=1456970097 current=0 status=5 seq=1
[2026-09-26T12:24:43.695Z] W (2462081) RouteLoomRef: diagnostic reason=session unknown context peer=3 message=none
[2026-09-26T12:24:44.159Z] I (2462550) RouteLoom: HIL RLD1 tx claimed=2 phase=5 step=2
[2026-09-26T12:24:44.172Z] I (2462563) RouteLoom: HIL RLD1 rx claimed=3 phase=5 step=3
[2026-09-26T12:24:44.174Z] HIL resume R3 installed peer=3 tx=3850325330 rx=1456970097
[2026-09-26T12:24:44.178Z] I (2462568) RouteLoom: HIL PROBE tx peer=3 type=40 status=0 detail=ok
[2026-09-26T12:24:44.190Z] I (2462580) RouteLoom: HIL LINK tx peer=1 type=32 cid=3033459679 seq=1029
[2026-09-26T12:24:44.196Z] I (2462586) RouteLoom: HIL LINK rx peer=3 type=41 cid=1456970097 current=0 status=5 seq=2
[2026-09-26T12:24:44.198Z] I (2462588) RouteLoomRef: discovery event=REACHABLE peer=3
[2026-09-26T12:24:44.204Z] W (2462588) RouteLoomRef: diagnostic reason=REACHABLE peer=3 message=none
[2026-09-26T12:24:44.211Z] I (2462600) RouteLoom: HIL LINK tx peer=1 type=32 cid=3033459679 seq=1030
[2026-09-26T12:24:44.225Z] I (2462615) RouteLoom: HIL LINK rx peer=1 type=34 cid=3323990907 current=0 status=5 seq=516
[2026-09-26T12:24:44.229Z] W (2462617) RouteLoomRef: diagnostic reason=SEQNO_REQUEST_NO_PATH peer=1 message=present
[2026-09-26T12:24:44.238Z] I (2462628) RouteLoom: HIL LINK rx peer=1 type=32 cid=3323990907 current=0 status=5 seq=517
[2026-09-26T12:24:44.675Z] I (2463066) RouteLoom: HIL RLD1 rx claimed=3 phase=5 step=3
[2026-09-26T12:24:45.177Z] I (2463567) RouteLoom: HIL RLD1 rx claimed=3 phase=5 step=3
[2026-09-26T12:24:45.353Z] I (2463743) RouteLoom: HIL LINK rx peer=1 type=40 cid=3323990907 current=0 status=5 seq=254
[2026-09-26T12:24:45.356Z] I (2463747) RouteLoom: HIL PROBE tx peer=1 type=41 status=0 detail=ok
[2026-09-26T12:24:45.679Z] I (2464069) RouteLoom: HIL LINK rx peer=3 type=40 cid=1456970097 current=0 status=5 seq=3
[2026-09-26T12:24:45.683Z] I (2464073) RouteLoom: HIL PROBE tx peer=3 type=41 status=0 detail=ok
[2026-09-26T12:24:45.710Z] I (2464099) RouteLoom: HIL LINK rx peer=3 type=32 cid=1456970097 current=0 status=5 seq=1
[2026-09-26T12:24:45.713Z] W (2464101) RouteLoomRef: diagnostic reason=PEER_RESTARTED_ROUTES_FLUSHED peer=3 message=none
[2026-09-26T12:24:45.723Z] I (2464114) RouteLoom: HIL LINK tx peer=3 type=32 cid=3850325330 seq=1031
[2026-09-26T12:24:45.735Z] I (2464125) RouteLoom: HIL LINK tx peer=1 type=32 cid=3033459679 seq=1032
[2026-09-26T12:24:45.739Z] I (2464129) RouteLoom: HIL LINK rx peer=3 type=32 cid=1456970097 current=0 status=5 seq=2
[2026-09-26T12:24:45.776Z] I (2464166) RouteLoom: HIL LINK rx peer=1 type=32 cid=3323990907 current=0 status=5 seq=518
[2026-09-26T12:24:46.364Z] I (2464755) RouteLoom: HIL LINK rx peer=1 type=32 cid=3323990907 current=0 status=5 seq=519
[2026-09-26T12:24:46.699Z] I (2465090) RouteLoom: HIL LINK tx peer=3 type=32 cid=3850325330 seq=1033
[2026-09-26T12:24:46.779Z] I (2465169) RouteLoom: HIL LINK rx peer=3 type=32 cid=1456970097 current=0 status=5 seq=3
[2026-09-26T12:24:49.199Z] I (2467590) RouteLoom: HIL LINK tx peer=1 type=32 cid=3033459679 seq=1034
[2026-09-26T12:24:50.702Z] I (2469092) RouteLoom: HIL LINK rx peer=3 type=32 cid=1456970097 current=0 status=5 seq=4
[2026-09-26T12:24:51.365Z] I (2469755) RouteLoom: HIL LINK rx peer=1 type=32 cid=3323990907 current=0 status=5 seq=520
[2026-09-26T12:24:51.700Z] I (2470091) RouteLoom: HIL LINK tx peer=3 type=32 cid=3850325330 seq=1035
[2026-09-26T12:24:54.202Z] I (2472593) RouteLoom: HIL LINK tx peer=1 type=32 cid=3033459679 seq=1036
[2026-09-26T12:24:55.365Z] I (2473747) RouteLoom: HIL PROBE tx peer=1 type=40 status=0 detail=ok
[2026-09-26T12:24:55.377Z] I (2473765) RouteLoom: HIL LINK rx peer=1 type=41 cid=3323990907 current=0 status=5 seq=255
[2026-09-26T12:24:55.682Z] I (2474073) RouteLoom: HIL PROBE tx peer=3 type=40 status=0 detail=ok
[2026-09-26T12:24:55.700Z] I (2474090) RouteLoom: HIL LINK rx peer=3 type=41 cid=1456970097 current=0 status=5 seq=4
[2026-09-26T12:24:55.710Z] I (2474100) RouteLoom: HIL LINK rx peer=3 type=32 cid=1456970097 current=0 status=5 seq=5
[2026-09-26T12:24:56.368Z] I (2474756) RouteLoom: HIL LINK rx peer=1 type=32 cid=3323990907 current=0 status=5 seq=521
[2026-09-26T12:24:56.704Z] I (2475094) RouteLoom: HIL LINK tx peer=3 type=32 cid=3850325330 seq=1037
[2026-09-26T12:24:59.206Z] I (2477596) RouteLoom: HIL LINK tx peer=1 type=32 cid=3033459679 seq=1038
[2026-09-26T12:25:00.708Z] I (2479098) RouteLoom: HIL LINK rx peer=3 type=32 cid=1456970097 current=0 status=5 seq=6
[2026-09-26T12:25:01.365Z] I (2479756) RouteLoom: HIL LINK rx peer=1 type=32 cid=3323990907 current=0 status=5 seq=522
[2026-09-26T12:25:01.706Z] I (2480097) RouteLoom: HIL LINK tx peer=3 type=32 cid=3850325330 seq=1039
[2026-09-26T12:25:04.208Z] I (2482599) RouteLoom: HIL LINK tx peer=1 type=32 cid=3033459679 seq=1040
[2026-09-26T12:25:05.373Z] I (2483763) RouteLoom: HIL LINK rx peer=1 type=40 cid=3323990907 current=0 status=5 seq=256
[2026-09-26T12:25:05.377Z] I (2483767) RouteLoom: HIL PROBE tx peer=1 type=41 status=0 detail=ok
[2026-09-26T12:25:05.699Z] I (2484089) RouteLoom: HIL LINK rx peer=3 type=40 cid=1456970097 current=0 status=5 seq=5
[2026-09-26T12:25:05.703Z] I (2484093) RouteLoom: HIL PROBE tx peer=3 type=41 status=0 detail=ok
[2026-09-26T12:25:05.710Z] I (2484100) RouteLoom: HIL LINK rx peer=3 type=32 cid=1456970097 current=0 status=5 seq=7
[2026-09-26T12:25:06.365Z] I (2484756) RouteLoom: HIL LINK rx peer=1 type=32 cid=3323990907 current=0 status=5 seq=523
[2026-09-26T12:25:06.709Z] I (2485100) RouteLoom: HIL LINK tx peer=3 type=32 cid=3850325330 seq=1041
[2026-09-26T12:25:09.212Z] I (2487602) RouteLoom: HIL LINK tx peer=1 type=32 cid=3033459679 seq=1042
[2026-09-26T12:25:09.516Z] I (2487906) RouteLoom: HIL LINK rx peer=1 type=16 cid=3323990907 current=0 status=5 seq=124
[2026-09-26T12:25:09.522Z] I (2487912) RouteLoom: HIL LINK tx peer=1 type=17 cid=3033459679 seq=124
[2026-09-26T12:25:09.533Z] I (2487923) RouteLoom: HIL LINK tx peer=3 type=16 cid=3850325330 seq=124
[2026-09-26T12:25:09.561Z] I (2487951) RouteLoom: HIL LINK rx peer=3 type=3 cid=1456970097 current=0 status=5 seq=1
[2026-09-26T12:25:09.566Z] I (2487956) RouteLoom: HIL LINK tx peer=3 type=17 cid=3850325330 seq=1
[2026-09-26T12:25:09.577Z] I (2487968) RouteLoom: HIL LINK tx peer=1 type=3 cid=3033459679 seq=1
[2026-09-26T12:25:09.599Z] I (2487989) RouteLoom: HIL LINK rx peer=1 type=17 cid=3323990907 current=0 status=5 seq=1
[2026-09-26T12:25:09.612Z] I (2488002) RouteLoom: HIL LINK rx peer=1 type=3 cid=3323990907 current=0 status=5 seq=125
[2026-09-26T12:25:09.618Z] I (2488008) RouteLoom: HIL LINK tx peer=1 type=17 cid=3033459679 seq=125
[2026-09-26T12:25:09.625Z] I (2488015) RouteLoom: HIL LINK rx peer=1 type=3 cid=3323990907 current=0 status=5 seq=126
[2026-09-26T12:25:09.636Z] I (2488026) RouteLoom: HIL LINK tx peer=1 type=17 cid=3033459679 seq=126
[2026-09-26T12:25:09.647Z] I (2488037) RouteLoom: HIL LINK tx peer=3 type=16 cid=3850325330 seq=124
[2026-09-26T12:25:09.658Z] I (2488048) RouteLoom: HIL LINK tx peer=3 type=3 cid=3850325330 seq=125
[2026-09-26T12:25:09.678Z] I (2488068) RouteLoom: HIL LINK rx peer=3 type=17 cid=1456970097 current=0 status=5 seq=125
[2026-09-26T12:25:09.683Z] I (2488073) RouteLoom: HIL LINK tx peer=3 type=3 cid=3850325330 seq=126
[2026-09-26T12:25:09.699Z] I (2488089) RouteLoom: HIL LINK rx peer=3 type=3 cid=1456970097 current=0 status=5 seq=2
[2026-09-26T12:25:09.713Z] I (2488103) RouteLoom: HIL LINK tx peer=3 type=17 cid=3850325330 seq=2
[2026-09-26T12:25:09.725Z] I (2488115) RouteLoom: HIL LINK tx peer=1 type=3 cid=3033459679 seq=2
[2026-09-26T12:25:09.728Z] I (2488117) RouteLoom: HIL LINK rx peer=3 type=17 cid=1456970097 current=0 status=5 seq=126
[2026-09-26T12:25:09.738Z] I (2488128) RouteLoom: HIL LINK tx peer=1 type=48 cid=3033459679 seq=1043
[2026-09-26T12:25:09.754Z] I (2488144) RouteLoom: HIL LINK rx peer=1 type=17 cid=3323990907 current=0 status=5 seq=2
[2026-09-26T12:25:10.185Z] I (2488575) RouteLoom: HIL LINK rx peer=3 type=3 cid=1456970097 current=0 status=5 seq=3
[2026-09-26T12:25:10.191Z] I (2488581) RouteLoom: HIL LINK tx peer=3 type=17 cid=3850325330 seq=3
[2026-09-26T12:25:10.202Z] I (2488592) RouteLoom: HIL LINK tx peer=1 type=3 cid=3033459679 seq=3
[2026-09-26T12:25:10.221Z] I (2488611) RouteLoom: HIL LINK rx peer=1 type=17 cid=3323990907 current=0 status=5 seq=3
[2026-09-26T12:25:10.686Z] I (2489076) RouteLoom: HIL LINK rx peer=3 type=3 cid=1456970097 current=0 status=5 seq=4
[2026-09-26T12:25:10.692Z] I (2489082) RouteLoom: HIL LINK tx peer=3 type=17 cid=3850325330 seq=4
[2026-09-26T12:25:10.703Z] I (2489093) RouteLoom: HIL LINK tx peer=1 type=3 cid=3033459679 seq=4
[2026-09-26T12:25:10.718Z] I (2489108) RouteLoom: HIL LINK rx peer=3 type=32 cid=1456970097 current=0 status=5 seq=8
[2026-09-26T12:25:10.725Z] I (2489115) RouteLoom: HIL LINK rx peer=1 type=17 cid=3323990907 current=0 status=5 seq=4
[2026-09-26T12:25:10.741Z] I (2489131) RouteLoom: HIL LINK rx peer=1 type=16 cid=3323990907 current=0 status=5 seq=124
[2026-09-26T12:25:10.747Z] I (2489137) RouteLoom: HIL LINK tx peer=1 type=17 cid=3033459679 seq=124
[2026-09-26T12:25:10.758Z] I (2489148) RouteLoom: HIL LINK tx peer=3 type=16 cid=3850325330 seq=124
[2026-09-26T12:25:10.779Z] I (2489169) RouteLoom: HIL LINK rx peer=3 type=17 cid=1456970097 current=0 status=5 seq=124
[2026-09-26T12:25:10.791Z] I (2489181) RouteLoom: HIL LINK rx peer=3 type=18 cid=1456970097 current=0 status=5 seq=124
[2026-09-26T12:25:10.796Z] I (2489186) RouteLoom: HIL LINK tx peer=3 type=17 cid=3850325330 seq=124
[2026-09-26T12:25:10.807Z] I (2489198) RouteLoom: HIL LINK tx peer=1 type=18 cid=3033459679 seq=124
[2026-09-26T12:25:10.823Z] I (2489213) RouteLoom: HIL LINK rx peer=3 type=32 cid=1456970097 current=0 status=5 seq=9
[2026-09-26T12:25:10.830Z] I (2489220) RouteLoom: HIL LINK rx peer=1 type=17 cid=3323990907 current=0 status=5 seq=124
[2026-09-26T12:25:11.188Z] I (2489578) RouteLoom: HIL LINK rx peer=3 type=3 cid=1456970097 current=0 status=5 seq=5
[2026-09-26T12:25:11.194Z] I (2489584) RouteLoom: HIL LINK tx peer=3 type=17 cid=3850325330 seq=5
[2026-09-26T12:25:11.205Z] I (2489595) RouteLoom: HIL LINK tx peer=1 type=3 cid=3033459679 seq=5
[2026-09-26T12:25:11.227Z] I (2489617) RouteLoom: HIL LINK rx peer=1 type=17 cid=3323990907 current=0 status=5 seq=5
[2026-09-26T12:25:11.366Z] I (2489756) RouteLoom: HIL LINK rx peer=1 type=32 cid=3323990907 current=0 status=5 seq=524
[2026-09-26T12:25:11.714Z] I (2490104) RouteLoom: HIL LINK tx peer=3 type=32 cid=3850325330 seq=1044
[2026-09-26T12:25:11.838Z] I (2490228) RouteLoom: HIL LINK rx peer=3 type=32 cid=1456970097 current=0 status=5 seq=10
[2026-09-26T12:25:12.873Z] I (2491263) RouteLoom: HIL LINK rx peer=3 type=32 cid=1456970097 current=0 status=5 seq=11
[2026-09-26T12:25:14.216Z] I (2492606) RouteLoom: HIL LINK tx peer=1 type=32 cid=3033459679 seq=1045
[2026-09-26T12:25:15.375Z] I (2493765) RouteLoom: HIL PROBE tx peer=1 type=40 status=0 detail=ok
[2026-09-26T12:25:15.393Z] I (2493783) RouteLoom: HIL LINK rx peer=1 type=41 cid=3323990907 current=0 status=5 seq=257
[2026-09-26T12:25:15.703Z] I (2494093) RouteLoom: HIL PROBE tx peer=3 type=40 status=0 detail=ok
[2026-09-26T12:25:15.719Z] I (2494108) RouteLoom: HIL LINK rx peer=3 type=32 cid=1456970097 current=0 status=5 seq=12
[2026-09-26T12:25:16.366Z] I (2494756) RouteLoom: HIL LINK rx peer=1 type=32 cid=3323990907 current=0 status=5 seq=525
[2026-09-26T12:25:16.716Z] I (2495106) RouteLoom: HIL LINK tx peer=3 type=32 cid=3850325330 seq=1046
[2026-09-26T12:25:17.705Z] I (2496095) RouteLoom: HIL PROBE tx peer=3 type=40 status=0 detail=ok
[2026-09-26T12:25:17.722Z] I (2496112) RouteLoom: HIL LINK rx peer=3 type=41 cid=1456970097 current=0 status=5 seq=7
[2026-09-26T12:25:19.218Z] I (2497608) RouteLoom: HIL LINK tx peer=1 type=32 cid=3033459679 seq=1047
[2026-09-26T12:25:20.717Z] I (2499106) RouteLoom: HIL LINK rx peer=3 type=32 cid=1456970097 current=0 status=5 seq=13
[2026-09-26T12:25:21.366Z] I (2499756) RouteLoom: HIL LINK rx peer=1 type=32 cid=3323990907 current=0 status=5 seq=526
[2026-09-26T12:25:21.719Z] I (2500109) RouteLoom: HIL LINK tx peer=3 type=32 cid=3850325330 seq=1048
[2026-09-26T12:25:24.221Z] I (2502611) RouteLoom: HIL LINK tx peer=1 type=32 cid=3033459679 seq=1049
[2026-09-26T12:25:25.391Z] I (2503781) RouteLoom: HIL LINK rx peer=1 type=40 cid=3323990907 current=0 status=5 seq=258
[2026-09-26T12:25:25.395Z] I (2503785) RouteLoom: HIL PROBE tx peer=1 type=41 status=0 detail=ok
[2026-09-26T12:25:25.718Z] I (2504107) RouteLoom: HIL LINK rx peer=3 type=32 cid=1456970097 current=0 status=5 seq=14
[2026-09-26T12:25:26.367Z] I (2504756) RouteLoom: HIL LINK rx peer=1 type=32 cid=3323990907 current=0 status=5 seq=527
[2026-09-26T12:25:26.723Z] I (2505113) RouteLoom: HIL LINK tx peer=3 type=32 cid=3850325330 seq=1050
[2026-09-26T12:25:27.724Z] I (2506110) RouteLoom: HIL LINK rx peer=3 type=40 cid=1456970097 current=0 status=5 seq=8
[2026-09-26T12:25:27.725Z] I (2506114) RouteLoom: HIL PROBE tx peer=3 type=41 status=0 detail=ok
[2026-09-26T12:25:29.224Z] I (2507614) RouteLoom: HIL LINK tx peer=1 type=32 cid=3033459679 seq=1051
[2026-09-26T12:25:30.717Z] I (2509107) RouteLoom: HIL LINK rx peer=3 type=32 cid=1456970097 current=0 status=5 seq=15
[2026-09-26T12:25:31.369Z] I (2509758) RouteLoom: HIL LINK rx peer=1 type=32 cid=3323990907 current=0 status=5 seq=528
[2026-09-26T12:25:31.725Z] I (2510115) RouteLoom: HIL LINK tx peer=3 type=32 cid=3850325330 seq=1052
[2026-09-26T12:25:34.227Z] I (2512617) RouteLoom: HIL LINK tx peer=1 type=32 cid=3033459679 seq=1053
[2026-09-26T12:25:35.393Z] I (2513783) RouteLoom: HIL PROBE tx peer=1 type=40 status=0 detail=ok
[2026-09-26T12:25:35.412Z] I (2513801) RouteLoom: HIL LINK rx peer=1 type=41 cid=3323990907 current=0 status=5 seq=259
[2026-09-26T12:25:35.719Z] I (2514109) RouteLoom: HIL LINK rx peer=3 type=32 cid=1456970097 current=0 status=5 seq=16
[2026-09-26T12:25:36.369Z] I (2514759) RouteLoom: HIL LINK rx peer=1 type=32 cid=3323990907 current=0 status=5 seq=529
[2026-09-26T12:25:36.728Z] I (2515118) RouteLoom: HIL LINK tx peer=3 type=32 cid=3850325330 seq=1054
[2026-09-26T12:25:37.723Z] I (2516113) RouteLoom: HIL PROBE tx peer=3 type=40 status=0 detail=ok
[2026-09-26T12:25:37.740Z] I (2516130) RouteLoom: HIL LINK rx peer=3 type=41 cid=1456970097 current=0 status=5 seq=9
[2026-09-26T12:25:39.230Z] I (2517620) RouteLoom: HIL LINK tx peer=1 type=32 cid=3033459679 seq=1055
[2026-09-26T12:25:39.523Z] I (2517912) RouteLoom: HIL LINK rx peer=1 type=16 cid=3323990907 current=0 status=5 seq=127
[2026-09-26T12:25:39.530Z] I (2517918) RouteLoom: HIL LINK tx peer=1 type=17 cid=3033459679 seq=127
[2026-09-26T12:25:39.539Z] I (2517929) RouteLoom: HIL LINK tx peer=3 type=16 cid=3850325330 seq=127
[2026-09-26T12:25:39.561Z] I (2517950) RouteLoom: HIL LINK rx peer=3 type=17 cid=1456970097 current=0 status=5 seq=127
[2026-09-26T12:25:39.572Z] I (2517962) RouteLoom: HIL LINK rx peer=3 type=18 cid=1456970097 current=0 status=5 seq=127
[2026-09-26T12:25:39.578Z] I (2517967) RouteLoom: HIL LINK tx peer=3 type=17 cid=3850325330 seq=127
[2026-09-26T12:25:39.589Z] I (2517979) RouteLoom: HIL LINK tx peer=1 type=18 cid=3033459679 seq=127
[2026-09-26T12:25:39.610Z] I (2517999) RouteLoom: HIL LINK rx peer=1 type=17 cid=3323990907 current=0 status=5 seq=127
[2026-09-26T12:25:40.721Z] I (2519111) RouteLoom: HIL LINK rx peer=3 type=32 cid=1456970097 current=0 status=5 seq=17
[2026-09-26T12:25:41.371Z] I (2519760) RouteLoom: HIL LINK rx peer=1 type=32 cid=3323990907 current=0 status=5 seq=530
[2026-09-26T12:25:41.730Z] I (2520120) RouteLoom: HIL LINK tx peer=3 type=32 cid=3850325330 seq=1056
[2026-09-26T12:25:42.073Z] I (2520462) RouteLoom: stack hwm main 11092 B
[2026-09-26T12:25:42.073Z] I (2520462) RouteLoom: HIL HEAP free=21720 largest=18432 min=20912 B
[2026-09-26T12:25:42.085Z] I (2520463) RouteLoom: HIL DISCOVERY candidates=0 neighbors=2 capacity=0 auth=14 stale=1 probes=286 send_failures=41 kind_rejects=8
[2026-09-26T12:25:42.090Z] I (2520473) RouteLoom: HIL ROUTE peer=1 phase=5 via=1 metric=1 generation=278 seq=1
[2026-09-26T12:25:42.098Z] I (2520480) RouteLoom: HIL ROUTE peer=3 phase=5 via=3 metric=1 generation=100 seq=1
[2026-09-26T12:25:44.231Z] I (2522621) RouteLoom: HIL LINK tx peer=1 type=32 cid=3033459679 seq=1057
[2026-09-26T12:25:45.410Z] I (2523800) RouteLoom: HIL LINK rx peer=1 type=40 cid=3323990907 current=0 status=5 seq=260
[2026-09-26T12:25:45.414Z] I (2523804) RouteLoom: HIL PROBE tx peer=1 type=41 status=0 detail=ok
[2026-09-26T12:25:45.724Z] I (2524113) RouteLoom: HIL LINK rx peer=3 type=32 cid=1456970097 current=0 status=5 seq=18
[2026-09-26T12:25:46.373Z] I (2524763) RouteLoom: HIL LINK rx peer=1 type=32 cid=3323990907 current=0 status=5 seq=531
[2026-09-26T12:25:46.732Z] I (2525122) RouteLoom: HIL LINK tx peer=3 type=32 cid=3850325330 seq=1058
[2026-09-26T12:25:47.739Z] I (2526128) RouteLoom: HIL LINK rx peer=3 type=40 cid=1456970097 current=0 status=5 seq=10
[2026-09-26T12:25:47.743Z] I (2526132) RouteLoom: HIL PROBE tx peer=3 type=41 status=0 detail=ok
[2026-09-26T12:25:49.233Z] I (2527623) RouteLoom: HIL LINK tx peer=1 type=32 cid=3033459679 seq=1059
[2026-09-26T12:25:50.723Z] I (2529113) RouteLoom: HIL LINK rx peer=3 type=32 cid=1456970097 current=0 status=5 seq=19
[2026-09-26T12:25:51.375Z] I (2529764) RouteLoom: HIL LINK rx peer=1 type=32 cid=3323990907 current=0 status=5 seq=532
[2026-09-26T12:25:51.734Z] I (2530124) RouteLoom: HIL LINK tx peer=3 type=32 cid=3850325330 seq=1060
[2026-09-26T12:25:54.236Z] I (2532626) RouteLoom: HIL LINK tx peer=1 type=32 cid=3033459679 seq=1061
[2026-09-26T12:25:55.414Z] I (2533804) RouteLoom: HIL PROBE tx peer=1 type=40 status=0 detail=ok
[2026-09-26T12:25:55.433Z] I (2533822) RouteLoom: HIL LINK rx peer=1 type=41 cid=3323990907 current=0 status=5 seq=261
[2026-09-26T12:25:55.725Z] I (2534114) RouteLoom: HIL LINK rx peer=3 type=32 cid=1456970097 current=0 status=5 seq=20
[2026-09-26T12:25:56.375Z] I (2534763) RouteLoom: HIL LINK rx peer=1 type=32 cid=3323990907 current=0 status=5 seq=533
[2026-09-26T12:25:56.738Z] I (2535126) RouteLoom: HIL LINK tx peer=3 type=32 cid=3850325330 seq=1062
[2026-09-26T12:25:57.742Z] I (2536132) RouteLoom: HIL PROBE tx peer=3 type=40 status=0 detail=ok
[2026-09-26T12:25:57.761Z] I (2536150) RouteLoom: HIL LINK rx peer=3 type=41 cid=1456970097 current=0 status=5 seq=11
[2026-09-26T12:25:59.236Z] I (2537626) RouteLoom: HIL LINK tx peer=1 type=32 cid=3033459679 seq=1063
[2026-09-26T12:26:00.725Z] I (2539114) RouteLoom: HIL LINK rx peer=3 type=32 cid=1456970097 current=0 status=5 seq=21
[2026-09-26T12:26:01.374Z] I (2539763) RouteLoom: HIL LINK rx peer=1 type=32 cid=3323990907 current=0 status=5 seq=534
[2026-09-26T12:26:01.736Z] I (2540126) RouteLoom: HIL LINK tx peer=3 type=32 cid=3850325330 seq=1064
[2026-09-26T12:26:04.240Z] I (2542628) RouteLoom: HIL LINK tx peer=1 type=32 cid=3033459679 seq=1065
[2026-09-26T12:26:05.432Z] I (2543820) RouteLoom: HIL LINK rx peer=1 type=40 cid=3323990907 current=0 status=5 seq=262
[2026-09-26T12:26:05.435Z] I (2543824) RouteLoom: HIL PROBE tx peer=1 type=41 status=0 detail=ok
[2026-09-26T12:26:05.726Z] I (2544115) RouteLoom: HIL LINK rx peer=3 type=32 cid=1456970097 current=0 status=5 seq=22
[2026-09-26T12:26:06.376Z] I (2544764) RouteLoom: HIL LINK rx peer=1 type=32 cid=3323990907 current=0 status=5 seq=535
[2026-09-26T12:26:06.740Z] I (2545130) RouteLoom: HIL LINK tx peer=3 type=32 cid=3850325330 seq=1066
[2026-09-26T12:26:07.760Z] I (2546149) RouteLoom: HIL LINK rx peer=3 type=40 cid=1456970097 current=0 status=5 seq=12
[2026-09-26T12:26:07.764Z] I (2546153) RouteLoom: HIL PROBE tx peer=3 type=41 status=0 detail=ok
[2026-09-26T12:26:09.242Z] I (2547632) RouteLoom: HIL LINK tx peer=1 type=32 cid=3033459679 seq=1067
[2026-09-26T12:26:09.519Z] I (2547906) RouteLoom: HIL LINK rx peer=1 type=16 cid=3323990907 current=0 status=5 seq=128
[2026-09-26T12:26:09.523Z] I (2547912) RouteLoom: HIL LINK tx peer=1 type=17 cid=3033459679 seq=128
[2026-09-26T12:26:09.551Z] I (2547923) RouteLoom: HIL LINK tx peer=3 type=16 cid=3850325330 seq=128
[2026-09-26T12:26:09.555Z] I (2547944) RouteLoom: HIL LINK rx peer=3 type=17 cid=1456970097 current=0 status=5 seq=128
[2026-09-26T12:26:09.566Z] I (2547955) RouteLoom: HIL LINK rx peer=3 type=18 cid=1456970097 current=0 status=5 seq=128
[2026-09-26T12:26:09.572Z] I (2547961) RouteLoom: HIL LINK tx peer=3 type=17 cid=3850325330 seq=128
[2026-09-26T12:26:09.583Z] I (2547972) RouteLoom: HIL LINK tx peer=1 type=18 cid=3033459679 seq=128
[2026-09-26T12:26:09.605Z] I (2547994) RouteLoom: HIL LINK rx peer=1 type=17 cid=3323990907 current=0 status=5 seq=128
[2026-09-26T12:26:10.728Z] I (2549117) RouteLoom: HIL LINK rx peer=3 type=32 cid=1456970097 current=0 status=5 seq=23
[2026-09-26T12:26:11.378Z] I (2549767) RouteLoom: HIL LINK rx peer=1 type=32 cid=3323990907 current=0 status=5 seq=536
[2026-09-26T12:26:11.743Z] I (2550132) RouteLoom: HIL LINK tx peer=3 type=32 cid=3850325330 seq=1068
[2026-09-26T12:26:14.244Z] I (2552634) RouteLoom: HIL LINK tx peer=1 type=32 cid=3033459679 seq=1069
[2026-09-26T12:26:15.435Z] I (2553824) RouteLoom: HIL PROBE tx peer=1 type=40 status=0 detail=ok
[2026-09-26T12:26:15.453Z] I (2553842) RouteLoom: HIL LINK rx peer=1 type=41 cid=3323990907 current=0 status=5 seq=263
[2026-09-26T12:26:15.728Z] I (2554117) RouteLoom: HIL LINK rx peer=3 type=32 cid=1456970097 current=0 status=5 seq=24
[2026-09-26T12:26:16.379Z] I (2554769) RouteLoom: HIL LINK rx peer=1 type=32 cid=3323990907 current=0 status=5 seq=537
[2026-09-26T12:26:16.744Z] I (2555134) RouteLoom: HIL LINK tx peer=3 type=32 cid=3850325330 seq=1070
[2026-09-26T12:26:17.764Z] I (2556153) RouteLoom: HIL PROBE tx peer=3 type=40 status=0 detail=ok
[2026-09-26T12:26:17.781Z] I (2556170) RouteLoom: HIL LINK rx peer=3 type=41 cid=1456970097 current=0 status=5 seq=13
[2026-09-26T12:26:19.247Z] I (2557636) RouteLoom: HIL LINK tx peer=1 type=32 cid=3033459679 seq=1071
[2026-09-26T12:26:20.731Z] I (2559120) RouteLoom: HIL LINK rx peer=3 type=32 cid=1456970097 current=0 status=5 seq=25
[2026-09-26T12:26:21.380Z] I (2559769) RouteLoom: HIL LINK rx peer=1 type=32 cid=3323990907 current=0 status=5 seq=538
[2026-09-26T12:26:21.749Z] I (2560138) RouteLoom: HIL LINK tx peer=3 type=32 cid=3850325330 seq=1072
[2026-09-26T12:26:24.251Z] I (2562640) RouteLoom: HIL LINK tx peer=1 type=32 cid=3033459679 seq=1073
[2026-09-26T12:26:25.453Z] I (2563841) RouteLoom: HIL LINK rx peer=1 type=40 cid=3323990907 current=0 status=5 seq=264
[2026-09-26T12:26:25.456Z] I (2563845) RouteLoom: HIL PROBE tx peer=1 type=41 status=0 detail=ok
[2026-09-26T12:26:25.731Z] I (2564120) RouteLoom: HIL LINK rx peer=3 type=32 cid=1456970097 current=0 status=5 seq=26
[2026-09-26T12:26:26.383Z] I (2564771) RouteLoom: HIL LINK rx peer=1 type=32 cid=3323990907 current=0 status=5 seq=539
[2026-09-26T12:26:26.751Z] I (2565140) RouteLoom: HIL LINK tx peer=3 type=32 cid=3850325330 seq=1074
[2026-09-26T12:26:27.778Z] I (2566167) RouteLoom: HIL LINK rx peer=3 type=40 cid=1456970097 current=0 status=5 seq=14
[2026-09-26T12:26:27.782Z] I (2566171) RouteLoom: HIL PROBE tx peer=3 type=41 status=0 detail=ok
[2026-09-26T12:26:29.252Z] I (2567641) RouteLoom: HIL LINK tx peer=1 type=32 cid=3033459679 seq=1075
[2026-09-26T12:26:30.733Z] I (2569121) RouteLoom: HIL LINK rx peer=3 type=32 cid=1456970097 current=0 status=5 seq=27
[2026-09-26T12:26:31.385Z] I (2569773) RouteLoom: HIL LINK rx peer=1 type=32 cid=3323990907 current=0 status=5 seq=540
[2026-09-26T12:26:31.753Z] I (2570142) RouteLoom: HIL LINK tx peer=3 type=32 cid=3850325330 seq=1076
[2026-09-26T12:26:34.255Z] I (2572644) RouteLoom: HIL LINK tx peer=1 type=32 cid=3033459679 seq=1077
[2026-09-26T12:26:35.454Z] I (2573843) RouteLoom: HIL PROBE tx peer=1 type=40 status=0 detail=ok
[2026-09-26T12:26:35.473Z] I (2573861) RouteLoom: HIL LINK rx peer=1 type=41 cid=3323990907 current=0 status=5 seq=265
[2026-09-26T12:26:35.733Z] I (2574122) RouteLoom: HIL LINK rx peer=3 type=32 cid=1456970097 current=0 status=5 seq=28
[2026-09-26T12:26:36.385Z] I (2574773) RouteLoom: HIL LINK rx peer=1 type=32 cid=3323990907 current=0 status=5 seq=541
[2026-09-26T12:26:36.756Z] I (2575145) RouteLoom: HIL LINK tx peer=3 type=32 cid=3850325330 seq=1078
[2026-09-26T12:26:37.781Z] I (2576170) RouteLoom: HIL PROBE tx peer=3 type=40 status=0 detail=ok
[2026-09-26T12:26:37.801Z] I (2576188) RouteLoom: HIL LINK rx peer=3 type=41 cid=1456970097 current=0 status=5 seq=15
[2026-09-26T12:26:39.257Z] I (2577646) RouteLoom: HIL LINK tx peer=1 type=32 cid=3033459679 seq=1079
[2026-09-26T12:26:39.520Z] I (2577908) RouteLoom: HIL LINK rx peer=1 type=16 cid=3323990907 current=0 status=5 seq=129
[2026-09-26T12:26:39.525Z] I (2577914) RouteLoom: HIL LINK tx peer=1 type=17 cid=3033459679 seq=129
[2026-09-26T12:26:39.536Z] I (2577925) RouteLoom: HIL LINK tx peer=3 type=16 cid=3850325330 seq=129
[2026-09-26T12:26:39.556Z] I (2577945) RouteLoom: HIL LINK rx peer=3 type=17 cid=1456970097 current=0 status=5 seq=129
[2026-09-26T12:26:39.569Z] I (2577957) RouteLoom: HIL LINK rx peer=3 type=18 cid=1456970097 current=0 status=5 seq=129
[2026-09-26T12:26:39.574Z] I (2577963) RouteLoom: HIL LINK tx peer=3 type=17 cid=3850325330 seq=129
[2026-09-26T12:26:39.585Z] I (2577974) RouteLoom: HIL LINK tx peer=1 type=18 cid=3033459679 seq=129
[2026-09-26T12:26:39.606Z] I (2577995) RouteLoom: HIL LINK rx peer=1 type=17 cid=3323990907 current=0 status=5 seq=129
[2026-09-26T12:26:40.733Z] I (2579122) RouteLoom: HIL LINK rx peer=3 type=32 cid=1456970097 current=0 status=5 seq=29
[2026-09-26T12:26:41.388Z] I (2579776) RouteLoom: HIL LINK rx peer=1 type=32 cid=3323990907 current=0 status=5 seq=542
[2026-09-26T12:26:41.759Z] I (2580148) RouteLoom: HIL LINK tx peer=3 type=32 cid=3850325330 seq=1080
[2026-09-26T12:26:42.075Z] I (2580463) RouteLoom: stack hwm main 11092 B
[2026-09-26T12:26:42.075Z] I (2580463) RouteLoom: HIL HEAP free=21720 largest=18432 min=20912 B
[2026-09-26T12:26:42.085Z] I (2580464) RouteLoom: HIL DISCOVERY candidates=0 neighbors=2 capacity=0 auth=14 stale=1 probes=292 send_failures=41 kind_rejects=8
[2026-09-26T12:26:42.092Z] I (2580474) RouteLoom: HIL ROUTE peer=1 phase=5 via=1 metric=1 generation=278 seq=1
[2026-09-26T12:26:42.100Z] I (2580481) RouteLoom: HIL ROUTE peer=3 phase=5 via=3 metric=1 generation=100 seq=1
[2026-09-26T12:26:44.260Z] I (2582649) RouteLoom: HIL LINK tx peer=1 type=32 cid=3033459679 seq=1081
[2026-09-26T12:26:45.471Z] I (2583859) RouteLoom: HIL LINK rx peer=1 type=40 cid=3323990907 current=0 status=5 seq=266
[2026-09-26T12:26:45.477Z] I (2583863) RouteLoom: HIL PROBE tx peer=1 type=41 status=0 detail=ok
[2026-09-26T12:26:45.735Z] I (2584124) RouteLoom: HIL LINK rx peer=3 type=32 cid=1456970097 current=0 status=5 seq=30
[2026-09-26T12:26:46.388Z] I (2584776) RouteLoom: HIL LINK rx peer=1 type=32 cid=3323990907 current=0 status=5 seq=543
[2026-09-26T12:26:46.762Z] I (2585151) RouteLoom: HIL LINK tx peer=3 type=32 cid=3850325330 seq=1082
[2026-09-26T12:26:47.799Z] I (2586187) RouteLoom: HIL LINK rx peer=3 type=40 cid=1456970097 current=0 status=5 seq=16
[2026-09-26T12:26:47.804Z] I (2586191) RouteLoom: HIL PROBE tx peer=3 type=41 status=0 detail=ok
[2026-09-26T12:26:49.263Z] I (2587652) RouteLoom: HIL LINK tx peer=1 type=32 cid=3033459679 seq=1083
[2026-09-26T12:26:50.736Z] I (2589125) RouteLoom: HIL LINK rx peer=3 type=32 cid=1456970097 current=0 status=5 seq=31
[2026-09-26T12:26:51.389Z] I (2589777) RouteLoom: HIL LINK rx peer=1 type=32 cid=3323990907 current=0 status=5 seq=544
[2026-09-26T12:26:51.763Z] I (2590152) RouteLoom: HIL LINK tx peer=3 type=32 cid=3850325330 seq=1084
[2026-09-26T12:26:54.265Z] I (2592654) RouteLoom: HIL LINK tx peer=1 type=32 cid=3033459679 seq=1085
[2026-09-26T12:26:55.473Z] I (2593862) RouteLoom: HIL PROBE tx peer=1 type=40 status=0 detail=ok
[2026-09-26T12:26:55.491Z] I (2593879) RouteLoom: HIL LINK rx peer=1 type=41 cid=3323990907 current=0 status=5 seq=267
[2026-09-26T12:26:55.737Z] I (2594125) RouteLoom: HIL LINK rx peer=3 type=32 cid=1456970097 current=0 status=5 seq=32
[2026-09-26T12:26:56.392Z] I (2594780) RouteLoom: HIL LINK rx peer=1 type=32 cid=3323990907 current=0 status=5 seq=545
[2026-09-26T12:26:56.766Z] I (2595155) RouteLoom: HIL LINK tx peer=3 type=32 cid=3850325330 seq=1086
[2026-09-26T12:26:57.800Z] I (2596189) RouteLoom: HIL PROBE tx peer=3 type=40 status=0 detail=ok
[2026-09-26T12:26:57.819Z] I (2596207) RouteLoom: HIL LINK rx peer=3 type=41 cid=1456970097 current=0 status=5 seq=17
[2026-09-26T12:26:59.267Z] I (2597656) RouteLoom: HIL LINK tx peer=1 type=32 cid=3033459679 seq=1087
[2026-09-26T12:27:00.737Z] I (2599125) RouteLoom: HIL LINK rx peer=3 type=32 cid=1456970097 current=0 status=5 seq=33
[2026-09-26T12:27:01.393Z] I (2599780) RouteLoom: HIL LINK rx peer=1 type=32 cid=3323990907 current=0 status=5 seq=546
[2026-09-26T12:27:01.769Z] I (2600158) RouteLoom: HIL LINK tx peer=3 type=32 cid=3850325330 seq=1088
[2026-09-26T12:27:04.271Z] I (2602660) RouteLoom: HIL LINK tx peer=1 type=32 cid=3033459679 seq=1089
[2026-09-26T12:27:05.489Z] I (2603877) RouteLoom: HIL LINK rx peer=1 type=40 cid=3323990907 current=0 status=5 seq=268
[2026-09-26T12:27:05.492Z] I (2603881) RouteLoom: HIL PROBE tx peer=1 type=41 status=0 detail=ok
[2026-09-26T12:27:05.738Z] I (2604126) RouteLoom: HIL LINK rx peer=3 type=32 cid=1456970097 current=0 status=5 seq=34
[2026-09-26T12:27:06.391Z] I (2604779) RouteLoom: HIL LINK rx peer=1 type=32 cid=3323990907 current=0 status=5 seq=547
[2026-09-26T12:27:06.771Z] I (2605160) RouteLoom: HIL LINK tx peer=3 type=32 cid=3850325330 seq=1090
[2026-09-26T12:27:07.816Z] I (2606204) RouteLoom: HIL LINK rx peer=3 type=40 cid=1456970097 current=0 status=5 seq=18
[2026-09-26T12:27:07.819Z] I (2606208) RouteLoom: HIL PROBE tx peer=3 type=41 status=0 detail=ok
[2026-09-26T12:27:09.271Z] I (2607660) RouteLoom: HIL LINK tx peer=1 type=32 cid=3033459679 seq=1091
[2026-09-26T12:27:09.520Z] I (2607907) RouteLoom: HIL LINK rx peer=1 type=16 cid=3323990907 current=0 status=5 seq=130
[2026-09-26T12:27:09.525Z] I (2607913) RouteLoom: HIL LINK tx peer=1 type=17 cid=3033459679 seq=130
[2026-09-26T12:27:09.536Z] I (2607924) RouteLoom: HIL LINK tx peer=3 type=16 cid=3850325330 seq=130
[2026-09-26T12:27:09.557Z] I (2607945) RouteLoom: HIL LINK rx peer=3 type=17 cid=1456970097 current=0 status=5 seq=130
[2026-09-26T12:27:09.568Z] I (2607956) RouteLoom: HIL LINK rx peer=3 type=18 cid=1456970097 current=0 status=5 seq=130
[2026-09-26T12:27:09.574Z] I (2607962) RouteLoom: HIL LINK tx peer=3 type=17 cid=3850325330 seq=130
[2026-09-26T12:27:09.585Z] I (2607973) RouteLoom: HIL LINK tx peer=1 type=18 cid=3033459679 seq=130
[2026-09-26T12:27:09.606Z] I (2607994) RouteLoom: HIL LINK rx peer=1 type=17 cid=3323990907 current=0 status=5 seq=130
[2026-09-26T12:27:10.738Z] I (2609126) RouteLoom: HIL LINK rx peer=3 type=32 cid=1456970097 current=0 status=5 seq=35
[2026-09-26T12:27:11.391Z] I (2609779) RouteLoom: HIL LINK rx peer=1 type=32 cid=3323990907 current=0 status=5 seq=548
[2026-09-26T12:27:11.771Z] I (2610160) RouteLoom: HIL LINK tx peer=3 type=32 cid=3850325330 seq=1092
[2026-09-26T12:27:14.273Z] I (2612662) RouteLoom: HIL LINK tx peer=1 type=32 cid=3033459679 seq=1093
[2026-09-26T12:27:15.493Z] I (2613879) RouteLoom: HIL PROBE tx peer=1 type=40 status=0 detail=ok
[2026-09-26T12:27:15.514Z] I (2613897) RouteLoom: HIL LINK rx peer=1 type=41 cid=3323990907 current=0 status=5 seq=269
[2026-09-26T12:27:15.740Z] I (2614127) RouteLoom: HIL LINK rx peer=3 type=32 cid=1456970097 current=0 status=5 seq=36
[2026-09-26T12:27:16.394Z] I (2614782) RouteLoom: HIL LINK rx peer=1 type=32 cid=3323990907 current=0 status=5 seq=549
[2026-09-26T12:27:16.774Z] I (2615163) RouteLoom: HIL LINK tx peer=3 type=32 cid=3850325330 seq=1094
[2026-09-26T12:27:17.818Z] I (2616206) RouteLoom: HIL PROBE tx peer=3 type=40 status=0 detail=ok
[2026-09-26T12:27:17.836Z] I (2616224) RouteLoom: HIL LINK rx peer=3 type=41 cid=1456970097 current=0 status=5 seq=19
[2026-09-26T12:27:19.276Z] I (2617664) RouteLoom: HIL LINK tx peer=1 type=32 cid=3033459679 seq=1095
[2026-09-26T12:27:20.740Z] I (2619127) RouteLoom: HIL LINK rx peer=3 type=32 cid=1456970097 current=0 status=5 seq=37
[2026-09-26T12:27:21.394Z] I (2619782) RouteLoom: HIL LINK rx peer=1 type=32 cid=3323990907 current=0 status=5 seq=550
[2026-09-26T12:27:21.778Z] I (2620166) RouteLoom: HIL LINK tx peer=3 type=32 cid=3850325330 seq=1096
[2026-09-26T12:27:24.279Z] I (2622668) RouteLoom: HIL LINK tx peer=1 type=32 cid=3033459679 seq=1097
[2026-09-26T12:27:25.509Z] I (2623896) RouteLoom: HIL LINK rx peer=1 type=40 cid=3323990907 current=0 status=5 seq=270
[2026-09-26T12:27:25.512Z] I (2623900) RouteLoom: HIL PROBE tx peer=1 type=41 status=0 detail=ok
[2026-09-26T12:27:25.741Z] I (2624129) RouteLoom: HIL LINK rx peer=3 type=32 cid=1456970097 current=0 status=5 seq=38
[2026-09-26T12:27:26.396Z] I (2624784) RouteLoom: HIL LINK rx peer=1 type=32 cid=3323990907 current=0 status=5 seq=551
[2026-09-26T12:27:26.780Z] I (2625168) RouteLoom: HIL LINK tx peer=3 type=32 cid=3850325330 seq=1098
[2026-09-26T12:27:27.833Z] I (2626221) RouteLoom: HIL LINK rx peer=3 type=40 cid=1456970097 current=0 status=5 seq=20
[2026-09-26T12:27:27.837Z] I (2626225) RouteLoom: HIL PROBE tx peer=3 type=41 status=0 detail=ok
[2026-09-26T12:27:29.282Z] I (2627670) RouteLoom: HIL LINK tx peer=1 type=32 cid=3033459679 seq=1099
[2026-09-26T12:27:30.741Z] I (2629129) RouteLoom: HIL LINK rx peer=3 type=32 cid=1456970097 current=0 status=5 seq=39
[2026-09-26T12:27:31.397Z] I (2629785) RouteLoom: HIL LINK rx peer=1 type=32 cid=3323990907 current=0 status=5 seq=552
[2026-09-26T12:27:31.784Z] I (2630172) RouteLoom: HIL LINK tx peer=3 type=32 cid=3850325330 seq=1100
[2026-09-26T12:27:34.286Z] I (2632674) RouteLoom: HIL LINK tx peer=1 type=32 cid=3033459679 seq=1101
[2026-09-26T12:27:35.512Z] I (2633900) RouteLoom: HIL PROBE tx peer=1 type=40 status=0 detail=ok
[2026-09-26T12:27:35.531Z] I (2633918) RouteLoom: HIL LINK rx peer=1 type=41 cid=3323990907 current=0 status=5 seq=271
[2026-09-26T12:27:35.744Z] I (2634132) RouteLoom: HIL LINK rx peer=3 type=32 cid=1456970097 current=0 status=5 seq=40
[2026-09-26T12:27:36.397Z] I (2634784) RouteLoom: HIL LINK rx peer=1 type=32 cid=3323990907 current=0 status=5 seq=553
[2026-09-26T12:27:36.786Z] I (2635174) RouteLoom: HIL LINK tx peer=3 type=32 cid=3850325330 seq=1102
[2026-09-26T12:27:37.835Z] I (2636223) RouteLoom: HIL PROBE tx peer=3 type=40 status=0 detail=ok
[2026-09-26T12:27:37.852Z] I (2636240) RouteLoom: HIL LINK rx peer=3 type=41 cid=1456970097 current=0 status=5 seq=21
[2026-09-26T12:27:39.288Z] I (2637676) RouteLoom: HIL LINK tx peer=1 type=32 cid=3033459679 seq=1103
[2026-09-26T12:27:39.517Z] I (2637905) RouteLoom: HIL LINK rx peer=1 type=16 cid=3323990907 current=0 status=5 seq=131
[2026-09-26T12:27:39.524Z] I (2637911) RouteLoom: HIL LINK tx peer=1 type=17 cid=3033459679 seq=131
[2026-09-26T12:27:39.535Z] I (2637923) RouteLoom: HIL LINK tx peer=3 type=16 cid=3850325330 seq=131
[2026-09-26T12:27:39.555Z] I (2637943) RouteLoom: HIL LINK rx peer=3 type=17 cid=1456970097 current=0 status=5 seq=131
[2026-09-26T12:27:39.568Z] I (2637955) RouteLoom: HIL LINK rx peer=3 type=18 cid=1456970097 current=0 status=5 seq=131
[2026-09-26T12:27:39.573Z] I (2637961) RouteLoom: HIL LINK tx peer=3 type=17 cid=3850325330 seq=131
[2026-09-26T12:27:39.584Z] I (2637972) RouteLoom: HIL LINK tx peer=1 type=18 cid=3033459679 seq=131
[2026-09-26T12:27:39.608Z] I (2637996) RouteLoom: HIL LINK rx peer=1 type=17 cid=3323990907 current=0 status=5 seq=131
[2026-09-26T12:27:40.746Z] I (2639133) RouteLoom: HIL LINK rx peer=3 type=32 cid=1456970097 current=0 status=5 seq=41
[2026-09-26T12:27:41.398Z] I (2639785) RouteLoom: HIL LINK rx peer=1 type=32 cid=3323990907 current=0 status=5 seq=554
[2026-09-26T12:27:41.790Z] I (2640178) RouteLoom: HIL LINK tx peer=3 type=32 cid=3850325330 seq=1104
[2026-09-26T12:27:42.075Z] I (2640463) RouteLoom: stack hwm main 11092 B
[2026-09-26T12:27:42.075Z] I (2640463) RouteLoom: HIL HEAP free=21720 largest=18432 min=20912 B
[2026-09-26T12:27:42.085Z] I (2640464) RouteLoom: HIL DISCOVERY candidates=0 neighbors=2 capacity=0 auth=14 stale=1 probes=298 send_failures=41 kind_rejects=8
[2026-09-26T12:27:42.093Z] I (2640474) RouteLoom: HIL ROUTE peer=1 phase=5 via=1 metric=1 generation=278 seq=1
[2026-09-26T12:27:42.101Z] I (2640481) RouteLoom: HIL ROUTE peer=3 phase=5 via=3 metric=1 generation=100 seq=1
[2026-09-26T12:27:44.291Z] I (2642679) RouteLoom: HIL LINK tx peer=1 type=32 cid=3033459679 seq=1105
[2026-09-26T12:27:45.529Z] I (2643916) RouteLoom: HIL LINK rx peer=1 type=40 cid=3323990907 current=0 status=5 seq=272
[2026-09-26T12:27:45.533Z] I (2643920) RouteLoom: HIL PROBE tx peer=1 type=41 status=0 detail=ok
[2026-09-26T12:27:45.745Z] I (2644132) RouteLoom: HIL LINK rx peer=3 type=32 cid=1456970097 current=0 status=5 seq=42
[2026-09-26T12:27:46.398Z] I (2644785) RouteLoom: HIL LINK rx peer=1 type=32 cid=3323990907 current=0 status=5 seq=555
[2026-09-26T12:27:46.793Z] I (2645181) RouteLoom: HIL LINK tx peer=3 type=32 cid=3850325330 seq=1106
[2026-09-26T12:27:47.853Z] I (2646240) RouteLoom: HIL LINK rx peer=3 type=40 cid=1456970097 current=0 status=5 seq=22
[2026-09-26T12:27:47.856Z] I (2646244) RouteLoom: HIL PROBE tx peer=3 type=41 status=0 detail=ok
[2026-09-26T12:27:49.293Z] I (2647681) RouteLoom: HIL LINK tx peer=1 type=32 cid=3033459679 seq=1107
[2026-09-26T12:27:50.745Z] I (2649132) RouteLoom: HIL LINK rx peer=3 type=32 cid=1456970097 current=0 status=5 seq=43
[2026-09-26T12:27:51.398Z] I (2649785) RouteLoom: HIL LINK rx peer=1 type=32 cid=3323990907 current=0 status=5 seq=556
[2026-09-26T12:27:51.793Z] I (2650181) RouteLoom: HIL LINK tx peer=3 type=32 cid=3850325330 seq=1108
[2026-09-26T12:27:54.295Z] I (2652683) RouteLoom: HIL LINK tx peer=1 type=32 cid=3033459679 seq=1109
[2026-09-26T12:27:55.530Z] I (2653918) RouteLoom: HIL PROBE tx peer=1 type=40 status=0 detail=ok
[2026-09-26T12:27:55.548Z] I (2653935) RouteLoom: HIL LINK rx peer=1 type=41 cid=3323990907 current=0 status=5 seq=273
[2026-09-26T12:27:55.746Z] I (2654133) RouteLoom: HIL LINK rx peer=3 type=32 cid=1456970097 current=0 status=5 seq=44
[2026-09-26T12:27:56.404Z] I (2654791) RouteLoom: HIL LINK rx peer=1 type=32 cid=3323990907 current=0 status=5 seq=557
[2026-09-26T12:27:56.796Z] I (2655184) RouteLoom: HIL LINK tx peer=3 type=32 cid=3850325330 seq=1110
[2026-09-26T12:27:57.855Z] I (2656242) RouteLoom: HIL PROBE tx peer=3 type=40 status=0 detail=ok
[2026-09-26T12:27:57.871Z] I (2656259) RouteLoom: HIL LINK rx peer=3 type=41 cid=1456970097 current=0 status=5 seq=23
[2026-09-26T12:27:59.298Z] I (2657686) RouteLoom: HIL LINK tx peer=1 type=32 cid=3033459679 seq=1111
[2026-09-26T12:28:00.746Z] I (2659133) RouteLoom: HIL LINK rx peer=3 type=32 cid=1456970097 current=0 status=5 seq=45
[2026-09-26T12:28:01.401Z] I (2659788) RouteLoom: HIL LINK rx peer=1 type=32 cid=3323990907 current=0 status=5 seq=558
[2026-09-26T12:28:01.799Z] I (2660187) RouteLoom: HIL LINK tx peer=3 type=32 cid=3850325330 seq=1112
[2026-09-26T12:28:04.301Z] I (2662689) RouteLoom: HIL LINK tx peer=1 type=32 cid=3033459679 seq=1113
[2026-09-26T12:28:05.546Z] I (2663934) RouteLoom: HIL LINK rx peer=1 type=40 cid=3323990907 current=0 status=5 seq=274
[2026-09-26T12:28:05.550Z] I (2663938) RouteLoom: HIL PROBE tx peer=1 type=41 status=0 detail=ok
[2026-09-26T12:28:05.747Z] I (2664134) RouteLoom: HIL LINK rx peer=3 type=32 cid=1456970097 current=0 status=5 seq=46
[2026-09-26T12:28:06.402Z] I (2664789) RouteLoom: HIL LINK rx peer=1 type=32 cid=3323990907 current=0 status=5 seq=559
[2026-09-26T12:28:06.803Z] I (2665191) RouteLoom: HIL LINK tx peer=3 type=32 cid=3850325330 seq=1114
[2026-09-26T12:28:07.871Z] I (2666258) RouteLoom: HIL LINK rx peer=3 type=40 cid=1456970097 current=0 status=5 seq=24
[2026-09-26T12:28:07.875Z] I (2666262) RouteLoom: HIL PROBE tx peer=3 type=41 status=0 detail=ok
[2026-09-26T12:28:09.305Z] I (2667693) RouteLoom: HIL LINK tx peer=1 type=32 cid=3033459679 seq=1115
[2026-09-26T12:28:09.517Z] I (2667904) RouteLoom: HIL LINK rx peer=1 type=16 cid=3323990907 current=0 status=5 seq=132
[2026-09-26T12:28:09.522Z] I (2667910) RouteLoom: HIL LINK tx peer=1 type=17 cid=3033459679 seq=132
[2026-09-26T12:28:09.533Z] I (2667921) RouteLoom: HIL LINK tx peer=3 type=16 cid=3850325330 seq=132
[2026-09-26T12:28:09.554Z] I (2667941) RouteLoom: HIL LINK rx peer=3 type=17 cid=1456970097 current=0 status=5 seq=132
[2026-09-26T12:28:09.566Z] I (2667953) RouteLoom: HIL LINK rx peer=3 type=18 cid=1456970097 current=0 status=5 seq=132
[2026-09-26T12:28:09.572Z] I (2667959) RouteLoom: HIL LINK tx peer=3 type=17 cid=3850325330 seq=132
[2026-09-26T12:28:09.583Z] I (2667970) RouteLoom: HIL LINK tx peer=1 type=18 cid=3033459679 seq=132
[2026-09-26T12:28:09.605Z] I (2667992) RouteLoom: HIL LINK rx peer=1 type=17 cid=3323990907 current=0 status=5 seq=132
[2026-09-26T12:28:10.749Z] I (2669136) RouteLoom: HIL LINK rx peer=3 type=32 cid=1456970097 current=0 status=5 seq=47
[2026-09-26T12:28:11.402Z] I (2669789) RouteLoom: HIL LINK rx peer=1 type=32 cid=3323990907 current=0 status=5 seq=560
[2026-09-26T12:28:11.806Z] I (2670194) RouteLoom: HIL LINK tx peer=3 type=32 cid=3850325330 seq=1116
[2026-09-26T12:28:14.309Z] I (2672696) RouteLoom: HIL LINK tx peer=1 type=32 cid=3033459679 seq=1117
[2026-09-26T12:28:15.555Z] I (2673937) RouteLoom: HIL PROBE tx peer=1 type=40 status=0 detail=ok
[2026-09-26T12:28:15.571Z] I (2673955) RouteLoom: HIL LINK rx peer=1 type=41 cid=3323990907 current=0 status=5 seq=275
[2026-09-26T12:28:15.750Z] I (2674137) RouteLoom: HIL LINK rx peer=3 type=32 cid=1456970097 current=0 status=5 seq=48
[2026-09-26T12:28:16.406Z] I (2674792) RouteLoom: HIL LINK rx peer=1 type=32 cid=3323990907 current=0 status=5 seq=561
[2026-09-26T12:28:16.809Z] I (2675197) RouteLoom: HIL LINK tx peer=3 type=32 cid=3850325330 seq=1118
[2026-09-26T12:28:17.874Z] I (2676261) RouteLoom: HIL PROBE tx peer=3 type=40 status=0 detail=ok
[2026-09-26T12:28:17.891Z] I (2676278) RouteLoom: HIL LINK rx peer=3 type=41 cid=1456970097 current=0 status=5 seq=25
[2026-09-26T12:28:19.311Z] I (2677699) RouteLoom: HIL LINK tx peer=1 type=32 cid=3033459679 seq=1119
[2026-09-26T12:28:20.750Z] I (2679137) RouteLoom: HIL LINK rx peer=3 type=32 cid=1456970097 current=0 status=5 seq=49
[2026-09-26T12:28:21.405Z] I (2679792) RouteLoom: HIL LINK rx peer=1 type=32 cid=3323990907 current=0 status=5 seq=562
[2026-09-26T12:28:21.812Z] I (2680200) RouteLoom: HIL LINK tx peer=3 type=32 cid=3850325330 seq=1120
[2026-09-26T12:28:24.315Z] I (2682702) RouteLoom: HIL LINK tx peer=1 type=32 cid=3033459679 seq=1121
[2026-09-26T12:28:25.566Z] I (2683953) RouteLoom: HIL LINK rx peer=1 type=40 cid=3323990907 current=0 status=5 seq=276
[2026-09-26T12:28:25.570Z] I (2683957) RouteLoom: HIL PROBE tx peer=1 type=41 status=0 detail=ok
[2026-09-26T12:28:25.751Z] I (2684138) RouteLoom: HIL LINK rx peer=3 type=32 cid=1456970097 current=0 status=5 seq=50
[2026-09-26T12:28:26.408Z] I (2684795) RouteLoom: HIL LINK rx peer=1 type=32 cid=3323990907 current=0 status=5 seq=563
[2026-09-26T12:28:26.814Z] I (2685202) RouteLoom: HIL LINK tx peer=3 type=32 cid=3850325330 seq=1122
[2026-09-26T12:28:27.888Z] I (2686275) RouteLoom: HIL LINK rx peer=3 type=40 cid=1456970097 current=0 status=5 seq=26
[2026-09-26T12:28:27.892Z] I (2686279) RouteLoom: HIL PROBE tx peer=3 type=41 status=0 detail=ok
[2026-09-26T12:28:29.317Z] I (2687704) RouteLoom: HIL LINK tx peer=1 type=32 cid=3033459679 seq=1123
[2026-09-26T12:28:30.752Z] I (2689139) RouteLoom: HIL LINK rx peer=3 type=32 cid=1456970097 current=0 status=5 seq=51
[2026-09-26T12:28:31.407Z] I (2689794) RouteLoom: HIL LINK rx peer=1 type=32 cid=3323990907 current=0 status=5 seq=564
[2026-09-26T12:28:31.820Z] I (2690205) RouteLoom: HIL LINK tx peer=3 type=32 cid=3850325330 seq=1124
[2026-09-26T12:28:34.319Z] I (2692707) RouteLoom: HIL LINK tx peer=1 type=32 cid=3033459679 seq=1125
[2026-09-26T12:28:35.570Z] I (2693957) RouteLoom: HIL PROBE tx peer=1 type=40 status=0 detail=ok
[2026-09-26T12:28:35.588Z] I (2693975) RouteLoom: HIL LINK rx peer=1 type=41 cid=3323990907 current=0 status=5 seq=277
[2026-09-26T12:28:35.753Z] I (2694140) RouteLoom: HIL LINK rx peer=3 type=32 cid=1456970097 current=0 status=5 seq=52
[2026-09-26T12:28:36.407Z] I (2694794) RouteLoom: HIL LINK rx peer=1 type=32 cid=3323990907 current=0 status=5 seq=565
[2026-09-26T12:28:36.821Z] I (2695208) RouteLoom: HIL LINK tx peer=3 type=32 cid=3850325330 seq=1126
[2026-09-26T12:28:37.891Z] I (2696278) RouteLoom: HIL PROBE tx peer=3 type=40 status=0 detail=ok
[2026-09-26T12:28:37.910Z] I (2696297) RouteLoom: HIL LINK rx peer=3 type=41 cid=1456970097 current=0 status=5 seq=27
[2026-09-26T12:28:39.322Z] I (2697709) RouteLoom: HIL LINK tx peer=1 type=32 cid=3033459679 seq=1127
[2026-09-26T12:28:39.516Z] I (2697902) RouteLoom: HIL LINK rx peer=1 type=16 cid=3323990907 current=0 status=5 seq=133
[2026-09-26T12:28:39.521Z] I (2697908) RouteLoom: HIL LINK tx peer=1 type=17 cid=3033459679 seq=133
[2026-09-26T12:28:39.532Z] I (2697919) RouteLoom: HIL LINK tx peer=3 type=16 cid=3850325330 seq=133
[2026-09-26T12:28:39.554Z] I (2697940) RouteLoom: HIL LINK rx peer=3 type=17 cid=1456970097 current=0 status=5 seq=133
[2026-09-26T12:28:39.565Z] I (2697952) RouteLoom: HIL LINK rx peer=3 type=18 cid=1456970097 current=0 status=5 seq=133
[2026-09-26T12:28:39.572Z] I (2697958) RouteLoom: HIL LINK tx peer=3 type=17 cid=3850325330 seq=133
[2026-09-26T12:28:39.582Z] I (2697969) RouteLoom: HIL LINK tx peer=1 type=18 cid=3033459679 seq=133
[2026-09-26T12:28:39.603Z] I (2697989) RouteLoom: HIL LINK rx peer=1 type=17 cid=3323990907 current=0 status=5 seq=133
[2026-09-26T12:28:40.753Z] I (2699140) RouteLoom: HIL LINK rx peer=3 type=32 cid=1456970097 current=0 status=5 seq=53
[2026-09-26T12:28:41.409Z] I (2699795) RouteLoom: HIL LINK rx peer=1 type=32 cid=3323990907 current=0 status=5 seq=566
[2026-09-26T12:28:41.822Z] I (2700209) RouteLoom: HIL LINK tx peer=3 type=32 cid=3850325330 seq=1128
[2026-09-26T12:28:42.077Z] I (2700464) RouteLoom: stack hwm main 11092 B
[2026-09-26T12:28:42.077Z] I (2700464) RouteLoom: HIL HEAP free=21720 largest=18432 min=20912 B
[2026-09-26T12:28:42.087Z] I (2700465) RouteLoom: HIL DISCOVERY candidates=0 neighbors=2 capacity=0 auth=14 stale=1 probes=304 send_failures=41 kind_rejects=8
[2026-09-26T12:28:42.095Z] I (2700475) RouteLoom: HIL ROUTE peer=1 phase=5 via=1 metric=1 generation=278 seq=1
[2026-09-26T12:28:42.102Z] I (2700482) RouteLoom: HIL ROUTE peer=3 phase=5 via=3 metric=1 generation=100 seq=1
[2026-09-26T12:28:44.323Z] I (2702710) RouteLoom: HIL LINK tx peer=1 type=32 cid=3033459679 seq=1129
[2026-09-26T12:28:45.586Z] I (2703973) RouteLoom: HIL LINK rx peer=1 type=40 cid=3323990907 current=0 status=5 seq=278
[2026-09-26T12:28:45.590Z] I (2703977) RouteLoom: HIL PROBE tx peer=1 type=41 status=0 detail=ok
[2026-09-26T12:28:45.753Z] I (2704140) RouteLoom: HIL LINK rx peer=3 type=32 cid=1456970097 current=0 status=5 seq=54
[2026-09-26T12:28:46.412Z] I (2704798) RouteLoom: HIL LINK rx peer=1 type=32 cid=3323990907 current=0 status=5 seq=567
[2026-09-26T12:28:46.825Z] I (2705212) RouteLoom: HIL LINK tx peer=3 type=32 cid=3850325330 seq=1130
[2026-09-26T12:28:47.910Z] I (2706297) RouteLoom: HIL LINK rx peer=3 type=40 cid=1456970097 current=0 status=5 seq=28
[2026-09-26T12:28:47.914Z] I (2706301) RouteLoom: HIL PROBE tx peer=3 type=41 status=0 detail=ok
[2026-09-26T12:28:49.327Z] I (2707714) RouteLoom: HIL LINK tx peer=1 type=32 cid=3033459679 seq=1131
[2026-09-26T12:28:50.754Z] I (2709140) RouteLoom: HIL LINK rx peer=3 type=32 cid=1456970097 current=0 status=5 seq=55
[2026-09-26T12:28:51.413Z] I (2709798) RouteLoom: HIL LINK rx peer=1 type=32 cid=3323990907 current=0 status=5 seq=568
[2026-09-26T12:28:51.828Z] I (2710215) RouteLoom: HIL LINK tx peer=3 type=32 cid=3850325330 seq=1132
[2026-09-26T12:28:54.330Z] I (2712717) RouteLoom: HIL LINK tx peer=1 type=32 cid=3033459679 seq=1133
[2026-09-26T12:28:55.589Z] I (2713976) RouteLoom: HIL PROBE tx peer=1 type=40 status=0 detail=ok
[2026-09-26T12:28:55.608Z] I (2713994) RouteLoom: HIL LINK rx peer=1 type=41 cid=3323990907 current=0 status=5 seq=279
[2026-09-26T12:28:55.753Z] I (2714140) RouteLoom: HIL LINK rx peer=3 type=32 cid=1456970097 current=0 status=5 seq=56
[2026-09-26T12:28:56.412Z] I (2714799) RouteLoom: HIL LINK rx peer=1 type=32 cid=3323990907 current=0 status=5 seq=569
[2026-09-26T12:28:56.831Z] I (2715218) RouteLoom: HIL LINK tx peer=3 type=32 cid=3850325330 seq=1134
[2026-09-26T12:28:57.913Z] I (2716300) RouteLoom: HIL PROBE tx peer=3 type=40 status=0 detail=ok
[2026-09-26T12:28:57.930Z] I (2716317) RouteLoom: HIL LINK rx peer=3 type=41 cid=1456970097 current=0 status=5 seq=29
[2026-09-26T12:28:59.333Z] I (2717720) RouteLoom: HIL LINK tx peer=1 type=32 cid=3033459679 seq=1135
[2026-09-26T12:29:00.754Z] I (2719140) RouteLoom: HIL LINK rx peer=3 type=32 cid=1456970097 current=0 status=5 seq=57
[2026-09-26T12:29:01.412Z] I (2719798) RouteLoom: HIL LINK rx peer=1 type=32 cid=3323990907 current=0 status=5 seq=570
[2026-09-26T12:29:01.834Z] I (2720221) RouteLoom: HIL LINK tx peer=3 type=32 cid=3850325330 seq=1136
[2026-09-26T12:29:04.336Z] I (2722723) RouteLoom: HIL LINK tx peer=1 type=32 cid=3033459679 seq=1137
[2026-09-26T12:29:05.605Z] I (2723992) RouteLoom: HIL LINK rx peer=1 type=40 cid=3323990907 current=0 status=5 seq=280
[2026-09-26T12:29:05.609Z] I (2723996) RouteLoom: HIL PROBE tx peer=1 type=41 status=0 detail=ok
[2026-09-26T12:29:05.755Z] I (2724141) RouteLoom: HIL LINK rx peer=3 type=32 cid=1456970097 current=0 status=5 seq=58
[2026-09-26T12:29:06.413Z] I (2724799) RouteLoom: HIL LINK rx peer=1 type=32 cid=3323990907 current=0 status=5 seq=571
[2026-09-26T12:29:06.838Z] I (2725225) RouteLoom: HIL LINK tx peer=3 type=32 cid=3850325330 seq=1138
[2026-09-26T12:29:07.929Z] I (2726315) RouteLoom: HIL LINK rx peer=3 type=40 cid=1456970097 current=0 status=5 seq=30
[2026-09-26T12:29:07.933Z] I (2726319) RouteLoom: HIL PROBE tx peer=3 type=41 status=0 detail=ok
[2026-09-26T12:29:09.339Z] I (2727726) RouteLoom: HIL LINK tx peer=1 type=32 cid=3033459679 seq=1139
[2026-09-26T12:29:09.521Z] I (2727907) RouteLoom: HIL LINK rx peer=1 type=16 cid=3323990907 current=0 status=5 seq=134
[2026-09-26T12:29:09.526Z] I (2727913) RouteLoom: HIL LINK tx peer=1 type=17 cid=3033459679 seq=134
[2026-09-26T12:29:09.537Z] I (2727924) RouteLoom: HIL LINK tx peer=3 type=16 cid=3850325330 seq=134
[2026-09-26T12:29:09.557Z] I (2727944) RouteLoom: HIL LINK rx peer=3 type=17 cid=1456970097 current=0 status=5 seq=134
[2026-09-26T12:29:09.570Z] I (2727956) RouteLoom: HIL LINK rx peer=3 type=18 cid=1456970097 current=0 status=5 seq=134
[2026-09-26T12:29:09.575Z] I (2727962) RouteLoom: HIL LINK tx peer=3 type=17 cid=3850325330 seq=134
[2026-09-26T12:29:09.587Z] I (2727973) RouteLoom: HIL LINK tx peer=1 type=18 cid=3033459679 seq=134
[2026-09-26T12:29:09.607Z] I (2727993) RouteLoom: HIL LINK rx peer=1 type=17 cid=3323990907 current=0 status=5 seq=134
[2026-09-26T12:29:10.755Z] I (2729142) RouteLoom: HIL LINK rx peer=3 type=32 cid=1456970097 current=0 status=5 seq=59
[2026-09-26T12:29:11.416Z] I (2729799) RouteLoom: HIL LINK rx peer=1 type=32 cid=3323990907 current=0 status=5 seq=572
[2026-09-26T12:29:11.841Z] I (2730228) RouteLoom: HIL LINK tx peer=3 type=32 cid=3850325330 seq=1140
[2026-09-26T12:29:14.343Z] I (2732730) RouteLoom: HIL LINK tx peer=1 type=32 cid=3033459679 seq=1141
[2026-09-26T12:29:15.608Z] I (2733995) RouteLoom: HIL PROBE tx peer=1 type=40 status=0 detail=ok
[2026-09-26T12:29:15.627Z] I (2734013) RouteLoom: HIL LINK rx peer=1 type=41 cid=3323990907 current=0 status=5 seq=281
[2026-09-26T12:29:15.758Z] I (2734144) RouteLoom: HIL LINK rx peer=3 type=32 cid=1456970097 current=0 status=5 seq=60
[2026-09-26T12:29:16.415Z] I (2734801) RouteLoom: HIL LINK rx peer=1 type=32 cid=3323990907 current=0 status=5 seq=573
[2026-09-26T12:29:16.843Z] I (2735230) RouteLoom: HIL LINK tx peer=3 type=32 cid=3850325330 seq=1142
[2026-09-26T12:29:17.931Z] I (2736318) RouteLoom: HIL PROBE tx peer=3 type=40 status=0 detail=ok
[2026-09-26T12:29:17.949Z] I (2736335) RouteLoom: HIL LINK rx peer=3 type=41 cid=1456970097 current=0 status=5 seq=31
[2026-09-26T12:29:19.345Z] I (2737732) RouteLoom: HIL LINK tx peer=1 type=32 cid=3033459679 seq=1143
[2026-09-26T12:29:20.760Z] I (2739146) RouteLoom: HIL LINK rx peer=3 type=32 cid=1456970097 current=0 status=5 seq=61
[2026-09-26T12:29:21.415Z] I (2739801) RouteLoom: HIL LINK rx peer=1 type=32 cid=3323990907 current=0 status=5 seq=574
[2026-09-26T12:29:21.846Z] I (2740233) RouteLoom: HIL LINK tx peer=3 type=32 cid=3850325330 seq=1144
[2026-09-26T12:29:24.349Z] I (2742735) RouteLoom: HIL LINK tx peer=1 type=32 cid=3033459679 seq=1145
[2026-09-26T12:29:25.626Z] I (2744013) RouteLoom: HIL LINK rx peer=1 type=40 cid=3323990907 current=0 status=5 seq=282
[2026-09-26T12:29:25.630Z] I (2744017) RouteLoom: HIL PROBE tx peer=1 type=41 status=0 detail=ok
[2026-09-26T12:29:25.762Z] I (2744147) RouteLoom: HIL LINK rx peer=3 type=32 cid=1456970097 current=0 status=5 seq=62
[2026-09-26T12:29:26.416Z] I (2744802) RouteLoom: HIL LINK rx peer=1 type=32 cid=3323990907 current=0 status=5 seq=575
[2026-09-26T12:29:26.849Z] I (2745236) RouteLoom: HIL LINK tx peer=3 type=32 cid=3850325330 seq=1146
[2026-09-26T12:29:27.950Z] I (2746336) RouteLoom: HIL LINK rx peer=3 type=40 cid=1456970097 current=0 status=5 seq=32
[2026-09-26T12:29:27.953Z] I (2746340) RouteLoom: HIL PROBE tx peer=3 type=41 status=0 detail=ok
[2026-09-26T12:29:29.353Z] I (2747738) RouteLoom: HIL LINK tx peer=1 type=32 cid=3033459679 seq=1147
[2026-09-26T12:29:30.764Z] I (2749149) RouteLoom: HIL LINK rx peer=3 type=32 cid=1456970097 current=0 status=5 seq=63
[2026-09-26T12:29:31.418Z] I (2749804) RouteLoom: HIL LINK rx peer=1 type=32 cid=3323990907 current=0 status=5 seq=576
[2026-09-26T12:29:31.852Z] I (2750239) RouteLoom: HIL LINK tx peer=3 type=32 cid=3850325330 seq=1148
[2026-09-26T12:29:34.354Z] I (2752741) RouteLoom: HIL LINK tx peer=1 type=32 cid=3033459679 seq=1149
[2026-09-26T12:29:35.628Z] I (2754015) RouteLoom: HIL PROBE tx peer=1 type=40 status=0 detail=ok
[2026-09-26T12:29:35.650Z] I (2754033) RouteLoom: HIL LINK rx peer=1 type=41 cid=3323990907 current=0 status=5 seq=283
[2026-09-26T12:29:35.765Z] I (2754150) RouteLoom: HIL LINK rx peer=3 type=32 cid=1456970097 current=0 status=5 seq=64
[2026-09-26T12:29:36.418Z] I (2754804) RouteLoom: HIL LINK rx peer=1 type=32 cid=3323990907 current=0 status=5 seq=577
[2026-09-26T12:29:36.855Z] I (2755242) RouteLoom: HIL LINK tx peer=3 type=32 cid=3850325330 seq=1150
[2026-09-26T12:29:37.953Z] I (2756339) RouteLoom: HIL PROBE tx peer=3 type=40 status=0 detail=ok
[2026-09-26T12:29:37.970Z] I (2756356) RouteLoom: HIL LINK rx peer=3 type=41 cid=1456970097 current=0 status=5 seq=33
[2026-09-26T12:29:39.358Z] I (2757744) RouteLoom: HIL LINK tx peer=1 type=32 cid=3033459679 seq=1151
[2026-09-26T12:29:39.521Z] I (2757907) RouteLoom: HIL LINK rx peer=1 type=16 cid=3323990907 current=0 status=5 seq=135
[2026-09-26T12:29:39.527Z] I (2757913) RouteLoom: HIL LINK tx peer=1 type=17 cid=3033459679 seq=135
[2026-09-26T12:29:39.538Z] I (2757924) RouteLoom: HIL LINK tx peer=3 type=16 cid=3850325330 seq=135
[2026-09-26T12:29:39.559Z] I (2757945) RouteLoom: HIL LINK rx peer=3 type=17 cid=1456970097 current=0 status=5 seq=135
[2026-09-26T12:29:39.571Z] I (2757957) RouteLoom: HIL LINK rx peer=3 type=18 cid=1456970097 current=0 status=5 seq=135
[2026-09-26T12:29:39.577Z] I (2757963) RouteLoom: HIL LINK tx peer=3 type=17 cid=3850325330 seq=135
[2026-09-26T12:29:39.588Z] I (2757974) RouteLoom: HIL LINK tx peer=1 type=18 cid=3033459679 seq=135
[2026-09-26T12:29:39.610Z] I (2757994) RouteLoom: HIL LINK rx peer=1 type=17 cid=3323990907 current=0 status=5 seq=135
[2026-09-26T12:29:40.766Z] I (2759152) RouteLoom: HIL LINK rx peer=3 type=32 cid=1456970097 current=0 status=5 seq=65
[2026-09-26T12:29:41.420Z] I (2759806) RouteLoom: HIL LINK rx peer=1 type=32 cid=3323990907 current=0 status=5 seq=578
[2026-09-26T12:29:41.858Z] I (2760244) RouteLoom: HIL LINK tx peer=3 type=32 cid=3850325330 seq=1152
[2026-09-26T12:29:42.080Z] I (2760466) RouteLoom: stack hwm main 11092 B
[2026-09-26T12:29:42.080Z] I (2760466) RouteLoom: HIL HEAP free=21720 largest=18432 min=20912 B
[2026-09-26T12:29:42.091Z] I (2760467) RouteLoom: HIL DISCOVERY candidates=0 neighbors=2 capacity=0 auth=14 stale=1 probes=310 send_failures=41 kind_rejects=8
[2026-09-26T12:29:42.098Z] I (2760477) RouteLoom: HIL ROUTE peer=1 phase=5 via=1 metric=1 generation=278 seq=1
[2026-09-26T12:29:42.105Z] I (2760484) RouteLoom: HIL ROUTE peer=3 phase=5 via=3 metric=1 generation=100 seq=1
[2026-09-26T12:29:44.359Z] I (2762745) RouteLoom: HIL LINK tx peer=1 type=32 cid=3033459679 seq=1153
[2026-09-26T12:29:45.646Z] I (2764032) RouteLoom: HIL LINK rx peer=1 type=40 cid=3323990907 current=0 status=5 seq=284
[2026-09-26T12:29:45.650Z] I (2764036) RouteLoom: HIL PROBE tx peer=1 type=41 status=0 detail=ok
[2026-09-26T12:29:45.769Z] I (2764154) RouteLoom: HIL LINK rx peer=3 type=32 cid=1456970097 current=0 status=5 seq=66
[2026-09-26T12:29:46.424Z] I (2764809) RouteLoom: HIL LINK rx peer=1 type=32 cid=3323990907 current=0 status=5 seq=579
[2026-09-26T12:29:46.861Z] I (2765247) RouteLoom: HIL LINK tx peer=3 type=32 cid=3850325330 seq=1154
[2026-09-26T12:29:47.970Z] I (2766355) RouteLoom: HIL LINK rx peer=3 type=40 cid=1456970097 current=0 status=5 seq=34
[2026-09-26T12:29:47.973Z] I (2766359) RouteLoom: HIL PROBE tx peer=3 type=41 status=0 detail=ok
[2026-09-26T12:29:49.362Z] I (2767748) RouteLoom: HIL LINK tx peer=1 type=32 cid=3033459679 seq=1155
[2026-09-26T12:29:50.771Z] I (2769156) RouteLoom: HIL LINK rx peer=3 type=32 cid=1456970097 current=0 status=5 seq=67
[2026-09-26T12:29:51.423Z] I (2769808) RouteLoom: HIL LINK rx peer=1 type=32 cid=3323990907 current=0 status=5 seq=580
[2026-09-26T12:29:51.863Z] I (2770249) RouteLoom: HIL LINK tx peer=3 type=32 cid=3850325330 seq=1156
[2026-09-26T12:29:54.365Z] I (2772751) RouteLoom: HIL LINK tx peer=1 type=32 cid=3033459679 seq=1157
[2026-09-26T12:29:55.648Z] I (2774034) RouteLoom: HIL PROBE tx peer=1 type=40 status=0 detail=ok
[2026-09-26T12:29:55.665Z] I (2774051) RouteLoom: HIL LINK rx peer=1 type=41 cid=3323990907 current=0 status=5 seq=285
[2026-09-26T12:29:55.771Z] I (2774157) RouteLoom: HIL LINK rx peer=3 type=32 cid=1456970097 current=0 status=5 seq=68
[2026-09-26T12:29:56.426Z] I (2774811) RouteLoom: HIL LINK rx peer=1 type=32 cid=3323990907 current=0 status=5 seq=581
[2026-09-26T12:29:56.866Z] I (2775252) RouteLoom: HIL LINK tx peer=3 type=32 cid=3850325330 seq=1158
[2026-09-26T12:29:57.972Z] I (2776358) RouteLoom: HIL PROBE tx peer=3 type=40 status=0 detail=ok
[2026-09-26T12:29:57.991Z] I (2776376) RouteLoom: HIL LINK rx peer=3 type=41 cid=1456970097 current=0 status=5 seq=35
[2026-09-26T12:29:59.367Z] I (2777753) RouteLoom: HIL LINK tx peer=1 type=32 cid=3033459679 seq=1159
[2026-09-26T12:30:00.771Z] I (2779157) RouteLoom: HIL LINK rx peer=3 type=32 cid=1456970097 current=0 status=5 seq=69
[2026-09-26T12:30:01.426Z] I (2779811) RouteLoom: HIL LINK rx peer=1 type=32 cid=3323990907 current=0 status=5 seq=582
[2026-09-26T12:30:01.869Z] I (2780255) RouteLoom: HIL LINK tx peer=3 type=32 cid=3850325330 seq=1160
[2026-09-26T12:30:04.371Z] I (2782757) RouteLoom: HIL LINK tx peer=1 type=32 cid=3033459679 seq=1161
[2026-09-26T12:30:05.666Z] I (2784051) RouteLoom: HIL LINK rx peer=1 type=40 cid=3323990907 current=0 status=5 seq=286
[2026-09-26T12:30:05.669Z] I (2784055) RouteLoom: HIL PROBE tx peer=1 type=41 status=0 detail=ok
[2026-09-26T12:30:05.773Z] I (2784159) RouteLoom: HIL LINK rx peer=3 type=32 cid=1456970097 current=0 status=5 seq=70
[2026-09-26T12:30:06.428Z] I (2784813) RouteLoom: HIL LINK rx peer=1 type=32 cid=3323990907 current=0 status=5 seq=583
[2026-09-26T12:30:06.871Z] I (2785257) RouteLoom: HIL LINK tx peer=3 type=32 cid=3850325330 seq=1162
[2026-09-26T12:30:07.989Z] I (2786375) RouteLoom: HIL LINK rx peer=3 type=40 cid=1456970097 current=0 status=5 seq=36
[2026-09-26T12:30:07.993Z] I (2786378) RouteLoom: HIL PROBE tx peer=3 type=41 status=0 detail=ok
[2026-09-26T12:30:09.372Z] I (2787758) RouteLoom: HIL LINK tx peer=1 type=32 cid=3033459679 seq=1163
[2026-09-26T12:30:10.773Z] I (2789159) RouteLoom: HIL LINK rx peer=3 type=32 cid=1456970097 current=0 status=5 seq=71
[2026-09-26T12:30:11.428Z] I (2789813) RouteLoom: HIL LINK rx peer=1 type=32 cid=3323990907 current=0 status=5 seq=584
[2026-09-26T12:30:11.874Z] I (2790260) RouteLoom: HIL LINK tx peer=3 type=32 cid=3850325330 seq=1164
[2026-09-26T12:30:14.376Z] I (2792762) RouteLoom: HIL LINK tx peer=1 type=32 cid=3033459679 seq=1165
[2026-09-26T12:30:15.668Z] I (2794054) RouteLoom: HIL PROBE tx peer=1 type=40 status=0 detail=ok
[2026-09-26T12:30:15.686Z] I (2794071) RouteLoom: HIL LINK rx peer=1 type=41 cid=3323990907 current=0 status=5 seq=287
[2026-09-26T12:30:15.774Z] I (2794159) RouteLoom: HIL LINK rx peer=3 type=32 cid=1456970097 current=0 status=5 seq=72
[2026-09-26T12:30:16.427Z] I (2794812) RouteLoom: HIL LINK rx peer=1 type=32 cid=3323990907 current=0 status=5 seq=585
[2026-09-26T12:30:16.876Z] I (2795262) RouteLoom: HIL LINK tx peer=3 type=32 cid=3850325330 seq=1166
[2026-09-26T12:30:17.991Z] I (2796377) RouteLoom: HIL PROBE tx peer=3 type=40 status=0 detail=ok
[2026-09-26T12:30:18.008Z] I (2796394) RouteLoom: HIL LINK rx peer=3 type=41 cid=1456970097 current=0 status=5 seq=37
[2026-09-26T12:30:19.378Z] I (2797764) RouteLoom: HIL LINK tx peer=1 type=32 cid=3033459679 seq=1167
[2026-09-26T12:30:20.775Z] I (2799160) RouteLoom: HIL LINK rx peer=3 type=32 cid=1456970097 current=0 status=5 seq=73
[2026-09-26T12:30:21.427Z] I (2799812) RouteLoom: HIL LINK rx peer=1 type=32 cid=3323990907 current=0 status=5 seq=586
[2026-09-26T12:30:21.879Z] I (2800265) RouteLoom: HIL LINK tx peer=3 type=32 cid=3850325330 seq=1168
[2026-09-26T12:30:24.381Z] I (2802767) RouteLoom: HIL LINK tx peer=1 type=32 cid=3033459679 seq=1169
[2026-09-26T12:30:25.683Z] I (2804069) RouteLoom: HIL LINK rx peer=1 type=40 cid=3323990907 current=0 status=5 seq=288
[2026-09-26T12:30:25.687Z] I (2804073) RouteLoom: HIL PROBE tx peer=1 type=41 status=0 detail=ok
[2026-09-26T12:30:25.775Z] I (2804161) RouteLoom: HIL LINK rx peer=3 type=32 cid=1456970097 current=0 status=5 seq=74
[2026-09-26T12:30:26.427Z] I (2804812) RouteLoom: HIL LINK rx peer=1 type=32 cid=3323990907 current=0 status=5 seq=587
[2026-09-26T12:30:26.882Z] I (2805268) RouteLoom: HIL LINK tx peer=3 type=32 cid=3850325330 seq=1170
[2026-09-26T12:30:28.007Z] I (2806393) RouteLoom: HIL LINK rx peer=3 type=40 cid=1456970097 current=0 status=5 seq=38
[2026-09-26T12:30:28.011Z] I (2806397) RouteLoom: HIL PROBE tx peer=3 type=41 status=0 detail=ok
