[2026-09-29T05:35:51.584+00:00] !! preflight {'chip': 'esp32c6', 'mac': '10:bd:a3:ff:fe:b1:48:a8', 'log': 'flash-relay-preflight.log'}
[2026-09-29T05:35:52.586+00:00] !! send B0 admitted request=1
[2026-09-29T05:35:57.621+00:00] !! send B0 -> expired DEADLINE_EXPIRED 5034.48 ms
[2026-09-29T05:35:59.624+00:00] !! send B1 admitted request=2
[2026-09-29T05:36:04.661+00:00] !! send B1 -> expired DEADLINE_EXPIRED 5037.34 ms
[2026-09-29T05:36:06.663+00:00] !! send B2 admitted request=3
[2026-09-29T05:36:11.228+00:00] I (97) boot:  7 ota_1            OTA app          00 11 00210000I (23738) RouteLoomRef: discovery event=BOUND peer=3
[2026-09-29T05:36:11.228+00:00] W (23738) RouteLoomRef: diagnostic reason=BOUND peer=3 message=none
[2026-09-29T05:36:11.328+00:00] I (23763) RouteLoomRef: discovery event=REACHABLE peer=3
[2026-09-29T05:36:11.328+00:00] W (23764) RouteLoomRef: diagnostic reason=REACHABLE peer=3 message=none
[2026-09-29T05:36:11.695+00:00] !! send B2 -> expired DEADLINE_EXPIRED 5031.53 ms
[2026-09-29T05:36:13.696+00:00] !! cycle 0 reset assert (RTS, DTR low)
[2026-09-29T05:36:13.733+00:00] ESP-ROM:esp32c6-20220919
[2026-09-29T05:36:13.733+00:00] Build:Sep 19 2022
[2026-09-29T05:36:13.733+00:00] rst:0x15 (USB_UART_HPSYS),boot:0x3f (SPI_FAST_FLASH_BOOT)
[2026-09-29T05:36:13.733+00:00] Saved PC:0x40807866
[2026-09-29T05:36:13.733+00:00] SPIWP:0xee
[2026-09-29T05:36:13.733+00:00] mode:DIO, clock div:2
[2026-09-29T05:36:13.733+00:00] load:0x40875730,len:0x1738
[2026-09-29T05:36:13.733+00:00] load:0x4086b910,len:0xd8c
[2026-09-29T05:36:13.733+00:00] load:0x4086e610,len:0x32e0
[2026-09-29T05:36:13.733+00:00] entry 0x4086b91a
[2026-09-29T05:36:13.733+00:00] I (23) boot: ESP-IDF v6.0.3 2nd stage bootloader
[2026-09-29T05:36:13.733+00:00] I (23) boot: compile time Sep 29 2026 04:06:51
[2026-09-29T05:36:13.733+00:00] I (24) boot: chip revision: v0.2
[2026-09-29T05:36:13.733+00:00] I (24) boot: efuse block revision: v0.3
[2026-09-29T05:36:13.733+00:00] I (26) boot.esp32c6: SPI Speed      : 80MHz
[2026-09-29T05:36:13.733+00:00] I (30) boot.esp32c6: SPI Mode       : DIO
[2026-09-29T05:36:13.833+00:00] I (34) boot.esp32c6: SPI Flash Size : 4MB
[2026-09-29T05:36:13.833+00:00] I (38) boot: Enabling RNG early entropy source...
[2026-09-29T05:36:13.833+00:00] I (42) boot: Partition Table:
[2026-09-29T05:36:13.833+00:00] I (45) boot: ## Label            Usage          Type ST Offset   Length
[2026-09-29T05:36:13.833+00:00] I (51) boot:  0 nvs              WiFi data        01 02 00009000 00006000
[2026-09-29T05:36:13.833+00:00] I (58) boot:  1 phy_init         RF data          01 01 0000f000 00001000
[2026-09-29T05:36:13.833+00:00] I (64) boot:  2 otadata          OTA data         01 00 00010000 00002000
[2026-09-29T05:36:13.833+00:00] I (71) boot:  3 rlcfg            WiFi data        01 02 00012000 00006000
[2026-09-29T05:36:13.833+00:00] I (77) boot:  4 rlkeys           WiFi data        01 02 00018000 00003000
[2026-09-29T05:36:13.833+00:00] I (84) boot:  5 rlsec            WiFi data        01 02 00020000 00020000
[2026-09-29T05:36:13.833+00:00] I (90) boot:  6 ota_0            OTA app          00 10 00040000 001d0000
[2026-09-29T05:36:13.833+00:00] I (97) boot:  7 ota_1            OTA app          00 11 00210000 001d0000
[2026-09-29T05:36:13.833+00:00] I (103) boot:  8 coredump         Unknown data     01 03 003e0000 00010000
[2026-09-29T05:36:13.833+00:00] I (110) boot: End of partition table
[2026-09-29T05:36:13.833+00:00] I (114) esp_image: segment 0: paddr=00040020 vaddr=42120020 size=25988h (153992) map
[2026-09-29T05:36:13.933+00:00] I (149) esp_image: segment 1: paddr=000659b0 vaddr=40800000 size=0a668h ( 42600) load
[2026-09-29T05:36:13.933+00:00] I (159) esp_image: segment 2: paddr=00070020 vaddr=42000020 size=112c84h (1125508) map
[2026-09-29T05:36:14.134+00:00] I (367) esp_image: segment 3: paddr=00182cac vaddr=4080a668 size=0f9a4h ( 63908) load
[2026-09-29T05:36:14.134+00:00] I (381) esp_image: segment 4: paddr=00192658 vaddr=4081a010 size=03c14h ( 15380) load
[2026-09-29T05:36:14.134+00:00] I (385) esp_image: segment 5: paddr=00196274 vaddr=50000000 size=00060h (    96) load
[2026-09-29T05:36:14.134+00:00] I (386) esp_image: segment 6: paddr=001962dc vaddr=50000068 size=00024h (    36) load
[2026-09-29T05:36:14.134+00:00] I (399) boot: Loaded app from partition at offset 0x40000
[2026-09-29T05:36:14.134+00:00] I (399) boot: Disabling RNG early entropy source...
[2026-09-29T05:36:14.134+00:00] I (415) cpu_start: Unicore app
[2026-09-29T05:36:14.134+00:00] I (423) cpu_start: GPIO 17 and 16 are used as console UART I/O pins
[2026-09-29T05:36:14.134+00:00] I (424) cpu_start: Pro cpu start user code
[2026-09-29T05:36:14.134+00:00] I (424) cpu_start: cpu freq: 160000000 Hz
[2026-09-29T05:36:14.134+00:00] I (426) app_init: Application information:
[2026-09-29T05:36:14.134+00:00] I (430) app_init: Project name:     routeloom_reference_node
[2026-09-29T05:36:14.196+00:00] !! cycle 0 reset released after 0.501s
[2026-09-29T05:36:14.199+00:00] !! send C0-0 admitted request=4
[2026-09-29T05:36:14.234+00:00] I (435) app_init: App version:      1
[2026-09-29T05:36:14.234+00:00] I (438) app_init: Compile time:     Sep 29 2026 04:13:34
[2026-09-29T05:36:14.234+00:00] I (443) app_init: ELF file SHA256:  0ea010565...
[2026-09-29T05:36:14.234+00:00] I (448) app_init: ESP-IDF:          v6.0.3
[2026-09-29T05:36:14.234+00:00] I (452) efuse_init: Min chip rev:     v0.0
[2026-09-29T05:36:14.234+00:00] I (455) efuse_init: Max chip rev:     v0.99
[2026-09-29T05:36:14.234+00:00] I (459) efuse_init: Chip rev:         v0.2
[2026-09-29T05:36:14.234+00:00] I (463) heap_init: Initializing. RAM available for dynamic allocation:
[2026-09-29T05:36:14.234+00:00] I (469) heap_init: At 4084BDA0 len 00030870 (194 KiB): RAM
[2026-09-29T05:36:14.234+00:00] I (475) heap_init: At 4087C610 len 00002F54 (11 KiB): RAM
[2026-09-29T05:36:14.234+00:00] I (480) heap_init: At 5000008C len 00003F5C (15 KiB): RTCRAM
[2026-09-29T05:36:14.234+00:00] I (486) spi_flash: detected chip: generic
[2026-09-29T05:36:14.234+00:00] I (489) spi_flash: flash io: dio
[2026-09-29T05:36:14.234+00:00] I (492) sleep_gpio: Configure to isolate all GPIO pins in sleep state
[2026-09-29T05:36:14.234+00:00] I (498) sleep_gpio: Enable automatic switching of GPIO sleep configuration
[2026-09-29T05:36:14.234+00:00] I (513) main_task: Started on CPU0
[2026-09-29T05:36:14.234+00:00] I (515) main_task: Calling app_main()
[2026-09-29T05:36:14.234+00:00] I (519) rl_flash: image: sdk=0.1.0 layout=PT-4M-v2 storage_epoch=2
[2026-09-29T05:36:14.334+00:00] I (564) RouteLoomRef: sdkv1 identity: none provisioned
[2026-09-29T05:36:14.334+00:00] I (565) RouteLoomRef: sdkv1 site: not a member
[2026-09-29T05:36:14.334+00:00] I (565) RouteLoomRef: sdkv1 revocation: none rs_epoch=0 resume_slots=16
[2026-09-29T05:36:14.334+00:00] I (569) RouteLoomRef: sdkv1 local_revocation: none
[2026-09-29T05:36:14.334+00:00] I (573) RouteLoomRef: sdkv1 lifecycle: none
[2026-09-29T05:36:14.334+00:00] I (579) RouteLoomRef: routeloom field boot: fw=1 app_sha256=0ea010565f93e36962669696e5fba6a7180445893b4a14cc0538230d5b517795
[2026-09-29T05:36:14.334+00:00] I (599) RouteLoomRef: board config: gen=1 node=0x2 secrets_gen=1 mac=10bda3b148a8
[2026-09-29T05:36:14.334+00:00] I (601) RouteLoomRef: security owner ready (node 0x2)
[2026-09-29T05:36:14.334+00:00] I (603) RouteLoom: Wi-Fi init heap: free=168028 largest=151552 bytes
[2026-09-29T05:36:14.334+00:00] I (607) pp: pp rom version: 5b8dcfa
[2026-09-29T05:36:14.334+00:00] I (610) net80211: net80211 rom version: 5b8dcfa
[2026-09-29T05:36:14.334+00:00] I (615) wifi:wifi driver task: 4087f494, prio:23, stack:6656, core=0
[2026-09-29T05:36:14.334+00:00] I (621) wifi:wifi firmware version: da143fa
[2026-09-29T05:36:14.334+00:00] I (624) wifi:wifi certification version: v7.0
[2026-09-29T05:36:14.334+00:00] I (628) wifi:config NVS flash: disabled
[2026-09-29T05:36:14.334+00:00] I (631) wifi:config nano formatting: disabled
[2026-09-29T05:36:14.434+00:00] I (636) wifi:mac_version:HAL_MAC_ESP32AX_761,ut_version:N, band mode:0x1
[2026-09-29T05:36:14.434+00:00] I (642) wifi:Init data frame dynamic rx buffer num: 8
[2026-09-29T05:36:14.434+00:00] I (647) wifi:Init static rx mgmt buffer num: 2
[2026-09-29T05:36:14.434+00:00] I (651) wifi:Init management short buffer num: 8
[2026-09-29T05:36:14.434+00:00] I (655) wifi:Init dynamic tx buffer num: 8
[2026-09-29T05:36:14.434+00:00] I (659) wifi:Init static tx FG buffer num: 2
[2026-09-29T05:36:14.434+00:00] I (663) wifi:Init static rx buffer size: 1700 (rxctrl:92, csi:512)
[2026-09-29T05:36:14.434+00:00] I (669) wifi:Init static rx buffer num: 4
[2026-09-29T05:36:14.434+00:00] I (673) wifi:Init dynamic rx buffer num: 8
[2026-09-29T05:36:14.434+00:00] I (677) wifi_init: accept mbox: 6
[2026-09-29T05:36:14.434+00:00] I (680) wifi_init: tcpip mbox: 32
[2026-09-29T05:36:14.434+00:00] I (683) wifi_init: udp mbox: 6
[2026-09-29T05:36:14.434+00:00] I (685) wifi_init: tcp mbox: 6
[2026-09-29T05:36:14.434+00:00] I (688) wifi_init: tcp tx win: 5760
[2026-09-29T05:36:14.434+00:00] I (691) wifi_init: tcp rx win: 5760
[2026-09-29T05:36:14.434+00:00] I (695) wifi_init: tcp mss: 1440
[2026-09-29T05:36:14.434+00:00] I (698) wifi_init: WiFi IRAM OP enabled
[2026-09-29T05:36:14.434+00:00] I (701) wifi_init: WiFi RX IRAM OP enabled
[2026-09-29T05:36:14.434+00:00] I (705) wifi_init: WiFi SLP IRAM OP enabled
[2026-09-29T05:36:14.434+00:00] I (709) RouteLoom: Wi-Fi initialized heap: free=142308 largest=126976 min=142280 bytes
[2026-09-29T05:36:14.434+00:00] I (717) wifi:(2.4G)set country: cc=JP  schan=1 nchan=13 policy=1
[2026-09-29T05:36:14.434+00:00] I (722) wifi:ifx:0, phymode(new:3, sta nvs: 7 ap nvs: 3)
[2026-09-29T05:36:14.534+00:00] I (728) phy_init: phy_version 345,552b044,Jul 14 2026,10:37:00
[2026-09-29T05:36:14.534+00:00] I (827) wifi:11ax coex: WDEVAX_PTI0(0x55777555), WDEVAX_PTI1(0x00003377).
[2026-09-29T05:36:14.534+00:00] 
[2026-09-29T05:36:14.534+00:00] I (828) wifi:mode : sta (10:bd:a3:b1:48:a8)
[2026-09-29T05:36:14.534+00:00] I (828) wifi:enable tsf
[2026-09-29T05:36:14.534+00:00] I (831) RouteLoom: Wi-Fi started heap: free=140120 largest=122880 min=139856 bytes
[2026-09-29T05:36:14.635+00:00] I (837) ESPNOW: espnow [version: 2.0] init
[2026-09-29T05:36:14.635+00:00] I (840) RouteLoom: ESP-NOW ready heap: free=139904 largest=122880 min=139856 bytes
[2026-09-29T05:36:14.635+00:00] I (853) RouteLoomRef: dev adopted (node 0x2, boot 9)
[2026-09-29T05:36:14.635+00:00] I (853) RouteLoomRef: security owner started; node start deferred to membership
[2026-09-29T05:36:14.635+00:00] W (860) RouteLoomRef: diagnostic reason=SECURITY_PROFILE_EXPERIMENTAL peer=0 message=none
[2026-09-29T05:36:14.635+00:00] W (867) RouteLoomRef: diagnostic reason=ROUTE_REFRESH_BOUND_EXCEEDED peer=0 message=none
[2026-09-29T05:36:14.635+00:00] I (878) RouteLoomRef: member discovery started
[2026-09-29T05:36:14.935+00:00] I (1189) RouteLoomRef: discovery event=BOUND peer=3
[2026-09-29T05:36:14.935+00:00] W (1189) RouteLoomRef: diagnostic reason=BOUND peer=3 message=none
[2026-09-29T05:36:16.938+00:00] I (3222) RouteLoomRef: discovery event=REACHABLE peer=3
[2026-09-29T05:36:16.938+00:00] W (3223) RouteLoomRef: diagnostic reason=REACHABLE peer=3 message=none
[2026-09-29T05:36:19.230+00:00] !! send C0-0 -> expired DEADLINE_EXPIRED 5031.74 ms
[2026-09-29T05:36:21.232+00:00] !! send C0-1 admitted request=5
[2026-09-29T05:36:26.266+00:00] !! send C0-1 -> expired DEADLINE_EXPIRED 5033.41 ms
[2026-09-29T05:36:28.268+00:00] !! send C0-2 admitted request=6
[2026-09-29T05:36:33.302+00:00] !! send C0-2 -> expired DEADLINE_EXPIRED 5033.41 ms
[2026-09-29T05:36:35.304+00:00] !! send C0-3 admitted request=7
[2026-09-29T05:36:40.346+00:00] !! send C0-3 -> expired DEADLINE_EXPIRED 5042.33 ms
[2026-09-29T05:36:42.349+00:00] !! send C0-4 admitted request=8
[2026-09-29T05:36:43.692+00:00] I (29956) RouteLoomRef: discovery event=BOUND peer=1
[2026-09-29T05:36:43.692+00:00] W (29956) RouteLoomRef: diagnostic reason=BOUND peer=1 message=none
[2026-09-29T05:36:43.692+00:00] I (29980) RouteLoomRef: discovery event=REACHABLE peer=1
[2026-09-29T05:36:43.692+00:00] W (29980) RouteLoomRef: diagnostic reason=REACHABLE peer=1 message=none
[2026-09-29T05:36:45.053+00:00] !! send C0-4 -> delivered END_RECEIVED 2704.25 ms
[2026-09-29T05:36:47.055+00:00] !! send C0-5 admitted request=9
[2026-09-29T05:36:47.161+00:00] !! send C0-5 -> delivered END_RECEIVED 105.71 ms
[2026-09-29T05:36:49.163+00:00] !! send C0-6 admitted request=10
[2026-09-29T05:36:49.268+00:00] !! send C0-6 -> delivered END_RECEIVED 104.55 ms
[2026-09-29T05:36:51.270+00:00] !! send C0-7 admitted request=11
[2026-09-29T05:36:51.375+00:00] !! send C0-7 -> delivered END_RECEIVED 105.67 ms
[2026-09-29T05:36:53.378+00:00] !! send C0-8 admitted request=12
[2026-09-29T05:36:53.483+00:00] !! send C0-8 -> delivered END_RECEIVED 105.22 ms
[2026-09-29T05:36:55.486+00:00] !! send C0-9 admitted request=13
[2026-09-29T05:36:55.590+00:00] !! send C0-9 -> delivered END_RECEIVED 104.48 ms
[2026-09-29T05:36:57.593+00:00] !! cycle 0 delivered 6/10 recovery_s=28.152
[2026-09-29T05:36:59.593+00:00] !! cycle 1 reset assert (RTS, DTR low)
[2026-09-29T05:36:59.624+00:00] ESP-ROM:esp32c6-20220919
[2026-09-29T05:36:59.624+00:00] Build:Sep 19 2022
[2026-09-29T05:36:59.625+00:00] rst:0x15 (USB_UART_HPSYS),boot:0x3f (SPI_FAST_FLASH_BOOT)
[2026-09-29T05:36:59.625+00:00] Saved PC:0x40807866
[2026-09-29T05:36:59.625+00:00] SPIWP:0xee
[2026-09-29T05:36:59.625+00:00] mode:DIO, clock div:2
[2026-09-29T05:36:59.625+00:00] load:0x40875730,len:0x1738
[2026-09-29T05:36:59.625+00:00] load:0x4086b910,len:0xd8c
[2026-09-29T05:36:59.625+00:00] load:0x4086e610,len:0x32e0
[2026-09-29T05:36:59.625+00:00] entry 0x4086b91a
[2026-09-29T05:36:59.625+00:00] I (23) boot: ESP-IDF v6.0.3 2nd stage bootloader
[2026-09-29T05:36:59.625+00:00] I (23) boot: compile time Sep 29 2026 04:06:51
[2026-09-29T05:36:59.625+00:00] I (24) boot: chip revision: v0.2
[2026-09-29T05:36:59.625+00:00] I (24) boot: efuse block revision: v0.3
[2026-09-29T05:36:59.625+00:00] I (26) boot.esp32c6: SPI Speed      : 80MHz
[2026-09-29T05:36:59.725+00:00] I (30) boot.esp32c6: SPI Mode       : DIO
[2026-09-29T05:36:59.725+00:00] I (34) boot.esp32c6: SPI Flash Size : 4MB
[2026-09-29T05:36:59.725+00:00] I (38) boot: Enabling RNG early entropy source...
[2026-09-29T05:36:59.725+00:00] I (42) boot: Partition Table:
[2026-09-29T05:36:59.725+00:00] I (45) boot: ## Label            Usage          Type ST Offset   Length
[2026-09-29T05:36:59.725+00:00] I (51) boot:  0 nvs              WiFi data        01 02 00009000 00006000
[2026-09-29T05:36:59.725+00:00] I (58) boot:  1 phy_init         RF data          01 01 0000f000 00001000
[2026-09-29T05:36:59.725+00:00] I (64) boot:  2 otadata          OTA data         01 00 00010000 00002000
[2026-09-29T05:36:59.725+00:00] I (71) boot:  3 rlcfg            WiFi data        01 02 00012000 00006000
[2026-09-29T05:36:59.725+00:00] I (77) boot:  4 rlkeys           WiFi data        01 02 00018000 00003000
[2026-09-29T05:36:59.725+00:00] I (84) boot:  5 rlsec            WiFi data        01 02 00020000 00020000
[2026-09-29T05:36:59.725+00:00] I (90) boot:  6 ota_0            OTA app          00 10 00040000 001d0000
[2026-09-29T05:36:59.725+00:00] I (97) boot:  7 ota_1            OTA app          00 11 00210000 001d0000
[2026-09-29T05:36:59.725+00:00] I (103) boot:  8 coredump         Unknown data     01 03 003e0000 00010000
[2026-09-29T05:36:59.725+00:00] I (110) boot: End of partition table
[2026-09-29T05:36:59.725+00:00] I (114) esp_image: segment 0: paddr=00040020 vaddr=42120020 size=25988h (153992) map
[2026-09-29T05:36:59.825+00:00] I (149) esp_image: segment 1: paddr=000659b0 vaddr=40800000 size=0a668h ( 42600) load
[2026-09-29T05:36:59.825+00:00] I (159) esp_image: segment 2: paddr=00070020 vaddr=42000020 size=112c84h (1125508) map
[2026-09-29T05:37:00.025+00:00] I (367) esp_image: segment 3: paddr=00182cac vaddr=4080a668 size=0f9a4h ( 63908) load
[2026-09-29T05:37:00.025+00:00] I (381) esp_image: segment 4: paddr=00192658 vaddr=4081a010 size=03c14h ( 15380) load
[2026-09-29T05:37:00.025+00:00] I (385) esp_image: segment 5: paddr=00196274 vaddr=50000000 size=00060h (    96) load
[2026-09-29T05:37:00.025+00:00] I (386) esp_image: segment 6: paddr=001962dc vaddr=50000068 size=00024h (    36) load
[2026-09-29T05:37:00.025+00:00] I (399) boot: Loaded app from partition at offset 0x40000
[2026-09-29T05:37:00.025+00:00] I (399) boot: Disabling RNG early entropy source...
[2026-09-29T05:37:00.025+00:00] I (415) cpu_start: Unicore app
[2026-09-29T05:37:00.025+00:00] I (423) cpu_start: GPIO 17 and 16 are used as console UART I/O pins
[2026-09-29T05:37:00.025+00:00] I (424) cpu_start: Pro cpu start user code
[2026-09-29T05:37:00.025+00:00] I (424) cpu_start: cpu freq: 160000000 Hz
[2026-09-29T05:37:00.025+00:00] I (426) app_init: Application information:
[2026-09-29T05:37:00.094+00:00] !! cycle 1 reset released after 0.500s
[2026-09-29T05:37:00.095+00:00] !! send C1-0 admitted request=14
[2026-09-29T05:37:00.125+00:00] I (430) app_init: Project name:     routeloom_reference_node
[2026-09-29T05:37:00.125+00:00] I (435) app_init: App version:      1
[2026-09-29T05:37:00.125+00:00] I (438) app_init: Compile time:     Sep 29 2026 04:13:34
[2026-09-29T05:37:00.125+00:00] I (443) app_init: ELF file SHA256:  0ea010565...
[2026-09-29T05:37:00.125+00:00] I (448) app_init: ESP-IDF:          v6.0.3
[2026-09-29T05:37:00.125+00:00] I (452) efuse_init: Min chip rev:     v0.0
[2026-09-29T05:37:00.125+00:00] I (455) efuse_init: Max chip rev:     v0.99
[2026-09-29T05:37:00.125+00:00] I (459) efuse_init: Chip rev:         v0.2
[2026-09-29T05:37:00.125+00:00] I (463) heap_init: Initializing. RAM available for dynamic allocation:
[2026-09-29T05:37:00.125+00:00] I (469) heap_init: At 4084BDA0 len 00030870 (194 KiB): RAM
[2026-09-29T05:37:00.125+00:00] I (475) heap_init: At 4087C610 len 00002F54 (11 KiB): RAM
[2026-09-29T05:37:00.125+00:00] I (480) heap_init: At 5000008C len 00003F5C (15 KiB): RTCRAM
[2026-09-29T05:37:00.125+00:00] I (486) spi_flash: detected chip: generic
[2026-09-29T05:37:00.125+00:00] I (489) spi_flash: flash io: dio
[2026-09-29T05:37:00.125+00:00] I (492) sleep_gpio: Configure to isolate all GPIO pins in sleep state
[2026-09-29T05:37:00.125+00:00] I (498) sleep_gpio: Enable automatic switching of GPIO sleep configuration
[2026-09-29T05:37:00.125+00:00] I (513) main_task: Started on CPU0
[2026-09-29T05:37:00.125+00:00] I (515) main_task: Calling app_main()
[2026-09-29T05:37:00.125+00:00] I (519) rl_flash: image: sdk=0.1.0 layout=PT-4M-v2 storage_epoch=2
[2026-09-29T05:37:00.225+00:00] I (565) RouteLoomRef: sdkv1 identity: none provisioned
[2026-09-29T05:37:00.225+00:00] I (566) RouteLoomRef: sdkv1 site: not a member
[2026-09-29T05:37:00.225+00:00] I (566) RouteLoomRef: sdkv1 revocation: none rs_epoch=0 resume_slots=16
[2026-09-29T05:37:00.225+00:00] I (570) RouteLoomRef: sdkv1 local_revocation: none
[2026-09-29T05:37:00.225+00:00] I (574) RouteLoomRef: sdkv1 lifecycle: none
[2026-09-29T05:37:00.225+00:00] I (580) RouteLoomRef: routeloom field boot: fw=1 app_sha256=0ea010565f93e36962669696e5fba6a7180445893b4a14cc0538230d5b517795
[2026-09-29T05:37:00.225+00:00] I (600) RouteLoomRef: board config: gen=1 node=0x2 secrets_gen=1 mac=10bda3b148a8
[2026-09-29T05:37:00.225+00:00] I (602) RouteLoomRef: security owner ready (node 0x2)
[2026-09-29T05:37:00.225+00:00] I (604) RouteLoom: Wi-Fi init heap: free=168028 largest=151552 bytes
[2026-09-29T05:37:00.225+00:00] I (608) pp: pp rom version: 5b8dcfa
[2026-09-29T05:37:00.225+00:00] I (611) net80211: net80211 rom version: 5b8dcfa
[2026-09-29T05:37:00.225+00:00] I (616) wifi:wifi driver task: 4087f494, prio:23, stack:6656, core=0
[2026-09-29T05:37:00.225+00:00] I (622) wifi:wifi firmware version: da143fa
[2026-09-29T05:37:00.225+00:00] I (625) wifi:wifi certification version: v7.0
[2026-09-29T05:37:00.325+00:00] I (629) wifi:config NVS flash: disabled
[2026-09-29T05:37:00.325+00:00] I (632) wifi:config nano formatting: disabled
[2026-09-29T05:37:00.325+00:00] I (637) wifi:mac_version:HAL_MAC_ESP32AX_761,ut_version:N, band mode:0x1
[2026-09-29T05:37:00.325+00:00] I (643) wifi:Init data frame dynamic rx buffer num: 8
[2026-09-29T05:37:00.325+00:00] I (648) wifi:Init static rx mgmt buffer num: 2
[2026-09-29T05:37:00.325+00:00] I (652) wifi:Init management short buffer num: 8
[2026-09-29T05:37:00.325+00:00] I (656) wifi:Init dynamic tx buffer num: 8
[2026-09-29T05:37:00.325+00:00] I (660) wifi:Init static tx FG buffer num: 2
[2026-09-29T05:37:00.325+00:00] I (664) wifi:Init static rx buffer size: 1700 (rxctrl:92, csi:512)
[2026-09-29T05:37:00.325+00:00] I (670) wifi:Init static rx buffer num: 4
[2026-09-29T05:37:00.325+00:00] I (674) wifi:Init dynamic rx buffer num: 8
[2026-09-29T05:37:00.325+00:00] I (678) wifi_init: accept mbox: 6
[2026-09-29T05:37:00.325+00:00] I (681) wifi_init: tcpip mbox: 32
[2026-09-29T05:37:00.325+00:00] I (684) wifi_init: udp mbox: 6
[2026-09-29T05:37:00.325+00:00] I (686) wifi_init: tcp mbox: 6
[2026-09-29T05:37:00.325+00:00] I (689) wifi_init: tcp tx win: 5760
[2026-09-29T05:37:00.325+00:00] I (692) wifi_init: tcp rx win: 5760
[2026-09-29T05:37:00.325+00:00] I (696) wifi_init: tcp mss: 1440
[2026-09-29T05:37:00.325+00:00] I (698) wifi_init: WiFi IRAM OP enabled
[2026-09-29T05:37:00.325+00:00] I (702) wifi_init: WiFi RX IRAM OP enabled
[2026-09-29T05:37:00.325+00:00] I (706) wifi_init: WiFi SLP IRAM OP enabled
[2026-09-29T05:37:00.325+00:00] I (710) RouteLoom: Wi-Fi initialized heap: free=142308 largest=126976 min=142280 bytes
[2026-09-29T05:37:00.325+00:00] I (718) wifi:(2.4G)set country: cc=JP  schan=1 nchan=13 policy=1
[2026-09-29T05:37:00.325+00:00] I (723) wifi:ifx:0, phymode(new:3, sta nvs: 7 ap nvs: 3)
[2026-09-29T05:37:00.425+00:00] I (729) phy_init: phy_version 345,552b044,Jul 14 2026,10:37:00
[2026-09-29T05:37:00.425+00:00] I (830) wifi:11ax coex: WDEVAX_PTI0(0x55777555), WDEVAX_PTI1(0x00003377).
[2026-09-29T05:37:00.425+00:00] 
[2026-09-29T05:37:00.526+00:00] I (831) wifi:mode : sta (10:bd:a3:b1:48:a8)
[2026-09-29T05:37:00.526+00:00] I (831) wifi:enable tsf
[2026-09-29T05:37:00.526+00:00] I (834) RouteLoom: Wi-Fi started heap: free=140120 largest=122880 min=139856 bytes
[2026-09-29T05:37:00.526+00:00] I (840) ESPNOW: espnow [version: 2.0] init
[2026-09-29T05:37:00.526+00:00] I (843) RouteLoom: ESP-NOW ready heap: free=139904 largest=122880 min=139856 bytes
[2026-09-29T05:37:00.526+00:00] I (855) RouteLoomRef: dev adopted (node 0x2, boot 10)
[2026-09-29T05:37:00.526+00:00] I (856) RouteLoomRef: security owner started; node start deferred to membership
[2026-09-29T05:37:00.526+00:00] W (863) RouteLoomRef: diagnostic reason=SECURITY_PROFILE_EXPERIMENTAL peer=0 message=none
[2026-09-29T05:37:00.526+00:00] W (870) RouteLoomRef: diagnostic reason=ROUTE_REFRESH_BOUND_EXCEEDED peer=0 message=none
[2026-09-29T05:37:00.526+00:00] I (881) RouteLoomRef: member discovery started
[2026-09-29T05:37:00.871+00:00] !! send C1-0 -> failed HOP_ACCEPT_TIMEOUT 775.83 ms
[2026-09-29T05:37:01.627+00:00] I (1951) RouteLoomRef: discovery event=BOUND peer=3
[2026-09-29T05:37:01.627+00:00] W (1951) RouteLoomRef: diagnostic reason=BOUND peer=3 message=none
[2026-09-29T05:37:01.627+00:00] I (2026) RouteLoomRef: discovery event=REACHABLE peer=3
[2026-09-29T05:37:01.627+00:00] W (2026) RouteLoomRef: diagnostic reason=REACHABLE peer=3 message=none
[2026-09-29T05:37:02.873+00:00] !! send C1-1 admitted request=15
[2026-09-29T05:37:03.289+00:00] !! send C1-1 -> failed HOP_ACCEPT_TIMEOUT 415.52 ms
[2026-09-29T05:37:05.291+00:00] !! send C1-2 admitted request=16
[2026-09-29T05:37:05.708+00:00] !! send C1-2 -> failed HOP_ACCEPT_TIMEOUT 417.18 ms
[2026-09-29T05:37:07.710+00:00] !! send C1-3 admitted request=17
[2026-09-29T05:37:08.128+00:00] !! send C1-3 -> failed HOP_ACCEPT_TIMEOUT 417.31 ms
[2026-09-29T05:37:10.131+00:00] !! send C1-4 admitted request=18
[2026-09-29T05:37:10.547+00:00] !! send C1-4 -> failed HOP_ACCEPT_TIMEOUT 416.4 ms
[2026-09-29T05:37:12.548+00:00] !! send C1-5 admitted request=19
[2026-09-29T05:37:17.587+00:00] !! send C1-5 -> expired DEADLINE_EXPIRED 5038.26 ms
[2026-09-29T05:37:19.589+00:00] !! send C1-6 admitted request=20
[2026-09-29T05:37:24.631+00:00] !! send C1-6 -> expired DEADLINE_EXPIRED 5042.27 ms
[2026-09-29T05:37:26.633+00:00] !! send C1-7 admitted request=21
[2026-09-29T05:37:27.674+00:00] I (28008) RouteLoomRef: discovery event=BOUND peer=1
[2026-09-29T05:37:27.674+00:00] W (28008) RouteLoomRef: diagnostic reason=BOUND peer=1 message=none
[2026-09-29T05:37:27.674+00:00] I (28035) RouteLoomRef: discovery event=REACHABLE peer=1
[2026-09-29T05:37:27.674+00:00] W (28035) RouteLoomRef: diagnostic reason=REACHABLE peer=1 message=none
[2026-09-29T05:37:29.963+00:00] !! send C1-7 -> delivered END_RECEIVED 3329.45 ms
[2026-09-29T05:37:31.965+00:00] !! send C1-8 admitted request=22
[2026-09-29T05:37:32.071+00:00] !! send C1-8 -> delivered END_RECEIVED 105.43 ms
[2026-09-29T05:37:34.073+00:00] !! send C1-9 admitted request=23
[2026-09-29T05:37:34.178+00:00] !! send C1-9 -> delivered END_RECEIVED 104.74 ms
[2026-09-29T05:37:36.181+00:00] !! cycle 1 delivered 3/10 recovery_s=26.539
[2026-09-29T05:37:38.182+00:00] !! cycle 2 reset assert (RTS, DTR low)
[2026-09-29T05:37:38.195+00:00] ESP-ROM:esp32c6-20220919
[2026-09-29T05:37:38.195+00:00] Build:Sep 19 2022
[2026-09-29T05:37:38.195+00:00] rst:0x15 (USB_UART_HPSYS),boot:0x3f (SPI_FAST_FLASH_BOOT)
[2026-09-29T05:37:38.195+00:00] Saved PC:0x40807866
[2026-09-29T05:37:38.195+00:00] SPIWP:0xee
[2026-09-29T05:37:38.195+00:00] mode:DIO, clock div:2
[2026-09-29T05:37:38.195+00:00] load:0x40875730,len:0x1738
[2026-09-29T05:37:38.195+00:00] load:0x4086b910,len:0xd8c
[2026-09-29T05:37:38.195+00:00] load:0x4086e610,len:0x32e0
[2026-09-29T05:37:38.195+00:00] entry 0x4086b91a
[2026-09-29T05:37:38.296+00:00] I (23) boot: ESP-IDF v6.0.3 2nd stage bootloader
[2026-09-29T05:37:38.296+00:00] I (23) boot: compile time Sep 29 2026 04:06:51
[2026-09-29T05:37:38.296+00:00] I (24) boot: chip revision: v0.2
[2026-09-29T05:37:38.296+00:00] I (24) boot: efuse block revision: v0.3
[2026-09-29T05:37:38.296+00:00] I (26) boot.esp32c6: SPI Speed      : 80MHz
[2026-09-29T05:37:38.296+00:00] I (30) boot.esp32c6: SPI Mode       : DIO
[2026-09-29T05:37:38.296+00:00] I (34) boot.esp32c6: SPI Flash Size : 4MB
[2026-09-29T05:37:38.296+00:00] I (38) boot: Enabling RNG early entropy source...
[2026-09-29T05:37:38.296+00:00] I (42) boot: Partition Table:
[2026-09-29T05:37:38.296+00:00] I (45) boot: ## Label            Usage          Type ST Offset   Length
[2026-09-29T05:37:38.296+00:00] I (51) boot:  0 nvs              WiFi data        01 02 00009000 00006000
[2026-09-29T05:37:38.296+00:00] I (58) boot:  1 phy_init         RF data          01 01 0000f000 00001000
[2026-09-29T05:37:38.296+00:00] I (64) boot:  2 otadata          OTA data         01 00 00010000 00002000
[2026-09-29T05:37:38.296+00:00] I (71) boot:  3 rlcfg            WiFi data        01 02 00012000 00006000
[2026-09-29T05:37:38.296+00:00] I (77) boot:  4 rlkeys           WiFi data        01 02 00018000 00003000
[2026-09-29T05:37:38.296+00:00] I (84) boot:  5 rlsec            WiFi data        01 02 00020000 00020000
[2026-09-29T05:37:38.296+00:00] I (90) boot:  6 ota_0            OTA app          00 10 00040000 001d0000
[2026-09-29T05:37:38.296+00:00] I (97) boot:  7 ota_1            OTA app          00 11 00210000 001d0000
[2026-09-29T05:37:38.296+00:00] I (103) boot:  8 coredump         Unknown data     01 03 003e0000 00010000
[2026-09-29T05:37:38.296+00:00] I (110) boot: End of partition table
[2026-09-29T05:37:38.396+00:00] I (114) esp_image: segment 0: paddr=00040020 vaddr=42120020 size=25988h (153992) map
[2026-09-29T05:37:38.396+00:00] I (149) esp_image: segment 1: paddr=000659b0 vaddr=40800000 size=0a668h ( 42600) load
[2026-09-29T05:37:38.396+00:00] I (159) esp_image: segment 2: paddr=00070020 vaddr=42000020 size=112c84h (1125508) map
[2026-09-29T05:37:38.596+00:00] I (367) esp_image: segment 3: paddr=00182cac vaddr=4080a668 size=0f9a4h ( 63908) load
[2026-09-29T05:37:38.596+00:00] I (381) esp_image: segment 4: paddr=00192658 vaddr=4081a010 size=03c14h ( 15380) load
[2026-09-29T05:37:38.596+00:00] I (385) esp_image: segment 5: paddr=00196274 vaddr=50000000 size=00060h (    96) load
[2026-09-29T05:37:38.596+00:00] I (386) esp_image: segment 6: paddr=001962dc vaddr=50000068 size=00024h (    36) load
[2026-09-29T05:37:38.596+00:00] I (399) boot: Loaded app from partition at offset 0x40000
[2026-09-29T05:37:38.596+00:00] I (399) boot: Disabling RNG early entropy source...
[2026-09-29T05:37:38.682+00:00] !! cycle 2 reset released after 0.500s
[2026-09-29T05:37:38.684+00:00] !! send C2-0 admitted request=24
[2026-09-29T05:37:38.696+00:00] I (415) cpu_start: Unicore app
[2026-09-29T05:37:38.696+00:00] I (423) cpu_start: GPIO 17 and 16 are used as console UART I/O pins
[2026-09-29T05:37:38.696+00:00] I (424) cpu_start: Pro cpu start user code
[2026-09-29T05:37:38.696+00:00] I (424) cpu_start: cpu freq: 160000000 Hz
[2026-09-29T05:37:38.696+00:00] I (426) app_init: Application information:
[2026-09-29T05:37:38.696+00:00] I (430) app_init: Project name:     routeloom_reference_node
[2026-09-29T05:37:38.696+00:00] I (435) app_init: App version:      1
[2026-09-29T05:37:38.696+00:00] I (438) app_init: Compile time:     Sep 29 2026 04:13:34
[2026-09-29T05:37:38.696+00:00] I (443) app_init: ELF file SHA256:  0ea010565...
[2026-09-29T05:37:38.696+00:00] I (448) app_init: ESP-IDF:          v6.0.3
[2026-09-29T05:37:38.696+00:00] I (452) efuse_init: Min chip rev:     v0.0
[2026-09-29T05:37:38.696+00:00] I (455) efuse_init: Max chip rev:     v0.99
[2026-09-29T05:37:38.696+00:00] I (459) efuse_init: Chip rev:         v0.2
[2026-09-29T05:37:38.696+00:00] I (463) heap_init: Initializing. RAM available for dynamic allocation:
[2026-09-29T05:37:38.696+00:00] I (469) heap_init: At 4084BDA0 len 00030870 (194 KiB): RAM
[2026-09-29T05:37:38.696+00:00] I (475) heap_init: At 4087C610 len 00002F54 (11 KiB): RAM
[2026-09-29T05:37:38.696+00:00] I (480) heap_init: At 5000008C len 00003F5C (15 KiB): RTCRAM
[2026-09-29T05:37:38.696+00:00] I (486) spi_flash: detected chip: generic
[2026-09-29T05:37:38.696+00:00] I (489) spi_flash: flash io: dio
[2026-09-29T05:37:38.696+00:00] I (492) sleep_gpio: Configure to isolate all GPIO pins in sleep state
[2026-09-29T05:37:38.696+00:00] I (498) sleep_gpio: Enable automatic switching of GPIO sleep configuration
[2026-09-29T05:37:38.797+00:00] I (513) main_task: Started on CPU0
[2026-09-29T05:37:38.797+00:00] I (515) main_task: Calling app_main()
[2026-09-29T05:37:38.797+00:00] I (519) rl_flash: image: sdk=0.1.0 layout=PT-4M-v2 storage_epoch=2
[2026-09-29T05:37:38.797+00:00] I (564) RouteLoomRef: sdkv1 identity: none provisioned
[2026-09-29T05:37:38.797+00:00] I (565) RouteLoomRef: sdkv1 site: not a member
[2026-09-29T05:37:38.797+00:00] I (565) RouteLoomRef: sdkv1 revocation: none rs_epoch=0 resume_slots=16
[2026-09-29T05:37:38.797+00:00] I (569) RouteLoomRef: sdkv1 local_revocation: none
[2026-09-29T05:37:38.797+00:00] I (573) RouteLoomRef: sdkv1 lifecycle: none
[2026-09-29T05:37:38.797+00:00] I (579) RouteLoomRef: routeloom field boot: fw=1 app_sha256=0ea010565f93e36962669696e5fba6a7180445893b4a14cc0538230d5b517795
[2026-09-29T05:37:38.797+00:00] I (599) RouteLoomRef: board config: gen=1 node=0x2 secrets_gen=1 mac=10bda3b148a8
[2026-09-29T05:37:38.797+00:00] I (601) RouteLoomRef: security owner ready (node 0x2)
[2026-09-29T05:37:38.797+00:00] I (603) RouteLoom: Wi-Fi init heap: free=168028 largest=151552 bytes
[2026-09-29T05:37:38.797+00:00] I (607) pp: pp rom version: 5b8dcfa
[2026-09-29T05:37:38.897+00:00] I (610) net80211: net80211 rom version: 5b8dcfa
[2026-09-29T05:37:38.897+00:00] I (615) wifi:wifi driver task: 4087f494, prio:23, stack:6656, core=0
[2026-09-29T05:37:38.897+00:00] I (621) wifi:wifi firmware version: da143fa
[2026-09-29T05:37:38.897+00:00] I (624) wifi:wifi certification version: v7.0
[2026-09-29T05:37:38.897+00:00] I (628) wifi:config NVS flash: disabled
[2026-09-29T05:37:38.897+00:00] I (631) wifi:config nano formatting: disabled
[2026-09-29T05:37:38.897+00:00] I (636) wifi:mac_version:HAL_MAC_ESP32AX_761,ut_version:N, band mode:0x1
[2026-09-29T05:37:38.897+00:00] I (642) wifi:Init data frame dynamic rx buffer num: 8
[2026-09-29T05:37:38.897+00:00] I (647) wifi:Init static rx mgmt buffer num: 2
[2026-09-29T05:37:38.897+00:00] I (651) wifi:Init management short buffer num: 8
[2026-09-29T05:37:38.897+00:00] I (655) wifi:Init dynamic tx buffer num: 8
[2026-09-29T05:37:38.897+00:00] I (659) wifi:Init static tx FG buffer num: 2
[2026-09-29T05:37:38.897+00:00] I (663) wifi:Init static rx buffer size: 1700 (rxctrl:92, csi:512)
[2026-09-29T05:37:38.897+00:00] I (669) wifi:Init static rx buffer num: 4
[2026-09-29T05:37:38.897+00:00] I (673) wifi:Init dynamic rx buffer num: 8
[2026-09-29T05:37:38.897+00:00] I (677) wifi_init: accept mbox: 6
[2026-09-29T05:37:38.897+00:00] I (680) wifi_init: tcpip mbox: 32
[2026-09-29T05:37:38.897+00:00] I (683) wifi_init: udp mbox: 6
[2026-09-29T05:37:38.897+00:00] I (685) wifi_init: tcp mbox: 6
[2026-09-29T05:37:38.897+00:00] I (688) wifi_init: tcp tx win: 5760
[2026-09-29T05:37:38.897+00:00] I (691) wifi_init: tcp rx win: 5760
[2026-09-29T05:37:38.897+00:00] I (695) wifi_init: tcp mss: 1440
[2026-09-29T05:37:38.897+00:00] I (698) wifi_init: WiFi IRAM OP enabled
[2026-09-29T05:37:38.897+00:00] I (701) wifi_init: WiFi RX IRAM OP enabled
[2026-09-29T05:37:38.897+00:00] I (705) wifi_init: WiFi SLP IRAM OP enabled
[2026-09-29T05:37:38.997+00:00] I (709) RouteLoom: Wi-Fi initialized heap: free=142308 largest=126976 min=142280 bytes
[2026-09-29T05:37:38.997+00:00] I (717) wifi:(2.4G)set country: cc=JP  schan=1 nchan=13 policy=1
[2026-09-29T05:37:38.997+00:00] I (722) wifi:ifx:0, phymode(new:3, sta nvs: 7 ap nvs: 3)
[2026-09-29T05:37:39.097+00:00] I (728) phy_init: phy_version 345,552b044,Jul 14 2026,10:37:00
[2026-09-29T05:37:39.097+00:00] I (828) wifi:11ax coex: WDEVAX_PTI0(0x55777555), WDEVAX_PTI1(0x00003377).
[2026-09-29T05:37:39.097+00:00] 
[2026-09-29T05:37:39.097+00:00] I (829) wifi:mode : sta (10:bd:a3:b1:48:a8)
[2026-09-29T05:37:39.097+00:00] I (829) wifi:enable tsf
[2026-09-29T05:37:39.097+00:00] I (832) RouteLoom: Wi-Fi started heap: free=140120 largest=122880 min=139856 bytes
[2026-09-29T05:37:39.097+00:00] I (838) ESPNOW: espnow [version: 2.0] init
[2026-09-29T05:37:39.097+00:00] I (841) RouteLoom: ESP-NOW ready heap: free=139904 largest=122880 min=139856 bytes
[2026-09-29T05:37:39.097+00:00] I (853) RouteLoomRef: dev adopted (node 0x2, boot 11)
[2026-09-29T05:37:39.097+00:00] I (854) RouteLoomRef: security owner started; node start deferred to membership
[2026-09-29T05:37:39.097+00:00] W (861) RouteLoomRef: diagnostic reason=SECURITY_PROFILE_EXPERIMENTAL peer=0 message=none
[2026-09-29T05:37:39.097+00:00] W (868) RouteLoomRef: diagnostic reason=ROUTE_REFRESH_BOUND_EXCEEDED peer=0 message=none
[2026-09-29T05:37:39.097+00:00] I (879) RouteLoomRef: member discovery started
[2026-09-29T05:37:39.360+00:00] !! send C2-0 -> failed HOP_ACCEPT_TIMEOUT 676.12 ms
[2026-09-29T05:37:39.698+00:00] I (1435) RouteLoomRef: discovery event=BOUND peer=3
[2026-09-29T05:37:39.698+00:00] W (1435) RouteLoomRef: diagnostic reason=BOUND peer=3 message=none
[2026-09-29T05:37:41.362+00:00] !! send C2-1 admitted request=25
[2026-09-29T05:37:41.779+00:00] !! send C2-1 -> failed HOP_ACCEPT_TIMEOUT 416.19 ms
[2026-09-29T05:37:43.781+00:00] !! send C2-2 admitted request=26
[2026-09-29T05:37:44.200+00:00] !! send C2-2 -> failed HOP_ACCEPT_TIMEOUT 418.48 ms
[2026-09-29T05:37:46.202+00:00] !! send C2-3 admitted request=27
[2026-09-29T05:37:46.621+00:00] !! send C2-3 -> failed HOP_ACCEPT_TIMEOUT 418.69 ms
[2026-09-29T05:37:48.623+00:00] !! send C2-4 admitted request=28
[2026-09-29T05:37:48.990+00:00] !! send C2-4 -> failed HOP_ACCEPT_TIMEOUT 366.41 ms
[2026-09-29T05:37:50.992+00:00] !! send C2-5 admitted request=29
[2026-09-29T05:37:56.041+00:00] !! send C2-5 -> expired DEADLINE_EXPIRED 5049.34 ms
[2026-09-29T05:37:58.043+00:00] !! send C2-6 admitted request=30
[2026-09-29T05:38:03.095+00:00] !! send C2-6 -> expired DEADLINE_EXPIRED 5051.57 ms
[2026-09-29T05:38:05.097+00:00] !! send C2-7 admitted request=31
[2026-09-29T05:38:10.148+00:00] !! send C2-7 -> expired DEADLINE_EXPIRED 5051.12 ms
[2026-09-29T05:38:10.564+00:00] I (32301) RouteLoomRef: discovery event=BOUND peer=1
[2026-09-29T05:38:10.564+00:00] W (32301) RouteLoomRef: diagnostic reason=BOUND peer=1 message=none
[2026-09-29T05:38:10.564+00:00] I (32326) RouteLoomRef: discovery event=REACHABLE peer=1
[2026-09-29T05:38:10.564+00:00] W (32326) RouteLoomRef: diagnostic reason=REACHABLE peer=1 message=none
[2026-09-29T05:38:12.151+00:00] !! send C2-8 admitted request=32
[2026-09-29T05:38:12.256+00:00] !! send C2-8 -> delivered END_RECEIVED 104.98 ms
[2026-09-29T05:38:14.258+00:00] !! send C2-9 admitted request=33
[2026-09-29T05:38:14.363+00:00] !! send C2-9 -> delivered END_RECEIVED 105.17 ms
[2026-09-29T05:38:16.366+00:00] !! cycle 2 delivered 2/10 recovery_s=33.468
[2026-09-29T05:38:18.366+00:00] !! cycle 3 reset assert (RTS, DTR low)
[2026-09-29T05:38:18.380+00:00] ESP-ROM:esp32c6-20220919
[2026-09-29T05:38:18.380+00:00] Build:Sep 19 2022
[2026-09-29T05:38:18.380+00:00] rst:0x15 (USB_UART_HPSYS),boot:0x3f (SPI_FAST_FLASH_BOOT)
[2026-09-29T05:38:18.380+00:00] Saved PC:0x40807866
[2026-09-29T05:38:18.380+00:00] SPIWP:0xee
[2026-09-29T05:38:18.380+00:00] mode:DIO, clock div:2
[2026-09-29T05:38:18.380+00:00] load:0x40875730,len:0x1738
[2026-09-29T05:38:18.380+00:00] load:0x4086b910,len:0xd8c
[2026-09-29T05:38:18.380+00:00] load:0x4086e610,len:0x32e0
[2026-09-29T05:38:18.380+00:00] entry 0x4086b91a
[2026-09-29T05:38:18.480+00:00] I (23) boot: ESP-IDF v6.0.3 2nd stage bootloader
[2026-09-29T05:38:18.480+00:00] I (23) boot: compile time Sep 29 2026 04:06:51
[2026-09-29T05:38:18.480+00:00] I (24) boot: chip revision: v0.2
[2026-09-29T05:38:18.480+00:00] I (24) boot: efuse block revision: v0.3
[2026-09-29T05:38:18.480+00:00] I (26) boot.esp32c6: SPI Speed      : 80MHz
[2026-09-29T05:38:18.480+00:00] I (30) boot.esp32c6: SPI Mode       : DIO
[2026-09-29T05:38:18.480+00:00] I (34) boot.esp32c6: SPI Flash Size : 4MB
[2026-09-29T05:38:18.480+00:00] I (38) boot: Enabling RNG early entropy source...
[2026-09-29T05:38:18.480+00:00] I (42) boot: Partition Table:
[2026-09-29T05:38:18.480+00:00] I (45) boot: ## Label            Usage          Type ST Offset   Length
[2026-09-29T05:38:18.480+00:00] I (51) boot:  0 nvs              WiFi data        01 02 00009000 00006000
[2026-09-29T05:38:18.480+00:00] I (58) boot:  1 phy_init         RF data          01 01 0000f000 00001000
[2026-09-29T05:38:18.480+00:00] I (64) boot:  2 otadata          OTA data         01 00 00010000 00002000
[2026-09-29T05:38:18.480+00:00] I (71) boot:  3 rlcfg            WiFi data        01 02 00012000 00006000
[2026-09-29T05:38:18.480+00:00] I (77) boot:  4 rlkeys           WiFi data        01 02 00018000 00003000
[2026-09-29T05:38:18.480+00:00] I (84) boot:  5 rlsec            WiFi data        01 02 00020000 00020000
[2026-09-29T05:38:18.480+00:00] I (90) boot:  6 ota_0            OTA app          00 10 00040000 001d0000
[2026-09-29T05:38:18.480+00:00] I (97) boot:  7 ota_1            OTA app          00 11 00210000 001d0000
[2026-09-29T05:38:18.480+00:00] I (103) boot:  8 coredump         Unknown data     01 03 003e0000 00010000
[2026-09-29T05:38:18.480+00:00] I (110) boot: End of partition table
[2026-09-29T05:38:18.581+00:00] I (114) esp_image: segment 0: paddr=00040020 vaddr=42120020 size=25988h (153992) map
[2026-09-29T05:38:18.581+00:00] I (149) esp_image: segment 1: paddr=000659b0 vaddr=40800000 size=0a668h ( 42600) load
[2026-09-29T05:38:18.581+00:00] I (159) esp_image: segment 2: paddr=00070020 vaddr=42000020 size=112c84h (1125508) map
[2026-09-29T05:38:18.781+00:00] I (367) esp_image: segment 3: paddr=00182cac vaddr=4080a668 size=0f9a4h ( 63908) load
[2026-09-29T05:38:18.781+00:00] I (381) esp_image: segment 4: paddr=00192658 vaddr=4081a010 size=03c14h ( 15380) load
[2026-09-29T05:38:18.781+00:00] I (385) esp_image: segment 5: paddr=00196274 vaddr=50000000 size=00060h (    96) load
[2026-09-29T05:38:18.781+00:00] I (386) esp_image: segment 6: paddr=001962dc vaddr=50000068 size=00024h (    36) load
[2026-09-29T05:38:18.781+00:00] I (399) boot: Loaded app from partition at offset 0x40000
[2026-09-29T05:38:18.781+00:00] I (399) boot: Disabling RNG early entropy source...
[2026-09-29T05:38:18.867+00:00] !! cycle 3 reset released after 0.501s
[2026-09-29T05:38:18.869+00:00] !! send C3-0 admitted request=34
[2026-09-29T05:38:18.881+00:00] I (415) cpu_start: Unicore app
[2026-09-29T05:38:18.881+00:00] I (423) cpu_start: GPIO 17 and 16 are used as console UART I/O pins
[2026-09-29T05:38:18.881+00:00] I (424) cpu_start: Pro cpu start user code
[2026-09-29T05:38:18.881+00:00] I (424) cpu_start: cpu freq: 160000000 Hz
[2026-09-29T05:38:18.881+00:00] I (426) app_init: Application information:
[2026-09-29T05:38:18.881+00:00] I (430) app_init: Project name:     routeloom_reference_node
[2026-09-29T05:38:18.881+00:00] I (435) app_init: App version:      1
[2026-09-29T05:38:18.881+00:00] I (438) app_init: Compile time:     Sep 29 2026 04:13:34
[2026-09-29T05:38:18.881+00:00] I (443) app_init: ELF file SHA256:  0ea010565...
[2026-09-29T05:38:18.881+00:00] I (448) app_init: ESP-IDF:          v6.0.3
[2026-09-29T05:38:18.881+00:00] I (452) efuse_init: Min chip rev:     v0.0
[2026-09-29T05:38:18.881+00:00] I (455) efuse_init: Max chip rev:     v0.99
[2026-09-29T05:38:18.881+00:00] I (459) efuse_init: Chip rev:         v0.2
[2026-09-29T05:38:18.881+00:00] I (463) heap_init: Initializing. RAM available for dynamic allocation:
[2026-09-29T05:38:18.881+00:00] I (469) heap_init: At 4084BDA0 len 00030870 (194 KiB): RAM
[2026-09-29T05:38:18.881+00:00] I (475) heap_init: At 4087C610 len 00002F54 (11 KiB): RAM
[2026-09-29T05:38:18.881+00:00] I (480) heap_init: At 5000008C len 00003F5C (15 KiB): RTCRAM
[2026-09-29T05:38:18.881+00:00] I (486) spi_flash: detected chip: generic
[2026-09-29T05:38:18.881+00:00] I (489) spi_flash: flash io: dio
[2026-09-29T05:38:18.881+00:00] I (492) sleep_gpio: Configure to isolate all GPIO pins in sleep state
[2026-09-29T05:38:18.881+00:00] I (498) sleep_gpio: Enable automatic switching of GPIO sleep configuration
[2026-09-29T05:38:18.981+00:00] I (513) main_task: Started on CPU0
[2026-09-29T05:38:18.981+00:00] I (515) main_task: Calling app_main()
[2026-09-29T05:38:18.981+00:00] I (519) rl_flash: image: sdk=0.1.0 layout=PT-4M-v2 storage_epoch=2
[2026-09-29T05:38:18.981+00:00] I (564) RouteLoomRef: sdkv1 identity: none provisioned
[2026-09-29T05:38:18.981+00:00] I (565) RouteLoomRef: sdkv1 site: not a member
[2026-09-29T05:38:18.981+00:00] I (565) RouteLoomRef: sdkv1 revocation: none rs_epoch=0 resume_slots=16
[2026-09-29T05:38:18.981+00:00] I (569) RouteLoomRef: sdkv1 local_revocation: none
[2026-09-29T05:38:18.981+00:00] I (573) RouteLoomRef: sdkv1 lifecycle: none
[2026-09-29T05:38:18.981+00:00] I (579) RouteLoomRef: routeloom field boot: fw=1 app_sha256=0ea010565f93e36962669696e5fba6a7180445893b4a14cc0538230d5b517795
[2026-09-29T05:38:18.981+00:00] I (599) RouteLoomRef: board config: gen=1 node=0x2 secrets_gen=1 mac=10bda3b148a8
[2026-09-29T05:38:18.981+00:00] I (601) RouteLoomRef: security owner ready (node 0x2)
[2026-09-29T05:38:18.981+00:00] I (603) RouteLoom: Wi-Fi init heap: free=168028 largest=151552 bytes
[2026-09-29T05:38:18.981+00:00] I (607) pp: pp rom version: 5b8dcfa
[2026-09-29T05:38:19.081+00:00] I (610) net80211: net80211 rom version: 5b8dcfa
[2026-09-29T05:38:19.081+00:00] I (615) wifi:wifi driver task: 4087f494, prio:23, stack:6656, core=0
[2026-09-29T05:38:19.081+00:00] I (621) wifi:wifi firmware version: da143fa
[2026-09-29T05:38:19.081+00:00] I (624) wifi:wifi certification version: v7.0
[2026-09-29T05:38:19.081+00:00] I (628) wifi:config NVS flash: disabled
[2026-09-29T05:38:19.081+00:00] I (631) wifi:config nano formatting: disabled
[2026-09-29T05:38:19.081+00:00] I (636) wifi:mac_version:HAL_MAC_ESP32AX_761,ut_version:N, band mode:0x1
[2026-09-29T05:38:19.081+00:00] I (642) wifi:Init data frame dynamic rx buffer num: 8
[2026-09-29T05:38:19.081+00:00] I (647) wifi:Init static rx mgmt buffer num: 2
[2026-09-29T05:38:19.081+00:00] I (651) wifi:Init management short buffer num: 8
[2026-09-29T05:38:19.081+00:00] I (655) wifi:Init dynamic tx buffer num: 8
[2026-09-29T05:38:19.081+00:00] I (659) wifi:Init static tx FG buffer num: 2
[2026-09-29T05:38:19.081+00:00] I (663) wifi:Init static rx buffer size: 1700 (rxctrl:92, csi:512)
[2026-09-29T05:38:19.081+00:00] I (669) wifi:Init static rx buffer num: 4
[2026-09-29T05:38:19.081+00:00] I (673) wifi:Init dynamic rx buffer num: 8
[2026-09-29T05:38:19.081+00:00] I (677) wifi_init: accept mbox: 6
[2026-09-29T05:38:19.082+00:00] I (680) wifi_init: tcpip mbox: 32
[2026-09-29T05:38:19.082+00:00] I (683) wifi_init: udp mbox: 6
[2026-09-29T05:38:19.082+00:00] I (685) wifi_init: tcp mbox: 6
[2026-09-29T05:38:19.082+00:00] I (688) wifi_init: tcp tx win: 5760
[2026-09-29T05:38:19.082+00:00] I (691) wifi_init: tcp rx win: 5760
[2026-09-29T05:38:19.082+00:00] I (695) wifi_init: tcp mss: 1440
[2026-09-29T05:38:19.082+00:00] I (697) wifi_init: WiFi IRAM OP enabled
[2026-09-29T05:38:19.082+00:00] I (701) wifi_init: WiFi RX IRAM OP enabled
[2026-09-29T05:38:19.082+00:00] I (705) wifi_init: WiFi SLP IRAM OP enabled
[2026-09-29T05:38:19.182+00:00] I (709) RouteLoom: Wi-Fi initialized heap: free=142308 largest=126976 min=142280 bytes
[2026-09-29T05:38:19.182+00:00] I (717) wifi:(2.4G)set country: cc=JP  schan=1 nchan=13 policy=1
[2026-09-29T05:38:19.182+00:00] I (722) wifi:ifx:0, phymode(new:3, sta nvs: 7 ap nvs: 3)
[2026-09-29T05:38:19.282+00:00] I (728) phy_init: phy_version 345,552b044,Jul 14 2026,10:37:00
[2026-09-29T05:38:19.282+00:00] I (828) wifi:11ax coex: WDEVAX_PTI0(0x55777555), WDEVAX_PTI1(0x00003377).
[2026-09-29T05:38:19.282+00:00] 
[2026-09-29T05:38:19.282+00:00] I (829) wifi:mode : sta (10:bd:a3:b1:48:a8)
[2026-09-29T05:38:19.282+00:00] I (829) wifi:enable tsf
[2026-09-29T05:38:19.282+00:00] I (832) RouteLoom: Wi-Fi started heap: free=140120 largest=122880 min=139856 bytes
[2026-09-29T05:38:19.282+00:00] I (838) ESPNOW: espnow [version: 2.0] init
[2026-09-29T05:38:19.282+00:00] I (841) RouteLoom: ESP-NOW ready heap: free=139904 largest=122880 min=139856 bytes
[2026-09-29T05:38:19.282+00:00] I (853) RouteLoomRef: dev adopted (node 0x2, boot 12)
[2026-09-29T05:38:19.282+00:00] I (853) RouteLoomRef: security owner started; node start deferred to membership
[2026-09-29T05:38:19.282+00:00] W (861) RouteLoomRef: diagnostic reason=SECURITY_PROFILE_EXPERIMENTAL peer=0 message=none
[2026-09-29T05:38:19.282+00:00] W (868) RouteLoomRef: diagnostic reason=ROUTE_REFRESH_BOUND_EXCEEDED peer=0 message=none
[2026-09-29T05:38:19.282+00:00] I (879) RouteLoomRef: member discovery started
[2026-09-29T05:38:19.544+00:00] !! send C3-0 -> failed HOP_ACCEPT_TIMEOUT 674.52 ms
[2026-09-29T05:38:20.284+00:00] I (1904) RouteLoomRef: discovery event=BOUND peer=1
[2026-09-29T05:38:20.284+00:00] W (1904) RouteLoomRef: diagnostic reason=BOUND peer=1 message=none
[2026-09-29T05:38:21.547+00:00] !! send C3-1 admitted request=35
[2026-09-29T05:38:22.389+00:00] I (3932) RouteLoomRef: discovery event=REACHABLE peer=1
[2026-09-29T05:38:22.389+00:00] W (3932) RouteLoomRef: diagnostic reason=REACHABLE peer=1 message=none
[2026-09-29T05:38:26.594+00:00] !! send C3-1 -> expired DEADLINE_EXPIRED 5047.59 ms
[2026-09-29T05:38:28.597+00:00] !! send C3-2 admitted request=36
[2026-09-29T05:38:33.647+00:00] !! send C3-2 -> expired DEADLINE_EXPIRED 5050.67 ms
[2026-09-29T05:38:35.650+00:00] !! send C3-3 admitted request=37
[2026-09-29T05:38:40.689+00:00] !! send C3-3 -> expired DEADLINE_EXPIRED 5039.09 ms
[2026-09-29T05:38:42.691+00:00] !! send C3-4 admitted request=38
[2026-09-29T05:38:44.734+00:00] I (26365) RouteLoomRef: discovery event=BOUND peer=3
[2026-09-29T05:38:44.734+00:00] W (26365) RouteLoomRef: diagnostic reason=BOUND peer=3 message=none
[2026-09-29T05:38:44.834+00:00] I (26395) RouteLoomRef: discovery event=REACHABLE peer=3
[2026-09-29T05:38:44.834+00:00] W (26395) RouteLoomRef: diagnostic reason=REACHABLE peer=3 message=none
[2026-09-29T05:38:46.020+00:00] !! send C3-4 -> delivered END_RECEIVED 3329.41 ms
[2026-09-29T05:38:48.022+00:00] !! send C3-5 admitted request=39
[2026-09-29T05:38:48.128+00:00] !! send C3-5 -> delivered END_RECEIVED 106.0 ms
[2026-09-29T05:38:50.131+00:00] !! send C3-6 admitted request=40
[2026-09-29T05:38:50.237+00:00] !! send C3-6 -> delivered END_RECEIVED 105.71 ms
[2026-09-29T05:38:52.239+00:00] !! send C3-7 admitted request=41
[2026-09-29T05:38:52.396+00:00] !! send C3-7 -> delivered END_RECEIVED 156.76 ms
[2026-09-29T05:38:54.398+00:00] !! send C3-8 admitted request=42
[2026-09-29T05:38:54.504+00:00] !! send C3-8 -> delivered END_RECEIVED 106.19 ms
[2026-09-29T05:38:56.507+00:00] !! send C3-9 admitted request=43
[2026-09-29T05:38:56.612+00:00] !! send C3-9 -> delivered END_RECEIVED 105.72 ms
[2026-09-29T05:38:58.615+00:00] !! cycle 3 delivered 6/10 recovery_s=23.823
[2026-09-29T05:39:00.616+00:00] !! cycle 4 reset assert (RTS, DTR low)
[2026-09-29T05:39:00.668+00:00] ESP-ROM:esp32c6-20220919
[2026-09-29T05:39:00.668+00:00] Build:Sep 19 2022
[2026-09-29T05:39:00.668+00:00] rst:0x15 (USB_UART_HPSYS),boot:0x3f (SPI_FAST_FLASH_BOOT)
[2026-09-29T05:39:00.668+00:00] Saved PC:0x40807866
[2026-09-29T05:39:00.668+00:00] SPIWP:0xee
[2026-09-29T05:39:00.668+00:00] mode:DIO, clock div:2
[2026-09-29T05:39:00.668+00:00] load:0x40875730,len:0x1738
[2026-09-29T05:39:00.668+00:00] load:0x4086b910,len:0xd8c
[2026-09-29T05:39:00.668+00:00] load:0x4086e610,len:0x32e0
[2026-09-29T05:39:00.668+00:00] entry 0x4086b91a
[2026-09-29T05:39:00.668+00:00] I (23) boot: ESP-IDF v6.0.3 2nd stage bootloader
[2026-09-29T05:39:00.668+00:00] I (23) boot: compile time Sep 29 2026 04:06:51
[2026-09-29T05:39:00.668+00:00] I (24) boot: chip revision: v0.2
[2026-09-29T05:39:00.668+00:00] I (24) boot: efuse block revision: v0.3
[2026-09-29T05:39:00.668+00:00] I (26) boot.esp32c6: SPI Speed      : 80MHz
[2026-09-29T05:39:00.668+00:00] I (30) boot.esp32c6: SPI Mode       : DIO
[2026-09-29T05:39:00.668+00:00] I (34) boot.esp32c6: SPI Flash Size : 4MB
[2026-09-29T05:39:00.668+00:00] I (38) boot: Enabling RNG early entropy source...
[2026-09-29T05:39:00.668+00:00] I (42) boot: Partition Table:
[2026-09-29T05:39:00.668+00:00] I (45) boot: ## Label            Usage          Type ST Offset   Length
[2026-09-29T05:39:00.768+00:00] I (51) boot:  0 nvs              WiFi data        01 02 00009000 00006000
[2026-09-29T05:39:00.768+00:00] I (58) boot:  1 phy_init         RF data          01 01 0000f000 00001000
[2026-09-29T05:39:00.768+00:00] I (64) boot:  2 otadata          OTA data         01 00 00010000 00002000
[2026-09-29T05:39:00.768+00:00] I (71) boot:  3 rlcfg            WiFi data        01 02 00012000 00006000
[2026-09-29T05:39:00.768+00:00] I (77) boot:  4 rlkeys           WiFi data        01 02 00018000 00003000
[2026-09-29T05:39:00.768+00:00] I (84) boot:  5 rlsec            WiFi data        01 02 00020000 00020000
[2026-09-29T05:39:00.768+00:00] I (90) boot:  6 ota_0            OTA app          00 10 00040000 001d0000
[2026-09-29T05:39:00.768+00:00] I (97) boot:  7 ota_1            OTA app          00 11 00210000 001d0000
[2026-09-29T05:39:00.768+00:00] I (103) boot:  8 coredump         Unknown data     01 03 003e0000 00010000
[2026-09-29T05:39:00.768+00:00] I (110) boot: End of partition table
[2026-09-29T05:39:00.768+00:00] I (114) esp_image: segment 0: paddr=00040020 vaddr=42120020 size=25988h (153992) map
[2026-09-29T05:39:00.768+00:00] I (149) esp_image: segment 1: paddr=000659b0 vaddr=40800000 size=0a668h ( 42600) load
[2026-09-29T05:39:00.869+00:00] I (159) esp_image: segment 2: paddr=00070020 vaddr=42000020 size=112c84h (1125508) map
[2026-09-29T05:39:01.069+00:00] I (367) esp_image: segment 3: paddr=00182cac vaddr=4080a668 size=0f9a4h ( 63908) load
[2026-09-29T05:39:01.069+00:00] I (381) esp_image: segment 4: paddr=00192658 vaddr=4081a010 size=03c14h ( 15380) load
[2026-09-29T05:39:01.069+00:00] I (385) esp_image: segment 5: paddr=00196274 vaddr=50000000 size=00060h (    96) load
[2026-09-29T05:39:01.069+00:00] I (386) esp_image: segment 6: paddr=001962dc vaddr=50000068 size=00024h (    36) load
[2026-09-29T05:39:01.069+00:00] I (399) boot: Loaded app from partition at offset 0x40000
[2026-09-29T05:39:01.069+00:00] I (399) boot: Disabling RNG early entropy source...
[2026-09-29T05:39:01.069+00:00] I (415) cpu_start: Unicore app
[2026-09-29T05:39:01.069+00:00] I (423) cpu_start: GPIO 17 and 16 are used as console UART I/O pins
[2026-09-29T05:39:01.069+00:00] I (424) cpu_start: Pro cpu start user code
[2026-09-29T05:39:01.069+00:00] I (424) cpu_start: cpu freq: 160000000 Hz
[2026-09-29T05:39:01.069+00:00] I (426) app_init: Application information:
[2026-09-29T05:39:01.069+00:00] I (430) app_init: Project name:     routeloom_reference_node
[2026-09-29T05:39:01.069+00:00] I (435) app_init: App version:      1
[2026-09-29T05:39:01.069+00:00] I (438) app_init: Compile time:     Sep 29 2026 04:13:34
[2026-09-29T05:39:01.069+00:00] I (443) app_init: ELF file SHA256:  0ea010565...
[2026-09-29T05:39:01.069+00:00] I (448) app_init: ESP-IDF:          v6.0.3
[2026-09-29T05:39:01.116+00:00] !! cycle 4 reset released after 0.500s
[2026-09-29T05:39:01.118+00:00] !! send C4-0 admitted request=44
[2026-09-29T05:39:01.169+00:00] I (452) efuse_init: Min chip rev:     v0.0
[2026-09-29T05:39:01.169+00:00] I (455) efuse_init: Max chip rev:     v0.99
[2026-09-29T05:39:01.169+00:00] I (459) efuse_init: Chip rev:         v0.2
[2026-09-29T05:39:01.169+00:00] I (463) heap_init: Initializing. RAM available for dynamic allocation:
[2026-09-29T05:39:01.169+00:00] I (469) heap_init: At 4084BDA0 len 00030870 (194 KiB): RAM
[2026-09-29T05:39:01.169+00:00] I (475) heap_init: At 4087C610 len 00002F54 (11 KiB): RAM
[2026-09-29T05:39:01.169+00:00] I (480) heap_init: At 5000008C len 00003F5C (15 KiB): RTCRAM
[2026-09-29T05:39:01.169+00:00] I (486) spi_flash: detected chip: generic
[2026-09-29T05:39:01.169+00:00] I (489) spi_flash: flash io: dio
[2026-09-29T05:39:01.169+00:00] I (492) sleep_gpio: Configure to isolate all GPIO pins in sleep state
[2026-09-29T05:39:01.169+00:00] I (498) sleep_gpio: Enable automatic switching of GPIO sleep configuration
[2026-09-29T05:39:01.169+00:00] I (513) main_task: Started on CPU0
[2026-09-29T05:39:01.169+00:00] I (515) main_task: Calling app_main()
[2026-09-29T05:39:01.169+00:00] I (519) rl_flash: image: sdk=0.1.0 layout=PT-4M-v2 storage_epoch=2
[2026-09-29T05:39:01.269+00:00] I (565) RouteLoomRef: sdkv1 identity: none provisioned
[2026-09-29T05:39:01.269+00:00] I (566) RouteLoomRef: sdkv1 site: not a member
[2026-09-29T05:39:01.269+00:00] I (566) RouteLoomRef: sdkv1 revocation: none rs_epoch=0 resume_slots=16
[2026-09-29T05:39:01.269+00:00] I (570) RouteLoomRef: sdkv1 local_revocation: none
[2026-09-29T05:39:01.269+00:00] I (574) RouteLoomRef: sdkv1 lifecycle: none
[2026-09-29T05:39:01.269+00:00] I (580) RouteLoomRef: routeloom field boot: fw=1 app_sha256=0ea010565f93e36962669696e5fba6a7180445893b4a14cc0538230d5b517795
[2026-09-29T05:39:01.269+00:00] I (600) RouteLoomRef: board config: gen=1 node=0x2 secrets_gen=1 mac=10bda3b148a8
[2026-09-29T05:39:01.269+00:00] I (602) RouteLoomRef: security owner ready (node 0x2)
[2026-09-29T05:39:01.269+00:00] I (604) RouteLoom: Wi-Fi init heap: free=168028 largest=151552 bytes
[2026-09-29T05:39:01.269+00:00] I (608) pp: pp rom version: 5b8dcfa
[2026-09-29T05:39:01.269+00:00] I (611) net80211: net80211 rom version: 5b8dcfa
[2026-09-29T05:39:01.269+00:00] I (616) wifi:wifi driver task: 4087f494, prio:23, stack:6656, core=0
[2026-09-29T05:39:01.269+00:00] I (622) wifi:wifi firmware version: da143fa
[2026-09-29T05:39:01.269+00:00] I (625) wifi:wifi certification version: v7.0
[2026-09-29T05:39:01.269+00:00] I (629) wifi:config NVS flash: disabled
[2026-09-29T05:39:01.269+00:00] I (632) wifi:config nano formatting: disabled
[2026-09-29T05:39:01.269+00:00] I (637) wifi:mac_version:HAL_MAC_ESP32AX_761,ut_version:N, band mode:0x1
[2026-09-29T05:39:01.269+00:00] I (643) wifi:Init data frame dynamic rx buffer num: 8
[2026-09-29T05:39:01.269+00:00] I (648) wifi:Init static rx mgmt buffer num: 2
[2026-09-29T05:39:01.369+00:00] I (652) wifi:Init management short buffer num: 8
[2026-09-29T05:39:01.369+00:00] I (656) wifi:Init dynamic tx buffer num: 8
[2026-09-29T05:39:01.369+00:00] I (660) wifi:Init static tx FG buffer num: 2
[2026-09-29T05:39:01.369+00:00] I (664) wifi:Init static rx buffer size: 1700 (rxctrl:92, csi:512)
[2026-09-29T05:39:01.369+00:00] I (670) wifi:Init static rx buffer num: 4
[2026-09-29T05:39:01.369+00:00] I (674) wifi:Init dynamic rx buffer num: 8
[2026-09-29T05:39:01.369+00:00] I (678) wifi_init: accept mbox: 6
[2026-09-29T05:39:01.369+00:00] I (681) wifi_init: tcpip mbox: 32
[2026-09-29T05:39:01.369+00:00] I (684) wifi_init: udp mbox: 6
[2026-09-29T05:39:01.369+00:00] I (686) wifi_init: tcp mbox: 6
[2026-09-29T05:39:01.369+00:00] I (689) wifi_init: tcp tx win: 5760
[2026-09-29T05:39:01.369+00:00] I (692) wifi_init: tcp rx win: 5760
[2026-09-29T05:39:01.369+00:00] I (696) wifi_init: tcp mss: 1440
[2026-09-29T05:39:01.369+00:00] I (698) wifi_init: WiFi IRAM OP enabled
[2026-09-29T05:39:01.369+00:00] I (702) wifi_init: WiFi RX IRAM OP enabled
[2026-09-29T05:39:01.369+00:00] I (706) wifi_init: WiFi SLP IRAM OP enabled
[2026-09-29T05:39:01.369+00:00] I (710) RouteLoom: Wi-Fi initialized heap: free=142308 largest=126976 min=142280 bytes
[2026-09-29T05:39:01.369+00:00] I (718) wifi:(2.4G)set country: cc=JP  schan=1 nchan=13 policy=1
[2026-09-29T05:39:01.369+00:00] I (723) wifi:ifx:0, phymode(new:3, sta nvs: 7 ap nvs: 3)
[2026-09-29T05:39:01.469+00:00] I (729) phy_init: phy_version 345,552b044,Jul 14 2026,10:37:00
[2026-09-29T05:39:01.469+00:00] I (831) wifi:11ax coex: WDEVAX_PTI0(0x55777555), WDEVAX_PTI1(0x00003377).
[2026-09-29T05:39:01.469+00:00] 
[2026-09-29T05:39:01.469+00:00] I (832) wifi:mode : sta (10:bd:a3:b1:48:a8)
[2026-09-29T05:39:01.469+00:00] I (832) wifi:enable tsf
[2026-09-29T05:39:01.469+00:00] I (835) RouteLoom: Wi-Fi started heap: free=140120 largest=122880 min=139856 bytes
[2026-09-29T05:39:01.469+00:00] I (841) ESPNOW: espnow [version: 2.0] init
[2026-09-29T05:39:01.469+00:00] I (844) RouteLoom: ESP-NOW ready heap: free=139904 largest=122880 min=139856 bytes
[2026-09-29T05:39:01.570+00:00] I (857) RouteLoomRef: dev adopted (node 0x2, boot 13)
[2026-09-29T05:39:01.570+00:00] I (857) RouteLoomRef: security owner started; node start deferred to membership
[2026-09-29T05:39:01.570+00:00] W (864) RouteLoomRef: diagnostic reason=SECURITY_PROFILE_EXPERIMENTAL peer=0 message=none
[2026-09-29T05:39:01.570+00:00] W (871) RouteLoomRef: diagnostic reason=ROUTE_REFRESH_BOUND_EXCEEDED peer=0 message=none
[2026-09-29T05:39:01.570+00:00] I (882) RouteLoomRef: member discovery started
[2026-09-29T05:39:01.793+00:00] !! send C4-0 -> failed HOP_ACCEPT_TIMEOUT 675.14 ms
[2026-09-29T05:39:01.870+00:00] I (1241) RouteLoomRef: discovery event=BOUND peer=3
[2026-09-29T05:39:01.870+00:00] W (1241) RouteLoomRef: diagnostic reason=BOUND peer=3 message=none
[2026-09-29T05:39:03.796+00:00] !! send C4-1 admitted request=45
[2026-09-29T05:39:03.975+00:00] I (3269) RouteLoomRef: discovery event=REACHABLE peer=3
[2026-09-29T05:39:03.975+00:00] W (3269) RouteLoomRef: diagnostic reason=REACHABLE peer=3 message=none
[2026-09-29T05:39:04.213+00:00] !! send C4-1 -> failed HOP_ACCEPT_TIMEOUT 416.94 ms
[2026-09-29T05:39:06.215+00:00] !! send C4-2 admitted request=46
[2026-09-29T05:39:06.582+00:00] !! send C4-2 -> failed HOP_ACCEPT_TIMEOUT 367.11 ms
[2026-09-29T05:39:08.585+00:00] !! send C4-3 admitted request=47
[2026-09-29T05:39:08.951+00:00] !! send C4-3 -> failed HOP_ACCEPT_TIMEOUT 366.86 ms
[2026-09-29T05:39:10.953+00:00] !! send C4-4 admitted request=48
[2026-09-29T05:39:11.320+00:00] !! send C4-4 -> failed HOP_ACCEPT_TIMEOUT 366.81 ms
[2026-09-29T05:39:13.321+00:00] !! send C4-5 admitted request=49
[2026-09-29T05:39:13.734+00:00] !! send C4-5 -> failed HOP_ACCEPT_TIMEOUT 412.89 ms
[2026-09-29T05:39:15.736+00:00] !! send C4-6 admitted request=50
[2026-09-29T05:39:20.763+00:00] !! send C4-6 -> expired DEADLINE_EXPIRED 5027.27 ms
[2026-09-29T05:39:22.765+00:00] !! send C4-7 admitted request=51
[2026-09-29T05:39:27.805+00:00] !! send C4-7 -> expired DEADLINE_EXPIRED 5040.14 ms
[2026-09-29T05:39:29.807+00:00] !! send C4-8 admitted request=52
[2026-09-29T05:39:34.861+00:00] !! send C4-8 -> expired DEADLINE_EXPIRED 5053.55 ms
[2026-09-29T05:39:36.863+00:00] !! send C4-9 admitted request=53
[2026-09-29T05:39:41.912+00:00] !! send C4-9 -> expired DEADLINE_EXPIRED 5048.39 ms
[2026-09-29T05:39:43.914+00:00] !! cycle 4 delivered 0/10 recovery_s=None
[2026-09-29T05:39:45.914+00:00] !! cycle 5 reset assert (RTS, DTR low)
[2026-09-29T05:39:45.958+00:00] ESP-ROM:esp32c6-20220919
[2026-09-29T05:39:45.958+00:00] Build:Sep 19 2022
[2026-09-29T05:39:45.958+00:00] rst:0x15 (USB_UART_HPSYS),boot:0x3f (SPI_FAST_FLASH_BOOT)
[2026-09-29T05:39:45.959+00:00] Saved PC:0x40807866
[2026-09-29T05:39:45.959+00:00] SPIWP:0xee
[2026-09-29T05:39:45.959+00:00] mode:DIO, clock div:2
[2026-09-29T05:39:45.959+00:00] load:0x40875730,len:0x1738
[2026-09-29T05:39:45.959+00:00] load:0x4086b910,len:0xd8c
[2026-09-29T05:39:45.959+00:00] load:0x4086e610,len:0x32e0
[2026-09-29T05:39:45.959+00:00] entry 0x4086b91a
[2026-09-29T05:39:45.959+00:00] I (23) boot: ESP-IDF v6.0.3 2nd stage bootloader
[2026-09-29T05:39:45.959+00:00] I (23) boot: compile time Sep 29 2026 04:06:51
[2026-09-29T05:39:45.959+00:00] I (24) boot: chip revision: v0.2
[2026-09-29T05:39:45.959+00:00] I (24) boot: efuse block revision: v0.3
[2026-09-29T05:39:45.959+00:00] I (26) boot.esp32c6: SPI Speed      : 80MHz
[2026-09-29T05:39:45.959+00:00] I (30) boot.esp32c6: SPI Mode       : DIO
[2026-09-29T05:39:45.959+00:00] I (34) boot.esp32c6: SPI Flash Size : 4MB
[2026-09-29T05:39:45.959+00:00] I (38) boot: Enabling RNG early entropy source...
[2026-09-29T05:39:46.059+00:00] I (42) boot: Partition Table:
[2026-09-29T05:39:46.059+00:00] I (45) boot: ## Label            Usage          Type ST Offset   Length
[2026-09-29T05:39:46.059+00:00] I (51) boot:  0 nvs              WiFi data        01 02 00009000 00006000
[2026-09-29T05:39:46.059+00:00] I (58) boot:  1 phy_init         RF data          01 01 0000f000 00001000
[2026-09-29T05:39:46.059+00:00] I (64) boot:  2 otadata          OTA data         01 00 00010000 00002000
[2026-09-29T05:39:46.059+00:00] I (71) boot:  3 rlcfg            WiFi data        01 02 00012000 00006000
[2026-09-29T05:39:46.059+00:00] I (77) boot:  4 rlkeys           WiFi data        01 02 00018000 00003000
[2026-09-29T05:39:46.059+00:00] I (84) boot:  5 rlsec            WiFi data        01 02 00020000 00020000
[2026-09-29T05:39:46.059+00:00] I (90) boot:  6 ota_0            OTA app          00 10 00040000 001d0000
[2026-09-29T05:39:46.059+00:00] I (97) boot:  7 ota_1            OTA app          00 11 00210000 001d0000
[2026-09-29T05:39:46.059+00:00] I (103) boot:  8 coredump         Unknown data     01 03 003e0000 00010000
[2026-09-29T05:39:46.059+00:00] I (110) boot: End of partition table
[2026-09-29T05:39:46.059+00:00] I (114) esp_image: segment 0: paddr=00040020 vaddr=42120020 size=25988h (153992) map
[2026-09-29T05:39:46.159+00:00] I (149) esp_image: segment 1: paddr=000659b0 vaddr=40800000 size=0a668h ( 42600) load
[2026-09-29T05:39:46.159+00:00] I (159) esp_image: segment 2: paddr=00070020 vaddr=42000020 size=112c84h (1125508) map
[2026-09-29T05:39:46.359+00:00] I (367) esp_image: segment 3: paddr=00182cac vaddr=4080a668 size=0f9a4h ( 63908) load
[2026-09-29T05:39:46.359+00:00] I (381) esp_image: segment 4: paddr=00192658 vaddr=4081a010 size=03c14h ( 15380) load
[2026-09-29T05:39:46.359+00:00] I (385) esp_image: segment 5: paddr=00196274 vaddr=50000000 size=00060h (    96) load
[2026-09-29T05:39:46.359+00:00] I (386) esp_image: segment 6: paddr=001962dc vaddr=50000068 size=00024h (    36) load
[2026-09-29T05:39:46.359+00:00] I (399) boot: Loaded app from partition at offset 0x40000
[2026-09-29T05:39:46.359+00:00] I (399) boot: Disabling RNG early entropy source...
[2026-09-29T05:39:46.359+00:00] I (415) cpu_start: Unicore app
[2026-09-29T05:39:46.359+00:00] I (423) cpu_start: GPIO 17 and 16 are used as console UART I/O pins
[2026-09-29T05:39:46.359+00:00] I (424) cpu_start: Pro cpu start user code
[2026-09-29T05:39:46.359+00:00] I (424) cpu_start: cpu freq: 160000000 Hz
[2026-09-29T05:39:46.359+00:00] I (426) app_init: Application information:
[2026-09-29T05:39:46.359+00:00] I (430) app_init: Project name:     routeloom_reference_node
[2026-09-29T05:39:46.359+00:00] I (435) app_init: App version:      1
[2026-09-29T05:39:46.359+00:00] I (438) app_init: Compile time:     Sep 29 2026 04:13:34
[2026-09-29T05:39:46.415+00:00] !! cycle 5 reset released after 0.501s
[2026-09-29T05:39:46.417+00:00] !! send C5-0 admitted request=54
[2026-09-29T05:39:46.459+00:00] I (443) app_init: ELF file SHA256:  0ea010565...
[2026-09-29T05:39:46.459+00:00] I (448) app_init: ESP-IDF:          v6.0.3
[2026-09-29T05:39:46.459+00:00] I (452) efuse_init: Min chip rev:     v0.0
[2026-09-29T05:39:46.459+00:00] I (455) efuse_init: Max chip rev:     v0.99
[2026-09-29T05:39:46.459+00:00] I (459) efuse_init: Chip rev:         v0.2
[2026-09-29T05:39:46.459+00:00] I (463) heap_init: Initializing. RAM available for dynamic allocation:
[2026-09-29T05:39:46.459+00:00] I (469) heap_init: At 4084BDA0 len 00030870 (194 KiB): RAM
[2026-09-29T05:39:46.459+00:00] I (475) heap_init: At 4087C610 len 00002F54 (11 KiB): RAM
[2026-09-29T05:39:46.459+00:00] I (480) heap_init: At 5000008C len 00003F5C (15 KiB): RTCRAM
[2026-09-29T05:39:46.459+00:00] I (486) spi_flash: detected chip: generic
[2026-09-29T05:39:46.459+00:00] I (489) spi_flash: flash io: dio
[2026-09-29T05:39:46.459+00:00] I (492) sleep_gpio: Configure to isolate all GPIO pins in sleep state
[2026-09-29T05:39:46.459+00:00] I (498) sleep_gpio: Enable automatic switching of GPIO sleep configuration
[2026-09-29T05:39:46.459+00:00] I (513) main_task: Started on CPU0
[2026-09-29T05:39:46.459+00:00] I (515) main_task: Calling app_main()
[2026-09-29T05:39:46.459+00:00] I (519) rl_flash: image: sdk=0.1.0 layout=PT-4M-v2 storage_epoch=2
[2026-09-29T05:39:46.560+00:00] I (565) RouteLoomRef: sdkv1 identity: none provisioned
[2026-09-29T05:39:46.560+00:00] I (566) RouteLoomRef: sdkv1 site: not a member
[2026-09-29T05:39:46.560+00:00] I (566) RouteLoomRef: sdkv1 revocation: none rs_epoch=0 resume_slots=16
[2026-09-29T05:39:46.560+00:00] I (570) RouteLoomRef: sdkv1 local_revocation: none
[2026-09-29T05:39:46.560+00:00] I (574) RouteLoomRef: sdkv1 lifecycle: none
[2026-09-29T05:39:46.560+00:00] I (580) RouteLoomRef: routeloom field boot: fw=1 app_sha256=0ea010565f93e36962669696e5fba6a7180445893b4a14cc0538230d5b517795
[2026-09-29T05:39:46.560+00:00] I (600) RouteLoomRef: board config: gen=1 node=0x2 secrets_gen=1 mac=10bda3b148a8
[2026-09-29T05:39:46.560+00:00] I (602) RouteLoomRef: security owner ready (node 0x2)
[2026-09-29T05:39:46.560+00:00] I (604) RouteLoom: Wi-Fi init heap: free=168028 largest=151552 bytes
[2026-09-29T05:39:46.560+00:00] I (608) pp: pp rom version: 5b8dcfa
[2026-09-29T05:39:46.560+00:00] I (611) net80211: net80211 rom version: 5b8dcfa
[2026-09-29T05:39:46.560+00:00] I (616) wifi:wifi driver task: 4087f494, prio:23, stack:6656, core=0
[2026-09-29T05:39:46.560+00:00] I (622) wifi:wifi firmware version: da143fa
[2026-09-29T05:39:46.560+00:00] I (625) wifi:wifi certification version: v7.0
[2026-09-29T05:39:46.560+00:00] I (629) wifi:config NVS flash: disabled
[2026-09-29T05:39:46.560+00:00] I (632) wifi:config nano formatting: disabled
[2026-09-29T05:39:46.560+00:00] I (637) wifi:mac_version:HAL_MAC_ESP32AX_761,ut_version:N, band mode:0x1
[2026-09-29T05:39:46.660+00:00] I (643) wifi:Init data frame dynamic rx buffer num: 8
[2026-09-29T05:39:46.660+00:00] I (648) wifi:Init static rx mgmt buffer num: 2
[2026-09-29T05:39:46.660+00:00] I (652) wifi:Init management short buffer num: 8
[2026-09-29T05:39:46.660+00:00] I (656) wifi:Init dynamic tx buffer num: 8
[2026-09-29T05:39:46.660+00:00] I (660) wifi:Init static tx FG buffer num: 2
[2026-09-29T05:39:46.660+00:00] I (664) wifi:Init static rx buffer size: 1700 (rxctrl:92, csi:512)
[2026-09-29T05:39:46.660+00:00] I (670) wifi:Init static rx buffer num: 4
[2026-09-29T05:39:46.660+00:00] I (674) wifi:Init dynamic rx buffer num: 8
[2026-09-29T05:39:46.660+00:00] I (678) wifi_init: accept mbox: 6
[2026-09-29T05:39:46.660+00:00] I (681) wifi_init: tcpip mbox: 32
[2026-09-29T05:39:46.660+00:00] I (684) wifi_init: udp mbox: 6
[2026-09-29T05:39:46.660+00:00] I (686) wifi_init: tcp mbox: 6
[2026-09-29T05:39:46.660+00:00] I (689) wifi_init: tcp tx win: 5760
[2026-09-29T05:39:46.660+00:00] I (692) wifi_init: tcp rx win: 5760
[2026-09-29T05:39:46.660+00:00] I (696) wifi_init: tcp mss: 1440
[2026-09-29T05:39:46.660+00:00] I (699) wifi_init: WiFi IRAM OP enabled
[2026-09-29T05:39:46.660+00:00] I (702) wifi_init: WiFi RX IRAM OP enabled
[2026-09-29T05:39:46.660+00:00] I (706) wifi_init: WiFi SLP IRAM OP enabled
[2026-09-29T05:39:46.660+00:00] I (710) RouteLoom: Wi-Fi initialized heap: free=142308 largest=126976 min=142280 bytes
[2026-09-29T05:39:46.660+00:00] I (718) wifi:(2.4G)set country: cc=JP  schan=1 nchan=13 policy=1
[2026-09-29T05:39:46.660+00:00] I (723) wifi:ifx:0, phymode(new:3, sta nvs: 7 ap nvs: 3)
[2026-09-29T05:39:46.760+00:00] I (729) phy_init: phy_version 345,552b044,Jul 14 2026,10:37:00
[2026-09-29T05:39:46.760+00:00] I (820) wifi:11ax coex: WDEVAX_PTI0(0x55777555), WDEVAX_PTI1(0x00003377).
[2026-09-29T05:39:46.760+00:00] 
[2026-09-29T05:39:46.760+00:00] I (821) wifi:mode : sta (10:bd:a3:b1:48:a8)
[2026-09-29T05:39:46.760+00:00] I (822) wifi:enable tsf
[2026-09-29T05:39:46.760+00:00] I (825) RouteLoom: Wi-Fi started heap: free=140120 largest=122880 min=139856 bytes
[2026-09-29T05:39:46.760+00:00] I (830) ESPNOW: espnow [version: 2.0] init
[2026-09-29T05:39:46.760+00:00] I (834) RouteLoom: ESP-NOW ready heap: free=139904 largest=122880 min=139856 bytes
[2026-09-29T05:39:46.860+00:00] I (846) RouteLoomRef: dev adopted (node 0x2, boot 14)
[2026-09-29T05:39:46.860+00:00] I (846) RouteLoomRef: security owner started; node start deferred to membership
[2026-09-29T05:39:46.861+00:00] W (854) RouteLoomRef: diagnostic reason=SECURITY_PROFILE_EXPERIMENTAL peer=0 message=none
[2026-09-29T05:39:46.861+00:00] W (861) RouteLoomRef: diagnostic reason=ROUTE_REFRESH_BOUND_EXCEEDED peer=0 message=none
[2026-09-29T05:39:46.861+00:00] I (872) RouteLoomRef: member discovery started
[2026-09-29T05:39:47.763+00:00] I (1778) RouteLoomRef: discovery event=BOUND peer=3
[2026-09-29T05:39:47.763+00:00] W (1778) RouteLoomRef: diagnostic reason=BOUND peer=3 message=none
[2026-09-29T05:39:47.763+00:00] I (1818) RouteLoomRef: discovery event=REACHABLE peer=3
[2026-09-29T05:39:47.763+00:00] W (1818) RouteLoomRef: diagnostic reason=REACHABLE peer=3 message=none
[2026-09-29T05:39:51.465+00:00] !! send C5-0 -> expired DEADLINE_EXPIRED 5048.29 ms
[2026-09-29T05:39:53.468+00:00] !! send C5-1 admitted request=55
[2026-09-29T05:39:58.520+00:00] !! send C5-1 -> expired DEADLINE_EXPIRED 5052.2 ms
[2026-09-29T05:40:00.522+00:00] !! send C5-2 admitted request=56
[2026-09-29T05:40:00.792+00:00] I (14850) RouteLoomRef: discovery event=BOUND peer=1
[2026-09-29T05:40:00.792+00:00] W (14850) RouteLoomRef: diagnostic reason=BOUND peer=1 message=none
[2026-09-29T05:40:00.892+00:00] I (14876) RouteLoomRef: discovery event=REACHABLE peer=1
[2026-09-29T05:40:00.892+00:00] W (14877) RouteLoomRef: diagnostic reason=REACHABLE peer=1 message=none
[2026-09-29T05:40:03.128+00:00] !! send C5-2 -> delivered END_RECEIVED 2606.15 ms
[2026-09-29T05:40:05.131+00:00] !! send C5-3 admitted request=57
[2026-09-29T05:40:05.289+00:00] !! send C5-3 -> delivered END_RECEIVED 157.81 ms
[2026-09-29T05:40:07.291+00:00] !! send C5-4 admitted request=58
[2026-09-29T05:40:07.396+00:00] !! send C5-4 -> delivered END_RECEIVED 105.23 ms
[2026-09-29T05:40:09.398+00:00] !! send C5-5 admitted request=59
[2026-09-29T05:40:09.556+00:00] !! send C5-5 -> delivered END_RECEIVED 158.37 ms
[2026-09-29T05:40:11.558+00:00] !! send C5-6 admitted request=60
[2026-09-29T05:40:11.665+00:00] !! send C5-6 -> delivered END_RECEIVED 106.21 ms
[2026-09-29T05:40:13.667+00:00] !! send C5-7 admitted request=61
[2026-09-29T05:40:13.774+00:00] !! send C5-7 -> delivered END_RECEIVED 106.21 ms
[2026-09-29T05:40:15.775+00:00] !! send C5-8 admitted request=62
[2026-09-29T05:40:15.880+00:00] !! send C5-8 -> delivered END_RECEIVED 105.25 ms
[2026-09-29T05:40:17.882+00:00] !! send C5-9 admitted request=63
[2026-09-29T05:40:18.038+00:00] !! send C5-9 -> delivered END_RECEIVED 156.41 ms
[2026-09-29T05:40:20.041+00:00] !! cycle 5 delivered 8/10 recovery_s=14.107
[2026-09-29T05:40:22.042+00:00] !! cycle 6 reset assert (RTS, DTR low)
[2026-09-29T05:40:22.138+00:00] ESP-ROM:esp32c6-20220919
[2026-09-29T05:40:22.138+00:00] Build:Sep 19 2022
[2026-09-29T05:40:22.138+00:00] rst:0x15 (USB_UART_HPSYS),boot:0x3f (SPI_FAST_FLASH_BOOT)
[2026-09-29T05:40:22.138+00:00] Saved PC:0x40807866
[2026-09-29T05:40:22.138+00:00] SPIWP:0xee
[2026-09-29T05:40:22.138+00:00] mode:DIO, clock div:2
[2026-09-29T05:40:22.138+00:00] load:0x40875730,len:0x1738
[2026-09-29T05:40:22.138+00:00] load:0x4086b910,len:0xd8c
[2026-09-29T05:40:22.138+00:00] load:0x4086e610,len:0x32e0
[2026-09-29T05:40:22.138+00:00] entry 0x4086b91a
[2026-09-29T05:40:22.138+00:00] I (23) boot: ESP-IDF v6.0.3 2nd stage bootloader
[2026-09-29T05:40:22.138+00:00] I (23) boot: compile time Sep 29 2026 04:06:51
[2026-09-29T05:40:22.138+00:00] I (24) boot: chip revision: v0.2
[2026-09-29T05:40:22.138+00:00] I (24) boot: efuse block revision: v0.3
[2026-09-29T05:40:22.138+00:00] I (26) boot.esp32c6: SPI Speed      : 80MHz
[2026-09-29T05:40:22.138+00:00] I (30) boot.esp32c6: SPI Mode       : DIO
[2026-09-29T05:40:22.138+00:00] I (34) boot.esp32c6: SPI Flash Size : 4MB
[2026-09-29T05:40:22.138+00:00] I (38) boot: Enabling RNG early entropy source...
[2026-09-29T05:40:22.138+00:00] I (42) boot: Partition Table:
[2026-09-29T05:40:22.138+00:00] I (45) boot: ## Label            Usage          Type ST Offset   Length
[2026-09-29T05:40:22.138+00:00] I (51) boot:  0 nvs              WiFi data        01 02 00009000 00006000
[2026-09-29T05:40:22.138+00:00] I (58) boot:  1 phy_init         RF data          01 01 0000f000 00001000
[2026-09-29T05:40:22.138+00:00] I (64) boot:  2 otadata          OTA data         01 00 00010000 00002000
[2026-09-29T05:40:22.138+00:00] I (71) boot:  3 rlcfg            WiFi data        01 02 00012000 00006000
[2026-09-29T05:40:22.138+00:00] I (77) boot:  4 rlkeys           WiFi data        01 02 00018000 00003000
[2026-09-29T05:40:22.138+00:00] I (84) boot:  5 rlsec            WiFi data        01 02 00020000 00020000
[2026-09-29T05:40:22.238+00:00] I (90) boot:  6 ota_0            OTA app          00 10 00040000 001d0000
[2026-09-29T05:40:22.238+00:00] I (97) boot:  7 ota_1            OTA app          00 11 00210000 001d0000
[2026-09-29T05:40:22.238+00:00] I (103) boot:  8 coredump         Unknown data     01 03 003e0000 00010000
[2026-09-29T05:40:22.238+00:00] I (110) boot: End of partition table
[2026-09-29T05:40:22.238+00:00] I (114) esp_image: segment 0: paddr=00040020 vaddr=42120020 size=25988h (153992) map
[2026-09-29T05:40:22.238+00:00] I (149) esp_image: segment 1: paddr=000659b0 vaddr=40800000 size=0a668h ( 42600) load
[2026-09-29T05:40:22.238+00:00] I (159) esp_image: segment 2: paddr=00070020 vaddr=42000020 size=112c84h (1125508) map
[2026-09-29T05:40:22.439+00:00] I (367) esp_image: segment 3: paddr=00182cac vaddr=4080a668 size=0f9a4h ( 63908) load
[2026-09-29T05:40:22.439+00:00] I (381) esp_image: segment 4: paddr=00192658 vaddr=4081a010 size=03c14h ( 15380) load
[2026-09-29T05:40:22.439+00:00] I (385) esp_image: segment 5: paddr=00196274 vaddr=50000000 size=00060h (    96) load
[2026-09-29T05:40:22.439+00:00] I (386) esp_image: segment 6: paddr=001962dc vaddr=50000068 size=00024h (    36) load
[2026-09-29T05:40:22.539+00:00] I (399) boot: Loaded app from partition at offset 0x40000
[2026-09-29T05:40:22.539+00:00] I (399) boot: Disabling RNG early entropy source...
[2026-09-29T05:40:22.539+00:00] I (415) cpu_start: Unicore app
[2026-09-29T05:40:22.539+00:00] I (423) cpu_start: GPIO 17 and 16 are used as console UART I/O pins
[2026-09-29T05:40:22.539+00:00] I (424) cpu_start: Pro cpu start user code
[2026-09-29T05:40:22.539+00:00] I (424) cpu_start: cpu freq: 160000000 Hz
[2026-09-29T05:40:22.539+00:00] I (426) app_init: Application information:
[2026-09-29T05:40:22.539+00:00] I (430) app_init: Project name:     routeloom_reference_node
[2026-09-29T05:40:22.539+00:00] I (435) app_init: App version:      1
[2026-09-29T05:40:22.539+00:00] I (438) app_init: Compile time:     Sep 29 2026 04:13:34
[2026-09-29T05:40:22.539+00:00] I (443) app_init: ELF file SHA256:  0ea010565...
[2026-09-29T05:40:22.539+00:00] I (448) app_init: ESP-IDF:          v6.0.3
[2026-09-29T05:40:22.539+00:00] I (452) efuse_init: Min chip rev:     v0.0
[2026-09-29T05:40:22.539+00:00] I (455) efuse_init: Max chip rev:     v0.99
[2026-09-29T05:40:22.539+00:00] I (459) efuse_init: Chip rev:         v0.2
[2026-09-29T05:40:22.539+00:00] I (463) heap_init: Initializing. RAM available for dynamic allocation:
[2026-09-29T05:40:22.539+00:00] I (469) heap_init: At 4084BDA0 len 00030870 (194 KiB): RAM
[2026-09-29T05:40:22.539+00:00] I (475) heap_init: At 4087C610 len 00002F54 (11 KiB): RAM
[2026-09-29T05:40:22.539+00:00] I (480) heap_init: At 5000008C len 00003F5C (15 KiB): RTCRAM
[2026-09-29T05:40:22.539+00:00] I (486) spi_flash: detected chip: generic
[2026-09-29T05:40:22.539+00:00] I (489) spi_flash: flash io: dio
[2026-09-29T05:40:22.542+00:00] !! cycle 6 reset released after 0.500s
[2026-09-29T05:40:22.544+00:00] !! send C6-0 admitted request=64
[2026-09-29T05:40:22.639+00:00] I (492) sleep_gpio: Configure to isolate all GPIO pins in sleep state
[2026-09-29T05:40:22.639+00:00] I (498) sleep_gpio: Enable automatic switching of GPIO sleep configuration
[2026-09-29T05:40:22.639+00:00] I (513) main_task: Started on CPU0
[2026-09-29T05:40:22.639+00:00] I (515) main_task: Calling app_main()
[2026-09-29T05:40:22.639+00:00] I (519) rl_flash: image: sdk=0.1.0 layout=PT-4M-v2 storage_epoch=2
[2026-09-29T05:40:22.639+00:00] I (565) RouteLoomRef: sdkv1 identity: none provisioned
[2026-09-29T05:40:22.639+00:00] I (566) RouteLoomRef: sdkv1 site: not a member
[2026-09-29T05:40:22.639+00:00] I (566) RouteLoomRef: sdkv1 revocation: none rs_epoch=0 resume_slots=16
[2026-09-29T05:40:22.639+00:00] I (570) RouteLoomRef: sdkv1 local_revocation: none
[2026-09-29T05:40:22.639+00:00] I (574) RouteLoomRef: sdkv1 lifecycle: none
[2026-09-29T05:40:22.639+00:00] I (580) RouteLoomRef: routeloom field boot: fw=1 app_sha256=0ea010565f93e36962669696e5fba6a7180445893b4a14cc0538230d5b517795
[2026-09-29T05:40:22.739+00:00] I (600) RouteLoomRef: board config: gen=1 node=0x2 secrets_gen=1 mac=10bda3b148a8
[2026-09-29T05:40:22.739+00:00] I (602) RouteLoomRef: security owner ready (node 0x2)
[2026-09-29T05:40:22.739+00:00] I (604) RouteLoom: Wi-Fi init heap: free=168028 largest=151552 bytes
[2026-09-29T05:40:22.739+00:00] I (608) pp: pp rom version: 5b8dcfa
[2026-09-29T05:40:22.739+00:00] I (611) net80211: net80211 rom version: 5b8dcfa
[2026-09-29T05:40:22.739+00:00] I (616) wifi:wifi driver task: 4087f494, prio:23, stack:6656, core=0
[2026-09-29T05:40:22.739+00:00] I (622) wifi:wifi firmware version: da143fa
[2026-09-29T05:40:22.739+00:00] I (625) wifi:wifi certification version: v7.0
[2026-09-29T05:40:22.739+00:00] I (629) wifi:config NVS flash: disabled
[2026-09-29T05:40:22.739+00:00] I (632) wifi:config nano formatting: disabled
[2026-09-29T05:40:22.739+00:00] I (637) wifi:mac_version:HAL_MAC_ESP32AX_761,ut_version:N, band mode:0x1
[2026-09-29T05:40:22.739+00:00] I (643) wifi:Init data frame dynamic rx buffer num: 8
[2026-09-29T05:40:22.739+00:00] I (648) wifi:Init static rx mgmt buffer num: 2
[2026-09-29T05:40:22.739+00:00] I (652) wifi:Init management short buffer num: 8
[2026-09-29T05:40:22.739+00:00] I (656) wifi:Init dynamic tx buffer num: 8
[2026-09-29T05:40:22.739+00:00] I (660) wifi:Init static tx FG buffer num: 2
[2026-09-29T05:40:22.739+00:00] I (664) wifi:Init static rx buffer size: 1700 (rxctrl:92, csi:512)
[2026-09-29T05:40:22.739+00:00] I (670) wifi:Init static rx buffer num: 4
[2026-09-29T05:40:22.739+00:00] I (674) wifi:Init dynamic rx buffer num: 8
[2026-09-29T05:40:22.739+00:00] I (678) wifi_init: accept mbox: 6
[2026-09-29T05:40:22.739+00:00] I (681) wifi_init: tcpip mbox: 32
[2026-09-29T05:40:22.739+00:00] I (684) wifi_init: udp mbox: 6
[2026-09-29T05:40:22.739+00:00] I (686) wifi_init: tcp mbox: 6
[2026-09-29T05:40:22.739+00:00] I (689) wifi_init: tcp tx win: 5760
[2026-09-29T05:40:22.739+00:00] I (692) wifi_init: tcp rx win: 5760
[2026-09-29T05:40:22.840+00:00] I (696) wifi_init: tcp mss: 1440
[2026-09-29T05:40:22.840+00:00] I (699) wifi_init: WiFi IRAM OP enabled
[2026-09-29T05:40:22.840+00:00] I (702) wifi_init: WiFi RX IRAM OP enabled
[2026-09-29T05:40:22.840+00:00] I (706) wifi_init: WiFi SLP IRAM OP enabled
[2026-09-29T05:40:22.840+00:00] I (710) RouteLoom: Wi-Fi initialized heap: free=142308 largest=126976 min=142280 bytes
[2026-09-29T05:40:22.840+00:00] I (718) wifi:(2.4G)set country: cc=JP  schan=1 nchan=13 policy=1
[2026-09-29T05:40:22.840+00:00] I (723) wifi:ifx:0, phymode(new:3, sta nvs: 7 ap nvs: 3)
[2026-09-29T05:40:22.940+00:00] I (729) phy_init: phy_version 345,552b044,Jul 14 2026,10:37:00
[2026-09-29T05:40:22.940+00:00] I (816) wifi:11ax coex: WDEVAX_PTI0(0x55777555), WDEVAX_PTI1(0x00003377).
[2026-09-29T05:40:22.940+00:00] 
[2026-09-29T05:40:22.940+00:00] I (817) wifi:mode : sta (10:bd:a3:b1:48:a8)
[2026-09-29T05:40:22.940+00:00] I (817) wifi:enable tsf
[2026-09-29T05:40:22.940+00:00] I (820) RouteLoom: Wi-Fi started heap: free=140120 largest=122880 min=139856 bytes
[2026-09-29T05:40:22.940+00:00] I (826) ESPNOW: espnow [version: 2.0] init
[2026-09-29T05:40:22.940+00:00] I (829) RouteLoom: ESP-NOW ready heap: free=139904 largest=122880 min=139856 bytes
[2026-09-29T05:40:22.940+00:00] I (842) RouteLoomRef: dev adopted (node 0x2, boot 15)
[2026-09-29T05:40:22.940+00:00] I (842) RouteLoomRef: security owner started; node start deferred to membership
[2026-09-29T05:40:22.940+00:00] W (849) RouteLoomRef: diagnostic reason=SECURITY_PROFILE_EXPERIMENTAL peer=0 message=none
[2026-09-29T05:40:22.940+00:00] W (856) RouteLoomRef: diagnostic reason=ROUTE_REFRESH_BOUND_EXCEEDED peer=0 message=none
[2026-09-29T05:40:22.940+00:00] I (867) RouteLoomRef: member discovery started
[2026-09-29T05:40:23.223+00:00] !! send C6-0 -> failed HOP_ACCEPT_TIMEOUT 678.89 ms
[2026-09-29T05:40:23.541+00:00] I (1475) RouteLoomRef: discovery event=BOUND peer=3
[2026-09-29T05:40:23.541+00:00] W (1475) RouteLoomRef: diagnostic reason=BOUND peer=3 message=none
[2026-09-29T05:40:23.641+00:00] I (1551) RouteLoomRef: discovery event=REACHABLE peer=3
[2026-09-29T05:40:23.641+00:00] W (1551) RouteLoomRef: diagnostic reason=REACHABLE peer=3 message=none
[2026-09-29T05:40:25.225+00:00] !! send C6-1 admitted request=65
[2026-09-29T05:40:25.643+00:00] !! send C6-1 -> failed HOP_ACCEPT_TIMEOUT 418.15 ms
[2026-09-29T05:40:27.645+00:00] !! send C6-2 admitted request=66
[2026-09-29T05:40:28.063+00:00] !! send C6-2 -> failed HOP_ACCEPT_TIMEOUT 417.72 ms
[2026-09-29T05:40:30.065+00:00] !! send C6-3 admitted request=67
[2026-09-29T05:40:30.482+00:00] !! send C6-3 -> failed HOP_ACCEPT_TIMEOUT 416.57 ms
[2026-09-29T05:40:32.484+00:00] !! send C6-4 admitted request=68
[2026-09-29T05:40:32.849+00:00] !! send C6-4 -> failed HOP_ACCEPT_TIMEOUT 365.44 ms
[2026-09-29T05:40:34.852+00:00] !! send C6-5 admitted request=69
[2026-09-29T05:40:39.862+00:00] !! send C6-5 -> expired DEADLINE_EXPIRED 5010.76 ms
[2026-09-29T05:40:41.864+00:00] !! send C6-6 admitted request=70
[2026-09-29T05:40:46.917+00:00] !! send C6-6 -> expired DEADLINE_EXPIRED 5053.45 ms
[2026-09-29T05:40:48.919+00:00] !! send C6-7 admitted request=71
[2026-09-29T05:40:53.705+00:00] I (31584) RouteLoomRef: discovery event=BOUND peer=1
[2026-09-29T05:40:53.705+00:00] W (31584) RouteLoomRef: diagnostic reason=BOUND peer=1 message=none
[2026-09-29T05:40:53.705+00:00] I (31609) RouteLoomRef: discovery event=REACHABLE peer=1
[2026-09-29T05:40:53.705+00:00] W (31610) RouteLoomRef: diagnostic reason=REACHABLE peer=1 message=none
[2026-09-29T05:40:53.973+00:00] !! send C6-7 -> expired DEADLINE_EXPIRED 5054.3 ms
[2026-09-29T05:40:55.976+00:00] !! send C6-8 admitted request=72
[2026-09-29T05:40:56.081+00:00] !! send C6-8 -> delivered END_RECEIVED 105.85 ms
[2026-09-29T05:40:58.083+00:00] !! send C6-9 admitted request=73
[2026-09-29T05:40:58.190+00:00] !! send C6-9 -> delivered END_RECEIVED 106.07 ms
[2026-09-29T05:41:00.193+00:00] !! cycle 6 delivered 2/10 recovery_s=33.434
[2026-09-29T05:41:02.193+00:00] !! cycle 7 reset assert (RTS, DTR low)
[2026-09-29T05:41:02.221+00:00] ESP-ROM:esp32c6-20220919
[2026-09-29T05:41:02.221+00:00] Build:Sep 19 2022
[2026-09-29T05:41:02.221+00:00] rst:0x15 (USB_UART_HPSYS),boot:0x3f (SPI_FAST_FLASH_BOOT)
[2026-09-29T05:41:02.221+00:00] Saved PC:0x40807866
[2026-09-29T05:41:02.221+00:00] SPIWP:0xee
[2026-09-29T05:41:02.221+00:00] mode:DIO, clock div:2
[2026-09-29T05:41:02.221+00:00] load:0x40875730,len:0x1738
[2026-09-29T05:41:02.221+00:00] load:0x4086b910,len:0xd8c
[2026-09-29T05:41:02.221+00:00] load:0x4086e610,len:0x32e0
[2026-09-29T05:41:02.221+00:00] entry 0x4086b91a
[2026-09-29T05:41:02.221+00:00] I (23) boot: ESP-IDF v6.0.3 2nd stage bootloader
[2026-09-29T05:41:02.221+00:00] I (23) boot: compile time Sep 29 2026 04:06:51
[2026-09-29T05:41:02.221+00:00] I (24) boot: chip revision: v0.2
[2026-09-29T05:41:02.221+00:00] I (24) boot: efuse block revision: v0.3
[2026-09-29T05:41:02.321+00:00] I (26) boot.esp32c6: SPI Speed      : 80MHz
[2026-09-29T05:41:02.321+00:00] I (30) boot.esp32c6: SPI Mode       : DIO
[2026-09-29T05:41:02.321+00:00] I (34) boot.esp32c6: SPI Flash Size : 4MB
[2026-09-29T05:41:02.321+00:00] I (38) boot: Enabling RNG early entropy source...
[2026-09-29T05:41:02.321+00:00] I (42) boot: Partition Table:
[2026-09-29T05:41:02.321+00:00] I (45) boot: ## Label            Usage          Type ST Offset   Length
[2026-09-29T05:41:02.321+00:00] I (51) boot:  0 nvs              WiFi data        01 02 00009000 00006000
[2026-09-29T05:41:02.321+00:00] I (58) boot:  1 phy_init         RF data          01 01 0000f000 00001000
[2026-09-29T05:41:02.321+00:00] I (64) boot:  2 otadata          OTA data         01 00 00010000 00002000
[2026-09-29T05:41:02.321+00:00] I (71) boot:  3 rlcfg            WiFi data        01 02 00012000 00006000
[2026-09-29T05:41:02.321+00:00] I (77) boot:  4 rlkeys           WiFi data        01 02 00018000 00003000
[2026-09-29T05:41:02.321+00:00] I (84) boot:  5 rlsec            WiFi data        01 02 00020000 00020000
[2026-09-29T05:41:02.321+00:00] I (90) boot:  6 ota_0            OTA app          00 10 00040000 001d0000
[2026-09-29T05:41:02.321+00:00] I (97) boot:  7 ota_1            OTA app          00 11 00210000 001d0000
[2026-09-29T05:41:02.321+00:00] I (103) boot:  8 coredump         Unknown data     01 03 003e0000 00010000
[2026-09-29T05:41:02.321+00:00] I (110) boot: End of partition table
[2026-09-29T05:41:02.321+00:00] I (114) esp_image: segment 0: paddr=00040020 vaddr=42120020 size=25988h (153992) map
[2026-09-29T05:41:02.421+00:00] I (149) esp_image: segment 1: paddr=000659b0 vaddr=40800000 size=0a668h ( 42600) load
[2026-09-29T05:41:02.421+00:00] I (159) esp_image: segment 2: paddr=00070020 vaddr=42000020 size=112c84h (1125508) map
[2026-09-29T05:41:02.621+00:00] I (367) esp_image: segment 3: paddr=00182cac vaddr=4080a668 size=0f9a4h ( 63908) load
[2026-09-29T05:41:02.621+00:00] I (381) esp_image: segment 4: paddr=00192658 vaddr=4081a010 size=03c14h ( 15380) load
[2026-09-29T05:41:02.621+00:00] I (385) esp_image: segment 5: paddr=00196274 vaddr=50000000 size=00060h (    96) load
[2026-09-29T05:41:02.621+00:00] I (386) esp_image: segment 6: paddr=001962dc vaddr=50000068 size=00024h (    36) load
[2026-09-29T05:41:02.621+00:00] I (399) boot: Loaded app from partition at offset 0x40000
[2026-09-29T05:41:02.621+00:00] I (399) boot: Disabling RNG early entropy source...
[2026-09-29T05:41:02.621+00:00] I (415) cpu_start: Unicore app
[2026-09-29T05:41:02.621+00:00] I (423) cpu_start: GPIO 17 and 16 are used as console UART I/O pins
[2026-09-29T05:41:02.621+00:00] I (424) cpu_start: Pro cpu start user code
[2026-09-29T05:41:02.621+00:00] I (424) cpu_start: cpu freq: 160000000 Hz
[2026-09-29T05:41:02.694+00:00] !! cycle 7 reset released after 0.500s
[2026-09-29T05:41:02.695+00:00] !! send C7-0 admitted request=74
[2026-09-29T05:41:02.722+00:00] I (426) app_init: Application information:
[2026-09-29T05:41:02.722+00:00] I (430) app_init: Project name:     routeloom_reference_node
[2026-09-29T05:41:02.722+00:00] I (435) app_init: App version:      1
[2026-09-29T05:41:02.722+00:00] I (438) app_init: Compile time:     Sep 29 2026 04:13:34
[2026-09-29T05:41:02.722+00:00] I (443) app_init: ELF file SHA256:  0ea010565...
[2026-09-29T05:41:02.722+00:00] I (448) app_init: ESP-IDF:          v6.0.3
[2026-09-29T05:41:02.722+00:00] I (452) efuse_init: Min chip rev:     v0.0
[2026-09-29T05:41:02.722+00:00] I (455) efuse_init: Max chip rev:     v0.99
[2026-09-29T05:41:02.722+00:00] I (459) efuse_init: Chip rev:         v0.2
[2026-09-29T05:41:02.722+00:00] I (463) heap_init: Initializing. RAM available for dynamic allocation:
[2026-09-29T05:41:02.722+00:00] I (469) heap_init: At 4084BDA0 len 00030870 (194 KiB): RAM
[2026-09-29T05:41:02.722+00:00] I (475) heap_init: At 4087C610 len 00002F54 (11 KiB): RAM
[2026-09-29T05:41:02.722+00:00] I (480) heap_init: At 5000008C len 00003F5C (15 KiB): RTCRAM
[2026-09-29T05:41:02.722+00:00] I (486) spi_flash: detected chip: generic
[2026-09-29T05:41:02.722+00:00] I (489) spi_flash: flash io: dio
[2026-09-29T05:41:02.722+00:00] I (492) sleep_gpio: Configure to isolate all GPIO pins in sleep state
[2026-09-29T05:41:02.722+00:00] I (498) sleep_gpio: Enable automatic switching of GPIO sleep configuration
[2026-09-29T05:41:02.722+00:00] I (513) main_task: Started on CPU0
[2026-09-29T05:41:02.722+00:00] I (515) main_task: Calling app_main()
[2026-09-29T05:41:02.722+00:00] I (519) rl_flash: image: sdk=0.1.0 layout=PT-4M-v2 storage_epoch=2
[2026-09-29T05:41:02.822+00:00] I (564) RouteLoomRef: sdkv1 identity: none provisioned
[2026-09-29T05:41:02.822+00:00] I (565) RouteLoomRef: sdkv1 site: not a member
[2026-09-29T05:41:02.822+00:00] I (565) RouteLoomRef: sdkv1 revocation: none rs_epoch=0 resume_slots=16
[2026-09-29T05:41:02.822+00:00] I (569) RouteLoomRef: sdkv1 local_revocation: none
[2026-09-29T05:41:02.822+00:00] I (573) RouteLoomRef: sdkv1 lifecycle: none
[2026-09-29T05:41:02.822+00:00] I (579) RouteLoomRef: routeloom field boot: fw=1 app_sha256=0ea010565f93e36962669696e5fba6a7180445893b4a14cc0538230d5b517795
[2026-09-29T05:41:02.822+00:00] I (599) RouteLoomRef: board config: gen=1 node=0x2 secrets_gen=1 mac=10bda3b148a8
[2026-09-29T05:41:02.822+00:00] I (601) RouteLoomRef: security owner ready (node 0x2)
[2026-09-29T05:41:02.822+00:00] I (603) RouteLoom: Wi-Fi init heap: free=168028 largest=151552 bytes
[2026-09-29T05:41:02.822+00:00] I (607) pp: pp rom version: 5b8dcfa
[2026-09-29T05:41:02.822+00:00] I (610) net80211: net80211 rom version: 5b8dcfa
[2026-09-29T05:41:02.822+00:00] I (615) wifi:wifi driver task: 4087f494, prio:23, stack:6656, core=0
[2026-09-29T05:41:02.822+00:00] I (621) wifi:wifi firmware version: da143fa
[2026-09-29T05:41:02.922+00:00] I (624) wifi:wifi certification version: v7.0
[2026-09-29T05:41:02.922+00:00] I (628) wifi:config NVS flash: disabled
[2026-09-29T05:41:02.922+00:00] I (631) wifi:config nano formatting: disabled
[2026-09-29T05:41:02.922+00:00] I (636) wifi:mac_version:HAL_MAC_ESP32AX_761,ut_version:N, band mode:0x1
[2026-09-29T05:41:02.922+00:00] I (642) wifi:Init data frame dynamic rx buffer num: 8
[2026-09-29T05:41:02.922+00:00] I (647) wifi:Init static rx mgmt buffer num: 2
[2026-09-29T05:41:02.922+00:00] I (651) wifi:Init management short buffer num: 8
[2026-09-29T05:41:02.922+00:00] I (655) wifi:Init dynamic tx buffer num: 8
[2026-09-29T05:41:02.922+00:00] I (659) wifi:Init static tx FG buffer num: 2
[2026-09-29T05:41:02.922+00:00] I (663) wifi:Init static rx buffer size: 1700 (rxctrl:92, csi:512)
[2026-09-29T05:41:02.922+00:00] I (669) wifi:Init static rx buffer num: 4
[2026-09-29T05:41:02.922+00:00] I (673) wifi:Init dynamic rx buffer num: 8
[2026-09-29T05:41:02.922+00:00] I (677) wifi_init: accept mbox: 6
[2026-09-29T05:41:02.922+00:00] I (680) wifi_init: tcpip mbox: 32
[2026-09-29T05:41:02.922+00:00] I (683) wifi_init: udp mbox: 6
[2026-09-29T05:41:02.922+00:00] I (685) wifi_init: tcp mbox: 6
[2026-09-29T05:41:02.922+00:00] I (688) wifi_init: tcp tx win: 5760
[2026-09-29T05:41:02.922+00:00] I (691) wifi_init: tcp rx win: 5760
[2026-09-29T05:41:02.922+00:00] I (695) wifi_init: tcp mss: 1440
[2026-09-29T05:41:02.922+00:00] I (697) wifi_init: WiFi IRAM OP enabled
[2026-09-29T05:41:02.922+00:00] I (701) wifi_init: WiFi RX IRAM OP enabled
[2026-09-29T05:41:02.922+00:00] I (705) wifi_init: WiFi SLP IRAM OP enabled
[2026-09-29T05:41:02.922+00:00] I (709) RouteLoom: Wi-Fi initialized heap: free=142308 largest=126976 min=142280 bytes
[2026-09-29T05:41:02.922+00:00] I (717) wifi:(2.4G)set country: cc=JP  schan=1 nchan=13 policy=1
[2026-09-29T05:41:03.022+00:00] I (722) wifi:ifx:0, phymode(new:3, sta nvs: 7 ap nvs: 3)
[2026-09-29T05:41:03.022+00:00] I (728) phy_init: phy_version 345,552b044,Jul 14 2026,10:37:00
[2026-09-29T05:41:03.022+00:00] I (818) wifi:11ax coex: WDEVAX_PTI0(0x55777555), WDEVAX_PTI1(0x00003377).
[2026-09-29T05:41:03.022+00:00] 
[2026-09-29T05:41:03.022+00:00] I (819) wifi:mode : sta (10:bd:a3:b1:48:a8)
[2026-09-29T05:41:03.022+00:00] I (820) wifi:enable tsf
[2026-09-29T05:41:03.122+00:00] I (823) RouteLoom: Wi-Fi started heap: free=140120 largest=122880 min=139856 bytes
[2026-09-29T05:41:03.122+00:00] I (828) ESPNOW: espnow [version: 2.0] init
[2026-09-29T05:41:03.122+00:00] I (832) RouteLoom: ESP-NOW ready heap: free=139904 largest=122880 min=139856 bytes
[2026-09-29T05:41:03.122+00:00] I (844) RouteLoomRef: dev adopted (node 0x2, boot 16)
[2026-09-29T05:41:03.122+00:00] I (844) RouteLoomRef: security owner started; node start deferred to membership
[2026-09-29T05:41:03.122+00:00] W (852) RouteLoomRef: diagnostic reason=SECURITY_PROFILE_EXPERIMENTAL peer=0 message=none
[2026-09-29T05:41:03.122+00:00] W (859) RouteLoomRef: diagnostic reason=ROUTE_REFRESH_BOUND_EXCEEDED peer=0 message=none
[2026-09-29T05:41:03.122+00:00] I (870) RouteLoomRef: member discovery started
[2026-09-29T05:41:03.374+00:00] !! send C7-0 -> failed HOP_ACCEPT_TIMEOUT 678.8 ms
[2026-09-29T05:41:03.924+00:00] I (1689) RouteLoomRef: discovery event=BOUND peer=3
[2026-09-29T05:41:03.924+00:00] W (1689) RouteLoomRef: diagnostic reason=BOUND peer=3 message=none
[2026-09-29T05:41:05.377+00:00] !! send C7-1 admitted request=75
[2026-09-29T05:41:05.793+00:00] !! send C7-1 -> failed HOP_ACCEPT_TIMEOUT 416.64 ms
[2026-09-29T05:41:05.928+00:00] I (3717) RouteLoomRef: discovery event=REACHABLE peer=3
[2026-09-29T05:41:05.928+00:00] W (3718) RouteLoomRef: diagnostic reason=REACHABLE peer=3 message=none
[2026-09-29T05:41:07.796+00:00] !! send C7-2 admitted request=76
[2026-09-29T05:41:08.214+00:00] !! send C7-2 -> failed HOP_ACCEPT_TIMEOUT 418.36 ms
[2026-09-29T05:41:10.216+00:00] !! send C7-3 admitted request=77
[2026-09-29T05:41:10.583+00:00] !! send C7-3 -> failed HOP_ACCEPT_TIMEOUT 366.48 ms
[2026-09-29T05:41:12.585+00:00] !! send C7-4 admitted request=78
[2026-09-29T05:41:12.949+00:00] !! send C7-4 -> failed HOP_ACCEPT_TIMEOUT 364.67 ms
[2026-09-29T05:41:14.951+00:00] !! send C7-5 admitted request=79
[2026-09-29T05:41:15.364+00:00] !! send C7-5 -> failed HOP_ACCEPT_TIMEOUT 413.51 ms
[2026-09-29T05:41:17.366+00:00] !! send C7-6 admitted request=80
[2026-09-29T05:41:22.416+00:00] !! send C7-6 -> expired DEADLINE_EXPIRED 5050.51 ms
[2026-09-29T05:41:24.418+00:00] !! send C7-7 admitted request=81
[2026-09-29T05:41:29.426+00:00] !! send C7-7 -> expired DEADLINE_EXPIRED 5008.54 ms
[2026-09-29T05:41:30.372+00:00] I (28139) RouteLoomRef: discovery event=BOUND peer=1
[2026-09-29T05:41:30.372+00:00] W (28139) RouteLoomRef: diagnostic reason=BOUND peer=1 message=none
[2026-09-29T05:41:30.372+00:00] I (28166) RouteLoomRef: discovery event=REACHABLE peer=1
[2026-09-29T05:41:30.372+00:00] W (28166) RouteLoomRef: diagnostic reason=REACHABLE peer=1 message=none
[2026-09-29T05:41:31.429+00:00] !! send C7-8 admitted request=82
[2026-09-29T05:41:31.535+00:00] !! send C7-8 -> delivered END_RECEIVED 106.45 ms
[2026-09-29T05:41:33.537+00:00] !! send C7-9 admitted request=83
[2026-09-29T05:41:33.644+00:00] !! send C7-9 -> delivered END_RECEIVED 106.69 ms
[2026-09-29T05:41:35.646+00:00] !! cycle 7 delivered 2/10 recovery_s=28.735
[2026-09-29T05:41:37.647+00:00] !! cycle 8 reset assert (RTS, DTR low)
[2026-09-29T05:41:37.687+00:00] ESP-ROM:esp32c6-20220919
[2026-09-29T05:41:37.687+00:00] Build:Sep 19 2022
[2026-09-29T05:41:37.687+00:00] rst:0x15 (USB_UART_HPSYS),boot:0x3f (SPI_FAST_FLASH_BOOT)
[2026-09-29T05:41:37.687+00:00] Saved PC:0x40807866
[2026-09-29T05:41:37.687+00:00] SPIWP:0xee
[2026-09-29T05:41:37.687+00:00] mode:DIO, clock div:2
[2026-09-29T05:41:37.687+00:00] load:0x40875730,len:0x1738
[2026-09-29T05:41:37.687+00:00] load:0x4086b910,len:0xd8c
[2026-09-29T05:41:37.687+00:00] load:0x4086e610,len:0x32e0
[2026-09-29T05:41:37.687+00:00] entry 0x4086b91a
[2026-09-29T05:41:37.687+00:00] I (23) boot: ESP-IDF v6.0.3 2nd stage bootloader
[2026-09-29T05:41:37.687+00:00] I (23) boot: compile time Sep 29 2026 04:06:51
[2026-09-29T05:41:37.687+00:00] I (24) boot: chip revision: v0.2
[2026-09-29T05:41:37.687+00:00] I (24) boot: efuse block revision: v0.3
[2026-09-29T05:41:37.687+00:00] I (26) boot.esp32c6: SPI Speed      : 80MHz
[2026-09-29T05:41:37.687+00:00] I (30) boot.esp32c6: SPI Mode       : DIO
[2026-09-29T05:41:37.687+00:00] I (34) boot.esp32c6: SPI Flash Size : 4MB
[2026-09-29T05:41:37.787+00:00] I (38) boot: Enabling RNG early entropy source...
[2026-09-29T05:41:37.787+00:00] I (42) boot: Partition Table:
[2026-09-29T05:41:37.787+00:00] I (45) boot: ## Label            Usage          Type ST Offset   Length
[2026-09-29T05:41:37.787+00:00] I (51) boot:  0 nvs              WiFi data        01 02 00009000 00006000
[2026-09-29T05:41:37.787+00:00] I (58) boot:  1 phy_init         RF data          01 01 0000f000 00001000
[2026-09-29T05:41:37.787+00:00] I (64) boot:  2 otadata          OTA data         01 00 00010000 00002000
[2026-09-29T05:41:37.787+00:00] I (71) boot:  3 rlcfg            WiFi data        01 02 00012000 00006000
[2026-09-29T05:41:37.787+00:00] I (77) boot:  4 rlkeys           WiFi data        01 02 00018000 00003000
[2026-09-29T05:41:37.787+00:00] I (84) boot:  5 rlsec            WiFi data        01 02 00020000 00020000
[2026-09-29T05:41:37.787+00:00] I (90) boot:  6 ota_0            OTA app          00 10 00040000 001d0000
[2026-09-29T05:41:37.787+00:00] I (97) boot:  7 ota_1            OTA app          00 11 00210000 001d0000
[2026-09-29T05:41:37.787+00:00] I (103) boot:  8 coredump         Unknown data     01 03 003e0000 00010000
[2026-09-29T05:41:37.787+00:00] I (110) boot: End of partition table
[2026-09-29T05:41:37.787+00:00] I (114) esp_image: segment 0: paddr=00040020 vaddr=42120020 size=25988h (153992) map
[2026-09-29T05:41:37.887+00:00] I (149) esp_image: segment 1: paddr=000659b0 vaddr=40800000 size=0a668h ( 42600) load
[2026-09-29T05:41:37.887+00:00] I (159) esp_image: segment 2: paddr=00070020 vaddr=42000020 size=112c84h (1125508) map
[2026-09-29T05:41:38.088+00:00] I (367) esp_image: segment 3: paddr=00182cac vaddr=4080a668 size=0f9a4h ( 63908) load
[2026-09-29T05:41:38.088+00:00] I (381) esp_image: segment 4: paddr=00192658 vaddr=4081a010 size=03c14h ( 15380) load
[2026-09-29T05:41:38.088+00:00] I (385) esp_image: segment 5: paddr=00196274 vaddr=50000000 size=00060h (    96) load
[2026-09-29T05:41:38.088+00:00] I (386) esp_image: segment 6: paddr=001962dc vaddr=50000068 size=00024h (    36) load
[2026-09-29T05:41:38.088+00:00] I (399) boot: Loaded app from partition at offset 0x40000
[2026-09-29T05:41:38.088+00:00] I (399) boot: Disabling RNG early entropy source...
[2026-09-29T05:41:38.088+00:00] I (415) cpu_start: Unicore app
[2026-09-29T05:41:38.088+00:00] I (423) cpu_start: GPIO 17 and 16 are used as console UART I/O pins
[2026-09-29T05:41:38.088+00:00] I (424) cpu_start: Pro cpu start user code
[2026-09-29T05:41:38.088+00:00] I (424) cpu_start: cpu freq: 160000000 Hz
[2026-09-29T05:41:38.088+00:00] I (426) app_init: Application information:
[2026-09-29T05:41:38.088+00:00] I (430) app_init: Project name:     routeloom_reference_node
[2026-09-29T05:41:38.088+00:00] I (435) app_init: App version:      1
[2026-09-29T05:41:38.147+00:00] !! cycle 8 reset released after 0.500s
[2026-09-29T05:41:38.149+00:00] !! send C8-0 admitted request=84
[2026-09-29T05:41:38.188+00:00] I (438) app_init: Compile time:     Sep 29 2026 04:13:34
[2026-09-29T05:41:38.188+00:00] I (443) app_init: ELF file SHA256:  0ea010565...
[2026-09-29T05:41:38.188+00:00] I (448) app_init: ESP-IDF:          v6.0.3
[2026-09-29T05:41:38.188+00:00] I (452) efuse_init: Min chip rev:     v0.0
[2026-09-29T05:41:38.188+00:00] I (455) efuse_init: Max chip rev:     v0.99
[2026-09-29T05:41:38.188+00:00] I (459) efuse_init: Chip rev:         v0.2
[2026-09-29T05:41:38.188+00:00] I (463) heap_init: Initializing. RAM available for dynamic allocation:
[2026-09-29T05:41:38.188+00:00] I (469) heap_init: At 4084BDA0 len 00030870 (194 KiB): RAM
[2026-09-29T05:41:38.188+00:00] I (475) heap_init: At 4087C610 len 00002F54 (11 KiB): RAM
[2026-09-29T05:41:38.188+00:00] I (480) heap_init: At 5000008C len 00003F5C (15 KiB): RTCRAM
[2026-09-29T05:41:38.188+00:00] I (486) spi_flash: detected chip: generic
[2026-09-29T05:41:38.188+00:00] I (489) spi_flash: flash io: dio
[2026-09-29T05:41:38.188+00:00] I (492) sleep_gpio: Configure to isolate all GPIO pins in sleep state
[2026-09-29T05:41:38.188+00:00] I (498) sleep_gpio: Enable automatic switching of GPIO sleep configuration
[2026-09-29T05:41:38.188+00:00] I (513) main_task: Started on CPU0
[2026-09-29T05:41:38.188+00:00] I (515) main_task: Calling app_main()
[2026-09-29T05:41:38.188+00:00] I (519) rl_flash: image: sdk=0.1.0 layout=PT-4M-v2 storage_epoch=2
[2026-09-29T05:41:38.288+00:00] I (565) RouteLoomRef: sdkv1 identity: none provisioned
[2026-09-29T05:41:38.288+00:00] I (566) RouteLoomRef: sdkv1 site: not a member
[2026-09-29T05:41:38.288+00:00] I (566) RouteLoomRef: sdkv1 revocation: none rs_epoch=0 resume_slots=16
[2026-09-29T05:41:38.288+00:00] I (570) RouteLoomRef: sdkv1 local_revocation: none
[2026-09-29T05:41:38.288+00:00] I (574) RouteLoomRef: sdkv1 lifecycle: none
[2026-09-29T05:41:38.288+00:00] I (580) RouteLoomRef: routeloom field boot: fw=1 app_sha256=0ea010565f93e36962669696e5fba6a7180445893b4a14cc0538230d5b517795
[2026-09-29T05:41:38.288+00:00] I (600) RouteLoomRef: board config: gen=1 node=0x2 secrets_gen=1 mac=10bda3b148a8
[2026-09-29T05:41:38.288+00:00] I (602) RouteLoomRef: security owner ready (node 0x2)
[2026-09-29T05:41:38.288+00:00] I (604) RouteLoom: Wi-Fi init heap: free=168028 largest=151552 bytes
[2026-09-29T05:41:38.288+00:00] I (608) pp: pp rom version: 5b8dcfa
[2026-09-29T05:41:38.288+00:00] I (611) net80211: net80211 rom version: 5b8dcfa
[2026-09-29T05:41:38.288+00:00] I (616) wifi:wifi driver task: 4087f494, prio:23, stack:6656, core=0
[2026-09-29T05:41:38.288+00:00] I (622) wifi:wifi firmware version: da143fa
[2026-09-29T05:41:38.288+00:00] I (625) wifi:wifi certification version: v7.0
[2026-09-29T05:41:38.288+00:00] I (629) wifi:config NVS flash: disabled
[2026-09-29T05:41:38.288+00:00] I (632) wifi:config nano formatting: disabled
[2026-09-29T05:41:38.388+00:00] I (637) wifi:mac_version:HAL_MAC_ESP32AX_761,ut_version:N, band mode:0x1
[2026-09-29T05:41:38.388+00:00] I (643) wifi:Init data frame dynamic rx buffer num: 8
[2026-09-29T05:41:38.388+00:00] I (648) wifi:Init static rx mgmt buffer num: 2
[2026-09-29T05:41:38.388+00:00] I (652) wifi:Init management short buffer num: 8
[2026-09-29T05:41:38.388+00:00] I (656) wifi:Init dynamic tx buffer num: 8
[2026-09-29T05:41:38.388+00:00] I (660) wifi:Init static tx FG buffer num: 2
[2026-09-29T05:41:38.388+00:00] I (664) wifi:Init static rx buffer size: 1700 (rxctrl:92, csi:512)
[2026-09-29T05:41:38.388+00:00] I (670) wifi:Init static rx buffer num: 4
[2026-09-29T05:41:38.388+00:00] I (674) wifi:Init dynamic rx buffer num: 8
[2026-09-29T05:41:38.388+00:00] I (678) wifi_init: accept mbox: 6
[2026-09-29T05:41:38.388+00:00] I (681) wifi_init: tcpip mbox: 32
[2026-09-29T05:41:38.388+00:00] I (684) wifi_init: udp mbox: 6
[2026-09-29T05:41:38.388+00:00] I (686) wifi_init: tcp mbox: 6
[2026-09-29T05:41:38.388+00:00] I (689) wifi_init: tcp tx win: 5760
[2026-09-29T05:41:38.388+00:00] I (692) wifi_init: tcp rx win: 5760
[2026-09-29T05:41:38.388+00:00] I (696) wifi_init: tcp mss: 1440
[2026-09-29T05:41:38.388+00:00] I (699) wifi_init: WiFi IRAM OP enabled
[2026-09-29T05:41:38.388+00:00] I (702) wifi_init: WiFi RX IRAM OP enabled
[2026-09-29T05:41:38.388+00:00] I (706) wifi_init: WiFi SLP IRAM OP enabled
[2026-09-29T05:41:38.388+00:00] I (710) RouteLoom: Wi-Fi initialized heap: free=142308 largest=126976 min=142280 bytes
[2026-09-29T05:41:38.388+00:00] I (718) wifi:(2.4G)set country: cc=JP  schan=1 nchan=13 policy=1
[2026-09-29T05:41:38.388+00:00] I (723) wifi:ifx:0, phymode(new:3, sta nvs: 7 ap nvs: 3)
[2026-09-29T05:41:38.488+00:00] I (729) phy_init: phy_version 345,552b044,Jul 14 2026,10:37:00
[2026-09-29T05:41:38.488+00:00] I (825) wifi:11ax coex: WDEVAX_PTI0(0x55777555), WDEVAX_PTI1(0x00003377).
[2026-09-29T05:41:38.488+00:00] 
[2026-09-29T05:41:38.488+00:00] I (826) wifi:mode : sta (10:bd:a3:b1:48:a8)
[2026-09-29T05:41:38.488+00:00] I (826) wifi:enable tsf
[2026-09-29T05:41:38.488+00:00] I (829) RouteLoom: Wi-Fi started heap: free=140120 largest=122880 min=139856 bytes
[2026-09-29T05:41:38.488+00:00] I (835) ESPNOW: espnow [version: 2.0] init
[2026-09-29T05:41:38.588+00:00] I (838) RouteLoom: ESP-NOW ready heap: free=139904 largest=122880 min=139856 bytes
[2026-09-29T05:41:38.588+00:00] I (850) RouteLoomRef: dev adopted (node 0x2, boot 17)
[2026-09-29T05:41:38.588+00:00] I (850) RouteLoomRef: security owner started; node start deferred to membership
[2026-09-29T05:41:38.588+00:00] W (858) RouteLoomRef: diagnostic reason=SECURITY_PROFILE_EXPERIMENTAL peer=0 message=none
[2026-09-29T05:41:38.588+00:00] W (865) RouteLoomRef: diagnostic reason=ROUTE_REFRESH_BOUND_EXCEEDED peer=0 message=none
[2026-09-29T05:41:38.588+00:00] I (876) RouteLoomRef: member discovery started
[2026-09-29T05:41:38.825+00:00] !! send C8-0 -> failed HOP_ACCEPT_TIMEOUT 676.29 ms
[2026-09-29T05:41:39.189+00:00] I (1467) RouteLoomRef: discovery event=BOUND peer=1
[2026-09-29T05:41:39.189+00:00] W (1467) RouteLoomRef: diagnostic reason=BOUND peer=1 message=none
[2026-09-29T05:41:40.827+00:00] !! send C8-1 admitted request=85
[2026-09-29T05:41:41.193+00:00] I (3497) RouteLoomRef: discovery event=REACHABLE peer=1
[2026-09-29T05:41:41.193+00:00] W (3497) RouteLoomRef: diagnostic reason=REACHABLE peer=1 message=none
[2026-09-29T05:41:45.879+00:00] !! send C8-1 -> expired DEADLINE_EXPIRED 5051.27 ms
[2026-09-29T05:41:47.881+00:00] !! send C8-2 admitted request=86
[2026-09-29T05:41:52.890+00:00] !! send C8-2 -> expired DEADLINE_EXPIRED 5008.88 ms
[2026-09-29T05:41:54.892+00:00] !! send C8-3 admitted request=87
[2026-09-29T05:41:59.902+00:00] !! send C8-3 -> expired DEADLINE_EXPIRED 5009.63 ms
[2026-09-29T05:42:01.904+00:00] !! send C8-4 admitted request=88
[2026-09-29T05:42:06.961+00:00] !! send C8-4 -> expired DEADLINE_EXPIRED 5056.31 ms
[2026-09-29T05:42:08.151+00:00] I (30490) RouteLoomRef: discovery event=BOUND peer=3
[2026-09-29T05:42:08.151+00:00] W (30490) RouteLoomRef: diagnostic reason=BOUND peer=3 message=none
[2026-09-29T05:42:08.251+00:00] I (30516) RouteLoomRef: discovery event=REACHABLE peer=3
[2026-09-29T05:42:08.251+00:00] W (30516) RouteLoomRef: diagnostic reason=REACHABLE peer=3 message=none
[2026-09-29T05:42:08.963+00:00] !! send C8-5 admitted request=89
[2026-09-29T05:42:09.328+00:00] !! send C8-5 -> delivered END_RECEIVED 364.39 ms
[2026-09-29T05:42:11.330+00:00] !! send C8-6 admitted request=90
[2026-09-29T05:42:11.436+00:00] !! send C8-6 -> delivered END_RECEIVED 105.5 ms
[2026-09-29T05:42:13.438+00:00] !! send C8-7 admitted request=91
[2026-09-29T05:42:13.544+00:00] !! send C8-7 -> delivered END_RECEIVED 105.75 ms
[2026-09-29T05:42:15.546+00:00] !! send C8-8 admitted request=92
[2026-09-29T05:42:15.651+00:00] !! send C8-8 -> delivered END_RECEIVED 105.35 ms
[2026-09-29T05:42:17.653+00:00] !! send C8-9 admitted request=93
[2026-09-29T05:42:17.758+00:00] !! send C8-9 -> delivered END_RECEIVED 105.29 ms
[2026-09-29T05:42:19.761+00:00] !! cycle 8 delivered 5/10 recovery_s=30.816
[2026-09-29T05:42:21.762+00:00] !! cycle 9 reset assert (RTS, DTR low)
[2026-09-29T05:42:21.777+00:00] ESP-ROM:esp32c6-20220919
[2026-09-29T05:42:21.777+00:00] Build:Sep 19 2022
[2026-09-29T05:42:21.777+00:00] rst:0x15 (USB_UART_HPSYS),boot:0x3f (SPI_FAST_FLASH_BOOT)
[2026-09-29T05:42:21.777+00:00] Saved PC:0x40807866
[2026-09-29T05:42:21.777+00:00] SPIWP:0xee
[2026-09-29T05:42:21.777+00:00] mode:DIO, clock div:2
[2026-09-29T05:42:21.777+00:00] load:0x40875730,len:0x1738
[2026-09-29T05:42:21.777+00:00] load:0x4086b910,len:0xd8c
[2026-09-29T05:42:21.777+00:00] load:0x4086e610,len:0x32e0
[2026-09-29T05:42:21.777+00:00] entry 0x4086b91a
[2026-09-29T05:42:21.877+00:00] I (23) boot: ESP-IDF v6.0.3 2nd stage bootloader
[2026-09-29T05:42:21.877+00:00] I (23) boot: compile time Sep 29 2026 04:06:51
[2026-09-29T05:42:21.877+00:00] I (24) boot: chip revision: v0.2
[2026-09-29T05:42:21.877+00:00] I (24) boot: efuse block revision: v0.3
[2026-09-29T05:42:21.877+00:00] I (26) boot.esp32c6: SPI Speed      : 80MHz
[2026-09-29T05:42:21.877+00:00] I (30) boot.esp32c6: SPI Mode       : DIO
[2026-09-29T05:42:21.877+00:00] I (34) boot.esp32c6: SPI Flash Size : 4MB
[2026-09-29T05:42:21.877+00:00] I (38) boot: Enabling RNG early entropy source...
[2026-09-29T05:42:21.877+00:00] I (42) boot: Partition Table:
[2026-09-29T05:42:21.877+00:00] I (45) boot: ## Label            Usage          Type ST Offset   Length
[2026-09-29T05:42:21.877+00:00] I (51) boot:  0 nvs              WiFi data        01 02 00009000 00006000
[2026-09-29T05:42:21.877+00:00] I (58) boot:  1 phy_init         RF data          01 01 0000f000 00001000
[2026-09-29T05:42:21.877+00:00] I (64) boot:  2 otadata          OTA data         01 00 00010000 00002000
[2026-09-29T05:42:21.877+00:00] I (71) boot:  3 rlcfg            WiFi data        01 02 00012000 00006000
[2026-09-29T05:42:21.877+00:00] I (77) boot:  4 rlkeys           WiFi data        01 02 00018000 00003000
[2026-09-29T05:42:21.877+00:00] I (84) boot:  5 rlsec            WiFi data        01 02 00020000 00020000
[2026-09-29T05:42:21.877+00:00] I (90) boot:  6 ota_0            OTA app          00 10 00040000 001d0000
[2026-09-29T05:42:21.877+00:00] I (97) boot:  7 ota_1            OTA app          00 11 00210000 001d0000
[2026-09-29T05:42:21.877+00:00] I (103) boot:  8 coredump         Unknown data     01 03 003e0000 00010000
[2026-09-29T05:42:21.877+00:00] I (110) boot: End of partition table
[2026-09-29T05:42:21.977+00:00] I (114) esp_image: segment 0: paddr=00040020 vaddr=42120020 size=25988h (153992) map
[2026-09-29T05:42:21.977+00:00] I (149) esp_image: segment 1: paddr=000659b0 vaddr=40800000 size=0a668h ( 42600) load
[2026-09-29T05:42:21.977+00:00] I (159) esp_image: segment 2: paddr=00070020 vaddr=42000020 size=112c84h (1125508) map
[2026-09-29T05:42:22.177+00:00] I (367) esp_image: segment 3: paddr=00182cac vaddr=4080a668 size=0f9a4h ( 63908) load
[2026-09-29T05:42:22.177+00:00] I (381) esp_image: segment 4: paddr=00192658 vaddr=4081a010 size=03c14h ( 15380) load
[2026-09-29T05:42:22.177+00:00] I (385) esp_image: segment 5: paddr=00196274 vaddr=50000000 size=00060h (    96) load
[2026-09-29T05:42:22.177+00:00] I (386) esp_image: segment 6: paddr=001962dc vaddr=50000068 size=00024h (    36) load
[2026-09-29T05:42:22.177+00:00] I (399) boot: Loaded app from partition at offset 0x40000
[2026-09-29T05:42:22.177+00:00] I (399) boot: Disabling RNG early entropy source...
[2026-09-29T05:42:22.262+00:00] !! cycle 9 reset released after 0.500s
[2026-09-29T05:42:22.264+00:00] !! send C9-0 admitted request=94
[2026-09-29T05:42:22.277+00:00] I (415) cpu_start: Unicore app
[2026-09-29T05:42:22.277+00:00] I (423) cpu_start: GPIO 17 and 16 are used as console UART I/O pins
[2026-09-29T05:42:22.277+00:00] I (424) cpu_start: Pro cpu start user code
[2026-09-29T05:42:22.277+00:00] I (424) cpu_start: cpu freq: 160000000 Hz
[2026-09-29T05:42:22.277+00:00] I (426) app_init: Application information:
[2026-09-29T05:42:22.277+00:00] I (430) app_init: Project name:     routeloom_reference_node
[2026-09-29T05:42:22.277+00:00] I (435) app_init: App version:      1
[2026-09-29T05:42:22.277+00:00] I (438) app_init: Compile time:     Sep 29 2026 04:13:34
[2026-09-29T05:42:22.277+00:00] I (443) app_init: ELF file SHA256:  0ea010565...
[2026-09-29T05:42:22.277+00:00] I (448) app_init: ESP-IDF:          v6.0.3
[2026-09-29T05:42:22.277+00:00] I (452) efuse_init: Min chip rev:     v0.0
[2026-09-29T05:42:22.277+00:00] I (455) efuse_init: Max chip rev:     v0.99
[2026-09-29T05:42:22.277+00:00] I (459) efuse_init: Chip rev:         v0.2
[2026-09-29T05:42:22.277+00:00] I (463) heap_init: Initializing. RAM available for dynamic allocation:
[2026-09-29T05:42:22.277+00:00] I (469) heap_init: At 4084BDA0 len 00030870 (194 KiB): RAM
[2026-09-29T05:42:22.277+00:00] I (475) heap_init: At 4087C610 len 00002F54 (11 KiB): RAM
[2026-09-29T05:42:22.277+00:00] I (480) heap_init: At 5000008C len 00003F5C (15 KiB): RTCRAM
[2026-09-29T05:42:22.277+00:00] I (486) spi_flash: detected chip: generic
[2026-09-29T05:42:22.277+00:00] I (489) spi_flash: flash io: dio
[2026-09-29T05:42:22.277+00:00] I (492) sleep_gpio: Configure to isolate all GPIO pins in sleep state
[2026-09-29T05:42:22.277+00:00] I (498) sleep_gpio: Enable automatic switching of GPIO sleep configuration
[2026-09-29T05:42:22.378+00:00] I (513) main_task: Started on CPU0
[2026-09-29T05:42:22.378+00:00] I (515) main_task: Calling app_main()
[2026-09-29T05:42:22.378+00:00] I (519) rl_flash: image: sdk=0.1.0 layout=PT-4M-v2 storage_epoch=2
[2026-09-29T05:42:22.378+00:00] I (565) RouteLoomRef: sdkv1 identity: none provisioned
[2026-09-29T05:42:22.378+00:00] I (566) RouteLoomRef: sdkv1 site: not a member
[2026-09-29T05:42:22.378+00:00] I (566) RouteLoomRef: sdkv1 revocation: none rs_epoch=0 resume_slots=16
[2026-09-29T05:42:22.378+00:00] I (570) RouteLoomRef: sdkv1 local_revocation: none
[2026-09-29T05:42:22.378+00:00] I (574) RouteLoomRef: sdkv1 lifecycle: none
[2026-09-29T05:42:22.378+00:00] I (580) RouteLoomRef: routeloom field boot: fw=1 app_sha256=0ea010565f93e36962669696e5fba6a7180445893b4a14cc0538230d5b517795
[2026-09-29T05:42:22.378+00:00] I (600) RouteLoomRef: board config: gen=1 node=0x2 secrets_gen=1 mac=10bda3b148a8
[2026-09-29T05:42:22.378+00:00] I (602) RouteLoomRef: security owner ready (node 0x2)
[2026-09-29T05:42:22.378+00:00] I (604) RouteLoom: Wi-Fi init heap: free=168028 largest=151552 bytes
[2026-09-29T05:42:22.378+00:00] I (608) pp: pp rom version: 5b8dcfa
[2026-09-29T05:42:22.478+00:00] I (611) net80211: net80211 rom version: 5b8dcfa
[2026-09-29T05:42:22.478+00:00] I (616) wifi:wifi driver task: 4087f494, prio:23, stack:6656, core=0
[2026-09-29T05:42:22.478+00:00] I (622) wifi:wifi firmware version: da143fa
[2026-09-29T05:42:22.478+00:00] I (625) wifi:wifi certification version: v7.0
[2026-09-29T05:42:22.478+00:00] I (629) wifi:config NVS flash: disabled
[2026-09-29T05:42:22.478+00:00] I (632) wifi:config nano formatting: disabled
[2026-09-29T05:42:22.478+00:00] I (637) wifi:mac_version:HAL_MAC_ESP32AX_761,ut_version:N, band mode:0x1
[2026-09-29T05:42:22.478+00:00] I (643) wifi:Init data frame dynamic rx buffer num: 8
[2026-09-29T05:42:22.478+00:00] I (648) wifi:Init static rx mgmt buffer num: 2
[2026-09-29T05:42:22.478+00:00] I (652) wifi:Init management short buffer num: 8
[2026-09-29T05:42:22.478+00:00] I (656) wifi:Init dynamic tx buffer num: 8
[2026-09-29T05:42:22.478+00:00] I (660) wifi:Init static tx FG buffer num: 2
[2026-09-29T05:42:22.478+00:00] I (664) wifi:Init static rx buffer size: 1700 (rxctrl:92, csi:512)
[2026-09-29T05:42:22.478+00:00] I (670) wifi:Init static rx buffer num: 4
[2026-09-29T05:42:22.478+00:00] I (674) wifi:Init dynamic rx buffer num: 8
[2026-09-29T05:42:22.478+00:00] I (678) wifi_init: accept mbox: 6
[2026-09-29T05:42:22.478+00:00] I (681) wifi_init: tcpip mbox: 32
[2026-09-29T05:42:22.478+00:00] I (684) wifi_init: udp mbox: 6
[2026-09-29T05:42:22.478+00:00] I (686) wifi_init: tcp mbox: 6
[2026-09-29T05:42:22.478+00:00] I (689) wifi_init: tcp tx win: 5760
[2026-09-29T05:42:22.478+00:00] I (692) wifi_init: tcp rx win: 5760
[2026-09-29T05:42:22.478+00:00] I (696) wifi_init: tcp mss: 1440
[2026-09-29T05:42:22.478+00:00] I (699) wifi_init: WiFi IRAM OP enabled
[2026-09-29T05:42:22.478+00:00] I (702) wifi_init: WiFi RX IRAM OP enabled
[2026-09-29T05:42:22.478+00:00] I (706) wifi_init: WiFi SLP IRAM OP enabled
[2026-09-29T05:42:22.578+00:00] I (710) RouteLoom: Wi-Fi initialized heap: free=142308 largest=126976 min=142280 bytes
[2026-09-29T05:42:22.578+00:00] I (718) wifi:(2.4G)set country: cc=JP  schan=1 nchan=13 policy=1
[2026-09-29T05:42:22.578+00:00] I (723) wifi:ifx:0, phymode(new:3, sta nvs: 7 ap nvs: 3)
[2026-09-29T05:42:22.678+00:00] I (729) phy_init: phy_version 345,552b044,Jul 14 2026,10:37:00
[2026-09-29T05:42:22.678+00:00] I (830) wifi:11ax coex: WDEVAX_PTI0(0x55777555), WDEVAX_PTI1(0x00003377).
[2026-09-29T05:42:22.678+00:00] 
[2026-09-29T05:42:22.678+00:00] I (831) wifi:mode : sta (10:bd:a3:b1:48:a8)
[2026-09-29T05:42:22.678+00:00] I (831) wifi:enable tsf
[2026-09-29T05:42:22.678+00:00] I (834) RouteLoom: Wi-Fi started heap: free=140120 largest=122880 min=139856 bytes
[2026-09-29T05:42:22.678+00:00] I (840) ESPNOW: espnow [version: 2.0] init
[2026-09-29T05:42:22.678+00:00] I (843) RouteLoom: ESP-NOW ready heap: free=139904 largest=122880 min=139856 bytes
[2026-09-29T05:42:22.678+00:00] I (855) RouteLoomRef: dev adopted (node 0x2, boot 18)
[2026-09-29T05:42:22.678+00:00] I (856) RouteLoomRef: security owner started; node start deferred to membership
[2026-09-29T05:42:22.678+00:00] W (863) RouteLoomRef: diagnostic reason=SECURITY_PROFILE_EXPERIMENTAL peer=0 message=none
[2026-09-29T05:42:22.678+00:00] W (870) RouteLoomRef: diagnostic reason=ROUTE_REFRESH_BOUND_EXCEEDED peer=0 message=none
[2026-09-29T05:42:22.678+00:00] I (881) RouteLoomRef: member discovery started
[2026-09-29T05:42:22.942+00:00] !! send C9-0 -> failed HOP_ACCEPT_TIMEOUT 678.75 ms
[2026-09-29T05:42:23.379+00:00] I (1608) RouteLoomRef: discovery event=BOUND peer=3
[2026-09-29T05:42:23.379+00:00] W (1608) RouteLoomRef: diagnostic reason=BOUND peer=3 message=none
[2026-09-29T05:42:24.945+00:00] !! send C9-1 admitted request=95
[2026-09-29T05:42:25.364+00:00] !! send C9-1 -> failed HOP_ACCEPT_TIMEOUT 418.78 ms
[2026-09-29T05:42:25.483+00:00] I (3635) RouteLoomRef: discovery event=REACHABLE peer=3
[2026-09-29T05:42:25.483+00:00] W (3636) RouteLoomRef: diagnostic reason=REACHABLE peer=3 message=none
[2026-09-29T05:42:27.366+00:00] !! send C9-2 admitted request=96
[2026-09-29T05:42:27.784+00:00] !! send C9-2 -> failed HOP_ACCEPT_TIMEOUT 417.6 ms
[2026-09-29T05:42:29.786+00:00] !! send C9-3 admitted request=97
[2026-09-29T05:42:30.205+00:00] !! send C9-3 -> failed HOP_ACCEPT_TIMEOUT 419.22 ms
[2026-09-29T05:42:32.208+00:00] !! send C9-4 admitted request=98
[2026-09-29T05:42:32.575+00:00] !! send C9-4 -> failed HOP_ACCEPT_TIMEOUT 367.31 ms
[2026-09-29T05:42:34.577+00:00] !! send C9-5 admitted request=99
[2026-09-29T05:42:39.590+00:00] !! send C9-5 -> expired DEADLINE_EXPIRED 5012.82 ms
[2026-09-29T05:42:41.592+00:00] !! send C9-6 admitted request=100
[2026-09-29T05:42:46.601+00:00] !! send C9-6 -> expired DEADLINE_EXPIRED 5009.33 ms
[2026-09-29T05:42:48.603+00:00] !! send C9-7 admitted request=101
[2026-09-29T05:42:53.542+00:00] I (31732) RouteLoomRef: discovery event=BOUND peer=1
[2026-09-29T05:42:53.542+00:00] W (31732) RouteLoomRef: diagnostic reason=BOUND peer=1 message=none
[2026-09-29T05:42:53.542+00:00] I (31756) RouteLoomRef: discovery event=REACHABLE peer=1
[2026-09-29T05:42:53.542+00:00] W (31756) RouteLoomRef: diagnostic reason=REACHABLE peer=1 message=none
[2026-09-29T05:42:53.661+00:00] !! send C9-7 -> expired DEADLINE_EXPIRED 5057.23 ms
[2026-09-29T05:42:55.663+00:00] !! send C9-8 admitted request=102
[2026-09-29T05:42:55.769+00:00] !! send C9-8 -> delivered END_RECEIVED 105.5 ms
[2026-09-29T05:42:57.771+00:00] !! send C9-9 admitted request=103
[2026-09-29T05:42:57.877+00:00] !! send C9-9 -> delivered END_RECEIVED 106.4 ms
[2026-09-29T05:42:59.880+00:00] !! cycle 9 delivered 2/10 recovery_s=33.402
[2026-09-29T05:43:01.880+00:00] !! run finished
