[2026-09-26T18:33:14.469Z] !! capture open /dev/serial/by-id/usb-Espressif_USB_JTAG_serial_debug_unit_94:A9:90:7A:26:AC-if00 @ 115200 backend=pyserial dtr=1 rts=0
[2026-09-26T18:33:14.592Z] W (11310) RouteLoomRef: diagnostic reason=BOOTSTRAP_TRANSIT_ROLE peer=2 message=present
[2026-09-26T18:33:14.690Z] W (11408) RouteLoomRef: diagnostic reason=BOOTSTRAP_TRANSIT_ROLE peer=2 message=present
[2026-09-26T18:33:15.092Z] W (11810) RouteLoomRef: diagnostic reason=BOOTSTRAP_TRANSIT_ROLE peer=2 message=present
[2026-09-26T18:33:15.174Z] W (11892) RouteLoomRef: diagnostic reason=BOOTSTRAP_TRANSIT_ROLE peer=2 message=present
[2026-09-26T18:33:15.592Z] W (12310) RouteLoomRef: diagnostic reason=BOOTSTRAP_TRANSIT_ROLE peer=2 message=present
[2026-09-26T18:33:15.686Z] W (12404) RouteLoomRef: diagnostic reason=BOOTSTRAP_TRANSIT_ROLE peer=2 message=present
[2026-09-26T18:33:16.094Z] W (12812) RouteLoomRef: diagnostic reason=BOOTSTRAP_TRANSIT_ROLE peer=2 message=present
[2026-09-26T18:33:16.188Z] W (12906) RouteLoomRef: diagnostic reason=BOOTSTRAP_TRANSIT_ROLE peer=2 message=present
[2026-09-26T18:33:16.726Z] W (13444) RouteLoomRef: diagnostic reason=BOOTSTRAP_TRANSIT_ROLE peer=2 message=present
[2026-09-26T18:33:16.807Z] W (13524) RouteLoomRef: diagnostic reason=BOOTSTRAP_TRANSIT_ROLE peer=2 message=present
[2026-09-26T18:33:16.995Z] W (13713) RouteLoomRef: diagnostic reason=BOOTSTRAP_TRANSIT_ROLE peer=2 message=present
[2026-09-26T18:33:17.085Z] W (13803) RouteLoomRef: diagnostic reason=BOOTSTRAP_TRANSIT_ROLE peer=2 message=present
[2026-09-26T18:33:17.395Z] W (14113) RouteLoomRef: diagnostic reason=BOOTSTRAP_TRANSIT_ROLE peer=2 message=present
[2026-09-26T18:33:17.489Z] W (14207) RouteLoomRef: diagnostic reason=BOOTSTRAP_TRANSIT_ROLE peer=2 message=present
[2026-09-26T18:33:17.796Z] W (14513) RouteLoomRef: diagnostic reason=BOOTSTRAP_TRANSIT_ROLE peer=2 message=present
[2026-09-26T18:33:17.884Z] W (14602) RouteLoomRef: diagnostic reason=BOOTSTRAP_TRANSIT_ROLE peer=2 message=present
[2026-09-26T18:33:18.209Z] W (14927) RouteLoomRef: diagnostic reason=BOOTSTRAP_TRANSIT_ROLE peer=2 message=present
[2026-09-26T18:33:18.299Z] W (15017) RouteLoomRef: diagnostic reason=BOOTSTRAP_TRANSIT_ROLE peer=2 message=present
[2026-09-26T18:33:18.637Z] I (15355) RouteLoomRef: member state=4 links=2 ends=1 authority=1/1 confirm=1 demux_drop=0
[2026-09-26T18:33:18.638Z] I (15356) RouteLoomRef: member handshake starts=2 requests=1 rejected=0 send_fail=0 established=2 failed=0 last_error=0 active=0
[2026-09-26T18:33:18.638Z] I (15356) RouteLoomRef: member end send_fail=0 established=1 failed=0 last_error=0
[2026-09-26T18:33:18.638Z] I (15356) RouteLoomRef: authority state=2 tx_sent=8 tx_failed=0 rx_accepted=4 rx_rejected=0 pull=0 busy=0 backoff_s=0
[2026-09-26T18:33:18.640Z] I (15357) RouteLoomRef: authority mesh tx_carrier=8 queued=8 shed=575 rx_carrier=4 denied=0 timeout=0
[2026-09-26T18:33:18.640Z] I (15357) RouteLoomRef: authority jobs accepted=11 failed=0 last=
[2026-09-26T18:33:18.640Z] I (15357) RouteLoomRef: member discovery rx=1 offer_tx=1 offer_rx=2 auth=2 kind_reject=0 capacity=0 send_fail=1
[2026-09-26T18:33:18.640Z] I (15358) RouteLoomRef: member scope raw=3 accepted=2 mac_reject=0 hint=0 generation=0 key_unavailable=0 budget=0
[2026-09-26T18:33:18.707Z] W (15425) RouteLoomRef: diagnostic reason=BOOTSTRAP_TRANSIT_ROLE peer=2 message=present
[2026-09-26T18:33:18.806Z] W (15523) RouteLoomRef: diagnostic reason=BOOTSTRAP_TRANSIT_ROLE peer=2 message=present
[2026-09-26T18:33:19.210Z] W (15928) RouteLoomRef: diagnostic reason=BOOTSTRAP_TRANSIT_ROLE peer=2 message=present
[2026-09-26T18:33:19.298Z] W (16016) RouteLoomRef: diagnostic reason=BOOTSTRAP_TRANSIT_ROLE peer=2 message=present
[2026-09-26T18:33:19.715Z] W (16433) RouteLoomRef: diagnostic reason=BOOTSTRAP_TRANSIT_ROLE peer=2 message=present
[2026-09-26T18:33:19.809Z] W (16527) RouteLoomRef: diagnostic reason=BOOTSTRAP_TRANSIT_ROLE peer=2 message=present
[2026-09-26T18:33:20.344Z] W (17062) RouteLoomRef: diagnostic reason=BOOTSTRAP_TRANSIT_ROLE peer=2 message=present
[2026-09-26T18:33:20.445Z] W (17162) RouteLoomRef: diagnostic reason=BOOTSTRAP_TRANSIT_ROLE peer=2 message=present
[2026-09-26T18:33:20.615Z] W (17333) RouteLoomRef: diagnostic reason=BOOTSTRAP_TRANSIT_ROLE peer=2 message=present
[2026-09-26T18:33:20.701Z] W (17419) RouteLoomRef: diagnostic reason=BOOTSTRAP_TRANSIT_ROLE peer=2 message=present
[2026-09-26T18:33:21.019Z] W (17737) RouteLoomRef: diagnostic reason=BOOTSTRAP_TRANSIT_ROLE peer=2 message=present
[2026-09-26T18:33:21.111Z] W (17829) RouteLoomRef: diagnostic reason=BOOTSTRAP_TRANSIT_ROLE peer=2 message=present
[2026-09-26T18:33:21.423Z] W (18141) RouteLoomRef: diagnostic reason=BOOTSTRAP_TRANSIT_ROLE peer=2 message=present
[2026-09-26T18:33:21.521Z] W (18239) RouteLoomRef: diagnostic reason=BOOTSTRAP_TRANSIT_ROLE peer=2 message=present
[2026-09-26T18:33:23.638Z] I (20355) RouteLoomRef: member state=4 links=2 ends=1 authority=1/1 confirm=1 demux_drop=0
[2026-09-26T18:33:23.638Z] I (20356) RouteLoomRef: member handshake starts=2 requests=1 rejected=0 send_fail=0 established=2 failed=0 last_error=0 active=0
[2026-09-26T18:33:23.638Z] I (20356) RouteLoomRef: member end send_fail=0 established=1 failed=0 last_error=0
[2026-09-26T18:33:23.638Z] I (20356) RouteLoomRef: authority state=2 tx_sent=8 tx_failed=0 rx_accepted=4 rx_rejected=0 pull=0 busy=0 backoff_s=0
[2026-09-26T18:33:23.639Z] I (20357) RouteLoomRef: authority mesh tx_carrier=8 queued=8 shed=575 rx_carrier=4 denied=0 timeout=0
[2026-09-26T18:33:23.639Z] I (20357) RouteLoomRef: authority jobs accepted=11 failed=0 last=
[2026-09-26T18:33:23.640Z] I (20357) RouteLoomRef: member discovery rx=1 offer_tx=1 offer_rx=2 auth=2 kind_reject=0 capacity=0 send_fail=1
[2026-09-26T18:33:23.640Z] I (20358) RouteLoomRef: member scope raw=3 accepted=2 mac_reject=0 hint=0 generation=0 key_unavailable=0 budget=0
[2026-09-26T18:33:25.095Z] I (21813) RouteLoomRef: RLD1 rx kind=1 ch=6 generation=0 src=94:a9:90:6a:ee:c4 dest=ff:ff:ff:ff:ff:ff
[2026-09-26T18:33:26.975Z] W (23693) RouteLoomRef: diagnostic reason=BOOTSTRAP_TRANSIT_ROLE peer=2 message=present
[2026-09-26T18:33:27.059Z] W (23777) RouteLoomRef: diagnostic reason=BOOTSTRAP_TRANSIT_ROLE peer=2 message=present
[2026-09-26T18:33:27.471Z] W (24189) RouteLoomRef: diagnostic reason=BOOTSTRAP_TRANSIT_ROLE peer=2 message=present
[2026-09-26T18:33:27.561Z] W (24279) RouteLoomRef: diagnostic reason=BOOTSTRAP_TRANSIT_ROLE peer=2 message=present
[2026-09-26T18:33:27.971Z] W (24689) RouteLoomRef: diagnostic reason=BOOTSTRAP_TRANSIT_ROLE peer=2 message=present
[2026-09-26T18:33:28.073Z] W (24791) RouteLoomRef: diagnostic reason=BOOTSTRAP_TRANSIT_ROLE peer=2 message=present
[2026-09-26T18:33:28.472Z] W (25190) RouteLoomRef: diagnostic reason=BOOTSTRAP_TRANSIT_ROLE peer=2 message=present
[2026-09-26T18:33:28.557Z] W (25274) RouteLoomRef: diagnostic reason=BOOTSTRAP_TRANSIT_ROLE peer=2 message=present
[2026-09-26T18:33:28.641Z] I (25358) RouteLoomRef: member state=4 links=2 ends=1 authority=1/1 confirm=1 demux_drop=0
[2026-09-26T18:33:28.641Z] I (25359) RouteLoomRef: member handshake starts=3 requests=1 rejected=0 send_fail=0 established=2 failed=0 last_error=0 active=0
[2026-09-26T18:33:28.641Z] I (25359) RouteLoomRef: member end send_fail=0 established=1 failed=0 last_error=0
[2026-09-26T18:33:28.644Z] I (25359) RouteLoomRef: authority state=2 tx_sent=8 tx_failed=0 rx_accepted=4 rx_rejected=0 pull=0 busy=0 backoff_s=0
[2026-09-26T18:33:28.644Z] I (25360) RouteLoomRef: authority mesh tx_carrier=8 queued=8 shed=575 rx_carrier=4 denied=0 timeout=0
[2026-09-26T18:33:28.644Z] I (25360) RouteLoomRef: authority jobs accepted=11 failed=0 last=
[2026-09-26T18:33:28.644Z] I (25360) RouteLoomRef: member discovery rx=2 offer_tx=2 offer_rx=2 auth=2 kind_reject=0 capacity=0 send_fail=1
[2026-09-26T18:33:28.644Z] I (25361) RouteLoomRef: member scope raw=4 accepted=3 mac_reject=0 hint=0 generation=0 key_unavailable=0 budget=0
[2026-09-26T18:33:29.106Z] W (25824) RouteLoomRef: diagnostic reason=BOOTSTRAP_TRANSIT_ROLE peer=2 message=present
[2026-09-26T18:33:29.200Z] W (25917) RouteLoomRef: diagnostic reason=BOOTSTRAP_TRANSIT_ROLE peer=2 message=present
[2026-09-26T18:33:29.386Z] W (26104) RouteLoomRef: diagnostic reason=BOOTSTRAP_TRANSIT_ROLE peer=2 message=present
[2026-09-26T18:33:29.487Z] W (26205) RouteLoomRef: diagnostic reason=BOOTSTRAP_TRANSIT_ROLE peer=2 message=present
[2026-09-26T18:33:29.777Z] W (26495) RouteLoomRef: diagnostic reason=BOOTSTRAP_TRANSIT_ROLE peer=2 message=present
[2026-09-26T18:33:29.866Z] W (26584) RouteLoomRef: diagnostic reason=BOOTSTRAP_TRANSIT_ROLE peer=2 message=present
[2026-09-26T18:33:30.519Z] W (27237) RouteLoomRef: diagnostic reason=BOOTSTRAP_TRANSIT_ROLE peer=2 message=present
[2026-09-26T18:33:30.521Z] W (27239) RouteLoomRef: diagnostic reason=BOOTSTRAP_TRANSIT_ROLE peer=2 message=present
[2026-09-26T18:33:30.529Z] W (27247) RouteLoomRef: diagnostic reason=ROUTED_DEDUP_CONFLICT peer=1 message=present
[2026-09-26T18:33:30.532Z] W (27250) RouteLoomRef: diagnostic reason=ROUTED_DEDUP_CONFLICT peer=1 message=present
[2026-09-26T18:33:30.598Z] W (27315) RouteLoomRef: diagnostic reason=BOOTSTRAP_TRANSIT_ROLE peer=2 message=present
[2026-09-26T18:33:30.705Z] W (27422) RouteLoomRef: diagnostic reason=BOOTSTRAP_TRANSIT_ROLE peer=2 message=present
[2026-09-26T18:33:31.092Z] W (27810) RouteLoomRef: diagnostic reason=BOOTSTRAP_TRANSIT_ROLE peer=2 message=present
[2026-09-26T18:33:31.176Z] W (27894) RouteLoomRef: diagnostic reason=BOOTSTRAP_TRANSIT_ROLE peer=2 message=present
[2026-09-26T18:33:31.593Z] W (28311) RouteLoomRef: diagnostic reason=BOOTSTRAP_TRANSIT_ROLE peer=2 message=present
[2026-09-26T18:33:31.686Z] W (28403) RouteLoomRef: diagnostic reason=BOOTSTRAP_TRANSIT_ROLE peer=2 message=present
[2026-09-26T18:33:32.096Z] W (28814) RouteLoomRef: diagnostic reason=BOOTSTRAP_TRANSIT_ROLE peer=2 message=present
[2026-09-26T18:33:32.190Z] W (28908) RouteLoomRef: diagnostic reason=BOOTSTRAP_TRANSIT_ROLE peer=2 message=present
[2026-09-26T18:33:32.732Z] W (29450) RouteLoomRef: diagnostic reason=BOOTSTRAP_TRANSIT_ROLE peer=2 message=present
[2026-09-26T18:33:32.816Z] W (29534) RouteLoomRef: diagnostic reason=BOOTSTRAP_TRANSIT_ROLE peer=2 message=present
[2026-09-26T18:33:33.000Z] W (29718) RouteLoomRef: diagnostic reason=BOOTSTRAP_TRANSIT_ROLE peer=2 message=present
[2026-09-26T18:33:33.090Z] W (29808) RouteLoomRef: diagnostic reason=BOOTSTRAP_TRANSIT_ROLE peer=2 message=present
[2026-09-26T18:33:33.400Z] W (30118) RouteLoomRef: diagnostic reason=BOOTSTRAP_TRANSIT_ROLE peer=2 message=present
[2026-09-26T18:33:33.494Z] W (30212) RouteLoomRef: diagnostic reason=BOOTSTRAP_TRANSIT_ROLE peer=2 message=present
[2026-09-26T18:33:33.641Z] I (30359) RouteLoomRef: member state=4 links=2 ends=1 authority=1/1 confirm=1 demux_drop=0
[2026-09-26T18:33:33.645Z] I (30360) RouteLoomRef: member handshake starts=3 requests=1 rejected=0 send_fail=0 established=2 failed=0 last_error=0 active=0
[2026-09-26T18:33:33.645Z] I (30360) RouteLoomRef: member end send_fail=0 established=1 failed=0 last_error=0
[2026-09-26T18:33:33.645Z] I (30360) RouteLoomRef: authority state=2 tx_sent=9 tx_failed=0 rx_accepted=5 rx_rejected=0 pull=0 busy=0 backoff_s=0
[2026-09-26T18:33:33.645Z] I (30361) RouteLoomRef: authority mesh tx_carrier=9 queued=9 shed=575 rx_carrier=4 denied=0 timeout=0
[2026-09-26T18:33:33.645Z] I (30361) RouteLoomRef: authority jobs accepted=20 failed=0 last=
[2026-09-26T18:33:33.645Z] I (30361) RouteLoomRef: member discovery rx=2 offer_tx=2 offer_rx=2 auth=2 kind_reject=0 capacity=0 send_fail=1
[2026-09-26T18:33:33.645Z] I (30362) RouteLoomRef: member scope raw=4 accepted=3 mac_reject=0 hint=0 generation=0 key_unavailable=0 budget=0
[2026-09-26T18:33:33.800Z] W (30517) RouteLoomRef: diagnostic reason=BOOTSTRAP_TRANSIT_ROLE peer=2 message=present
[2026-09-26T18:33:33.881Z] W (30598) RouteLoomRef: diagnostic reason=BOOTSTRAP_TRANSIT_ROLE peer=2 message=present
[2026-09-26T18:33:38.642Z] I (35360) RouteLoomRef: member state=4 links=2 ends=1 authority=1/1 confirm=1 demux_drop=0
[2026-09-26T18:33:38.643Z] I (35361) RouteLoomRef: member handshake starts=3 requests=1 rejected=0 send_fail=0 established=2 failed=0 last_error=0 active=0
[2026-09-26T18:33:38.643Z] I (35361) RouteLoomRef: member end send_fail=0 established=1 failed=0 last_error=0
[2026-09-26T18:33:38.643Z] I (35361) RouteLoomRef: authority state=2 tx_sent=9 tx_failed=0 rx_accepted=5 rx_rejected=0 pull=0 busy=0 backoff_s=0
[2026-09-26T18:33:38.644Z] I (35362) RouteLoomRef: authority mesh tx_carrier=9 queued=9 shed=575 rx_carrier=4 denied=0 timeout=0
[2026-09-26T18:33:38.644Z] I (35362) RouteLoomRef: authority jobs accepted=20 failed=0 last=
[2026-09-26T18:33:38.644Z] I (35362) RouteLoomRef: member discovery rx=2 offer_tx=2 offer_rx=2 auth=2 kind_reject=0 capacity=0 send_fail=1
[2026-09-26T18:33:38.645Z] I (35363) RouteLoomRef: member scope raw=4 accepted=3 mac_reject=0 hint=0 generation=0 key_unavailable=0 budget=0
[2026-09-26T18:33:39.988Z] W (36706) RouteLoomRef: diagnostic reason=BOOTSTRAP_TRANSIT_ROLE peer=2 message=present
[2026-09-26T18:33:40.084Z] W (36802) RouteLoomRef: diagnostic reason=BOOTSTRAP_TRANSIT_ROLE peer=2 message=present
[2026-09-26T18:33:40.492Z] W (37210) RouteLoomRef: diagnostic reason=BOOTSTRAP_TRANSIT_ROLE peer=2 message=present
[2026-09-26T18:33:40.590Z] W (37308) RouteLoomRef: diagnostic reason=BOOTSTRAP_TRANSIT_ROLE peer=2 message=present
[2026-09-26T18:33:40.989Z] W (37707) RouteLoomRef: diagnostic reason=BOOTSTRAP_TRANSIT_ROLE peer=2 message=present
[2026-09-26T18:33:41.075Z] W (37793) RouteLoomRef: diagnostic reason=BOOTSTRAP_TRANSIT_ROLE peer=2 message=present
[2026-09-26T18:33:41.497Z] W (38215) RouteLoomRef: diagnostic reason=BOOTSTRAP_TRANSIT_ROLE peer=2 message=present
[2026-09-26T18:33:41.591Z] W (38309) RouteLoomRef: diagnostic reason=BOOTSTRAP_TRANSIT_ROLE peer=2 message=present
[2026-09-26T18:33:42.121Z] W (38839) RouteLoomRef: diagnostic reason=BOOTSTRAP_TRANSIT_ROLE peer=2 message=present
[2026-09-26T18:33:42.223Z] W (38940) RouteLoomRef: diagnostic reason=BOOTSTRAP_TRANSIT_ROLE peer=2 message=present
[2026-09-26T18:33:42.391Z] W (39109) RouteLoomRef: diagnostic reason=BOOTSTRAP_TRANSIT_ROLE peer=2 message=present
[2026-09-26T18:33:42.477Z] W (39195) RouteLoomRef: diagnostic reason=BOOTSTRAP_TRANSIT_ROLE peer=2 message=present
[2026-09-26T18:33:42.799Z] W (39517) RouteLoomRef: diagnostic reason=BOOTSTRAP_TRANSIT_ROLE peer=2 message=present
[2026-09-26T18:33:42.893Z] W (39611) RouteLoomRef: diagnostic reason=BOOTSTRAP_TRANSIT_ROLE peer=2 message=present
[2026-09-26T18:33:43.199Z] W (39917) RouteLoomRef: diagnostic reason=BOOTSTRAP_TRANSIT_ROLE peer=2 message=present
[2026-09-26T18:33:43.299Z] W (40017) RouteLoomRef: diagnostic reason=BOOTSTRAP_TRANSIT_ROLE peer=2 message=present
[2026-09-26T18:33:43.616Z] W (40334) RouteLoomRef: diagnostic reason=BOOTSTRAP_TRANSIT_ROLE peer=2 message=present
[2026-09-26T18:33:43.643Z] I (40361) RouteLoomRef: member state=4 links=2 ends=1 authority=1/1 confirm=1 demux_drop=0
[2026-09-26T18:33:43.644Z] I (40362) RouteLoomRef: member handshake starts=3 requests=1 rejected=0 send_fail=0 established=2 failed=0 last_error=0 active=0
[2026-09-26T18:33:43.644Z] I (40362) RouteLoomRef: member end send_fail=0 established=1 failed=0 last_error=0
[2026-09-26T18:33:43.644Z] I (40362) RouteLoomRef: authority state=2 tx_sent=9 tx_failed=0 rx_accepted=5 rx_rejected=0 pull=0 busy=0 backoff_s=0
[2026-09-26T18:33:43.645Z] I (40363) RouteLoomRef: authority mesh tx_carrier=9 queued=9 shed=575 rx_carrier=4 denied=0 timeout=0
[2026-09-26T18:33:43.645Z] I (40363) RouteLoomRef: authority jobs accepted=20 failed=0 last=
[2026-09-26T18:33:43.645Z] I (40363) RouteLoomRef: member discovery rx=2 offer_tx=2 offer_rx=2 auth=2 kind_reject=0 capacity=0 send_fail=2
[2026-09-26T18:33:43.646Z] I (40364) RouteLoomRef: member scope raw=4 accepted=3 mac_reject=0 hint=0 generation=0 key_unavailable=0 budget=0
[2026-09-26T18:33:43.701Z] W (40419) RouteLoomRef: diagnostic reason=BOOTSTRAP_TRANSIT_ROLE peer=2 message=present
[2026-09-26T18:33:44.111Z] W (40829) RouteLoomRef: diagnostic reason=BOOTSTRAP_TRANSIT_ROLE peer=2 message=present
[2026-09-26T18:33:44.201Z] W (40919) RouteLoomRef: diagnostic reason=BOOTSTRAP_TRANSIT_ROLE peer=2 message=present
[2026-09-26T18:33:44.613Z] W (41331) RouteLoomRef: diagnostic reason=BOOTSTRAP_TRANSIT_ROLE peer=2 message=present
[2026-09-26T18:33:44.709Z] W (41427) RouteLoomRef: diagnostic reason=BOOTSTRAP_TRANSIT_ROLE peer=2 message=present
[2026-09-26T18:33:45.116Z] W (41833) RouteLoomRef: diagnostic reason=BOOTSTRAP_TRANSIT_ROLE peer=2 message=present
[2026-09-26T18:33:45.198Z] W (41915) RouteLoomRef: diagnostic reason=BOOTSTRAP_TRANSIT_ROLE peer=2 message=present
[2026-09-26T18:33:45.749Z] W (42465) RouteLoomRef: diagnostic reason=BOOTSTRAP_TRANSIT_ROLE peer=2 message=present
[2026-09-26T18:33:45.839Z] W (42557) RouteLoomRef: diagnostic reason=BOOTSTRAP_TRANSIT_ROLE peer=2 message=present
[2026-09-26T18:33:46.015Z] W (42733) RouteLoomRef: diagnostic reason=BOOTSTRAP_TRANSIT_ROLE peer=2 message=present
[2026-09-26T18:33:46.109Z] W (42827) RouteLoomRef: diagnostic reason=BOOTSTRAP_TRANSIT_ROLE peer=2 message=present
[2026-09-26T18:33:46.415Z] W (43133) RouteLoomRef: diagnostic reason=BOOTSTRAP_TRANSIT_ROLE peer=2 message=present
[2026-09-26T18:33:46.498Z] W (43215) RouteLoomRef: diagnostic reason=BOOTSTRAP_TRANSIT_ROLE peer=2 message=present
[2026-09-26T18:33:46.819Z] W (43537) RouteLoomRef: diagnostic reason=BOOTSTRAP_TRANSIT_ROLE peer=2 message=present
[2026-09-26T18:33:46.908Z] W (43625) RouteLoomRef: diagnostic reason=BOOTSTRAP_TRANSIT_ROLE peer=2 message=present
[2026-09-26T18:33:48.645Z] I (45362) RouteLoomRef: member state=4 links=2 ends=1 authority=1/1 confirm=1 demux_drop=0
[2026-09-26T18:33:48.645Z] I (45363) RouteLoomRef: member handshake starts=3 requests=1 rejected=0 send_fail=0 established=2 failed=0 last_error=0 active=0
[2026-09-26T18:33:48.645Z] I (45363) RouteLoomRef: member end send_fail=0 established=1 failed=0 last_error=0
[2026-09-26T18:33:48.646Z] I (45363) RouteLoomRef: authority state=2 tx_sent=9 tx_failed=0 rx_accepted=5 rx_rejected=0 pull=0 busy=0 backoff_s=0
[2026-09-26T18:33:48.646Z] I (45364) RouteLoomRef: authority mesh tx_carrier=9 queued=9 shed=575 rx_carrier=4 denied=0 timeout=0
[2026-09-26T18:33:48.646Z] I (45364) RouteLoomRef: authority jobs accepted=20 failed=0 last=
[2026-09-26T18:33:48.646Z] I (45364) RouteLoomRef: member discovery rx=2 offer_tx=2 offer_rx=2 auth=2 kind_reject=0 capacity=0 send_fail=2
[2026-09-26T18:33:48.647Z] I (45365) RouteLoomRef: member scope raw=4 accepted=3 mac_reject=0 hint=0 generation=0 key_unavailable=0 budget=0
[2026-09-26T18:33:53.647Z] I (50364) RouteLoomRef: member state=4 links=2 ends=1 authority=1/1 confirm=1 demux_drop=0
[2026-09-26T18:33:53.647Z] I (50365) RouteLoomRef: member handshake starts=3 requests=1 rejected=0 send_fail=0 established=2 failed=0 last_error=0 active=0
[2026-09-26T18:33:53.647Z] I (50365) RouteLoomRef: member end send_fail=0 established=1 failed=0 last_error=0
[2026-09-26T18:33:53.648Z] I (50365) RouteLoomRef: authority state=2 tx_sent=9 tx_failed=0 rx_accepted=5 rx_rejected=0 pull=0 busy=0 backoff_s=0
[2026-09-26T18:33:53.648Z] I (50366) RouteLoomRef: authority mesh tx_carrier=9 queued=9 shed=575 rx_carrier=4 denied=0 timeout=0
[2026-09-26T18:33:53.648Z] I (50366) RouteLoomRef: authority jobs accepted=20 failed=0 last=
[2026-09-26T18:33:53.648Z] I (50366) RouteLoomRef: member discovery rx=2 offer_tx=2 offer_rx=2 auth=2 kind_reject=0 capacity=0 send_fail=2
[2026-09-26T18:33:53.649Z] I (50367) RouteLoomRef: member scope raw=4 accepted=3 mac_reject=0 hint=0 generation=0 key_unavailable=0 budget=0
[2026-09-26T18:33:58.649Z] I (55366) RouteLoomRef: member state=4 links=2 ends=1 authority=1/1 confirm=1 demux_drop=0
[2026-09-26T18:33:58.650Z] I (55367) RouteLoomRef: member handshake starts=3 requests=1 rejected=0 send_fail=0 established=2 failed=0 last_error=0 active=0
[2026-09-26T18:33:58.650Z] I (55367) RouteLoomRef: member end send_fail=0 established=1 failed=0 last_error=0
[2026-09-26T18:33:58.650Z] I (55367) RouteLoomRef: authority state=2 tx_sent=9 tx_failed=0 rx_accepted=5 rx_rejected=0 pull=0 busy=0 backoff_s=0
[2026-09-26T18:33:58.650Z] I (55368) RouteLoomRef: authority mesh tx_carrier=9 queued=9 shed=575 rx_carrier=4 denied=0 timeout=0
[2026-09-26T18:33:58.650Z] I (55368) RouteLoomRef: authority jobs accepted=20 failed=0 last=
[2026-09-26T18:33:58.651Z] I (55368) RouteLoomRef: member discovery rx=2 offer_tx=2 offer_rx=2 auth=2 kind_reject=0 capacity=0 send_fail=2
[2026-09-26T18:33:58.651Z] I (55369) RouteLoomRef: member scope raw=4 accepted=3 mac_reject=0 hint=0 generation=0 key_unavailable=0 budget=0
[2026-09-26T18:34:01.046Z] W (57764) RouteLoomRef: diagnostic reason=BOOTSTRAP_TRANSIT_ROLE peer=2 message=present
[2026-09-26T18:34:01.147Z] W (57864) RouteLoomRef: diagnostic reason=BOOTSTRAP_TRANSIT_ROLE peer=2 message=present
[2026-09-26T18:34:01.549Z] W (58267) RouteLoomRef: diagnostic reason=BOOTSTRAP_TRANSIT_ROLE peer=2 message=present
[2026-09-26T18:34:01.635Z] W (58353) RouteLoomRef: diagnostic reason=BOOTSTRAP_TRANSIT_ROLE peer=2 message=present
[2026-09-26T18:34:02.050Z] W (58767) RouteLoomRef: diagnostic reason=BOOTSTRAP_TRANSIT_ROLE peer=2 message=present
[2026-09-26T18:34:02.143Z] W (58860) RouteLoomRef: diagnostic reason=BOOTSTRAP_TRANSIT_ROLE peer=2 message=present
[2026-09-26T18:34:02.551Z] W (59269) RouteLoomRef: diagnostic reason=BOOTSTRAP_TRANSIT_ROLE peer=2 message=present
[2026-09-26T18:34:02.653Z] W (59371) RouteLoomRef: diagnostic reason=BOOTSTRAP_TRANSIT_ROLE peer=2 message=present
[2026-09-26T18:34:03.183Z] W (59901) RouteLoomRef: diagnostic reason=BOOTSTRAP_TRANSIT_ROLE peer=2 message=present
[2026-09-26T18:34:03.267Z] W (59985) RouteLoomRef: diagnostic reason=BOOTSTRAP_TRANSIT_ROLE peer=2 message=present
[2026-09-26T18:34:03.451Z] W (60169) RouteLoomRef: diagnostic reason=BOOTSTRAP_TRANSIT_ROLE peer=2 message=present
[2026-09-26T18:34:03.545Z] W (60263) RouteLoomRef: diagnostic reason=BOOTSTRAP_TRANSIT_ROLE peer=2 message=present
[2026-09-26T18:34:03.634Z] I (60352) RouteLoom: stack hwm main 8392 B
[2026-09-26T18:34:03.635Z] I (60352) RouteLoom: HIL HEAP free=21872 largest=19456 min=20956 B
[2026-09-26T18:34:03.635Z] I (60353) RouteLoom: HIL DISCOVERY candidates=0 neighbors=2 capacity=0 auth=2 stale=0 probes=10 send_failures=2 kind_rejects=0
[2026-09-26T18:34:03.635Z] I (60353) RouteLoom: HIL ROUTE peer=1 phase=5 via=1 metric=1 generation=834 seq=3
[2026-09-26T18:34:03.636Z] I (60353) RouteLoom: HIL ROUTE peer=2 phase=5 via=2 metric=1 generation=1334 seq=1
[2026-09-26T18:34:03.636Z] I (60354) RouteLoom: HIL ROUTE peer=3 phase=-1 via=0 metric=0 generation=0 seq=0
[2026-09-26T18:34:03.651Z] I (60368) RouteLoomRef: member state=4 links=2 ends=1 authority=1/1 confirm=1 demux_drop=0
[2026-09-26T18:34:03.651Z] I (60369) RouteLoomRef: member handshake starts=3 requests=1 rejected=0 send_fail=0 established=2 failed=0 last_error=0 active=0
[2026-09-26T18:34:03.651Z] I (60369) RouteLoomRef: member end send_fail=0 established=1 failed=0 last_error=0
[2026-09-26T18:34:03.652Z] I (60369) RouteLoomRef: authority state=2 tx_sent=9 tx_failed=0 rx_accepted=5 rx_rejected=0 pull=0 busy=0 backoff_s=0
[2026-09-26T18:34:03.652Z] I (60370) RouteLoomRef: authority mesh tx_carrier=9 queued=9 shed=575 rx_carrier=4 denied=0 timeout=0
[2026-09-26T18:34:03.652Z] I (60370) RouteLoomRef: authority jobs accepted=20 failed=0 last=
[2026-09-26T18:34:03.652Z] I (60370) RouteLoomRef: member discovery rx=2 offer_tx=2 offer_rx=2 auth=2 kind_reject=0 capacity=0 send_fail=2
[2026-09-26T18:34:03.653Z] I (60371) RouteLoomRef: member scope raw=4 accepted=3 mac_reject=0 hint=0 generation=0 key_unavailable=0 budget=0
[2026-09-26T18:34:03.856Z] W (60574) RouteLoomRef: diagnostic reason=BOOTSTRAP_TRANSIT_ROLE peer=2 message=present
[2026-09-26T18:34:03.955Z] W (60672) RouteLoomRef: diagnostic reason=BOOTSTRAP_TRANSIT_ROLE peer=2 message=present
[2026-09-26T18:34:04.258Z] W (60975) RouteLoomRef: diagnostic reason=BOOTSTRAP_TRANSIT_ROLE peer=2 message=present
[2026-09-26T18:34:04.343Z] W (61061) RouteLoomRef: diagnostic reason=BOOTSTRAP_TRANSIT_ROLE peer=2 message=present
[2026-09-26T18:34:04.679Z] W (61397) RouteLoomRef: diagnostic reason=BOOTSTRAP_TRANSIT_ROLE peer=2 message=present
[2026-09-26T18:34:04.770Z] W (61487) RouteLoomRef: diagnostic reason=BOOTSTRAP_TRANSIT_ROLE peer=2 message=present
[2026-09-26T18:34:05.175Z] W (61893) RouteLoomRef: diagnostic reason=BOOTSTRAP_TRANSIT_ROLE peer=2 message=present
[2026-09-26T18:34:05.269Z] W (61987) RouteLoomRef: diagnostic reason=BOOTSTRAP_TRANSIT_ROLE peer=2 message=present
[2026-09-26T18:34:05.678Z] W (62395) RouteLoomRef: diagnostic reason=BOOTSTRAP_TRANSIT_ROLE peer=2 message=present
[2026-09-26T18:34:05.758Z] W (62475) RouteLoomRef: diagnostic reason=BOOTSTRAP_TRANSIT_ROLE peer=2 message=present
[2026-09-26T18:34:06.181Z] W (62898) RouteLoomRef: diagnostic reason=BOOTSTRAP_TRANSIT_ROLE peer=2 message=present
[2026-09-26T18:34:06.271Z] W (62988) RouteLoomRef: diagnostic reason=BOOTSTRAP_TRANSIT_ROLE peer=2 message=present
[2026-09-26T18:34:06.807Z] W (63524) RouteLoomRef: diagnostic reason=BOOTSTRAP_TRANSIT_ROLE peer=2 message=present
[2026-09-26T18:34:06.902Z] W (63620) RouteLoomRef: diagnostic reason=BOOTSTRAP_TRANSIT_ROLE peer=2 message=present
[2026-09-26T18:34:07.076Z] W (63794) RouteLoomRef: diagnostic reason=BOOTSTRAP_TRANSIT_ROLE peer=2 message=present
[2026-09-26T18:34:07.159Z] W (63876) RouteLoomRef: diagnostic reason=BOOTSTRAP_TRANSIT_ROLE peer=2 message=present
[2026-09-26T18:34:07.477Z] W (64194) RouteLoomRef: diagnostic reason=BOOTSTRAP_TRANSIT_ROLE peer=2 message=present
[2026-09-26T18:34:07.570Z] W (64287) RouteLoomRef: diagnostic reason=BOOTSTRAP_TRANSIT_ROLE peer=2 message=present
[2026-09-26T18:34:07.878Z] W (64595) RouteLoomRef: diagnostic reason=BOOTSTRAP_TRANSIT_ROLE peer=2 message=present
[2026-09-26T18:34:07.971Z] W (64689) RouteLoomRef: diagnostic reason=BOOTSTRAP_TRANSIT_ROLE peer=2 message=present
[2026-09-26T18:34:08.654Z] I (65371) RouteLoomRef: member state=4 links=2 ends=1 authority=1/1 confirm=1 demux_drop=0
[2026-09-26T18:34:08.654Z] I (65372) RouteLoomRef: member handshake starts=3 requests=1 rejected=0 send_fail=0 established=2 failed=0 last_error=0 active=0
[2026-09-26T18:34:08.655Z] I (65372) RouteLoomRef: member end send_fail=0 established=1 failed=0 last_error=0
[2026-09-26T18:34:08.655Z] I (65372) RouteLoomRef: authority state=2 tx_sent=9 tx_failed=0 rx_accepted=5 rx_rejected=0 pull=0 busy=0 backoff_s=0
[2026-09-26T18:34:08.655Z] I (65373) RouteLoomRef: authority mesh tx_carrier=9 queued=9 shed=575 rx_carrier=4 denied=0 timeout=0
[2026-09-26T18:34:08.655Z] I (65373) RouteLoomRef: authority jobs accepted=20 failed=0 last=
[2026-09-26T18:34:08.656Z] I (65373) RouteLoomRef: member discovery rx=2 offer_tx=2 offer_rx=2 auth=2 kind_reject=0 capacity=0 send_fail=2
[2026-09-26T18:34:08.656Z] I (65373) RouteLoomRef: member scope raw=4 accepted=3 mac_reject=0 hint=0 generation=0 key_unavailable=0 budget=0
[2026-09-26T18:34:13.656Z] I (70373) RouteLoomRef: member state=4 links=2 ends=1 authority=1/1 confirm=1 demux_drop=0
[2026-09-26T18:34:13.656Z] I (70374) RouteLoomRef: member handshake starts=3 requests=1 rejected=0 send_fail=0 established=2 failed=0 last_error=0 active=0
[2026-09-26T18:34:13.656Z] I (70374) RouteLoomRef: member end send_fail=0 established=1 failed=0 last_error=0
[2026-09-26T18:34:13.657Z] I (70374) RouteLoomRef: authority state=2 tx_sent=9 tx_failed=0 rx_accepted=5 rx_rejected=0 pull=0 busy=0 backoff_s=0
[2026-09-26T18:34:13.659Z] I (70375) RouteLoomRef: authority mesh tx_carrier=9 queued=9 shed=575 rx_carrier=4 denied=0 timeout=0
[2026-09-26T18:34:13.659Z] I (70375) RouteLoomRef: authority jobs accepted=20 failed=0 last=
[2026-09-26T18:34:13.659Z] I (70375) RouteLoomRef: member discovery rx=2 offer_tx=2 offer_rx=2 auth=2 kind_reject=0 capacity=0 send_fail=2
[2026-09-26T18:34:13.659Z] I (70375) RouteLoomRef: member scope raw=4 accepted=3 mac_reject=0 hint=0 generation=0 key_unavailable=0 budget=0
[2026-09-26T18:34:18.658Z] I (75375) RouteLoomRef: member state=4 links=2 ends=1 authority=1/1 confirm=1 demux_drop=0
[2026-09-26T18:34:18.658Z] I (75376) RouteLoomRef: member handshake starts=3 requests=1 rejected=0 send_fail=0 established=2 failed=0 last_error=0 active=0
[2026-09-26T18:34:18.658Z] I (75376) RouteLoomRef: member end send_fail=0 established=1 failed=0 last_error=0
[2026-09-26T18:34:18.659Z] I (75376) RouteLoomRef: authority state=2 tx_sent=9 tx_failed=0 rx_accepted=5 rx_rejected=0 pull=0 busy=0 backoff_s=0
[2026-09-26T18:34:18.659Z] I (75377) RouteLoomRef: authority mesh tx_carrier=9 queued=9 shed=575 rx_carrier=4 denied=0 timeout=0
[2026-09-26T18:34:18.659Z] I (75377) RouteLoomRef: authority jobs accepted=20 failed=0 last=
[2026-09-26T18:34:18.660Z] I (75377) RouteLoomRef: member discovery rx=2 offer_tx=2 offer_rx=2 auth=2 kind_reject=0 capacity=0 send_fail=2
[2026-09-26T18:34:18.660Z] I (75377) RouteLoomRef: member scope raw=4 accepted=3 mac_reject=0 hint=0 generation=0 key_unavailable=0 budget=0
[2026-09-26T18:34:23.660Z] I (80377) RouteLoomRef: member state=4 links=2 ends=1 authority=1/1 confirm=1 demux_drop=0
[2026-09-26T18:34:23.660Z] I (80378) RouteLoomRef: member handshake starts=3 requests=1 rejected=0 send_fail=0 established=2 failed=0 last_error=0 active=0
[2026-09-26T18:34:23.661Z] I (80378) RouteLoomRef: member end send_fail=0 established=1 failed=0 last_error=0
[2026-09-26T18:34:23.661Z] I (80378) RouteLoomRef: authority state=2 tx_sent=9 tx_failed=0 rx_accepted=5 rx_rejected=0 pull=0 busy=0 backoff_s=0
[2026-09-26T18:34:23.661Z] I (80379) RouteLoomRef: authority mesh tx_carrier=9 queued=9 shed=575 rx_carrier=4 denied=0 timeout=0
[2026-09-26T18:34:23.661Z] I (80379) RouteLoomRef: authority jobs accepted=20 failed=0 last=
[2026-09-26T18:34:23.662Z] I (80379) RouteLoomRef: member discovery rx=2 offer_tx=2 offer_rx=2 auth=2 kind_reject=0 capacity=0 send_fail=2
[2026-09-26T18:34:23.662Z] I (80379) RouteLoomRef: member scope raw=4 accepted=3 mac_reject=0 hint=0 generation=0 key_unavailable=0 budget=0
[2026-09-26T18:34:28.662Z] I (85379) RouteLoomRef: member state=4 links=2 ends=1 authority=1/1 confirm=1 demux_drop=0
[2026-09-26T18:34:28.662Z] I (85380) RouteLoomRef: member handshake starts=3 requests=1 rejected=0 send_fail=0 established=2 failed=0 last_error=0 active=0
[2026-09-26T18:34:28.663Z] I (85380) RouteLoomRef: member end send_fail=0 established=1 failed=0 last_error=0
[2026-09-26T18:34:28.663Z] I (85380) RouteLoomRef: authority state=2 tx_sent=9 tx_failed=0 rx_accepted=5 rx_rejected=0 pull=0 busy=0 backoff_s=0
[2026-09-26T18:34:28.664Z] I (85381) RouteLoomRef: authority mesh tx_carrier=9 queued=9 shed=575 rx_carrier=4 denied=0 timeout=0
[2026-09-26T18:34:28.664Z] I (85381) RouteLoomRef: authority jobs accepted=20 failed=0 last=
[2026-09-26T18:34:28.664Z] I (85381) RouteLoomRef: member discovery rx=2 offer_tx=2 offer_rx=2 auth=2 kind_reject=0 capacity=0 send_fail=2
[2026-09-26T18:34:28.664Z] I (85381) RouteLoomRef: member scope raw=4 accepted=3 mac_reject=0 hint=0 generation=0 key_unavailable=0 budget=0
[2026-09-26T18:34:29.528Z] W (86245) RouteLoomRef: diagnostic reason=BOOTSTRAP_TRANSIT_ROLE peer=2 message=present
[2026-09-26T18:34:29.613Z] W (86331) RouteLoomRef: diagnostic reason=BOOTSTRAP_TRANSIT_ROLE peer=2 message=present
[2026-09-26T18:34:30.034Z] W (86751) RouteLoomRef: diagnostic reason=BOOTSTRAP_TRANSIT_ROLE peer=2 message=present
[2026-09-26T18:34:30.131Z] W (86848) RouteLoomRef: diagnostic reason=BOOTSTRAP_TRANSIT_ROLE peer=2 message=present
[2026-09-26T18:34:30.534Z] W (87251) RouteLoomRef: diagnostic reason=BOOTSTRAP_TRANSIT_ROLE peer=2 message=present
[2026-09-26T18:34:30.631Z] W (87348) RouteLoomRef: diagnostic reason=BOOTSTRAP_TRANSIT_ROLE peer=2 message=present
[2026-09-26T18:34:31.038Z] W (87755) RouteLoomRef: diagnostic reason=BOOTSTRAP_TRANSIT_ROLE peer=2 message=present
[2026-09-26T18:34:31.121Z] W (87838) RouteLoomRef: diagnostic reason=BOOTSTRAP_TRANSIT_ROLE peer=2 message=present
[2026-09-26T18:34:31.663Z] W (88380) RouteLoomRef: diagnostic reason=BOOTSTRAP_TRANSIT_ROLE peer=2 message=present
[2026-09-26T18:34:31.755Z] W (88472) RouteLoomRef: diagnostic reason=BOOTSTRAP_TRANSIT_ROLE peer=2 message=present
[2026-09-26T18:34:31.931Z] W (88648) RouteLoomRef: diagnostic reason=BOOTSTRAP_TRANSIT_ROLE peer=2 message=present
[2026-09-26T18:34:32.025Z] W (88742) RouteLoomRef: diagnostic reason=BOOTSTRAP_TRANSIT_ROLE peer=2 message=present
[2026-09-26T18:34:32.332Z] W (89048) RouteLoomRef: diagnostic reason=BOOTSTRAP_TRANSIT_ROLE peer=2 message=present
[2026-09-26T18:34:32.414Z] W (89131) RouteLoomRef: diagnostic reason=BOOTSTRAP_TRANSIT_ROLE peer=2 message=present
[2026-09-26T18:34:32.733Z] W (89450) RouteLoomRef: diagnostic reason=BOOTSTRAP_TRANSIT_ROLE peer=2 message=present
[2026-09-26T18:34:32.825Z] W (89542) RouteLoomRef: diagnostic reason=BOOTSTRAP_TRANSIT_ROLE peer=2 message=present
[2026-09-26T18:34:33.664Z] I (90379) RouteLoomRef: member state=4 links=2 ends=1 authority=1/1 confirm=1 demux_drop=0
[2026-09-26T18:34:33.664Z] I (90380) RouteLoomRef: member handshake starts=3 requests=1 rejected=0 send_fail=0 established=2 failed=0 last_error=0 active=0
[2026-09-26T18:34:33.664Z] I (90380) RouteLoomRef: member end send_fail=0 established=1 failed=0 last_error=0
[2026-09-26T18:34:33.664Z] I (90380) RouteLoomRef: authority state=2 tx_sent=9 tx_failed=0 rx_accepted=5 rx_rejected=0 pull=0 busy=0 backoff_s=0
[2026-09-26T18:34:33.664Z] I (90381) RouteLoomRef: authority mesh tx_carrier=9 queued=9 shed=575 rx_carrier=4 denied=0 timeout=0
[2026-09-26T18:34:33.664Z] I (90381) RouteLoomRef: authority jobs accepted=20 failed=0 last=
[2026-09-26T18:34:33.664Z] I (90381) RouteLoomRef: member discovery rx=2 offer_tx=2 offer_rx=2 auth=2 kind_reject=0 capacity=0 send_fail=2
[2026-09-26T18:34:33.665Z] I (90382) RouteLoomRef: member scope raw=4 accepted=3 mac_reject=0 hint=0 generation=0 key_unavailable=0 budget=0
[2026-09-26T18:34:38.274Z] W (94991) RouteLoomRef: diagnostic reason=BOOTSTRAP_TRANSIT_ROLE peer=2 message=present
[2026-09-26T18:34:38.376Z] W (95093) RouteLoomRef: diagnostic reason=BOOTSTRAP_TRANSIT_ROLE peer=2 message=present
[2026-09-26T18:34:38.664Z] I (95381) RouteLoomRef: member state=4 links=2 ends=1 authority=1/1 confirm=1 demux_drop=0
[2026-09-26T18:34:38.665Z] I (95382) RouteLoomRef: member handshake starts=3 requests=1 rejected=0 send_fail=0 established=2 failed=0 last_error=0 active=0
[2026-09-26T18:34:38.665Z] I (95382) RouteLoomRef: member end send_fail=0 established=1 failed=0 last_error=0
[2026-09-26T18:34:38.665Z] I (95382) RouteLoomRef: authority state=2 tx_sent=9 tx_failed=0 rx_accepted=5 rx_rejected=0 pull=0 busy=0 backoff_s=0
[2026-09-26T18:34:38.665Z] I (95383) RouteLoomRef: authority mesh tx_carrier=9 queued=9 shed=575 rx_carrier=4 denied=0 timeout=0
[2026-09-26T18:34:38.666Z] I (95383) RouteLoomRef: authority jobs accepted=20 failed=0 last=
[2026-09-26T18:34:38.666Z] I (95383) RouteLoomRef: member discovery rx=2 offer_tx=2 offer_rx=2 auth=2 kind_reject=0 capacity=0 send_fail=2
[2026-09-26T18:34:38.666Z] I (95383) RouteLoomRef: member scope raw=4 accepted=3 mac_reject=0 hint=0 generation=0 key_unavailable=0 budget=0
[2026-09-26T18:34:38.778Z] W (95495) RouteLoomRef: diagnostic reason=BOOTSTRAP_TRANSIT_ROLE peer=2 message=present
[2026-09-26T18:34:38.864Z] W (95581) RouteLoomRef: diagnostic reason=BOOTSTRAP_TRANSIT_ROLE peer=2 message=present
[2026-09-26T18:34:39.278Z] W (95995) RouteLoomRef: diagnostic reason=BOOTSTRAP_TRANSIT_ROLE peer=2 message=present
[2026-09-26T18:34:39.370Z] W (96087) RouteLoomRef: diagnostic reason=BOOTSTRAP_TRANSIT_ROLE peer=2 message=present
[2026-09-26T18:34:39.778Z] W (96495) RouteLoomRef: diagnostic reason=BOOTSTRAP_TRANSIT_ROLE peer=2 message=present
[2026-09-26T18:34:39.880Z] W (96597) RouteLoomRef: diagnostic reason=BOOTSTRAP_TRANSIT_ROLE peer=2 message=present
[2026-09-26T18:34:40.410Z] W (97127) RouteLoomRef: diagnostic reason=BOOTSTRAP_TRANSIT_ROLE peer=2 message=present
[2026-09-26T18:34:40.499Z] W (97216) RouteLoomRef: diagnostic reason=BOOTSTRAP_TRANSIT_ROLE peer=2 message=present
[2026-09-26T18:34:40.683Z] W (97400) RouteLoomRef: diagnostic reason=BOOTSTRAP_TRANSIT_ROLE peer=2 message=present
[2026-09-26T18:34:40.774Z] W (97491) RouteLoomRef: diagnostic reason=BOOTSTRAP_TRANSIT_ROLE peer=2 message=present
[2026-09-26T18:34:41.088Z] W (97805) RouteLoomRef: diagnostic reason=BOOTSTRAP_TRANSIT_ROLE peer=2 message=present
[2026-09-26T18:34:41.186Z] W (97903) RouteLoomRef: diagnostic reason=BOOTSTRAP_TRANSIT_ROLE peer=2 message=present
[2026-09-26T18:34:41.499Z] W (98216) RouteLoomRef: diagnostic reason=BOOTSTRAP_TRANSIT_ROLE peer=2 message=present
[2026-09-26T18:34:41.583Z] W (98300) RouteLoomRef: diagnostic reason=BOOTSTRAP_TRANSIT_ROLE peer=2 message=present
[2026-09-26T18:34:41.907Z] W (98624) RouteLoomRef: diagnostic reason=BOOTSTRAP_TRANSIT_ROLE peer=2 message=present
[2026-09-26T18:34:41.997Z] W (98714) RouteLoomRef: diagnostic reason=BOOTSTRAP_TRANSIT_ROLE peer=2 message=present
[2026-09-26T18:34:42.403Z] W (99120) RouteLoomRef: diagnostic reason=BOOTSTRAP_TRANSIT_ROLE peer=2 message=present
[2026-09-26T18:34:42.498Z] W (99215) RouteLoomRef: diagnostic reason=BOOTSTRAP_TRANSIT_ROLE peer=2 message=present
[2026-09-26T18:34:42.908Z] W (99625) RouteLoomRef: diagnostic reason=BOOTSTRAP_TRANSIT_ROLE peer=2 message=present
[2026-09-26T18:34:42.988Z] W (99705) RouteLoomRef: diagnostic reason=BOOTSTRAP_TRANSIT_ROLE peer=2 message=present
[2026-09-26T18:34:43.405Z] W (100121) RouteLoomRef: diagnostic reason=BOOTSTRAP_TRANSIT_ROLE peer=2 message=present
[2026-09-26T18:34:43.495Z] W (100212) RouteLoomRef: diagnostic reason=BOOTSTRAP_TRANSIT_ROLE peer=2 message=present
[2026-09-26T18:34:43.666Z] I (100383) RouteLoomRef: member state=4 links=2 ends=1 authority=1/1 confirm=1 demux_drop=0
[2026-09-26T18:34:43.669Z] I (100384) RouteLoomRef: member handshake starts=3 requests=1 rejected=0 send_fail=0 established=2 failed=0 last_error=0 active=0
[2026-09-26T18:34:43.669Z] I (100384) RouteLoomRef: member end send_fail=0 established=1 failed=0 last_error=0
[2026-09-26T18:34:43.669Z] I (100384) RouteLoomRef: authority state=2 tx_sent=9 tx_failed=0 rx_accepted=5 rx_rejected=0 pull=0 busy=0 backoff_s=0
[2026-09-26T18:34:43.669Z] I (100385) RouteLoomRef: authority mesh tx_carrier=9 queued=9 shed=575 rx_carrier=4 denied=0 timeout=0
[2026-09-26T18:34:43.669Z] I (100385) RouteLoomRef: authority jobs accepted=20 failed=0 last=
[2026-09-26T18:34:43.669Z] I (100385) RouteLoomRef: member discovery rx=2 offer_tx=2 offer_rx=2 auth=2 kind_reject=0 capacity=0 send_fail=2
[2026-09-26T18:34:43.669Z] I (100386) RouteLoomRef: member scope raw=4 accepted=3 mac_reject=0 hint=0 generation=0 key_unavailable=0 budget=0
[2026-09-26T18:34:44.036Z] W (100753) RouteLoomRef: diagnostic reason=BOOTSTRAP_TRANSIT_ROLE peer=2 message=present
[2026-09-26T18:34:44.132Z] W (100849) RouteLoomRef: diagnostic reason=BOOTSTRAP_TRANSIT_ROLE peer=2 message=present
[2026-09-26T18:34:44.305Z] W (101022) RouteLoomRef: diagnostic reason=BOOTSTRAP_TRANSIT_ROLE peer=2 message=present
[2026-09-26T18:34:44.387Z] W (101104) RouteLoomRef: diagnostic reason=BOOTSTRAP_TRANSIT_ROLE peer=2 message=present
[2026-09-26T18:34:44.705Z] W (101423) RouteLoomRef: diagnostic reason=BOOTSTRAP_TRANSIT_ROLE peer=2 message=present
[2026-09-26T18:34:44.796Z] W (101513) RouteLoomRef: diagnostic reason=BOOTSTRAP_TRANSIT_ROLE peer=2 message=present
[2026-09-26T18:34:45.111Z] W (101827) RouteLoomRef: diagnostic reason=BOOTSTRAP_TRANSIT_ROLE peer=2 message=present
[2026-09-26T18:34:45.210Z] W (101923) RouteLoomRef: diagnostic reason=BOOTSTRAP_TRANSIT_ROLE peer=2 message=present
[2026-09-26T18:34:48.667Z] I (105384) RouteLoomRef: member state=4 links=2 ends=1 authority=1/1 confirm=1 demux_drop=0
[2026-09-26T18:34:48.667Z] I (105385) RouteLoomRef: member handshake starts=3 requests=1 rejected=0 send_fail=0 established=2 failed=0 last_error=0 active=0
[2026-09-26T18:34:48.668Z] I (105385) RouteLoomRef: member end send_fail=0 established=1 failed=0 last_error=0
[2026-09-26T18:34:48.668Z] I (105385) RouteLoomRef: authority state=2 tx_sent=9 tx_failed=0 rx_accepted=5 rx_rejected=0 pull=0 busy=0 backoff_s=0
[2026-09-26T18:34:48.670Z] I (105386) RouteLoomRef: authority mesh tx_carrier=9 queued=9 shed=575 rx_carrier=4 denied=0 timeout=0
[2026-09-26T18:34:48.670Z] I (105386) RouteLoomRef: authority jobs accepted=20 failed=0 last=
[2026-09-26T18:34:48.670Z] I (105386) RouteLoomRef: member discovery rx=2 offer_tx=2 offer_rx=2 auth=2 kind_reject=0 capacity=0 send_fail=2
[2026-09-26T18:34:48.670Z] I (105386) RouteLoomRef: member scope raw=4 accepted=3 mac_reject=0 hint=0 generation=0 key_unavailable=0 budget=0
[2026-09-26T18:34:53.669Z] I (110386) RouteLoomRef: member state=4 links=2 ends=1 authority=1/1 confirm=1 demux_drop=0
[2026-09-26T18:34:53.669Z] I (110387) RouteLoomRef: member handshake starts=3 requests=1 rejected=0 send_fail=0 established=2 failed=0 last_error=0 active=0
[2026-09-26T18:34:53.670Z] I (110387) RouteLoomRef: member end send_fail=0 established=1 failed=0 last_error=0
[2026-09-26T18:34:53.670Z] I (110387) RouteLoomRef: authority state=2 tx_sent=9 tx_failed=0 rx_accepted=5 rx_rejected=0 pull=0 busy=0 backoff_s=0
[2026-09-26T18:34:53.671Z] I (110388) RouteLoomRef: authority mesh tx_carrier=9 queued=9 shed=575 rx_carrier=4 denied=0 timeout=0
[2026-09-26T18:34:53.671Z] I (110388) RouteLoomRef: authority jobs accepted=20 failed=0 last=
[2026-09-26T18:34:53.671Z] I (110388) RouteLoomRef: member discovery rx=2 offer_tx=2 offer_rx=2 auth=2 kind_reject=0 capacity=0 send_fail=2
[2026-09-26T18:34:53.671Z] I (110388) RouteLoomRef: member scope raw=4 accepted=3 mac_reject=0 hint=0 generation=0 key_unavailable=0 budget=0
[2026-09-26T18:34:58.671Z] I (115388) RouteLoomRef: member state=4 links=2 ends=1 authority=1/1 confirm=1 demux_drop=0
[2026-09-26T18:34:58.671Z] I (115389) RouteLoomRef: member handshake starts=3 requests=1 rejected=0 send_fail=0 established=2 failed=0 last_error=0 active=0
[2026-09-26T18:34:58.672Z] I (115389) RouteLoomRef: member end send_fail=0 established=1 failed=0 last_error=0
[2026-09-26T18:34:58.672Z] I (115389) RouteLoomRef: authority state=2 tx_sent=9 tx_failed=0 rx_accepted=5 rx_rejected=0 pull=0 busy=0 backoff_s=0
[2026-09-26T18:34:58.672Z] I (115390) RouteLoomRef: authority mesh tx_carrier=9 queued=9 shed=575 rx_carrier=4 denied=0 timeout=0
[2026-09-26T18:34:58.673Z] I (115390) RouteLoomRef: authority jobs accepted=20 failed=0 last=
[2026-09-26T18:34:58.673Z] I (115390) RouteLoomRef: member discovery rx=2 offer_tx=2 offer_rx=2 auth=2 kind_reject=0 capacity=0 send_fail=2
[2026-09-26T18:34:58.673Z] I (115391) RouteLoomRef: member scope raw=4 accepted=3 mac_reject=0 hint=0 generation=0 key_unavailable=0 budget=0
[2026-09-26T18:35:03.635Z] I (120352) RouteLoom: stack hwm main 8392 B
[2026-09-26T18:35:03.635Z] I (120352) RouteLoom: HIL HEAP free=21872 largest=19456 min=20956 B
[2026-09-26T18:35:03.636Z] I (120353) RouteLoom: HIL DISCOVERY candidates=0 neighbors=2 capacity=0 auth=2 stale=0 probes=16 send_failures=2 kind_rejects=0
[2026-09-26T18:35:03.636Z] I (120353) RouteLoom: HIL ROUTE peer=1 phase=5 via=1 metric=1 generation=834 seq=3
[2026-09-26T18:35:03.636Z] I (120353) RouteLoom: HIL ROUTE peer=2 phase=5 via=2 metric=1 generation=1334 seq=1
[2026-09-26T18:35:03.636Z] I (120354) RouteLoom: HIL ROUTE peer=3 phase=-1 via=0 metric=0 generation=0 seq=0
[2026-09-26T18:35:03.672Z] I (120389) RouteLoomRef: member state=4 links=2 ends=1 authority=1/1 confirm=1 demux_drop=0
[2026-09-26T18:35:03.673Z] I (120390) RouteLoomRef: member handshake starts=3 requests=1 rejected=0 send_fail=0 established=2 failed=0 last_error=0 active=0
[2026-09-26T18:35:03.673Z] I (120390) RouteLoomRef: member end send_fail=0 established=1 failed=0 last_error=0
[2026-09-26T18:35:03.673Z] I (120390) RouteLoomRef: authority state=2 tx_sent=9 tx_failed=0 rx_accepted=5 rx_rejected=0 pull=0 busy=0 backoff_s=0
[2026-09-26T18:35:03.674Z] I (120391) RouteLoomRef: authority mesh tx_carrier=9 queued=9 shed=575 rx_carrier=4 denied=0 timeout=0
[2026-09-26T18:35:03.674Z] I (120391) RouteLoomRef: authority jobs accepted=20 failed=0 last=
[2026-09-26T18:35:03.674Z] I (120391) RouteLoomRef: member discovery rx=2 offer_tx=2 offer_rx=2 auth=2 kind_reject=0 capacity=0 send_fail=2
[2026-09-26T18:35:03.674Z] I (120391) RouteLoomRef: member scope raw=4 accepted=3 mac_reject=0 hint=0 generation=0 key_unavailable=0 budget=0
[2026-09-26T18:35:08.677Z] I (125393) RouteLoomRef: member state=4 links=2 ends=1 authority=1/1 confirm=1 demux_drop=0
[2026-09-26T18:35:08.677Z] I (125394) RouteLoomRef: member handshake starts=3 requests=1 rejected=0 send_fail=0 established=2 failed=0 last_error=0 active=0
[2026-09-26T18:35:08.677Z] I (125394) RouteLoomRef: member end send_fail=0 established=1 failed=0 last_error=0
[2026-09-26T18:35:08.678Z] I (125395) RouteLoomRef: authority state=2 tx_sent=9 tx_failed=0 rx_accepted=5 rx_rejected=0 pull=0 busy=0 backoff_s=0
[2026-09-26T18:35:08.678Z] I (125395) RouteLoomRef: authority mesh tx_carrier=9 queued=9 shed=575 rx_carrier=4 denied=0 timeout=0
[2026-09-26T18:35:08.678Z] I (125395) RouteLoomRef: authority jobs accepted=20 failed=0 last=
[2026-09-26T18:35:08.679Z] I (125396) RouteLoomRef: member discovery rx=2 offer_tx=2 offer_rx=2 auth=2 kind_reject=0 capacity=0 send_fail=2
[2026-09-26T18:35:08.679Z] I (125396) RouteLoomRef: member scope raw=4 accepted=3 mac_reject=0 hint=0 generation=0 key_unavailable=0 budget=0
[2026-09-26T18:35:10.483Z] W (127199) RouteLoomRef: diagnostic reason=ROUTE_INFEASIBLE_SEQNO_NEEDED peer=2 message=none
[2026-09-26T18:35:10.871Z] I (127588) RouteLoomRef: RLD1 rx kind=1 ch=6 generation=0 src=94:a9:90:6a:ee:c4 dest=ff:ff:ff:ff:ff:ff
[2026-09-26T18:35:10.956Z] I (127673) RouteLoomRef: discovery event=PROBE_GEN_MISMATCH peer=1
[2026-09-26T18:35:10.957Z] W (127674) RouteLoomRef: diagnostic reason=PROBE_GEN_MISMATCH peer=1 message=none
[2026-09-26T18:35:10.960Z] W (127677) RouteLoomRef: diagnostic reason=SEQNO_REQUEST_SENT dest=1 seq=4 att=1 peer=2 message=none
[2026-09-26T18:35:10.981Z] I (127698) RouteLoomRef: discovery event=REACHABLE peer=1
[2026-09-26T18:35:10.981Z] W (127699) RouteLoomRef: diagnostic reason=REACHABLE peer=1 message=none
[2026-09-26T18:35:11.024Z] W (127740) RouteLoomRef: diagnostic reason=ROUTE_INFEASIBLE_SEQNO_NEEDED peer=2 message=none
[2026-09-26T18:35:12.216Z] W (128932) RouteLoomRef: diagnostic reason=ROUTE_INFEASIBLE_SEQNO_NEEDED peer=2 message=none
[2026-09-26T18:35:12.958Z] W (129675) RouteLoomRef: diagnostic reason=SEQNO_REQUEST_SENT dest=1 seq=4 att=2 peer=2 message=none
[2026-09-26T18:35:13.676Z] I (130393) RouteLoomRef: member state=4 links=2 ends=1 authority=1/1 confirm=1 demux_drop=0
[2026-09-26T18:35:13.677Z] I (130394) RouteLoomRef: member handshake starts=4 requests=1 rejected=0 send_fail=1 established=3 failed=0 last_error=6 active=0
[2026-09-26T18:35:13.677Z] I (130394) RouteLoomRef: member end send_fail=0 established=1 failed=0 last_error=0
[2026-09-26T18:35:13.677Z] I (130394) RouteLoomRef: authority state=2 tx_sent=9 tx_failed=0 rx_accepted=5 rx_rejected=0 pull=0 busy=0 backoff_s=0
[2026-09-26T18:35:13.678Z] I (130395) RouteLoomRef: authority mesh tx_carrier=9 queued=9 shed=575 rx_carrier=4 denied=0 timeout=0
[2026-09-26T18:35:13.678Z] I (130395) RouteLoomRef: authority jobs accepted=20 failed=0 last=
[2026-09-26T18:35:13.678Z] I (130395) RouteLoomRef: member discovery rx=3 offer_tx=3 offer_rx=2 auth=3 kind_reject=1 capacity=0 send_fail=4
[2026-09-26T18:35:13.678Z] I (130396) RouteLoomRef: member scope raw=5 accepted=4 mac_reject=0 hint=0 generation=0 key_unavailable=0 budget=0
[2026-09-26T18:35:14.431Z] W (131148) RouteLoomRef: diagnostic reason=PEER_RESTARTED_ROUTES_FLUSHED peer=1 message=none
[2026-09-26T18:35:14.443Z] W (131160) RouteLoomRef: diagnostic reason=ROUTE_STALE_GENERATION peer=2 message=none
[2026-09-26T18:35:18.677Z] I (135394) RouteLoomRef: member state=4 links=2 ends=1 authority=1/1 confirm=1 demux_drop=0
[2026-09-26T18:35:18.678Z] I (135395) RouteLoomRef: member handshake starts=4 requests=1 rejected=0 send_fail=1 established=3 failed=0 last_error=6 active=0
[2026-09-26T18:35:18.678Z] I (135395) RouteLoomRef: member end send_fail=0 established=1 failed=0 last_error=0
[2026-09-26T18:35:18.680Z] I (135395) RouteLoomRef: authority state=2 tx_sent=9 tx_failed=0 rx_accepted=5 rx_rejected=0 pull=0 busy=0 backoff_s=0
[2026-09-26T18:35:18.680Z] I (135396) RouteLoomRef: authority mesh tx_carrier=9 queued=9 shed=575 rx_carrier=4 denied=0 timeout=0
[2026-09-26T18:35:18.680Z] I (135396) RouteLoomRef: authority jobs accepted=20 failed=0 last=
[2026-09-26T18:35:18.680Z] I (135396) RouteLoomRef: member discovery rx=3 offer_tx=3 offer_rx=2 auth=3 kind_reject=1 capacity=0 send_fail=4
[2026-09-26T18:35:18.680Z] I (135397) RouteLoomRef: member scope raw=5 accepted=4 mac_reject=0 hint=0 generation=0 key_unavailable=0 budget=0
[2026-09-26T18:35:23.678Z] I (140395) RouteLoomRef: member state=4 links=2 ends=1 authority=1/1 confirm=1 demux_drop=0
[2026-09-26T18:35:23.729Z] I (140396) RouteLoomRef: member handshake starts=4 requests=1 rejected=0 send_fail=1 established=3 failed=0 last_error=6 active=0
[2026-09-26T18:35:23.730Z] I (140396) RouteLoomRef: member end send_fail=0 established=1 failed=0 last_error=0
[2026-09-26T18:35:23.730Z] I (140396) RouteLoomRef: authority state=2 tx_sent=9 tx_failed=0 rx_accepted=5 rx_rejected=0 pull=0 busy=0 backoff_s=0
[2026-09-26T18:35:23.730Z] I (140397) RouteLoomRef: authority mesh tx_carrier=9 queued=9 shed=575 rx_carrier=4 denied=0 timeout=0
[2026-09-26T18:35:23.730Z] I (140397) RouteLoomRef: authority jobs accepted=20 failed=0 last=
[2026-09-26T18:35:23.730Z] I (140397) RouteLoomRef: member discovery rx=3 offer_tx=3 offer_rx=2 auth=3 kind_reject=1 capacity=0 send_fail=4
[2026-09-26T18:35:23.730Z] I (140398) RouteLoomRef: member scope raw=5 accepted=4 mac_reject=0 hint=0 generation=0 key_unavailable=0 budget=0
[2026-09-26T18:35:28.682Z] I (145398) RouteLoomRef: member state=4 links=2 ends=1 authority=1/1 confirm=1 demux_drop=0
[2026-09-26T18:35:28.682Z] I (145399) RouteLoomRef: member handshake starts=4 requests=1 rejected=0 send_fail=1 established=3 failed=0 last_error=6 active=0
[2026-09-26T18:35:28.683Z] I (145399) RouteLoomRef: member end send_fail=0 established=1 failed=0 last_error=0
[2026-09-26T18:35:28.683Z] I (145399) RouteLoomRef: authority state=2 tx_sent=9 tx_failed=0 rx_accepted=5 rx_rejected=0 pull=0 busy=0 backoff_s=0
[2026-09-26T18:35:28.683Z] I (145400) RouteLoomRef: authority mesh tx_carrier=9 queued=9 shed=575 rx_carrier=4 denied=0 timeout=0
[2026-09-26T18:35:28.683Z] I (145400) RouteLoomRef: authority jobs accepted=20 failed=0 last=
[2026-09-26T18:35:28.686Z] I (145400) RouteLoomRef: member discovery rx=3 offer_tx=3 offer_rx=2 auth=3 kind_reject=1 capacity=0 send_fail=4
[2026-09-26T18:35:28.686Z] I (145401) RouteLoomRef: member scope raw=5 accepted=4 mac_reject=0 hint=0 generation=0 key_unavailable=0 budget=0
[2026-09-26T18:35:33.683Z] I (150399) RouteLoomRef: member state=4 links=2 ends=1 authority=1/1 confirm=1 demux_drop=0
[2026-09-26T18:35:33.683Z] I (150400) RouteLoomRef: member handshake starts=4 requests=1 rejected=0 send_fail=1 established=3 failed=0 last_error=6 active=0
[2026-09-26T18:35:33.683Z] I (150400) RouteLoomRef: member end send_fail=0 established=1 failed=0 last_error=0
[2026-09-26T18:35:33.684Z] I (150400) RouteLoomRef: authority state=2 tx_sent=9 tx_failed=0 rx_accepted=5 rx_rejected=0 pull=0 busy=0 backoff_s=0
[2026-09-26T18:35:33.684Z] I (150401) RouteLoomRef: authority mesh tx_carrier=9 queued=9 shed=575 rx_carrier=4 denied=0 timeout=0
[2026-09-26T18:35:33.684Z] I (150401) RouteLoomRef: authority jobs accepted=20 failed=0 last=
[2026-09-26T18:35:33.684Z] I (150401) RouteLoomRef: member discovery rx=3 offer_tx=3 offer_rx=2 auth=3 kind_reject=1 capacity=0 send_fail=4
[2026-09-26T18:35:33.686Z] I (150402) RouteLoomRef: member scope raw=5 accepted=4 mac_reject=0 hint=0 generation=0 key_unavailable=0 budget=0
[2026-09-26T18:35:38.606Z] W (155323) RouteLoomRef: diagnostic reason=BOOTSTRAP_TRANSIT_ROLE peer=1 message=present
[2026-09-26T18:35:38.684Z] I (155400) RouteLoomRef: member state=4 links=2 ends=1 authority=1/1 confirm=1 demux_drop=0
[2026-09-26T18:35:38.685Z] I (155401) RouteLoomRef: member handshake starts=4 requests=1 rejected=0 send_fail=1 established=3 failed=0 last_error=6 active=0
[2026-09-26T18:35:38.685Z] I (155401) RouteLoomRef: member end send_fail=0 established=1 failed=0 last_error=0
[2026-09-26T18:35:38.685Z] I (155401) RouteLoomRef: authority state=2 tx_sent=9 tx_failed=0 rx_accepted=5 rx_rejected=0 pull=0 busy=0 backoff_s=0
[2026-09-26T18:35:38.685Z] I (155402) RouteLoomRef: authority mesh tx_carrier=9 queued=9 shed=575 rx_carrier=4 denied=0 timeout=0
[2026-09-26T18:35:38.685Z] I (155402) RouteLoomRef: authority jobs accepted=20 failed=0 last=
[2026-09-26T18:35:38.687Z] I (155402) RouteLoomRef: member discovery rx=3 offer_tx=3 offer_rx=2 auth=3 kind_reject=1 capacity=0 send_fail=4
[2026-09-26T18:35:38.687Z] I (155403) RouteLoomRef: member scope raw=5 accepted=4 mac_reject=0 hint=0 generation=0 key_unavailable=0 budget=0
[2026-09-26T18:35:38.697Z] W (155414) RouteLoomRef: diagnostic reason=BOOTSTRAP_TRANSIT_ROLE peer=1 message=present
[2026-09-26T18:35:39.105Z] W (155822) RouteLoomRef: diagnostic reason=BOOTSTRAP_TRANSIT_ROLE peer=1 message=present
[2026-09-26T18:35:39.187Z] W (155904) RouteLoomRef: diagnostic reason=BOOTSTRAP_TRANSIT_ROLE peer=1 message=present
[2026-09-26T18:35:39.609Z] W (156326) RouteLoomRef: diagnostic reason=BOOTSTRAP_TRANSIT_ROLE peer=1 message=present
[2026-09-26T18:35:39.697Z] W (156414) RouteLoomRef: diagnostic reason=BOOTSTRAP_TRANSIT_ROLE peer=1 message=present
[2026-09-26T18:35:39.940Z] I (156657) RouteLoomRef: RLD1 rx kind=1 ch=6 generation=0 src=94:a9:90:7a:b5:60 dest=ff:ff:ff:ff:ff:ff
[2026-09-26T18:35:40.111Z] W (156828) RouteLoomRef: diagnostic reason=BOOTSTRAP_TRANSIT_ROLE peer=1 message=present
[2026-09-26T18:35:40.209Z] W (156926) RouteLoomRef: diagnostic reason=BOOTSTRAP_TRANSIT_ROLE peer=1 message=present
[2026-09-26T18:35:40.743Z] W (157460) RouteLoomRef: diagnostic reason=BOOTSTRAP_TRANSIT_ROLE peer=1 message=present
[2026-09-26T18:35:40.771Z] I (157487) RouteLoomRef: RLD1 rx kind=1 ch=6 generation=0 src=94:a9:90:7a:b5:60 dest=ff:ff:ff:ff:ff:ff
[2026-09-26T18:35:40.826Z] W (157543) RouteLoomRef: diagnostic reason=BOOTSTRAP_TRANSIT_ROLE peer=1 message=present
[2026-09-26T18:35:41.010Z] W (157727) RouteLoomRef: diagnostic reason=BOOTSTRAP_TRANSIT_ROLE peer=1 message=present
[2026-09-26T18:35:41.100Z] W (157817) RouteLoomRef: diagnostic reason=BOOTSTRAP_TRANSIT_ROLE peer=1 message=present
[2026-09-26T18:35:41.414Z] W (158131) RouteLoomRef: diagnostic reason=BOOTSTRAP_TRANSIT_ROLE peer=1 message=present
[2026-09-26T18:35:41.509Z] W (158225) RouteLoomRef: diagnostic reason=BOOTSTRAP_TRANSIT_ROLE peer=1 message=present
[2026-09-26T18:35:41.813Z] W (158530) RouteLoomRef: diagnostic reason=BOOTSTRAP_TRANSIT_ROLE peer=1 message=present
[2026-09-26T18:35:41.901Z] W (158618) RouteLoomRef: diagnostic reason=BOOTSTRAP_TRANSIT_ROLE peer=1 message=present
[2026-09-26T18:35:42.234Z] W (158950) RouteLoomRef: diagnostic reason=BOOTSTRAP_TRANSIT_ROLE peer=1 message=present
[2026-09-26T18:35:42.324Z] W (159041) RouteLoomRef: diagnostic reason=BOOTSTRAP_TRANSIT_ROLE peer=1 message=present
[2026-09-26T18:35:42.738Z] W (159455) RouteLoomRef: diagnostic reason=BOOTSTRAP_TRANSIT_ROLE peer=1 message=present
[2026-09-26T18:35:42.832Z] W (159549) RouteLoomRef: diagnostic reason=BOOTSTRAP_TRANSIT_ROLE peer=1 message=present
[2026-09-26T18:35:43.243Z] W (159960) RouteLoomRef: diagnostic reason=BOOTSTRAP_TRANSIT_ROLE peer=1 message=present
[2026-09-26T18:35:43.324Z] W (160040) RouteLoomRef: diagnostic reason=BOOTSTRAP_TRANSIT_ROLE peer=1 message=present
[2026-09-26T18:35:43.687Z] I (160403) RouteLoomRef: member state=4 links=2 ends=1 authority=1/1 confirm=1 demux_drop=0
[2026-09-26T18:35:43.687Z] I (160404) RouteLoomRef: member handshake starts=6 requests=1 rejected=0 send_fail=1 established=3 failed=0 last_error=6 active=0
[2026-09-26T18:35:43.687Z] I (160404) RouteLoomRef: member end send_fail=0 established=1 failed=0 last_error=0
[2026-09-26T18:35:43.688Z] I (160404) RouteLoomRef: authority state=2 tx_sent=9 tx_failed=0 rx_accepted=5 rx_rejected=0 pull=0 busy=0 backoff_s=0
[2026-09-26T18:35:43.688Z] I (160405) RouteLoomRef: authority mesh tx_carrier=9 queued=9 shed=575 rx_carrier=4 denied=0 timeout=0
[2026-09-26T18:35:43.688Z] I (160405) RouteLoomRef: authority jobs accepted=20 failed=0 last=
[2026-09-26T18:35:43.689Z] I (160405) RouteLoomRef: member discovery rx=5 offer_tx=5 offer_rx=2 auth=3 kind_reject=1 capacity=0 send_fail=4
[2026-09-26T18:35:43.689Z] I (160406) RouteLoomRef: member scope raw=7 accepted=6 mac_reject=0 hint=0 generation=0 key_unavailable=0 budget=0
[2026-09-26T18:35:43.749Z] W (160465) RouteLoomRef: diagnostic reason=BOOTSTRAP_TRANSIT_ROLE peer=1 message=present
[2026-09-26T18:35:43.806Z] I (160523) RouteLoomRef: RLD1 rx kind=1 ch=6 generation=0 src=94:a9:90:7a:b5:60 dest=ff:ff:ff:ff:ff:ff
[2026-09-26T18:35:43.842Z] W (160559) RouteLoomRef: diagnostic reason=BOOTSTRAP_TRANSIT_ROLE peer=1 message=present
[2026-09-26T18:35:44.370Z] W (161086) RouteLoomRef: diagnostic reason=BOOTSTRAP_TRANSIT_ROLE peer=1 message=present
[2026-09-26T18:35:44.463Z] W (161179) RouteLoomRef: diagnostic reason=BOOTSTRAP_TRANSIT_ROLE peer=1 message=present
[2026-09-26T18:35:44.639Z] W (161353) RouteLoomRef: diagnostic reason=BOOTSTRAP_TRANSIT_ROLE peer=1 message=present
[2026-09-26T18:35:44.724Z] W (161432) RouteLoomRef: diagnostic reason=BOOTSTRAP_TRANSIT_ROLE peer=1 message=present
[2026-09-26T18:35:44.753Z] I (161470) RouteLoomRef: RLD1 rx kind=1 ch=6 generation=0 src=94:a9:90:7a:b5:60 dest=ff:ff:ff:ff:ff:ff
[2026-09-26T18:35:45.042Z] W (161757) RouteLoomRef: diagnostic reason=BOOTSTRAP_TRANSIT_ROLE peer=1 message=present
[2026-09-26T18:35:45.128Z] W (161845) RouteLoomRef: diagnostic reason=BOOTSTRAP_TRANSIT_ROLE peer=1 message=present
[2026-09-26T18:35:45.440Z] W (162157) RouteLoomRef: diagnostic reason=BOOTSTRAP_TRANSIT_ROLE peer=1 message=present
[2026-09-26T18:35:45.531Z] W (162247) RouteLoomRef: diagnostic reason=BOOTSTRAP_TRANSIT_ROLE peer=1 message=present
[2026-09-26T18:35:47.522Z] W (164238) RouteLoomRef: diagnostic reason=BOOTSTRAP_TRANSIT_ROLE peer=2 message=present
[2026-09-26T18:35:47.608Z] W (164322) RouteLoomRef: diagnostic reason=BOOTSTRAP_TRANSIT_ROLE peer=2 message=present
[2026-09-26T18:35:48.025Z] W (164742) RouteLoomRef: diagnostic reason=BOOTSTRAP_TRANSIT_ROLE peer=2 message=present
[2026-09-26T18:35:48.115Z] W (164832) RouteLoomRef: diagnostic reason=BOOTSTRAP_TRANSIT_ROLE peer=2 message=present
[2026-09-26T18:35:48.530Z] W (165246) RouteLoomRef: diagnostic reason=BOOTSTRAP_TRANSIT_ROLE peer=2 message=present
[2026-09-26T18:35:48.634Z] W (165350) RouteLoomRef: diagnostic reason=BOOTSTRAP_TRANSIT_ROLE peer=2 message=present
[2026-09-26T18:35:48.687Z] I (165403) RouteLoomRef: member state=4 links=2 ends=1 authority=1/1 confirm=1 demux_drop=0
[2026-09-26T18:35:48.687Z] I (165404) RouteLoomRef: member handshake starts=8 requests=1 rejected=0 send_fail=1 established=3 failed=0 last_error=6 active=0
[2026-09-26T18:35:48.688Z] I (165404) RouteLoomRef: member end send_fail=0 established=1 failed=0 last_error=0
[2026-09-26T18:35:48.688Z] I (165404) RouteLoomRef: authority state=2 tx_sent=9 tx_failed=0 rx_accepted=5 rx_rejected=0 pull=0 busy=0 backoff_s=0
[2026-09-26T18:35:48.690Z] I (165405) RouteLoomRef: authority mesh tx_carrier=9 queued=9 shed=575 rx_carrier=4 denied=0 timeout=0
[2026-09-26T18:35:48.690Z] I (165405) RouteLoomRef: authority jobs accepted=20 failed=0 last=
[2026-09-26T18:35:48.690Z] I (165405) RouteLoomRef: member discovery rx=7 offer_tx=7 offer_rx=2 auth=3 kind_reject=1 capacity=0 send_fail=4
[2026-09-26T18:35:48.690Z] I (165406) RouteLoomRef: member scope raw=9 accepted=8 mac_reject=0 hint=0 generation=0 key_unavailable=0 budget=0
[2026-09-26T18:35:49.033Z] W (165749) RouteLoomRef: diagnostic reason=BOOTSTRAP_TRANSIT_ROLE peer=2 message=present
[2026-09-26T18:35:49.118Z] W (165835) RouteLoomRef: diagnostic reason=BOOTSTRAP_TRANSIT_ROLE peer=2 message=present
[2026-09-26T18:35:49.657Z] W (166374) RouteLoomRef: diagnostic reason=BOOTSTRAP_TRANSIT_ROLE peer=2 message=present
[2026-09-26T18:35:49.754Z] W (166470) RouteLoomRef: diagnostic reason=BOOTSTRAP_TRANSIT_ROLE peer=2 message=present
[2026-09-26T18:35:49.930Z] W (166646) RouteLoomRef: diagnostic reason=BOOTSTRAP_TRANSIT_ROLE peer=2 message=present
[2026-09-26T18:35:50.035Z] W (166751) RouteLoomRef: diagnostic reason=BOOTSTRAP_TRANSIT_ROLE peer=2 message=present
[2026-09-26T18:35:50.189Z] I (166905) RouteLoomRef: RLD1 rx kind=1 ch=6 generation=0 src=94:a9:90:7a:b5:60 dest=ff:ff:ff:ff:ff:ff
[2026-09-26T18:35:50.332Z] W (167049) RouteLoomRef: diagnostic reason=BOOTSTRAP_TRANSIT_ROLE peer=2 message=present
[2026-09-26T18:35:50.418Z] W (167135) RouteLoomRef: diagnostic reason=BOOTSTRAP_TRANSIT_ROLE peer=2 message=present
[2026-09-26T18:35:50.737Z] W (167453) RouteLoomRef: diagnostic reason=BOOTSTRAP_TRANSIT_ROLE peer=2 message=present
[2026-09-26T18:35:50.833Z] W (167549) RouteLoomRef: diagnostic reason=BOOTSTRAP_TRANSIT_ROLE peer=2 message=present
[2026-09-26T18:35:51.151Z] W (167866) RouteLoomRef: diagnostic reason=BOOTSTRAP_TRANSIT_ROLE peer=2 message=present
[2026-09-26T18:35:51.252Z] W (167968) RouteLoomRef: diagnostic reason=BOOTSTRAP_TRANSIT_ROLE peer=2 message=present
[2026-09-26T18:35:51.646Z] W (168362) RouteLoomRef: diagnostic reason=BOOTSTRAP_TRANSIT_ROLE peer=2 message=present
[2026-09-26T18:35:51.728Z] W (168445) RouteLoomRef: diagnostic reason=BOOTSTRAP_TRANSIT_ROLE peer=2 message=present
[2026-09-26T18:35:52.148Z] W (168864) RouteLoomRef: diagnostic reason=BOOTSTRAP_TRANSIT_ROLE peer=2 message=present
[2026-09-26T18:35:52.236Z] W (168952) RouteLoomRef: diagnostic reason=BOOTSTRAP_TRANSIT_ROLE peer=2 message=present
[2026-09-26T18:35:52.649Z] W (169365) RouteLoomRef: diagnostic reason=BOOTSTRAP_TRANSIT_ROLE peer=2 message=present
[2026-09-26T18:35:52.746Z] W (169463) RouteLoomRef: diagnostic reason=BOOTSTRAP_TRANSIT_ROLE peer=2 message=present
[2026-09-26T18:35:53.689Z] I (170405) RouteLoomRef: member state=4 links=2 ends=1 authority=1/1 confirm=1 demux_drop=0
[2026-09-26T18:35:53.689Z] I (170406) RouteLoomRef: member handshake starts=9 requests=1 rejected=0 send_fail=1 established=3 failed=0 last_error=6 active=0
[2026-09-26T18:35:53.690Z] I (170406) RouteLoomRef: member end send_fail=0 established=1 failed=0 last_error=0
[2026-09-26T18:35:53.690Z] I (170406) RouteLoomRef: authority state=2 tx_sent=9 tx_failed=0 rx_accepted=5 rx_rejected=0 pull=0 busy=0 backoff_s=0
[2026-09-26T18:35:53.690Z] I (170407) RouteLoomRef: authority mesh tx_carrier=9 queued=9 shed=575 rx_carrier=4 denied=0 timeout=0
[2026-09-26T18:35:53.691Z] I (170407) RouteLoomRef: authority jobs accepted=20 failed=0 last=
[2026-09-26T18:35:53.691Z] I (170407) RouteLoomRef: member discovery rx=8 offer_tx=8 offer_rx=2 auth=3 kind_reject=1 capacity=0 send_fail=4
[2026-09-26T18:35:53.691Z] I (170408) RouteLoomRef: member scope raw=10 accepted=9 mac_reject=0 hint=0 generation=0 key_unavailable=0 budget=0
[2026-09-26T18:35:58.692Z] I (175408) RouteLoomRef: member state=4 links=2 ends=1 authority=1/1 confirm=1 demux_drop=0
[2026-09-26T18:35:58.692Z] I (175409) RouteLoomRef: member handshake starts=9 requests=1 rejected=0 send_fail=1 established=3 failed=0 last_error=6 active=0
[2026-09-26T18:35:58.693Z] I (175409) RouteLoomRef: member end send_fail=0 established=1 failed=0 last_error=0
[2026-09-26T18:35:58.693Z] I (175409) RouteLoomRef: authority state=2 tx_sent=9 tx_failed=0 rx_accepted=5 rx_rejected=0 pull=0 busy=0 backoff_s=0
[2026-09-26T18:35:58.693Z] I (175410) RouteLoomRef: authority mesh tx_carrier=9 queued=9 shed=575 rx_carrier=4 denied=0 timeout=0
[2026-09-26T18:35:58.693Z] I (175410) RouteLoomRef: authority jobs accepted=20 failed=0 last=
[2026-09-26T18:35:58.694Z] I (175410) RouteLoomRef: member discovery rx=8 offer_tx=8 offer_rx=2 auth=3 kind_reject=1 capacity=0 send_fail=4
[2026-09-26T18:35:58.694Z] I (175411) RouteLoomRef: member scope raw=10 accepted=9 mac_reject=0 hint=0 generation=0 key_unavailable=0 budget=0
[2026-09-26T18:36:03.638Z] I (180355) RouteLoom: stack hwm main 8392 B
[2026-09-26T18:36:03.639Z] I (180355) RouteLoom: HIL HEAP free=21872 largest=19456 min=20956 B
[2026-09-26T18:36:03.639Z] I (180356) RouteLoom: HIL DISCOVERY candidates=0 neighbors=2 capacity=0 auth=3 stale=0 probes=25 send_failures=4 kind_rejects=1
[2026-09-26T18:36:03.640Z] I (180356) RouteLoom: HIL ROUTE peer=1 phase=5 via=1 metric=1 generation=835 seq=2
[2026-09-26T18:36:03.640Z] I (180356) RouteLoom: HIL ROUTE peer=2 phase=5 via=2 metric=1 generation=1334 seq=2
[2026-09-26T18:36:03.640Z] I (180357) RouteLoom: HIL ROUTE peer=3 phase=-1 via=0 metric=0 generation=0 seq=0
[2026-09-26T18:36:03.695Z] I (180411) RouteLoomRef: member state=4 links=2 ends=1 authority=1/1 confirm=1 demux_drop=0
[2026-09-26T18:36:03.695Z] I (180412) RouteLoomRef: member handshake starts=9 requests=1 rejected=0 send_fail=1 established=3 failed=0 last_error=6 active=0
[2026-09-26T18:36:03.696Z] I (180412) RouteLoomRef: member end send_fail=0 established=1 failed=0 last_error=0
[2026-09-26T18:36:03.696Z] I (180412) RouteLoomRef: authority state=2 tx_sent=9 tx_failed=0 rx_accepted=5 rx_rejected=0 pull=0 busy=0 backoff_s=0
[2026-09-26T18:36:03.696Z] I (180413) RouteLoomRef: authority mesh tx_carrier=9 queued=9 shed=575 rx_carrier=4 denied=0 timeout=0
[2026-09-26T18:36:03.696Z] I (180413) RouteLoomRef: authority jobs accepted=20 failed=0 last=
[2026-09-26T18:36:03.697Z] I (180413) RouteLoomRef: member discovery rx=8 offer_tx=8 offer_rx=2 auth=3 kind_reject=1 capacity=0 send_fail=4
[2026-09-26T18:36:03.697Z] I (180414) RouteLoomRef: member scope raw=10 accepted=9 mac_reject=0 hint=0 generation=0 key_unavailable=0 budget=0
[2026-09-26T18:36:04.477Z] I (181193) RouteLoomRef: RLD1 rx kind=1 ch=6 generation=0 src=94:a9:90:7a:b5:60 dest=ff:ff:ff:ff:ff:ff
[2026-09-26T18:36:08.698Z] I (185414) RouteLoomRef: member state=4 links=2 ends=1 authority=1/1 confirm=1 demux_drop=0
[2026-09-26T18:36:08.698Z] I (185415) RouteLoomRef: member handshake starts=10 requests=1 rejected=0 send_fail=1 established=3 failed=0 last_error=6 active=0
[2026-09-26T18:36:08.699Z] I (185415) RouteLoomRef: member end send_fail=0 established=1 failed=0 last_error=0
[2026-09-26T18:36:08.699Z] I (185415) RouteLoomRef: authority state=2 tx_sent=9 tx_failed=0 rx_accepted=5 rx_rejected=0 pull=0 busy=0 backoff_s=0
[2026-09-26T18:36:08.699Z] I (185416) RouteLoomRef: authority mesh tx_carrier=9 queued=9 shed=575 rx_carrier=4 denied=0 timeout=0
[2026-09-26T18:36:08.699Z] I (185416) RouteLoomRef: authority jobs accepted=20 failed=0 last=
[2026-09-26T18:36:08.700Z] I (185416) RouteLoomRef: member discovery rx=9 offer_tx=9 offer_rx=2 auth=3 kind_reject=1 capacity=0 send_fail=4
[2026-09-26T18:36:08.700Z] I (185417) RouteLoomRef: member scope raw=11 accepted=10 mac_reject=0 hint=0 generation=0 key_unavailable=0 budget=0
[2026-09-26T18:36:13.699Z] I (190415) RouteLoomRef: member state=4 links=2 ends=1 authority=1/1 confirm=1 demux_drop=0
[2026-09-26T18:36:13.699Z] I (190416) RouteLoomRef: member handshake starts=10 requests=1 rejected=0 send_fail=1 established=3 failed=0 last_error=6 active=0
[2026-09-26T18:36:13.699Z] I (190416) RouteLoomRef: member end send_fail=0 established=1 failed=0 last_error=0
[2026-09-26T18:36:13.700Z] I (190416) RouteLoomRef: authority state=2 tx_sent=9 tx_failed=0 rx_accepted=5 rx_rejected=0 pull=0 busy=0 backoff_s=0
[2026-09-26T18:36:13.700Z] I (190417) RouteLoomRef: authority mesh tx_carrier=9 queued=9 shed=575 rx_carrier=4 denied=0 timeout=0
[2026-09-26T18:36:13.700Z] I (190417) RouteLoomRef: authority jobs accepted=20 failed=0 last=
[2026-09-26T18:36:13.701Z] I (190417) RouteLoomRef: member discovery rx=9 offer_tx=9 offer_rx=2 auth=3 kind_reject=1 capacity=0 send_fail=4
[2026-09-26T18:36:13.701Z] I (190418) RouteLoomRef: member scope raw=11 accepted=10 mac_reject=0 hint=0 generation=0 key_unavailable=0 budget=0
[2026-09-26T18:36:18.699Z] I (195415) RouteLoomRef: member state=4 links=2 ends=1 authority=1/1 confirm=1 demux_drop=0
[2026-09-26T18:36:18.699Z] I (195416) RouteLoomRef: member handshake starts=10 requests=1 rejected=0 send_fail=1 established=3 failed=0 last_error=6 active=0
[2026-09-26T18:36:18.700Z] I (195416) RouteLoomRef: member end send_fail=0 established=1 failed=0 last_error=0
[2026-09-26T18:36:18.700Z] I (195416) RouteLoomRef: authority state=2 tx_sent=9 tx_failed=0 rx_accepted=5 rx_rejected=0 pull=0 busy=0 backoff_s=0
[2026-09-26T18:36:18.702Z] I (195417) RouteLoomRef: authority mesh tx_carrier=9 queued=9 shed=575 rx_carrier=4 denied=0 timeout=0
[2026-09-26T18:36:18.702Z] I (195417) RouteLoomRef: authority jobs accepted=20 failed=0 last=
[2026-09-26T18:36:18.702Z] I (195417) RouteLoomRef: member discovery rx=9 offer_tx=9 offer_rx=2 auth=3 kind_reject=1 capacity=0 send_fail=4
[2026-09-26T18:36:18.702Z] I (195418) RouteLoomRef: member scope raw=11 accepted=10 mac_reject=0 hint=0 generation=0 key_unavailable=0 budget=0
[2026-09-26T18:36:23.699Z] I (200415) RouteLoomRef: member state=4 links=2 ends=1 authority=1/1 confirm=1 demux_drop=0
[2026-09-26T18:36:23.699Z] I (200416) RouteLoomRef: member handshake starts=10 requests=1 rejected=0 send_fail=1 established=3 failed=0 last_error=6 active=0
[2026-09-26T18:36:23.700Z] I (200416) RouteLoomRef: member end send_fail=0 established=1 failed=0 last_error=0
[2026-09-26T18:36:23.700Z] I (200416) RouteLoomRef: authority state=2 tx_sent=9 tx_failed=0 rx_accepted=5 rx_rejected=0 pull=0 busy=0 backoff_s=0
[2026-09-26T18:36:23.702Z] I (200417) RouteLoomRef: authority mesh tx_carrier=9 queued=9 shed=575 rx_carrier=4 denied=0 timeout=0
[2026-09-26T18:36:23.702Z] I (200417) RouteLoomRef: authority jobs accepted=20 failed=0 last=
[2026-09-26T18:36:23.702Z] I (200417) RouteLoomRef: member discovery rx=9 offer_tx=9 offer_rx=2 auth=3 kind_reject=1 capacity=0 send_fail=4
[2026-09-26T18:36:23.702Z] I (200418) RouteLoomRef: member scope raw=11 accepted=10 mac_reject=0 hint=0 generation=0 key_unavailable=0 budget=0
[2026-09-26T18:36:28.703Z] I (205418) RouteLoomRef: member state=4 links=2 ends=1 authority=1/1 confirm=1 demux_drop=0
[2026-09-26T18:36:28.703Z] I (205419) RouteLoomRef: member handshake starts=10 requests=1 rejected=0 send_fail=1 established=3 failed=0 last_error=6 active=0
[2026-09-26T18:36:28.703Z] I (205419) RouteLoomRef: member end send_fail=0 established=1 failed=0 last_error=0
[2026-09-26T18:36:28.703Z] I (205419) RouteLoomRef: authority state=2 tx_sent=9 tx_failed=0 rx_accepted=5 rx_rejected=0 pull=0 busy=0 backoff_s=0
[2026-09-26T18:36:28.705Z] I (205420) RouteLoomRef: authority mesh tx_carrier=9 queued=9 shed=575 rx_carrier=4 denied=0 timeout=0
[2026-09-26T18:36:28.705Z] I (205420) RouteLoomRef: authority jobs accepted=20 failed=0 last=
[2026-09-26T18:36:28.705Z] I (205420) RouteLoomRef: member discovery rx=9 offer_tx=9 offer_rx=2 auth=3 kind_reject=1 capacity=0 send_fail=4
[2026-09-26T18:36:28.705Z] I (205421) RouteLoomRef: member scope raw=11 accepted=10 mac_reject=0 hint=0 generation=0 key_unavailable=0 budget=0
[2026-09-26T18:36:29.645Z] W (206360) RouteLoomRef: diagnostic reason=BOOTSTRAP_TRANSIT_ROLE peer=1 message=present
[2026-09-26T18:36:29.730Z] W (206446) RouteLoomRef: diagnostic reason=BOOTSTRAP_TRANSIT_ROLE peer=1 message=present
[2026-09-26T18:36:30.146Z] W (206862) RouteLoomRef: diagnostic reason=BOOTSTRAP_TRANSIT_ROLE peer=1 message=present
[2026-09-26T18:36:30.236Z] W (206952) RouteLoomRef: diagnostic reason=BOOTSTRAP_TRANSIT_ROLE peer=1 message=present
[2026-09-26T18:36:30.650Z] W (207366) RouteLoomRef: diagnostic reason=BOOTSTRAP_TRANSIT_ROLE peer=1 message=present
[2026-09-26T18:36:30.746Z] W (207462) RouteLoomRef: diagnostic reason=BOOTSTRAP_TRANSIT_ROLE peer=1 message=present
[2026-09-26T18:36:31.154Z] W (207870) RouteLoomRef: diagnostic reason=BOOTSTRAP_TRANSIT_ROLE peer=1 message=present
[2026-09-26T18:36:31.203Z] I (207919) RouteLoomRef: RLD1 rx kind=1 ch=6 generation=0 src=94:a9:90:7a:b5:60 dest=ff:ff:ff:ff:ff:ff
[2026-09-26T18:36:31.241Z] W (207957) RouteLoomRef: diagnostic reason=BOOTSTRAP_TRANSIT_ROLE peer=1 message=present
[2026-09-26T18:36:31.778Z] W (208494) RouteLoomRef: diagnostic reason=BOOTSTRAP_TRANSIT_ROLE peer=1 message=present
[2026-09-26T18:36:31.870Z] W (208586) RouteLoomRef: diagnostic reason=BOOTSTRAP_TRANSIT_ROLE peer=1 message=present
[2026-09-26T18:36:32.050Z] W (208766) RouteLoomRef: diagnostic reason=BOOTSTRAP_TRANSIT_ROLE peer=1 message=present
[2026-09-26T18:36:32.144Z] W (208860) RouteLoomRef: diagnostic reason=BOOTSTRAP_TRANSIT_ROLE peer=1 message=present
[2026-09-26T18:36:32.450Z] W (209166) RouteLoomRef: diagnostic reason=BOOTSTRAP_TRANSIT_ROLE peer=1 message=present
[2026-09-26T18:36:32.536Z] W (209252) RouteLoomRef: diagnostic reason=BOOTSTRAP_TRANSIT_ROLE peer=1 message=present
[2026-09-26T18:36:32.566Z] I (209282) RouteLoomRef: RLD1 rx kind=1 ch=6 generation=0 src=94:a9:90:7a:b5:60 dest=ff:ff:ff:ff:ff:ff
[2026-09-26T18:36:32.853Z] W (209569) RouteLoomRef: diagnostic reason=BOOTSTRAP_TRANSIT_ROLE peer=1 message=present
[2026-09-26T18:36:32.945Z] W (209661) RouteLoomRef: diagnostic reason=BOOTSTRAP_TRANSIT_ROLE peer=1 message=present
[2026-09-26T18:36:33.276Z] W (209992) RouteLoomRef: diagnostic reason=BOOTSTRAP_TRANSIT_ROLE peer=1 message=present
[2026-09-26T18:36:33.374Z] W (210090) RouteLoomRef: diagnostic reason=BOOTSTRAP_TRANSIT_ROLE peer=1 message=present
[2026-09-26T18:36:33.705Z] I (210421) RouteLoomRef: member state=4 links=2 ends=1 authority=1/1 confirm=1 demux_drop=0
[2026-09-26T18:36:33.705Z] I (210422) RouteLoomRef: member handshake starts=11 requests=1 rejected=0 send_fail=1 established=3 failed=0 last_error=6 active=0
[2026-09-26T18:36:33.707Z] I (210422) RouteLoomRef: member end send_fail=0 established=1 failed=0 last_error=0
[2026-09-26T18:36:33.707Z] I (210422) RouteLoomRef: authority state=2 tx_sent=9 tx_failed=0 rx_accepted=5 rx_rejected=0 pull=0 busy=0 backoff_s=0
[2026-09-26T18:36:33.707Z] I (210423) RouteLoomRef: authority mesh tx_carrier=9 queued=9 shed=575 rx_carrier=4 denied=0 timeout=0
[2026-09-26T18:36:33.707Z] I (210423) RouteLoomRef: authority jobs accepted=20 failed=0 last=
[2026-09-26T18:36:33.707Z] I (210423) RouteLoomRef: member discovery rx=10 offer_tx=10 offer_rx=2 auth=3 kind_reject=1 capacity=0 send_fail=4
[2026-09-26T18:36:33.711Z] I (210424) RouteLoomRef: member scope raw=12 accepted=11 mac_reject=0 hint=0 generation=0 key_unavailable=0 budget=0
[2026-09-26T18:36:33.779Z] W (210495) RouteLoomRef: diagnostic reason=BOOTSTRAP_TRANSIT_ROLE peer=1 message=present
[2026-09-26T18:36:33.861Z] W (210577) RouteLoomRef: diagnostic reason=BOOTSTRAP_TRANSIT_ROLE peer=1 message=present
[2026-09-26T18:36:34.283Z] W (210999) RouteLoomRef: diagnostic reason=BOOTSTRAP_TRANSIT_ROLE peer=1 message=present
[2026-09-26T18:36:34.375Z] W (211091) RouteLoomRef: diagnostic reason=BOOTSTRAP_TRANSIT_ROLE peer=1 message=present
[2026-09-26T18:36:34.795Z] W (211505) RouteLoomRef: diagnostic reason=BOOTSTRAP_TRANSIT_ROLE peer=1 message=present
[2026-09-26T18:36:34.884Z] W (211599) RouteLoomRef: diagnostic reason=BOOTSTRAP_TRANSIT_ROLE peer=1 message=present
[2026-09-26T18:36:35.415Z] W (212128) RouteLoomRef: diagnostic reason=BOOTSTRAP_TRANSIT_ROLE peer=1 message=present
[2026-09-26T18:36:35.492Z] W (212208) RouteLoomRef: diagnostic reason=BOOTSTRAP_TRANSIT_ROLE peer=1 message=present
[2026-09-26T18:36:35.682Z] W (212398) RouteLoomRef: diagnostic reason=BOOTSTRAP_TRANSIT_ROLE peer=1 message=present
[2026-09-26T18:36:35.768Z] W (212484) RouteLoomRef: diagnostic reason=BOOTSTRAP_TRANSIT_ROLE peer=1 message=present
[2026-09-26T18:36:36.083Z] W (212798) RouteLoomRef: diagnostic reason=BOOTSTRAP_TRANSIT_ROLE peer=1 message=present
[2026-09-26T18:36:36.179Z] W (212895) RouteLoomRef: diagnostic reason=BOOTSTRAP_TRANSIT_ROLE peer=1 message=present
[2026-09-26T18:36:36.488Z] W (213204) RouteLoomRef: diagnostic reason=BOOTSTRAP_TRANSIT_ROLE peer=1 message=present
[2026-09-26T18:36:36.566Z] W (213282) RouteLoomRef: diagnostic reason=BOOTSTRAP_TRANSIT_ROLE peer=1 message=present
[2026-09-26T18:36:38.706Z] I (215421) RouteLoomRef: member state=4 links=2 ends=1 authority=1/1 confirm=1 demux_drop=0
[2026-09-26T18:36:38.706Z] I (215422) RouteLoomRef: member handshake starts=11 requests=1 rejected=0 send_fail=1 established=3 failed=0 last_error=6 active=0
[2026-09-26T18:36:38.707Z] I (215422) RouteLoomRef: member end send_fail=0 established=1 failed=0 last_error=0
[2026-09-26T18:36:38.707Z] I (215422) RouteLoomRef: authority state=2 tx_sent=9 tx_failed=0 rx_accepted=5 rx_rejected=0 pull=0 busy=0 backoff_s=0
[2026-09-26T18:36:38.707Z] I (215423) RouteLoomRef: authority mesh tx_carrier=9 queued=9 shed=575 rx_carrier=4 denied=0 timeout=0
[2026-09-26T18:36:38.707Z] I (215423) RouteLoomRef: authority jobs accepted=20 failed=0 last=
[2026-09-26T18:36:38.707Z] I (215423) RouteLoomRef: member discovery rx=10 offer_tx=10 offer_rx=2 auth=3 kind_reject=1 capacity=0 send_fail=4
[2026-09-26T18:36:38.708Z] I (215424) RouteLoomRef: member scope raw=12 accepted=11 mac_reject=0 hint=0 generation=0 key_unavailable=0 budget=0
[2026-09-26T18:36:43.706Z] I (220422) RouteLoomRef: member state=4 links=2 ends=1 authority=1/1 confirm=1 demux_drop=0
[2026-09-26T18:36:43.707Z] I (220423) RouteLoomRef: member handshake starts=11 requests=1 rejected=0 send_fail=1 established=3 failed=0 last_error=6 active=0
[2026-09-26T18:36:43.707Z] I (220423) RouteLoomRef: member end send_fail=0 established=1 failed=0 last_error=0
[2026-09-26T18:36:43.708Z] I (220423) RouteLoomRef: authority state=2 tx_sent=9 tx_failed=0 rx_accepted=5 rx_rejected=0 pull=0 busy=0 backoff_s=0
[2026-09-26T18:36:43.708Z] I (220424) RouteLoomRef: authority mesh tx_carrier=9 queued=9 shed=575 rx_carrier=4 denied=0 timeout=0
[2026-09-26T18:36:43.708Z] I (220424) RouteLoomRef: authority jobs accepted=20 failed=0 last=
[2026-09-26T18:36:43.708Z] I (220424) RouteLoomRef: member discovery rx=10 offer_tx=10 offer_rx=2 auth=3 kind_reject=1 capacity=0 send_fail=4
[2026-09-26T18:36:43.708Z] I (220425) RouteLoomRef: member scope raw=12 accepted=11 mac_reject=0 hint=0 generation=0 key_unavailable=0 budget=0
[2026-09-26T18:36:48.706Z] I (225422) RouteLoomRef: member state=4 links=2 ends=1 authority=1/1 confirm=1 demux_drop=0
[2026-09-26T18:36:48.707Z] I (225423) RouteLoomRef: member handshake starts=11 requests=1 rejected=0 send_fail=1 established=3 failed=0 last_error=6 active=0
[2026-09-26T18:36:48.707Z] I (225423) RouteLoomRef: member end send_fail=0 established=1 failed=0 last_error=0
[2026-09-26T18:36:48.707Z] I (225423) RouteLoomRef: authority state=2 tx_sent=9 tx_failed=0 rx_accepted=5 rx_rejected=0 pull=0 busy=0 backoff_s=0
[2026-09-26T18:36:48.708Z] I (225424) RouteLoomRef: authority mesh tx_carrier=9 queued=9 shed=575 rx_carrier=4 denied=0 timeout=0
[2026-09-26T18:36:48.708Z] I (225424) RouteLoomRef: authority jobs accepted=20 failed=0 last=
[2026-09-26T18:36:48.708Z] I (225424) RouteLoomRef: member discovery rx=10 offer_tx=10 offer_rx=2 auth=3 kind_reject=1 capacity=0 send_fail=4
[2026-09-26T18:36:48.709Z] I (225424) RouteLoomRef: member scope raw=12 accepted=11 mac_reject=0 hint=0 generation=0 key_unavailable=0 budget=0
[2026-09-26T18:36:52.642Z] W (229358) RouteLoomRef: diagnostic reason=BOOTSTRAP_TRANSIT_ROLE peer=2 message=present
[2026-09-26T18:36:52.727Z] W (229443) RouteLoomRef: diagnostic reason=BOOTSTRAP_TRANSIT_ROLE peer=2 message=present
[2026-09-26T18:36:53.139Z] W (229855) RouteLoomRef: diagnostic reason=BOOTSTRAP_TRANSIT_ROLE peer=2 message=present
[2026-09-26T18:36:53.233Z] W (229949) RouteLoomRef: diagnostic reason=BOOTSTRAP_TRANSIT_ROLE peer=2 message=present
[2026-09-26T18:36:53.647Z] W (230363) RouteLoomRef: diagnostic reason=BOOTSTRAP_TRANSIT_ROLE peer=2 message=present
[2026-09-26T18:36:53.708Z] I (230424) RouteLoomRef: member state=4 links=2 ends=1 authority=1/1 confirm=1 demux_drop=0
[2026-09-26T18:36:53.709Z] I (230425) RouteLoomRef: member handshake starts=11 requests=1 rejected=0 send_fail=1 established=3 failed=0 last_error=6 active=0
[2026-09-26T18:36:53.709Z] I (230425) RouteLoomRef: member end send_fail=0 established=1 failed=0 last_error=0
[2026-09-26T18:36:53.709Z] I (230425) RouteLoomRef: authority state=2 tx_sent=9 tx_failed=0 rx_accepted=5 rx_rejected=0 pull=0 busy=0 backoff_s=0
[2026-09-26T18:36:53.710Z] I (230426) RouteLoomRef: authority mesh tx_carrier=9 queued=9 shed=575 rx_carrier=4 denied=0 timeout=0
[2026-09-26T18:36:53.710Z] I (230426) RouteLoomRef: authority jobs accepted=20 failed=0 last=
[2026-09-26T18:36:53.710Z] I (230426) RouteLoomRef: member discovery rx=10 offer_tx=10 offer_rx=2 auth=3 kind_reject=1 capacity=0 send_fail=4
[2026-09-26T18:36:53.711Z] I (230426) RouteLoomRef: member scope raw=12 accepted=11 mac_reject=0 hint=0 generation=0 key_unavailable=0 budget=0
[2026-09-26T18:36:53.750Z] W (230466) RouteLoomRef: diagnostic reason=BOOTSTRAP_TRANSIT_ROLE peer=2 message=present
[2026-09-26T18:36:54.147Z] W (230863) RouteLoomRef: diagnostic reason=BOOTSTRAP_TRANSIT_ROLE peer=2 message=present
[2026-09-26T18:36:54.233Z] W (230949) RouteLoomRef: diagnostic reason=BOOTSTRAP_TRANSIT_ROLE peer=2 message=present
[2026-09-26T18:36:54.775Z] W (231491) RouteLoomRef: diagnostic reason=BOOTSTRAP_TRANSIT_ROLE peer=2 message=present
[2026-09-26T18:36:54.868Z] W (231583) RouteLoomRef: diagnostic reason=BOOTSTRAP_TRANSIT_ROLE peer=2 message=present
[2026-09-26T18:36:55.045Z] W (231761) RouteLoomRef: diagnostic reason=BOOTSTRAP_TRANSIT_ROLE peer=2 message=present
[2026-09-26T18:36:55.151Z] W (231867) RouteLoomRef: diagnostic reason=BOOTSTRAP_TRANSIT_ROLE peer=2 message=present
[2026-09-26T18:36:55.445Z] W (232161) RouteLoomRef: diagnostic reason=BOOTSTRAP_TRANSIT_ROLE peer=2 message=present
[2026-09-26T18:36:55.531Z] W (232247) RouteLoomRef: diagnostic reason=BOOTSTRAP_TRANSIT_ROLE peer=2 message=present
[2026-09-26T18:36:55.849Z] W (232565) RouteLoomRef: diagnostic reason=BOOTSTRAP_TRANSIT_ROLE peer=2 message=present
[2026-09-26T18:36:55.946Z] W (232662) RouteLoomRef: diagnostic reason=BOOTSTRAP_TRANSIT_ROLE peer=2 message=present
[2026-09-26T18:36:56.267Z] W (232983) RouteLoomRef: diagnostic reason=BOOTSTRAP_TRANSIT_ROLE peer=2 message=present
[2026-09-26T18:36:56.369Z] W (233085) RouteLoomRef: diagnostic reason=BOOTSTRAP_TRANSIT_ROLE peer=2 message=present
[2026-09-26T18:36:56.763Z] W (233479) RouteLoomRef: diagnostic reason=BOOTSTRAP_TRANSIT_ROLE peer=2 message=present
[2026-09-26T18:36:56.856Z] W (233565) RouteLoomRef: diagnostic reason=BOOTSTRAP_TRANSIT_ROLE peer=2 message=present
[2026-09-26T18:36:57.266Z] W (233981) RouteLoomRef: diagnostic reason=BOOTSTRAP_TRANSIT_ROLE peer=2 message=present
[2026-09-26T18:36:57.359Z] W (234075) RouteLoomRef: diagnostic reason=BOOTSTRAP_TRANSIT_ROLE peer=2 message=present
[2026-09-26T18:36:57.769Z] W (234485) RouteLoomRef: diagnostic reason=BOOTSTRAP_TRANSIT_ROLE peer=2 message=present
[2026-09-26T18:36:57.863Z] W (234579) RouteLoomRef: diagnostic reason=BOOTSTRAP_TRANSIT_ROLE peer=2 message=present
[2026-09-26T18:36:58.400Z] W (235115) RouteLoomRef: diagnostic reason=BOOTSTRAP_TRANSIT_ROLE peer=2 message=present
[2026-09-26T18:36:58.488Z] W (235204) RouteLoomRef: diagnostic reason=BOOTSTRAP_TRANSIT_ROLE peer=2 message=present
[2026-09-26T18:36:58.667Z] W (235382) RouteLoomRef: diagnostic reason=BOOTSTRAP_TRANSIT_ROLE peer=2 message=present
[2026-09-26T18:36:58.710Z] I (235425) RouteLoomRef: member state=4 links=2 ends=1 authority=1/1 confirm=1 demux_drop=0
[2026-09-26T18:36:58.710Z] I (235426) RouteLoomRef: member handshake starts=11 requests=1 rejected=0 send_fail=1 established=3 failed=0 last_error=6 active=0
[2026-09-26T18:36:58.710Z] I (235426) RouteLoomRef: member end send_fail=0 established=1 failed=0 last_error=0
[2026-09-26T18:36:58.710Z] I (235426) RouteLoomRef: authority state=2 tx_sent=9 tx_failed=0 rx_accepted=5 rx_rejected=0 pull=0 busy=0 backoff_s=0
[2026-09-26T18:36:58.711Z] I (235427) RouteLoomRef: authority mesh tx_carrier=9 queued=9 shed=575 rx_carrier=4 denied=0 timeout=0
[2026-09-26T18:36:58.711Z] I (235427) RouteLoomRef: authority jobs accepted=20 failed=0 last=
[2026-09-26T18:36:58.712Z] I (235427) RouteLoomRef: member discovery rx=10 offer_tx=10 offer_rx=2 auth=3 kind_reject=1 capacity=0 send_fail=4
[2026-09-26T18:36:58.712Z] I (235428) RouteLoomRef: member scope raw=12 accepted=11 mac_reject=0 hint=0 generation=0 key_unavailable=0 budget=0
[2026-09-26T18:36:58.759Z] W (235475) RouteLoomRef: diagnostic reason=BOOTSTRAP_TRANSIT_ROLE peer=2 message=present
[2026-09-26T18:36:59.069Z] W (235785) RouteLoomRef: diagnostic reason=BOOTSTRAP_TRANSIT_ROLE peer=2 message=present
[2026-09-26T18:36:59.165Z] W (235881) RouteLoomRef: diagnostic reason=BOOTSTRAP_TRANSIT_ROLE peer=2 message=present
[2026-09-26T18:36:59.473Z] W (236189) RouteLoomRef: diagnostic reason=BOOTSTRAP_TRANSIT_ROLE peer=2 message=present
[2026-09-26T18:36:59.555Z] W (236271) RouteLoomRef: diagnostic reason=BOOTSTRAP_TRANSIT_ROLE peer=2 message=present
[2026-09-26T18:37:03.643Z] I (240358) RouteLoom: stack hwm main 8392 B
[2026-09-26T18:37:03.643Z] I (240358) RouteLoom: HIL HEAP free=21872 largest=19456 min=20956 B
[2026-09-26T18:37:03.643Z] I (240359) RouteLoom: HIL DISCOVERY candidates=0 neighbors=2 capacity=0 auth=3 stale=0 probes=31 send_failures=4 kind_rejects=1
[2026-09-26T18:37:03.643Z] I (240359) RouteLoom: HIL ROUTE peer=1 phase=5 via=1 metric=1 generation=835 seq=2
[2026-09-26T18:37:03.644Z] I (240359) RouteLoom: HIL ROUTE peer=2 phase=5 via=2 metric=1 generation=1334 seq=2
[2026-09-26T18:37:03.644Z] I (240360) RouteLoom: HIL ROUTE peer=3 phase=-1 via=0 metric=0 generation=0 seq=0
[2026-09-26T18:37:03.711Z] I (240426) RouteLoomRef: member state=4 links=2 ends=1 authority=1/1 confirm=1 demux_drop=0
[2026-09-26T18:37:03.711Z] I (240427) RouteLoomRef: member handshake starts=11 requests=1 rejected=0 send_fail=1 established=3 failed=0 last_error=6 active=0
[2026-09-26T18:37:03.711Z] I (240427) RouteLoomRef: member end send_fail=0 established=1 failed=0 last_error=0
[2026-09-26T18:37:03.712Z] I (240427) RouteLoomRef: authority state=2 tx_sent=9 tx_failed=0 rx_accepted=5 rx_rejected=0 pull=0 busy=0 backoff_s=0
[2026-09-26T18:37:03.712Z] I (240428) RouteLoomRef: authority mesh tx_carrier=9 queued=9 shed=575 rx_carrier=4 denied=0 timeout=0
[2026-09-26T18:37:03.712Z] I (240428) RouteLoomRef: authority jobs accepted=20 failed=0 last=
[2026-09-26T18:37:03.712Z] I (240428) RouteLoomRef: member discovery rx=10 offer_tx=10 offer_rx=2 auth=3 kind_reject=1 capacity=0 send_fail=4
[2026-09-26T18:37:03.713Z] I (240429) RouteLoomRef: member scope raw=12 accepted=11 mac_reject=0 hint=0 generation=0 key_unavailable=0 budget=0
[2026-09-26T18:37:08.711Z] I (245426) RouteLoomRef: member state=4 links=2 ends=1 authority=1/1 confirm=1 demux_drop=0
[2026-09-26T18:37:08.711Z] I (245427) RouteLoomRef: member handshake starts=11 requests=1 rejected=0 send_fail=1 established=3 failed=0 last_error=6 active=0
[2026-09-26T18:37:08.711Z] I (245427) RouteLoomRef: member end send_fail=0 established=1 failed=0 last_error=0
[2026-09-26T18:37:08.711Z] I (245427) RouteLoomRef: authority state=2 tx_sent=9 tx_failed=0 rx_accepted=5 rx_rejected=0 pull=0 busy=0 backoff_s=0
[2026-09-26T18:37:08.712Z] I (245428) RouteLoomRef: authority mesh tx_carrier=9 queued=9 shed=575 rx_carrier=4 denied=0 timeout=0
[2026-09-26T18:37:08.714Z] I (245428) RouteLoomRef: authority jobs accepted=20 failed=0 last=
[2026-09-26T18:37:08.714Z] I (245428) RouteLoomRef: member discovery rx=10 offer_tx=10 offer_rx=2 auth=3 kind_reject=1 capacity=0 send_fail=4
[2026-09-26T18:37:08.714Z] I (245428) RouteLoomRef: member scope raw=12 accepted=11 mac_reject=0 hint=0 generation=0 key_unavailable=0 budget=0
[2026-09-26T18:37:13.712Z] I (250427) RouteLoomRef: member state=4 links=2 ends=1 authority=1/1 confirm=1 demux_drop=0
[2026-09-26T18:37:13.712Z] I (250428) RouteLoomRef: member handshake starts=11 requests=1 rejected=0 send_fail=1 established=3 failed=0 last_error=6 active=0
[2026-09-26T18:37:13.712Z] I (250428) RouteLoomRef: member end send_fail=0 established=1 failed=0 last_error=0
[2026-09-26T18:37:13.713Z] I (250428) RouteLoomRef: authority state=2 tx_sent=9 tx_failed=0 rx_accepted=5 rx_rejected=0 pull=0 busy=0 backoff_s=0
[2026-09-26T18:37:13.713Z] I (250429) RouteLoomRef: authority mesh tx_carrier=9 queued=9 shed=575 rx_carrier=4 denied=0 timeout=0
[2026-09-26T18:37:13.713Z] I (250429) RouteLoomRef: authority jobs accepted=20 failed=0 last=
[2026-09-26T18:37:13.713Z] I (250429) RouteLoomRef: member discovery rx=10 offer_tx=10 offer_rx=2 auth=3 kind_reject=1 capacity=0 send_fail=4
[2026-09-26T18:37:13.714Z] I (250430) RouteLoomRef: member scope raw=12 accepted=11 mac_reject=0 hint=0 generation=0 key_unavailable=0 budget=0
[2026-09-26T18:37:18.712Z] I (255427) RouteLoomRef: member state=4 links=2 ends=1 authority=1/1 confirm=1 demux_drop=0
[2026-09-26T18:37:18.712Z] I (255428) RouteLoomRef: member handshake starts=11 requests=1 rejected=0 send_fail=1 established=3 failed=0 last_error=6 active=0
[2026-09-26T18:37:18.712Z] I (255428) RouteLoomRef: member end send_fail=0 established=1 failed=0 last_error=0
[2026-09-26T18:37:18.713Z] I (255428) RouteLoomRef: authority state=2 tx_sent=9 tx_failed=0 rx_accepted=5 rx_rejected=0 pull=0 busy=0 backoff_s=0
[2026-09-26T18:37:18.713Z] I (255429) RouteLoomRef: authority mesh tx_carrier=9 queued=9 shed=575 rx_carrier=4 denied=0 timeout=0
[2026-09-26T18:37:18.713Z] I (255429) RouteLoomRef: authority jobs accepted=20 failed=0 last=
[2026-09-26T18:37:18.713Z] I (255429) RouteLoomRef: member discovery rx=10 offer_tx=10 offer_rx=2 auth=3 kind_reject=1 capacity=0 send_fail=4
[2026-09-26T18:37:18.714Z] I (255429) RouteLoomRef: member scope raw=12 accepted=11 mac_reject=0 hint=0 generation=0 key_unavailable=0 budget=0
[2026-09-26T18:37:23.712Z] I (260427) RouteLoomRef: member state=4 links=2 ends=1 authority=1/1 confirm=1 demux_drop=0
[2026-09-26T18:37:23.712Z] I (260428) RouteLoomRef: member handshake starts=11 requests=1 rejected=0 send_fail=1 established=3 failed=0 last_error=6 active=0
[2026-09-26T18:37:23.712Z] I (260428) RouteLoomRef: member end send_fail=0 established=1 failed=0 last_error=0
[2026-09-26T18:37:23.713Z] I (260428) RouteLoomRef: authority state=2 tx_sent=9 tx_failed=0 rx_accepted=5 rx_rejected=0 pull=0 busy=0 backoff_s=0
[2026-09-26T18:37:23.713Z] I (260429) RouteLoomRef: authority mesh tx_carrier=9 queued=9 shed=575 rx_carrier=4 denied=0 timeout=0
[2026-09-26T18:37:23.715Z] I (260429) RouteLoomRef: authority jobs accepted=20 failed=0 last=
[2026-09-26T18:37:23.715Z] I (260429) RouteLoomRef: member discovery rx=10 offer_tx=10 offer_rx=2 auth=3 kind_reject=1 capacity=0 send_fail=4
[2026-09-26T18:37:23.715Z] I (260429) RouteLoomRef: member scope raw=12 accepted=11 mac_reject=0 hint=0 generation=0 key_unavailable=0 budget=0
[2026-09-26T18:37:26.838Z] I (263553) RouteLoomRef: RLD1 rx kind=1 ch=6 generation=0 src=94:a9:90:7a:b5:60 dest=ff:ff:ff:ff:ff:ff
[2026-09-26T18:37:28.714Z] I (265429) RouteLoomRef: member state=4 links=2 ends=1 authority=1/1 confirm=1 demux_drop=0
[2026-09-26T18:37:28.714Z] I (265430) RouteLoomRef: member handshake starts=12 requests=1 rejected=0 send_fail=1 established=3 failed=0 last_error=6 active=0
[2026-09-26T18:37:28.714Z] I (265430) RouteLoomRef: member end send_fail=0 established=1 failed=0 last_error=0
[2026-09-26T18:37:28.715Z] I (265430) RouteLoomRef: authority state=2 tx_sent=9 tx_failed=0 rx_accepted=5 rx_rejected=0 pull=0 busy=0 backoff_s=0
[2026-09-26T18:37:28.715Z] I (265431) RouteLoomRef: authority mesh tx_carrier=9 queued=9 shed=575 rx_carrier=4 denied=0 timeout=0
[2026-09-26T18:37:28.715Z] I (265431) RouteLoomRef: authority jobs accepted=20 failed=0 last=
[2026-09-26T18:37:28.716Z] I (265431) RouteLoomRef: member discovery rx=11 offer_tx=11 offer_rx=2 auth=3 kind_reject=1 capacity=0 send_fail=4
[2026-09-26T18:37:28.716Z] I (265432) RouteLoomRef: member scope raw=13 accepted=12 mac_reject=0 hint=0 generation=0 key_unavailable=0 budget=0
[2026-09-26T18:37:29.720Z] W (266435) RouteLoomRef: diagnostic reason=BOOTSTRAP_TRANSIT_ROLE peer=1 message=present
[2026-09-26T18:37:29.809Z] W (266524) RouteLoomRef: diagnostic reason=BOOTSTRAP_TRANSIT_ROLE peer=1 message=present
[2026-09-26T18:37:30.218Z] W (266934) RouteLoomRef: diagnostic reason=BOOTSTRAP_TRANSIT_ROLE peer=1 message=present
[2026-09-26T18:37:30.316Z] W (267032) RouteLoomRef: diagnostic reason=BOOTSTRAP_TRANSIT_ROLE peer=1 message=present
[2026-09-26T18:37:30.726Z] W (267442) RouteLoomRef: diagnostic reason=BOOTSTRAP_TRANSIT_ROLE peer=1 message=present
[2026-09-26T18:37:30.811Z] W (267527) RouteLoomRef: diagnostic reason=BOOTSTRAP_TRANSIT_ROLE peer=1 message=present
[2026-09-26T18:37:31.231Z] W (267947) RouteLoomRef: diagnostic reason=BOOTSTRAP_TRANSIT_ROLE peer=1 message=present
[2026-09-26T18:37:31.321Z] W (268037) RouteLoomRef: diagnostic reason=BOOTSTRAP_TRANSIT_ROLE peer=1 message=present
[2026-09-26T18:37:31.855Z] W (268570) RouteLoomRef: diagnostic reason=BOOTSTRAP_TRANSIT_ROLE peer=1 message=present
[2026-09-26T18:37:31.955Z] W (268670) RouteLoomRef: diagnostic reason=BOOTSTRAP_TRANSIT_ROLE peer=1 message=present
[2026-09-26T18:37:32.122Z] W (268838) RouteLoomRef: diagnostic reason=BOOTSTRAP_TRANSIT_ROLE peer=1 message=present
[2026-09-26T18:37:32.208Z] W (268924) RouteLoomRef: diagnostic reason=BOOTSTRAP_TRANSIT_ROLE peer=1 message=present
[2026-09-26T18:37:32.526Z] W (269242) RouteLoomRef: diagnostic reason=BOOTSTRAP_TRANSIT_ROLE peer=1 message=present
[2026-09-26T18:37:32.616Z] W (269332) RouteLoomRef: diagnostic reason=BOOTSTRAP_TRANSIT_ROLE peer=1 message=present
[2026-09-26T18:37:32.931Z] W (269646) RouteLoomRef: diagnostic reason=BOOTSTRAP_TRANSIT_ROLE peer=1 message=present
[2026-09-26T18:37:33.027Z] W (269743) RouteLoomRef: diagnostic reason=BOOTSTRAP_TRANSIT_ROLE peer=1 message=present
[2026-09-26T18:37:33.350Z] W (270066) RouteLoomRef: diagnostic reason=BOOTSTRAP_TRANSIT_ROLE peer=1 message=present
[2026-09-26T18:37:33.436Z] W (270152) RouteLoomRef: diagnostic reason=BOOTSTRAP_TRANSIT_ROLE peer=1 message=present
[2026-09-26T18:37:33.716Z] I (270431) RouteLoomRef: member state=4 links=2 ends=1 authority=1/1 confirm=1 demux_drop=0
[2026-09-26T18:37:33.716Z] I (270432) RouteLoomRef: member handshake starts=12 requests=1 rejected=0 send_fail=1 established=3 failed=0 last_error=6 active=0
[2026-09-26T18:37:33.716Z] I (270432) RouteLoomRef: member end send_fail=0 established=1 failed=0 last_error=0
[2026-09-26T18:37:33.719Z] I (270432) RouteLoomRef: authority state=2 tx_sent=9 tx_failed=0 rx_accepted=5 rx_rejected=0 pull=0 busy=0 backoff_s=0
[2026-09-26T18:37:33.719Z] I (270433) RouteLoomRef: authority mesh tx_carrier=9 queued=9 shed=575 rx_carrier=4 denied=0 timeout=0
[2026-09-26T18:37:33.719Z] I (270433) RouteLoomRef: authority jobs accepted=20 failed=0 last=
[2026-09-26T18:37:33.719Z] I (270433) RouteLoomRef: member discovery rx=11 offer_tx=11 offer_rx=2 auth=3 kind_reject=1 capacity=0 send_fail=4
[2026-09-26T18:37:33.719Z] I (270434) RouteLoomRef: member scope raw=13 accepted=12 mac_reject=0 hint=0 generation=0 key_unavailable=0 budget=0
[2026-09-26T18:37:33.850Z] W (270565) RouteLoomRef: diagnostic reason=BOOTSTRAP_TRANSIT_ROLE peer=1 message=present
[2026-09-26T18:37:33.940Z] W (270656) RouteLoomRef: diagnostic reason=BOOTSTRAP_TRANSIT_ROLE peer=1 message=present
[2026-09-26T18:37:34.357Z] W (271073) RouteLoomRef: diagnostic reason=BOOTSTRAP_TRANSIT_ROLE peer=1 message=present
[2026-09-26T18:37:34.457Z] W (271173) RouteLoomRef: diagnostic reason=BOOTSTRAP_TRANSIT_ROLE peer=1 message=present
[2026-09-26T18:37:34.864Z] W (271579) RouteLoomRef: diagnostic reason=BOOTSTRAP_TRANSIT_ROLE peer=1 message=present
[2026-09-26T18:37:34.949Z] W (271665) RouteLoomRef: diagnostic reason=BOOTSTRAP_TRANSIT_ROLE peer=1 message=present
[2026-09-26T18:37:35.483Z] W (272198) RouteLoomRef: diagnostic reason=BOOTSTRAP_TRANSIT_ROLE peer=1 message=present
[2026-09-26T18:37:35.574Z] W (272290) RouteLoomRef: diagnostic reason=BOOTSTRAP_TRANSIT_ROLE peer=1 message=present
[2026-09-26T18:37:35.752Z] W (272468) RouteLoomRef: diagnostic reason=BOOTSTRAP_TRANSIT_ROLE peer=1 message=present
[2026-09-26T18:37:35.846Z] W (272562) RouteLoomRef: diagnostic reason=BOOTSTRAP_TRANSIT_ROLE peer=1 message=present
[2026-09-26T18:37:36.153Z] W (272869) RouteLoomRef: diagnostic reason=BOOTSTRAP_TRANSIT_ROLE peer=1 message=present
[2026-09-26T18:37:36.236Z] W (272951) RouteLoomRef: diagnostic reason=BOOTSTRAP_TRANSIT_ROLE peer=1 message=present
[2026-09-26T18:37:36.555Z] W (273271) RouteLoomRef: diagnostic reason=BOOTSTRAP_TRANSIT_ROLE peer=1 message=present
[2026-09-26T18:37:36.645Z] W (273361) RouteLoomRef: diagnostic reason=BOOTSTRAP_TRANSIT_ROLE peer=1 message=present
[2026-09-26T18:37:38.717Z] I (275432) RouteLoomRef: member state=4 links=2 ends=1 authority=1/1 confirm=1 demux_drop=0
[2026-09-26T18:37:38.717Z] I (275433) RouteLoomRef: member handshake starts=12 requests=1 rejected=0 send_fail=1 established=3 failed=0 last_error=6 active=0
[2026-09-26T18:37:38.718Z] I (275433) RouteLoomRef: member end send_fail=0 established=1 failed=0 last_error=0
[2026-09-26T18:37:38.720Z] I (275433) RouteLoomRef: authority state=2 tx_sent=9 tx_failed=0 rx_accepted=5 rx_rejected=0 pull=0 busy=0 backoff_s=0
[2026-09-26T18:37:38.720Z] I (275434) RouteLoomRef: authority mesh tx_carrier=9 queued=9 shed=575 rx_carrier=4 denied=0 timeout=0
[2026-09-26T18:37:38.720Z] I (275434) RouteLoomRef: authority jobs accepted=20 failed=0 last=
[2026-09-26T18:37:38.720Z] I (275434) RouteLoomRef: member discovery rx=11 offer_tx=11 offer_rx=2 auth=3 kind_reject=1 capacity=0 send_fail=4
[2026-09-26T18:37:38.720Z] I (275434) RouteLoomRef: member scope raw=13 accepted=12 mac_reject=0 hint=0 generation=0 key_unavailable=0 budget=0
[2026-09-26T18:37:43.718Z] I (280433) RouteLoomRef: member state=4 links=2 ends=1 authority=1/1 confirm=1 demux_drop=0
[2026-09-26T18:37:43.718Z] I (280434) RouteLoomRef: member handshake starts=12 requests=1 rejected=0 send_fail=1 established=3 failed=0 last_error=6 active=0
[2026-09-26T18:37:43.719Z] I (280434) RouteLoomRef: member end send_fail=0 established=1 failed=0 last_error=0
[2026-09-26T18:37:43.719Z] I (280434) RouteLoomRef: authority state=2 tx_sent=9 tx_failed=0 rx_accepted=5 rx_rejected=0 pull=0 busy=0 backoff_s=0
[2026-09-26T18:37:43.719Z] I (280435) RouteLoomRef: authority mesh tx_carrier=9 queued=9 shed=575 rx_carrier=4 denied=0 timeout=0
[2026-09-26T18:37:43.719Z] I (280435) RouteLoomRef: authority jobs accepted=20 failed=0 last=
[2026-09-26T18:37:43.720Z] I (280435) RouteLoomRef: member discovery rx=11 offer_tx=11 offer_rx=2 auth=3 kind_reject=1 capacity=0 send_fail=4
[2026-09-26T18:37:43.720Z] I (280435) RouteLoomRef: member scope raw=13 accepted=12 mac_reject=0 hint=0 generation=0 key_unavailable=0 budget=0
[2026-09-26T18:37:48.718Z] I (285433) RouteLoomRef: member state=4 links=2 ends=1 authority=1/1 confirm=1 demux_drop=0
[2026-09-26T18:37:48.718Z] I (285434) RouteLoomRef: member handshake starts=12 requests=1 rejected=0 send_fail=1 established=3 failed=0 last_error=6 active=0
[2026-09-26T18:37:48.719Z] I (285434) RouteLoomRef: member end send_fail=0 established=1 failed=0 last_error=0
[2026-09-26T18:37:48.719Z] I (285434) RouteLoomRef: authority state=2 tx_sent=9 tx_failed=0 rx_accepted=5 rx_rejected=0 pull=0 busy=0 backoff_s=0
[2026-09-26T18:37:48.719Z] I (285435) RouteLoomRef: authority mesh tx_carrier=9 queued=9 shed=575 rx_carrier=4 denied=0 timeout=0
[2026-09-26T18:37:48.719Z] I (285435) RouteLoomRef: authority jobs accepted=20 failed=0 last=
[2026-09-26T18:37:48.720Z] I (285435) RouteLoomRef: member discovery rx=11 offer_tx=11 offer_rx=2 auth=3 kind_reject=1 capacity=0 send_fail=4
[2026-09-26T18:37:48.720Z] I (285436) RouteLoomRef: member scope raw=13 accepted=12 mac_reject=0 hint=0 generation=0 key_unavailable=0 budget=0
[2026-09-26T18:37:53.719Z] I (290433) RouteLoomRef: member state=4 links=2 ends=1 authority=1/1 confirm=1 demux_drop=0
[2026-09-26T18:37:53.719Z] I (290434) RouteLoomRef: member handshake starts=12 requests=1 rejected=0 send_fail=1 established=3 failed=0 last_error=6 active=0
[2026-09-26T18:37:53.719Z] I (290434) RouteLoomRef: member end send_fail=0 established=1 failed=0 last_error=0
[2026-09-26T18:37:53.719Z] I (290434) RouteLoomRef: authority state=2 tx_sent=9 tx_failed=0 rx_accepted=5 rx_rejected=0 pull=0 busy=0 backoff_s=0
[2026-09-26T18:37:53.719Z] I (290435) RouteLoomRef: authority mesh tx_carrier=9 queued=9 shed=575 rx_carrier=4 denied=0 timeout=0
[2026-09-26T18:37:53.719Z] I (290435) RouteLoomRef: authority jobs accepted=20 failed=0 last=
[2026-09-26T18:37:53.720Z] I (290435) RouteLoomRef: member discovery rx=11 offer_tx=11 offer_rx=2 auth=3 kind_reject=1 capacity=0 send_fail=4
[2026-09-26T18:37:53.721Z] I (290436) RouteLoomRef: member scope raw=13 accepted=12 mac_reject=0 hint=0 generation=0 key_unavailable=0 budget=0
[2026-09-26T18:37:57.704Z] W (294419) RouteLoomRef: diagnostic reason=BOOTSTRAP_TRANSIT_ROLE peer=2 message=present
[2026-09-26T18:37:57.796Z] W (294511) RouteLoomRef: diagnostic reason=BOOTSTRAP_TRANSIT_ROLE peer=2 message=present
[2026-09-26T18:37:58.200Z] W (294915) RouteLoomRef: diagnostic reason=BOOTSTRAP_TRANSIT_ROLE peer=2 message=present
[2026-09-26T18:37:58.298Z] W (295013) RouteLoomRef: diagnostic reason=BOOTSTRAP_TRANSIT_ROLE peer=2 message=present
[2026-09-26T18:37:58.705Z] W (295420) RouteLoomRef: diagnostic reason=BOOTSTRAP_TRANSIT_ROLE peer=2 message=present
[2026-09-26T18:37:58.720Z] I (295435) RouteLoomRef: member state=4 links=2 ends=1 authority=1/1 confirm=1 demux_drop=0
[2026-09-26T18:37:58.720Z] I (295435) RouteLoomRef: member handshake starts=12 requests=1 rejected=0 send_fail=1 established=3 failed=0 last_error=6 active=0
[2026-09-26T18:37:58.720Z] I (295436) RouteLoomRef: member end send_fail=0 established=1 failed=0 last_error=0
[2026-09-26T18:37:58.721Z] I (295436) RouteLoomRef: authority state=2 tx_sent=9 tx_failed=0 rx_accepted=5 rx_rejected=0 pull=0 busy=0 backoff_s=0
[2026-09-26T18:37:58.721Z] I (295436) RouteLoomRef: authority mesh tx_carrier=9 queued=9 shed=575 rx_carrier=4 denied=0 timeout=0
[2026-09-26T18:37:58.721Z] I (295437) RouteLoomRef: authority jobs accepted=20 failed=0 last=
[2026-09-26T18:37:58.721Z] I (295437) RouteLoomRef: member discovery rx=11 offer_tx=11 offer_rx=2 auth=3 kind_reject=1 capacity=0 send_fail=4
[2026-09-26T18:37:58.723Z] I (295437) RouteLoomRef: member scope raw=13 accepted=12 mac_reject=0 hint=0 generation=0 key_unavailable=0 budget=0
[2026-09-26T18:37:58.792Z] W (295507) RouteLoomRef: diagnostic reason=BOOTSTRAP_TRANSIT_ROLE peer=2 message=present
[2026-09-26T18:37:59.212Z] W (295927) RouteLoomRef: diagnostic reason=BOOTSTRAP_TRANSIT_ROLE peer=2 message=present
[2026-09-26T18:37:59.301Z] W (296017) RouteLoomRef: diagnostic reason=BOOTSTRAP_TRANSIT_ROLE peer=2 message=present
[2026-09-26T18:37:59.836Z] W (296551) RouteLoomRef: diagnostic reason=BOOTSTRAP_TRANSIT_ROLE peer=2 message=present
[2026-09-26T18:37:59.936Z] W (296651) RouteLoomRef: diagnostic reason=BOOTSTRAP_TRANSIT_ROLE peer=2 message=present
[2026-09-26T18:38:00.104Z] W (296819) RouteLoomRef: diagnostic reason=BOOTSTRAP_TRANSIT_ROLE peer=2 message=present
[2026-09-26T18:38:00.190Z] W (296905) RouteLoomRef: diagnostic reason=BOOTSTRAP_TRANSIT_ROLE peer=2 message=present
[2026-09-26T18:38:00.508Z] W (297223) RouteLoomRef: diagnostic reason=BOOTSTRAP_TRANSIT_ROLE peer=2 message=present
[2026-09-26T18:38:00.602Z] W (297317) RouteLoomRef: diagnostic reason=BOOTSTRAP_TRANSIT_ROLE peer=2 message=present
[2026-09-26T18:38:00.912Z] W (297627) RouteLoomRef: diagnostic reason=BOOTSTRAP_TRANSIT_ROLE peer=2 message=present
[2026-09-26T18:38:01.013Z] W (297728) RouteLoomRef: diagnostic reason=BOOTSTRAP_TRANSIT_ROLE peer=2 message=present
[2026-09-26T18:38:01.329Z] W (298044) RouteLoomRef: diagnostic reason=BOOTSTRAP_TRANSIT_ROLE peer=2 message=present
[2026-09-26T18:38:01.415Z] W (298130) RouteLoomRef: diagnostic reason=BOOTSTRAP_TRANSIT_ROLE peer=2 message=present
[2026-09-26T18:38:01.830Z] W (298543) RouteLoomRef: diagnostic reason=BOOTSTRAP_TRANSIT_ROLE peer=2 message=present
[2026-09-26T18:38:01.918Z] W (298633) RouteLoomRef: diagnostic reason=BOOTSTRAP_TRANSIT_ROLE peer=2 message=present
[2026-09-26T18:38:02.330Z] W (299045) RouteLoomRef: diagnostic reason=BOOTSTRAP_TRANSIT_ROLE peer=2 message=present
[2026-09-26T18:38:02.426Z] W (299141) RouteLoomRef: diagnostic reason=BOOTSTRAP_TRANSIT_ROLE peer=2 message=present
[2026-09-26T18:38:02.832Z] W (299547) RouteLoomRef: diagnostic reason=BOOTSTRAP_TRANSIT_ROLE peer=2 message=present
[2026-09-26T18:38:02.919Z] W (299634) RouteLoomRef: diagnostic reason=BOOTSTRAP_TRANSIT_ROLE peer=2 message=present
[2026-09-26T18:38:03.462Z] W (300177) RouteLoomRef: diagnostic reason=BOOTSTRAP_TRANSIT_ROLE peer=2 message=present
[2026-09-26T18:38:03.555Z] W (300270) RouteLoomRef: diagnostic reason=BOOTSTRAP_TRANSIT_ROLE peer=2 message=present
[2026-09-26T18:38:03.645Z] I (300359) RouteLoom: stack hwm main 8392 B
[2026-09-26T18:38:03.645Z] I (300359) RouteLoom: HIL HEAP free=21872 largest=19456 min=20956 B
[2026-09-26T18:38:03.645Z] I (300360) RouteLoom: HIL DISCOVERY candidates=0 neighbors=2 capacity=0 auth=3 stale=0 probes=37 send_failures=4 kind_rejects=1
[2026-09-26T18:38:03.645Z] I (300360) RouteLoom: HIL ROUTE peer=1 phase=5 via=1 metric=1 generation=835 seq=2
[2026-09-26T18:38:03.645Z] I (300360) RouteLoom: HIL ROUTE peer=2 phase=5 via=2 metric=1 generation=1334 seq=2
[2026-09-26T18:38:03.645Z] I (300361) RouteLoom: HIL ROUTE peer=3 phase=-1 via=0 metric=0 generation=0 seq=0
[2026-09-26T18:38:03.721Z] I (300436) RouteLoomRef: member state=4 links=2 ends=1 authority=1/1 confirm=1 demux_drop=0
[2026-09-26T18:38:03.723Z] I (300437) RouteLoomRef: member handshake starts=12 requests=1 rejected=0 send_fail=1 established=3 failed=0 last_error=6 active=0
[2026-09-26T18:38:03.723Z] I (300437) RouteLoomRef: member end send_fail=0 established=1 failed=0 last_error=0
[2026-09-26T18:38:03.724Z] I (300437) RouteLoomRef: authority state=2 tx_sent=9 tx_failed=0 rx_accepted=5 rx_rejected=0 pull=0 busy=0 backoff_s=0
[2026-09-26T18:38:03.724Z] I (300438) RouteLoomRef: authority mesh tx_carrier=9 queued=9 shed=575 rx_carrier=4 denied=0 timeout=0
[2026-09-26T18:38:03.724Z] I (300438) RouteLoomRef: authority jobs accepted=20 failed=0 last=
[2026-09-26T18:38:03.724Z] I (300438) RouteLoomRef: member discovery rx=11 offer_tx=11 offer_rx=2 auth=3 kind_reject=1 capacity=0 send_fail=4
[2026-09-26T18:38:03.724Z] I (300439) RouteLoomRef: member scope raw=13 accepted=12 mac_reject=0 hint=0 generation=0 key_unavailable=0 budget=0
[2026-09-26T18:38:03.731Z] W (300446) RouteLoomRef: diagnostic reason=BOOTSTRAP_TRANSIT_ROLE peer=2 message=present
[2026-09-26T18:38:03.825Z] W (300540) RouteLoomRef: diagnostic reason=BOOTSTRAP_TRANSIT_ROLE peer=2 message=present
[2026-09-26T18:38:04.131Z] W (300846) RouteLoomRef: diagnostic reason=BOOTSTRAP_TRANSIT_ROLE peer=2 message=present
[2026-09-26T18:38:04.215Z] W (300930) RouteLoomRef: diagnostic reason=BOOTSTRAP_TRANSIT_ROLE peer=2 message=present
[2026-09-26T18:38:04.535Z] W (301250) RouteLoomRef: diagnostic reason=BOOTSTRAP_TRANSIT_ROLE peer=2 message=present
[2026-09-26T18:38:04.629Z] W (301344) RouteLoomRef: diagnostic reason=BOOTSTRAP_TRANSIT_ROLE peer=2 message=present
[2026-09-26T18:38:08.721Z] I (305436) RouteLoomRef: member state=4 links=2 ends=1 authority=1/1 confirm=1 demux_drop=0
[2026-09-26T18:38:08.721Z] I (305437) RouteLoomRef: member handshake starts=12 requests=1 rejected=0 send_fail=1 established=3 failed=0 last_error=6 active=0
[2026-09-26T18:38:08.722Z] I (305437) RouteLoomRef: member end send_fail=0 established=1 failed=0 last_error=0
[2026-09-26T18:38:08.722Z] I (305437) RouteLoomRef: authority state=2 tx_sent=9 tx_failed=0 rx_accepted=5 rx_rejected=0 pull=0 busy=0 backoff_s=0
[2026-09-26T18:38:08.722Z] I (305438) RouteLoomRef: authority mesh tx_carrier=9 queued=9 shed=575 rx_carrier=4 denied=0 timeout=0
[2026-09-26T18:38:08.723Z] I (305438) RouteLoomRef: authority jobs accepted=20 failed=0 last=
[2026-09-26T18:38:08.723Z] I (305438) RouteLoomRef: member discovery rx=11 offer_tx=11 offer_rx=2 auth=3 kind_reject=1 capacity=0 send_fail=4
[2026-09-26T18:38:08.724Z] I (305439) RouteLoomRef: member scope raw=13 accepted=12 mac_reject=0 hint=0 generation=0 key_unavailable=0 budget=0
[2026-09-26T18:38:13.722Z] I (310437) RouteLoomRef: member state=4 links=2 ends=1 authority=1/1 confirm=1 demux_drop=0
[2026-09-26T18:38:13.722Z] I (310438) RouteLoomRef: member handshake starts=12 requests=1 rejected=0 send_fail=1 established=3 failed=0 last_error=6 active=0
[2026-09-26T18:38:13.723Z] I (310438) RouteLoomRef: member end send_fail=0 established=1 failed=0 last_error=0
[2026-09-26T18:38:13.723Z] I (310438) RouteLoomRef: authority state=2 tx_sent=9 tx_failed=0 rx_accepted=5 rx_rejected=0 pull=0 busy=0 backoff_s=0
[2026-09-26T18:38:13.723Z] I (310439) RouteLoomRef: authority mesh tx_carrier=9 queued=9 shed=575 rx_carrier=4 denied=0 timeout=0
[2026-09-26T18:38:13.724Z] I (310439) RouteLoomRef: authority jobs accepted=20 failed=0 last=
[2026-09-26T18:38:13.724Z] I (310439) RouteLoomRef: member discovery rx=11 offer_tx=11 offer_rx=2 auth=3 kind_reject=1 capacity=0 send_fail=4
[2026-09-26T18:38:13.724Z] I (310440) RouteLoomRef: member scope raw=13 accepted=12 mac_reject=0 hint=0 generation=0 key_unavailable=0 budget=0
[2026-09-26T18:38:18.723Z] I (315438) RouteLoomRef: member state=4 links=2 ends=1 authority=1/1 confirm=1 demux_drop=0
[2026-09-26T18:38:18.723Z] I (315439) RouteLoomRef: member handshake starts=12 requests=1 rejected=0 send_fail=1 established=3 failed=0 last_error=6 active=0
[2026-09-26T18:38:18.724Z] I (315439) RouteLoomRef: member end send_fail=0 established=1 failed=0 last_error=0
[2026-09-26T18:38:18.724Z] I (315439) RouteLoomRef: authority state=2 tx_sent=9 tx_failed=0 rx_accepted=5 rx_rejected=0 pull=0 busy=0 backoff_s=0
[2026-09-26T18:38:18.724Z] I (315440) RouteLoomRef: authority mesh tx_carrier=9 queued=9 shed=575 rx_carrier=4 denied=0 timeout=0
[2026-09-26T18:38:18.725Z] I (315440) RouteLoomRef: authority jobs accepted=20 failed=0 last=
[2026-09-26T18:38:18.725Z] I (315440) RouteLoomRef: member discovery rx=11 offer_tx=11 offer_rx=2 auth=3 kind_reject=1 capacity=0 send_fail=4
[2026-09-26T18:38:18.725Z] I (315440) RouteLoomRef: member scope raw=13 accepted=12 mac_reject=0 hint=0 generation=0 key_unavailable=0 budget=0
[2026-09-26T18:38:23.723Z] I (320438) RouteLoomRef: member state=4 links=2 ends=1 authority=1/1 confirm=1 demux_drop=0
[2026-09-26T18:38:23.723Z] I (320439) RouteLoomRef: member handshake starts=12 requests=1 rejected=0 send_fail=1 established=3 failed=0 last_error=6 active=0
[2026-09-26T18:38:23.724Z] I (320439) RouteLoomRef: member end send_fail=0 established=1 failed=0 last_error=0
[2026-09-26T18:38:23.724Z] I (320439) RouteLoomRef: authority state=2 tx_sent=9 tx_failed=0 rx_accepted=5 rx_rejected=0 pull=0 busy=0 backoff_s=0
[2026-09-26T18:38:23.724Z] I (320440) RouteLoomRef: authority mesh tx_carrier=9 queued=9 shed=575 rx_carrier=4 denied=0 timeout=0
[2026-09-26T18:38:23.725Z] I (320440) RouteLoomRef: authority jobs accepted=20 failed=0 last=
[2026-09-26T18:38:23.725Z] I (320440) RouteLoomRef: member discovery rx=11 offer_tx=11 offer_rx=2 auth=3 kind_reject=1 capacity=0 send_fail=4
[2026-09-26T18:38:23.725Z] I (320441) RouteLoomRef: member scope raw=13 accepted=12 mac_reject=0 hint=0 generation=0 key_unavailable=0 budget=0
[2026-09-26T18:38:28.729Z] I (325441) RouteLoomRef: member state=4 links=2 ends=1 authority=1/1 confirm=1 demux_drop=0
[2026-09-26T18:38:28.729Z] I (325442) RouteLoomRef: member handshake starts=12 requests=1 rejected=0 send_fail=1 established=3 failed=0 last_error=6 active=0
[2026-09-26T18:38:28.729Z] I (325442) RouteLoomRef: member end send_fail=0 established=1 failed=0 last_error=0
[2026-09-26T18:38:28.729Z] I (325442) RouteLoomRef: authority state=2 tx_sent=9 tx_failed=0 rx_accepted=5 rx_rejected=0 pull=0 busy=0 backoff_s=0
[2026-09-26T18:38:28.729Z] I (325443) RouteLoomRef: authority mesh tx_carrier=9 queued=9 shed=575 rx_carrier=4 denied=0 timeout=0
[2026-09-26T18:38:28.729Z] I (325443) RouteLoomRef: authority jobs accepted=20 failed=0 last=
[2026-09-26T18:38:28.729Z] I (325443) RouteLoomRef: member discovery rx=11 offer_tx=11 offer_rx=2 auth=3 kind_reject=1 capacity=0 send_fail=4
[2026-09-26T18:38:28.729Z] I (325444) RouteLoomRef: member scope raw=13 accepted=12 mac_reject=0 hint=0 generation=0 key_unavailable=0 budget=0
[2026-09-26T18:38:29.793Z] W (326507) RouteLoomRef: diagnostic reason=BOOTSTRAP_TRANSIT_ROLE peer=1 message=present
[2026-09-26T18:38:29.890Z] W (326605) RouteLoomRef: diagnostic reason=BOOTSTRAP_TRANSIT_ROLE peer=1 message=present
[2026-09-26T18:38:30.291Z] W (327005) RouteLoomRef: diagnostic reason=BOOTSTRAP_TRANSIT_ROLE peer=1 message=present
[2026-09-26T18:38:30.374Z] W (327089) RouteLoomRef: diagnostic reason=BOOTSTRAP_TRANSIT_ROLE peer=1 message=present
[2026-09-26T18:38:30.800Z] W (327515) RouteLoomRef: diagnostic reason=BOOTSTRAP_TRANSIT_ROLE peer=1 message=present
[2026-09-26T18:38:30.889Z] W (327604) RouteLoomRef: diagnostic reason=BOOTSTRAP_TRANSIT_ROLE peer=1 message=present
[2026-09-26T18:38:31.301Z] W (328016) RouteLoomRef: diagnostic reason=BOOTSTRAP_TRANSIT_ROLE peer=1 message=present
[2026-09-26T18:38:31.399Z] W (328114) RouteLoomRef: diagnostic reason=BOOTSTRAP_TRANSIT_ROLE peer=1 message=present
[2026-09-26T18:38:31.928Z] W (328641) RouteLoomRef: diagnostic reason=BOOTSTRAP_TRANSIT_ROLE peer=1 message=present
[2026-09-26T18:38:32.011Z] W (328725) RouteLoomRef: diagnostic reason=BOOTSTRAP_TRANSIT_ROLE peer=1 message=present
[2026-09-26T18:38:32.195Z] W (328910) RouteLoomRef: diagnostic reason=BOOTSTRAP_TRANSIT_ROLE peer=1 message=present
[2026-09-26T18:38:32.285Z] W (329000) RouteLoomRef: diagnostic reason=BOOTSTRAP_TRANSIT_ROLE peer=1 message=present
[2026-09-26T18:38:32.596Z] W (329311) RouteLoomRef: diagnostic reason=BOOTSTRAP_TRANSIT_ROLE peer=1 message=present
[2026-09-26T18:38:32.694Z] W (329409) RouteLoomRef: diagnostic reason=BOOTSTRAP_TRANSIT_ROLE peer=1 message=present
[2026-09-26T18:38:32.997Z] W (329712) RouteLoomRef: diagnostic reason=BOOTSTRAP_TRANSIT_ROLE peer=1 message=present
[2026-09-26T18:38:33.086Z] W (329801) RouteLoomRef: diagnostic reason=BOOTSTRAP_TRANSIT_ROLE peer=1 message=present
[2026-09-26T18:38:33.422Z] W (330137) RouteLoomRef: diagnostic reason=BOOTSTRAP_TRANSIT_ROLE peer=1 message=present
[2026-09-26T18:38:33.512Z] W (330227) RouteLoomRef: diagnostic reason=BOOTSTRAP_TRANSIT_ROLE peer=1 message=present
[2026-09-26T18:38:33.728Z] I (330442) RouteLoomRef: member state=4 links=2 ends=1 authority=1/1 confirm=1 demux_drop=0
[2026-09-26T18:38:33.728Z] I (330443) RouteLoomRef: member handshake starts=12 requests=1 rejected=0 send_fail=1 established=3 failed=0 last_error=6 active=0
[2026-09-26T18:38:33.729Z] I (330443) RouteLoomRef: member end send_fail=0 established=1 failed=0 last_error=0
[2026-09-26T18:38:33.729Z] I (330443) RouteLoomRef: authority state=2 tx_sent=9 tx_failed=0 rx_accepted=5 rx_rejected=0 pull=0 busy=0 backoff_s=0
[2026-09-26T18:38:33.729Z] I (330444) RouteLoomRef: authority mesh tx_carrier=9 queued=9 shed=575 rx_carrier=4 denied=0 timeout=0
[2026-09-26T18:38:33.729Z] I (330444) RouteLoomRef: authority jobs accepted=20 failed=0 last=
[2026-09-26T18:38:33.729Z] I (330444) RouteLoomRef: member discovery rx=11 offer_tx=11 offer_rx=2 auth=3 kind_reject=1 capacity=0 send_fail=5
[2026-09-26T18:38:33.730Z] I (330445) RouteLoomRef: member scope raw=13 accepted=12 mac_reject=0 hint=0 generation=0 key_unavailable=0 budget=0
[2026-09-26T18:38:33.921Z] W (330636) RouteLoomRef: diagnostic reason=BOOTSTRAP_TRANSIT_ROLE peer=1 message=present
[2026-09-26T18:38:34.021Z] W (330734) RouteLoomRef: diagnostic reason=BOOTSTRAP_TRANSIT_ROLE peer=1 message=present
[2026-09-26T18:38:34.427Z] W (331142) RouteLoomRef: diagnostic reason=BOOTSTRAP_TRANSIT_ROLE peer=1 message=present
[2026-09-26T18:38:34.511Z] W (331226) RouteLoomRef: diagnostic reason=BOOTSTRAP_TRANSIT_ROLE peer=1 message=present
[2026-09-26T18:38:34.929Z] W (331644) RouteLoomRef: diagnostic reason=BOOTSTRAP_TRANSIT_ROLE peer=1 message=present
[2026-09-26T18:38:35.016Z] W (331731) RouteLoomRef: diagnostic reason=BOOTSTRAP_TRANSIT_ROLE peer=1 message=present
[2026-09-26T18:38:35.555Z] W (332269) RouteLoomRef: diagnostic reason=BOOTSTRAP_TRANSIT_ROLE peer=1 message=present
[2026-09-26T18:38:35.650Z] W (332365) RouteLoomRef: diagnostic reason=BOOTSTRAP_TRANSIT_ROLE peer=1 message=present
[2026-09-26T18:38:35.824Z] W (332537) RouteLoomRef: diagnostic reason=BOOTSTRAP_TRANSIT_ROLE peer=1 message=present
[2026-09-26T18:38:35.901Z] W (332616) RouteLoomRef: diagnostic reason=BOOTSTRAP_TRANSIT_ROLE peer=1 message=present
[2026-09-26T18:38:36.223Z] W (332938) RouteLoomRef: diagnostic reason=BOOTSTRAP_TRANSIT_ROLE peer=1 message=present
[2026-09-26T18:38:36.310Z] W (333025) RouteLoomRef: diagnostic reason=BOOTSTRAP_TRANSIT_ROLE peer=1 message=present
[2026-09-26T18:38:36.625Z] W (333339) RouteLoomRef: diagnostic reason=BOOTSTRAP_TRANSIT_ROLE peer=1 message=present
[2026-09-26T18:38:36.717Z] W (333432) RouteLoomRef: diagnostic reason=BOOTSTRAP_TRANSIT_ROLE peer=1 message=present
[2026-09-26T18:38:38.730Z] I (335445) RouteLoomRef: member state=4 links=2 ends=1 authority=1/1 confirm=1 demux_drop=0
[2026-09-26T18:38:38.731Z] I (335446) RouteLoomRef: member handshake starts=12 requests=1 rejected=0 send_fail=1 established=3 failed=0 last_error=6 active=0
[2026-09-26T18:38:38.732Z] I (335446) RouteLoomRef: member end send_fail=0 established=1 failed=0 last_error=0
[2026-09-26T18:38:38.732Z] I (335446) RouteLoomRef: authority state=2 tx_sent=9 tx_failed=0 rx_accepted=5 rx_rejected=0 pull=0 busy=0 backoff_s=0
[2026-09-26T18:38:38.732Z] I (335447) RouteLoomRef: authority mesh tx_carrier=9 queued=9 shed=575 rx_carrier=4 denied=0 timeout=0
[2026-09-26T18:38:38.732Z] I (335447) RouteLoomRef: authority jobs accepted=20 failed=0 last=
[2026-09-26T18:38:38.732Z] I (335447) RouteLoomRef: member discovery rx=11 offer_tx=11 offer_rx=2 auth=3 kind_reject=1 capacity=0 send_fail=5
[2026-09-26T18:38:38.735Z] I (335448) RouteLoomRef: member scope raw=13 accepted=12 mac_reject=0 hint=0 generation=0 key_unavailable=0 budget=0
[2026-09-26T18:38:43.731Z] I (340446) RouteLoomRef: member state=4 links=2 ends=1 authority=1/1 confirm=1 demux_drop=0
[2026-09-26T18:38:43.732Z] I (340447) RouteLoomRef: member handshake starts=12 requests=1 rejected=0 send_fail=1 established=3 failed=0 last_error=6 active=0
[2026-09-26T18:38:43.732Z] I (340447) RouteLoomRef: member end send_fail=0 established=1 failed=0 last_error=0
[2026-09-26T18:38:43.732Z] I (340447) RouteLoomRef: authority state=2 tx_sent=9 tx_failed=0 rx_accepted=5 rx_rejected=0 pull=0 busy=0 backoff_s=0
[2026-09-26T18:38:43.736Z] I (340448) RouteLoomRef: authority mesh tx_carrier=9 queued=9 shed=575 rx_carrier=4 denied=0 timeout=0
[2026-09-26T18:38:43.736Z] I (340448) RouteLoomRef: authority jobs accepted=20 failed=0 last=
[2026-09-26T18:38:43.736Z] I (340448) RouteLoomRef: member discovery rx=11 offer_tx=11 offer_rx=2 auth=3 kind_reject=1 capacity=0 send_fail=5
[2026-09-26T18:38:43.736Z] I (340449) RouteLoomRef: member scope raw=13 accepted=12 mac_reject=0 hint=0 generation=0 key_unavailable=0 budget=0
[2026-09-26T18:38:48.733Z] I (345446) RouteLoomRef: member state=4 links=2 ends=1 authority=1/1 confirm=1 demux_drop=0
[2026-09-26T18:38:48.733Z] I (345447) RouteLoomRef: member handshake starts=12 requests=1 rejected=0 send_fail=1 established=3 failed=0 last_error=6 active=0
[2026-09-26T18:38:48.733Z] I (345447) RouteLoomRef: member end send_fail=0 established=1 failed=0 last_error=0
[2026-09-26T18:38:48.733Z] I (345447) RouteLoomRef: authority state=2 tx_sent=9 tx_failed=0 rx_accepted=5 rx_rejected=0 pull=0 busy=0 backoff_s=0
[2026-09-26T18:38:48.733Z] I (345448) RouteLoomRef: authority mesh tx_carrier=9 queued=9 shed=575 rx_carrier=4 denied=0 timeout=0
[2026-09-26T18:38:48.733Z] I (345448) RouteLoomRef: authority jobs accepted=20 failed=0 last=
[2026-09-26T18:38:48.734Z] I (345448) RouteLoomRef: member discovery rx=11 offer_tx=11 offer_rx=2 auth=3 kind_reject=1 capacity=0 send_fail=5
[2026-09-26T18:38:48.734Z] I (345449) RouteLoomRef: member scope raw=13 accepted=12 mac_reject=0 hint=0 generation=0 key_unavailable=0 budget=0
[2026-09-26T18:38:53.733Z] I (350446) RouteLoomRef: member state=4 links=2 ends=1 authority=1/1 confirm=1 demux_drop=0
[2026-09-26T18:38:53.733Z] I (350447) RouteLoomRef: member handshake starts=12 requests=1 rejected=0 send_fail=1 established=3 failed=0 last_error=6 active=0
[2026-09-26T18:38:53.733Z] I (350447) RouteLoomRef: member end send_fail=0 established=1 failed=0 last_error=0
[2026-09-26T18:38:53.733Z] I (350447) RouteLoomRef: authority state=2 tx_sent=9 tx_failed=0 rx_accepted=5 rx_rejected=0 pull=0 busy=0 backoff_s=0
[2026-09-26T18:38:53.733Z] I (350448) RouteLoomRef: authority mesh tx_carrier=9 queued=9 shed=575 rx_carrier=4 denied=0 timeout=0
[2026-09-26T18:38:53.733Z] I (350448) RouteLoomRef: authority jobs accepted=20 failed=0 last=
[2026-09-26T18:38:53.735Z] I (350448) RouteLoomRef: member discovery rx=11 offer_tx=11 offer_rx=2 auth=3 kind_reject=1 capacity=0 send_fail=5
[2026-09-26T18:38:53.735Z] I (350449) RouteLoomRef: member scope raw=13 accepted=12 mac_reject=0 hint=0 generation=0 key_unavailable=0 budget=0
[2026-09-26T18:38:58.735Z] I (355449) RouteLoomRef: member state=4 links=2 ends=1 authority=1/1 confirm=1 demux_drop=0
[2026-09-26T18:38:58.735Z] I (355450) RouteLoomRef: member handshake starts=12 requests=1 rejected=0 send_fail=1 established=3 failed=0 last_error=6 active=0
[2026-09-26T18:38:58.735Z] I (355450) RouteLoomRef: member end send_fail=0 established=1 failed=0 last_error=0
[2026-09-26T18:38:58.736Z] I (355450) RouteLoomRef: authority state=2 tx_sent=9 tx_failed=0 rx_accepted=5 rx_rejected=0 pull=0 busy=0 backoff_s=0
[2026-09-26T18:38:58.736Z] I (355451) RouteLoomRef: authority mesh tx_carrier=9 queued=9 shed=575 rx_carrier=4 denied=0 timeout=0
[2026-09-26T18:38:58.736Z] I (355451) RouteLoomRef: authority jobs accepted=20 failed=0 last=
[2026-09-26T18:38:58.737Z] I (355451) RouteLoomRef: member discovery rx=11 offer_tx=11 offer_rx=2 auth=3 kind_reject=1 capacity=0 send_fail=5
[2026-09-26T18:38:58.737Z] I (355452) RouteLoomRef: member scope raw=13 accepted=12 mac_reject=0 hint=0 generation=0 key_unavailable=0 budget=0
[2026-09-26T18:39:03.647Z] I (360362) RouteLoom: stack hwm main 8392 B
[2026-09-26T18:39:03.648Z] I (360362) RouteLoom: HIL HEAP free=21872 largest=19456 min=20956 B
[2026-09-26T18:39:03.648Z] I (360363) RouteLoom: HIL DISCOVERY candidates=0 neighbors=2 capacity=0 auth=3 stale=0 probes=43 send_failures=5 kind_rejects=1
[2026-09-26T18:39:03.648Z] I (360363) RouteLoom: HIL ROUTE peer=1 phase=5 via=1 metric=1 generation=835 seq=2
[2026-09-26T18:39:03.649Z] I (360363) RouteLoom: HIL ROUTE peer=2 phase=5 via=2 metric=1 generation=1334 seq=2
[2026-09-26T18:39:03.649Z] I (360364) RouteLoom: HIL ROUTE peer=3 phase=-1 via=0 metric=0 generation=0 seq=0
[2026-09-26T18:39:03.739Z] I (360451) RouteLoomRef: member state=4 links=2 ends=1 authority=1/1 confirm=1 demux_drop=0
[2026-09-26T18:39:03.740Z] I (360452) RouteLoomRef: member handshake starts=12 requests=1 rejected=0 send_fail=1 established=3 failed=0 last_error=6 active=0
[2026-09-26T18:39:03.740Z] I (360452) RouteLoomRef: member end send_fail=0 established=1 failed=0 last_error=0
[2026-09-26T18:39:03.740Z] I (360452) RouteLoomRef: authority state=2 tx_sent=9 tx_failed=0 rx_accepted=5 rx_rejected=0 pull=0 busy=0 backoff_s=0
[2026-09-26T18:39:03.740Z] I (360453) RouteLoomRef: authority mesh tx_carrier=9 queued=9 shed=575 rx_carrier=4 denied=0 timeout=0
[2026-09-26T18:39:03.740Z] I (360453) RouteLoomRef: authority jobs accepted=20 failed=0 last=
[2026-09-26T18:39:03.740Z] I (360453) RouteLoomRef: member discovery rx=11 offer_tx=11 offer_rx=2 auth=3 kind_reject=1 capacity=0 send_fail=5
[2026-09-26T18:39:03.740Z] I (360454) RouteLoomRef: member scope raw=13 accepted=12 mac_reject=0 hint=0 generation=0 key_unavailable=0 budget=0
[2026-09-26T18:39:04.194Z] W (360908) RouteLoomRef: diagnostic reason=ROUTE_INFEASIBLE_SEQNO_NEEDED peer=2 message=none
[2026-09-26T18:39:08.737Z] I (365451) RouteLoomRef: member state=4 links=2 ends=1 authority=1/1 confirm=1 demux_drop=0
[2026-09-26T18:39:08.737Z] I (365452) RouteLoomRef: member handshake starts=12 requests=1 rejected=0 send_fail=1 established=3 failed=0 last_error=6 active=0
[2026-09-26T18:39:08.738Z] I (365452) RouteLoomRef: member end send_fail=0 established=1 failed=0 last_error=0
[2026-09-26T18:39:08.738Z] I (365452) RouteLoomRef: authority state=2 tx_sent=9 tx_failed=0 rx_accepted=5 rx_rejected=0 pull=0 busy=0 backoff_s=0
[2026-09-26T18:39:08.738Z] I (365453) RouteLoomRef: authority mesh tx_carrier=9 queued=9 shed=575 rx_carrier=4 denied=0 timeout=0
[2026-09-26T18:39:08.738Z] I (365453) RouteLoomRef: authority jobs accepted=20 failed=0 last=
[2026-09-26T18:39:08.740Z] I (365453) RouteLoomRef: member discovery rx=11 offer_tx=11 offer_rx=2 auth=3 kind_reject=1 capacity=0 send_fail=5
[2026-09-26T18:39:08.740Z] I (365454) RouteLoomRef: member scope raw=13 accepted=12 mac_reject=0 hint=0 generation=0 key_unavailable=0 budget=0
[2026-09-26T18:39:13.738Z] I (370452) RouteLoomRef: member state=4 links=2 ends=1 authority=1/1 confirm=1 demux_drop=0
[2026-09-26T18:39:13.738Z] I (370453) RouteLoomRef: member handshake starts=12 requests=1 rejected=0 send_fail=1 established=3 failed=0 last_error=6 active=0
[2026-09-26T18:39:13.738Z] I (370453) RouteLoomRef: member end send_fail=0 established=1 failed=0 last_error=0
[2026-09-26T18:39:13.739Z] I (370453) RouteLoomRef: authority state=2 tx_sent=9 tx_failed=0 rx_accepted=5 rx_rejected=0 pull=0 busy=0 backoff_s=0
[2026-09-26T18:39:13.739Z] I (370454) RouteLoomRef: authority mesh tx_carrier=9 queued=9 shed=575 rx_carrier=4 denied=0 timeout=0
[2026-09-26T18:39:13.739Z] I (370454) RouteLoomRef: authority jobs accepted=20 failed=0 last=
[2026-09-26T18:39:13.740Z] I (370454) RouteLoomRef: member discovery rx=11 offer_tx=11 offer_rx=2 auth=3 kind_reject=1 capacity=0 send_fail=5
[2026-09-26T18:39:13.740Z] I (370455) RouteLoomRef: member scope raw=13 accepted=12 mac_reject=0 hint=0 generation=0 key_unavailable=0 budget=0
[2026-09-26T18:39:18.738Z] I (375452) RouteLoomRef: member state=4 links=2 ends=1 authority=1/1 confirm=1 demux_drop=0
[2026-09-26T18:39:18.741Z] I (375453) RouteLoomRef: member handshake starts=12 requests=1 rejected=0 send_fail=1 established=3 failed=0 last_error=6 active=0
[2026-09-26T18:39:18.741Z] I (375453) RouteLoomRef: member end send_fail=0 established=1 failed=0 last_error=0
[2026-09-26T18:39:18.741Z] I (375453) RouteLoomRef: authority state=2 tx_sent=9 tx_failed=0 rx_accepted=5 rx_rejected=0 pull=0 busy=0 backoff_s=0
[2026-09-26T18:39:18.741Z] I (375454) RouteLoomRef: authority mesh tx_carrier=9 queued=9 shed=575 rx_carrier=4 denied=0 timeout=0
[2026-09-26T18:39:18.741Z] I (375454) RouteLoomRef: authority jobs accepted=20 failed=0 last=
[2026-09-26T18:39:18.741Z] I (375454) RouteLoomRef: member discovery rx=11 offer_tx=11 offer_rx=2 auth=3 kind_reject=1 capacity=0 send_fail=5
[2026-09-26T18:39:18.741Z] I (375455) RouteLoomRef: member scope raw=13 accepted=12 mac_reject=0 hint=0 generation=0 key_unavailable=0 budget=0
[2026-09-26T18:39:23.739Z] I (380453) RouteLoomRef: member state=4 links=2 ends=1 authority=1/1 confirm=1 demux_drop=0
[2026-09-26T18:39:23.739Z] I (380454) RouteLoomRef: member handshake starts=12 requests=1 rejected=0 send_fail=1 established=3 failed=0 last_error=6 active=0
[2026-09-26T18:39:23.740Z] I (380454) RouteLoomRef: member end send_fail=0 established=1 failed=0 last_error=0
[2026-09-26T18:39:23.740Z] I (380454) RouteLoomRef: authority state=2 tx_sent=9 tx_failed=0 rx_accepted=5 rx_rejected=0 pull=0 busy=0 backoff_s=0
[2026-09-26T18:39:23.740Z] I (380455) RouteLoomRef: authority mesh tx_carrier=9 queued=9 shed=575 rx_carrier=4 denied=0 timeout=0
[2026-09-26T18:39:23.740Z] I (380455) RouteLoomRef: authority jobs accepted=20 failed=0 last=
[2026-09-26T18:39:23.741Z] I (380455) RouteLoomRef: member discovery rx=11 offer_tx=11 offer_rx=2 auth=3 kind_reject=1 capacity=0 send_fail=5
[2026-09-26T18:39:23.741Z] I (380456) RouteLoomRef: member scope raw=13 accepted=12 mac_reject=0 hint=0 generation=0 key_unavailable=0 budget=0
[2026-09-26T18:39:28.742Z] I (385456) RouteLoomRef: member state=4 links=2 ends=1 authority=1/1 confirm=1 demux_drop=0
[2026-09-26T18:39:28.742Z] I (385457) RouteLoomRef: member handshake starts=12 requests=1 rejected=0 send_fail=1 established=3 failed=0 last_error=6 active=0
[2026-09-26T18:39:28.743Z] I (385457) RouteLoomRef: member end send_fail=0 established=1 failed=0 last_error=0
[2026-09-26T18:39:28.743Z] I (385457) RouteLoomRef: authority state=2 tx_sent=9 tx_failed=0 rx_accepted=5 rx_rejected=0 pull=0 busy=0 backoff_s=0
[2026-09-26T18:39:28.743Z] I (385458) RouteLoomRef: authority mesh tx_carrier=9 queued=9 shed=575 rx_carrier=4 denied=0 timeout=0
[2026-09-26T18:39:28.746Z] I (385458) RouteLoomRef: authority jobs accepted=20 failed=0 last=
[2026-09-26T18:39:28.746Z] I (385458) RouteLoomRef: member discovery rx=11 offer_tx=11 offer_rx=2 auth=3 kind_reject=1 capacity=0 send_fail=5
[2026-09-26T18:39:28.746Z] I (385459) RouteLoomRef: member scope raw=13 accepted=12 mac_reject=0 hint=0 generation=0 key_unavailable=0 budget=0
[2026-09-26T18:39:33.743Z] I (390457) RouteLoomRef: member state=4 links=2 ends=1 authority=1/1 confirm=1 demux_drop=0
[2026-09-26T18:39:33.744Z] I (390458) RouteLoomRef: member handshake starts=12 requests=1 rejected=0 send_fail=1 established=3 failed=0 last_error=6 active=0
[2026-09-26T18:39:33.744Z] I (390458) RouteLoomRef: member end send_fail=0 established=1 failed=0 last_error=0
[2026-09-26T18:39:33.744Z] I (390458) RouteLoomRef: authority state=2 tx_sent=9 tx_failed=0 rx_accepted=5 rx_rejected=0 pull=0 busy=0 backoff_s=0
[2026-09-26T18:39:33.744Z] I (390459) RouteLoomRef: authority mesh tx_carrier=9 queued=9 shed=575 rx_carrier=4 denied=0 timeout=0
[2026-09-26T18:39:33.745Z] I (390459) RouteLoomRef: authority jobs accepted=20 failed=0 last=
[2026-09-26T18:39:33.745Z] I (390459) RouteLoomRef: member discovery rx=11 offer_tx=11 offer_rx=2 auth=3 kind_reject=1 capacity=0 send_fail=5
[2026-09-26T18:39:33.747Z] I (390460) RouteLoomRef: member scope raw=13 accepted=12 mac_reject=0 hint=0 generation=0 key_unavailable=0 budget=0
[2026-09-26T18:39:38.746Z] I (395460) RouteLoomRef: member state=4 links=2 ends=1 authority=1/1 confirm=1 demux_drop=0
[2026-09-26T18:39:38.750Z] I (395461) RouteLoomRef: member handshake starts=12 requests=1 rejected=0 send_fail=1 established=3 failed=0 last_error=6 active=0
[2026-09-26T18:39:38.750Z] I (395461) RouteLoomRef: member end send_fail=0 established=1 failed=0 last_error=0
[2026-09-26T18:39:38.750Z] I (395461) RouteLoomRef: authority state=2 tx_sent=9 tx_failed=0 rx_accepted=5 rx_rejected=0 pull=0 busy=0 backoff_s=0
[2026-09-26T18:39:38.750Z] I (395462) RouteLoomRef: authority mesh tx_carrier=9 queued=9 shed=575 rx_carrier=4 denied=0 timeout=0
[2026-09-26T18:39:38.750Z] I (395462) RouteLoomRef: authority jobs accepted=20 failed=0 last=
[2026-09-26T18:39:38.750Z] I (395462) RouteLoomRef: member discovery rx=11 offer_tx=11 offer_rx=2 auth=3 kind_reject=1 capacity=0 send_fail=5
[2026-09-26T18:39:38.750Z] I (395463) RouteLoomRef: member scope raw=13 accepted=12 mac_reject=0 hint=0 generation=0 key_unavailable=0 budget=0
[2026-09-26T18:39:43.747Z] I (400461) RouteLoomRef: member state=4 links=2 ends=1 authority=1/1 confirm=1 demux_drop=0
[2026-09-26T18:39:43.748Z] I (400462) RouteLoomRef: member handshake starts=12 requests=1 rejected=0 send_fail=1 established=3 failed=0 last_error=6 active=0
[2026-09-26T18:39:43.748Z] I (400462) RouteLoomRef: member end send_fail=0 established=1 failed=0 last_error=0
[2026-09-26T18:39:43.748Z] I (400462) RouteLoomRef: authority state=2 tx_sent=9 tx_failed=0 rx_accepted=5 rx_rejected=0 pull=0 busy=0 backoff_s=0
[2026-09-26T18:39:43.749Z] I (400463) RouteLoomRef: authority mesh tx_carrier=9 queued=9 shed=575 rx_carrier=4 denied=0 timeout=0
[2026-09-26T18:39:43.749Z] I (400463) RouteLoomRef: authority jobs accepted=20 failed=0 last=
[2026-09-26T18:39:43.749Z] I (400463) RouteLoomRef: member discovery rx=11 offer_tx=11 offer_rx=2 auth=3 kind_reject=1 capacity=0 send_fail=5
[2026-09-26T18:39:43.749Z] I (400464) RouteLoomRef: member scope raw=13 accepted=12 mac_reject=0 hint=0 generation=0 key_unavailable=0 budget=0
[2026-09-26T18:39:48.747Z] I (405461) RouteLoomRef: member state=4 links=2 ends=1 authority=1/1 confirm=1 demux_drop=0
[2026-09-26T18:39:48.747Z] I (405462) RouteLoomRef: member handshake starts=12 requests=1 rejected=0 send_fail=1 established=3 failed=0 last_error=6 active=0
[2026-09-26T18:39:48.748Z] I (405462) RouteLoomRef: member end send_fail=0 established=1 failed=0 last_error=0
[2026-09-26T18:39:48.748Z] I (405462) RouteLoomRef: authority state=2 tx_sent=9 tx_failed=0 rx_accepted=5 rx_rejected=0 pull=0 busy=0 backoff_s=0
[2026-09-26T18:39:48.748Z] I (405463) RouteLoomRef: authority mesh tx_carrier=9 queued=9 shed=575 rx_carrier=4 denied=0 timeout=0
[2026-09-26T18:39:48.749Z] I (405463) RouteLoomRef: authority jobs accepted=20 failed=0 last=
[2026-09-26T18:39:48.749Z] I (405463) RouteLoomRef: member discovery rx=11 offer_tx=11 offer_rx=2 auth=3 kind_reject=1 capacity=0 send_fail=5
[2026-09-26T18:39:48.749Z] I (405464) RouteLoomRef: member scope raw=13 accepted=12 mac_reject=0 hint=0 generation=0 key_unavailable=0 budget=0
[2026-09-26T18:39:53.749Z] I (410463) RouteLoomRef: member state=4 links=2 ends=1 authority=1/1 confirm=1 demux_drop=0
[2026-09-26T18:39:53.749Z] I (410464) RouteLoomRef: member handshake starts=12 requests=1 rejected=0 send_fail=1 established=3 failed=0 last_error=6 active=0
[2026-09-26T18:39:53.750Z] I (410464) RouteLoomRef: member end send_fail=0 established=1 failed=0 last_error=0
[2026-09-26T18:39:53.750Z] I (410464) RouteLoomRef: authority state=2 tx_sent=9 tx_failed=0 rx_accepted=5 rx_rejected=0 pull=0 busy=0 backoff_s=0
[2026-09-26T18:39:53.750Z] I (410465) RouteLoomRef: authority mesh tx_carrier=9 queued=9 shed=575 rx_carrier=4 denied=0 timeout=0
[2026-09-26T18:39:53.751Z] I (410465) RouteLoomRef: authority jobs accepted=20 failed=0 last=
[2026-09-26T18:39:53.751Z] I (410465) RouteLoomRef: member discovery rx=11 offer_tx=11 offer_rx=2 auth=3 kind_reject=1 capacity=0 send_fail=5
[2026-09-26T18:39:53.751Z] I (410466) RouteLoomRef: member scope raw=13 accepted=12 mac_reject=0 hint=0 generation=0 key_unavailable=0 budget=0
[2026-09-26T18:39:58.752Z] I (415466) RouteLoomRef: member state=4 links=2 ends=1 authority=1/1 confirm=1 demux_drop=0
[2026-09-26T18:39:58.752Z] I (415467) RouteLoomRef: member handshake starts=12 requests=1 rejected=0 send_fail=1 established=3 failed=0 last_error=6 active=0
[2026-09-26T18:39:58.753Z] I (415467) RouteLoomRef: member end send_fail=0 established=1 failed=0 last_error=0
[2026-09-26T18:39:58.753Z] I (415467) RouteLoomRef: authority state=2 tx_sent=9 tx_failed=0 rx_accepted=5 rx_rejected=0 pull=0 busy=0 backoff_s=0
[2026-09-26T18:39:58.754Z] I (415468) RouteLoomRef: authority mesh tx_carrier=9 queued=9 shed=575 rx_carrier=4 denied=0 timeout=0
[2026-09-26T18:39:58.754Z] I (415468) RouteLoomRef: authority jobs accepted=20 failed=0 last=
[2026-09-26T18:39:58.754Z] I (415468) RouteLoomRef: member discovery rx=11 offer_tx=11 offer_rx=2 auth=3 kind_reject=1 capacity=0 send_fail=5
[2026-09-26T18:39:58.754Z] I (415469) RouteLoomRef: member scope raw=13 accepted=12 mac_reject=0 hint=0 generation=0 key_unavailable=0 budget=0
[2026-09-26T18:40:03.651Z] I (420365) RouteLoom: stack hwm main 8392 B
[2026-09-26T18:40:03.651Z] I (420365) RouteLoom: HIL HEAP free=21872 largest=19456 min=20956 B
[2026-09-26T18:40:03.652Z] I (420366) RouteLoom: HIL DISCOVERY candidates=0 neighbors=2 capacity=0 auth=3 stale=0 probes=49 send_failures=5 kind_rejects=1
[2026-09-26T18:40:03.652Z] I (420366) RouteLoom: HIL ROUTE peer=1 phase=5 via=1 metric=1 generation=835 seq=2
[2026-09-26T18:40:03.652Z] I (420366) RouteLoom: HIL ROUTE peer=2 phase=5 via=2 metric=1 generation=1334 seq=2
[2026-09-26T18:40:03.652Z] I (420367) RouteLoom: HIL ROUTE peer=3 phase=-1 via=0 metric=0 generation=0 seq=0
[2026-09-26T18:40:03.752Z] I (420466) RouteLoomRef: member state=4 links=2 ends=1 authority=1/1 confirm=1 demux_drop=0
[2026-09-26T18:40:03.753Z] I (420467) RouteLoomRef: member handshake starts=12 requests=1 rejected=0 send_fail=1 established=3 failed=0 last_error=6 active=0
[2026-09-26T18:40:03.753Z] I (420467) RouteLoomRef: member end send_fail=0 established=1 failed=0 last_error=0
[2026-09-26T18:40:03.753Z] I (420467) RouteLoomRef: authority state=2 tx_sent=9 tx_failed=0 rx_accepted=5 rx_rejected=0 pull=0 busy=0 backoff_s=0
[2026-09-26T18:40:03.753Z] I (420468) RouteLoomRef: authority mesh tx_carrier=9 queued=9 shed=575 rx_carrier=4 denied=0 timeout=0
[2026-09-26T18:40:03.754Z] I (420468) RouteLoomRef: authority jobs accepted=20 failed=0 last=
[2026-09-26T18:40:03.754Z] I (420468) RouteLoomRef: member discovery rx=11 offer_tx=11 offer_rx=2 auth=3 kind_reject=1 capacity=0 send_fail=5
[2026-09-26T18:40:03.754Z] I (420469) RouteLoomRef: member scope raw=13 accepted=12 mac_reject=0 hint=0 generation=0 key_unavailable=0 budget=0
[2026-09-26T18:40:08.755Z] I (425469) RouteLoomRef: member state=4 links=2 ends=1 authority=1/1 confirm=1 demux_drop=0
[2026-09-26T18:40:08.756Z] I (425470) RouteLoomRef: member handshake starts=12 requests=1 rejected=0 send_fail=1 established=3 failed=0 last_error=6 active=0
[2026-09-26T18:40:08.756Z] I (425470) RouteLoomRef: member end send_fail=0 established=1 failed=0 last_error=0
[2026-09-26T18:40:08.756Z] I (425470) RouteLoomRef: authority state=2 tx_sent=9 tx_failed=0 rx_accepted=5 rx_rejected=0 pull=0 busy=0 backoff_s=0
[2026-09-26T18:40:08.759Z] I (425471) RouteLoomRef: authority mesh tx_carrier=9 queued=9 shed=575 rx_carrier=4 denied=0 timeout=0
[2026-09-26T18:40:08.759Z] I (425471) RouteLoomRef: authority jobs accepted=20 failed=0 last=
[2026-09-26T18:40:08.759Z] I (425471) RouteLoomRef: member discovery rx=11 offer_tx=11 offer_rx=2 auth=3 kind_reject=1 capacity=0 send_fail=5
[2026-09-26T18:40:08.759Z] I (425472) RouteLoomRef: member scope raw=13 accepted=12 mac_reject=0 hint=0 generation=0 key_unavailable=0 budget=0
[2026-09-26T18:40:13.756Z] I (430470) RouteLoomRef: member state=4 links=2 ends=1 authority=1/1 confirm=1 demux_drop=0
[2026-09-26T18:40:13.757Z] I (430471) RouteLoomRef: member handshake starts=12 requests=1 rejected=0 send_fail=1 established=3 failed=0 last_error=6 active=0
[2026-09-26T18:40:13.759Z] I (430471) RouteLoomRef: member end send_fail=0 established=1 failed=0 last_error=0
[2026-09-26T18:40:13.759Z] I (430471) RouteLoomRef: authority state=2 tx_sent=9 tx_failed=0 rx_accepted=5 rx_rejected=0 pull=0 busy=0 backoff_s=0
[2026-09-26T18:40:13.759Z] I (430472) RouteLoomRef: authority mesh tx_carrier=9 queued=9 shed=575 rx_carrier=4 denied=0 timeout=0
[2026-09-26T18:40:13.759Z] I (430472) RouteLoomRef: authority jobs accepted=20 failed=0 last=
[2026-09-26T18:40:13.759Z] I (430472) RouteLoomRef: member discovery rx=11 offer_tx=11 offer_rx=2 auth=3 kind_reject=1 capacity=0 send_fail=5
[2026-09-26T18:40:13.759Z] I (430472) RouteLoomRef: member scope raw=13 accepted=12 mac_reject=0 hint=0 generation=0 key_unavailable=0 budget=0
[2026-09-26T18:40:18.759Z] I (435473) RouteLoomRef: member state=4 links=2 ends=1 authority=1/1 confirm=1 demux_drop=0
[2026-09-26T18:40:18.760Z] I (435474) RouteLoomRef: member handshake starts=12 requests=1 rejected=0 send_fail=1 established=3 failed=0 last_error=6 active=0
[2026-09-26T18:40:18.760Z] I (435474) RouteLoomRef: member end send_fail=0 established=1 failed=0 last_error=0
[2026-09-26T18:40:18.763Z] I (435474) RouteLoomRef: authority state=2 tx_sent=9 tx_failed=0 rx_accepted=5 rx_rejected=0 pull=0 busy=0 backoff_s=0
[2026-09-26T18:40:18.763Z] I (435475) RouteLoomRef: authority mesh tx_carrier=9 queued=9 shed=575 rx_carrier=4 denied=0 timeout=0
[2026-09-26T18:40:18.763Z] I (435475) RouteLoomRef: authority jobs accepted=20 failed=0 last=
[2026-09-26T18:40:18.763Z] I (435475) RouteLoomRef: member discovery rx=11 offer_tx=11 offer_rx=2 auth=3 kind_reject=1 capacity=0 send_fail=5
[2026-09-26T18:40:18.763Z] I (435476) RouteLoomRef: member scope raw=13 accepted=12 mac_reject=0 hint=0 generation=0 key_unavailable=0 budget=0
[2026-09-26T18:40:23.759Z] I (440473) RouteLoomRef: member state=4 links=2 ends=1 authority=1/1 confirm=1 demux_drop=0
[2026-09-26T18:40:23.762Z] I (440474) RouteLoomRef: member handshake starts=12 requests=1 rejected=0 send_fail=1 established=3 failed=0 last_error=6 active=0
[2026-09-26T18:40:23.762Z] I (440474) RouteLoomRef: member end send_fail=0 established=1 failed=0 last_error=0
[2026-09-26T18:40:23.762Z] I (440474) RouteLoomRef: authority state=2 tx_sent=9 tx_failed=0 rx_accepted=5 rx_rejected=0 pull=0 busy=0 backoff_s=0
[2026-09-26T18:40:23.762Z] I (440475) RouteLoomRef: authority mesh tx_carrier=9 queued=9 shed=575 rx_carrier=4 denied=0 timeout=0
[2026-09-26T18:40:23.762Z] I (440475) RouteLoomRef: authority jobs accepted=20 failed=0 last=
[2026-09-26T18:40:23.762Z] I (440475) RouteLoomRef: member discovery rx=11 offer_tx=11 offer_rx=2 auth=3 kind_reject=1 capacity=0 send_fail=5
[2026-09-26T18:40:23.762Z] I (440475) RouteLoomRef: member scope raw=13 accepted=12 mac_reject=0 hint=0 generation=0 key_unavailable=0 budget=0
[2026-09-26T18:40:28.762Z] I (445476) RouteLoomRef: member state=4 links=2 ends=1 authority=1/1 confirm=1 demux_drop=0
[2026-09-26T18:40:28.765Z] I (445477) RouteLoomRef: member handshake starts=12 requests=1 rejected=0 send_fail=1 established=3 failed=0 last_error=6 active=0
[2026-09-26T18:40:28.765Z] I (445477) RouteLoomRef: member end send_fail=0 established=1 failed=0 last_error=0
[2026-09-26T18:40:28.765Z] I (445477) RouteLoomRef: authority state=2 tx_sent=9 tx_failed=0 rx_accepted=5 rx_rejected=0 pull=0 busy=0 backoff_s=0
[2026-09-26T18:40:28.765Z] I (445478) RouteLoomRef: authority mesh tx_carrier=9 queued=9 shed=575 rx_carrier=4 denied=0 timeout=0
[2026-09-26T18:40:28.765Z] I (445478) RouteLoomRef: authority jobs accepted=20 failed=0 last=
[2026-09-26T18:40:28.765Z] I (445478) RouteLoomRef: member discovery rx=11 offer_tx=11 offer_rx=2 auth=3 kind_reject=1 capacity=0 send_fail=5
[2026-09-26T18:40:28.765Z] I (445479) RouteLoomRef: member scope raw=13 accepted=12 mac_reject=0 hint=0 generation=0 key_unavailable=0 budget=0
[2026-09-26T18:40:33.763Z] I (450476) RouteLoomRef: member state=4 links=2 ends=1 authority=1/1 confirm=1 demux_drop=0
[2026-09-26T18:40:33.763Z] I (450477) RouteLoomRef: member handshake starts=12 requests=1 rejected=0 send_fail=1 established=3 failed=0 last_error=6 active=0
[2026-09-26T18:40:33.763Z] I (450477) RouteLoomRef: member end send_fail=0 established=1 failed=0 last_error=0
[2026-09-26T18:40:33.764Z] I (450477) RouteLoomRef: authority state=2 tx_sent=9 tx_failed=0 rx_accepted=5 rx_rejected=0 pull=0 busy=0 backoff_s=0
[2026-09-26T18:40:33.764Z] I (450478) RouteLoomRef: authority mesh tx_carrier=9 queued=9 shed=575 rx_carrier=4 denied=0 timeout=0
[2026-09-26T18:40:33.764Z] I (450478) RouteLoomRef: authority jobs accepted=20 failed=0 last=
[2026-09-26T18:40:33.765Z] I (450478) RouteLoomRef: member discovery rx=11 offer_tx=11 offer_rx=2 auth=3 kind_reject=1 capacity=0 send_fail=5
[2026-09-26T18:40:33.765Z] I (450478) RouteLoomRef: member scope raw=13 accepted=12 mac_reject=0 hint=0 generation=0 key_unavailable=0 budget=0
[2026-09-26T18:40:38.766Z] I (455479) RouteLoomRef: member state=4 links=2 ends=1 authority=1/1 confirm=1 demux_drop=0
[2026-09-26T18:40:38.766Z] I (455480) RouteLoomRef: member handshake starts=12 requests=1 rejected=0 send_fail=1 established=3 failed=0 last_error=6 active=0
[2026-09-26T18:40:38.766Z] I (455480) RouteLoomRef: member end send_fail=0 established=1 failed=0 last_error=0
[2026-09-26T18:40:38.767Z] I (455480) RouteLoomRef: authority state=2 tx_sent=9 tx_failed=0 rx_accepted=5 rx_rejected=0 pull=0 busy=0 backoff_s=0
[2026-09-26T18:40:38.767Z] I (455481) RouteLoomRef: authority mesh tx_carrier=9 queued=9 shed=575 rx_carrier=4 denied=0 timeout=0
[2026-09-26T18:40:38.767Z] I (455481) RouteLoomRef: authority jobs accepted=20 failed=0 last=
[2026-09-26T18:40:38.767Z] I (455481) RouteLoomRef: member discovery rx=11 offer_tx=11 offer_rx=2 auth=3 kind_reject=1 capacity=0 send_fail=5
[2026-09-26T18:40:38.768Z] I (455482) RouteLoomRef: member scope raw=13 accepted=12 mac_reject=0 hint=0 generation=0 key_unavailable=0 budget=0
[2026-09-26T18:40:41.703Z] I (458417) RouteLoomRef: RLD1 rx kind=1 ch=6 generation=0 src=94:a9:90:7a:b5:60 dest=ff:ff:ff:ff:ff:ff
[2026-09-26T18:40:43.096Z] I (459810) RouteLoomRef: RLD1 rx kind=1 ch=6 generation=0 src=94:a9:90:7a:b5:60 dest=ff:ff:ff:ff:ff:ff
[2026-09-26T18:40:43.290Z] I (460004) RouteLoomRef: discovery event=STALE peer=1
[2026-09-26T18:40:43.290Z] W (460004) RouteLoomRef: diagnostic reason=STALE peer=1 message=none
[2026-09-26T18:40:43.365Z] W (460078) RouteLoomRef: diagnostic reason=SEQNO_REQUEST_NO_PATH peer=2 message=present
[2026-09-26T18:40:43.768Z] I (460481) RouteLoomRef: member state=4 links=2 ends=1 authority=1/1 confirm=1 demux_drop=0
[2026-09-26T18:40:43.768Z] I (460482) RouteLoomRef: member handshake starts=14 requests=1 rejected=0 send_fail=1 established=3 failed=0 last_error=6 active=0
[2026-09-26T18:40:43.768Z] I (460482) RouteLoomRef: member end send_fail=0 established=1 failed=0 last_error=0
[2026-09-26T18:40:43.769Z] I (460482) RouteLoomRef: authority state=2 tx_sent=9 tx_failed=0 rx_accepted=5 rx_rejected=0 pull=0 busy=0 backoff_s=0
[2026-09-26T18:40:43.769Z] I (460483) RouteLoomRef: authority mesh tx_carrier=9 queued=9 shed=575 rx_carrier=4 denied=0 timeout=0
[2026-09-26T18:40:43.770Z] I (460483) RouteLoomRef: authority jobs accepted=20 failed=0 last=
[2026-09-26T18:40:43.770Z] I (460483) RouteLoomRef: member discovery rx=13 offer_tx=13 offer_rx=2 auth=3 kind_reject=1 capacity=0 send_fail=5
[2026-09-26T18:40:43.770Z] I (460484) RouteLoomRef: member scope raw=15 accepted=14 mac_reject=0 hint=0 generation=0 key_unavailable=0 budget=0
[2026-09-26T18:40:45.290Z] I (462004) RouteLoomRef: discovery event=REDISCOVERY peer=1
[2026-09-26T18:40:45.291Z] W (462004) RouteLoomRef: diagnostic reason=REDISCOVERY peer=1 message=none
[2026-09-26T18:40:45.364Z] W (462077) RouteLoomRef: diagnostic reason=SEQNO_REQUEST_NO_PATH peer=2 message=present
[2026-09-26T18:40:45.618Z] I (462332) RouteLoomRef: RLD1 rx kind=2 ch=6 generation=0 src=94:a9:90:7a:b5:60 dest=94:a9:90:7a:26:ac
[2026-09-26T18:40:45.619Z] I (462332) RouteLoomRef: RLD1 offer result state=0 expected_generation=0 observations=0 dropped=0
[2026-09-26T18:40:45.720Z] I (462434) RouteLoomRef: RLD1 rx kind=1 ch=6 generation=0 src=94:a9:90:7a:b5:60 dest=ff:ff:ff:ff:ff:ff
[2026-09-26T18:40:46.692Z] I (463406) RouteLoomRef: RLD1 rx kind=2 ch=6 generation=0 src=94:a9:90:7a:b5:60 dest=94:a9:90:7a:26:ac
[2026-09-26T18:40:46.695Z] I (463407) RouteLoomRef: RLD1 offer result state=0 expected_generation=0 observations=0 dropped=0
[2026-09-26T18:40:48.467Z] I (465181) RouteLoomRef: RLD1 rx kind=2 ch=6 generation=0 src=94:a9:90:7a:b5:60 dest=94:a9:90:7a:26:ac
[2026-09-26T18:40:48.468Z] I (465182) RouteLoomRef: RLD1 offer result state=0 expected_generation=0 observations=0 dropped=0
[2026-09-26T18:40:48.768Z] I (465481) RouteLoomRef: member state=4 links=2 ends=1 authority=1/1 confirm=1 demux_drop=0
[2026-09-26T18:40:48.768Z] I (465482) RouteLoomRef: member handshake starts=15 requests=1 rejected=0 send_fail=1 established=3 failed=0 last_error=6 active=0
[2026-09-26T18:40:48.769Z] I (465482) RouteLoomRef: member end send_fail=0 established=1 failed=0 last_error=0
[2026-09-26T18:40:48.769Z] I (465482) RouteLoomRef: authority state=2 tx_sent=9 tx_failed=0 rx_accepted=5 rx_rejected=0 pull=0 busy=0 backoff_s=0
[2026-09-26T18:40:48.769Z] I (465483) RouteLoomRef: authority mesh tx_carrier=9 queued=9 shed=575 rx_carrier=4 denied=0 timeout=0
[2026-09-26T18:40:48.769Z] I (465483) RouteLoomRef: authority jobs accepted=20 failed=0 last=
[2026-09-26T18:40:48.770Z] I (465483) RouteLoomRef: member discovery rx=14 offer_tx=14 offer_rx=5 auth=3 kind_reject=1 capacity=0 send_fail=5
[2026-09-26T18:40:48.776Z] I (465484) RouteLoomRef: member scope raw=19 accepted=15 mac_reject=0 hint=0 generation=0 key_unavailable=0 budget=0
[2026-09-26T18:40:49.365Z] W (466078) RouteLoomRef: diagnostic reason=SEQNO_REQUEST_NO_PATH peer=2 message=present
[2026-09-26T18:40:50.804Z] I (467518) RouteLoomRef: RLD1 rx kind=1 ch=6 generation=0 src=94:a9:90:7a:b5:60 dest=ff:ff:ff:ff:ff:ff
[2026-09-26T18:40:51.735Z] I (468449) RouteLoomRef: RLD1 rx kind=2 ch=6 generation=0 src=94:a9:90:7a:b5:60 dest=94:a9:90:7a:26:ac
[2026-09-26T18:40:51.737Z] I (468449) RouteLoomRef: RLD1 offer result state=0 expected_generation=0 observations=0 dropped=0
[2026-09-26T18:40:53.770Z] I (470483) RouteLoomRef: member state=4 links=2 ends=1 authority=1/1 confirm=1 demux_drop=0
[2026-09-26T18:40:53.772Z] I (470484) RouteLoomRef: member handshake starts=16 requests=1 rejected=0 send_fail=1 established=3 failed=0 last_error=6 active=0
[2026-09-26T18:40:53.772Z] I (470484) RouteLoomRef: member end send_fail=0 established=1 failed=0 last_error=0
[2026-09-26T18:40:53.772Z] I (470484) RouteLoomRef: authority state=2 tx_sent=9 tx_failed=0 rx_accepted=5 rx_rejected=0 pull=0 busy=0 backoff_s=0
[2026-09-26T18:40:53.772Z] I (470485) RouteLoomRef: authority mesh tx_carrier=9 queued=9 shed=575 rx_carrier=4 denied=0 timeout=0
[2026-09-26T18:40:53.772Z] I (470485) RouteLoomRef: authority jobs accepted=20 failed=0 last=
[2026-09-26T18:40:53.772Z] I (470485) RouteLoomRef: member discovery rx=15 offer_tx=15 offer_rx=6 auth=3 kind_reject=1 capacity=0 send_fail=5
[2026-09-26T18:40:53.772Z] I (470486) RouteLoomRef: member scope raw=21 accepted=16 mac_reject=0 hint=0 generation=0 key_unavailable=0 budget=0
[2026-09-26T18:40:55.365Z] W (472077) RouteLoomRef: diagnostic reason=SEQNO_REQUEST_NO_PATH peer=2 message=present
[2026-09-26T18:40:58.317Z] I (475031) RouteLoomRef: RLD1 rx kind=2 ch=6 generation=0 src=94:a9:90:7a:b5:60 dest=94:a9:90:7a:26:ac
[2026-09-26T18:40:58.318Z] I (475031) RouteLoomRef: RLD1 offer result state=0 expected_generation=0 observations=0 dropped=0
[2026-09-26T18:40:58.346Z] I (475060) RouteLoomRef: discovery event=DISCOVERY_FAILED peer=0
[2026-09-26T18:40:58.347Z] W (475060) RouteLoomRef: diagnostic reason=DISCOVERY_FAILED peer=0 message=none
[2026-09-26T18:40:58.347Z] I (475061) RouteLoomRef: discovery event=REDISCOVERY peer=1
[2026-09-26T18:40:58.349Z] W (475061) RouteLoomRef: diagnostic reason=REDISCOVERY peer=1 message=none
[2026-09-26T18:40:58.753Z] I (475466) RouteLoomRef: RLD1 rx kind=2 ch=6 generation=0 src=94:a9:90:7a:b5:60 dest=94:a9:90:7a:26:ac
[2026-09-26T18:40:58.753Z] I (475467) RouteLoomRef: RLD1 offer result state=0 expected_generation=0 observations=0 dropped=0
[2026-09-26T18:40:58.773Z] I (475486) RouteLoomRef: member state=4 links=2 ends=1 authority=1/1 confirm=1 demux_drop=0
[2026-09-26T18:40:58.773Z] I (475487) RouteLoomRef: member handshake starts=16 requests=1 rejected=0 send_fail=1 established=3 failed=0 last_error=6 active=0
[2026-09-26T18:40:58.774Z] I (475487) RouteLoomRef: member end send_fail=0 established=1 failed=0 last_error=0
[2026-09-26T18:40:58.774Z] I (475487) RouteLoomRef: authority state=2 tx_sent=9 tx_failed=0 rx_accepted=5 rx_rejected=0 pull=0 busy=0 backoff_s=0
[2026-09-26T18:40:58.774Z] I (475488) RouteLoomRef: authority mesh tx_carrier=9 queued=9 shed=575 rx_carrier=4 denied=0 timeout=0
[2026-09-26T18:40:58.774Z] I (475488) RouteLoomRef: authority jobs accepted=20 failed=0 last=
[2026-09-26T18:40:58.775Z] I (475488) RouteLoomRef: member discovery rx=15 offer_tx=15 offer_rx=8 auth=3 kind_reject=1 capacity=0 send_fail=5
[2026-09-26T18:40:58.775Z] I (475489) RouteLoomRef: member scope raw=23 accepted=16 mac_reject=0 hint=0 generation=0 key_unavailable=0 budget=0
[2026-09-26T18:41:00.426Z] I (477140) RouteLoomRef: RLD1 rx kind=2 ch=6 generation=0 src=94:a9:90:7a:b5:60 dest=94:a9:90:7a:26:ac
[2026-09-26T18:41:00.427Z] I (477140) RouteLoomRef: RLD1 offer result state=0 expected_generation=0 observations=0 dropped=0
[2026-09-26T18:41:00.809Z] I (477522) RouteLoomRef: RLD1 rx kind=1 ch=6 generation=0 src=94:a9:90:7a:b5:60 dest=ff:ff:ff:ff:ff:ff
[2026-09-26T18:41:01.508Z] I (478221) RouteLoomRef: RLD1 rx kind=1 ch=6 generation=0 src=94:a9:90:7a:b5:60 dest=ff:ff:ff:ff:ff:ff
[2026-09-26T18:41:02.276Z] I (478990) RouteLoomRef: RLD1 rx kind=1 ch=6 generation=0 src=94:a9:90:7a:b5:60 dest=ff:ff:ff:ff:ff:ff
[2026-09-26T18:41:03.364Z] W (480077) RouteLoomRef: diagnostic reason=SEQNO_REQUEST_NO_PATH peer=2 message=present
[2026-09-26T18:41:03.653Z] I (480367) RouteLoom: stack hwm main 8392 B
[2026-09-26T18:41:03.654Z] I (480367) RouteLoom: HIL HEAP free=21920 largest=19456 min=20956 B
[2026-09-26T18:41:03.654Z] I (480368) RouteLoom: HIL DISCOVERY candidates=1 neighbors=2 capacity=0 auth=3 stale=1 probes=63 send_failures=5 kind_rejects=1
[2026-09-26T18:41:03.655Z] I (480368) RouteLoom: HIL ROUTE peer=1 phase=7 via=0 metric=0 generation=0 seq=0
[2026-09-26T18:41:03.655Z] I (480368) RouteLoom: HIL ROUTE peer=2 phase=5 via=2 metric=1 generation=1334 seq=3
[2026-09-26T18:41:03.655Z] I (480369) RouteLoom: HIL ROUTE peer=3 phase=-1 via=0 metric=0 generation=0 seq=0
[2026-09-26T18:41:03.657Z] I (480369) RouteLoomRef: RLD1 rx kind=1 ch=6 generation=0 src=94:a9:90:7a:b5:60 dest=ff:ff:ff:ff:ff:ff
[2026-09-26T18:41:03.742Z] I (480455) RouteLoomRef: RLD1 rx kind=2 ch=6 generation=0 src=94:a9:90:7a:b5:60 dest=94:a9:90:7a:26:ac
[2026-09-26T18:41:03.742Z] I (480456) RouteLoomRef: RLD1 offer result state=0 expected_generation=0 observations=0 dropped=0
[2026-09-26T18:41:03.773Z] I (480486) RouteLoomRef: member state=4 links=2 ends=1 authority=1/1 confirm=1 demux_drop=0
[2026-09-26T18:41:03.773Z] I (480487) RouteLoomRef: member handshake starts=20 requests=1 rejected=0 send_fail=1 established=3 failed=0 last_error=6 active=0
[2026-09-26T18:41:03.774Z] I (480487) RouteLoomRef: member end send_fail=0 established=1 failed=0 last_error=0
[2026-09-26T18:41:03.774Z] I (480487) RouteLoomRef: authority state=2 tx_sent=9 tx_failed=0 rx_accepted=5 rx_rejected=0 pull=0 busy=0 backoff_s=0
[2026-09-26T18:41:03.774Z] I (480488) RouteLoomRef: authority mesh tx_carrier=9 queued=9 shed=575 rx_carrier=4 denied=0 timeout=0
[2026-09-26T18:41:03.775Z] I (480488) RouteLoomRef: authority jobs accepted=20 failed=0 last=
[2026-09-26T18:41:03.775Z] I (480488) RouteLoomRef: member discovery rx=19 offer_tx=19 offer_rx=10 auth=3 kind_reject=1 capacity=0 send_fail=5
[2026-09-26T18:41:03.778Z] I (480489) RouteLoomRef: member scope raw=29 accepted=20 mac_reject=0 hint=0 generation=0 key_unavailable=0 budget=0
[2026-09-26T18:41:06.247Z] I (482960) RouteLoomRef: RLD1 rx kind=1 ch=6 generation=0 src=94:a9:90:7a:b5:60 dest=ff:ff:ff:ff:ff:ff
[2026-09-26T18:41:08.776Z] I (485489) RouteLoomRef: member state=4 links=2 ends=1 authority=1/1 confirm=1 demux_drop=0
[2026-09-26T18:41:08.777Z] I (485490) RouteLoomRef: member handshake starts=21 requests=1 rejected=0 send_fail=1 established=3 failed=0 last_error=6 active=0
[2026-09-26T18:41:08.777Z] I (485490) RouteLoomRef: member end send_fail=0 established=1 failed=0 last_error=0
[2026-09-26T18:41:08.777Z] I (485490) RouteLoomRef: authority state=2 tx_sent=9 tx_failed=0 rx_accepted=5 rx_rejected=0 pull=0 busy=0 backoff_s=0
[2026-09-26T18:41:08.777Z] I (485491) RouteLoomRef: authority mesh tx_carrier=9 queued=9 shed=575 rx_carrier=4 denied=0 timeout=0
[2026-09-26T18:41:08.778Z] I (485491) RouteLoomRef: authority jobs accepted=20 failed=0 last=
[2026-09-26T18:41:08.778Z] I (485491) RouteLoomRef: member discovery rx=20 offer_tx=20 offer_rx=10 auth=3 kind_reject=1 capacity=0 send_fail=5
[2026-09-26T18:41:08.778Z] I (485492) RouteLoomRef: member scope raw=30 accepted=21 mac_reject=0 hint=0 generation=0 key_unavailable=0 budget=0
[2026-09-26T18:41:11.266Z] I (487979) RouteLoomRef: RLD1 rx kind=1 ch=6 generation=0 src=94:a9:90:7a:b5:60 dest=ff:ff:ff:ff:ff:ff
[2026-09-26T18:41:11.577Z] I (488290) RouteLoomRef: RLD1 rx kind=1 ch=6 generation=0 src=94:a9:90:7a:b5:60 dest=ff:ff:ff:ff:ff:ff
[2026-09-26T18:41:12.742Z] I (489455) RouteLoomRef: RLD1 rx kind=1 ch=6 generation=0 src=94:a9:90:7a:b5:60 dest=ff:ff:ff:ff:ff:ff
[2026-09-26T18:41:13.365Z] W (490078) RouteLoomRef: diagnostic reason=SEQNO_REQUEST_NO_PATH peer=2 message=present
[2026-09-26T18:41:13.776Z] I (490489) RouteLoomRef: member state=4 links=2 ends=1 authority=1/1 confirm=1 demux_drop=0
[2026-09-26T18:41:13.779Z] I (490490) RouteLoomRef: member handshake starts=24 requests=1 rejected=0 send_fail=1 established=3 failed=0 last_error=6 active=0
[2026-09-26T18:41:13.779Z] I (490490) RouteLoomRef: member end send_fail=0 established=1 failed=0 last_error=0
[2026-09-26T18:41:13.779Z] I (490490) RouteLoomRef: authority state=2 tx_sent=9 tx_failed=0 rx_accepted=5 rx_rejected=0 pull=0 busy=0 backoff_s=0
[2026-09-26T18:41:13.779Z] I (490491) RouteLoomRef: authority mesh tx_carrier=9 queued=9 shed=575 rx_carrier=4 denied=0 timeout=0
[2026-09-26T18:41:13.779Z] I (490491) RouteLoomRef: authority jobs accepted=20 failed=0 last=
[2026-09-26T18:41:13.779Z] I (490491) RouteLoomRef: member discovery rx=23 offer_tx=23 offer_rx=10 auth=3 kind_reject=1 capacity=0 send_fail=5
[2026-09-26T18:41:13.779Z] I (490492) RouteLoomRef: member scope raw=33 accepted=24 mac_reject=0 hint=0 generation=0 key_unavailable=0 budget=0
[2026-09-26T18:41:14.911Z] I (491624) RouteLoomRef: RLD1 rx kind=1 ch=6 generation=0 src=94:a9:90:7a:b5:60 dest=ff:ff:ff:ff:ff:ff
[2026-09-26T18:41:18.779Z] I (495492) RouteLoomRef: member state=4 links=2 ends=1 authority=1/1 confirm=1 demux_drop=0
[2026-09-26T18:41:18.779Z] I (495493) RouteLoomRef: member handshake starts=25 requests=1 rejected=0 send_fail=1 established=3 failed=0 last_error=6 active=0
[2026-09-26T18:41:18.780Z] I (495493) RouteLoomRef: member end send_fail=0 established=1 failed=0 last_error=0
[2026-09-26T18:41:18.780Z] I (495493) RouteLoomRef: authority state=2 tx_sent=9 tx_failed=0 rx_accepted=5 rx_rejected=0 pull=0 busy=0 backoff_s=0
[2026-09-26T18:41:18.780Z] I (495494) RouteLoomRef: authority mesh tx_carrier=9 queued=9 shed=575 rx_carrier=4 denied=0 timeout=0
[2026-09-26T18:41:18.781Z] I (495494) RouteLoomRef: authority jobs accepted=20 failed=0 last=
[2026-09-26T18:41:18.781Z] I (495494) RouteLoomRef: member discovery rx=24 offer_tx=24 offer_rx=10 auth=3 kind_reject=1 capacity=0 send_fail=5
[2026-09-26T18:41:18.784Z] I (495495) RouteLoomRef: member scope raw=34 accepted=25 mac_reject=0 hint=0 generation=0 key_unavailable=0 budget=0
[2026-09-26T18:41:19.077Z] I (495790) RouteLoomRef: RLD1 rx kind=1 ch=6 generation=0 src=94:a9:90:7a:b5:60 dest=ff:ff:ff:ff:ff:ff
[2026-09-26T18:41:22.407Z] I (499120) RouteLoomRef: RLD1 rx kind=2 ch=6 generation=0 src=94:a9:90:7a:b5:60 dest=94:a9:90:7a:26:ac
[2026-09-26T18:41:22.407Z] I (499121) RouteLoomRef: RLD1 offer result state=0 expected_generation=0 observations=0 dropped=0
[2026-09-26T18:41:22.536Z] I (499249) RouteLoomRef: discovery event=REDISCOVERY peer=1
[2026-09-26T18:41:22.536Z] W (499249) RouteLoomRef: diagnostic reason=REDISCOVERY peer=1 message=none
[2026-09-26T18:41:22.626Z] I (499339) RouteLoomRef: RLD1 rx kind=2 ch=6 generation=0 src=94:a9:90:7a:b5:60 dest=94:a9:90:7a:26:ac
[2026-09-26T18:41:22.626Z] I (499339) RouteLoomRef: RLD1 offer result state=0 expected_generation=0 observations=0 dropped=0
[2026-09-26T18:41:23.781Z] I (500494) RouteLoomRef: member state=4 links=2 ends=1 authority=1/1 confirm=1 demux_drop=0
[2026-09-26T18:41:23.781Z] I (500495) RouteLoomRef: member handshake starts=26 requests=1 rejected=0 send_fail=1 established=3 failed=0 last_error=6 active=0
[2026-09-26T18:41:23.782Z] I (500495) RouteLoomRef: member end send_fail=0 established=1 failed=0 last_error=0
[2026-09-26T18:41:23.782Z] I (500495) RouteLoomRef: authority state=2 tx_sent=9 tx_failed=0 rx_accepted=5 rx_rejected=0 pull=0 busy=0 backoff_s=0
[2026-09-26T18:41:23.782Z] I (500496) RouteLoomRef: authority mesh tx_carrier=9 queued=9 shed=575 rx_carrier=4 denied=0 timeout=0
[2026-09-26T18:41:23.783Z] I (500496) RouteLoomRef: authority jobs accepted=20 failed=0 last=
[2026-09-26T18:41:23.783Z] I (500496) RouteLoomRef: member discovery rx=25 offer_tx=25 offer_rx=12 auth=3 kind_reject=1 capacity=0 send_fail=5
[2026-09-26T18:41:23.783Z] I (500497) RouteLoomRef: member scope raw=37 accepted=26 mac_reject=0 hint=0 generation=0 key_unavailable=0 budget=0
[2026-09-26T18:41:24.075Z] I (500788) RouteLoomRef: RLD1 rx kind=2 ch=6 generation=0 src=94:a9:90:7a:b5:60 dest=94:a9:90:7a:26:ac
[2026-09-26T18:41:24.075Z] I (500788) RouteLoomRef: RLD1 offer result state=0 expected_generation=0 observations=0 dropped=0
[2026-09-26T18:41:25.364Z] W (502077) RouteLoomRef: diagnostic reason=SEQNO_REQUEST_NO_PATH peer=2 message=present
[2026-09-26T18:41:27.246Z] I (503959) RouteLoomRef: RLD1 rx kind=1 ch=6 generation=0 src=94:a9:90:7a:b5:60 dest=ff:ff:ff:ff:ff:ff
[2026-09-26T18:41:27.569Z] I (504282) RouteLoomRef: RLD1 rx kind=1 ch=6 generation=0 src=94:a9:90:7a:b5:60 dest=ff:ff:ff:ff:ff:ff
[2026-09-26T18:41:28.656Z] I (505369) RouteLoomRef: RLD1 rx kind=1 ch=6 generation=0 src=94:a9:90:7a:b5:60 dest=ff:ff:ff:ff:ff:ff
[2026-09-26T18:41:28.784Z] I (505497) RouteLoomRef: member state=4 links=2 ends=1 authority=1/1 confirm=1 demux_drop=0
[2026-09-26T18:41:28.784Z] I (505497) RouteLoomRef: member handshake starts=29 requests=1 rejected=0 send_fail=1 established=3 failed=0 last_error=6 active=0
[2026-09-26T18:41:28.785Z] I (505498) RouteLoomRef: member end send_fail=0 established=1 failed=0 last_error=0
[2026-09-26T18:41:28.785Z] I (505498) RouteLoomRef: authority state=2 tx_sent=9 tx_failed=0 rx_accepted=5 rx_rejected=0 pull=0 busy=0 backoff_s=0
[2026-09-26T18:41:28.785Z] I (505498) RouteLoomRef: authority mesh tx_carrier=9 queued=9 shed=575 rx_carrier=4 denied=0 timeout=0
[2026-09-26T18:41:28.785Z] I (505499) RouteLoomRef: authority jobs accepted=20 failed=0 last=
[2026-09-26T18:41:28.786Z] I (505499) RouteLoomRef: member discovery rx=28 offer_tx=28 offer_rx=13 auth=3 kind_reject=1 capacity=0 send_fail=5
[2026-09-26T18:41:28.786Z] I (505499) RouteLoomRef: member scope raw=41 accepted=29 mac_reject=0 hint=0 generation=0 key_unavailable=0 budget=0
[2026-09-26T18:41:30.674Z] I (507387) RouteLoomRef: RLD1 rx kind=1 ch=6 generation=0 src=94:a9:90:7a:b5:60 dest=ff:ff:ff:ff:ff:ff
[2026-09-26T18:41:31.117Z] I (507830) RouteLoomRef: RLD1 rx kind=2 ch=6 generation=0 src=94:a9:90:7a:b5:60 dest=94:a9:90:7a:26:ac
[2026-09-26T18:41:31.117Z] I (507830) RouteLoomRef: RLD1 offer result state=0 expected_generation=0 observations=0 dropped=0
[2026-09-26T18:41:33.787Z] I (510500) RouteLoomRef: member state=4 links=2 ends=1 authority=1/1 confirm=1 demux_drop=0
[2026-09-26T18:41:33.788Z] I (510501) RouteLoomRef: member handshake starts=30 requests=1 rejected=0 send_fail=1 established=3 failed=0 last_error=6 active=0
[2026-09-26T18:41:33.788Z] I (510501) RouteLoomRef: member end send_fail=0 established=1 failed=0 last_error=0
[2026-09-26T18:41:33.788Z] I (510501) RouteLoomRef: authority state=2 tx_sent=9 tx_failed=0 rx_accepted=5 rx_rejected=0 pull=0 busy=0 backoff_s=0
[2026-09-26T18:41:33.789Z] I (510502) RouteLoomRef: authority mesh tx_carrier=9 queued=9 shed=575 rx_carrier=4 denied=0 timeout=0
[2026-09-26T18:41:33.789Z] I (510502) RouteLoomRef: authority jobs accepted=20 failed=0 last=
[2026-09-26T18:41:33.789Z] I (510502) RouteLoomRef: member discovery rx=29 offer_tx=29 offer_rx=14 auth=3 kind_reject=1 capacity=0 send_fail=5
[2026-09-26T18:41:33.790Z] I (510503) RouteLoomRef: member scope raw=43 accepted=30 mac_reject=0 hint=0 generation=0 key_unavailable=0 budget=0
[2026-09-26T18:41:34.545Z] I (511258) RouteLoomRef: RLD1 rx kind=1 ch=6 generation=0 src=94:a9:90:7a:b5:60 dest=ff:ff:ff:ff:ff:ff
[2026-09-26T18:41:38.787Z] I (515500) RouteLoomRef: member state=4 links=2 ends=1 authority=1/1 confirm=1 demux_drop=0
[2026-09-26T18:41:38.788Z] I (515501) RouteLoomRef: member handshake starts=31 requests=1 rejected=0 send_fail=1 established=3 failed=0 last_error=6 active=0
[2026-09-26T18:41:38.788Z] I (515501) RouteLoomRef: member end send_fail=0 established=1 failed=0 last_error=0
[2026-09-26T18:41:38.793Z] I (515501) RouteLoomRef: authority state=2 tx_sent=9 tx_failed=0 rx_accepted=5 rx_rejected=0 pull=0 busy=0 backoff_s=0
[2026-09-26T18:41:38.793Z] I (515502) RouteLoomRef: authority mesh tx_carrier=9 queued=9 shed=575 rx_carrier=4 denied=0 timeout=0
[2026-09-26T18:41:38.793Z] I (515502) RouteLoomRef: authority jobs accepted=20 failed=0 last=
[2026-09-26T18:41:38.793Z] I (515502) RouteLoomRef: member discovery rx=30 offer_tx=30 offer_rx=14 auth=3 kind_reject=1 capacity=0 send_fail=5
[2026-09-26T18:41:38.793Z] I (515503) RouteLoomRef: member scope raw=44 accepted=31 mac_reject=0 hint=0 generation=0 key_unavailable=0 budget=0
[2026-09-26T18:41:39.369Z] W (516082) RouteLoomRef: diagnostic reason=SEQNO_REQUEST_NO_PATH peer=2 message=present
[2026-09-26T18:41:40.523Z] I (517236) RouteLoomRef: RLD1 rx kind=2 ch=6 generation=0 src=94:a9:90:7a:b5:60 dest=94:a9:90:7a:26:ac
[2026-09-26T18:41:40.523Z] I (517237) RouteLoomRef: RLD1 offer result state=0 expected_generation=0 observations=0 dropped=0
[2026-09-26T18:41:40.572Z] I (517285) RouteLoomRef: discovery event=REDISCOVERY peer=1
[2026-09-26T18:41:40.572Z] W (517285) RouteLoomRef: diagnostic reason=REDISCOVERY peer=1 message=none
[2026-09-26T18:41:41.294Z] I (518007) RouteLoomRef: RLD1 rx kind=2 ch=6 generation=0 src=94:a9:90:7a:b5:60 dest=94:a9:90:7a:26:ac
[2026-09-26T18:41:41.294Z] I (518007) RouteLoomRef: RLD1 offer result state=0 expected_generation=0 observations=0 dropped=0
[2026-09-26T18:41:42.127Z] I (518840) RouteLoomRef: RLD1 rx kind=1 ch=6 generation=0 src=94:a9:90:7a:b5:60 dest=ff:ff:ff:ff:ff:ff
[2026-09-26T18:41:42.590Z] I (519303) RouteLoomRef: RLD1 rx kind=1 ch=6 generation=0 src=94:a9:90:7a:b5:60 dest=ff:ff:ff:ff:ff:ff
[2026-09-26T18:41:42.905Z] I (519618) RouteLoomRef: RLD1 rx kind=2 ch=6 generation=0 src=94:a9:90:7a:b5:60 dest=94:a9:90:7a:26:ac
[2026-09-26T18:41:42.905Z] I (519618) RouteLoomRef: RLD1 offer result state=0 expected_generation=0 observations=0 dropped=0
[2026-09-26T18:41:43.789Z] I (520501) RouteLoomRef: member state=4 links=2 ends=1 authority=1/1 confirm=1 demux_drop=0
[2026-09-26T18:41:43.789Z] I (520502) RouteLoomRef: member handshake starts=33 requests=1 rejected=0 send_fail=1 established=3 failed=0 last_error=6 active=0
[2026-09-26T18:41:43.789Z] I (520502) RouteLoomRef: member end send_fail=0 established=1 failed=0 last_error=0
[2026-09-26T18:41:43.789Z] I (520502) RouteLoomRef: authority state=2 tx_sent=9 tx_failed=0 rx_accepted=5 rx_rejected=0 pull=0 busy=0 backoff_s=0
[2026-09-26T18:41:43.790Z] I (520503) RouteLoomRef: authority mesh tx_carrier=9 queued=9 shed=575 rx_carrier=4 denied=0 timeout=0
[2026-09-26T18:41:43.790Z] I (520503) RouteLoomRef: authority jobs accepted=20 failed=0 last=
[2026-09-26T18:41:43.790Z] I (520503) RouteLoomRef: member discovery rx=32 offer_tx=32 offer_rx=17 auth=3 kind_reject=1 capacity=0 send_fail=5
[2026-09-26T18:41:43.790Z] I (520504) RouteLoomRef: member scope raw=49 accepted=33 mac_reject=0 hint=0 generation=0 key_unavailable=0 budget=0
[2026-09-26T18:41:44.102Z] I (520815) RouteLoomRef: RLD1 rx kind=1 ch=6 generation=0 src=94:a9:90:7a:b5:60 dest=ff:ff:ff:ff:ff:ff
[2026-09-26T18:41:45.885Z] I (522598) RouteLoomRef: RLD1 rx kind=2 ch=6 generation=0 src=94:a9:90:7a:b5:60 dest=94:a9:90:7a:26:ac
[2026-09-26T18:41:45.885Z] I (522598) RouteLoomRef: RLD1 offer result state=0 expected_generation=0 observations=0 dropped=0
[2026-09-26T18:41:46.953Z] I (523666) RouteLoomRef: RLD1 rx kind=1 ch=6 generation=0 src=94:a9:90:7a:b5:60 dest=ff:ff:ff:ff:ff:ff
[2026-09-26T18:41:48.790Z] I (525502) RouteLoomRef: member state=4 links=2 ends=1 authority=1/1 confirm=1 demux_drop=0
[2026-09-26T18:41:48.790Z] I (525503) RouteLoomRef: member handshake starts=35 requests=1 rejected=0 send_fail=1 established=3 failed=0 last_error=6 active=0
[2026-09-26T18:41:48.790Z] I (525503) RouteLoomRef: member end send_fail=0 established=1 failed=0 last_error=0
[2026-09-26T18:41:48.791Z] I (525503) RouteLoomRef: authority state=2 tx_sent=9 tx_failed=0 rx_accepted=5 rx_rejected=0 pull=0 busy=0 backoff_s=0
[2026-09-26T18:41:48.791Z] I (525504) RouteLoomRef: authority mesh tx_carrier=9 queued=9 shed=575 rx_carrier=4 denied=0 timeout=0
[2026-09-26T18:41:48.791Z] I (525504) RouteLoomRef: authority jobs accepted=20 failed=0 last=
[2026-09-26T18:41:48.791Z] I (525504) RouteLoomRef: member discovery rx=34 offer_tx=34 offer_rx=18 auth=3 kind_reject=1 capacity=0 send_fail=5
[2026-09-26T18:41:48.792Z] I (525505) RouteLoomRef: member scope raw=52 accepted=35 mac_reject=0 hint=0 generation=0 key_unavailable=0 budget=0
[2026-09-26T18:41:51.551Z] I (528264) RouteLoomRef: RLD1 rx kind=2 ch=6 generation=0 src=94:a9:90:7a:b5:60 dest=94:a9:90:7a:26:ac
[2026-09-26T18:41:51.551Z] I (528264) RouteLoomRef: RLD1 offer result state=0 expected_generation=0 observations=0 dropped=0
[2026-09-26T18:41:52.492Z] I (529205) RouteLoomRef: RLD1 rx kind=1 ch=6 generation=0 src=94:a9:90:7a:b5:60 dest=ff:ff:ff:ff:ff:ff
[2026-09-26T18:41:53.792Z] I (530505) RouteLoomRef: member state=4 links=2 ends=1 authority=1/1 confirm=1 demux_drop=0
[2026-09-26T18:41:53.793Z] I (530506) RouteLoomRef: member handshake starts=36 requests=1 rejected=0 send_fail=1 established=3 failed=0 last_error=6 active=0
[2026-09-26T18:41:53.793Z] I (530506) RouteLoomRef: member end send_fail=0 established=1 failed=0 last_error=0
[2026-09-26T18:41:53.793Z] I (530506) RouteLoomRef: authority state=2 tx_sent=9 tx_failed=0 rx_accepted=5 rx_rejected=0 pull=0 busy=0 backoff_s=0
[2026-09-26T18:41:53.794Z] I (530507) RouteLoomRef: authority mesh tx_carrier=9 queued=9 shed=575 rx_carrier=4 denied=0 timeout=0
[2026-09-26T18:41:53.794Z] I (530507) RouteLoomRef: authority jobs accepted=20 failed=0 last=
[2026-09-26T18:41:53.794Z] I (530507) RouteLoomRef: member discovery rx=35 offer_tx=35 offer_rx=19 auth=3 kind_reject=1 capacity=0 send_fail=5
[2026-09-26T18:41:53.795Z] I (530508) RouteLoomRef: member scope raw=54 accepted=36 mac_reject=0 hint=0 generation=0 key_unavailable=0 budget=0
[2026-09-26T18:41:55.369Z] W (532082) RouteLoomRef: diagnostic reason=SEQNO_REQUEST_NO_PATH peer=2 message=present
[2026-09-26T18:41:58.793Z] I (535506) RouteLoomRef: member state=4 links=2 ends=1 authority=1/1 confirm=1 demux_drop=0
[2026-09-26T18:41:58.794Z] I (535507) RouteLoomRef: member handshake starts=36 requests=1 rejected=0 send_fail=1 established=3 failed=0 last_error=6 active=0
[2026-09-26T18:41:58.794Z] I (535507) RouteLoomRef: member end send_fail=0 established=1 failed=0 last_error=0
[2026-09-26T18:41:58.795Z] I (535507) RouteLoomRef: authority state=2 tx_sent=9 tx_failed=0 rx_accepted=5 rx_rejected=0 pull=0 busy=0 backoff_s=0
[2026-09-26T18:41:58.795Z] I (535508) RouteLoomRef: authority mesh tx_carrier=9 queued=9 shed=575 rx_carrier=4 denied=0 timeout=0
[2026-09-26T18:41:58.795Z] I (535508) RouteLoomRef: authority jobs accepted=20 failed=0 last=
[2026-09-26T18:41:58.795Z] I (535508) RouteLoomRef: member discovery rx=35 offer_tx=35 offer_rx=19 auth=3 kind_reject=1 capacity=0 send_fail=5
[2026-09-26T18:41:58.796Z] I (535509) RouteLoomRef: member scope raw=54 accepted=36 mac_reject=0 hint=0 generation=0 key_unavailable=0 budget=0
[2026-09-26T18:42:02.866Z] I (539579) RouteLoomRef: RLD1 rx kind=2 ch=6 generation=0 src=94:a9:90:7a:b5:60 dest=94:a9:90:7a:26:ac
[2026-09-26T18:42:02.867Z] I (539579) RouteLoomRef: RLD1 offer result state=0 expected_generation=0 observations=0 dropped=0
[2026-09-26T18:42:02.879Z] I (539592) RouteLoomRef: discovery event=REDISCOVERY peer=1
[2026-09-26T18:42:02.879Z] W (539592) RouteLoomRef: diagnostic reason=REDISCOVERY peer=1 message=none
[2026-09-26T18:42:03.409Z] I (540122) RouteLoomRef: RLD1 rx kind=1 ch=6 generation=0 src=94:a9:90:7a:b5:60 dest=ff:ff:ff:ff:ff:ff
[2026-09-26T18:42:03.657Z] I (540368) RouteLoom: stack hwm main 8392 B
[2026-09-26T18:42:03.657Z] I (540368) RouteLoom: HIL HEAP free=21920 largest=19456 min=20956 B
[2026-09-26T18:42:03.657Z] I (540369) RouteLoom: HIL DISCOVERY candidates=1 neighbors=2 capacity=0 auth=3 stale=1 probes=66 send_failures=5 kind_rejects=1
[2026-09-26T18:42:03.657Z] I (540369) RouteLoom: HIL ROUTE peer=1 phase=7 via=0 metric=0 generation=0 seq=0
[2026-09-26T18:42:03.657Z] I (540369) RouteLoom: HIL ROUTE peer=2 phase=5 via=2 metric=1 generation=1334 seq=3
[2026-09-26T18:42:03.657Z] I (540370) RouteLoom: HIL ROUTE peer=3 phase=-1 via=0 metric=0 generation=0 seq=0
[2026-09-26T18:42:03.797Z] I (540509) RouteLoomRef: member state=4 links=2 ends=1 authority=1/1 confirm=1 demux_drop=0
[2026-09-26T18:42:03.797Z] I (540510) RouteLoomRef: member handshake starts=37 requests=1 rejected=0 send_fail=1 established=3 failed=0 last_error=6 active=0
[2026-09-26T18:42:03.797Z] I (540510) RouteLoomRef: member end send_fail=0 established=1 failed=0 last_error=0
[2026-09-26T18:42:03.798Z] I (540510) RouteLoomRef: authority state=2 tx_sent=9 tx_failed=0 rx_accepted=5 rx_rejected=0 pull=0 busy=0 backoff_s=0
[2026-09-26T18:42:03.798Z] I (540511) RouteLoomRef: authority mesh tx_carrier=9 queued=9 shed=575 rx_carrier=4 denied=0 timeout=0
[2026-09-26T18:42:03.798Z] I (540511) RouteLoomRef: authority jobs accepted=20 failed=0 last=
[2026-09-26T18:42:03.799Z] I (540511) RouteLoomRef: member discovery rx=36 offer_tx=36 offer_rx=20 auth=3 kind_reject=1 capacity=0 send_fail=5
[2026-09-26T18:42:03.799Z] I (540512) RouteLoomRef: member scope raw=56 accepted=37 mac_reject=0 hint=0 generation=0 key_unavailable=0 budget=0
[2026-09-26T18:42:03.905Z] I (540618) RouteLoomRef: RLD1 rx kind=2 ch=6 generation=0 src=94:a9:90:7a:b5:60 dest=94:a9:90:7a:26:ac
[2026-09-26T18:42:03.905Z] I (540618) RouteLoomRef: RLD1 offer result state=0 expected_generation=0 observations=0 dropped=0
[2026-09-26T18:42:05.867Z] I (542580) RouteLoomRef: RLD1 rx kind=2 ch=6 generation=0 src=94:a9:90:7a:b5:60 dest=94:a9:90:7a:26:ac
[2026-09-26T18:42:05.868Z] I (542580) RouteLoomRef: RLD1 offer result state=0 expected_generation=0 observations=0 dropped=0
[2026-09-26T18:42:08.797Z] I (545509) RouteLoomRef: member state=4 links=2 ends=1 authority=1/1 confirm=1 demux_drop=0
[2026-09-26T18:42:08.797Z] I (545510) RouteLoomRef: member handshake starts=37 requests=1 rejected=0 send_fail=1 established=3 failed=0 last_error=6 active=0
[2026-09-26T18:42:08.797Z] I (545510) RouteLoomRef: member end send_fail=0 established=1 failed=0 last_error=0
[2026-09-26T18:42:08.799Z] I (545510) RouteLoomRef: authority state=2 tx_sent=9 tx_failed=0 rx_accepted=5 rx_rejected=0 pull=0 busy=0 backoff_s=0
[2026-09-26T18:42:08.799Z] I (545511) RouteLoomRef: authority mesh tx_carrier=9 queued=9 shed=575 rx_carrier=4 denied=0 timeout=0
[2026-09-26T18:42:08.799Z] I (545511) RouteLoomRef: authority jobs accepted=20 failed=0 last=
[2026-09-26T18:42:08.799Z] I (545511) RouteLoomRef: member discovery rx=36 offer_tx=36 offer_rx=22 auth=3 kind_reject=1 capacity=0 send_fail=5
[2026-09-26T18:42:08.799Z] I (545512) RouteLoomRef: member scope raw=58 accepted=37 mac_reject=0 hint=0 generation=0 key_unavailable=0 budget=0
[2026-09-26T18:42:09.669Z] I (546382) RouteLoomRef: RLD1 rx kind=2 ch=6 generation=0 src=94:a9:90:7a:b5:60 dest=94:a9:90:7a:26:ac
[2026-09-26T18:42:09.670Z] I (546382) RouteLoomRef: RLD1 offer result state=0 expected_generation=0 observations=0 dropped=0
[2026-09-26T18:42:11.520Z] I (548232) RouteLoomRef: RLD1 rx kind=1 ch=6 generation=0 src=94:a9:90:7a:b5:60 dest=ff:ff:ff:ff:ff:ff
[2026-09-26T18:42:12.377Z] I (549090) RouteLoomRef: RLD1 rx kind=1 ch=6 generation=0 src=94:a9:90:7a:b5:60 dest=ff:ff:ff:ff:ff:ff
[2026-09-26T18:42:13.798Z] I (550510) RouteLoomRef: member state=4 links=2 ends=1 authority=1/1 confirm=1 demux_drop=0
[2026-09-26T18:42:13.798Z] I (550511) RouteLoomRef: member handshake starts=39 requests=1 rejected=0 send_fail=1 established=3 failed=0 last_error=6 active=0
[2026-09-26T18:42:13.798Z] I (550511) RouteLoomRef: member end send_fail=0 established=1 failed=0 last_error=0
[2026-09-26T18:42:13.799Z] I (550511) RouteLoomRef: authority state=2 tx_sent=9 tx_failed=0 rx_accepted=5 rx_rejected=0 pull=0 busy=0 backoff_s=0
[2026-09-26T18:42:13.799Z] I (550512) RouteLoomRef: authority mesh tx_carrier=9 queued=9 shed=575 rx_carrier=4 denied=0 timeout=0
[2026-09-26T18:42:13.799Z] I (550512) RouteLoomRef: authority jobs accepted=20 failed=0 last=
[2026-09-26T18:42:13.800Z] I (550512) RouteLoomRef: member discovery rx=38 offer_tx=38 offer_rx=23 auth=3 kind_reject=1 capacity=0 send_fail=5
[2026-09-26T18:42:13.800Z] I (550513) RouteLoomRef: member scope raw=61 accepted=39 mac_reject=0 hint=0 generation=0 key_unavailable=0 budget=0
[2026-09-26T18:42:13.935Z] I (550648) RouteLoomRef: RLD1 rx kind=1 ch=6 generation=0 src=94:a9:90:7a:b5:60 dest=ff:ff:ff:ff:ff:ff
[2026-09-26T18:42:16.881Z] I (553594) RouteLoomRef: RLD1 rx kind=1 ch=6 generation=0 src=94:a9:90:7a:b5:60 dest=ff:ff:ff:ff:ff:ff
[2026-09-26T18:42:18.798Z] I (555510) RouteLoomRef: member state=4 links=2 ends=1 authority=1/1 confirm=1 demux_drop=0
[2026-09-26T18:42:18.799Z] I (555511) RouteLoomRef: member handshake starts=41 requests=1 rejected=0 send_fail=1 established=3 failed=0 last_error=6 active=0
[2026-09-26T18:42:18.799Z] I (555511) RouteLoomRef: member end send_fail=0 established=1 failed=0 last_error=0
[2026-09-26T18:42:18.799Z] I (555511) RouteLoomRef: authority state=2 tx_sent=9 tx_failed=0 rx_accepted=5 rx_rejected=0 pull=0 busy=0 backoff_s=0
[2026-09-26T18:42:18.799Z] I (555512) RouteLoomRef: authority mesh tx_carrier=9 queued=9 shed=575 rx_carrier=4 denied=0 timeout=0
[2026-09-26T18:42:18.799Z] I (555512) RouteLoomRef: authority jobs accepted=20 failed=0 last=
[2026-09-26T18:42:18.803Z] I (555512) RouteLoomRef: member discovery rx=40 offer_tx=40 offer_rx=23 auth=3 kind_reject=1 capacity=0 send_fail=5
[2026-09-26T18:42:18.803Z] I (555513) RouteLoomRef: member scope raw=63 accepted=41 mac_reject=0 hint=0 generation=0 key_unavailable=0 budget=0
[2026-09-26T18:42:22.610Z] I (559323) RouteLoomRef: RLD1 rx kind=1 ch=6 generation=0 src=94:a9:90:7a:b5:60 dest=ff:ff:ff:ff:ff:ff
[2026-09-26T18:42:23.799Z] I (560511) RouteLoomRef: member state=4 links=2 ends=1 authority=1/1 confirm=1 demux_drop=0
[2026-09-26T18:42:23.799Z] I (560512) RouteLoomRef: member handshake starts=42 requests=1 rejected=0 send_fail=1 established=3 failed=0 last_error=6 active=0
[2026-09-26T18:42:23.799Z] I (560512) RouteLoomRef: member end send_fail=0 established=1 failed=0 last_error=0
[2026-09-26T18:42:23.800Z] I (560512) RouteLoomRef: authority state=2 tx_sent=9 tx_failed=0 rx_accepted=5 rx_rejected=0 pull=0 busy=0 backoff_s=0
[2026-09-26T18:42:23.800Z] I (560513) RouteLoomRef: authority mesh tx_carrier=9 queued=9 shed=575 rx_carrier=4 denied=0 timeout=0
[2026-09-26T18:42:23.800Z] I (560513) RouteLoomRef: authority jobs accepted=20 failed=0 last=
[2026-09-26T18:42:23.801Z] I (560513) RouteLoomRef: member discovery rx=41 offer_tx=41 offer_rx=23 auth=3 kind_reject=1 capacity=0 send_fail=5
[2026-09-26T18:42:23.801Z] I (560514) RouteLoomRef: member scope raw=64 accepted=42 mac_reject=0 hint=0 generation=0 key_unavailable=0 budget=0
[2026-09-26T18:42:28.801Z] I (565513) RouteLoomRef: member state=4 links=2 ends=1 authority=1/1 confirm=1 demux_drop=0
[2026-09-26T18:42:28.801Z] I (565514) RouteLoomRef: member handshake starts=42 requests=1 rejected=0 send_fail=1 established=3 failed=0 last_error=6 active=0
[2026-09-26T18:42:28.801Z] I (565514) RouteLoomRef: member end send_fail=0 established=1 failed=0 last_error=0
[2026-09-26T18:42:28.804Z] I (565514) RouteLoomRef: authority state=2 tx_sent=9 tx_failed=0 rx_accepted=5 rx_rejected=0 pull=0 busy=0 backoff_s=0
[2026-09-26T18:42:28.804Z] I (565515) RouteLoomRef: authority mesh tx_carrier=9 queued=9 shed=575 rx_carrier=4 denied=0 timeout=0
[2026-09-26T18:42:28.804Z] I (565515) RouteLoomRef: authority jobs accepted=20 failed=0 last=
[2026-09-26T18:42:28.804Z] I (565515) RouteLoomRef: member discovery rx=41 offer_tx=41 offer_rx=23 auth=3 kind_reject=1 capacity=0 send_fail=5
[2026-09-26T18:42:28.804Z] I (565516) RouteLoomRef: member scope raw=64 accepted=42 mac_reject=0 hint=0 generation=0 key_unavailable=0 budget=0
[2026-09-26T18:42:31.310Z] I (568023) RouteLoomRef: RLD1 rx kind=2 ch=6 generation=0 src=94:a9:90:7a:b5:60 dest=94:a9:90:7a:26:ac
[2026-09-26T18:42:31.311Z] I (568023) RouteLoomRef: RLD1 offer result state=0 expected_generation=0 observations=0 dropped=0
[2026-09-26T18:42:31.451Z] I (568164) RouteLoomRef: discovery event=REDISCOVERY peer=1
[2026-09-26T18:42:31.452Z] W (568164) RouteLoomRef: diagnostic reason=REDISCOVERY peer=1 message=none
[2026-09-26T18:42:31.727Z] I (568438) RouteLoomRef: RLD1 rx kind=2 ch=6 generation=0 src=94:a9:90:7a:b5:60 dest=94:a9:90:7a:26:ac
[2026-09-26T18:42:31.727Z] I (568438) RouteLoomRef: RLD1 offer result state=0 expected_generation=0 observations=0 dropped=0
[2026-09-26T18:42:32.449Z] I (569161) RouteLoomRef: RLD1 rx kind=2 ch=6 generation=0 src=94:a9:90:7a:b5:60 dest=94:a9:90:7a:26:ac
[2026-09-26T18:42:32.449Z] I (569161) RouteLoomRef: RLD1 offer result state=0 expected_generation=0 observations=0 dropped=0
[2026-09-26T18:42:33.804Z] I (570516) RouteLoomRef: member state=4 links=2 ends=1 authority=1/1 confirm=1 demux_drop=0
[2026-09-26T18:42:33.805Z] I (570517) RouteLoomRef: member handshake starts=42 requests=1 rejected=0 send_fail=1 established=3 failed=0 last_error=6 active=0
[2026-09-26T18:42:33.805Z] I (570517) RouteLoomRef: member end send_fail=0 established=1 failed=0 last_error=0
[2026-09-26T18:42:33.805Z] I (570517) RouteLoomRef: authority state=2 tx_sent=9 tx_failed=0 rx_accepted=5 rx_rejected=0 pull=0 busy=0 backoff_s=0
[2026-09-26T18:42:33.805Z] I (570518) RouteLoomRef: authority mesh tx_carrier=9 queued=9 shed=575 rx_carrier=4 denied=0 timeout=0
[2026-09-26T18:42:33.805Z] I (570518) RouteLoomRef: authority jobs accepted=20 failed=0 last=
[2026-09-26T18:42:33.806Z] I (570518) RouteLoomRef: member discovery rx=41 offer_tx=41 offer_rx=26 auth=3 kind_reject=1 capacity=0 send_fail=5
[2026-09-26T18:42:33.806Z] I (570519) RouteLoomRef: member scope raw=67 accepted=42 mac_reject=0 hint=0 generation=0 key_unavailable=0 budget=0
[2026-09-26T18:42:33.949Z] I (570662) RouteLoomRef: RLD1 rx kind=2 ch=6 generation=0 src=94:a9:90:7a:b5:60 dest=94:a9:90:7a:26:ac
[2026-09-26T18:42:33.950Z] I (570662) RouteLoomRef: RLD1 offer result state=0 expected_generation=0 observations=0 dropped=0
[2026-09-26T18:42:36.833Z] I (573545) RouteLoomRef: RLD1 rx kind=2 ch=6 generation=0 src=94:a9:90:7a:b5:60 dest=94:a9:90:7a:26:ac
[2026-09-26T18:42:36.833Z] I (573545) RouteLoomRef: RLD1 offer result state=0 expected_generation=0 observations=0 dropped=0
[2026-09-26T18:42:38.804Z] I (575516) RouteLoomRef: member state=4 links=2 ends=1 authority=1/1 confirm=1 demux_drop=0
[2026-09-26T18:42:38.805Z] I (575517) RouteLoomRef: member handshake starts=42 requests=1 rejected=0 send_fail=1 established=3 failed=0 last_error=6 active=0
[2026-09-26T18:42:38.805Z] I (575517) RouteLoomRef: member end send_fail=0 established=1 failed=0 last_error=0
[2026-09-26T18:42:38.805Z] I (575517) RouteLoomRef: authority state=2 tx_sent=9 tx_failed=0 rx_accepted=5 rx_rejected=0 pull=0 busy=0 backoff_s=0
[2026-09-26T18:42:38.805Z] I (575518) RouteLoomRef: authority mesh tx_carrier=9 queued=9 shed=575 rx_carrier=4 denied=0 timeout=0
[2026-09-26T18:42:38.805Z] I (575518) RouteLoomRef: authority jobs accepted=20 failed=0 last=
[2026-09-26T18:42:38.806Z] I (575518) RouteLoomRef: member discovery rx=41 offer_tx=41 offer_rx=28 auth=3 kind_reject=1 capacity=0 send_fail=5
[2026-09-26T18:42:38.806Z] I (575519) RouteLoomRef: member scope raw=69 accepted=42 mac_reject=0 hint=0 generation=0 key_unavailable=0 budget=0
[2026-09-26T18:42:42.376Z] I (579089) RouteLoomRef: RLD1 rx kind=2 ch=6 generation=0 src=94:a9:90:7a:b5:60 dest=94:a9:90:7a:26:ac
[2026-09-26T18:42:42.377Z] I (579089) RouteLoomRef: RLD1 offer result state=0 expected_generation=0 observations=0 dropped=0
[2026-09-26T18:42:43.804Z] I (580516) RouteLoomRef: member state=4 links=2 ends=1 authority=1/1 confirm=1 demux_drop=0
[2026-09-26T18:42:43.804Z] I (580517) RouteLoomRef: member handshake starts=42 requests=1 rejected=0 send_fail=1 established=3 failed=0 last_error=6 active=0
[2026-09-26T18:42:43.807Z] I (580517) RouteLoomRef: member end send_fail=0 established=1 failed=0 last_error=0
[2026-09-26T18:42:43.807Z] I (580517) RouteLoomRef: authority state=2 tx_sent=9 tx_failed=0 rx_accepted=5 rx_rejected=0 pull=0 busy=0 backoff_s=0
[2026-09-26T18:42:43.807Z] I (580518) RouteLoomRef: authority mesh tx_carrier=9 queued=9 shed=575 rx_carrier=4 denied=0 timeout=0
[2026-09-26T18:42:43.807Z] I (580518) RouteLoomRef: authority jobs accepted=20 failed=0 last=
[2026-09-26T18:42:43.807Z] I (580518) RouteLoomRef: member discovery rx=41 offer_tx=41 offer_rx=29 auth=3 kind_reject=1 capacity=0 send_fail=5
[2026-09-26T18:42:43.807Z] I (580518) RouteLoomRef: member scope raw=70 accepted=42 mac_reject=0 hint=0 generation=0 key_unavailable=0 budget=0
[2026-09-26T18:42:48.807Z] I (585519) RouteLoomRef: member state=4 links=2 ends=1 authority=1/1 confirm=1 demux_drop=0
[2026-09-26T18:42:48.808Z] I (585520) RouteLoomRef: member handshake starts=42 requests=1 rejected=0 send_fail=1 established=3 failed=0 last_error=6 active=0
[2026-09-26T18:42:48.808Z] I (585520) RouteLoomRef: member end send_fail=0 established=1 failed=0 last_error=0
[2026-09-26T18:42:48.808Z] I (585520) RouteLoomRef: authority state=2 tx_sent=9 tx_failed=0 rx_accepted=5 rx_rejected=0 pull=0 busy=0 backoff_s=0
[2026-09-26T18:42:48.808Z] I (585521) RouteLoomRef: authority mesh tx_carrier=9 queued=9 shed=575 rx_carrier=4 denied=0 timeout=0
[2026-09-26T18:42:48.808Z] I (585521) RouteLoomRef: authority jobs accepted=20 failed=0 last=
[2026-09-26T18:42:48.809Z] I (585521) RouteLoomRef: member discovery rx=41 offer_tx=41 offer_rx=29 auth=3 kind_reject=1 capacity=0 send_fail=5
[2026-09-26T18:42:48.809Z] I (585522) RouteLoomRef: member scope raw=70 accepted=42 mac_reject=0 hint=0 generation=0 key_unavailable=0 budget=0
[2026-09-26T18:42:53.808Z] I (590520) RouteLoomRef: member state=4 links=2 ends=1 authority=1/1 confirm=1 demux_drop=0
[2026-09-26T18:42:53.808Z] I (590521) RouteLoomRef: member handshake starts=42 requests=1 rejected=0 send_fail=1 established=3 failed=0 last_error=6 active=0
[2026-09-26T18:42:53.809Z] I (590521) RouteLoomRef: member end send_fail=0 established=1 failed=0 last_error=0
[2026-09-26T18:42:53.809Z] I (590521) RouteLoomRef: authority state=2 tx_sent=9 tx_failed=0 rx_accepted=5 rx_rejected=0 pull=0 busy=0 backoff_s=0
[2026-09-26T18:42:53.809Z] I (590522) RouteLoomRef: authority mesh tx_carrier=9 queued=9 shed=575 rx_carrier=4 denied=0 timeout=0
[2026-09-26T18:42:53.809Z] I (590522) RouteLoomRef: authority jobs accepted=20 failed=0 last=
[2026-09-26T18:42:53.810Z] I (590522) RouteLoomRef: member discovery rx=41 offer_tx=41 offer_rx=29 auth=3 kind_reject=1 capacity=0 send_fail=5
[2026-09-26T18:42:53.810Z] I (590523) RouteLoomRef: member scope raw=70 accepted=42 mac_reject=0 hint=0 generation=0 key_unavailable=0 budget=0
[2026-09-26T18:42:58.810Z] I (595522) RouteLoomRef: member state=4 links=2 ends=1 authority=1/1 confirm=1 demux_drop=0
[2026-09-26T18:42:58.810Z] I (595523) RouteLoomRef: member handshake starts=42 requests=1 rejected=0 send_fail=1 established=3 failed=0 last_error=6 active=0
[2026-09-26T18:42:58.811Z] I (595523) RouteLoomRef: member end send_fail=0 established=1 failed=0 last_error=0
[2026-09-26T18:42:58.811Z] I (595523) RouteLoomRef: authority state=2 tx_sent=9 tx_failed=0 rx_accepted=5 rx_rejected=0 pull=0 busy=0 backoff_s=0
[2026-09-26T18:42:58.812Z] I (595524) RouteLoomRef: authority mesh tx_carrier=9 queued=9 shed=575 rx_carrier=4 denied=0 timeout=0
[2026-09-26T18:42:58.812Z] I (595524) RouteLoomRef: authority jobs accepted=20 failed=0 last=
[2026-09-26T18:42:58.812Z] I (595524) RouteLoomRef: member discovery rx=41 offer_tx=41 offer_rx=29 auth=3 kind_reject=1 capacity=0 send_fail=5
[2026-09-26T18:42:58.812Z] I (595525) RouteLoomRef: member scope raw=70 accepted=42 mac_reject=0 hint=0 generation=0 key_unavailable=0 budget=0
[2026-09-26T18:43:03.658Z] I (600370) RouteLoom: stack hwm main 8392 B
[2026-09-26T18:43:03.658Z] I (600370) RouteLoom: HIL HEAP free=21920 largest=19456 min=20956 B
[2026-09-26T18:43:03.659Z] I (600371) RouteLoom: HIL DISCOVERY candidates=0 neighbors=2 capacity=0 auth=3 stale=1 probes=70 send_failures=5 kind_rejects=1
[2026-09-26T18:43:03.659Z] I (600371) RouteLoom: HIL ROUTE peer=1 phase=7 via=0 metric=0 generation=0 seq=0
[2026-09-26T18:43:03.659Z] I (600371) RouteLoom: HIL ROUTE peer=2 phase=5 via=2 metric=1 generation=1334 seq=3
[2026-09-26T18:43:03.659Z] I (600372) RouteLoom: HIL ROUTE peer=3 phase=-1 via=0 metric=0 generation=0 seq=0
[2026-09-26T18:43:03.811Z] I (600523) RouteLoomRef: member state=4 links=2 ends=1 authority=1/1 confirm=1 demux_drop=0
[2026-09-26T18:43:03.811Z] I (600524) RouteLoomRef: member handshake starts=42 requests=1 rejected=0 send_fail=1 established=3 failed=0 last_error=6 active=0
[2026-09-26T18:43:03.812Z] I (600524) RouteLoomRef: member end send_fail=0 established=1 failed=0 last_error=0
[2026-09-26T18:43:03.812Z] I (600524) RouteLoomRef: authority state=2 tx_sent=9 tx_failed=0 rx_accepted=5 rx_rejected=0 pull=0 busy=0 backoff_s=0
[2026-09-26T18:43:03.814Z] I (600525) RouteLoomRef: authority mesh tx_carrier=9 queued=9 shed=575 rx_carrier=4 denied=0 timeout=0
[2026-09-26T18:43:03.814Z] I (600525) RouteLoomRef: authority jobs accepted=20 failed=0 last=
[2026-09-26T18:43:03.814Z] I (600525) RouteLoomRef: member discovery rx=41 offer_tx=41 offer_rx=29 auth=3 kind_reject=1 capacity=0 send_fail=5
[2026-09-26T18:43:03.814Z] I (600526) RouteLoomRef: member scope raw=70 accepted=42 mac_reject=0 hint=0 generation=0 key_unavailable=0 budget=0
[2026-09-26T18:43:08.811Z] I (605523) RouteLoomRef: member state=4 links=2 ends=1 authority=1/1 confirm=1 demux_drop=0
[2026-09-26T18:43:08.811Z] I (605524) RouteLoomRef: member handshake starts=42 requests=1 rejected=0 send_fail=1 established=3 failed=0 last_error=6 active=0
[2026-09-26T18:43:08.812Z] I (605524) RouteLoomRef: member end send_fail=0 established=1 failed=0 last_error=0
[2026-09-26T18:43:08.812Z] I (605524) RouteLoomRef: authority state=2 tx_sent=9 tx_failed=0 rx_accepted=5 rx_rejected=0 pull=0 busy=0 backoff_s=0
[2026-09-26T18:43:08.813Z] I (605525) RouteLoomRef: authority mesh tx_carrier=9 queued=9 shed=575 rx_carrier=4 denied=0 timeout=0
[2026-09-26T18:43:08.813Z] I (605525) RouteLoomRef: authority jobs accepted=20 failed=0 last=
[2026-09-26T18:43:08.813Z] I (605525) RouteLoomRef: member discovery rx=41 offer_tx=41 offer_rx=29 auth=3 kind_reject=1 capacity=0 send_fail=5
[2026-09-26T18:43:08.814Z] I (605526) RouteLoomRef: member scope raw=70 accepted=42 mac_reject=0 hint=0 generation=0 key_unavailable=0 budget=0
[2026-09-26T18:43:10.113Z] I (606825) RouteLoomRef: RLD1 rx kind=1 ch=6 generation=0 src=94:a9:90:7a:b5:60 dest=ff:ff:ff:ff:ff:ff
[2026-09-26T18:43:11.327Z] I (608039) RouteLoomRef: discovery event=REDISCOVERY peer=1
[2026-09-26T18:43:11.327Z] W (608039) RouteLoomRef: diagnostic reason=REDISCOVERY peer=1 message=none
[2026-09-26T18:43:11.508Z] I (608220) RouteLoomRef: RLD1 rx kind=1 ch=6 generation=0 src=94:a9:90:7a:b5:60 dest=ff:ff:ff:ff:ff:ff
[2026-09-26T18:43:12.270Z] I (608982) RouteLoomRef: RLD1 rx kind=2 ch=6 generation=0 src=94:a9:90:7a:b5:60 dest=94:a9:90:7a:26:ac
[2026-09-26T18:43:12.270Z] I (608982) RouteLoomRef: RLD1 offer result state=0 expected_generation=0 observations=0 dropped=0
[2026-09-26T18:43:13.615Z] I (610327) RouteLoomRef: RLD1 rx kind=2 ch=6 generation=0 src=94:a9:90:7a:b5:60 dest=94:a9:90:7a:26:ac
[2026-09-26T18:43:13.615Z] I (610327) RouteLoomRef: RLD1 offer result state=0 expected_generation=0 observations=0 dropped=0
[2026-09-26T18:43:13.814Z] I (610526) RouteLoomRef: member state=4 links=2 ends=1 authority=1/1 confirm=1 demux_drop=0
[2026-09-26T18:43:13.814Z] I (610527) RouteLoomRef: member handshake starts=44 requests=1 rejected=0 send_fail=1 established=3 failed=0 last_error=6 active=0
[2026-09-26T18:43:13.815Z] I (610527) RouteLoomRef: member end send_fail=0 established=1 failed=0 last_error=0
[2026-09-26T18:43:13.815Z] I (610527) RouteLoomRef: authority state=2 tx_sent=9 tx_failed=0 rx_accepted=5 rx_rejected=0 pull=0 busy=0 backoff_s=0
[2026-09-26T18:43:13.815Z] I (610528) RouteLoomRef: authority mesh tx_carrier=9 queued=9 shed=575 rx_carrier=4 denied=0 timeout=0
[2026-09-26T18:43:13.816Z] I (610528) RouteLoomRef: authority jobs accepted=20 failed=0 last=
[2026-09-26T18:43:13.816Z] I (610528) RouteLoomRef: member discovery rx=43 offer_tx=43 offer_rx=31 auth=3 kind_reject=1 capacity=0 send_fail=5
[2026-09-26T18:43:13.816Z] I (610529) RouteLoomRef: member scope raw=74 accepted=44 mac_reject=0 hint=0 generation=0 key_unavailable=0 budget=0
[2026-09-26T18:43:14.148Z] I (610860) RouteLoomRef: RLD1 rx kind=1 ch=6 generation=0 src=94:a9:90:7a:b5:60 dest=ff:ff:ff:ff:ff:ff
[2026-09-26T18:43:16.059Z] I (612771) RouteLoomRef: RLD1 rx kind=2 ch=6 generation=0 src=94:a9:90:7a:b5:60 dest=94:a9:90:7a:26:ac
[2026-09-26T18:43:16.059Z] I (612771) RouteLoomRef: RLD1 offer result state=0 expected_generation=0 observations=0 dropped=0
[2026-09-26T18:43:18.814Z] I (615526) RouteLoomRef: member state=4 links=2 ends=1 authority=1/1 confirm=1 demux_drop=0
[2026-09-26T18:43:18.814Z] I (615527) RouteLoomRef: member handshake starts=45 requests=1 rejected=0 send_fail=1 established=3 failed=0 last_error=6 active=0
[2026-09-26T18:43:18.815Z] I (615527) RouteLoomRef: member end send_fail=0 established=1 failed=0 last_error=0
[2026-09-26T18:43:18.815Z] I (615527) RouteLoomRef: authority state=2 tx_sent=9 tx_failed=0 rx_accepted=5 rx_rejected=0 pull=0 busy=0 backoff_s=0
[2026-09-26T18:43:18.815Z] I (615528) RouteLoomRef: authority mesh tx_carrier=9 queued=9 shed=575 rx_carrier=4 denied=0 timeout=0
[2026-09-26T18:43:18.816Z] I (615528) RouteLoomRef: authority jobs accepted=20 failed=0 last=
[2026-09-26T18:43:18.816Z] I (615528) RouteLoomRef: member discovery rx=44 offer_tx=44 offer_rx=32 auth=3 kind_reject=1 capacity=0 send_fail=5
[2026-09-26T18:43:18.816Z] I (615529) RouteLoomRef: member scope raw=76 accepted=45 mac_reject=0 hint=0 generation=0 key_unavailable=0 budget=0
[2026-09-26T18:43:19.252Z] I (615964) RouteLoomRef: RLD1 rx kind=1 ch=6 generation=0 src=94:a9:90:7a:b5:60 dest=ff:ff:ff:ff:ff:ff
[2026-09-26T18:43:21.079Z] I (617791) RouteLoomRef: RLD1 rx kind=2 ch=6 generation=0 src=94:a9:90:7a:b5:60 dest=94:a9:90:7a:26:ac
[2026-09-26T18:43:21.079Z] I (617791) RouteLoomRef: RLD1 offer result state=0 expected_generation=0 observations=0 dropped=0
[2026-09-26T18:43:23.814Z] I (620526) RouteLoomRef: member state=4 links=2 ends=1 authority=1/1 confirm=1 demux_drop=0
[2026-09-26T18:43:23.815Z] I (620527) RouteLoomRef: member handshake starts=46 requests=1 rejected=0 send_fail=1 established=3 failed=0 last_error=6 active=0
[2026-09-26T18:43:23.815Z] I (620527) RouteLoomRef: member end send_fail=0 established=1 failed=0 last_error=0
[2026-09-26T18:43:23.815Z] I (620527) RouteLoomRef: authority state=2 tx_sent=9 tx_failed=0 rx_accepted=5 rx_rejected=0 pull=0 busy=0 backoff_s=0
[2026-09-26T18:43:23.815Z] I (620528) RouteLoomRef: authority mesh tx_carrier=9 queued=9 shed=575 rx_carrier=4 denied=0 timeout=0
[2026-09-26T18:43:23.816Z] I (620528) RouteLoomRef: authority jobs accepted=20 failed=0 last=
[2026-09-26T18:43:23.816Z] I (620528) RouteLoomRef: member discovery rx=45 offer_tx=45 offer_rx=33 auth=3 kind_reject=1 capacity=0 send_fail=5
[2026-09-26T18:43:23.816Z] I (620529) RouteLoomRef: member scope raw=78 accepted=46 mac_reject=0 hint=0 generation=0 key_unavailable=0 budget=0
