[2026-09-26T19:03:01.404Z] !! capture open /dev/serial/by-id/usb-Espressif_USB_JTAG_serial_debug_unit_94:A9:90:7A:26:AC-if00 @ 115200 backend=pyserial dtr=1 rts=0
[2026-09-26T19:03:05.357Z] I (293) esp_image: segment 4: paddr=00138c0c vaddr=4038c760 sizeI (15357) RouteLoomRef: member state=4 links=0 ends=0 authority=1/0 confirm=0 demux_drop=0
[2026-09-26T19:03:05.358Z] I (15357) RouteLoomRef: member handshake starts=1 requests=1 rejected=0 send_fail=1 established=0 failed=1 last_error=9 active=0
[2026-09-26T19:03:05.358Z] I (15358) RouteLoomRef: member end send_fail=0 established=0 failed=0 last_error=0
[2026-09-26T19:03:05.358Z] I (15358) RouteLoomRef: authority state=1 tx_sent=1 tx_failed=0 rx_accepted=0 rx_rejected=0 pull=1 busy=1 backoff_s=2
[2026-09-26T19:03:05.359Z] I (15358) RouteLoomRef: authority mesh tx_carrier=1 queued=0 shed=3138 rx_carrier=0 denied=0 timeout=0
[2026-09-26T19:03:05.359Z] I (15359) RouteLoomRef: authority jobs accepted=0 failed=0 last=
[2026-09-26T19:03:05.359Z] I (15359) RouteLoomRef: member discovery rx=0 offer_tx=0 offer_rx=2 auth=0 kind_reject=0 capacity=0 send_fail=0
[2026-09-26T19:03:05.360Z] I (15359) RouteLoomRef: member scope raw=2 accepted=1 mac_reject=0 hint=0 generation=0 key_unavailable=0 budget=0
[2026-09-26T19:03:10.360Z] I (20360) RouteLoomRef: member state=4 links=0 ends=0 authority=1/0 confirm=0 demux_drop=0
[2026-09-26T19:03:10.362Z] I (20360) RouteLoomRef: member handshake starts=1 requests=1 rejected=0 send_fail=1 established=0 failed=1 last_error=9 active=0
[2026-09-26T19:03:10.362Z] I (20361) RouteLoomRef: member end send_fail=0 established=0 failed=0 last_error=0
[2026-09-26T19:03:10.362Z] I (20361) RouteLoomRef: authority state=3 tx_sent=2 tx_failed=0 rx_accepted=0 rx_rejected=0 pull=1 busy=1 backoff_s=4
[2026-09-26T19:03:10.362Z] I (20361) RouteLoomRef: authority mesh tx_carrier=2 queued=0 shed=4387 rx_carrier=0 denied=0 timeout=1
[2026-09-26T19:03:10.362Z] I (20362) RouteLoomRef: authority jobs accepted=0 failed=0 last=
[2026-09-26T19:03:10.362Z] I (20362) RouteLoomRef: member discovery rx=0 offer_tx=0 offer_rx=2 auth=0 kind_reject=0 capacity=0 send_fail=0
[2026-09-26T19:03:10.363Z] I (20362) RouteLoomRef: member scope raw=2 accepted=1 mac_reject=0 hint=0 generation=0 key_unavailable=0 budget=0
[2026-09-26T19:03:15.360Z] I (25360) RouteLoomRef: member state=4 links=0 ends=0 authority=1/0 confirm=0 demux_drop=0
[2026-09-26T19:03:15.361Z] I (25360) RouteLoomRef: member handshake starts=1 requests=1 rejected=0 send_fail=1 established=0 failed=1 last_error=9 active=0
[2026-09-26T19:03:15.362Z] I (25361) RouteLoomRef: member end send_fail=0 established=0 failed=0 last_error=0
[2026-09-26T19:03:15.362Z] I (25361) RouteLoomRef: authority state=1 tx_sent=2 tx_failed=0 rx_accepted=0 rx_rejected=0 pull=1 busy=1 backoff_s=4
[2026-09-26T19:03:15.362Z] I (25361) RouteLoomRef: authority mesh tx_carrier=2 queued=0 shed=5636 rx_carrier=0 denied=0 timeout=1
[2026-09-26T19:03:15.362Z] I (25362) RouteLoomRef: authority jobs accepted=0 failed=0 last=
[2026-09-26T19:03:15.362Z] I (25362) RouteLoomRef: member discovery rx=0 offer_tx=0 offer_rx=2 auth=0 kind_reject=0 capacity=0 send_fail=0
[2026-09-26T19:03:15.365Z] I (25362) RouteLoomRef: member scope raw=2 accepted=1 mac_reject=0 hint=0 generation=0 key_unavailable=0 budget=0
[2026-09-26T19:03:20.363Z] I (30363) RouteLoomRef: member state=4 links=0 ends=0 authority=1/0 confirm=0 demux_drop=0
[2026-09-26T19:03:20.364Z] I (30363) RouteLoomRef: member handshake starts=1 requests=1 rejected=0 send_fail=1 established=0 failed=1 last_error=9 active=0
[2026-09-26T19:03:20.365Z] I (30364) RouteLoomRef: member end send_fail=0 established=0 failed=0 last_error=0
[2026-09-26T19:03:20.365Z] I (30364) RouteLoomRef: authority state=3 tx_sent=2 tx_failed=0 rx_accepted=0 rx_rejected=0 pull=1 busy=1 backoff_s=8
[2026-09-26T19:03:20.365Z] I (30364) RouteLoomRef: authority mesh tx_carrier=2 queued=0 shed=6886 rx_carrier=0 denied=0 timeout=1
[2026-09-26T19:03:20.365Z] I (30365) RouteLoomRef: authority jobs accepted=0 failed=0 last=
[2026-09-26T19:03:20.365Z] I (30365) RouteLoomRef: member discovery rx=0 offer_tx=0 offer_rx=2 auth=0 kind_reject=0 capacity=0 send_fail=0
[2026-09-26T19:03:20.368Z] I (30365) RouteLoomRef: member scope raw=2 accepted=1 mac_reject=0 hint=0 generation=0 key_unavailable=0 budget=0
[2026-09-26T19:03:21.321Z] I (31320) RouteLoomRef: RLD1 rx kind=1 ch=6 generation=0 src=94:a9:90:6a:ee:c4 dest=ff:ff:ff:ff:ff:ff
[2026-09-26T19:03:22.130Z] I (32129) RouteLoomRef: RLD1 rx kind=1 ch=6 generation=0 src=94:a9:90:6a:ee:c4 dest=ff:ff:ff:ff:ff:ff
[2026-09-26T19:03:22.836Z] I (32835) RouteLoomRef: discovery event=BOUND peer=1
[2026-09-26T19:03:22.836Z] W (32835) RouteLoomRef: diagnostic reason=BOUND peer=1 message=none
[2026-09-26T19:03:22.863Z] I (32862) RouteLoomRef: discovery event=REACHABLE peer=1
[2026-09-26T19:03:22.863Z] W (32862) RouteLoomRef: diagnostic reason=REACHABLE peer=1 message=none
[2026-09-26T19:03:22.872Z] I (32872) RouteLoomRef: RLD1 rx kind=1 ch=6 generation=0 src=94:a9:90:6a:ee:c4 dest=ff:ff:ff:ff:ff:ff
[2026-09-26T19:03:25.365Z] I (35364) RouteLoomRef: member state=4 links=1 ends=0 authority=1/0 confirm=0 demux_drop=0
[2026-09-26T19:03:25.365Z] I (35365) RouteLoomRef: member handshake starts=3 requests=1 rejected=0 send_fail=2 established=1 failed=1 last_error=6 active=0
[2026-09-26T19:03:25.366Z] I (35365) RouteLoomRef: member end send_fail=0 established=0 failed=0 last_error=0
[2026-09-26T19:03:25.366Z] I (35365) RouteLoomRef: authority state=3 tx_sent=2 tx_failed=0 rx_accepted=0 rx_rejected=0 pull=1 busy=1 backoff_s=8
[2026-09-26T19:03:25.366Z] I (35366) RouteLoomRef: authority mesh tx_carrier=2 queued=0 shed=7309 rx_carrier=0 denied=0 timeout=2
[2026-09-26T19:03:25.367Z] I (35366) RouteLoomRef: authority jobs accepted=0 failed=0 last=
[2026-09-26T19:03:25.367Z] I (35366) RouteLoomRef: member discovery rx=2 offer_tx=2 offer_rx=2 auth=1 kind_reject=0 capacity=0 send_fail=1
[2026-09-26T19:03:25.367Z] I (35366) RouteLoomRef: member scope raw=4 accepted=3 mac_reject=0 hint=0 generation=0 key_unavailable=0 budget=0
[2026-09-26T19:03:26.936Z] I (36935) RouteLoomRef: RLD1 rx kind=1 ch=6 generation=0 src=94:a9:90:7a:b5:60 dest=ff:ff:ff:ff:ff:ff
[2026-09-26T19:03:27.511Z] I (37510) RouteLoomEdhoc: HIL EDHOC ECDH us=130215 ok=1
[2026-09-26T19:03:27.651Z] I (37650) RouteLoomEdhoc: HIL EDHOC SIGN us=137317 ok=1
[2026-09-26T19:03:27.665Z] W (37664) RouteLoomRef: diagnostic reason=SESSION_PENDING peer=1 message=present
[2026-09-26T19:03:28.670Z] I (38670) RouteLoomRef: p6: RRS1 applied rs_epoch=1
[2026-09-26T19:03:29.508Z] I (39507) RouteLoomEdhoc: HIL EDHOC ECDH us=129783 ok=1
[2026-09-26T19:03:29.648Z] I (39647) RouteLoomEdhoc: HIL EDHOC SIGN us=137376 ok=1
[2026-09-26T19:03:29.976Z] I (39975) RouteLoomRef: RLD1 rx kind=1 ch=6 generation=0 src=94:a9:90:7a:b5:60 dest=ff:ff:ff:ff:ff:ff
[2026-09-26T19:03:30.365Z] I (40364) RouteLoomRef: member state=4 links=1 ends=1 authority=1/1 confirm=1 demux_drop=0
[2026-09-26T19:03:30.365Z] I (40365) RouteLoomRef: member handshake starts=5 requests=1 rejected=0 send_fail=2 established=1 failed=1 last_error=6 active=1
[2026-09-26T19:03:30.365Z] I (40365) RouteLoomRef: member end send_fail=0 established=1 failed=0 last_error=0
[2026-09-26T19:03:30.366Z] I (40365) RouteLoomRef: authority state=2 tx_sent=10 tx_failed=0 rx_accepted=4 rx_rejected=0 pull=0 busy=0 backoff_s=0
[2026-09-26T19:03:30.366Z] I (40366) RouteLoomRef: authority mesh tx_carrier=10 queued=8 shed=7309 rx_carrier=4 denied=0 timeout=2
[2026-09-26T19:03:30.366Z] I (40366) RouteLoomRef: authority jobs accepted=11 failed=0 last=
[2026-09-26T19:03:30.367Z] I (40366) RouteLoomRef: member discovery rx=4 offer_tx=4 offer_rx=2 auth=1 kind_reject=0 capacity=0 send_fail=1
[2026-09-26T19:03:30.367Z] I (40366) RouteLoomRef: member scope raw=6 accepted=5 mac_reject=0 hint=0 generation=0 key_unavailable=0 budget=0
[2026-09-26T19:03:35.368Z] I (45367) RouteLoomRef: member state=4 links=1 ends=1 authority=1/1 confirm=1 demux_drop=2
[2026-09-26T19:03:35.368Z] I (45368) RouteLoomRef: member handshake starts=5 requests=1 rejected=0 send_fail=2 established=1 failed=1 last_error=6 active=1
[2026-09-26T19:03:35.369Z] I (45368) RouteLoomRef: member end send_fail=0 established=1 failed=0 last_error=0
[2026-09-26T19:03:35.369Z] I (45368) RouteLoomRef: authority state=2 tx_sent=10 tx_failed=0 rx_accepted=4 rx_rejected=0 pull=0 busy=0 backoff_s=0
[2026-09-26T19:03:35.369Z] I (45369) RouteLoomRef: authority mesh tx_carrier=10 queued=8 shed=7309 rx_carrier=4 denied=0 timeout=2
[2026-09-26T19:03:35.369Z] I (45369) RouteLoomRef: authority jobs accepted=11 failed=0 last=
[2026-09-26T19:03:35.370Z] I (45369) RouteLoomRef: member discovery rx=4 offer_tx=4 offer_rx=2 auth=1 kind_reject=0 capacity=0 send_fail=1
[2026-09-26T19:03:35.370Z] I (45370) RouteLoomRef: member scope raw=6 accepted=5 mac_reject=0 hint=0 generation=0 key_unavailable=0 budget=0
[2026-09-26T19:03:37.329Z] I (47328) RouteLoomRef: RLD1 rx kind=1 ch=6 generation=0 src=94:a9:90:7a:b5:60 dest=ff:ff:ff:ff:ff:ff
[2026-09-26T19:03:37.856Z] I (47856) RouteLoomEdhoc: HIL EDHOC ECDH us=130215 ok=1
[2026-09-26T19:03:37.996Z] I (47996) RouteLoomEdhoc: HIL EDHOC SIGN us=137458 ok=1
[2026-09-26T19:03:39.244Z] I (49243) RouteLoomEdhoc: HIL EDHOC VERIFY us=153267 ok=1
[2026-09-26T19:03:39.261Z] HIL EDHOC HANDSHAKE us=1675845 role=2 scope=0 peer=2 heap_free=21884 heap_min=20960
[2026-09-26T19:03:39.262Z] I (49262) RouteLoomRef: discovery event=BOUND peer=2
[2026-09-26T19:03:39.263Z] W (49262) RouteLoomRef: diagnostic reason=BOUND peer=2 message=none
[2026-09-26T19:03:40.368Z] I (50367) RouteLoomRef: member state=4 links=2 ends=1 authority=1/1 confirm=1 demux_drop=2
[2026-09-26T19:03:40.368Z] I (50368) RouteLoomRef: member handshake starts=6 requests=1 rejected=0 send_fail=2 established=2 failed=2 last_error=9 active=1
[2026-09-26T19:03:40.369Z] I (50368) RouteLoomRef: member end send_fail=0 established=1 failed=0 last_error=0
[2026-09-26T19:03:40.369Z] I (50368) RouteLoomRef: authority state=2 tx_sent=10 tx_failed=0 rx_accepted=4 rx_rejected=0 pull=0 busy=0 backoff_s=0
[2026-09-26T19:03:40.369Z] I (50369) RouteLoomRef: authority mesh tx_carrier=10 queued=8 shed=7309 rx_carrier=4 denied=0 timeout=2
[2026-09-26T19:03:40.369Z] I (50369) RouteLoomRef: authority jobs accepted=11 failed=0 last=
[2026-09-26T19:03:40.370Z] I (50369) RouteLoomRef: member discovery rx=5 offer_tx=5 offer_rx=2 auth=2 kind_reject=0 capacity=0 send_fail=1
[2026-09-26T19:03:40.370Z] I (50369) RouteLoomRef: member scope raw=7 accepted=6 mac_reject=0 hint=0 generation=0 key_unavailable=0 budget=0
[2026-09-26T19:03:41.275Z] I (51274) RouteLoomRef: discovery event=REACHABLE peer=2
[2026-09-26T19:03:41.275Z] W (51275) RouteLoomRef: diagnostic reason=REACHABLE peer=2 message=none
[2026-09-26T19:03:45.371Z] I (55370) RouteLoomRef: member state=4 links=2 ends=1 authority=1/1 confirm=1 demux_drop=2
[2026-09-26T19:03:45.371Z] I (55371) RouteLoomRef: member handshake starts=6 requests=1 rejected=0 send_fail=2 established=2 failed=2 last_error=9 active=1
[2026-09-26T19:03:45.372Z] I (55371) RouteLoomRef: member end send_fail=0 established=1 failed=0 last_error=0
[2026-09-26T19:03:45.374Z] I (55371) RouteLoomRef: authority state=2 tx_sent=10 tx_failed=0 rx_accepted=4 rx_rejected=0 pull=0 busy=0 backoff_s=0
[2026-09-26T19:03:45.374Z] I (55372) RouteLoomRef: authority mesh tx_carrier=10 queued=8 shed=7309 rx_carrier=4 denied=0 timeout=2
[2026-09-26T19:03:45.374Z] I (55372) RouteLoomRef: authority jobs accepted=11 failed=0 last=
[2026-09-26T19:03:45.374Z] I (55372) RouteLoomRef: member discovery rx=5 offer_tx=5 offer_rx=2 auth=2 kind_reject=0 capacity=0 send_fail=1
[2026-09-26T19:03:45.374Z] I (55372) RouteLoomRef: member scope raw=7 accepted=6 mac_reject=0 hint=0 generation=0 key_unavailable=0 budget=0
[2026-09-26T19:03:50.352Z] I (60351) RouteLoom: stack hwm main 8392 B
[2026-09-26T19:03:50.352Z] I (60351) RouteLoom: HIL HEAP free=21884 largest=18432 min=20960 B
[2026-09-26T19:03:50.352Z] I (60352) RouteLoom: HIL DISCOVERY candidates=0 neighbors=2 capacity=0 auth=2 stale=0 probes=4 send_failures=1 kind_rejects=0
[2026-09-26T19:03:50.353Z] I (60352) RouteLoom: HIL ROUTE peer=1 phase=5 via=1 metric=1 generation=852 seq=3
[2026-09-26T19:03:50.353Z] I (60352) RouteLoom: HIL ROUTE peer=2 phase=5 via=2 metric=1 generation=0 seq=0
[2026-09-26T19:03:50.353Z] I (60353) RouteLoom: HIL ROUTE peer=3 phase=-1 via=0 metric=0 generation=0 seq=0
[2026-09-26T19:03:50.372Z] I (60371) RouteLoomRef: member state=4 links=2 ends=1 authority=1/1 confirm=1 demux_drop=2
[2026-09-26T19:03:50.372Z] I (60372) RouteLoomRef: member handshake starts=6 requests=1 rejected=0 send_fail=2 established=2 failed=2 last_error=9 active=0
[2026-09-26T19:03:50.373Z] I (60372) RouteLoomRef: member end send_fail=0 established=1 failed=0 last_error=0
[2026-09-26T19:03:50.373Z] I (60372) RouteLoomRef: authority state=2 tx_sent=10 tx_failed=0 rx_accepted=4 rx_rejected=0 pull=0 busy=0 backoff_s=0
[2026-09-26T19:03:50.373Z] I (60373) RouteLoomRef: authority mesh tx_carrier=10 queued=8 shed=7309 rx_carrier=4 denied=0 timeout=2
[2026-09-26T19:03:50.374Z] I (60373) RouteLoomRef: authority jobs accepted=11 failed=0 last=
[2026-09-26T19:03:50.374Z] I (60373) RouteLoomRef: member discovery rx=5 offer_tx=5 offer_rx=2 auth=2 kind_reject=0 capacity=0 send_fail=1
[2026-09-26T19:03:50.374Z] I (60373) RouteLoomRef: member scope raw=7 accepted=6 mac_reject=0 hint=0 generation=0 key_unavailable=0 budget=0
[2026-09-26T19:03:55.374Z] I (65373) RouteLoomRef: member state=4 links=2 ends=1 authority=1/1 confirm=1 demux_drop=2
[2026-09-26T19:03:55.377Z] I (65374) RouteLoomRef: member handshake starts=6 requests=1 rejected=0 send_fail=2 established=2 failed=2 last_error=9 active=0
[2026-09-26T19:03:55.377Z] I (65374) RouteLoomRef: member end send_fail=0 established=1 failed=0 last_error=0
[2026-09-26T19:03:55.377Z] I (65374) RouteLoomRef: authority state=2 tx_sent=11 tx_failed=0 rx_accepted=5 rx_rejected=0 pull=0 busy=0 backoff_s=0
[2026-09-26T19:03:55.377Z] I (65375) RouteLoomRef: authority mesh tx_carrier=11 queued=9 shed=7309 rx_carrier=4 denied=0 timeout=2
[2026-09-26T19:03:55.377Z] I (65375) RouteLoomRef: authority jobs accepted=20 failed=0 last=
[2026-09-26T19:03:55.377Z] I (65375) RouteLoomRef: member discovery rx=5 offer_tx=5 offer_rx=2 auth=2 kind_reject=0 capacity=0 send_fail=1
[2026-09-26T19:03:55.377Z] I (65375) RouteLoomRef: member scope raw=7 accepted=6 mac_reject=0 hint=0 generation=0 key_unavailable=0 budget=0
[2026-09-26T19:04:00.378Z] I (70376) RouteLoomRef: member state=4 links=2 ends=1 authority=1/1 confirm=1 demux_drop=2
[2026-09-26T19:04:00.378Z] I (70377) RouteLoomRef: member handshake starts=6 requests=1 rejected=0 send_fail=2 established=2 failed=2 last_error=9 active=0
[2026-09-26T19:04:00.378Z] I (70377) RouteLoomRef: member end send_fail=0 established=1 failed=0 last_error=0
[2026-09-26T19:04:00.378Z] I (70377) RouteLoomRef: authority state=2 tx_sent=11 tx_failed=0 rx_accepted=5 rx_rejected=0 pull=0 busy=0 backoff_s=0
[2026-09-26T19:04:00.379Z] I (70378) RouteLoomRef: authority mesh tx_carrier=11 queued=9 shed=7309 rx_carrier=4 denied=0 timeout=2
[2026-09-26T19:04:00.379Z] I (70378) RouteLoomRef: authority jobs accepted=20 failed=0 last=
[2026-09-26T19:04:00.381Z] I (70378) RouteLoomRef: member discovery rx=5 offer_tx=5 offer_rx=2 auth=2 kind_reject=0 capacity=0 send_fail=1
[2026-09-26T19:04:00.381Z] I (70378) RouteLoomRef: member scope raw=7 accepted=6 mac_reject=0 hint=0 generation=0 key_unavailable=0 budget=0
[2026-09-26T19:04:05.379Z] I (75377) RouteLoomRef: member state=4 links=2 ends=1 authority=1/1 confirm=1 demux_drop=2
[2026-09-26T19:04:05.379Z] I (75378) RouteLoomRef: member handshake starts=6 requests=1 rejected=0 send_fail=2 established=2 failed=2 last_error=9 active=0
[2026-09-26T19:04:05.379Z] I (75378) RouteLoomRef: member end send_fail=0 established=1 failed=0 last_error=0
[2026-09-26T19:04:05.380Z] I (75378) RouteLoomRef: authority state=2 tx_sent=11 tx_failed=0 rx_accepted=5 rx_rejected=0 pull=0 busy=0 backoff_s=0
[2026-09-26T19:04:05.380Z] I (75379) RouteLoomRef: authority mesh tx_carrier=11 queued=9 shed=7309 rx_carrier=4 denied=0 timeout=2
[2026-09-26T19:04:05.380Z] I (75379) RouteLoomRef: authority jobs accepted=20 failed=0 last=
[2026-09-26T19:04:05.380Z] I (75379) RouteLoomRef: member discovery rx=5 offer_tx=5 offer_rx=2 auth=2 kind_reject=0 capacity=0 send_fail=1
[2026-09-26T19:04:05.381Z] I (75380) RouteLoomRef: member scope raw=7 accepted=6 mac_reject=0 hint=0 generation=0 key_unavailable=0 budget=0
[2026-09-26T19:04:10.381Z] I (80380) RouteLoomRef: member state=4 links=2 ends=1 authority=1/1 confirm=1 demux_drop=2
[2026-09-26T19:04:10.382Z] I (80381) RouteLoomRef: member handshake starts=6 requests=1 rejected=0 send_fail=2 established=2 failed=2 last_error=9 active=0
[2026-09-26T19:04:10.382Z] I (80381) RouteLoomRef: member end send_fail=0 established=1 failed=0 last_error=0
[2026-09-26T19:04:10.383Z] I (80381) RouteLoomRef: authority state=2 tx_sent=11 tx_failed=0 rx_accepted=5 rx_rejected=0 pull=0 busy=0 backoff_s=0
[2026-09-26T19:04:10.383Z] I (80382) RouteLoomRef: authority mesh tx_carrier=11 queued=9 shed=7309 rx_carrier=4 denied=0 timeout=2
[2026-09-26T19:04:10.383Z] I (80382) RouteLoomRef: authority jobs accepted=20 failed=0 last=
[2026-09-26T19:04:10.383Z] I (80382) RouteLoomRef: member discovery rx=5 offer_tx=5 offer_rx=2 auth=2 kind_reject=0 capacity=0 send_fail=1
[2026-09-26T19:04:10.384Z] I (80383) RouteLoomRef: member scope raw=7 accepted=6 mac_reject=0 hint=0 generation=0 key_unavailable=0 budget=0
[2026-09-26T19:04:15.385Z] I (85383) RouteLoomRef: member state=4 links=2 ends=1 authority=1/1 confirm=1 demux_drop=2
[2026-09-26T19:04:15.385Z] I (85384) RouteLoomRef: member handshake starts=6 requests=1 rejected=0 send_fail=2 established=2 failed=2 last_error=9 active=0
[2026-09-26T19:04:15.385Z] I (85384) RouteLoomRef: member end send_fail=0 established=1 failed=0 last_error=0
[2026-09-26T19:04:15.385Z] I (85384) RouteLoomRef: authority state=2 tx_sent=11 tx_failed=0 rx_accepted=5 rx_rejected=0 pull=0 busy=0 backoff_s=0
[2026-09-26T19:04:15.386Z] I (85385) RouteLoomRef: authority mesh tx_carrier=11 queued=9 shed=7309 rx_carrier=4 denied=0 timeout=2
[2026-09-26T19:04:15.386Z] I (85385) RouteLoomRef: authority jobs accepted=20 failed=0 last=
[2026-09-26T19:04:15.389Z] I (85385) RouteLoomRef: member discovery rx=5 offer_tx=5 offer_rx=2 auth=2 kind_reject=0 capacity=0 send_fail=1
[2026-09-26T19:04:15.389Z] I (85386) RouteLoomRef: member scope raw=7 accepted=6 mac_reject=0 hint=0 generation=0 key_unavailable=0 budget=0
[2026-09-26T19:04:20.389Z] I (90386) RouteLoomRef: member state=4 links=2 ends=1 authority=1/1 confirm=1 demux_drop=2
[2026-09-26T19:04:20.389Z] I (90387) RouteLoomRef: member handshake starts=6 requests=1 rejected=0 send_fail=2 established=2 failed=2 last_error=9 active=0
[2026-09-26T19:04:20.389Z] I (90387) RouteLoomRef: member end send_fail=0 established=1 failed=0 last_error=0
[2026-09-26T19:04:20.389Z] I (90387) RouteLoomRef: authority state=2 tx_sent=11 tx_failed=0 rx_accepted=5 rx_rejected=0 pull=0 busy=0 backoff_s=0
[2026-09-26T19:04:20.389Z] I (90388) RouteLoomRef: authority mesh tx_carrier=11 queued=9 shed=7309 rx_carrier=4 denied=0 timeout=2
[2026-09-26T19:04:20.389Z] I (90388) RouteLoomRef: authority jobs accepted=20 failed=0 last=
[2026-09-26T19:04:20.389Z] I (90388) RouteLoomRef: member discovery rx=5 offer_tx=5 offer_rx=2 auth=2 kind_reject=0 capacity=0 send_fail=1
[2026-09-26T19:04:20.390Z] I (90389) RouteLoomRef: member scope raw=7 accepted=6 mac_reject=0 hint=0 generation=0 key_unavailable=0 budget=0
[2026-09-26T19:04:25.389Z] I (95387) RouteLoomRef: member state=4 links=2 ends=1 authority=1/1 confirm=1 demux_drop=2
[2026-09-26T19:04:25.389Z] I (95388) RouteLoomRef: member handshake starts=6 requests=1 rejected=0 send_fail=2 established=2 failed=2 last_error=9 active=0
[2026-09-26T19:04:25.390Z] I (95388) RouteLoomRef: member end send_fail=0 established=1 failed=0 last_error=0
[2026-09-26T19:04:25.390Z] I (95388) RouteLoomRef: authority state=2 tx_sent=11 tx_failed=0 rx_accepted=5 rx_rejected=0 pull=0 busy=0 backoff_s=0
[2026-09-26T19:04:25.390Z] I (95389) RouteLoomRef: authority mesh tx_carrier=11 queued=9 shed=7309 rx_carrier=4 denied=0 timeout=2
[2026-09-26T19:04:25.390Z] I (95389) RouteLoomRef: authority jobs accepted=20 failed=0 last=
[2026-09-26T19:04:25.390Z] I (95389) RouteLoomRef: member discovery rx=5 offer_tx=5 offer_rx=2 auth=2 kind_reject=0 capacity=0 send_fail=1
[2026-09-26T19:04:25.393Z] I (95389) RouteLoomRef: member scope raw=7 accepted=6 mac_reject=0 hint=0 generation=0 key_unavailable=0 budget=0
[2026-09-26T19:04:30.392Z] I (100390) RouteLoomRef: member state=4 links=2 ends=1 authority=1/1 confirm=1 demux_drop=2
[2026-09-26T19:04:30.392Z] I (100391) RouteLoomRef: member handshake starts=6 requests=1 rejected=0 send_fail=2 established=2 failed=2 last_error=9 active=0
[2026-09-26T19:04:30.392Z] I (100391) RouteLoomRef: member end send_fail=0 established=1 failed=0 last_error=0
[2026-09-26T19:04:30.394Z] I (100391) RouteLoomRef: authority state=2 tx_sent=11 tx_failed=0 rx_accepted=5 rx_rejected=0 pull=0 busy=0 backoff_s=0
[2026-09-26T19:04:30.394Z] I (100392) RouteLoomRef: authority mesh tx_carrier=11 queued=9 shed=7309 rx_carrier=4 denied=0 timeout=2
[2026-09-26T19:04:30.394Z] I (100392) RouteLoomRef: authority jobs accepted=20 failed=0 last=
[2026-09-26T19:04:30.394Z] I (100392) RouteLoomRef: member discovery rx=5 offer_tx=5 offer_rx=2 auth=2 kind_reject=0 capacity=0 send_fail=1
[2026-09-26T19:04:30.394Z] I (100392) RouteLoomRef: member scope raw=7 accepted=6 mac_reject=0 hint=0 generation=0 key_unavailable=0 budget=0
[2026-09-26T19:04:35.394Z] I (105392) RouteLoomRef: member state=4 links=2 ends=1 authority=1/1 confirm=1 demux_drop=2
[2026-09-26T19:04:35.394Z] I (105393) RouteLoomRef: member handshake starts=6 requests=1 rejected=0 send_fail=2 established=2 failed=2 last_error=9 active=0
[2026-09-26T19:04:35.394Z] I (105393) RouteLoomRef: member end send_fail=0 established=1 failed=0 last_error=0
[2026-09-26T19:04:35.394Z] I (105393) RouteLoomRef: authority state=2 tx_sent=11 tx_failed=0 rx_accepted=5 rx_rejected=0 pull=0 busy=0 backoff_s=0
[2026-09-26T19:04:35.395Z] I (105394) RouteLoomRef: authority mesh tx_carrier=11 queued=9 shed=7309 rx_carrier=4 denied=0 timeout=2
[2026-09-26T19:04:35.395Z] I (105394) RouteLoomRef: authority jobs accepted=20 failed=0 last=
[2026-09-26T19:04:35.396Z] I (105394) RouteLoomRef: member discovery rx=5 offer_tx=5 offer_rx=2 auth=2 kind_reject=0 capacity=0 send_fail=1
[2026-09-26T19:04:35.396Z] I (105394) RouteLoomRef: member scope raw=7 accepted=6 mac_reject=0 hint=0 generation=0 key_unavailable=0 budget=0
[2026-09-26T19:04:40.397Z] I (110395) RouteLoomRef: member state=4 links=2 ends=1 authority=1/1 confirm=1 demux_drop=2
[2026-09-26T19:04:40.399Z] I (110396) RouteLoomRef: member handshake starts=6 requests=1 rejected=0 send_fail=2 established=2 failed=2 last_error=9 active=0
[2026-09-26T19:04:40.399Z] I (110396) RouteLoomRef: member end send_fail=0 established=1 failed=0 last_error=0
[2026-09-26T19:04:40.399Z] I (110396) RouteLoomRef: authority state=2 tx_sent=11 tx_failed=0 rx_accepted=5 rx_rejected=0 pull=0 busy=0 backoff_s=0
[2026-09-26T19:04:40.399Z] I (110397) RouteLoomRef: authority mesh tx_carrier=11 queued=9 shed=7309 rx_carrier=4 denied=0 timeout=2
[2026-09-26T19:04:40.399Z] I (110397) RouteLoomRef: authority jobs accepted=20 failed=0 last=
[2026-09-26T19:04:40.400Z] I (110397) RouteLoomRef: member discovery rx=5 offer_tx=5 offer_rx=2 auth=2 kind_reject=0 capacity=0 send_fail=1
[2026-09-26T19:04:40.400Z] I (110397) RouteLoomRef: member scope raw=7 accepted=6 mac_reject=0 hint=0 generation=0 key_unavailable=0 budget=0
[2026-09-26T19:04:45.399Z] I (115397) RouteLoomRef: member state=4 links=2 ends=1 authority=1/1 confirm=1 demux_drop=2
[2026-09-26T19:04:45.399Z] I (115398) RouteLoomRef: member handshake starts=6 requests=1 rejected=0 send_fail=2 established=2 failed=2 last_error=9 active=0
[2026-09-26T19:04:45.402Z] I (115398) RouteLoomRef: member end send_fail=0 established=1 failed=0 last_error=0
[2026-09-26T19:04:45.402Z] I (115398) RouteLoomRef: authority state=2 tx_sent=11 tx_failed=0 rx_accepted=5 rx_rejected=0 pull=0 busy=0 backoff_s=0
[2026-09-26T19:04:45.402Z] I (115399) RouteLoomRef: authority mesh tx_carrier=11 queued=9 shed=7309 rx_carrier=4 denied=0 timeout=2
[2026-09-26T19:04:45.402Z] I (115399) RouteLoomRef: authority jobs accepted=20 failed=0 last=
[2026-09-26T19:04:45.402Z] I (115399) RouteLoomRef: member discovery rx=5 offer_tx=5 offer_rx=2 auth=2 kind_reject=0 capacity=0 send_fail=1
[2026-09-26T19:04:45.402Z] I (115399) RouteLoomRef: member scope raw=7 accepted=6 mac_reject=0 hint=0 generation=0 key_unavailable=0 budget=0
[2026-09-26T19:04:50.356Z] I (120354) RouteLoom: stack hwm main 8392 B
[2026-09-26T19:04:50.356Z] I (120354) RouteLoom: HIL HEAP free=21884 largest=18432 min=20960 B
[2026-09-26T19:04:50.356Z] I (120355) RouteLoom: HIL DISCOVERY candidates=0 neighbors=2 capacity=0 auth=2 stale=0 probes=10 send_failures=1 kind_rejects=0
[2026-09-26T19:04:50.357Z] I (120355) RouteLoom: HIL ROUTE peer=1 phase=5 via=1 metric=1 generation=852 seq=3
[2026-09-26T19:04:50.357Z] I (120355) RouteLoom: HIL ROUTE peer=2 phase=5 via=2 metric=1 generation=1354 seq=1
[2026-09-26T19:04:50.357Z] I (120356) RouteLoom: HIL ROUTE peer=3 phase=-1 via=0 metric=0 generation=0 seq=0
[2026-09-26T19:04:50.401Z] I (120399) RouteLoomRef: member state=4 links=2 ends=1 authority=1/1 confirm=1 demux_drop=2
[2026-09-26T19:04:50.401Z] I (120400) RouteLoomRef: member handshake starts=6 requests=1 rejected=0 send_fail=2 established=2 failed=2 last_error=9 active=0
[2026-09-26T19:04:50.401Z] I (120400) RouteLoomRef: member end send_fail=0 established=1 failed=0 last_error=0
[2026-09-26T19:04:50.402Z] I (120400) RouteLoomRef: authority state=2 tx_sent=11 tx_failed=0 rx_accepted=5 rx_rejected=0 pull=0 busy=0 backoff_s=0
[2026-09-26T19:04:50.402Z] I (120401) RouteLoomRef: authority mesh tx_carrier=11 queued=9 shed=7309 rx_carrier=4 denied=0 timeout=2
[2026-09-26T19:04:50.402Z] I (120401) RouteLoomRef: authority jobs accepted=20 failed=0 last=
[2026-09-26T19:04:50.403Z] I (120401) RouteLoomRef: member discovery rx=5 offer_tx=5 offer_rx=2 auth=2 kind_reject=0 capacity=0 send_fail=1
[2026-09-26T19:04:50.403Z] I (120402) RouteLoomRef: member scope raw=7 accepted=6 mac_reject=0 hint=0 generation=0 key_unavailable=0 budget=0
[2026-09-26T19:04:53.325Z] I (123323) RouteLoomRef: RLD1 rx kind=1 ch=6 generation=0 src=94:a9:90:6a:ee:c4 dest=ff:ff:ff:ff:ff:ff
[2026-09-26T19:04:53.410Z] W (123408) RouteLoomRef: diagnostic reason=RX_CONTEXT_CHANGED peer=1 message=present
[2026-09-26T19:04:53.428Z] I (123426) RouteLoomRef: discovery event=REACHABLE peer=1
[2026-09-26T19:04:53.428Z] W (123427) RouteLoomRef: diagnostic reason=REACHABLE peer=1 message=none
[2026-09-26T19:04:55.404Z] I (125402) RouteLoomRef: member state=4 links=2 ends=1 authority=1/1 confirm=1 demux_drop=2
[2026-09-26T19:04:55.406Z] I (125403) RouteLoomRef: member handshake starts=7 requests=1 rejected=0 send_fail=3 established=3 failed=2 last_error=6 active=0
[2026-09-26T19:04:55.406Z] I (125403) RouteLoomRef: member end send_fail=0 established=1 failed=0 last_error=0
[2026-09-26T19:04:55.406Z] I (125403) RouteLoomRef: authority state=2 tx_sent=11 tx_failed=0 rx_accepted=5 rx_rejected=0 pull=0 busy=0 backoff_s=0
[2026-09-26T19:04:55.406Z] I (125404) RouteLoomRef: authority mesh tx_carrier=11 queued=9 shed=7309 rx_carrier=4 denied=0 timeout=2
[2026-09-26T19:04:55.406Z] I (125404) RouteLoomRef: authority jobs accepted=20 failed=0 last=
[2026-09-26T19:04:55.406Z] I (125404) RouteLoomRef: member discovery rx=6 offer_tx=6 offer_rx=2 auth=3 kind_reject=0 capacity=0 send_fail=1
[2026-09-26T19:04:55.406Z] I (125404) RouteLoomRef: member scope raw=8 accepted=7 mac_reject=0 hint=0 generation=0 key_unavailable=0 budget=0
[2026-09-26T19:04:56.457Z] W (126456) RouteLoomRef: diagnostic reason=PEER_RESTARTED_ROUTES_FLUSHED peer=1 message=none
[2026-09-26T19:05:00.406Z] I (130404) RouteLoomRef: member state=4 links=2 ends=1 authority=1/1 confirm=1 demux_drop=2
[2026-09-26T19:05:00.406Z] I (130405) RouteLoomRef: member handshake starts=7 requests=1 rejected=0 send_fail=3 established=3 failed=2 last_error=6 active=0
[2026-09-26T19:05:00.406Z] I (130405) RouteLoomRef: member end send_fail=0 established=1 failed=0 last_error=0
[2026-09-26T19:05:00.407Z] I (130405) RouteLoomRef: authority state=2 tx_sent=11 tx_failed=0 rx_accepted=5 rx_rejected=0 pull=0 busy=0 backoff_s=0
[2026-09-26T19:05:00.407Z] I (130406) RouteLoomRef: authority mesh tx_carrier=11 queued=9 shed=7309 rx_carrier=4 denied=0 timeout=2
[2026-09-26T19:05:00.407Z] I (130406) RouteLoomRef: authority jobs accepted=20 failed=0 last=
[2026-09-26T19:05:00.408Z] I (130406) RouteLoomRef: member discovery rx=6 offer_tx=6 offer_rx=2 auth=3 kind_reject=0 capacity=0 send_fail=1
[2026-09-26T19:05:00.408Z] I (130406) RouteLoomRef: member scope raw=8 accepted=7 mac_reject=0 hint=0 generation=0 key_unavailable=0 budget=0
[2026-09-26T19:05:05.407Z] I (135405) RouteLoomRef: member state=4 links=2 ends=1 authority=1/1 confirm=1 demux_drop=2
[2026-09-26T19:05:05.407Z] I (135406) RouteLoomRef: member handshake starts=7 requests=1 rejected=0 send_fail=3 established=3 failed=2 last_error=6 active=0
[2026-09-26T19:05:05.407Z] I (135406) RouteLoomRef: member end send_fail=0 established=1 failed=0 last_error=0
[2026-09-26T19:05:05.408Z] I (135406) RouteLoomRef: authority state=2 tx_sent=11 tx_failed=0 rx_accepted=5 rx_rejected=0 pull=0 busy=0 backoff_s=0
[2026-09-26T19:05:05.408Z] I (135407) RouteLoomRef: authority mesh tx_carrier=11 queued=9 shed=7309 rx_carrier=4 denied=0 timeout=2
[2026-09-26T19:05:05.408Z] I (135407) RouteLoomRef: authority jobs accepted=20 failed=0 last=
[2026-09-26T19:05:05.409Z] I (135407) RouteLoomRef: member discovery rx=6 offer_tx=6 offer_rx=2 auth=3 kind_reject=0 capacity=0 send_fail=1
[2026-09-26T19:05:05.409Z] I (135408) RouteLoomRef: member scope raw=8 accepted=7 mac_reject=0 hint=0 generation=0 key_unavailable=0 budget=0
[2026-09-26T19:05:10.409Z] I (140407) RouteLoomRef: member state=4 links=2 ends=1 authority=1/1 confirm=1 demux_drop=2
[2026-09-26T19:05:10.409Z] I (140408) RouteLoomRef: member handshake starts=7 requests=1 rejected=0 send_fail=3 established=3 failed=2 last_error=6 active=0
[2026-09-26T19:05:10.410Z] I (140408) RouteLoomRef: member end send_fail=0 established=1 failed=0 last_error=0
[2026-09-26T19:05:10.410Z] I (140408) RouteLoomRef: authority state=2 tx_sent=11 tx_failed=0 rx_accepted=5 rx_rejected=0 pull=0 busy=0 backoff_s=0
[2026-09-26T19:05:10.410Z] I (140409) RouteLoomRef: authority mesh tx_carrier=11 queued=9 shed=7309 rx_carrier=4 denied=0 timeout=2
[2026-09-26T19:05:10.410Z] I (140409) RouteLoomRef: authority jobs accepted=20 failed=0 last=
[2026-09-26T19:05:10.411Z] I (140409) RouteLoomRef: member discovery rx=6 offer_tx=6 offer_rx=2 auth=3 kind_reject=0 capacity=0 send_fail=1
[2026-09-26T19:05:10.411Z] I (140409) RouteLoomRef: member scope raw=8 accepted=7 mac_reject=0 hint=0 generation=0 key_unavailable=0 budget=0
[2026-09-26T19:05:15.412Z] I (145410) RouteLoomRef: member state=4 links=2 ends=1 authority=1/1 confirm=1 demux_drop=2
[2026-09-26T19:05:15.412Z] I (145411) RouteLoomRef: member handshake starts=7 requests=1 rejected=0 send_fail=3 established=3 failed=2 last_error=6 active=0
[2026-09-26T19:05:15.413Z] I (145411) RouteLoomRef: member end send_fail=0 established=1 failed=0 last_error=0
[2026-09-26T19:05:15.413Z] I (145411) RouteLoomRef: authority state=2 tx_sent=11 tx_failed=0 rx_accepted=5 rx_rejected=0 pull=0 busy=0 backoff_s=0
[2026-09-26T19:05:15.415Z] I (145412) RouteLoomRef: authority mesh tx_carrier=11 queued=9 shed=7309 rx_carrier=4 denied=0 timeout=2
[2026-09-26T19:05:15.416Z] I (145412) RouteLoomRef: authority jobs accepted=20 failed=0 last=
[2026-09-26T19:05:15.416Z] I (145412) RouteLoomRef: member discovery rx=6 offer_tx=6 offer_rx=2 auth=3 kind_reject=0 capacity=0 send_fail=1
[2026-09-26T19:05:15.416Z] I (145412) RouteLoomRef: member scope raw=8 accepted=7 mac_reject=0 hint=0 generation=0 key_unavailable=0 budget=0
[2026-09-26T19:05:17.213Z] I (147210) RouteLoomRef: RLD1 rx kind=1 ch=6 generation=0 src=94:a9:90:7a:b5:60 dest=ff:ff:ff:ff:ff:ff
[2026-09-26T19:05:20.418Z] I (150410) RouteLoomRef: member state=4 links=2 ends=1 authority=1/1 confirm=1 demux_drop=2
[2026-09-26T19:05:20.418Z] I (150411) RouteLoomRef: member handshake starts=8 requests=1 rejected=0 send_fail=3 established=3 failed=2 last_error=6 active=0
[2026-09-26T19:05:20.418Z] I (150411) RouteLoomRef: member end send_fail=0 established=1 failed=0 last_error=0
[2026-09-26T19:05:20.418Z] I (150411) RouteLoomRef: authority state=2 tx_sent=11 tx_failed=0 rx_accepted=5 rx_rejected=0 pull=0 busy=0 backoff_s=0
[2026-09-26T19:05:20.418Z] I (150412) RouteLoomRef: authority mesh tx_carrier=11 queued=9 shed=7309 rx_carrier=4 denied=0 timeout=2
[2026-09-26T19:05:20.418Z] I (150412) RouteLoomRef: authority jobs accepted=20 failed=0 last=
[2026-09-26T19:05:20.418Z] I (150412) RouteLoomRef: member discovery rx=7 offer_tx=7 offer_rx=2 auth=3 kind_reject=0 capacity=0 send_fail=1
[2026-09-26T19:05:20.418Z] I (150412) RouteLoomRef: member scope raw=9 accepted=8 mac_reject=0 hint=0 generation=0 key_unavailable=0 budget=0
[2026-09-26T19:05:25.415Z] I (155413) RouteLoomRef: member state=4 links=2 ends=1 authority=1/1 confirm=1 demux_drop=2
[2026-09-26T19:05:25.415Z] I (155414) RouteLoomRef: member handshake starts=8 requests=1 rejected=0 send_fail=3 established=3 failed=2 last_error=6 active=0
[2026-09-26T19:05:25.418Z] I (155414) RouteLoomRef: member end send_fail=0 established=1 failed=0 last_error=0
[2026-09-26T19:05:25.418Z] I (155414) RouteLoomRef: authority state=2 tx_sent=11 tx_failed=0 rx_accepted=5 rx_rejected=0 pull=0 busy=0 backoff_s=0
[2026-09-26T19:05:25.418Z] I (155415) RouteLoomRef: authority mesh tx_carrier=11 queued=9 shed=7309 rx_carrier=4 denied=0 timeout=2
[2026-09-26T19:05:25.418Z] I (155415) RouteLoomRef: authority jobs accepted=20 failed=0 last=
[2026-09-26T19:05:25.418Z] I (155415) RouteLoomRef: member discovery rx=7 offer_tx=7 offer_rx=2 auth=3 kind_reject=0 capacity=0 send_fail=1
[2026-09-26T19:05:25.418Z] I (155416) RouteLoomRef: member scope raw=9 accepted=8 mac_reject=0 hint=0 generation=0 key_unavailable=0 budget=0
[2026-09-26T19:05:30.418Z] I (160416) RouteLoomRef: member state=4 links=2 ends=1 authority=1/1 confirm=1 demux_drop=2
[2026-09-26T19:05:30.418Z] I (160417) RouteLoomRef: member handshake starts=8 requests=1 rejected=0 send_fail=3 established=3 failed=2 last_error=6 active=0
[2026-09-26T19:05:30.419Z] I (160417) RouteLoomRef: member end send_fail=0 established=1 failed=0 last_error=0
[2026-09-26T19:05:30.419Z] I (160417) RouteLoomRef: authority state=2 tx_sent=11 tx_failed=0 rx_accepted=5 rx_rejected=0 pull=0 busy=0 backoff_s=0
[2026-09-26T19:05:30.419Z] I (160418) RouteLoomRef: authority mesh tx_carrier=11 queued=9 shed=7309 rx_carrier=4 denied=0 timeout=2
[2026-09-26T19:05:30.420Z] I (160418) RouteLoomRef: authority jobs accepted=20 failed=0 last=
[2026-09-26T19:05:30.420Z] I (160418) RouteLoomRef: member discovery rx=7 offer_tx=7 offer_rx=2 auth=3 kind_reject=0 capacity=0 send_fail=1
[2026-09-26T19:05:30.420Z] I (160418) RouteLoomRef: member scope raw=9 accepted=8 mac_reject=0 hint=0 generation=0 key_unavailable=0 budget=0
[2026-09-26T19:05:35.420Z] I (165418) RouteLoomRef: member state=4 links=2 ends=1 authority=1/1 confirm=1 demux_drop=2
[2026-09-26T19:05:35.421Z] I (165419) RouteLoomRef: member handshake starts=8 requests=1 rejected=0 send_fail=3 established=3 failed=2 last_error=6 active=0
[2026-09-26T19:05:35.421Z] I (165419) RouteLoomRef: member end send_fail=0 established=1 failed=0 last_error=0
[2026-09-26T19:05:35.421Z] I (165419) RouteLoomRef: authority state=2 tx_sent=11 tx_failed=0 rx_accepted=5 rx_rejected=0 pull=0 busy=0 backoff_s=0
[2026-09-26T19:05:35.421Z] I (165420) RouteLoomRef: authority mesh tx_carrier=11 queued=9 shed=7309 rx_carrier=4 denied=0 timeout=2
[2026-09-26T19:05:35.422Z] I (165420) RouteLoomRef: authority jobs accepted=20 failed=0 last=
[2026-09-26T19:05:35.422Z] I (165420) RouteLoomRef: member discovery rx=7 offer_tx=7 offer_rx=2 auth=3 kind_reject=0 capacity=0 send_fail=1
[2026-09-26T19:05:35.422Z] I (165420) RouteLoomRef: member scope raw=9 accepted=8 mac_reject=0 hint=0 generation=0 key_unavailable=0 budget=0
[2026-09-26T19:05:40.422Z] I (170420) RouteLoomRef: member state=4 links=2 ends=1 authority=1/1 confirm=1 demux_drop=2
[2026-09-26T19:05:40.422Z] I (170421) RouteLoomRef: member handshake starts=8 requests=1 rejected=0 send_fail=3 established=3 failed=2 last_error=6 active=0
[2026-09-26T19:05:40.426Z] I (170421) RouteLoomRef: member end send_fail=0 established=1 failed=0 last_error=0
[2026-09-26T19:05:40.426Z] I (170421) RouteLoomRef: authority state=2 tx_sent=11 tx_failed=0 rx_accepted=5 rx_rejected=0 pull=0 busy=0 backoff_s=0
[2026-09-26T19:05:40.426Z] I (170422) RouteLoomRef: authority mesh tx_carrier=11 queued=9 shed=7309 rx_carrier=4 denied=0 timeout=2
[2026-09-26T19:05:40.426Z] I (170422) RouteLoomRef: authority jobs accepted=20 failed=0 last=
[2026-09-26T19:05:40.426Z] I (170422) RouteLoomRef: member discovery rx=7 offer_tx=7 offer_rx=2 auth=3 kind_reject=0 capacity=0 send_fail=1
[2026-09-26T19:05:40.426Z] I (170422) RouteLoomRef: member scope raw=9 accepted=8 mac_reject=0 hint=0 generation=0 key_unavailable=0 budget=0
[2026-09-26T19:05:45.424Z] I (175422) RouteLoomRef: member state=4 links=2 ends=1 authority=1/1 confirm=1 demux_drop=2
[2026-09-26T19:05:45.427Z] I (175423) RouteLoomRef: member handshake starts=8 requests=1 rejected=0 send_fail=3 established=3 failed=2 last_error=6 active=0
[2026-09-26T19:05:45.427Z] I (175423) RouteLoomRef: member end send_fail=0 established=1 failed=0 last_error=0
[2026-09-26T19:05:45.427Z] I (175423) RouteLoomRef: authority state=2 tx_sent=11 tx_failed=0 rx_accepted=5 rx_rejected=0 pull=0 busy=0 backoff_s=0
[2026-09-26T19:05:45.427Z] I (175424) RouteLoomRef: authority mesh tx_carrier=11 queued=9 shed=7309 rx_carrier=4 denied=0 timeout=2
[2026-09-26T19:05:45.427Z] I (175424) RouteLoomRef: authority jobs accepted=20 failed=0 last=
[2026-09-26T19:05:45.427Z] I (175424) RouteLoomRef: member discovery rx=7 offer_tx=7 offer_rx=2 auth=3 kind_reject=0 capacity=0 send_fail=1
[2026-09-26T19:05:45.427Z] I (175424) RouteLoomRef: member scope raw=9 accepted=8 mac_reject=0 hint=0 generation=0 key_unavailable=0 budget=0
[2026-09-26T19:05:50.356Z] I (180354) RouteLoom: stack hwm main 8392 B
[2026-09-26T19:05:50.356Z] I (180354) RouteLoom: HIL HEAP free=21884 largest=18432 min=20960 B
[2026-09-26T19:05:50.357Z] I (180355) RouteLoom: HIL DISCOVERY candidates=0 neighbors=2 capacity=0 auth=3 stale=0 probes=17 send_failures=1 kind_rejects=0
[2026-09-26T19:05:50.357Z] I (180355) RouteLoom: HIL ROUTE peer=1 phase=5 via=1 metric=1 generation=853 seq=1
[2026-09-26T19:05:50.357Z] I (180355) RouteLoom: HIL ROUTE peer=2 phase=5 via=2 metric=1 generation=1354 seq=2
[2026-09-26T19:05:50.358Z] I (180356) RouteLoom: HIL ROUTE peer=3 phase=-1 via=0 metric=0 generation=0 seq=0
[2026-09-26T19:05:50.425Z] I (180423) RouteLoomRef: member state=4 links=2 ends=1 authority=1/1 confirm=1 demux_drop=2
[2026-09-26T19:05:50.426Z] I (180424) RouteLoomRef: member handshake starts=8 requests=1 rejected=0 send_fail=3 established=3 failed=2 last_error=6 active=0
[2026-09-26T19:05:50.426Z] I (180424) RouteLoomRef: member end send_fail=0 established=1 failed=0 last_error=0
[2026-09-26T19:05:50.426Z] I (180424) RouteLoomRef: authority state=2 tx_sent=11 tx_failed=0 rx_accepted=5 rx_rejected=0 pull=0 busy=0 backoff_s=0
[2026-09-26T19:05:50.427Z] I (180425) RouteLoomRef: authority mesh tx_carrier=11 queued=9 shed=7309 rx_carrier=4 denied=0 timeout=2
[2026-09-26T19:05:50.427Z] I (180425) RouteLoomRef: authority jobs accepted=20 failed=0 last=
[2026-09-26T19:05:50.427Z] I (180425) RouteLoomRef: member discovery rx=7 offer_tx=7 offer_rx=2 auth=3 kind_reject=0 capacity=0 send_fail=1
[2026-09-26T19:05:50.427Z] I (180425) RouteLoomRef: member scope raw=9 accepted=8 mac_reject=0 hint=0 generation=0 key_unavailable=0 budget=0
[2026-09-26T19:05:55.428Z] I (185426) RouteLoomRef: member state=4 links=2 ends=1 authority=1/1 confirm=1 demux_drop=2
[2026-09-26T19:05:55.429Z] I (185427) RouteLoomRef: member handshake starts=8 requests=1 rejected=0 send_fail=3 established=3 failed=2 last_error=6 active=0
[2026-09-26T19:05:55.429Z] I (185427) RouteLoomRef: member end send_fail=0 established=1 failed=0 last_error=0
[2026-09-26T19:05:55.430Z] I (185427) RouteLoomRef: authority state=2 tx_sent=11 tx_failed=0 rx_accepted=5 rx_rejected=0 pull=0 busy=0 backoff_s=0
[2026-09-26T19:05:55.430Z] I (185428) RouteLoomRef: authority mesh tx_carrier=11 queued=9 shed=7309 rx_carrier=4 denied=0 timeout=2
[2026-09-26T19:05:55.430Z] I (185428) RouteLoomRef: authority jobs accepted=20 failed=0 last=
[2026-09-26T19:05:55.430Z] I (185428) RouteLoomRef: member discovery rx=7 offer_tx=7 offer_rx=2 auth=3 kind_reject=0 capacity=0 send_fail=1
[2026-09-26T19:05:55.431Z] I (185429) RouteLoomRef: member scope raw=9 accepted=8 mac_reject=0 hint=0 generation=0 key_unavailable=0 budget=0
[2026-09-26T19:06:00.433Z] I (190429) RouteLoomRef: member state=4 links=2 ends=1 authority=1/1 confirm=1 demux_drop=2
[2026-09-26T19:06:00.433Z] I (190430) RouteLoomRef: member handshake starts=8 requests=1 rejected=0 send_fail=3 established=3 failed=2 last_error=6 active=0
[2026-09-26T19:06:00.433Z] I (190430) RouteLoomRef: member end send_fail=0 established=1 failed=0 last_error=0
[2026-09-26T19:06:00.433Z] I (190430) RouteLoomRef: authority state=2 tx_sent=11 tx_failed=0 rx_accepted=5 rx_rejected=0 pull=0 busy=0 backoff_s=0
[2026-09-26T19:06:00.433Z] I (190431) RouteLoomRef: authority mesh tx_carrier=11 queued=9 shed=7309 rx_carrier=4 denied=0 timeout=2
[2026-09-26T19:06:00.433Z] I (190431) RouteLoomRef: authority jobs accepted=20 failed=0 last=
[2026-09-26T19:06:00.433Z] I (190431) RouteLoomRef: member discovery rx=7 offer_tx=7 offer_rx=2 auth=3 kind_reject=0 capacity=0 send_fail=1
[2026-09-26T19:06:00.433Z] I (190431) RouteLoomRef: member scope raw=9 accepted=8 mac_reject=0 hint=0 generation=0 key_unavailable=0 budget=0
[2026-09-26T19:06:05.433Z] I (195431) RouteLoomRef: member state=4 links=2 ends=1 authority=1/1 confirm=1 demux_drop=2
[2026-09-26T19:06:05.434Z] I (195432) RouteLoomRef: member handshake starts=8 requests=1 rejected=0 send_fail=3 established=3 failed=2 last_error=6 active=0
[2026-09-26T19:06:05.434Z] I (195432) RouteLoomRef: member end send_fail=0 established=1 failed=0 last_error=0
[2026-09-26T19:06:05.435Z] I (195432) RouteLoomRef: authority state=2 tx_sent=11 tx_failed=0 rx_accepted=5 rx_rejected=0 pull=0 busy=0 backoff_s=0
[2026-09-26T19:06:05.435Z] I (195433) RouteLoomRef: authority mesh tx_carrier=11 queued=9 shed=7309 rx_carrier=4 denied=0 timeout=2
[2026-09-26T19:06:05.435Z] I (195433) RouteLoomRef: authority jobs accepted=20 failed=0 last=
[2026-09-26T19:06:05.436Z] I (195433) RouteLoomRef: member discovery rx=7 offer_tx=7 offer_rx=2 auth=3 kind_reject=0 capacity=0 send_fail=1
[2026-09-26T19:06:05.436Z] I (195433) RouteLoomRef: member scope raw=9 accepted=8 mac_reject=0 hint=0 generation=0 key_unavailable=0 budget=0
[2026-09-26T19:06:10.437Z] I (200434) RouteLoomRef: member state=4 links=2 ends=1 authority=1/1 confirm=1 demux_drop=2
[2026-09-26T19:06:10.437Z] I (200435) RouteLoomRef: member handshake starts=8 requests=1 rejected=0 send_fail=3 established=3 failed=2 last_error=6 active=0
[2026-09-26T19:06:10.437Z] I (200435) RouteLoomRef: member end send_fail=0 established=1 failed=0 last_error=0
[2026-09-26T19:06:10.438Z] I (200435) RouteLoomRef: authority state=2 tx_sent=11 tx_failed=0 rx_accepted=5 rx_rejected=0 pull=0 busy=0 backoff_s=0
[2026-09-26T19:06:10.438Z] I (200436) RouteLoomRef: authority mesh tx_carrier=11 queued=9 shed=7309 rx_carrier=4 denied=0 timeout=2
[2026-09-26T19:06:10.438Z] I (200436) RouteLoomRef: authority jobs accepted=20 failed=0 last=
[2026-09-26T19:06:10.438Z] I (200436) RouteLoomRef: member discovery rx=7 offer_tx=7 offer_rx=2 auth=3 kind_reject=0 capacity=0 send_fail=2
[2026-09-26T19:06:10.439Z] I (200437) RouteLoomRef: member scope raw=9 accepted=8 mac_reject=0 hint=0 generation=0 key_unavailable=0 budget=0
[2026-09-26T19:06:15.438Z] I (205436) RouteLoomRef: member state=4 links=2 ends=1 authority=1/1 confirm=1 demux_drop=2
[2026-09-26T19:06:15.439Z] I (205437) RouteLoomRef: member handshake starts=8 requests=1 rejected=0 send_fail=3 established=3 failed=2 last_error=6 active=0
[2026-09-26T19:06:15.439Z] I (205437) RouteLoomRef: member end send_fail=0 established=1 failed=0 last_error=0
[2026-09-26T19:06:15.439Z] I (205437) RouteLoomRef: authority state=2 tx_sent=11 tx_failed=0 rx_accepted=5 rx_rejected=0 pull=0 busy=0 backoff_s=0
[2026-09-26T19:06:15.440Z] I (205438) RouteLoomRef: authority mesh tx_carrier=11 queued=9 shed=7309 rx_carrier=4 denied=0 timeout=2
[2026-09-26T19:06:15.440Z] I (205438) RouteLoomRef: authority jobs accepted=20 failed=0 last=
[2026-09-26T19:06:15.440Z] I (205438) RouteLoomRef: member discovery rx=7 offer_tx=7 offer_rx=2 auth=3 kind_reject=0 capacity=0 send_fail=2
[2026-09-26T19:06:15.441Z] I (205438) RouteLoomRef: member scope raw=9 accepted=8 mac_reject=0 hint=0 generation=0 key_unavailable=0 budget=0
[2026-09-26T19:06:20.441Z] I (210438) RouteLoomRef: member state=4 links=2 ends=1 authority=1/1 confirm=1 demux_drop=2
[2026-09-26T19:06:20.441Z] I (210439) RouteLoomRef: member handshake starts=8 requests=1 rejected=0 send_fail=3 established=3 failed=2 last_error=6 active=0
[2026-09-26T19:06:20.441Z] I (210439) RouteLoomRef: member end send_fail=0 established=1 failed=0 last_error=0
[2026-09-26T19:06:20.442Z] I (210439) RouteLoomRef: authority state=2 tx_sent=11 tx_failed=0 rx_accepted=5 rx_rejected=0 pull=0 busy=0 backoff_s=0
[2026-09-26T19:06:20.442Z] I (210440) RouteLoomRef: authority mesh tx_carrier=11 queued=9 shed=7309 rx_carrier=4 denied=0 timeout=2
[2026-09-26T19:06:20.442Z] I (210440) RouteLoomRef: authority jobs accepted=20 failed=0 last=
[2026-09-26T19:06:20.442Z] I (210440) RouteLoomRef: member discovery rx=7 offer_tx=7 offer_rx=2 auth=3 kind_reject=0 capacity=0 send_fail=2
[2026-09-26T19:06:20.443Z] I (210440) RouteLoomRef: member scope raw=9 accepted=8 mac_reject=0 hint=0 generation=0 key_unavailable=0 budget=0
[2026-09-26T19:06:25.441Z] I (215438) RouteLoomRef: member state=4 links=2 ends=1 authority=1/1 confirm=1 demux_drop=2
[2026-09-26T19:06:25.441Z] I (215439) RouteLoomRef: member handshake starts=8 requests=1 rejected=0 send_fail=3 established=3 failed=2 last_error=6 active=0
[2026-09-26T19:06:25.442Z] I (215439) RouteLoomRef: member end send_fail=0 established=1 failed=0 last_error=0
[2026-09-26T19:06:25.442Z] I (215439) RouteLoomRef: authority state=2 tx_sent=11 tx_failed=0 rx_accepted=5 rx_rejected=0 pull=0 busy=0 backoff_s=0
[2026-09-26T19:06:25.442Z] I (215440) RouteLoomRef: authority mesh tx_carrier=11 queued=9 shed=7309 rx_carrier=4 denied=0 timeout=2
[2026-09-26T19:06:25.442Z] I (215440) RouteLoomRef: authority jobs accepted=20 failed=0 last=
[2026-09-26T19:06:25.443Z] I (215440) RouteLoomRef: member discovery rx=7 offer_tx=7 offer_rx=2 auth=3 kind_reject=0 capacity=0 send_fail=2
[2026-09-26T19:06:25.443Z] I (215440) RouteLoomRef: member scope raw=9 accepted=8 mac_reject=0 hint=0 generation=0 key_unavailable=0 budget=0
[2026-09-26T19:06:30.444Z] I (220441) RouteLoomRef: member state=4 links=2 ends=1 authority=1/1 confirm=1 demux_drop=2
[2026-09-26T19:06:30.446Z] I (220442) RouteLoomRef: member handshake starts=8 requests=1 rejected=0 send_fail=3 established=3 failed=2 last_error=6 active=0
[2026-09-26T19:06:30.446Z] I (220442) RouteLoomRef: member end send_fail=0 established=1 failed=0 last_error=0
[2026-09-26T19:06:30.446Z] I (220442) RouteLoomRef: authority state=2 tx_sent=11 tx_failed=0 rx_accepted=5 rx_rejected=0 pull=0 busy=0 backoff_s=0
[2026-09-26T19:06:30.446Z] I (220443) RouteLoomRef: authority mesh tx_carrier=11 queued=9 shed=7309 rx_carrier=4 denied=0 timeout=2
[2026-09-26T19:06:30.446Z] I (220443) RouteLoomRef: authority jobs accepted=20 failed=0 last=
[2026-09-26T19:06:30.446Z] I (220443) RouteLoomRef: member discovery rx=7 offer_tx=7 offer_rx=2 auth=3 kind_reject=0 capacity=0 send_fail=2
[2026-09-26T19:06:30.446Z] I (220443) RouteLoomRef: member scope raw=9 accepted=8 mac_reject=0 hint=0 generation=0 key_unavailable=0 budget=0
[2026-09-26T19:06:35.446Z] I (225443) RouteLoomRef: member state=4 links=2 ends=1 authority=1/1 confirm=1 demux_drop=2
[2026-09-26T19:06:35.447Z] I (225444) RouteLoomRef: member handshake starts=8 requests=1 rejected=0 send_fail=3 established=3 failed=2 last_error=6 active=0
[2026-09-26T19:06:35.447Z] I (225444) RouteLoomRef: member end send_fail=0 established=1 failed=0 last_error=0
[2026-09-26T19:06:35.447Z] I (225444) RouteLoomRef: authority state=2 tx_sent=11 tx_failed=0 rx_accepted=5 rx_rejected=0 pull=0 busy=0 backoff_s=0
[2026-09-26T19:06:35.447Z] I (225445) RouteLoomRef: authority mesh tx_carrier=11 queued=9 shed=7309 rx_carrier=4 denied=0 timeout=2
[2026-09-26T19:06:35.447Z] I (225445) RouteLoomRef: authority jobs accepted=20 failed=0 last=
[2026-09-26T19:06:35.449Z] I (225445) RouteLoomRef: member discovery rx=7 offer_tx=7 offer_rx=2 auth=3 kind_reject=0 capacity=0 send_fail=2
[2026-09-26T19:06:35.449Z] I (225446) RouteLoomRef: member scope raw=9 accepted=8 mac_reject=0 hint=0 generation=0 key_unavailable=0 budget=0
[2026-09-26T19:06:40.449Z] I (230446) RouteLoomRef: member state=4 links=2 ends=1 authority=1/1 confirm=1 demux_drop=2
[2026-09-26T19:06:40.449Z] I (230447) RouteLoomRef: member handshake starts=8 requests=1 rejected=0 send_fail=3 established=3 failed=2 last_error=6 active=0
[2026-09-26T19:06:40.450Z] I (230447) RouteLoomRef: member end send_fail=0 established=1 failed=0 last_error=0
[2026-09-26T19:06:40.450Z] I (230447) RouteLoomRef: authority state=2 tx_sent=11 tx_failed=0 rx_accepted=5 rx_rejected=0 pull=0 busy=0 backoff_s=0
[2026-09-26T19:06:40.450Z] I (230448) RouteLoomRef: authority mesh tx_carrier=11 queued=9 shed=7309 rx_carrier=4 denied=0 timeout=2
[2026-09-26T19:06:40.450Z] I (230448) RouteLoomRef: authority jobs accepted=20 failed=0 last=
[2026-09-26T19:06:40.451Z] I (230448) RouteLoomRef: member discovery rx=7 offer_tx=7 offer_rx=2 auth=3 kind_reject=0 capacity=0 send_fail=3
[2026-09-26T19:06:40.451Z] I (230449) RouteLoomRef: member scope raw=9 accepted=8 mac_reject=0 hint=0 generation=0 key_unavailable=0 budget=0
[2026-09-26T19:06:45.451Z] I (235448) RouteLoomRef: member state=4 links=2 ends=1 authority=1/1 confirm=1 demux_drop=2
[2026-09-26T19:06:45.451Z] I (235449) RouteLoomRef: member handshake starts=8 requests=1 rejected=0 send_fail=3 established=3 failed=2 last_error=6 active=0
[2026-09-26T19:06:45.452Z] I (235449) RouteLoomRef: member end send_fail=0 established=1 failed=0 last_error=0
[2026-09-26T19:06:45.452Z] I (235449) RouteLoomRef: authority state=2 tx_sent=11 tx_failed=0 rx_accepted=5 rx_rejected=0 pull=0 busy=0 backoff_s=0
[2026-09-26T19:06:45.452Z] I (235450) RouteLoomRef: authority mesh tx_carrier=11 queued=9 shed=7309 rx_carrier=4 denied=0 timeout=2
[2026-09-26T19:06:45.452Z] I (235450) RouteLoomRef: authority jobs accepted=20 failed=0 last=
[2026-09-26T19:06:45.454Z] I (235450) RouteLoomRef: member discovery rx=7 offer_tx=7 offer_rx=2 auth=3 kind_reject=0 capacity=0 send_fail=3
[2026-09-26T19:06:45.454Z] I (235451) RouteLoomRef: member scope raw=9 accepted=8 mac_reject=0 hint=0 generation=0 key_unavailable=0 budget=0
[2026-09-26T19:06:50.359Z] I (240356) RouteLoom: stack hwm main 8392 B
[2026-09-26T19:06:50.359Z] I (240356) RouteLoom: HIL HEAP free=21884 largest=18432 min=20960 B
[2026-09-26T19:06:50.359Z] I (240357) RouteLoom: HIL DISCOVERY candidates=0 neighbors=2 capacity=0 auth=3 stale=0 probes=24 send_failures=3 kind_rejects=0
[2026-09-26T19:06:50.360Z] I (240357) RouteLoom: HIL ROUTE peer=1 phase=5 via=1 metric=1 generation=853 seq=1
[2026-09-26T19:06:50.360Z] I (240357) RouteLoom: HIL ROUTE peer=2 phase=5 via=2 metric=1 generation=1354 seq=2
[2026-09-26T19:06:50.360Z] I (240358) RouteLoom: HIL ROUTE peer=3 phase=-1 via=0 metric=0 generation=0 seq=0
[2026-09-26T19:06:50.452Z] I (240449) RouteLoomRef: member state=4 links=2 ends=1 authority=1/1 confirm=1 demux_drop=2
[2026-09-26T19:06:50.452Z] I (240450) RouteLoomRef: member handshake starts=8 requests=1 rejected=0 send_fail=3 established=3 failed=2 last_error=6 active=0
[2026-09-26T19:06:50.453Z] I (240450) RouteLoomRef: member end send_fail=0 established=1 failed=0 last_error=0
[2026-09-26T19:06:50.453Z] I (240450) RouteLoomRef: authority state=2 tx_sent=11 tx_failed=0 rx_accepted=5 rx_rejected=0 pull=0 busy=0 backoff_s=0
[2026-09-26T19:06:50.453Z] I (240451) RouteLoomRef: authority mesh tx_carrier=11 queued=9 shed=7309 rx_carrier=4 denied=0 timeout=2
[2026-09-26T19:06:50.453Z] I (240451) RouteLoomRef: authority jobs accepted=20 failed=0 last=
[2026-09-26T19:06:50.454Z] I (240451) RouteLoomRef: member discovery rx=7 offer_tx=7 offer_rx=2 auth=3 kind_reject=0 capacity=0 send_fail=3
[2026-09-26T19:06:50.454Z] I (240452) RouteLoomRef: member scope raw=9 accepted=8 mac_reject=0 hint=0 generation=0 key_unavailable=0 budget=0
[2026-09-26T19:06:55.455Z] I (245452) RouteLoomRef: member state=4 links=2 ends=1 authority=1/1 confirm=1 demux_drop=2
[2026-09-26T19:06:55.457Z] I (245453) RouteLoomRef: member handshake starts=8 requests=1 rejected=0 send_fail=3 established=3 failed=2 last_error=6 active=0
[2026-09-26T19:06:55.457Z] I (245453) RouteLoomRef: member end send_fail=0 established=1 failed=0 last_error=0
[2026-09-26T19:06:55.457Z] I (245453) RouteLoomRef: authority state=2 tx_sent=11 tx_failed=0 rx_accepted=5 rx_rejected=0 pull=0 busy=0 backoff_s=0
[2026-09-26T19:06:55.457Z] I (245454) RouteLoomRef: authority mesh tx_carrier=11 queued=9 shed=7309 rx_carrier=4 denied=0 timeout=2
[2026-09-26T19:06:55.457Z] I (245454) RouteLoomRef: authority jobs accepted=20 failed=0 last=
[2026-09-26T19:06:55.457Z] I (245454) RouteLoomRef: member discovery rx=7 offer_tx=7 offer_rx=2 auth=3 kind_reject=0 capacity=0 send_fail=3
[2026-09-26T19:06:55.457Z] I (245455) RouteLoomRef: member scope raw=9 accepted=8 mac_reject=0 hint=0 generation=0 key_unavailable=0 budget=0
[2026-09-26T19:07:00.458Z] I (250455) RouteLoomRef: member state=4 links=2 ends=1 authority=1/1 confirm=1 demux_drop=2
[2026-09-26T19:07:00.459Z] I (250456) RouteLoomRef: member handshake starts=8 requests=1 rejected=0 send_fail=3 established=3 failed=2 last_error=6 active=0
[2026-09-26T19:07:00.459Z] I (250456) RouteLoomRef: member end send_fail=0 established=1 failed=0 last_error=0
[2026-09-26T19:07:00.459Z] I (250456) RouteLoomRef: authority state=2 tx_sent=11 tx_failed=0 rx_accepted=5 rx_rejected=0 pull=0 busy=0 backoff_s=0
[2026-09-26T19:07:00.459Z] I (250457) RouteLoomRef: authority mesh tx_carrier=11 queued=9 shed=7309 rx_carrier=4 denied=0 timeout=2
[2026-09-26T19:07:00.460Z] I (250457) RouteLoomRef: authority jobs accepted=20 failed=0 last=
[2026-09-26T19:07:00.460Z] I (250457) RouteLoomRef: member discovery rx=7 offer_tx=7 offer_rx=2 auth=3 kind_reject=0 capacity=0 send_fail=3
[2026-09-26T19:07:00.460Z] I (250457) RouteLoomRef: member scope raw=9 accepted=8 mac_reject=0 hint=0 generation=0 key_unavailable=0 budget=0
[2026-09-26T19:07:05.460Z] I (255457) RouteLoomRef: member state=4 links=2 ends=1 authority=1/1 confirm=1 demux_drop=2
[2026-09-26T19:07:05.460Z] I (255458) RouteLoomRef: member handshake starts=8 requests=1 rejected=0 send_fail=3 established=3 failed=2 last_error=6 active=0
[2026-09-26T19:07:05.462Z] I (255458) RouteLoomRef: member end send_fail=0 established=1 failed=0 last_error=0
[2026-09-26T19:07:05.462Z] I (255458) RouteLoomRef: authority state=2 tx_sent=11 tx_failed=0 rx_accepted=5 rx_rejected=0 pull=0 busy=0 backoff_s=0
[2026-09-26T19:07:05.462Z] I (255459) RouteLoomRef: authority mesh tx_carrier=11 queued=9 shed=7309 rx_carrier=4 denied=0 timeout=2
[2026-09-26T19:07:05.462Z] I (255459) RouteLoomRef: authority jobs accepted=20 failed=0 last=
[2026-09-26T19:07:05.462Z] I (255459) RouteLoomRef: member discovery rx=7 offer_tx=7 offer_rx=2 auth=3 kind_reject=0 capacity=0 send_fail=3
[2026-09-26T19:07:05.462Z] I (255460) RouteLoomRef: member scope raw=9 accepted=8 mac_reject=0 hint=0 generation=0 key_unavailable=0 budget=0
[2026-09-26T19:07:10.462Z] I (260459) RouteLoomRef: member state=4 links=2 ends=1 authority=1/1 confirm=1 demux_drop=2
[2026-09-26T19:07:10.462Z] I (260460) RouteLoomRef: member handshake starts=8 requests=1 rejected=0 send_fail=3 established=3 failed=2 last_error=6 active=0
[2026-09-26T19:07:10.463Z] I (260460) RouteLoomRef: member end send_fail=0 established=1 failed=0 last_error=0
[2026-09-26T19:07:10.463Z] I (260460) RouteLoomRef: authority state=2 tx_sent=11 tx_failed=0 rx_accepted=5 rx_rejected=0 pull=0 busy=0 backoff_s=0
[2026-09-26T19:07:10.463Z] I (260461) RouteLoomRef: authority mesh tx_carrier=11 queued=9 shed=7309 rx_carrier=4 denied=0 timeout=2
[2026-09-26T19:07:10.464Z] I (260461) RouteLoomRef: authority jobs accepted=20 failed=0 last=
[2026-09-26T19:07:10.464Z] I (260461) RouteLoomRef: member discovery rx=7 offer_tx=7 offer_rx=2 auth=3 kind_reject=0 capacity=0 send_fail=3
[2026-09-26T19:07:10.464Z] I (260462) RouteLoomRef: member scope raw=9 accepted=8 mac_reject=0 hint=0 generation=0 key_unavailable=0 budget=0
[2026-09-26T19:07:15.465Z] I (265462) RouteLoomRef: member state=4 links=2 ends=1 authority=1/1 confirm=1 demux_drop=2
[2026-09-26T19:07:15.465Z] I (265463) RouteLoomRef: member handshake starts=8 requests=1 rejected=0 send_fail=3 established=3 failed=2 last_error=6 active=0
[2026-09-26T19:07:15.466Z] I (265463) RouteLoomRef: member end send_fail=0 established=1 failed=0 last_error=0
[2026-09-26T19:07:15.466Z] I (265463) RouteLoomRef: authority state=2 tx_sent=11 tx_failed=0 rx_accepted=5 rx_rejected=0 pull=0 busy=0 backoff_s=0
[2026-09-26T19:07:15.466Z] I (265464) RouteLoomRef: authority mesh tx_carrier=11 queued=9 shed=7309 rx_carrier=4 denied=0 timeout=2
[2026-09-26T19:07:15.467Z] I (265464) RouteLoomRef: authority jobs accepted=20 failed=0 last=
[2026-09-26T19:07:15.467Z] I (265464) RouteLoomRef: member discovery rx=7 offer_tx=7 offer_rx=2 auth=3 kind_reject=0 capacity=0 send_fail=3
[2026-09-26T19:07:15.467Z] I (265464) RouteLoomRef: member scope raw=9 accepted=8 mac_reject=0 hint=0 generation=0 key_unavailable=0 budget=0
[2026-09-26T19:07:20.467Z] I (270464) RouteLoomRef: member state=4 links=2 ends=1 authority=1/1 confirm=1 demux_drop=2
[2026-09-26T19:07:20.467Z] I (270465) RouteLoomRef: member handshake starts=8 requests=1 rejected=0 send_fail=3 established=3 failed=2 last_error=6 active=0
[2026-09-26T19:07:20.468Z] I (270465) RouteLoomRef: member end send_fail=0 established=1 failed=0 last_error=0
[2026-09-26T19:07:20.468Z] I (270465) RouteLoomRef: authority state=2 tx_sent=11 tx_failed=0 rx_accepted=5 rx_rejected=0 pull=0 busy=0 backoff_s=0
[2026-09-26T19:07:20.468Z] I (270466) RouteLoomRef: authority mesh tx_carrier=11 queued=9 shed=7309 rx_carrier=4 denied=0 timeout=2
[2026-09-26T19:07:20.469Z] I (270466) RouteLoomRef: authority jobs accepted=20 failed=0 last=
[2026-09-26T19:07:20.469Z] I (270466) RouteLoomRef: member discovery rx=7 offer_tx=7 offer_rx=2 auth=3 kind_reject=0 capacity=0 send_fail=3
[2026-09-26T19:07:20.469Z] I (270466) RouteLoomRef: member scope raw=9 accepted=8 mac_reject=0 hint=0 generation=0 key_unavailable=0 budget=0
[2026-09-26T19:07:25.468Z] I (275465) RouteLoomRef: member state=4 links=2 ends=1 authority=1/1 confirm=1 demux_drop=2
[2026-09-26T19:07:25.468Z] I (275466) RouteLoomRef: member handshake starts=8 requests=1 rejected=0 send_fail=3 established=3 failed=2 last_error=6 active=0
[2026-09-26T19:07:25.469Z] I (275466) RouteLoomRef: member end send_fail=0 established=1 failed=0 last_error=0
[2026-09-26T19:07:25.469Z] I (275466) RouteLoomRef: authority state=2 tx_sent=11 tx_failed=0 rx_accepted=5 rx_rejected=0 pull=0 busy=0 backoff_s=0
[2026-09-26T19:07:25.472Z] I (275467) RouteLoomRef: authority mesh tx_carrier=11 queued=9 shed=7309 rx_carrier=4 denied=0 timeout=2
[2026-09-26T19:07:25.472Z] I (275467) RouteLoomRef: authority jobs accepted=20 failed=0 last=
[2026-09-26T19:07:25.472Z] I (275467) RouteLoomRef: member discovery rx=7 offer_tx=7 offer_rx=2 auth=3 kind_reject=0 capacity=0 send_fail=4
[2026-09-26T19:07:25.472Z] I (275467) RouteLoomRef: member scope raw=9 accepted=8 mac_reject=0 hint=0 generation=0 key_unavailable=0 budget=0
[2026-09-26T19:07:30.471Z] I (280468) RouteLoomRef: member state=4 links=2 ends=1 authority=1/1 confirm=1 demux_drop=2
[2026-09-26T19:07:30.475Z] I (280469) RouteLoomRef: member handshake starts=8 requests=1 rejected=0 send_fail=3 established=3 failed=2 last_error=6 active=0
[2026-09-26T19:07:30.475Z] I (280469) RouteLoomRef: member end send_fail=0 established=1 failed=0 last_error=0
[2026-09-26T19:07:30.475Z] I (280469) RouteLoomRef: authority state=2 tx_sent=11 tx_failed=0 rx_accepted=5 rx_rejected=0 pull=0 busy=0 backoff_s=0
[2026-09-26T19:07:30.475Z] I (280470) RouteLoomRef: authority mesh tx_carrier=11 queued=9 shed=7309 rx_carrier=4 denied=0 timeout=2
[2026-09-26T19:07:30.475Z] I (280470) RouteLoomRef: authority jobs accepted=20 failed=0 last=
[2026-09-26T19:07:30.475Z] I (280470) RouteLoomRef: member discovery rx=7 offer_tx=7 offer_rx=2 auth=3 kind_reject=0 capacity=0 send_fail=4
[2026-09-26T19:07:30.475Z] I (280470) RouteLoomRef: member scope raw=9 accepted=8 mac_reject=0 hint=0 generation=0 key_unavailable=0 budget=0
[2026-09-26T19:07:35.473Z] I (285470) RouteLoomRef: member state=4 links=2 ends=1 authority=1/1 confirm=1 demux_drop=2
[2026-09-26T19:07:35.474Z] I (285471) RouteLoomRef: member handshake starts=8 requests=1 rejected=0 send_fail=3 established=3 failed=2 last_error=6 active=0
[2026-09-26T19:07:35.474Z] I (285471) RouteLoomRef: member end send_fail=0 established=1 failed=0 last_error=0
[2026-09-26T19:07:35.476Z] I (285471) RouteLoomRef: authority state=2 tx_sent=11 tx_failed=0 rx_accepted=5 rx_rejected=0 pull=0 busy=0 backoff_s=0
[2026-09-26T19:07:35.476Z] I (285472) RouteLoomRef: authority mesh tx_carrier=11 queued=9 shed=7309 rx_carrier=4 denied=0 timeout=2
[2026-09-26T19:07:35.476Z] I (285472) RouteLoomRef: authority jobs accepted=20 failed=0 last=
[2026-09-26T19:07:35.476Z] I (285472) RouteLoomRef: member discovery rx=7 offer_tx=7 offer_rx=2 auth=3 kind_reject=0 capacity=0 send_fail=4
[2026-09-26T19:07:35.476Z] I (285472) RouteLoomRef: member scope raw=9 accepted=8 mac_reject=0 hint=0 generation=0 key_unavailable=0 budget=0
[2026-09-26T19:07:40.477Z] I (290472) RouteLoomRef: member state=4 links=2 ends=1 authority=1/1 confirm=1 demux_drop=2
[2026-09-26T19:07:40.477Z] I (290473) RouteLoomRef: member handshake starts=8 requests=1 rejected=0 send_fail=3 established=3 failed=2 last_error=6 active=0
[2026-09-26T19:07:40.477Z] I (290473) RouteLoomRef: member end send_fail=0 established=1 failed=0 last_error=0
[2026-09-26T19:07:40.477Z] I (290473) RouteLoomRef: authority state=2 tx_sent=11 tx_failed=0 rx_accepted=5 rx_rejected=0 pull=0 busy=0 backoff_s=0
[2026-09-26T19:07:40.477Z] I (290474) RouteLoomRef: authority mesh tx_carrier=11 queued=9 shed=7309 rx_carrier=4 denied=0 timeout=2
[2026-09-26T19:07:40.477Z] I (290474) RouteLoomRef: authority jobs accepted=20 failed=0 last=
[2026-09-26T19:07:40.478Z] I (290474) RouteLoomRef: member discovery rx=7 offer_tx=7 offer_rx=2 auth=3 kind_reject=0 capacity=0 send_fail=4
[2026-09-26T19:07:40.478Z] I (290474) RouteLoomRef: member scope raw=9 accepted=8 mac_reject=0 hint=0 generation=0 key_unavailable=0 budget=0
[2026-09-26T19:07:45.478Z] I (295474) RouteLoomRef: member state=4 links=2 ends=1 authority=1/1 confirm=1 demux_drop=2
[2026-09-26T19:07:45.478Z] I (295475) RouteLoomRef: member handshake starts=8 requests=1 rejected=0 send_fail=3 established=3 failed=2 last_error=6 active=0
[2026-09-26T19:07:45.478Z] I (295475) RouteLoomRef: member end send_fail=0 established=1 failed=0 last_error=0
[2026-09-26T19:07:45.479Z] I (295475) RouteLoomRef: authority state=2 tx_sent=11 tx_failed=0 rx_accepted=5 rx_rejected=0 pull=0 busy=0 backoff_s=0
[2026-09-26T19:07:45.479Z] I (295476) RouteLoomRef: authority mesh tx_carrier=11 queued=9 shed=7309 rx_carrier=4 denied=0 timeout=2
[2026-09-26T19:07:45.479Z] I (295476) RouteLoomRef: authority jobs accepted=20 failed=0 last=
[2026-09-26T19:07:45.479Z] I (295476) RouteLoomRef: member discovery rx=7 offer_tx=7 offer_rx=2 auth=3 kind_reject=0 capacity=0 send_fail=4
[2026-09-26T19:07:45.482Z] I (295476) RouteLoomRef: member scope raw=9 accepted=8 mac_reject=0 hint=0 generation=0 key_unavailable=0 budget=0
[2026-09-26T19:07:50.361Z] I (300358) RouteLoom: stack hwm main 8392 B
[2026-09-26T19:07:50.361Z] I (300358) RouteLoom: HIL HEAP free=21884 largest=18432 min=20960 B
[2026-09-26T19:07:50.364Z] I (300359) RouteLoom: HIL DISCOVERY candidates=0 neighbors=2 capacity=0 auth=3 stale=0 probes=31 send_failures=4 kind_rejects=0
[2026-09-26T19:07:50.364Z] I (300359) RouteLoom: HIL ROUTE peer=1 phase=5 via=1 metric=1 generation=853 seq=1
[2026-09-26T19:07:50.364Z] I (300359) RouteLoom: HIL ROUTE peer=2 phase=5 via=2 metric=1 generation=1354 seq=2
[2026-09-26T19:07:50.364Z] I (300360) RouteLoom: HIL ROUTE peer=3 phase=-1 via=0 metric=0 generation=0 seq=0
[2026-09-26T19:07:50.478Z] I (300475) RouteLoomRef: member state=4 links=2 ends=1 authority=1/1 confirm=1 demux_drop=2
[2026-09-26T19:07:50.481Z] I (300476) RouteLoomRef: member handshake starts=8 requests=1 rejected=0 send_fail=3 established=3 failed=2 last_error=6 active=0
[2026-09-26T19:07:50.481Z] I (300476) RouteLoomRef: member end send_fail=0 established=1 failed=0 last_error=0
[2026-09-26T19:07:50.481Z] I (300476) RouteLoomRef: authority state=2 tx_sent=11 tx_failed=0 rx_accepted=5 rx_rejected=0 pull=0 busy=0 backoff_s=0
[2026-09-26T19:07:50.481Z] I (300477) RouteLoomRef: authority mesh tx_carrier=11 queued=9 shed=7309 rx_carrier=4 denied=0 timeout=2
[2026-09-26T19:07:50.481Z] I (300477) RouteLoomRef: authority jobs accepted=20 failed=0 last=
[2026-09-26T19:07:50.481Z] I (300477) RouteLoomRef: member discovery rx=7 offer_tx=7 offer_rx=2 auth=3 kind_reject=0 capacity=0 send_fail=4
[2026-09-26T19:07:50.481Z] I (300477) RouteLoomRef: member scope raw=9 accepted=8 mac_reject=0 hint=0 generation=0 key_unavailable=0 budget=0
[2026-09-26T19:07:55.478Z] I (305475) RouteLoomRef: member state=4 links=2 ends=1 authority=1/1 confirm=1 demux_drop=2
[2026-09-26T19:07:55.480Z] I (305476) RouteLoomRef: member handshake starts=8 requests=1 rejected=0 send_fail=3 established=3 failed=2 last_error=6 active=0
[2026-09-26T19:07:55.480Z] I (305476) RouteLoomRef: member end send_fail=0 established=1 failed=0 last_error=0
[2026-09-26T19:07:55.480Z] I (305476) RouteLoomRef: authority state=2 tx_sent=11 tx_failed=0 rx_accepted=5 rx_rejected=0 pull=0 busy=0 backoff_s=0
[2026-09-26T19:07:55.480Z] I (305477) RouteLoomRef: authority mesh tx_carrier=11 queued=9 shed=7309 rx_carrier=4 denied=0 timeout=2
[2026-09-26T19:07:55.480Z] I (305477) RouteLoomRef: authority jobs accepted=20 failed=0 last=
[2026-09-26T19:07:55.480Z] I (305477) RouteLoomRef: member discovery rx=7 offer_tx=7 offer_rx=2 auth=3 kind_reject=0 capacity=0 send_fail=4
[2026-09-26T19:07:55.481Z] I (305477) RouteLoomRef: member scope raw=9 accepted=8 mac_reject=0 hint=0 generation=0 key_unavailable=0 budget=0
[2026-09-26T19:08:00.482Z] I (310478) RouteLoomRef: member state=4 links=2 ends=1 authority=1/1 confirm=1 demux_drop=2
[2026-09-26T19:08:00.482Z] I (310479) RouteLoomRef: member handshake starts=8 requests=1 rejected=0 send_fail=3 established=3 failed=2 last_error=6 active=0
[2026-09-26T19:08:00.482Z] I (310479) RouteLoomRef: member end send_fail=0 established=1 failed=0 last_error=0
[2026-09-26T19:08:00.483Z] I (310479) RouteLoomRef: authority state=2 tx_sent=11 tx_failed=0 rx_accepted=5 rx_rejected=0 pull=0 busy=0 backoff_s=0
[2026-09-26T19:08:00.483Z] I (310480) RouteLoomRef: authority mesh tx_carrier=11 queued=9 shed=7309 rx_carrier=4 denied=0 timeout=2
[2026-09-26T19:08:00.483Z] I (310480) RouteLoomRef: authority jobs accepted=20 failed=0 last=
[2026-09-26T19:08:00.485Z] I (310480) RouteLoomRef: member discovery rx=7 offer_tx=7 offer_rx=2 auth=3 kind_reject=0 capacity=0 send_fail=4
[2026-09-26T19:08:00.485Z] I (310481) RouteLoomRef: member scope raw=9 accepted=8 mac_reject=0 hint=0 generation=0 key_unavailable=0 budget=0
[2026-09-26T19:08:05.484Z] I (315480) RouteLoomRef: member state=4 links=2 ends=1 authority=1/1 confirm=1 demux_drop=2
[2026-09-26T19:08:05.484Z] I (315481) RouteLoomRef: member handshake starts=8 requests=1 rejected=0 send_fail=3 established=3 failed=2 last_error=6 active=0
[2026-09-26T19:08:05.484Z] I (315481) RouteLoomRef: member end send_fail=0 established=1 failed=0 last_error=0
[2026-09-26T19:08:05.485Z] I (315481) RouteLoomRef: authority state=2 tx_sent=11 tx_failed=0 rx_accepted=5 rx_rejected=0 pull=0 busy=0 backoff_s=0
[2026-09-26T19:08:05.485Z] I (315482) RouteLoomRef: authority mesh tx_carrier=11 queued=9 shed=7309 rx_carrier=4 denied=0 timeout=2
[2026-09-26T19:08:05.485Z] I (315482) RouteLoomRef: authority jobs accepted=20 failed=0 last=
[2026-09-26T19:08:05.485Z] I (315482) RouteLoomRef: member discovery rx=7 offer_tx=7 offer_rx=2 auth=3 kind_reject=0 capacity=0 send_fail=4
[2026-09-26T19:08:05.486Z] I (315482) RouteLoomRef: member scope raw=9 accepted=8 mac_reject=0 hint=0 generation=0 key_unavailable=0 budget=0
[2026-09-26T19:08:10.484Z] I (320480) RouteLoomRef: member state=4 links=2 ends=1 authority=1/1 confirm=1 demux_drop=2
[2026-09-26T19:08:10.484Z] I (320481) RouteLoomRef: member handshake starts=8 requests=1 rejected=0 send_fail=3 established=3 failed=2 last_error=6 active=0
[2026-09-26T19:08:10.484Z] I (320481) RouteLoomRef: member end send_fail=0 established=1 failed=0 last_error=0
[2026-09-26T19:08:10.485Z] I (320481) RouteLoomRef: authority state=2 tx_sent=11 tx_failed=0 rx_accepted=5 rx_rejected=0 pull=0 busy=0 backoff_s=0
[2026-09-26T19:08:10.485Z] I (320482) RouteLoomRef: authority mesh tx_carrier=11 queued=9 shed=7309 rx_carrier=4 denied=0 timeout=2
[2026-09-26T19:08:10.485Z] I (320482) RouteLoomRef: authority jobs accepted=20 failed=0 last=
[2026-09-26T19:08:10.485Z] I (320482) RouteLoomRef: member discovery rx=7 offer_tx=7 offer_rx=2 auth=3 kind_reject=0 capacity=0 send_fail=5
[2026-09-26T19:08:10.486Z] I (320482) RouteLoomRef: member scope raw=9 accepted=8 mac_reject=0 hint=0 generation=0 key_unavailable=0 budget=0
[2026-09-26T19:08:15.486Z] I (325482) RouteLoomRef: member state=4 links=2 ends=1 authority=1/1 confirm=1 demux_drop=2
[2026-09-26T19:08:15.486Z] I (325483) RouteLoomRef: member handshake starts=8 requests=1 rejected=0 send_fail=3 established=3 failed=2 last_error=6 active=0
[2026-09-26T19:08:15.487Z] I (325483) RouteLoomRef: member end send_fail=0 established=1 failed=0 last_error=0
[2026-09-26T19:08:15.487Z] I (325483) RouteLoomRef: authority state=2 tx_sent=11 tx_failed=0 rx_accepted=5 rx_rejected=0 pull=0 busy=0 backoff_s=0
[2026-09-26T19:08:15.487Z] I (325484) RouteLoomRef: authority mesh tx_carrier=11 queued=9 shed=7309 rx_carrier=4 denied=0 timeout=2
[2026-09-26T19:08:15.487Z] I (325484) RouteLoomRef: authority jobs accepted=20 failed=0 last=
[2026-09-26T19:08:15.490Z] I (325484) RouteLoomRef: member discovery rx=7 offer_tx=7 offer_rx=2 auth=3 kind_reject=0 capacity=0 send_fail=5
[2026-09-26T19:08:15.490Z] I (325484) RouteLoomRef: member scope raw=9 accepted=8 mac_reject=0 hint=0 generation=0 key_unavailable=0 budget=0
[2026-09-26T19:08:20.488Z] I (330484) RouteLoomRef: member state=4 links=2 ends=1 authority=1/1 confirm=1 demux_drop=2
[2026-09-26T19:08:20.488Z] I (330485) RouteLoomRef: member handshake starts=8 requests=1 rejected=0 send_fail=3 established=3 failed=2 last_error=6 active=0
[2026-09-26T19:08:20.490Z] I (330485) RouteLoomRef: member end send_fail=0 established=1 failed=0 last_error=0
[2026-09-26T19:08:20.490Z] I (330485) RouteLoomRef: authority state=2 tx_sent=11 tx_failed=0 rx_accepted=5 rx_rejected=0 pull=0 busy=0 backoff_s=0
[2026-09-26T19:08:20.490Z] I (330486) RouteLoomRef: authority mesh tx_carrier=11 queued=9 shed=7309 rx_carrier=4 denied=0 timeout=2
[2026-09-26T19:08:20.490Z] I (330486) RouteLoomRef: authority jobs accepted=20 failed=0 last=
[2026-09-26T19:08:20.490Z] I (330486) RouteLoomRef: member discovery rx=7 offer_tx=7 offer_rx=2 auth=3 kind_reject=0 capacity=0 send_fail=5
[2026-09-26T19:08:20.490Z] I (330486) RouteLoomRef: member scope raw=9 accepted=8 mac_reject=0 hint=0 generation=0 key_unavailable=0 budget=0
[2026-09-26T19:08:25.491Z] I (335487) RouteLoomRef: member state=4 links=2 ends=1 authority=1/1 confirm=1 demux_drop=2
[2026-09-26T19:08:25.492Z] I (335488) RouteLoomRef: member handshake starts=8 requests=1 rejected=0 send_fail=3 established=3 failed=2 last_error=6 active=0
[2026-09-26T19:08:25.492Z] I (335488) RouteLoomRef: member end send_fail=0 established=1 failed=0 last_error=0
[2026-09-26T19:08:25.492Z] I (335488) RouteLoomRef: authority state=2 tx_sent=11 tx_failed=0 rx_accepted=5 rx_rejected=0 pull=0 busy=0 backoff_s=0
[2026-09-26T19:08:25.492Z] I (335489) RouteLoomRef: authority mesh tx_carrier=11 queued=9 shed=7309 rx_carrier=4 denied=0 timeout=2
[2026-09-26T19:08:25.492Z] I (335489) RouteLoomRef: authority jobs accepted=20 failed=0 last=
[2026-09-26T19:08:25.493Z] I (335489) RouteLoomRef: member discovery rx=7 offer_tx=7 offer_rx=2 auth=3 kind_reject=0 capacity=0 send_fail=5
[2026-09-26T19:08:25.496Z] I (335489) RouteLoomRef: member scope raw=9 accepted=8 mac_reject=0 hint=0 generation=0 key_unavailable=0 budget=0
[2026-09-26T19:08:30.492Z] I (340488) RouteLoomRef: member state=4 links=2 ends=1 authority=1/1 confirm=1 demux_drop=2
[2026-09-26T19:08:30.492Z] I (340489) RouteLoomRef: member handshake starts=8 requests=1 rejected=0 send_fail=3 established=3 failed=2 last_error=6 active=0
[2026-09-26T19:08:30.493Z] I (340489) RouteLoomRef: member end send_fail=0 established=1 failed=0 last_error=0
[2026-09-26T19:08:30.493Z] I (340489) RouteLoomRef: authority state=2 tx_sent=11 tx_failed=0 rx_accepted=5 rx_rejected=0 pull=0 busy=0 backoff_s=0
[2026-09-26T19:08:30.493Z] I (340490) RouteLoomRef: authority mesh tx_carrier=11 queued=9 shed=7309 rx_carrier=4 denied=0 timeout=2
[2026-09-26T19:08:30.493Z] I (340490) RouteLoomRef: authority jobs accepted=20 failed=0 last=
[2026-09-26T19:08:30.494Z] I (340490) RouteLoomRef: member discovery rx=7 offer_tx=7 offer_rx=2 auth=3 kind_reject=0 capacity=0 send_fail=5
[2026-09-26T19:08:30.494Z] I (340491) RouteLoomRef: member scope raw=9 accepted=8 mac_reject=0 hint=0 generation=0 key_unavailable=0 budget=0
[2026-09-26T19:08:35.494Z] I (345490) RouteLoomRef: member state=4 links=2 ends=1 authority=1/1 confirm=1 demux_drop=2
[2026-09-26T19:08:35.494Z] I (345491) RouteLoomRef: member handshake starts=8 requests=1 rejected=0 send_fail=3 established=3 failed=2 last_error=6 active=0
[2026-09-26T19:08:35.495Z] I (345491) RouteLoomRef: member end send_fail=0 established=1 failed=0 last_error=0
[2026-09-26T19:08:35.495Z] I (345491) RouteLoomRef: authority state=2 tx_sent=11 tx_failed=0 rx_accepted=5 rx_rejected=0 pull=0 busy=0 backoff_s=0
[2026-09-26T19:08:35.495Z] I (345492) RouteLoomRef: authority mesh tx_carrier=11 queued=9 shed=7309 rx_carrier=4 denied=0 timeout=2
[2026-09-26T19:08:35.495Z] I (345492) RouteLoomRef: authority jobs accepted=20 failed=0 last=
[2026-09-26T19:08:35.496Z] I (345492) RouteLoomRef: member discovery rx=7 offer_tx=7 offer_rx=2 auth=3 kind_reject=0 capacity=0 send_fail=5
[2026-09-26T19:08:35.496Z] I (345493) RouteLoomRef: member scope raw=9 accepted=8 mac_reject=0 hint=0 generation=0 key_unavailable=0 budget=0
[2026-09-26T19:08:40.496Z] I (350492) RouteLoomRef: member state=4 links=2 ends=1 authority=1/1 confirm=1 demux_drop=2
[2026-09-26T19:08:40.496Z] I (350493) RouteLoomRef: member handshake starts=8 requests=1 rejected=0 send_fail=3 established=3 failed=2 last_error=6 active=0
[2026-09-26T19:08:40.498Z] I (350493) RouteLoomRef: member end send_fail=0 established=1 failed=0 last_error=0
[2026-09-26T19:08:40.498Z] I (350493) RouteLoomRef: authority state=2 tx_sent=11 tx_failed=0 rx_accepted=5 rx_rejected=0 pull=0 busy=0 backoff_s=0
[2026-09-26T19:08:40.498Z] I (350494) RouteLoomRef: authority mesh tx_carrier=11 queued=9 shed=7309 rx_carrier=4 denied=0 timeout=2
[2026-09-26T19:08:40.498Z] I (350494) RouteLoomRef: authority jobs accepted=20 failed=0 last=
[2026-09-26T19:08:40.498Z] I (350494) RouteLoomRef: member discovery rx=7 offer_tx=7 offer_rx=2 auth=3 kind_reject=0 capacity=0 send_fail=5
[2026-09-26T19:08:40.498Z] I (350494) RouteLoomRef: member scope raw=9 accepted=8 mac_reject=0 hint=0 generation=0 key_unavailable=0 budget=0
[2026-09-26T19:08:45.498Z] I (355494) RouteLoomRef: member state=4 links=2 ends=1 authority=1/1 confirm=1 demux_drop=2
[2026-09-26T19:08:45.500Z] I (355495) RouteLoomRef: member handshake starts=8 requests=1 rejected=0 send_fail=3 established=3 failed=2 last_error=6 active=0
[2026-09-26T19:08:45.500Z] I (355495) RouteLoomRef: member end send_fail=0 established=1 failed=0 last_error=0
[2026-09-26T19:08:45.500Z] I (355495) RouteLoomRef: authority state=2 tx_sent=11 tx_failed=0 rx_accepted=5 rx_rejected=0 pull=0 busy=0 backoff_s=0
[2026-09-26T19:08:45.500Z] I (355496) RouteLoomRef: authority mesh tx_carrier=11 queued=9 shed=7309 rx_carrier=4 denied=0 timeout=2
[2026-09-26T19:08:45.500Z] I (355496) RouteLoomRef: authority jobs accepted=20 failed=0 last=
[2026-09-26T19:08:45.500Z] I (355496) RouteLoomRef: member discovery rx=7 offer_tx=7 offer_rx=2 auth=3 kind_reject=0 capacity=0 send_fail=5
[2026-09-26T19:08:45.500Z] I (355496) RouteLoomRef: member scope raw=9 accepted=8 mac_reject=0 hint=0 generation=0 key_unavailable=0 budget=0
[2026-09-26T19:08:50.362Z] I (360358) RouteLoom: stack hwm main 8392 B
[2026-09-26T19:08:50.368Z] I (360358) RouteLoom: HIL HEAP free=21884 largest=18432 min=20960 B
[2026-09-26T19:08:50.368Z] I (360359) RouteLoom: HIL DISCOVERY candidates=0 neighbors=2 capacity=0 auth=3 stale=0 probes=38 send_failures=5 kind_rejects=0
[2026-09-26T19:08:50.368Z] I (360359) RouteLoom: HIL ROUTE peer=1 phase=5 via=1 metric=1 generation=853 seq=1
[2026-09-26T19:08:50.368Z] I (360359) RouteLoom: HIL ROUTE peer=2 phase=5 via=2 metric=1 generation=1354 seq=2
[2026-09-26T19:08:50.368Z] I (360360) RouteLoom: HIL ROUTE peer=3 phase=-1 via=0 metric=0 generation=0 seq=0
[2026-09-26T19:08:50.501Z] I (360495) RouteLoomRef: member state=4 links=2 ends=1 authority=1/1 confirm=1 demux_drop=2
[2026-09-26T19:08:50.501Z] I (360496) RouteLoomRef: member handshake starts=8 requests=1 rejected=0 send_fail=3 established=3 failed=2 last_error=6 active=0
[2026-09-26T19:08:50.501Z] I (360496) RouteLoomRef: member end send_fail=0 established=1 failed=0 last_error=0
[2026-09-26T19:08:50.501Z] I (360496) RouteLoomRef: authority state=2 tx_sent=11 tx_failed=0 rx_accepted=5 rx_rejected=0 pull=0 busy=0 backoff_s=0
[2026-09-26T19:08:50.501Z] I (360497) RouteLoomRef: authority mesh tx_carrier=11 queued=9 shed=7309 rx_carrier=4 denied=0 timeout=2
[2026-09-26T19:08:50.501Z] I (360497) RouteLoomRef: authority jobs accepted=20 failed=0 last=
[2026-09-26T19:08:50.501Z] I (360497) RouteLoomRef: member discovery rx=7 offer_tx=7 offer_rx=2 auth=3 kind_reject=0 capacity=0 send_fail=5
[2026-09-26T19:08:50.501Z] I (360497) RouteLoomRef: member scope raw=9 accepted=8 mac_reject=0 hint=0 generation=0 key_unavailable=0 budget=0
[2026-09-26T19:08:55.501Z] I (365497) RouteLoomRef: member state=4 links=2 ends=1 authority=1/1 confirm=1 demux_drop=2
[2026-09-26T19:08:55.501Z] I (365498) RouteLoomRef: member handshake starts=8 requests=1 rejected=0 send_fail=3 established=3 failed=2 last_error=6 active=0
[2026-09-26T19:08:55.502Z] I (365498) RouteLoomRef: member end send_fail=0 established=1 failed=0 last_error=0
[2026-09-26T19:08:55.502Z] I (365498) RouteLoomRef: authority state=2 tx_sent=11 tx_failed=0 rx_accepted=5 rx_rejected=0 pull=0 busy=0 backoff_s=0
[2026-09-26T19:08:55.502Z] I (365499) RouteLoomRef: authority mesh tx_carrier=11 queued=9 shed=7309 rx_carrier=4 denied=0 timeout=2
[2026-09-26T19:08:55.503Z] I (365499) RouteLoomRef: authority jobs accepted=20 failed=0 last=
[2026-09-26T19:08:55.505Z] I (365499) RouteLoomRef: member discovery rx=7 offer_tx=7 offer_rx=2 auth=3 kind_reject=0 capacity=0 send_fail=5
[2026-09-26T19:08:55.505Z] I (365499) RouteLoomRef: member scope raw=9 accepted=8 mac_reject=0 hint=0 generation=0 key_unavailable=0 budget=0
[2026-09-26T19:09:00.504Z] I (370500) RouteLoomRef: member state=4 links=2 ends=1 authority=1/1 confirm=1 demux_drop=2
[2026-09-26T19:09:00.504Z] I (370501) RouteLoomRef: member handshake starts=8 requests=1 rejected=0 send_fail=3 established=3 failed=2 last_error=6 active=0
[2026-09-26T19:09:00.505Z] I (370501) RouteLoomRef: member end send_fail=0 established=1 failed=0 last_error=0
[2026-09-26T19:09:00.505Z] I (370501) RouteLoomRef: authority state=2 tx_sent=11 tx_failed=0 rx_accepted=5 rx_rejected=0 pull=0 busy=0 backoff_s=0
[2026-09-26T19:09:00.505Z] I (370502) RouteLoomRef: authority mesh tx_carrier=11 queued=9 shed=7309 rx_carrier=4 denied=0 timeout=2
[2026-09-26T19:09:00.506Z] I (370502) RouteLoomRef: authority jobs accepted=20 failed=0 last=
[2026-09-26T19:09:00.506Z] I (370502) RouteLoomRef: member discovery rx=7 offer_tx=7 offer_rx=2 auth=3 kind_reject=0 capacity=0 send_fail=5
[2026-09-26T19:09:00.506Z] I (370502) RouteLoomRef: member scope raw=9 accepted=8 mac_reject=0 hint=0 generation=0 key_unavailable=0 budget=0
[2026-09-26T19:09:05.507Z] I (375502) RouteLoomRef: member state=4 links=2 ends=1 authority=1/1 confirm=1 demux_drop=2
[2026-09-26T19:09:05.507Z] I (375503) RouteLoomRef: member handshake starts=8 requests=1 rejected=0 send_fail=3 established=3 failed=2 last_error=6 active=0
[2026-09-26T19:09:05.507Z] I (375503) RouteLoomRef: member end send_fail=0 established=1 failed=0 last_error=0
[2026-09-26T19:09:05.507Z] I (375503) RouteLoomRef: authority state=2 tx_sent=11 tx_failed=0 rx_accepted=5 rx_rejected=0 pull=0 busy=0 backoff_s=0
[2026-09-26T19:09:05.510Z] I (375504) RouteLoomRef: authority mesh tx_carrier=11 queued=9 shed=7309 rx_carrier=4 denied=0 timeout=2
[2026-09-26T19:09:05.510Z] I (375504) RouteLoomRef: authority jobs accepted=20 failed=0 last=
[2026-09-26T19:09:05.510Z] I (375504) RouteLoomRef: member discovery rx=7 offer_tx=7 offer_rx=2 auth=3 kind_reject=0 capacity=0 send_fail=5
[2026-09-26T19:09:05.510Z] I (375504) RouteLoomRef: member scope raw=9 accepted=8 mac_reject=0 hint=0 generation=0 key_unavailable=0 budget=0
[2026-09-26T19:09:10.508Z] I (380504) RouteLoomRef: member state=4 links=2 ends=1 authority=1/1 confirm=1 demux_drop=2
[2026-09-26T19:09:10.509Z] I (380505) RouteLoomRef: member handshake starts=8 requests=1 rejected=0 send_fail=3 established=3 failed=2 last_error=6 active=0
[2026-09-26T19:09:10.509Z] I (380505) RouteLoomRef: member end send_fail=0 established=1 failed=0 last_error=0
[2026-09-26T19:09:10.509Z] I (380505) RouteLoomRef: authority state=2 tx_sent=11 tx_failed=0 rx_accepted=5 rx_rejected=0 pull=0 busy=0 backoff_s=0
[2026-09-26T19:09:10.509Z] I (380506) RouteLoomRef: authority mesh tx_carrier=11 queued=9 shed=7309 rx_carrier=4 denied=0 timeout=2
[2026-09-26T19:09:10.510Z] I (380506) RouteLoomRef: authority jobs accepted=20 failed=0 last=
[2026-09-26T19:09:10.510Z] I (380506) RouteLoomRef: member discovery rx=7 offer_tx=7 offer_rx=2 auth=3 kind_reject=0 capacity=0 send_fail=5
[2026-09-26T19:09:10.511Z] I (380506) RouteLoomRef: member scope raw=9 accepted=8 mac_reject=0 hint=0 generation=0 key_unavailable=0 budget=0
[2026-09-26T19:09:15.511Z] I (385507) RouteLoomRef: member state=4 links=2 ends=1 authority=1/1 confirm=1 demux_drop=2
[2026-09-26T19:09:15.512Z] I (385508) RouteLoomRef: member handshake starts=8 requests=1 rejected=0 send_fail=3 established=3 failed=2 last_error=6 active=0
[2026-09-26T19:09:15.512Z] I (385508) RouteLoomRef: member end send_fail=0 established=1 failed=0 last_error=0
[2026-09-26T19:09:15.512Z] I (385508) RouteLoomRef: authority state=2 tx_sent=11 tx_failed=0 rx_accepted=5 rx_rejected=0 pull=0 busy=0 backoff_s=0
[2026-09-26T19:09:15.513Z] I (385509) RouteLoomRef: authority mesh tx_carrier=11 queued=9 shed=7309 rx_carrier=4 denied=0 timeout=2
[2026-09-26T19:09:15.513Z] I (385509) RouteLoomRef: authority jobs accepted=20 failed=0 last=
[2026-09-26T19:09:15.515Z] I (385509) RouteLoomRef: member discovery rx=7 offer_tx=7 offer_rx=2 auth=3 kind_reject=0 capacity=0 send_fail=5
[2026-09-26T19:09:15.515Z] I (385509) RouteLoomRef: member scope raw=9 accepted=8 mac_reject=0 hint=0 generation=0 key_unavailable=0 budget=0
[2026-09-26T19:09:20.514Z] I (390510) RouteLoomRef: member state=4 links=2 ends=1 authority=1/1 confirm=1 demux_drop=2
[2026-09-26T19:09:20.515Z] I (390511) RouteLoomRef: member handshake starts=8 requests=1 rejected=0 send_fail=3 established=3 failed=2 last_error=6 active=0
[2026-09-26T19:09:20.516Z] I (390511) RouteLoomRef: member end send_fail=0 established=1 failed=0 last_error=0
[2026-09-26T19:09:20.516Z] I (390511) RouteLoomRef: authority state=2 tx_sent=11 tx_failed=0 rx_accepted=5 rx_rejected=0 pull=0 busy=0 backoff_s=0
[2026-09-26T19:09:20.516Z] I (390512) RouteLoomRef: authority mesh tx_carrier=11 queued=9 shed=7309 rx_carrier=4 denied=0 timeout=2
[2026-09-26T19:09:20.516Z] I (390512) RouteLoomRef: authority jobs accepted=20 failed=0 last=
[2026-09-26T19:09:20.516Z] I (390512) RouteLoomRef: member discovery rx=7 offer_tx=7 offer_rx=2 auth=3 kind_reject=0 capacity=0 send_fail=6
[2026-09-26T19:09:20.517Z] I (390513) RouteLoomRef: member scope raw=9 accepted=8 mac_reject=0 hint=0 generation=0 key_unavailable=0 budget=0
[2026-09-26T19:09:25.517Z] I (395513) RouteLoomRef: member state=4 links=2 ends=1 authority=1/1 confirm=1 demux_drop=2
[2026-09-26T19:09:25.518Z] I (395514) RouteLoomRef: member handshake starts=8 requests=1 rejected=0 send_fail=3 established=3 failed=2 last_error=6 active=0
[2026-09-26T19:09:25.519Z] I (395514) RouteLoomRef: member end send_fail=0 established=1 failed=0 last_error=0
[2026-09-26T19:09:25.519Z] I (395514) RouteLoomRef: authority state=2 tx_sent=11 tx_failed=0 rx_accepted=5 rx_rejected=0 pull=0 busy=0 backoff_s=0
[2026-09-26T19:09:25.519Z] I (395515) RouteLoomRef: authority mesh tx_carrier=11 queued=9 shed=7309 rx_carrier=4 denied=0 timeout=2
[2026-09-26T19:09:25.519Z] I (395515) RouteLoomRef: authority jobs accepted=20 failed=0 last=
[2026-09-26T19:09:25.519Z] I (395515) RouteLoomRef: member discovery rx=7 offer_tx=7 offer_rx=2 auth=3 kind_reject=0 capacity=0 send_fail=6
[2026-09-26T19:09:25.521Z] I (395515) RouteLoomRef: member scope raw=9 accepted=8 mac_reject=0 hint=0 generation=0 key_unavailable=0 budget=0
[2026-09-26T19:09:30.517Z] I (400513) RouteLoomRef: member state=4 links=2 ends=1 authority=1/1 confirm=1 demux_drop=2
[2026-09-26T19:09:30.518Z] I (400514) RouteLoomRef: member handshake starts=8 requests=1 rejected=0 send_fail=3 established=3 failed=2 last_error=6 active=0
[2026-09-26T19:09:30.518Z] I (400514) RouteLoomRef: member end send_fail=0 established=1 failed=0 last_error=0
[2026-09-26T19:09:30.520Z] I (400514) RouteLoomRef: authority state=2 tx_sent=11 tx_failed=0 rx_accepted=5 rx_rejected=0 pull=0 busy=0 backoff_s=0
[2026-09-26T19:09:30.520Z] I (400515) RouteLoomRef: authority mesh tx_carrier=11 queued=9 shed=7309 rx_carrier=4 denied=0 timeout=2
[2026-09-26T19:09:30.520Z] I (400515) RouteLoomRef: authority jobs accepted=20 failed=0 last=
[2026-09-26T19:09:30.520Z] I (400515) RouteLoomRef: member discovery rx=7 offer_tx=7 offer_rx=2 auth=3 kind_reject=0 capacity=0 send_fail=7
[2026-09-26T19:09:30.520Z] I (400516) RouteLoomRef: member scope raw=9 accepted=8 mac_reject=0 hint=0 generation=0 key_unavailable=0 budget=0
[2026-09-26T19:09:35.521Z] I (405516) RouteLoomRef: member state=4 links=2 ends=1 authority=1/1 confirm=1 demux_drop=2
[2026-09-26T19:09:35.521Z] I (405517) RouteLoomRef: member handshake starts=8 requests=1 rejected=0 send_fail=3 established=3 failed=2 last_error=6 active=0
[2026-09-26T19:09:35.521Z] I (405517) RouteLoomRef: member end send_fail=0 established=1 failed=0 last_error=0
[2026-09-26T19:09:35.521Z] I (405517) RouteLoomRef: authority state=2 tx_sent=11 tx_failed=0 rx_accepted=5 rx_rejected=0 pull=0 busy=0 backoff_s=0
[2026-09-26T19:09:35.524Z] I (405518) RouteLoomRef: authority mesh tx_carrier=11 queued=9 shed=7309 rx_carrier=4 denied=0 timeout=2
[2026-09-26T19:09:35.524Z] I (405518) RouteLoomRef: authority jobs accepted=20 failed=0 last=
[2026-09-26T19:09:35.524Z] I (405518) RouteLoomRef: member discovery rx=7 offer_tx=7 offer_rx=2 auth=3 kind_reject=0 capacity=0 send_fail=7
[2026-09-26T19:09:35.524Z] I (405518) RouteLoomRef: member scope raw=9 accepted=8 mac_reject=0 hint=0 generation=0 key_unavailable=0 budget=0
[2026-09-26T19:09:40.522Z] I (410518) RouteLoomRef: member state=4 links=2 ends=1 authority=1/1 confirm=1 demux_drop=2
[2026-09-26T19:09:40.523Z] I (410519) RouteLoomRef: member handshake starts=8 requests=1 rejected=0 send_fail=3 established=3 failed=2 last_error=6 active=0
[2026-09-26T19:09:40.523Z] I (410519) RouteLoomRef: member end send_fail=0 established=1 failed=0 last_error=0
[2026-09-26T19:09:40.527Z] I (410519) RouteLoomRef: authority state=2 tx_sent=11 tx_failed=0 rx_accepted=5 rx_rejected=0 pull=0 busy=0 backoff_s=0
[2026-09-26T19:09:40.527Z] I (410520) RouteLoomRef: authority mesh tx_carrier=11 queued=9 shed=7309 rx_carrier=4 denied=0 timeout=2
[2026-09-26T19:09:40.527Z] I (410520) RouteLoomRef: authority jobs accepted=20 failed=0 last=
[2026-09-26T19:09:40.527Z] I (410520) RouteLoomRef: member discovery rx=7 offer_tx=7 offer_rx=2 auth=3 kind_reject=0 capacity=0 send_fail=7
[2026-09-26T19:09:40.527Z] I (410521) RouteLoomRef: member scope raw=9 accepted=8 mac_reject=0 hint=0 generation=0 key_unavailable=0 budget=0
[2026-09-26T19:09:45.525Z] I (415520) RouteLoomRef: member state=4 links=2 ends=1 authority=1/1 confirm=1 demux_drop=2
[2026-09-26T19:09:45.525Z] I (415521) RouteLoomRef: member handshake starts=8 requests=1 rejected=0 send_fail=3 established=3 failed=2 last_error=6 active=0
[2026-09-26T19:09:45.525Z] I (415521) RouteLoomRef: member end send_fail=0 established=1 failed=0 last_error=0
[2026-09-26T19:09:45.526Z] I (415521) RouteLoomRef: authority state=2 tx_sent=11 tx_failed=0 rx_accepted=5 rx_rejected=0 pull=0 busy=0 backoff_s=0
[2026-09-26T19:09:45.526Z] I (415522) RouteLoomRef: authority mesh tx_carrier=11 queued=9 shed=7309 rx_carrier=4 denied=0 timeout=2
[2026-09-26T19:09:45.526Z] I (415522) RouteLoomRef: authority jobs accepted=20 failed=0 last=
[2026-09-26T19:09:45.526Z] I (415522) RouteLoomRef: member discovery rx=7 offer_tx=7 offer_rx=2 auth=3 kind_reject=0 capacity=0 send_fail=7
[2026-09-26T19:09:45.527Z] I (415523) RouteLoomRef: member scope raw=9 accepted=8 mac_reject=0 hint=0 generation=0 key_unavailable=0 budget=0
[2026-09-26T19:09:50.363Z] I (420359) RouteLoom: stack hwm main 8392 B
[2026-09-26T19:09:50.364Z] I (420359) RouteLoom: HIL HEAP free=21884 largest=18432 min=20960 B
[2026-09-26T19:09:50.365Z] I (420360) RouteLoom: HIL DISCOVERY candidates=0 neighbors=2 capacity=0 auth=3 stale=0 probes=47 send_failures=7 kind_rejects=0
[2026-09-26T19:09:50.365Z] I (420360) RouteLoom: HIL ROUTE peer=1 phase=5 via=1 metric=1 generation=853 seq=1
[2026-09-26T19:09:50.365Z] I (420360) RouteLoom: HIL ROUTE peer=2 phase=5 via=2 metric=1 generation=1354 seq=2
[2026-09-26T19:09:50.365Z] I (420361) RouteLoom: HIL ROUTE peer=3 phase=-1 via=0 metric=0 generation=0 seq=0
[2026-09-26T19:09:50.525Z] I (420520) RouteLoomRef: member state=4 links=2 ends=1 authority=1/1 confirm=1 demux_drop=2
[2026-09-26T19:09:50.528Z] I (420521) RouteLoomRef: member handshake starts=8 requests=1 rejected=0 send_fail=3 established=3 failed=2 last_error=6 active=0
[2026-09-26T19:09:50.528Z] I (420521) RouteLoomRef: member end send_fail=0 established=1 failed=0 last_error=0
[2026-09-26T19:09:50.528Z] I (420521) RouteLoomRef: authority state=2 tx_sent=11 tx_failed=0 rx_accepted=5 rx_rejected=0 pull=0 busy=0 backoff_s=0
[2026-09-26T19:09:50.528Z] I (420522) RouteLoomRef: authority mesh tx_carrier=11 queued=9 shed=7309 rx_carrier=4 denied=0 timeout=2
[2026-09-26T19:09:50.528Z] I (420522) RouteLoomRef: authority jobs accepted=20 failed=0 last=
[2026-09-26T19:09:50.528Z] I (420522) RouteLoomRef: member discovery rx=7 offer_tx=7 offer_rx=2 auth=3 kind_reject=0 capacity=0 send_fail=7
[2026-09-26T19:09:50.528Z] I (420523) RouteLoomRef: member scope raw=9 accepted=8 mac_reject=0 hint=0 generation=0 key_unavailable=0 budget=0
[2026-09-26T19:09:55.528Z] I (425523) RouteLoomRef: member state=4 links=2 ends=1 authority=1/1 confirm=1 demux_drop=2
[2026-09-26T19:09:55.528Z] I (425524) RouteLoomRef: member handshake starts=8 requests=1 rejected=0 send_fail=3 established=3 failed=2 last_error=6 active=0
[2026-09-26T19:09:55.528Z] I (425524) RouteLoomRef: member end send_fail=0 established=1 failed=0 last_error=0
[2026-09-26T19:09:55.529Z] I (425524) RouteLoomRef: authority state=2 tx_sent=11 tx_failed=0 rx_accepted=5 rx_rejected=0 pull=0 busy=0 backoff_s=0
[2026-09-26T19:09:55.529Z] I (425525) RouteLoomRef: authority mesh tx_carrier=11 queued=9 shed=7309 rx_carrier=4 denied=0 timeout=2
[2026-09-26T19:09:55.529Z] I (425525) RouteLoomRef: authority jobs accepted=20 failed=0 last=
[2026-09-26T19:09:55.530Z] I (425525) RouteLoomRef: member discovery rx=7 offer_tx=7 offer_rx=2 auth=3 kind_reject=0 capacity=0 send_fail=7
[2026-09-26T19:09:55.530Z] I (425526) RouteLoomRef: member scope raw=9 accepted=8 mac_reject=0 hint=0 generation=0 key_unavailable=0 budget=0
[2026-09-26T19:10:00.130Z] W (430125) RouteLoomRef: diagnostic reason=ROUTE_UPDATE_REJECTED peer=2 message=none
[2026-09-26T19:10:00.528Z] I (430523) RouteLoomRef: member state=4 links=2 ends=1 authority=1/1 confirm=1 demux_drop=2
[2026-09-26T19:10:00.528Z] I (430524) RouteLoomRef: member handshake starts=8 requests=1 rejected=0 send_fail=3 established=3 failed=2 last_error=6 active=0
[2026-09-26T19:10:00.528Z] I (430524) RouteLoomRef: member end send_fail=0 established=1 failed=0 last_error=0
[2026-09-26T19:10:00.529Z] I (430524) RouteLoomRef: authority state=2 tx_sent=11 tx_failed=0 rx_accepted=5 rx_rejected=0 pull=0 busy=0 backoff_s=0
[2026-09-26T19:10:00.529Z] I (430525) RouteLoomRef: authority mesh tx_carrier=11 queued=9 shed=7309 rx_carrier=4 denied=0 timeout=2
[2026-09-26T19:10:00.529Z] I (430525) RouteLoomRef: authority jobs accepted=20 failed=0 last=
[2026-09-26T19:10:00.529Z] I (430525) RouteLoomRef: member discovery rx=7 offer_tx=7 offer_rx=2 auth=3 kind_reject=0 capacity=0 send_fail=7
[2026-09-26T19:10:00.530Z] I (430525) RouteLoomRef: member scope raw=9 accepted=8 mac_reject=0 hint=0 generation=0 key_unavailable=0 budget=0
[2026-09-26T19:10:02.938Z] I (432934) RouteLoomRef: RLD1 rx kind=1 ch=6 generation=0 src=94:a9:90:7a:b5:60 dest=ff:ff:ff:ff:ff:ff
[2026-09-26T19:10:05.089Z] I (435085) RouteLoomRef: RLD1 rx kind=1 ch=6 generation=0 src=94:a9:90:7a:b5:60 dest=ff:ff:ff:ff:ff:ff
[2026-09-26T19:10:05.529Z] I (435524) RouteLoomRef: member state=4 links=2 ends=1 authority=1/1 confirm=1 demux_drop=2
[2026-09-26T19:10:05.529Z] I (435525) RouteLoomRef: member handshake starts=10 requests=1 rejected=0 send_fail=3 established=3 failed=2 last_error=6 active=0
[2026-09-26T19:10:05.529Z] I (435525) RouteLoomRef: member end send_fail=0 established=1 failed=0 last_error=0
[2026-09-26T19:10:05.530Z] I (435525) RouteLoomRef: authority state=2 tx_sent=11 tx_failed=0 rx_accepted=5 rx_rejected=0 pull=0 busy=0 backoff_s=0
[2026-09-26T19:10:05.530Z] I (435526) RouteLoomRef: authority mesh tx_carrier=11 queued=9 shed=7309 rx_carrier=4 denied=0 timeout=2
[2026-09-26T19:10:05.530Z] I (435526) RouteLoomRef: authority jobs accepted=20 failed=0 last=
[2026-09-26T19:10:05.531Z] I (435526) RouteLoomRef: member discovery rx=9 offer_tx=9 offer_rx=2 auth=3 kind_reject=0 capacity=0 send_fail=7
[2026-09-26T19:10:05.531Z] I (435526) RouteLoomRef: member scope raw=11 accepted=10 mac_reject=0 hint=0 generation=0 key_unavailable=0 budget=0
[2026-09-26T19:10:05.797Z] I (435793) RouteLoomRef: discovery event=STALE peer=1
[2026-09-26T19:10:05.797Z] W (435793) RouteLoomRef: diagnostic reason=STALE peer=1 message=none
[2026-09-26T19:10:05.799Z] W (435795) RouteLoomRef: diagnostic reason=SEQNO_REQUEST_SENT dest=1 seq=1 att=1 peer=2 message=none
[2026-09-26T19:10:07.799Z] I (437794) RouteLoomRef: discovery event=REDISCOVERY peer=1
[2026-09-26T19:10:07.799Z] W (437794) RouteLoomRef: diagnostic reason=REDISCOVERY peer=1 message=none
[2026-09-26T19:10:07.800Z] W (437796) RouteLoomRef: diagnostic reason=SEQNO_REQUEST_SENT dest=1 seq=1 att=2 peer=2 message=none
[2026-09-26T19:10:08.088Z] I (438083) RouteLoomRef: RLD1 rx kind=2 ch=6 generation=0 src=94:a9:90:7a:b5:60 dest=94:a9:90:7a:26:ac
[2026-09-26T19:10:08.091Z] I (438084) RouteLoomRef: RLD1 offer result state=0 expected_generation=0 observations=0 dropped=0
[2026-09-26T19:10:09.226Z] I (439221) RouteLoomRef: RLD1 rx kind=1 ch=6 generation=0 src=94:a9:90:7a:b5:60 dest=ff:ff:ff:ff:ff:ff
[2026-09-26T19:10:10.185Z] I (440180) RouteLoomRef: RLD1 rx kind=2 ch=6 generation=0 src=94:a9:90:7a:b5:60 dest=94:a9:90:7a:26:ac
[2026-09-26T19:10:10.185Z] I (440180) RouteLoomRef: RLD1 offer result state=0 expected_generation=0 observations=0 dropped=0
[2026-09-26T19:10:10.532Z] I (440527) RouteLoomRef: member state=4 links=2 ends=1 authority=1/1 confirm=1 demux_drop=2
[2026-09-26T19:10:10.532Z] I (440528) RouteLoomRef: member handshake starts=11 requests=1 rejected=0 send_fail=3 established=3 failed=2 last_error=6 active=0
[2026-09-26T19:10:10.532Z] I (440528) RouteLoomRef: member end send_fail=0 established=1 failed=0 last_error=0
[2026-09-26T19:10:10.533Z] I (440528) RouteLoomRef: authority state=2 tx_sent=11 tx_failed=0 rx_accepted=5 rx_rejected=0 pull=0 busy=0 backoff_s=0
[2026-09-26T19:10:10.533Z] I (440529) RouteLoomRef: authority mesh tx_carrier=11 queued=9 shed=7309 rx_carrier=4 denied=0 timeout=2
[2026-09-26T19:10:10.533Z] I (440529) RouteLoomRef: authority jobs accepted=20 failed=0 last=
[2026-09-26T19:10:10.534Z] I (440529) RouteLoomRef: member discovery rx=10 offer_tx=10 offer_rx=4 auth=3 kind_reject=0 capacity=0 send_fail=7
[2026-09-26T19:10:10.534Z] I (440530) RouteLoomRef: member scope raw=14 accepted=11 mac_reject=0 hint=0 generation=0 key_unavailable=0 budget=0
[2026-09-26T19:10:11.801Z] W (441796) RouteLoomRef: diagnostic reason=SEQNO_REQUEST_SENT dest=1 seq=1 att=3 peer=2 message=none
[2026-09-26T19:10:14.132Z] I (444127) RouteLoomRef: RLD1 rx kind=2 ch=6 generation=0 src=94:a9:90:7a:b5:60 dest=94:a9:90:7a:26:ac
[2026-09-26T19:10:14.132Z] I (444128) RouteLoomRef: RLD1 offer result state=0 expected_generation=0 observations=0 dropped=0
[2026-09-26T19:10:15.533Z] I (445528) RouteLoomRef: member state=4 links=2 ends=1 authority=1/1 confirm=1 demux_drop=2
[2026-09-26T19:10:15.533Z] I (445529) RouteLoomRef: member handshake starts=11 requests=1 rejected=0 send_fail=3 established=3 failed=2 last_error=6 active=0
[2026-09-26T19:10:15.534Z] I (445529) RouteLoomRef: member end send_fail=0 established=1 failed=0 last_error=0
[2026-09-26T19:10:15.534Z] I (445529) RouteLoomRef: authority state=2 tx_sent=11 tx_failed=0 rx_accepted=5 rx_rejected=0 pull=0 busy=0 backoff_s=0
[2026-09-26T19:10:15.534Z] I (445530) RouteLoomRef: authority mesh tx_carrier=11 queued=9 shed=7309 rx_carrier=4 denied=0 timeout=2
[2026-09-26T19:10:15.534Z] I (445530) RouteLoomRef: authority jobs accepted=20 failed=0 last=
[2026-09-26T19:10:15.535Z] I (445530) RouteLoomRef: member discovery rx=10 offer_tx=10 offer_rx=5 auth=3 kind_reject=0 capacity=0 send_fail=7
[2026-09-26T19:10:15.535Z] I (445531) RouteLoomRef: member scope raw=15 accepted=11 mac_reject=0 hint=0 generation=0 key_unavailable=0 budget=0
[2026-09-26T19:10:17.351Z] I (447346) RouteLoomRef: RLD1 rx kind=1 ch=6 generation=0 src=94:a9:90:7a:b5:60 dest=ff:ff:ff:ff:ff:ff
[2026-09-26T19:10:17.802Z] W (447797) RouteLoomRef: diagnostic reason=SEQNO_REQUEST_SENT dest=1 seq=1 att=4 peer=2 message=none
[2026-09-26T19:10:20.535Z] I (450530) RouteLoomRef: member state=4 links=2 ends=1 authority=1/1 confirm=1 demux_drop=2
[2026-09-26T19:10:20.537Z] I (450531) RouteLoomRef: member handshake starts=12 requests=1 rejected=0 send_fail=3 established=3 failed=2 last_error=6 active=0
[2026-09-26T19:10:20.537Z] I (450531) RouteLoomRef: member end send_fail=0 established=1 failed=0 last_error=0
[2026-09-26T19:10:20.537Z] I (450531) RouteLoomRef: authority state=2 tx_sent=11 tx_failed=0 rx_accepted=5 rx_rejected=0 pull=0 busy=0 backoff_s=0
[2026-09-26T19:10:20.537Z] I (450532) RouteLoomRef: authority mesh tx_carrier=11 queued=9 shed=7309 rx_carrier=4 denied=0 timeout=2
[2026-09-26T19:10:20.537Z] I (450532) RouteLoomRef: authority jobs accepted=20 failed=0 last=
[2026-09-26T19:10:20.537Z] I (450532) RouteLoomRef: member discovery rx=11 offer_tx=11 offer_rx=5 auth=3 kind_reject=0 capacity=0 send_fail=7
[2026-09-26T19:10:20.537Z] I (450533) RouteLoomRef: member scope raw=16 accepted=12 mac_reject=0 hint=0 generation=0 key_unavailable=0 budget=0
[2026-09-26T19:10:21.960Z] I (451955) RouteLoomRef: RLD1 rx kind=2 ch=6 generation=0 src=94:a9:90:7a:b5:60 dest=94:a9:90:7a:26:ac
[2026-09-26T19:10:21.960Z] I (451955) RouteLoomRef: RLD1 offer result state=0 expected_generation=0 observations=0 dropped=0
[2026-09-26T19:10:23.965Z] W (453960) RouteLoomRef: diagnostic reason=ROUTE_UPDATE_REJECTED peer=2 message=none
[2026-09-26T19:10:25.537Z] I (455532) RouteLoomRef: member state=4 links=2 ends=1 authority=1/1 confirm=1 demux_drop=2
[2026-09-26T19:10:25.537Z] I (455533) RouteLoomRef: member handshake starts=12 requests=1 rejected=0 send_fail=3 established=3 failed=2 last_error=6 active=0
[2026-09-26T19:10:25.538Z] I (455533) RouteLoomRef: member end send_fail=0 established=1 failed=0 last_error=0
[2026-09-26T19:10:25.538Z] I (455533) RouteLoomRef: authority state=2 tx_sent=11 tx_failed=0 rx_accepted=5 rx_rejected=0 pull=0 busy=0 backoff_s=0
[2026-09-26T19:10:25.538Z] I (455534) RouteLoomRef: authority mesh tx_carrier=11 queued=9 shed=7309 rx_carrier=4 denied=0 timeout=2
[2026-09-26T19:10:25.538Z] I (455534) RouteLoomRef: authority jobs accepted=20 failed=0 last=
[2026-09-26T19:10:25.539Z] I (455534) RouteLoomRef: member discovery rx=11 offer_tx=11 offer_rx=6 auth=3 kind_reject=0 capacity=0 send_fail=7
[2026-09-26T19:10:25.539Z] I (455535) RouteLoomRef: member scope raw=17 accepted=12 mac_reject=0 hint=0 generation=0 key_unavailable=0 budget=0
[2026-09-26T19:10:25.803Z] W (455798) RouteLoomRef: diagnostic reason=SEQNO_REQUEST_SENT dest=1 seq=1 att=5 peer=2 message=none
[2026-09-26T19:10:30.540Z] I (460535) RouteLoomRef: member state=4 links=2 ends=1 authority=1/1 confirm=1 demux_drop=2
[2026-09-26T19:10:30.543Z] I (460536) RouteLoomRef: member handshake starts=12 requests=1 rejected=0 send_fail=3 established=3 failed=2 last_error=6 active=0
[2026-09-26T19:10:30.543Z] I (460536) RouteLoomRef: member end send_fail=0 established=1 failed=0 last_error=0
[2026-09-26T19:10:30.543Z] I (460536) RouteLoomRef: authority state=2 tx_sent=11 tx_failed=0 rx_accepted=5 rx_rejected=0 pull=0 busy=0 backoff_s=0
[2026-09-26T19:10:30.543Z] I (460537) RouteLoomRef: authority mesh tx_carrier=11 queued=9 shed=7309 rx_carrier=4 denied=0 timeout=2
[2026-09-26T19:10:30.543Z] I (460537) RouteLoomRef: authority jobs accepted=20 failed=0 last=
[2026-09-26T19:10:30.543Z] I (460537) RouteLoomRef: member discovery rx=11 offer_tx=11 offer_rx=6 auth=3 kind_reject=0 capacity=0 send_fail=7
[2026-09-26T19:10:30.543Z] I (460538) RouteLoomRef: member scope raw=17 accepted=12 mac_reject=0 hint=0 generation=0 key_unavailable=0 budget=0
[2026-09-26T19:10:33.414Z] I (463409) RouteLoomRef: RLD1 rx kind=1 ch=6 generation=0 src=94:a9:90:7a:b5:60 dest=ff:ff:ff:ff:ff:ff
[2026-09-26T19:10:34.340Z] I (464335) RouteLoomRef: RLD1 rx kind=1 ch=6 generation=0 src=94:a9:90:7a:b5:60 dest=ff:ff:ff:ff:ff:ff
[2026-09-26T19:10:35.175Z] I (465170) RouteLoomRef: RLD1 rx kind=1 ch=6 generation=0 src=94:a9:90:7a:b5:60 dest=ff:ff:ff:ff:ff:ff
[2026-09-26T19:10:35.543Z] I (465538) RouteLoomRef: member state=4 links=2 ends=1 authority=1/1 confirm=1 demux_drop=2
[2026-09-26T19:10:35.543Z] I (465539) RouteLoomRef: member handshake starts=15 requests=1 rejected=0 send_fail=3 established=3 failed=2 last_error=6 active=0
[2026-09-26T19:10:35.544Z] I (465539) RouteLoomRef: member end send_fail=0 established=1 failed=0 last_error=0
[2026-09-26T19:10:35.544Z] I (465539) RouteLoomRef: authority state=2 tx_sent=11 tx_failed=0 rx_accepted=5 rx_rejected=0 pull=0 busy=0 backoff_s=0
[2026-09-26T19:10:35.544Z] I (465540) RouteLoomRef: authority mesh tx_carrier=11 queued=9 shed=7309 rx_carrier=4 denied=0 timeout=2
[2026-09-26T19:10:35.545Z] I (465540) RouteLoomRef: authority jobs accepted=20 failed=0 last=
[2026-09-26T19:10:35.545Z] I (465540) RouteLoomRef: member discovery rx=14 offer_tx=14 offer_rx=6 auth=3 kind_reject=0 capacity=0 send_fail=7
[2026-09-26T19:10:35.545Z] I (465541) RouteLoomRef: member scope raw=20 accepted=15 mac_reject=0 hint=0 generation=0 key_unavailable=0 budget=0
[2026-09-26T19:10:35.805Z] W (465800) RouteLoomRef: diagnostic reason=SEQNO_REQUEST_SENT dest=1 seq=1 att=6 peer=2 message=none
[2026-09-26T19:10:36.680Z] I (466675) RouteLoomRef: RLD1 rx kind=1 ch=6 generation=0 src=94:a9:90:7a:b5:60 dest=ff:ff:ff:ff:ff:ff
[2026-09-26T19:10:37.386Z] I (467381) RouteLoomRef: RLD1 rx kind=2 ch=6 generation=0 src=94:a9:90:7a:b5:60 dest=94:a9:90:7a:26:ac
[2026-09-26T19:10:37.387Z] I (467382) RouteLoomRef: RLD1 offer result state=0 expected_generation=0 observations=0 dropped=0
[2026-09-26T19:10:37.520Z] I (467515) RouteLoomRef: discovery event=DISCOVERY_FAILED peer=0
[2026-09-26T19:10:37.520Z] W (467515) RouteLoomRef: diagnostic reason=DISCOVERY_FAILED peer=0 message=none
[2026-09-26T19:10:37.520Z] I (467516) RouteLoomRef: discovery event=REDISCOVERY peer=1
[2026-09-26T19:10:37.520Z] W (467516) RouteLoomRef: diagnostic reason=REDISCOVERY peer=1 message=none
[2026-09-26T19:10:37.747Z] I (467742) RouteLoomRef: RLD1 rx kind=2 ch=6 generation=0 src=94:a9:90:7a:b5:60 dest=94:a9:90:7a:26:ac
[2026-09-26T19:10:37.747Z] I (467742) RouteLoomRef: RLD1 offer result state=0 expected_generation=0 observations=0 dropped=0
[2026-09-26T19:10:38.776Z] I (468771) RouteLoomRef: RLD1 rx kind=2 ch=6 generation=0 src=94:a9:90:7a:b5:60 dest=94:a9:90:7a:26:ac
[2026-09-26T19:10:38.777Z] I (468772) RouteLoomRef: RLD1 offer result state=0 expected_generation=0 observations=0 dropped=0
[2026-09-26T19:10:39.526Z] I (469521) RouteLoomRef: RLD1 rx kind=1 ch=6 generation=0 src=94:a9:90:7a:b5:60 dest=ff:ff:ff:ff:ff:ff
[2026-09-26T19:10:40.492Z] I (470487) RouteLoomRef: RLD1 rx kind=2 ch=6 generation=0 src=94:a9:90:7a:b5:60 dest=94:a9:90:7a:26:ac
[2026-09-26T19:10:40.492Z] I (470487) RouteLoomRef: RLD1 offer result state=0 expected_generation=0 observations=0 dropped=0
[2026-09-26T19:10:40.543Z] I (470538) RouteLoomRef: member state=4 links=2 ends=1 authority=1/1 confirm=1 demux_drop=2
[2026-09-26T19:10:40.543Z] I (470539) RouteLoomRef: member handshake starts=17 requests=1 rejected=0 send_fail=3 established=3 failed=2 last_error=6 active=0
[2026-09-26T19:10:40.544Z] I (470539) RouteLoomRef: member end send_fail=0 established=1 failed=0 last_error=0
[2026-09-26T19:10:40.544Z] I (470539) RouteLoomRef: authority state=2 tx_sent=11 tx_failed=0 rx_accepted=5 rx_rejected=0 pull=0 busy=0 backoff_s=0
[2026-09-26T19:10:40.544Z] I (470540) RouteLoomRef: authority mesh tx_carrier=11 queued=9 shed=7309 rx_carrier=4 denied=0 timeout=2
[2026-09-26T19:10:40.545Z] I (470540) RouteLoomRef: authority jobs accepted=20 failed=0 last=
[2026-09-26T19:10:40.545Z] I (470540) RouteLoomRef: member discovery rx=16 offer_tx=16 offer_rx=10 auth=3 kind_reject=0 capacity=0 send_fail=7
[2026-09-26T19:10:40.545Z] I (470541) RouteLoomRef: member scope raw=26 accepted=17 mac_reject=0 hint=0 generation=0 key_unavailable=0 budget=0
[2026-09-26T19:10:43.871Z] I (473866) RouteLoomRef: RLD1 rx kind=2 ch=6 generation=0 src=94:a9:90:7a:b5:60 dest=94:a9:90:7a:26:ac
[2026-09-26T19:10:43.871Z] I (473866) RouteLoomRef: RLD1 offer result state=0 expected_generation=0 observations=0 dropped=0
[2026-09-26T19:10:45.057Z] I (475052) RouteLoomRef: RLD1 rx kind=1 ch=6 generation=0 src=94:a9:90:7a:b5:60 dest=ff:ff:ff:ff:ff:ff
[2026-09-26T19:10:45.512Z] I (475507) RouteLoomRef: RLD1 rx kind=1 ch=6 generation=0 src=94:a9:90:7a:b5:60 dest=ff:ff:ff:ff:ff:ff
[2026-09-26T19:10:45.543Z] I (475538) RouteLoomRef: member state=4 links=2 ends=1 authority=1/1 confirm=1 demux_drop=2
[2026-09-26T19:10:45.544Z] I (475539) RouteLoomRef: member handshake starts=18 requests=1 rejected=0 send_fail=3 established=3 failed=2 last_error=6 active=0
[2026-09-26T19:10:45.544Z] I (475539) RouteLoomRef: member end send_fail=0 established=1 failed=0 last_error=0
[2026-09-26T19:10:45.544Z] I (475539) RouteLoomRef: authority state=2 tx_sent=11 tx_failed=0 rx_accepted=5 rx_rejected=0 pull=0 busy=0 backoff_s=0
[2026-09-26T19:10:45.545Z] I (475540) RouteLoomRef: authority mesh tx_carrier=11 queued=9 shed=7309 rx_carrier=4 denied=0 timeout=2
[2026-09-26T19:10:45.545Z] I (475540) RouteLoomRef: authority jobs accepted=20 failed=0 last=
[2026-09-26T19:10:45.545Z] I (475540) RouteLoomRef: member discovery rx=17 offer_tx=17 offer_rx=11 auth=3 kind_reject=0 capacity=0 send_fail=7
[2026-09-26T19:10:45.546Z] I (475541) RouteLoomRef: member scope raw=28 accepted=18 mac_reject=0 hint=0 generation=0 key_unavailable=0 budget=0
[2026-09-26T19:10:47.064Z] I (477059) RouteLoomRef: RLD1 rx kind=1 ch=6 generation=0 src=94:a9:90:7a:b5:60 dest=ff:ff:ff:ff:ff:ff
[2026-09-26T19:10:47.807Z] W (477802) RouteLoomRef: diagnostic reason=SEQNO_REQUEST_SENT dest=1 seq=1 att=7 peer=2 message=none
[2026-09-26T19:10:50.011Z] I (480006) RouteLoomRef: RLD1 rx kind=1 ch=6 generation=0 src=94:a9:90:7a:b5:60 dest=ff:ff:ff:ff:ff:ff
[2026-09-26T19:10:50.338Z] I (480333) RouteLoomRef: RLD1 rx kind=2 ch=6 generation=0 src=94:a9:90:7a:b5:60 dest=94:a9:90:7a:26:ac
[2026-09-26T19:10:50.338Z] I (480333) RouteLoomRef: RLD1 offer result state=0 expected_generation=0 observations=0 dropped=0
[2026-09-26T19:10:50.356Z] I (480350) RouteLoomRef: discovery event=REDISCOVERY peer=1
[2026-09-26T19:10:50.356Z] W (480350) RouteLoomRef: diagnostic reason=REDISCOVERY peer=1 message=none
[2026-09-26T19:10:50.364Z] I (480359) RouteLoom: stack hwm main 8392 B
[2026-09-26T19:10:50.364Z] I (480359) RouteLoom: HIL HEAP free=21932 largest=18432 min=20960 B
[2026-09-26T19:10:50.365Z] I (480360) RouteLoom: HIL DISCOVERY candidates=1 neighbors=2 capacity=0 auth=3 stale=1 probes=58 send_failures=7 kind_rejects=0
[2026-09-26T19:10:50.365Z] I (480360) RouteLoom: HIL ROUTE peer=1 phase=7 via=0 metric=0 generation=0 seq=0
[2026-09-26T19:10:50.365Z] I (480360) RouteLoom: HIL ROUTE peer=2 phase=5 via=2 metric=1 generation=1354 seq=3
[2026-09-26T19:10:50.365Z] I (480361) RouteLoom: HIL ROUTE peer=3 phase=-1 via=0 metric=0 generation=0 seq=0
[2026-09-26T19:10:50.545Z] I (480540) RouteLoomRef: member state=4 links=2 ends=1 authority=1/1 confirm=1 demux_drop=2
[2026-09-26T19:10:50.546Z] I (480541) RouteLoomRef: member handshake starts=20 requests=1 rejected=0 send_fail=3 established=3 failed=2 last_error=6 active=0
[2026-09-26T19:10:50.546Z] I (480541) RouteLoomRef: member end send_fail=0 established=1 failed=0 last_error=0
[2026-09-26T19:10:50.546Z] I (480541) RouteLoomRef: authority state=2 tx_sent=11 tx_failed=0 rx_accepted=5 rx_rejected=0 pull=0 busy=0 backoff_s=0
[2026-09-26T19:10:50.547Z] I (480542) RouteLoomRef: authority mesh tx_carrier=11 queued=9 shed=7309 rx_carrier=4 denied=0 timeout=2
[2026-09-26T19:10:50.547Z] I (480542) RouteLoomRef: authority jobs accepted=20 failed=0 last=
[2026-09-26T19:10:50.547Z] I (480542) RouteLoomRef: member discovery rx=19 offer_tx=19 offer_rx=12 auth=3 kind_reject=0 capacity=0 send_fail=7
[2026-09-26T19:10:50.548Z] I (480543) RouteLoomRef: member scope raw=31 accepted=20 mac_reject=0 hint=0 generation=0 key_unavailable=0 budget=0
[2026-09-26T19:10:51.199Z] I (481194) RouteLoomRef: RLD1 rx kind=2 ch=6 generation=0 src=94:a9:90:7a:b5:60 dest=94:a9:90:7a:26:ac
[2026-09-26T19:10:51.199Z] I (481194) RouteLoomRef: RLD1 offer result state=0 expected_generation=0 observations=0 dropped=0
[2026-09-26T19:10:52.396Z] I (482391) RouteLoomRef: RLD1 rx kind=2 ch=6 generation=0 src=94:a9:90:7a:b5:60 dest=94:a9:90:7a:26:ac
[2026-09-26T19:10:52.397Z] I (482391) RouteLoomRef: RLD1 offer result state=0 expected_generation=0 observations=0 dropped=0
[2026-09-26T19:10:53.978Z] W (483972) RouteLoomRef: diagnostic reason=ROUTE_UPDATE_REJECTED peer=2 message=none
[2026-09-26T19:10:54.731Z] I (484726) RouteLoomRef: RLD1 rx kind=2 ch=6 generation=0 src=94:a9:90:7a:b5:60 dest=94:a9:90:7a:26:ac
[2026-09-26T19:10:54.732Z] I (484726) RouteLoomRef: RLD1 offer result state=0 expected_generation=0 observations=0 dropped=0
[2026-09-26T19:10:55.546Z] I (485541) RouteLoomRef: member state=4 links=2 ends=1 authority=1/1 confirm=1 demux_drop=2
[2026-09-26T19:10:55.547Z] I (485542) RouteLoomRef: member handshake starts=20 requests=1 rejected=0 send_fail=3 established=3 failed=2 last_error=6 active=0
[2026-09-26T19:10:55.547Z] I (485542) RouteLoomRef: member end send_fail=0 established=1 failed=0 last_error=0
[2026-09-26T19:10:55.547Z] I (485542) RouteLoomRef: authority state=2 tx_sent=11 tx_failed=0 rx_accepted=5 rx_rejected=0 pull=0 busy=0 backoff_s=0
[2026-09-26T19:10:55.548Z] I (485543) RouteLoomRef: authority mesh tx_carrier=11 queued=9 shed=7309 rx_carrier=4 denied=0 timeout=2
[2026-09-26T19:10:55.551Z] I (485543) RouteLoomRef: authority jobs accepted=20 failed=0 last=
[2026-09-26T19:10:55.551Z] I (485543) RouteLoomRef: member discovery rx=19 offer_tx=19 offer_rx=15 auth=3 kind_reject=0 capacity=0 send_fail=7
[2026-09-26T19:10:55.551Z] I (485543) RouteLoomRef: member scope raw=34 accepted=20 mac_reject=0 hint=0 generation=0 key_unavailable=0 budget=0
[2026-09-26T19:10:55.736Z] I (485731) RouteLoomRef: RLD1 rx kind=1 ch=6 generation=0 src=94:a9:90:7a:b5:60 dest=ff:ff:ff:ff:ff:ff
[2026-09-26T19:10:59.039Z] I (489034) RouteLoomRef: RLD1 rx kind=2 ch=6 generation=0 src=94:a9:90:7a:b5:60 dest=94:a9:90:7a:26:ac
[2026-09-26T19:10:59.040Z] I (489034) RouteLoomRef: RLD1 offer result state=0 expected_generation=0 observations=0 dropped=0
[2026-09-26T19:11:00.546Z] I (490541) RouteLoomRef: member state=4 links=2 ends=1 authority=1/1 confirm=1 demux_drop=2
[2026-09-26T19:11:00.549Z] I (490542) RouteLoomRef: member handshake starts=21 requests=1 rejected=0 send_fail=3 established=3 failed=2 last_error=6 active=0
[2026-09-26T19:11:00.549Z] I (490542) RouteLoomRef: member end send_fail=0 established=1 failed=0 last_error=0
[2026-09-26T19:11:00.549Z] I (490542) RouteLoomRef: authority state=2 tx_sent=11 tx_failed=0 rx_accepted=5 rx_rejected=0 pull=0 busy=0 backoff_s=0
[2026-09-26T19:11:00.549Z] I (490543) RouteLoomRef: authority mesh tx_carrier=11 queued=9 shed=7309 rx_carrier=4 denied=0 timeout=2
[2026-09-26T19:11:00.549Z] I (490543) RouteLoomRef: authority jobs accepted=20 failed=0 last=
[2026-09-26T19:11:00.549Z] I (490543) RouteLoomRef: member discovery rx=20 offer_tx=20 offer_rx=16 auth=3 kind_reject=0 capacity=0 send_fail=7
[2026-09-26T19:11:00.549Z] I (490544) RouteLoomRef: member scope raw=36 accepted=21 mac_reject=0 hint=0 generation=0 key_unavailable=0 budget=0
[2026-09-26T19:11:01.807Z] W (491802) RouteLoomRef: diagnostic reason=SEQNO_REQUEST_SENT dest=1 seq=1 att=8 peer=2 message=none
[2026-09-26T19:11:05.549Z] I (495544) RouteLoomRef: member state=4 links=2 ends=1 authority=1/1 confirm=1 demux_drop=2
[2026-09-26T19:11:05.550Z] I (495545) RouteLoomRef: member handshake starts=21 requests=1 rejected=0 send_fail=3 established=3 failed=2 last_error=6 active=0
[2026-09-26T19:11:05.550Z] I (495545) RouteLoomRef: member end send_fail=0 established=1 failed=0 last_error=0
[2026-09-26T19:11:05.550Z] I (495545) RouteLoomRef: authority state=2 tx_sent=11 tx_failed=0 rx_accepted=5 rx_rejected=0 pull=0 busy=0 backoff_s=0
[2026-09-26T19:11:05.551Z] I (495546) RouteLoomRef: authority mesh tx_carrier=11 queued=9 shed=7309 rx_carrier=4 denied=0 timeout=2
[2026-09-26T19:11:05.551Z] I (495546) RouteLoomRef: authority jobs accepted=20 failed=0 last=
[2026-09-26T19:11:05.551Z] I (495546) RouteLoomRef: member discovery rx=20 offer_tx=20 offer_rx=16 auth=3 kind_reject=0 capacity=0 send_fail=7
[2026-09-26T19:11:05.552Z] I (495547) RouteLoomRef: member scope raw=36 accepted=21 mac_reject=0 hint=0 generation=0 key_unavailable=0 budget=0
[2026-09-26T19:11:07.019Z] I (497014) RouteLoomRef: RLD1 rx kind=1 ch=6 generation=0 src=94:a9:90:7a:b5:60 dest=ff:ff:ff:ff:ff:ff
[2026-09-26T19:11:07.406Z] I (497401) RouteLoomRef: RLD1 rx kind=1 ch=6 generation=0 src=94:a9:90:7a:b5:60 dest=ff:ff:ff:ff:ff:ff
[2026-09-26T19:11:07.462Z] I (497457) RouteLoomRef: RLD1 rx kind=2 ch=6 generation=0 src=94:a9:90:7a:b5:60 dest=94:a9:90:7a:26:ac
[2026-09-26T19:11:07.462Z] I (497457) RouteLoomRef: RLD1 offer result state=0 expected_generation=0 observations=0 dropped=0
[2026-09-26T19:11:07.483Z] I (497478) RouteLoomRef: discovery event=REDISCOVERY peer=1
[2026-09-26T19:11:07.483Z] W (497478) RouteLoomRef: diagnostic reason=REDISCOVERY peer=1 message=none
[2026-09-26T19:11:08.088Z] I (498083) RouteLoomRef: RLD1 rx kind=2 ch=6 generation=0 src=94:a9:90:7a:b5:60 dest=94:a9:90:7a:26:ac
[2026-09-26T19:11:08.088Z] I (498083) RouteLoomRef: RLD1 offer result state=0 expected_generation=0 observations=0 dropped=0
[2026-09-26T19:11:08.870Z] I (498865) RouteLoomRef: RLD1 rx kind=1 ch=6 generation=0 src=94:a9:90:7a:b5:60 dest=ff:ff:ff:ff:ff:ff
[2026-09-26T19:11:09.561Z] I (499556) RouteLoomRef: RLD1 rx kind=2 ch=6 generation=0 src=94:a9:90:7a:b5:60 dest=94:a9:90:7a:26:ac
[2026-09-26T19:11:09.561Z] I (499556) RouteLoomRef: RLD1 offer result state=0 expected_generation=0 observations=0 dropped=0
[2026-09-26T19:11:10.553Z] I (500547) RouteLoomRef: member state=4 links=2 ends=1 authority=1/1 confirm=1 demux_drop=2
[2026-09-26T19:11:10.553Z] I (500548) RouteLoomRef: member handshake starts=24 requests=1 rejected=0 send_fail=3 established=3 failed=2 last_error=6 active=0
[2026-09-26T19:11:10.553Z] I (500548) RouteLoomRef: member end send_fail=0 established=1 failed=0 last_error=0
[2026-09-26T19:11:10.554Z] I (500548) RouteLoomRef: authority state=2 tx_sent=11 tx_failed=0 rx_accepted=5 rx_rejected=0 pull=0 busy=0 backoff_s=0
[2026-09-26T19:11:10.554Z] I (500549) RouteLoomRef: authority mesh tx_carrier=11 queued=9 shed=7309 rx_carrier=4 denied=0 timeout=2
[2026-09-26T19:11:10.554Z] I (500549) RouteLoomRef: authority jobs accepted=20 failed=0 last=
[2026-09-26T19:11:10.554Z] I (500549) RouteLoomRef: member discovery rx=23 offer_tx=23 offer_rx=19 auth=3 kind_reject=0 capacity=0 send_fail=7
[2026-09-26T19:11:10.555Z] I (500550) RouteLoomRef: member scope raw=42 accepted=24 mac_reject=0 hint=0 generation=0 key_unavailable=0 budget=0
[2026-09-26T19:11:11.638Z] I (501633) RouteLoomRef: RLD1 rx kind=1 ch=6 generation=0 src=94:a9:90:7a:b5:60 dest=ff:ff:ff:ff:ff:ff
[2026-09-26T19:11:12.450Z] I (502445) RouteLoomRef: RLD1 rx kind=2 ch=6 generation=0 src=94:a9:90:7a:b5:60 dest=94:a9:90:7a:26:ac
[2026-09-26T19:11:12.452Z] I (502445) RouteLoomRef: RLD1 offer result state=0 expected_generation=0 observations=0 dropped=0
[2026-09-26T19:11:15.554Z] I (505548) RouteLoomRef: member state=4 links=2 ends=1 authority=1/1 confirm=1 demux_drop=2
[2026-09-26T19:11:15.554Z] I (505549) RouteLoomRef: member handshake starts=25 requests=1 rejected=0 send_fail=3 established=3 failed=2 last_error=6 active=0
[2026-09-26T19:11:15.554Z] I (505549) RouteLoomRef: member end send_fail=0 established=1 failed=0 last_error=0
[2026-09-26T19:11:15.554Z] I (505549) RouteLoomRef: authority state=2 tx_sent=11 tx_failed=0 rx_accepted=5 rx_rejected=0 pull=0 busy=0 backoff_s=0
[2026-09-26T19:11:15.555Z] I (505550) RouteLoomRef: authority mesh tx_carrier=11 queued=9 shed=7309 rx_carrier=4 denied=0 timeout=2
[2026-09-26T19:11:15.555Z] I (505550) RouteLoomRef: authority jobs accepted=20 failed=0 last=
[2026-09-26T19:11:15.555Z] I (505550) RouteLoomRef: member discovery rx=24 offer_tx=24 offer_rx=19 auth=3 kind_reject=0 capacity=0 send_fail=7
[2026-09-26T19:11:15.556Z] I (505551) RouteLoomRef: member scope raw=43 accepted=25 mac_reject=0 hint=0 generation=0 key_unavailable=0 budget=0
[2026-09-26T19:11:17.014Z] I (507009) RouteLoomRef: RLD1 rx kind=1 ch=6 generation=0 src=94:a9:90:7a:b5:60 dest=ff:ff:ff:ff:ff:ff
[2026-09-26T19:11:17.808Z] W (507803) RouteLoomRef: diagnostic reason=SEQNO_REQUEST_SENT dest=1 seq=1 att=9 peer=2 message=none
[2026-09-26T19:11:18.124Z] I (508119) RouteLoomRef: RLD1 rx kind=2 ch=6 generation=0 src=94:a9:90:7a:b5:60 dest=94:a9:90:7a:26:ac
[2026-09-26T19:11:18.125Z] I (508119) RouteLoomRef: RLD1 offer result state=0 expected_generation=0 observations=0 dropped=0
[2026-09-26T19:11:20.556Z] I (510550) RouteLoomRef: member state=4 links=2 ends=1 authority=1/1 confirm=1 demux_drop=2
[2026-09-26T19:11:20.556Z] I (510551) RouteLoomRef: member handshake starts=25 requests=1 rejected=0 send_fail=3 established=3 failed=2 last_error=6 active=0
[2026-09-26T19:11:20.556Z] I (510551) RouteLoomRef: member end send_fail=0 established=1 failed=0 last_error=0
[2026-09-26T19:11:20.557Z] I (510551) RouteLoomRef: authority state=2 tx_sent=11 tx_failed=0 rx_accepted=5 rx_rejected=0 pull=0 busy=0 backoff_s=0
[2026-09-26T19:11:20.557Z] I (510552) RouteLoomRef: authority mesh tx_carrier=11 queued=9 shed=7309 rx_carrier=4 denied=0 timeout=2
[2026-09-26T19:11:20.557Z] I (510552) RouteLoomRef: authority jobs accepted=20 failed=0 last=
[2026-09-26T19:11:20.558Z] I (510552) RouteLoomRef: member discovery rx=24 offer_tx=24 offer_rx=20 auth=3 kind_reject=0 capacity=0 send_fail=7
[2026-09-26T19:11:20.558Z] I (510552) RouteLoomRef: member scope raw=44 accepted=25 mac_reject=0 hint=0 generation=0 key_unavailable=0 budget=0
[2026-09-26T19:11:25.559Z] I (515553) RouteLoomRef: member state=4 links=2 ends=1 authority=1/1 confirm=1 demux_drop=2
[2026-09-26T19:11:25.559Z] I (515554) RouteLoomRef: member handshake starts=25 requests=1 rejected=0 send_fail=3 established=3 failed=2 last_error=6 active=0
[2026-09-26T19:11:25.559Z] I (515554) RouteLoomRef: member end send_fail=0 established=1 failed=0 last_error=0
[2026-09-26T19:11:25.562Z] I (515554) RouteLoomRef: authority state=2 tx_sent=11 tx_failed=0 rx_accepted=5 rx_rejected=0 pull=0 busy=0 backoff_s=0
[2026-09-26T19:11:25.562Z] I (515555) RouteLoomRef: authority mesh tx_carrier=11 queued=9 shed=7309 rx_carrier=4 denied=0 timeout=2
[2026-09-26T19:11:25.562Z] I (515555) RouteLoomRef: authority jobs accepted=20 failed=0 last=
[2026-09-26T19:11:25.562Z] I (515555) RouteLoomRef: member discovery rx=24 offer_tx=24 offer_rx=20 auth=3 kind_reject=0 capacity=0 send_fail=7
[2026-09-26T19:11:25.562Z] I (515556) RouteLoomRef: member scope raw=44 accepted=25 mac_reject=0 hint=0 generation=0 key_unavailable=0 budget=0
[2026-09-26T19:11:27.604Z] I (517599) RouteLoomRef: RLD1 rx kind=1 ch=6 generation=0 src=94:a9:90:7a:b5:60 dest=ff:ff:ff:ff:ff:ff
[2026-09-26T19:11:28.287Z] I (518282) RouteLoomRef: RLD1 rx kind=1 ch=6 generation=0 src=94:a9:90:7a:b5:60 dest=ff:ff:ff:ff:ff:ff
[2026-09-26T19:11:29.101Z] I (519096) RouteLoomRef: RLD1 rx kind=2 ch=6 generation=0 src=94:a9:90:7a:b5:60 dest=94:a9:90:7a:26:ac
[2026-09-26T19:11:29.102Z] I (519096) RouteLoomRef: RLD1 offer result state=0 expected_generation=0 observations=0 dropped=0
[2026-09-26T19:11:29.202Z] I (519197) RouteLoomRef: discovery event=REDISCOVERY peer=1
[2026-09-26T19:11:29.202Z] W (519197) RouteLoomRef: diagnostic reason=REDISCOVERY peer=1 message=none
[2026-09-26T19:11:29.272Z] I (519267) RouteLoomRef: RLD1 rx kind=2 ch=6 generation=0 src=94:a9:90:7a:b5:60 dest=94:a9:90:7a:26:ac
[2026-09-26T19:11:29.273Z] I (519267) RouteLoomRef: RLD1 offer result state=0 expected_generation=0 observations=0 dropped=0
[2026-09-26T19:11:29.538Z] I (519533) RouteLoomRef: RLD1 rx kind=1 ch=6 generation=0 src=94:a9:90:7a:b5:60 dest=ff:ff:ff:ff:ff:ff
[2026-09-26T19:11:30.559Z] I (520553) RouteLoomRef: member state=4 links=2 ends=1 authority=1/1 confirm=1 demux_drop=2
[2026-09-26T19:11:30.559Z] I (520554) RouteLoomRef: member handshake starts=27 requests=1 rejected=0 send_fail=3 established=3 failed=2 last_error=6 active=0
[2026-09-26T19:11:30.559Z] I (520554) RouteLoomRef: member end send_fail=0 established=1 failed=0 last_error=0
[2026-09-26T19:11:30.561Z] I (520554) RouteLoomRef: authority state=2 tx_sent=11 tx_failed=0 rx_accepted=5 rx_rejected=0 pull=0 busy=0 backoff_s=0
[2026-09-26T19:11:30.561Z] I (520555) RouteLoomRef: authority mesh tx_carrier=11 queued=9 shed=7309 rx_carrier=4 denied=0 timeout=2
[2026-09-26T19:11:30.561Z] I (520555) RouteLoomRef: authority jobs accepted=20 failed=0 last=
[2026-09-26T19:11:30.561Z] I (520555) RouteLoomRef: member discovery rx=26 offer_tx=26 offer_rx=22 auth=3 kind_reject=0 capacity=0 send_fail=7
[2026-09-26T19:11:30.561Z] I (520556) RouteLoomRef: member scope raw=48 accepted=27 mac_reject=0 hint=0 generation=0 key_unavailable=0 budget=0
[2026-09-26T19:11:31.444Z] I (521439) RouteLoomRef: RLD1 rx kind=2 ch=6 generation=0 src=94:a9:90:7a:b5:60 dest=94:a9:90:7a:26:ac
[2026-09-26T19:11:31.445Z] I (521439) RouteLoomRef: RLD1 offer result state=0 expected_generation=0 observations=0 dropped=0
[2026-09-26T19:11:31.877Z] I (521872) RouteLoomRef: RLD1 rx kind=1 ch=6 generation=0 src=94:a9:90:7a:b5:60 dest=ff:ff:ff:ff:ff:ff
[2026-09-26T19:11:35.454Z] I (525449) RouteLoomRef: RLD1 rx kind=2 ch=6 generation=0 src=94:a9:90:7a:b5:60 dest=94:a9:90:7a:26:ac
[2026-09-26T19:11:35.455Z] I (525449) RouteLoomRef: RLD1 offer result state=0 expected_generation=0 observations=0 dropped=0
[2026-09-26T19:11:35.562Z] I (525556) RouteLoomRef: member state=4 links=2 ends=1 authority=1/1 confirm=1 demux_drop=2
[2026-09-26T19:11:35.562Z] I (525557) RouteLoomRef: member handshake starts=28 requests=1 rejected=0 send_fail=3 established=3 failed=2 last_error=6 active=0
[2026-09-26T19:11:35.562Z] I (525557) RouteLoomRef: member end send_fail=0 established=1 failed=0 last_error=0
[2026-09-26T19:11:35.563Z] I (525557) RouteLoomRef: authority state=2 tx_sent=11 tx_failed=0 rx_accepted=5 rx_rejected=0 pull=0 busy=0 backoff_s=0
[2026-09-26T19:11:35.563Z] I (525558) RouteLoomRef: authority mesh tx_carrier=11 queued=9 shed=7309 rx_carrier=4 denied=0 timeout=2
[2026-09-26T19:11:35.563Z] I (525558) RouteLoomRef: authority jobs accepted=20 failed=0 last=
[2026-09-26T19:11:35.563Z] I (525558) RouteLoomRef: member discovery rx=27 offer_tx=27 offer_rx=24 auth=3 kind_reject=0 capacity=0 send_fail=7
[2026-09-26T19:11:35.564Z] I (525559) RouteLoomRef: member scope raw=51 accepted=28 mac_reject=0 hint=0 generation=0 key_unavailable=0 budget=0
[2026-09-26T19:11:36.387Z] I (526382) RouteLoomRef: RLD1 rx kind=1 ch=6 generation=0 src=94:a9:90:7a:b5:60 dest=ff:ff:ff:ff:ff:ff
[2026-09-26T19:11:40.564Z] I (530558) RouteLoomRef: member state=4 links=2 ends=1 authority=1/1 confirm=1 demux_drop=2
[2026-09-26T19:11:40.564Z] I (530559) RouteLoomRef: member handshake starts=29 requests=1 rejected=0 send_fail=3 established=3 failed=2 last_error=6 active=0
[2026-09-26T19:11:40.564Z] I (530559) RouteLoomRef: member end send_fail=0 established=1 failed=0 last_error=0
[2026-09-26T19:11:40.565Z] I (530559) RouteLoomRef: authority state=2 tx_sent=11 tx_failed=0 rx_accepted=5 rx_rejected=0 pull=0 busy=0 backoff_s=0
[2026-09-26T19:11:40.565Z] I (530560) RouteLoomRef: authority mesh tx_carrier=11 queued=9 shed=7309 rx_carrier=4 denied=0 timeout=2
[2026-09-26T19:11:40.565Z] I (530560) RouteLoomRef: authority jobs accepted=20 failed=0 last=
[2026-09-26T19:11:40.566Z] I (530560) RouteLoomRef: member discovery rx=28 offer_tx=28 offer_rx=24 auth=3 kind_reject=0 capacity=0 send_fail=7
[2026-09-26T19:11:40.566Z] I (530561) RouteLoomRef: member scope raw=52 accepted=29 mac_reject=0 hint=0 generation=0 key_unavailable=0 budget=0
[2026-09-26T19:11:43.530Z] I (533525) RouteLoomRef: RLD1 rx kind=2 ch=6 generation=0 src=94:a9:90:7a:b5:60 dest=94:a9:90:7a:26:ac
[2026-09-26T19:11:43.531Z] I (533525) RouteLoomRef: RLD1 offer result state=0 expected_generation=0 observations=0 dropped=0
[2026-09-26T19:11:45.252Z] I (535247) RouteLoomRef: RLD1 rx kind=1 ch=6 generation=0 src=94:a9:90:7a:b5:60 dest=ff:ff:ff:ff:ff:ff
[2026-09-26T19:11:45.565Z] I (535559) RouteLoomRef: member state=4 links=2 ends=1 authority=1/1 confirm=1 demux_drop=2
[2026-09-26T19:11:45.565Z] I (535560) RouteLoomRef: member handshake starts=30 requests=1 rejected=0 send_fail=3 established=3 failed=2 last_error=6 active=0
[2026-09-26T19:11:45.566Z] I (535560) RouteLoomRef: member end send_fail=0 established=1 failed=0 last_error=0
[2026-09-26T19:11:45.567Z] I (535560) RouteLoomRef: authority state=2 tx_sent=11 tx_failed=0 rx_accepted=5 rx_rejected=0 pull=0 busy=0 backoff_s=0
[2026-09-26T19:11:45.567Z] I (535561) RouteLoomRef: authority mesh tx_carrier=11 queued=9 shed=7309 rx_carrier=4 denied=0 timeout=2
[2026-09-26T19:11:45.567Z] I (535561) RouteLoomRef: authority jobs accepted=20 failed=0 last=
[2026-09-26T19:11:45.567Z] I (535561) RouteLoomRef: member discovery rx=29 offer_tx=29 offer_rx=25 auth=3 kind_reject=0 capacity=0 send_fail=8
[2026-09-26T19:11:45.567Z] I (535562) RouteLoomRef: member scope raw=54 accepted=30 mac_reject=0 hint=0 generation=0 key_unavailable=0 budget=0
[2026-09-26T19:11:50.365Z] I (540360) RouteLoom: stack hwm main 8392 B
[2026-09-26T19:11:50.366Z] I (540360) RouteLoom: HIL HEAP free=21932 largest=18432 min=20960 B
[2026-09-26T19:11:50.366Z] I (540361) RouteLoom: HIL DISCOVERY candidates=0 neighbors=2 capacity=0 auth=3 stale=1 probes=61 send_failures=8 kind_rejects=0
[2026-09-26T19:11:50.367Z] I (540361) RouteLoom: HIL ROUTE peer=1 phase=7 via=0 metric=0 generation=0 seq=0
[2026-09-26T19:11:50.367Z] I (540361) RouteLoom: HIL ROUTE peer=2 phase=5 via=2 metric=1 generation=1354 seq=3
[2026-09-26T19:11:50.367Z] I (540362) RouteLoom: HIL ROUTE peer=3 phase=-1 via=0 metric=0 generation=0 seq=0
[2026-09-26T19:11:50.567Z] I (540561) RouteLoomRef: member state=4 links=2 ends=1 authority=1/1 confirm=1 demux_drop=2
[2026-09-26T19:11:50.567Z] I (540562) RouteLoomRef: member handshake starts=30 requests=1 rejected=0 send_fail=3 established=3 failed=2 last_error=6 active=0
[2026-09-26T19:11:50.567Z] I (540562) RouteLoomRef: member end send_fail=0 established=1 failed=0 last_error=0
[2026-09-26T19:11:50.568Z] I (540562) RouteLoomRef: authority state=2 tx_sent=11 tx_failed=0 rx_accepted=5 rx_rejected=0 pull=0 busy=0 backoff_s=0
[2026-09-26T19:11:50.568Z] I (540563) RouteLoomRef: authority mesh tx_carrier=11 queued=9 shed=7309 rx_carrier=4 denied=0 timeout=2
[2026-09-26T19:11:50.569Z] I (540563) RouteLoomRef: authority jobs accepted=20 failed=0 last=
[2026-09-26T19:11:50.569Z] I (540563) RouteLoomRef: member discovery rx=29 offer_tx=29 offer_rx=25 auth=3 kind_reject=0 capacity=0 send_fail=8
[2026-09-26T19:11:50.569Z] I (540564) RouteLoomRef: member scope raw=54 accepted=30 mac_reject=0 hint=0 generation=0 key_unavailable=0 budget=0
[2026-09-26T19:11:55.570Z] I (545564) RouteLoomRef: member state=4 links=2 ends=1 authority=1/1 confirm=1 demux_drop=2
[2026-09-26T19:11:55.570Z] I (545565) RouteLoomRef: member handshake starts=30 requests=1 rejected=0 send_fail=3 established=3 failed=2 last_error=6 active=0
[2026-09-26T19:11:55.570Z] I (545565) RouteLoomRef: member end send_fail=0 established=1 failed=0 last_error=0
[2026-09-26T19:11:55.574Z] I (545565) RouteLoomRef: authority state=2 tx_sent=11 tx_failed=0 rx_accepted=5 rx_rejected=0 pull=0 busy=0 backoff_s=0
[2026-09-26T19:11:55.574Z] I (545566) RouteLoomRef: authority mesh tx_carrier=11 queued=9 shed=7309 rx_carrier=4 denied=0 timeout=2
[2026-09-26T19:11:55.574Z] I (545566) RouteLoomRef: authority jobs accepted=20 failed=0 last=
[2026-09-26T19:11:55.574Z] I (545566) RouteLoomRef: member discovery rx=29 offer_tx=29 offer_rx=25 auth=3 kind_reject=0 capacity=0 send_fail=8
[2026-09-26T19:11:55.575Z] I (545567) RouteLoomRef: member scope raw=54 accepted=30 mac_reject=0 hint=0 generation=0 key_unavailable=0 budget=0
[2026-09-26T19:11:59.264Z] I (549258) RouteLoomRef: RLD1 rx kind=2 ch=6 generation=0 src=94:a9:90:7a:b5:60 dest=94:a9:90:7a:26:ac
[2026-09-26T19:11:59.264Z] I (549258) RouteLoomRef: RLD1 offer result state=0 expected_generation=0 observations=0 dropped=0
[2026-09-26T19:12:00.571Z] I (550565) RouteLoomRef: member state=4 links=2 ends=1 authority=1/1 confirm=1 demux_drop=2
[2026-09-26T19:12:00.571Z] I (550566) RouteLoomRef: member handshake starts=30 requests=1 rejected=0 send_fail=3 established=3 failed=2 last_error=6 active=0
[2026-09-26T19:12:00.572Z] I (550566) RouteLoomRef: member end send_fail=0 established=1 failed=0 last_error=0
[2026-09-26T19:12:00.573Z] I (550566) RouteLoomRef: authority state=2 tx_sent=11 tx_failed=0 rx_accepted=5 rx_rejected=0 pull=0 busy=0 backoff_s=0
[2026-09-26T19:12:00.573Z] I (550567) RouteLoomRef: authority mesh tx_carrier=11 queued=9 shed=7309 rx_carrier=4 denied=0 timeout=2
[2026-09-26T19:12:00.573Z] I (550567) RouteLoomRef: authority jobs accepted=20 failed=0 last=
[2026-09-26T19:12:00.573Z] I (550567) RouteLoomRef: member discovery rx=29 offer_tx=29 offer_rx=26 auth=3 kind_reject=0 capacity=0 send_fail=8
[2026-09-26T19:12:00.573Z] I (550568) RouteLoomRef: member scope raw=55 accepted=30 mac_reject=0 hint=0 generation=0 key_unavailable=0 budget=0
[2026-09-26T19:12:05.574Z] I (555568) RouteLoomRef: member state=4 links=2 ends=1 authority=1/1 confirm=1 demux_drop=2
[2026-09-26T19:12:05.574Z] I (555569) RouteLoomRef: member handshake starts=30 requests=1 rejected=0 send_fail=3 established=3 failed=2 last_error=6 active=0
[2026-09-26T19:12:05.575Z] I (555569) RouteLoomRef: member end send_fail=0 established=1 failed=0 last_error=0
[2026-09-26T19:12:05.575Z] I (555569) RouteLoomRef: authority state=2 tx_sent=11 tx_failed=0 rx_accepted=5 rx_rejected=0 pull=0 busy=0 backoff_s=0
[2026-09-26T19:12:05.575Z] I (555570) RouteLoomRef: authority mesh tx_carrier=11 queued=9 shed=7309 rx_carrier=4 denied=0 timeout=2
[2026-09-26T19:12:05.575Z] I (555570) RouteLoomRef: authority jobs accepted=20 failed=0 last=
[2026-09-26T19:12:05.576Z] I (555570) RouteLoomRef: member discovery rx=29 offer_tx=29 offer_rx=26 auth=3 kind_reject=0 capacity=0 send_fail=8
[2026-09-26T19:12:05.576Z] I (555570) RouteLoomRef: member scope raw=55 accepted=30 mac_reject=0 hint=0 generation=0 key_unavailable=0 budget=0
[2026-09-26T19:12:07.012Z] I (557006) RouteLoomRef: RLD1 rx kind=1 ch=6 generation=0 src=94:a9:90:7a:b5:60 dest=ff:ff:ff:ff:ff:ff
[2026-09-26T19:12:08.557Z] I (558551) RouteLoomRef: RLD1 rx kind=1 ch=6 generation=0 src=94:a9:90:7a:b5:60 dest=ff:ff:ff:ff:ff:ff
[2026-09-26T19:12:10.577Z] I (560571) RouteLoomRef: member state=4 links=2 ends=1 authority=1/1 confirm=1 demux_drop=2
[2026-09-26T19:12:10.577Z] I (560572) RouteLoomRef: member handshake starts=32 requests=1 rejected=0 send_fail=3 established=3 failed=2 last_error=6 active=0
[2026-09-26T19:12:10.578Z] I (560572) RouteLoomRef: member end send_fail=0 established=1 failed=0 last_error=0
[2026-09-26T19:12:10.579Z] I (560572) RouteLoomRef: authority state=2 tx_sent=11 tx_failed=0 rx_accepted=5 rx_rejected=0 pull=0 busy=0 backoff_s=0
[2026-09-26T19:12:10.579Z] I (560573) RouteLoomRef: authority mesh tx_carrier=11 queued=9 shed=7309 rx_carrier=4 denied=0 timeout=2
[2026-09-26T19:12:10.579Z] I (560573) RouteLoomRef: authority jobs accepted=20 failed=0 last=
[2026-09-26T19:12:10.579Z] I (560573) RouteLoomRef: member discovery rx=31 offer_tx=31 offer_rx=26 auth=3 kind_reject=0 capacity=0 send_fail=8
[2026-09-26T19:12:10.579Z] I (560573) RouteLoomRef: member scope raw=57 accepted=32 mac_reject=0 hint=0 generation=0 key_unavailable=0 budget=0
[2026-09-26T19:12:11.094Z] I (561088) RouteLoomRef: discovery event=REDISCOVERY peer=1
[2026-09-26T19:12:11.094Z] W (561088) RouteLoomRef: diagnostic reason=REDISCOVERY peer=1 message=none
[2026-09-26T19:12:11.480Z] I (561474) RouteLoomRef: RLD1 rx kind=1 ch=6 generation=0 src=94:a9:90:7a:b5:60 dest=ff:ff:ff:ff:ff:ff
[2026-09-26T19:12:13.350Z] I (563344) RouteLoomRef: RLD1 rx kind=2 ch=6 generation=0 src=94:a9:90:7a:b5:60 dest=94:a9:90:7a:26:ac
[2026-09-26T19:12:13.350Z] I (563345) RouteLoomRef: RLD1 offer result state=0 expected_generation=0 observations=0 dropped=0
[2026-09-26T19:12:15.577Z] I (565571) RouteLoomRef: member state=4 links=2 ends=1 authority=1/1 confirm=1 demux_drop=2
[2026-09-26T19:12:15.578Z] I (565572) RouteLoomRef: member handshake starts=33 requests=1 rejected=0 send_fail=3 established=3 failed=2 last_error=6 active=0
[2026-09-26T19:12:15.578Z] I (565572) RouteLoomRef: member end send_fail=0 established=1 failed=0 last_error=0
[2026-09-26T19:12:15.578Z] I (565572) RouteLoomRef: authority state=2 tx_sent=11 tx_failed=0 rx_accepted=5 rx_rejected=0 pull=0 busy=0 backoff_s=0
[2026-09-26T19:12:15.578Z] I (565573) RouteLoomRef: authority mesh tx_carrier=11 queued=9 shed=7309 rx_carrier=4 denied=0 timeout=2
[2026-09-26T19:12:15.579Z] I (565573) RouteLoomRef: authority jobs accepted=20 failed=0 last=
[2026-09-26T19:12:15.579Z] I (565573) RouteLoomRef: member discovery rx=32 offer_tx=32 offer_rx=27 auth=3 kind_reject=0 capacity=0 send_fail=8
[2026-09-26T19:12:15.579Z] I (565573) RouteLoomRef: member scope raw=59 accepted=33 mac_reject=0 hint=0 generation=0 key_unavailable=0 budget=0
[2026-09-26T19:12:16.205Z] I (566199) RouteLoomRef: RLD1 rx kind=2 ch=6 generation=0 src=94:a9:90:7a:b5:60 dest=94:a9:90:7a:26:ac
[2026-09-26T19:12:16.205Z] I (566199) RouteLoomRef: RLD1 offer result state=0 expected_generation=0 observations=0 dropped=0
[2026-09-26T19:12:17.171Z] I (567165) RouteLoomRef: RLD1 rx kind=1 ch=6 generation=0 src=94:a9:90:7a:b5:60 dest=ff:ff:ff:ff:ff:ff
[2026-09-26T19:12:20.579Z] I (570573) RouteLoomRef: member state=4 links=2 ends=1 authority=1/1 confirm=1 demux_drop=2
[2026-09-26T19:12:20.580Z] I (570574) RouteLoomRef: member handshake starts=34 requests=1 rejected=0 send_fail=3 established=3 failed=2 last_error=6 active=0
[2026-09-26T19:12:20.580Z] I (570574) RouteLoomRef: member end send_fail=0 established=1 failed=0 last_error=0
[2026-09-26T19:12:20.580Z] I (570574) RouteLoomRef: authority state=2 tx_sent=11 tx_failed=0 rx_accepted=5 rx_rejected=0 pull=0 busy=0 backoff_s=0
[2026-09-26T19:12:20.581Z] I (570575) RouteLoomRef: authority mesh tx_carrier=11 queued=9 shed=7309 rx_carrier=4 denied=0 timeout=2
[2026-09-26T19:12:20.581Z] I (570575) RouteLoomRef: authority jobs accepted=20 failed=0 last=
[2026-09-26T19:12:20.581Z] I (570575) RouteLoomRef: member discovery rx=33 offer_tx=33 offer_rx=28 auth=3 kind_reject=0 capacity=0 send_fail=8
[2026-09-26T19:12:20.581Z] I (570576) RouteLoomRef: member scope raw=61 accepted=34 mac_reject=0 hint=0 generation=0 key_unavailable=0 budget=0
[2026-09-26T19:12:22.021Z] I (572015) RouteLoomRef: RLD1 rx kind=2 ch=6 generation=0 src=94:a9:90:7a:b5:60 dest=94:a9:90:7a:26:ac
[2026-09-26T19:12:22.021Z] I (572015) RouteLoomRef: RLD1 offer result state=0 expected_generation=0 observations=0 dropped=0
[2026-09-26T19:12:25.582Z] I (575575) RouteLoomRef: member state=4 links=2 ends=1 authority=1/1 confirm=1 demux_drop=2
[2026-09-26T19:12:25.582Z] I (575576) RouteLoomRef: member handshake starts=34 requests=1 rejected=0 send_fail=3 established=3 failed=2 last_error=6 active=0
[2026-09-26T19:12:25.582Z] I (575576) RouteLoomRef: member end send_fail=0 established=1 failed=0 last_error=0
[2026-09-26T19:12:25.582Z] I (575576) RouteLoomRef: authority state=2 tx_sent=11 tx_failed=0 rx_accepted=5 rx_rejected=0 pull=0 busy=0 backoff_s=0
[2026-09-26T19:12:25.583Z] I (575577) RouteLoomRef: authority mesh tx_carrier=11 queued=9 shed=7309 rx_carrier=4 denied=0 timeout=2
[2026-09-26T19:12:25.583Z] I (575577) RouteLoomRef: authority jobs accepted=20 failed=0 last=
[2026-09-26T19:12:25.583Z] I (575577) RouteLoomRef: member discovery rx=33 offer_tx=33 offer_rx=29 auth=3 kind_reject=0 capacity=0 send_fail=8
[2026-09-26T19:12:25.585Z] I (575578) RouteLoomRef: member scope raw=62 accepted=34 mac_reject=0 hint=0 generation=0 key_unavailable=0 budget=0
[2026-09-26T19:12:28.383Z] I (578377) RouteLoomRef: RLD1 rx kind=1 ch=6 generation=0 src=94:a9:90:7a:b5:60 dest=ff:ff:ff:ff:ff:ff
[2026-09-26T19:12:30.583Z] I (580577) RouteLoomRef: member state=4 links=2 ends=1 authority=1/1 confirm=1 demux_drop=2
[2026-09-26T19:12:30.585Z] I (580578) RouteLoomRef: member handshake starts=35 requests=1 rejected=0 send_fail=3 established=3 failed=2 last_error=6 active=0
[2026-09-26T19:12:30.585Z] I (580578) RouteLoomRef: member end send_fail=0 established=1 failed=0 last_error=0
[2026-09-26T19:12:30.585Z] I (580578) RouteLoomRef: authority state=2 tx_sent=11 tx_failed=0 rx_accepted=5 rx_rejected=0 pull=0 busy=0 backoff_s=0
[2026-09-26T19:12:30.585Z] I (580579) RouteLoomRef: authority mesh tx_carrier=11 queued=9 shed=7309 rx_carrier=4 denied=0 timeout=2
[2026-09-26T19:12:30.585Z] I (580579) RouteLoomRef: authority jobs accepted=20 failed=0 last=
[2026-09-26T19:12:30.585Z] I (580579) RouteLoomRef: member discovery rx=34 offer_tx=34 offer_rx=29 auth=3 kind_reject=0 capacity=0 send_fail=8
[2026-09-26T19:12:30.586Z] I (580580) RouteLoomRef: member scope raw=63 accepted=35 mac_reject=0 hint=0 generation=0 key_unavailable=0 budget=0
[2026-09-26T19:12:33.235Z] I (583229) RouteLoomRef: RLD1 rx kind=2 ch=6 generation=0 src=94:a9:90:7a:b5:60 dest=94:a9:90:7a:26:ac
[2026-09-26T19:12:33.235Z] I (583229) RouteLoomRef: RLD1 offer result state=0 expected_generation=0 observations=0 dropped=0
[2026-09-26T19:12:35.586Z] I (585580) RouteLoomRef: member state=4 links=2 ends=1 authority=1/1 confirm=1 demux_drop=2
[2026-09-26T19:12:35.587Z] I (585581) RouteLoomRef: member handshake starts=35 requests=1 rejected=0 send_fail=3 established=3 failed=2 last_error=6 active=0
[2026-09-26T19:12:35.587Z] I (585581) RouteLoomRef: member end send_fail=0 established=1 failed=0 last_error=0
[2026-09-26T19:12:35.587Z] I (585581) RouteLoomRef: authority state=2 tx_sent=11 tx_failed=0 rx_accepted=5 rx_rejected=0 pull=0 busy=0 backoff_s=0
[2026-09-26T19:12:35.588Z] I (585582) RouteLoomRef: authority mesh tx_carrier=11 queued=9 shed=7309 rx_carrier=4 denied=0 timeout=2
[2026-09-26T19:12:35.588Z] I (585582) RouteLoomRef: authority jobs accepted=20 failed=0 last=
[2026-09-26T19:12:35.588Z] I (585582) RouteLoomRef: member discovery rx=34 offer_tx=34 offer_rx=30 auth=3 kind_reject=0 capacity=0 send_fail=8
[2026-09-26T19:12:35.589Z] I (585583) RouteLoomRef: member scope raw=64 accepted=35 mac_reject=0 hint=0 generation=0 key_unavailable=0 budget=0
[2026-09-26T19:12:40.587Z] I (590580) RouteLoomRef: member state=4 links=2 ends=1 authority=1/1 confirm=1 demux_drop=2
[2026-09-26T19:12:40.587Z] I (590581) RouteLoomRef: member handshake starts=35 requests=1 rejected=0 send_fail=3 established=3 failed=2 last_error=6 active=0
[2026-09-26T19:12:40.587Z] I (590581) RouteLoomRef: member end send_fail=0 established=1 failed=0 last_error=0
[2026-09-26T19:12:40.587Z] I (590581) RouteLoomRef: authority state=2 tx_sent=11 tx_failed=0 rx_accepted=5 rx_rejected=0 pull=0 busy=0 backoff_s=0
[2026-09-26T19:12:40.588Z] I (590582) RouteLoomRef: authority mesh tx_carrier=11 queued=9 shed=7309 rx_carrier=4 denied=0 timeout=2
[2026-09-26T19:12:40.588Z] I (590582) RouteLoomRef: authority jobs accepted=20 failed=0 last=
[2026-09-26T19:12:40.588Z] I (590582) RouteLoomRef: member discovery rx=34 offer_tx=34 offer_rx=30 auth=3 kind_reject=0 capacity=0 send_fail=8
[2026-09-26T19:12:40.589Z] I (590583) RouteLoomRef: member scope raw=64 accepted=35 mac_reject=0 hint=0 generation=0 key_unavailable=0 budget=0
[2026-09-26T19:12:45.590Z] I (595583) RouteLoomRef: member state=4 links=2 ends=1 authority=1/1 confirm=1 demux_drop=2
[2026-09-26T19:12:45.590Z] I (595584) RouteLoomRef: member handshake starts=35 requests=1 rejected=0 send_fail=3 established=3 failed=2 last_error=6 active=0
[2026-09-26T19:12:45.590Z] I (595584) RouteLoomRef: member end send_fail=0 established=1 failed=0 last_error=0
[2026-09-26T19:12:45.590Z] I (595584) RouteLoomRef: authority state=2 tx_sent=11 tx_failed=0 rx_accepted=5 rx_rejected=0 pull=0 busy=0 backoff_s=0
[2026-09-26T19:12:45.591Z] I (595585) RouteLoomRef: authority mesh tx_carrier=11 queued=9 shed=7309 rx_carrier=4 denied=0 timeout=2
[2026-09-26T19:12:45.591Z] I (595585) RouteLoomRef: authority jobs accepted=20 failed=0 last=
[2026-09-26T19:12:45.592Z] I (595585) RouteLoomRef: member discovery rx=34 offer_tx=34 offer_rx=30 auth=3 kind_reject=0 capacity=0 send_fail=8
[2026-09-26T19:12:45.592Z] I (595586) RouteLoomRef: member scope raw=64 accepted=35 mac_reject=0 hint=0 generation=0 key_unavailable=0 budget=0
[2026-09-26T19:12:50.366Z] I (600360) RouteLoom: stack hwm main 8392 B
[2026-09-26T19:12:50.366Z] I (600360) RouteLoom: HIL HEAP free=21932 largest=18432 min=20960 B
[2026-09-26T19:12:50.367Z] I (600361) RouteLoom: HIL DISCOVERY candidates=0 neighbors=2 capacity=0 auth=3 stale=1 probes=65 send_failures=8 kind_rejects=0
[2026-09-26T19:12:50.368Z] I (600361) RouteLoom: HIL ROUTE peer=1 phase=7 via=0 metric=0 generation=0 seq=0
[2026-09-26T19:12:50.368Z] I (600361) RouteLoom: HIL ROUTE peer=2 phase=5 via=2 metric=1 generation=1354 seq=3
[2026-09-26T19:12:50.368Z] I (600362) RouteLoom: HIL ROUTE peer=3 phase=-1 via=0 metric=0 generation=0 seq=0
[2026-09-26T19:12:50.591Z] I (600585) RouteLoomRef: member state=4 links=2 ends=1 authority=1/1 confirm=1 demux_drop=2
[2026-09-26T19:12:50.592Z] I (600586) RouteLoomRef: member handshake starts=35 requests=1 rejected=0 send_fail=3 established=3 failed=2 last_error=6 active=0
[2026-09-26T19:12:50.592Z] I (600586) RouteLoomRef: member end send_fail=0 established=1 failed=0 last_error=0
[2026-09-26T19:12:50.593Z] I (600586) RouteLoomRef: authority state=2 tx_sent=11 tx_failed=0 rx_accepted=5 rx_rejected=0 pull=0 busy=0 backoff_s=0
[2026-09-26T19:12:50.593Z] I (600587) RouteLoomRef: authority mesh tx_carrier=11 queued=9 shed=7309 rx_carrier=4 denied=0 timeout=2
[2026-09-26T19:12:50.593Z] I (600587) RouteLoomRef: authority jobs accepted=20 failed=0 last=
[2026-09-26T19:12:50.594Z] I (600587) RouteLoomRef: member discovery rx=34 offer_tx=34 offer_rx=30 auth=3 kind_reject=0 capacity=0 send_fail=8
[2026-09-26T19:12:50.594Z] I (600588) RouteLoomRef: member scope raw=64 accepted=35 mac_reject=0 hint=0 generation=0 key_unavailable=0 budget=0
[2026-09-26T19:12:55.591Z] I (605585) RouteLoomRef: member state=4 links=2 ends=1 authority=1/1 confirm=1 demux_drop=2
[2026-09-26T19:12:55.592Z] I (605586) RouteLoomRef: member handshake starts=35 requests=1 rejected=0 send_fail=3 established=3 failed=2 last_error=6 active=0
[2026-09-26T19:12:55.593Z] I (605586) RouteLoomRef: member end send_fail=0 established=1 failed=0 last_error=0
[2026-09-26T19:12:55.593Z] I (605586) RouteLoomRef: authority state=2 tx_sent=11 tx_failed=0 rx_accepted=5 rx_rejected=0 pull=0 busy=0 backoff_s=0
[2026-09-26T19:12:55.593Z] I (605587) RouteLoomRef: authority mesh tx_carrier=11 queued=9 shed=7309 rx_carrier=4 denied=0 timeout=2
[2026-09-26T19:12:55.593Z] I (605587) RouteLoomRef: authority jobs accepted=20 failed=0 last=
[2026-09-26T19:12:55.593Z] I (605587) RouteLoomRef: member discovery rx=34 offer_tx=34 offer_rx=30 auth=3 kind_reject=0 capacity=0 send_fail=8
[2026-09-26T19:12:55.597Z] I (605588) RouteLoomRef: member scope raw=64 accepted=35 mac_reject=0 hint=0 generation=0 key_unavailable=0 budget=0
[2026-09-26T19:13:00.595Z] I (610588) RouteLoomRef: member state=4 links=2 ends=1 authority=1/1 confirm=1 demux_drop=2
[2026-09-26T19:13:00.595Z] I (610589) RouteLoomRef: member handshake starts=35 requests=1 rejected=0 send_fail=3 established=3 failed=2 last_error=6 active=0
[2026-09-26T19:13:00.595Z] I (610589) RouteLoomRef: member end send_fail=0 established=1 failed=0 last_error=0
[2026-09-26T19:13:00.596Z] I (610589) RouteLoomRef: authority state=2 tx_sent=11 tx_failed=0 rx_accepted=5 rx_rejected=0 pull=0 busy=0 backoff_s=0
[2026-09-26T19:13:00.596Z] I (610590) RouteLoomRef: authority mesh tx_carrier=11 queued=9 shed=7309 rx_carrier=4 denied=0 timeout=2
[2026-09-26T19:13:00.596Z] I (610590) RouteLoomRef: authority jobs accepted=20 failed=0 last=
[2026-09-26T19:13:00.596Z] I (610590) RouteLoomRef: member discovery rx=34 offer_tx=34 offer_rx=30 auth=3 kind_reject=0 capacity=0 send_fail=8
[2026-09-26T19:13:00.597Z] I (610590) RouteLoomRef: member scope raw=64 accepted=35 mac_reject=0 hint=0 generation=0 key_unavailable=0 budget=0
[2026-09-26T19:13:01.632Z] !! capture closed
