Checking "python3" ...
Python 3.12.3
"python3" has been detected
Activating ESP-IDF 6.0
Setting IDF_PATH to '/opt/esp/idf'.
* Checking python version ... 3.12.3
* Checking python dependencies ... OK
* Deactivating the current ESP-IDF environment (if any) ... OK
* Establishing a new ESP-IDF environment ... OK
* Identifying shell ... bash
* Detecting outdated tools in system ... OK - no outdated tools found
* Shell completion ... Autocompletion code generated

Done! You can now compile ESP-IDF projects.
Go to the project directory and run:

  idf.py build
Activating ESP-IDF 6.0
Setting IDF_PATH to '/opt/esp/idf'.
* Checking python version ... 3.12.3
* Checking python dependencies ... OK
* Deactivating the current ESP-IDF environment (if any) ... OK
* Establishing a new ESP-IDF environment ... OK
* Identifying shell ... bash
* Detecting outdated tools in system ... OK - no outdated tools found
* Shell completion ... Autocompletion code generated
Adding "set-target"'s dependency "fullclean" to list of commands with default set of options.
Executing action: fullclean
Build directory '/src/firmware/bridge_node/build' not found. Nothing to clean.
Executing action: set-target
Set Target to: esp32c3, new sdkconfig will be created.
Running cmake in directory /src/firmware/bridge_node/build
Executing "cmake -G Ninja -B /src/firmware/bridge_node/build -DPYTHON_DEPS_CHECKED=1 -DPYTHON=/opt/esp/python_env/idf6.0_py3.12_env/bin/python -DESP_PLATFORM=1 -DIDF_TARGET=esp32c3 -DCCACHE_ENABLE=True /src/firmware/bridge_node"...
-- Found Git: /usr/bin/git (found version "2.43.0")
-- Minimal build - OFF
-- ccache will be used for faster recompilation
-- The C compiler identification is GNU 15.2.0
-- The CXX compiler identification is GNU 15.2.0
-- The ASM compiler identification is GNU
-- Found assembler: /opt/esp/tools/riscv32-esp-elf/esp-15.2.0_20251204/riscv32-esp-elf/bin/riscv32-esp-elf-gcc
-- Detecting C compiler ABI info
-- Detecting C compiler ABI info - done
-- Check for working C compiler: /opt/esp/tools/riscv32-esp-elf/esp-15.2.0_20251204/riscv32-esp-elf/bin/riscv32-esp-elf-gcc - skipped
-- Detecting C compile features
-- Detecting C compile features - done
-- Detecting CXX compiler ABI info
-- Detecting CXX compiler ABI info - done
-- Check for working CXX compiler: /opt/esp/tools/riscv32-esp-elf/esp-15.2.0_20251204/riscv32-esp-elf/bin/riscv32-esp-elf-g++ - skipped
-- Detecting CXX compile features
-- Detecting CXX compile features - done
-- git rev-parse returned 'fatal: not a git repository (or any parent up to mount point /)
Stopping at filesystem boundary (GIT_DISCOVERY_ACROSS_FILESYSTEM not set).'
-- Could not use 'git describe' to determine PROJECT_VER.
-- Building ESP-IDF components for target esp32c3
NOTE: Dependencies lock doesn't exist, solving dependencies.
NOTE: Using component placed at /src/components/routeloom for dependency 
"routeloom/routeloom" (introduced by component "routeloom_espnow")
NOTE: Using component placed at /src/components/routeloom for dependency 
"routeloom/routeloom" (introduced by component "routeloom_espnow")
.NOTE: Using component placed at /src/components/routeloom for dependency 
"routeloom/routeloom", specified in 
/src/components/routeloom_espnow/idf_component.yml
.NOTE: Updating lock file at /src/firmware/bridge_node/dependencies.lock
NOTE: Processing 1 dependencies:
NOTE: [1/1] idf (6.0.3)
-- KCONFIG_REPORT_VERBOSITY not set, using default
-- Project sdkconfig file /src/firmware/bridge_node/sdkconfig
NOTE: /opt/esp/idf/components/bt/host/nimble/Kconfig.in:1453: BT_NIMBLE_MESH_PROVISIONER: 'default 0' is not a valid bool value (only 'y' and 'n' are allowed). Value is treated as 'n'.
NOTE: /opt/esp/idf/components/fatfs/Kconfig:230: FATFS_PRINT_LLI: 'default 0' is not a valid bool value (only 'y' and 'n' are allowed). Value is treated as 'n'.
NOTE: /opt/esp/idf/components/fatfs/Kconfig:235: FATFS_PRINT_FLOAT: 'default 0' is not a valid bool value (only 'y' and 'n' are allowed). Value is treated as 'n'.
NOTE: /opt/esp/idf/components/bt/sdkconfig.rename.esp32c3:4: duplicate rename mapping for CONFIG_BT_NIMBLE_COEX_PHY_CODED_TX_RX_TLIM_EN: previous target CONFIG_BT_LE_COEX_PHY_CODED_TX_RX_TLIM_EN, new target CONFIG_BT_CTRL_COEX_PHY_CODED_TX_RX_TLIM_EN - last mapping is used
NOTE: /opt/esp/idf/components/bt/sdkconfig.rename.esp32c3:5: duplicate rename mapping for CONFIG_BT_NIMBLE_COEX_PHY_CODED_TX_RX_TLIM_DIS: previous target CONFIG_BT_LE_COEX_PHY_CODED_TX_RX_TLIM_DIS, new target CONFIG_BT_CTRL_COEX_PHY_CODED_TX_RX_TLIM_DIS - last mapping is used
Loading defaults file /src/firmware/bridge_node/sdkconfig.defaults...
Loading defaults file /src/firmware/bridge_node/sdkconfig.defaults.esp32c3...
NOTE: Kconfig parser version: 1
NOTE: Kconfig defaults policy: use sdkconfig
NOTE: Status: Finished successfully
-- Detecting C compiler ABI info
-- Detecting C compiler ABI info - done
-- Detecting CXX compiler ABI info
-- Detecting CXX compiler ABI info - done
-- Detecting C compiler ABI info
-- Detecting C compiler ABI info - done
-- Detecting CXX compiler ABI info
-- Detecting CXX compiler ABI info - done
-- Detecting C compiler ABI info
-- Detecting C compiler ABI info - done
-- Detecting CXX compiler ABI info
-- Detecting CXX compiler ABI info - done
-- Adding linker script /opt/esp/idf/components/riscv/ld/rom.api.ld
-- App "routeloom_bridge_node" version: 1
-- Found Python3: /opt/esp/python_env/idf6.0_py3.12_env/bin/python (found version "3.12.3") found components: Interpreter
-- Performing Test C_COMPILER_SUPPORTS_WFORMAT_SIGNEDNESS
-- Performing Test C_COMPILER_SUPPORTS_WFORMAT_SIGNEDNESS - Success
-- Setting up mbedtls configuration
-- Linkage type is PUBLIC
-- Adding linker script /opt/esp/idf/components/esp_system/ld/esp32c3/memory.ld.in
--   -> Preprocessing .in script: /opt/esp/idf/components/esp_system/ld/esp32c3/memory.ld.in
-- Adding linker script /opt/esp/idf/components/esp_system/ld/esp32c3/sections.ld.in
--   -> Preprocessing .in script: /opt/esp/idf/components/esp_system/ld/esp32c3/sections.ld.in
--   -> Applying ldgen processing: /src/firmware/bridge_node/build/esp-idf/esp_system/ld/sections.ld.in
-- Adding linker script /opt/esp/idf/components/esp_rom/esp32c3/ld/esp32c3.rom.ld
-- Adding linker script /opt/esp/idf/components/esp_rom/esp32c3/ld/esp32c3.rom.api.ld
-- Adding linker script /opt/esp/idf/components/esp_rom/esp32c3/ld/esp32c3.rom.bt_funcs.ld
-- Adding linker script /opt/esp/idf/components/esp_rom/esp32c3/ld/esp32c3.rom.libgcc.ld
-- Adding linker script /opt/esp/idf/components/esp_rom/esp32c3/ld/esp32c3.rom.version.ld
-- Adding linker script /opt/esp/idf/components/esp_rom/esp32c3/ld/esp32c3.rom.ble_master.ld
-- Adding linker script /opt/esp/idf/components/esp_rom/esp32c3/ld/esp32c3.rom.ble_50.ld
-- Adding linker script /opt/esp/idf/components/esp_rom/esp32c3/ld/esp32c3.rom.ble_smp.ld
-- Adding linker script /opt/esp/idf/components/esp_rom/esp32c3/ld/esp32c3.rom.ble_dtm.ld
-- Adding linker script /opt/esp/idf/components/esp_rom/esp32c3/ld/esp32c3.rom.ble_test.ld
-- Adding linker script /opt/esp/idf/components/esp_rom/esp32c3/ld/esp32c3.rom.ble_scan.ld
-- Adding linker script /opt/esp/idf/components/esp_rom/esp32c3/ld/esp32c3.rom.eco3.ld
-- Adding linker script /opt/esp/idf/components/esp_rom/esp32c3/ld/esp32c3.rom.eco3_bt_funcs.ld
-- Adding linker script /opt/esp/idf/components/esp_rom/esp32c3/ld/esp32c3.rom.libc.ld
-- Adding linker script /opt/esp/idf/components/soc/esp32c3/ld/esp32c3.peripherals.ld
fatal: detected dubious ownership in repository at '/opt/esp/idf/components/openthread/openthread'
To add an exception for this directory, call:

	git config --global --add safe.directory /opt/esp/idf/components/openthread/openthread
-- Component idf::esp_trace will be linked with -Wl,--whole-archive
-- Components: app_trace app_update bootloader bootloader_support bt cmock console cxx driver efuse esp-tls esp_adc esp_app_format esp_blockdev esp_blockdev_util esp_bootloader_format esp_coex esp_common esp_driver_ana_cmpr esp_driver_bitscrambler esp_driver_cam esp_driver_dac esp_driver_dma esp_driver_gpio esp_driver_gptimer esp_driver_i2c esp_driver_i2s esp_driver_i3c esp_driver_isp esp_driver_jpeg esp_driver_ledc esp_driver_mcpwm esp_driver_parlio esp_driver_pcnt esp_driver_ppa esp_driver_rmt esp_driver_sd_intf esp_driver_sdio esp_driver_sdm esp_driver_sdmmc esp_driver_sdspi esp_driver_spi esp_driver_touch_sens esp_driver_tsens esp_driver_twai esp_driver_uart esp_driver_usb_serial_jtag esp_eth esp_event esp_gdbstub esp_hal_ana_cmpr esp_hal_ana_conv esp_hal_cam esp_hal_clock esp_hal_dma esp_hal_gpio esp_hal_gpspi esp_hal_i2c esp_hal_i2s esp_hal_ieee802154 esp_hal_jpeg esp_hal_lcd esp_hal_ledc esp_hal_mcpwm esp_hal_mspi esp_hal_parlio esp_hal_pcnt esp_hal_pmu esp_hal_ppa esp_hal_rmt esp_hal_rtc_timer esp_hal_sd esp_hal_security esp_hal_timg esp_hal_touch_sens esp_hal_twai esp_hal_uart esp_hal_usb esp_hal_wdt esp_hid esp_http_client esp_http_server esp_https_ota esp_https_server esp_hw_support esp_lcd esp_libc esp_local_ctrl esp_mm esp_netif esp_netif_stack esp_partition esp_phy esp_pm esp_psram esp_ringbuf esp_rom esp_security esp_stdio esp_system esp_timer esp_trace esp_usb_cdc_rom_console esp_wifi espcoredump esptool_py fatfs freertos hal heap http_parser idf_test ieee802154 log lwip main mbedtls nvs_flash nvs_sec_provider openthread partition_table protobuf-c protocomm pthread riscv routeloom routeloom_espnow rt sdmmc soc spi_flash spiffs tcp_transport ulp unity vfs wear_levelling wpa_supplicant
-- Component paths: /opt/esp/idf/components/app_trace /opt/esp/idf/components/app_update /opt/esp/idf/components/bootloader /opt/esp/idf/components/bootloader_support /opt/esp/idf/components/bt /opt/esp/idf/components/cmock /opt/esp/idf/components/console /opt/esp/idf/components/cxx /opt/esp/idf/components/driver /opt/esp/idf/components/efuse /opt/esp/idf/components/esp-tls /opt/esp/idf/components/esp_adc /opt/esp/idf/components/esp_app_format /opt/esp/idf/components/esp_blockdev /opt/esp/idf/components/esp_blockdev_util /opt/esp/idf/components/esp_bootloader_format /opt/esp/idf/components/esp_coex /opt/esp/idf/components/esp_common /opt/esp/idf/components/esp_driver_ana_cmpr /opt/esp/idf/components/esp_driver_bitscrambler /opt/esp/idf/components/esp_driver_cam /opt/esp/idf/components/esp_driver_dac /opt/esp/idf/components/esp_driver_dma /opt/esp/idf/components/esp_driver_gpio /opt/esp/idf/components/esp_driver_gptimer /opt/esp/idf/components/esp_driver_i2c /opt/esp/idf/components/esp_driver_i2s /opt/esp/idf/components/esp_driver_i3c /opt/esp/idf/components/esp_driver_isp /opt/esp/idf/components/esp_driver_jpeg /opt/esp/idf/components/esp_driver_ledc /opt/esp/idf/components/esp_driver_mcpwm /opt/esp/idf/components/esp_driver_parlio /opt/esp/idf/components/esp_driver_pcnt /opt/esp/idf/components/esp_driver_ppa /opt/esp/idf/components/esp_driver_rmt /opt/esp/idf/components/esp_driver_sd_intf /opt/esp/idf/components/esp_driver_sdio /opt/esp/idf/components/esp_driver_sdm /opt/esp/idf/components/esp_driver_sdmmc /opt/esp/idf/components/esp_driver_sdspi /opt/esp/idf/components/esp_driver_spi /opt/esp/idf/components/esp_driver_touch_sens /opt/esp/idf/components/esp_driver_tsens /opt/esp/idf/components/esp_driver_twai /opt/esp/idf/components/esp_driver_uart /opt/esp/idf/components/esp_driver_usb_serial_jtag /opt/esp/idf/components/esp_eth /opt/esp/idf/components/esp_event /opt/esp/idf/components/esp_gdbstub /opt/esp/idf/components/esp_hal_ana_cmpr /opt/esp/idf/components/esp_hal_ana_conv /opt/esp/idf/components/esp_hal_cam /opt/esp/idf/components/esp_hal_clock /opt/esp/idf/components/esp_hal_dma /opt/esp/idf/components/esp_hal_gpio /opt/esp/idf/components/esp_hal_gpspi /opt/esp/idf/components/esp_hal_i2c /opt/esp/idf/components/esp_hal_i2s /opt/esp/idf/components/esp_hal_ieee802154 /opt/esp/idf/components/esp_hal_jpeg /opt/esp/idf/components/esp_hal_lcd /opt/esp/idf/components/esp_hal_ledc /opt/esp/idf/components/esp_hal_mcpwm /opt/esp/idf/components/esp_hal_mspi /opt/esp/idf/components/esp_hal_parlio /opt/esp/idf/components/esp_hal_pcnt /opt/esp/idf/components/esp_hal_pmu /opt/esp/idf/components/esp_hal_ppa /opt/esp/idf/components/esp_hal_rmt /opt/esp/idf/components/esp_hal_rtc_timer /opt/esp/idf/components/esp_hal_sd /opt/esp/idf/components/esp_hal_security /opt/esp/idf/components/esp_hal_timg /opt/esp/idf/components/esp_hal_touch_sens /opt/esp/idf/components/esp_hal_twai /opt/esp/idf/components/esp_hal_uart /opt/esp/idf/components/esp_hal_usb /opt/esp/idf/components/esp_hal_wdt /opt/esp/idf/components/esp_hid /opt/esp/idf/components/esp_http_client /opt/esp/idf/components/esp_http_server /opt/esp/idf/components/esp_https_ota /opt/esp/idf/components/esp_https_server /opt/esp/idf/components/esp_hw_support /opt/esp/idf/components/esp_lcd /opt/esp/idf/components/esp_libc /opt/esp/idf/components/esp_local_ctrl /opt/esp/idf/components/esp_mm /opt/esp/idf/components/esp_netif /opt/esp/idf/components/esp_netif_stack /opt/esp/idf/components/esp_partition /opt/esp/idf/components/esp_phy /opt/esp/idf/components/esp_pm /opt/esp/idf/components/esp_psram /opt/esp/idf/components/esp_ringbuf /opt/esp/idf/components/esp_rom /opt/esp/idf/components/esp_security /opt/esp/idf/components/esp_stdio /opt/esp/idf/components/esp_system /opt/esp/idf/components/esp_timer /opt/esp/idf/components/esp_trace /opt/esp/idf/components/esp_usb_cdc_rom_console /opt/esp/idf/components/esp_wifi /opt/esp/idf/components/espcoredump /opt/esp/idf/components/esptool_py /opt/esp/idf/components/fatfs /opt/esp/idf/components/freertos /opt/esp/idf/components/hal /opt/esp/idf/components/heap /opt/esp/idf/components/http_parser /opt/esp/idf/components/idf_test /opt/esp/idf/components/ieee802154 /opt/esp/idf/components/log /opt/esp/idf/components/lwip /src/firmware/bridge_node/main /opt/esp/idf/components/mbedtls /opt/esp/idf/components/nvs_flash /opt/esp/idf/components/nvs_sec_provider /opt/esp/idf/components/openthread /opt/esp/idf/components/partition_table /opt/esp/idf/components/protobuf-c /opt/esp/idf/components/protocomm /opt/esp/idf/components/pthread /opt/esp/idf/components/riscv /src/components/routeloom /src/components/routeloom_espnow /opt/esp/idf/components/rt /opt/esp/idf/components/sdmmc /opt/esp/idf/components/soc /opt/esp/idf/components/spi_flash /opt/esp/idf/components/spiffs /opt/esp/idf/components/tcp_transport /opt/esp/idf/components/ulp /opt/esp/idf/components/unity /opt/esp/idf/components/vfs /opt/esp/idf/components/wear_levelling /opt/esp/idf/components/wpa_supplicant
-- Configuring done (6.1s)
-- Generating done (0.4s)
-- Build files have been written to: /src/firmware/bridge_node/build
Executing action: all (aliases: build)
Running ninja in directory /src/firmware/bridge_node/build
Executing "ninja all"...
[0/1] Re-running CMake...
-- Minimal build - OFF
-- ccache will be used for faster recompilation
-- git rev-parse returned 'fatal: not a git repository (or any parent up to mount point /)
Stopping at filesystem boundary (GIT_DISCOVERY_ACROSS_FILESYSTEM not set).'
-- Could not use 'git describe' to determine PROJECT_VER.
-- Building ESP-IDF components for target esp32c3
NOTE: Using component placed at /src/components/routeloom for dependency 
"routeloom/routeloom" (introduced by component "routeloom_espnow")
NOTE: Using component placed at /src/components/routeloom for dependency 
"routeloom/routeloom", specified in 
/src/components/routeloom_espnow/idf_component.yml
NOTE: Processing 1 dependencies:
NOTE: [1/1] idf (6.0.3)
-- KCONFIG_REPORT_VERBOSITY not set, using default
-- Project sdkconfig file /src/firmware/bridge_node/sdkconfig
NOTE: /opt/esp/idf/components/bt/host/nimble/Kconfig.in:1453: BT_NIMBLE_MESH_PROVISIONER: 'default 0' is not a valid bool value (only 'y' and 'n' are allowed). Value is treated as 'n'.
NOTE: /opt/esp/idf/components/fatfs/Kconfig:230: FATFS_PRINT_LLI: 'default 0' is not a valid bool value (only 'y' and 'n' are allowed). Value is treated as 'n'.
NOTE: /opt/esp/idf/components/fatfs/Kconfig:235: FATFS_PRINT_FLOAT: 'default 0' is not a valid bool value (only 'y' and 'n' are allowed). Value is treated as 'n'.
NOTE: /opt/esp/idf/components/bt/sdkconfig.rename.esp32c3:4: duplicate rename mapping for CONFIG_BT_NIMBLE_COEX_PHY_CODED_TX_RX_TLIM_EN: previous target CONFIG_BT_LE_COEX_PHY_CODED_TX_RX_TLIM_EN, new target CONFIG_BT_CTRL_COEX_PHY_CODED_TX_RX_TLIM_EN - last mapping is used
NOTE: /opt/esp/idf/components/bt/sdkconfig.rename.esp32c3:5: duplicate rename mapping for CONFIG_BT_NIMBLE_COEX_PHY_CODED_TX_RX_TLIM_DIS: previous target CONFIG_BT_LE_COEX_PHY_CODED_TX_RX_TLIM_DIS, new target CONFIG_BT_CTRL_COEX_PHY_CODED_TX_RX_TLIM_DIS - last mapping is used
Loading defaults file /src/firmware/bridge_node/sdkconfig.defaults...
Loading defaults file /src/firmware/bridge_node/sdkconfig.defaults.esp32c3...
NOTE: /opt/esp/idf/components/esp_stdio/Kconfig:2: Choice ESP_CONSOLE_UART has multiple active selections. The last one will be used: ESP_CONSOLE_USB_SERIAL_JTAG.
NOTE: Kconfig parser version: 1
NOTE: Kconfig defaults policy: use sdkconfig
NOTE: Status: Finished with notifications
NOTE: /src/components/routeloom/Kconfig:28: ROUTELOOM_SECURITY_MODE assigned multiple times: ROUTELOOM_SECURITY_MODE_DEV_RAM (default), ROUTELOOM_SECURITY_MODE_MEMBER_EDHOC (user-set) -> using ROUTELOOM_SECURITY_MODE_MEMBER_EDHOC
NOTE: /src/components/routeloom/Kconfig:3: ROUTELOOM_DEDUP_PROFILE assigned multiple times: ROUTELOOM_DEDUP_PROFILE_RELAY (default), ROUTELOOM_DEDUP_PROFILE_LEAF (user-set) -> using ROUTELOOM_DEDUP_PROFILE_LEAF
HINT: Under normal circumstances, there should be only one (or none) assignment per config option. Multiple assignments mean somebody manually altered the sdkconfig file. If you edited the sdkconfig file intentionally, this area can be ignored.
-- Detecting C compiler ABI info
-- Detecting C compiler ABI info - done
-- Detecting CXX compiler ABI info
-- Detecting CXX compiler ABI info - done
-- Detecting C compiler ABI info
-- Detecting C compiler ABI info - done
-- Detecting CXX compiler ABI info
-- Detecting CXX compiler ABI info - done
-- Detecting C compiler ABI info
-- Detecting C compiler ABI info - done
-- Detecting CXX compiler ABI info
-- Detecting CXX compiler ABI info - done
-- Adding linker script /opt/esp/idf/components/riscv/ld/rom.api.ld
-- App "routeloom_bridge_node" version: 1
-- Setting up mbedtls configuration
-- Linkage type is PUBLIC
-- Adding linker script /opt/esp/idf/components/esp_system/ld/esp32c3/memory.ld.in
--   -> Preprocessing .in script: /opt/esp/idf/components/esp_system/ld/esp32c3/memory.ld.in
-- Adding linker script /opt/esp/idf/components/esp_system/ld/esp32c3/sections.ld.in
--   -> Preprocessing .in script: /opt/esp/idf/components/esp_system/ld/esp32c3/sections.ld.in
--   -> Applying ldgen processing: /src/firmware/bridge_node/build/esp-idf/esp_system/ld/sections.ld.in
-- Adding linker script /opt/esp/idf/components/esp_rom/esp32c3/ld/esp32c3.rom.ld
-- Adding linker script /opt/esp/idf/components/esp_rom/esp32c3/ld/esp32c3.rom.api.ld
-- Adding linker script /opt/esp/idf/components/esp_rom/esp32c3/ld/esp32c3.rom.bt_funcs.ld
-- Adding linker script /opt/esp/idf/components/esp_rom/esp32c3/ld/esp32c3.rom.libgcc.ld
-- Adding linker script /opt/esp/idf/components/esp_rom/esp32c3/ld/esp32c3.rom.version.ld
-- Adding linker script /opt/esp/idf/components/esp_rom/esp32c3/ld/esp32c3.rom.ble_master.ld
-- Adding linker script /opt/esp/idf/components/esp_rom/esp32c3/ld/esp32c3.rom.ble_50.ld
-- Adding linker script /opt/esp/idf/components/esp_rom/esp32c3/ld/esp32c3.rom.ble_smp.ld
-- Adding linker script /opt/esp/idf/components/esp_rom/esp32c3/ld/esp32c3.rom.ble_dtm.ld
-- Adding linker script /opt/esp/idf/components/esp_rom/esp32c3/ld/esp32c3.rom.ble_test.ld
-- Adding linker script /opt/esp/idf/components/esp_rom/esp32c3/ld/esp32c3.rom.ble_scan.ld
-- Adding linker script /opt/esp/idf/components/esp_rom/esp32c3/ld/esp32c3.rom.eco3.ld
-- Adding linker script /opt/esp/idf/components/esp_rom/esp32c3/ld/esp32c3.rom.eco3_bt_funcs.ld
-- Adding linker script /opt/esp/idf/components/esp_rom/esp32c3/ld/esp32c3.rom.libc.ld
-- Adding linker script /opt/esp/idf/components/soc/esp32c3/ld/esp32c3.peripherals.ld
fatal: detected dubious ownership in repository at '/opt/esp/idf/components/openthread/openthread'
To add an exception for this directory, call:

	git config --global --add safe.directory /opt/esp/idf/components/openthread/openthread
-- Component idf::esp_trace will be linked with -Wl,--whole-archive
-- Components: app_trace app_update bootloader bootloader_support bt cmock console cxx driver efuse esp-tls esp_adc esp_app_format esp_blockdev esp_blockdev_util esp_bootloader_format esp_coex esp_common esp_driver_ana_cmpr esp_driver_bitscrambler esp_driver_cam esp_driver_dac esp_driver_dma esp_driver_gpio esp_driver_gptimer esp_driver_i2c esp_driver_i2s esp_driver_i3c esp_driver_isp esp_driver_jpeg esp_driver_ledc esp_driver_mcpwm esp_driver_parlio esp_driver_pcnt esp_driver_ppa esp_driver_rmt esp_driver_sd_intf esp_driver_sdio esp_driver_sdm esp_driver_sdmmc esp_driver_sdspi esp_driver_spi esp_driver_touch_sens esp_driver_tsens esp_driver_twai esp_driver_uart esp_driver_usb_serial_jtag esp_eth esp_event esp_gdbstub esp_hal_ana_cmpr esp_hal_ana_conv esp_hal_cam esp_hal_clock esp_hal_dma esp_hal_gpio esp_hal_gpspi esp_hal_i2c esp_hal_i2s esp_hal_ieee802154 esp_hal_jpeg esp_hal_lcd esp_hal_ledc esp_hal_mcpwm esp_hal_mspi esp_hal_parlio esp_hal_pcnt esp_hal_pmu esp_hal_ppa esp_hal_rmt esp_hal_rtc_timer esp_hal_sd esp_hal_security esp_hal_timg esp_hal_touch_sens esp_hal_twai esp_hal_uart esp_hal_usb esp_hal_wdt esp_hid esp_http_client esp_http_server esp_https_ota esp_https_server esp_hw_support esp_lcd esp_libc esp_local_ctrl esp_mm esp_netif esp_netif_stack esp_partition esp_phy esp_pm esp_psram esp_ringbuf esp_rom esp_security esp_stdio esp_system esp_timer esp_trace esp_usb_cdc_rom_console esp_wifi espcoredump esptool_py fatfs freertos hal heap http_parser idf_test ieee802154 log lwip main mbedtls nvs_flash nvs_sec_provider openthread partition_table protobuf-c protocomm pthread riscv routeloom routeloom_espnow rt sdmmc soc spi_flash spiffs tcp_transport ulp unity vfs wear_levelling wpa_supplicant
-- Component paths: /opt/esp/idf/components/app_trace /opt/esp/idf/components/app_update /opt/esp/idf/components/bootloader /opt/esp/idf/components/bootloader_support /opt/esp/idf/components/bt /opt/esp/idf/components/cmock /opt/esp/idf/components/console /opt/esp/idf/components/cxx /opt/esp/idf/components/driver /opt/esp/idf/components/efuse /opt/esp/idf/components/esp-tls /opt/esp/idf/components/esp_adc /opt/esp/idf/components/esp_app_format /opt/esp/idf/components/esp_blockdev /opt/esp/idf/components/esp_blockdev_util /opt/esp/idf/components/esp_bootloader_format /opt/esp/idf/components/esp_coex /opt/esp/idf/components/esp_common /opt/esp/idf/components/esp_driver_ana_cmpr /opt/esp/idf/components/esp_driver_bitscrambler /opt/esp/idf/components/esp_driver_cam /opt/esp/idf/components/esp_driver_dac /opt/esp/idf/components/esp_driver_dma /opt/esp/idf/components/esp_driver_gpio /opt/esp/idf/components/esp_driver_gptimer /opt/esp/idf/components/esp_driver_i2c /opt/esp/idf/components/esp_driver_i2s /opt/esp/idf/components/esp_driver_i3c /opt/esp/idf/components/esp_driver_isp /opt/esp/idf/components/esp_driver_jpeg /opt/esp/idf/components/esp_driver_ledc /opt/esp/idf/components/esp_driver_mcpwm /opt/esp/idf/components/esp_driver_parlio /opt/esp/idf/components/esp_driver_pcnt /opt/esp/idf/components/esp_driver_ppa /opt/esp/idf/components/esp_driver_rmt /opt/esp/idf/components/esp_driver_sd_intf /opt/esp/idf/components/esp_driver_sdio /opt/esp/idf/components/esp_driver_sdm /opt/esp/idf/components/esp_driver_sdmmc /opt/esp/idf/components/esp_driver_sdspi /opt/esp/idf/components/esp_driver_spi /opt/esp/idf/components/esp_driver_touch_sens /opt/esp/idf/components/esp_driver_tsens /opt/esp/idf/components/esp_driver_twai /opt/esp/idf/components/esp_driver_uart /opt/esp/idf/components/esp_driver_usb_serial_jtag /opt/esp/idf/components/esp_eth /opt/esp/idf/components/esp_event /opt/esp/idf/components/esp_gdbstub /opt/esp/idf/components/esp_hal_ana_cmpr /opt/esp/idf/components/esp_hal_ana_conv /opt/esp/idf/components/esp_hal_cam /opt/esp/idf/components/esp_hal_clock /opt/esp/idf/components/esp_hal_dma /opt/esp/idf/components/esp_hal_gpio /opt/esp/idf/components/esp_hal_gpspi /opt/esp/idf/components/esp_hal_i2c /opt/esp/idf/components/esp_hal_i2s /opt/esp/idf/components/esp_hal_ieee802154 /opt/esp/idf/components/esp_hal_jpeg /opt/esp/idf/components/esp_hal_lcd /opt/esp/idf/components/esp_hal_ledc /opt/esp/idf/components/esp_hal_mcpwm /opt/esp/idf/components/esp_hal_mspi /opt/esp/idf/components/esp_hal_parlio /opt/esp/idf/components/esp_hal_pcnt /opt/esp/idf/components/esp_hal_pmu /opt/esp/idf/components/esp_hal_ppa /opt/esp/idf/components/esp_hal_rmt /opt/esp/idf/components/esp_hal_rtc_timer /opt/esp/idf/components/esp_hal_sd /opt/esp/idf/components/esp_hal_security /opt/esp/idf/components/esp_hal_timg /opt/esp/idf/components/esp_hal_touch_sens /opt/esp/idf/components/esp_hal_twai /opt/esp/idf/components/esp_hal_uart /opt/esp/idf/components/esp_hal_usb /opt/esp/idf/components/esp_hal_wdt /opt/esp/idf/components/esp_hid /opt/esp/idf/components/esp_http_client /opt/esp/idf/components/esp_http_server /opt/esp/idf/components/esp_https_ota /opt/esp/idf/components/esp_https_server /opt/esp/idf/components/esp_hw_support /opt/esp/idf/components/esp_lcd /opt/esp/idf/components/esp_libc /opt/esp/idf/components/esp_local_ctrl /opt/esp/idf/components/esp_mm /opt/esp/idf/components/esp_netif /opt/esp/idf/components/esp_netif_stack /opt/esp/idf/components/esp_partition /opt/esp/idf/components/esp_phy /opt/esp/idf/components/esp_pm /opt/esp/idf/components/esp_psram /opt/esp/idf/components/esp_ringbuf /opt/esp/idf/components/esp_rom /opt/esp/idf/components/esp_security /opt/esp/idf/components/esp_stdio /opt/esp/idf/components/esp_system /opt/esp/idf/components/esp_timer /opt/esp/idf/components/esp_trace /opt/esp/idf/components/esp_usb_cdc_rom_console /opt/esp/idf/components/esp_wifi /opt/esp/idf/components/espcoredump /opt/esp/idf/components/esptool_py /opt/esp/idf/components/fatfs /opt/esp/idf/components/freertos /opt/esp/idf/components/hal /opt/esp/idf/components/heap /opt/esp/idf/components/http_parser /opt/esp/idf/components/idf_test /opt/esp/idf/components/ieee802154 /opt/esp/idf/components/log /opt/esp/idf/components/lwip /src/firmware/bridge_node/main /opt/esp/idf/components/mbedtls /opt/esp/idf/components/nvs_flash /opt/esp/idf/components/nvs_sec_provider /opt/esp/idf/components/openthread /opt/esp/idf/components/partition_table /opt/esp/idf/components/protobuf-c /opt/esp/idf/components/protocomm /opt/esp/idf/components/pthread /opt/esp/idf/components/riscv /src/components/routeloom /src/components/routeloom_espnow /opt/esp/idf/components/rt /opt/esp/idf/components/sdmmc /opt/esp/idf/components/soc /opt/esp/idf/components/spi_flash /opt/esp/idf/components/spiffs /opt/esp/idf/components/tcp_transport /opt/esp/idf/components/ulp /opt/esp/idf/components/unity /opt/esp/idf/components/vfs /opt/esp/idf/components/wear_levelling /opt/esp/idf/components/wpa_supplicant
-- Configuring done (5.7s)
-- Generating done (0.3s)
-- Build files have been written to: /src/firmware/bridge_node/build
[1/1161] Generating project_elf_src_esp32c3.c
[2/1161] Preprocessing linker script /opt/esp/idf/components/esp_system/ld/esp32c3/sections.ld.in -> /src/firmware/bridge_node/build/esp-idf/esp_system/ld/sections.ld.in
[3/1161] Preprocessing linker script /opt/esp/idf/components/esp_system/ld/esp32c3/memory.ld.in -> /src/firmware/bridge_node/build/esp-idf/esp_system/ld/memory.ld
[4/1161] Building C object esp-idf/mbedtls/mbedtls/tf-psa-crypto/drivers/everest/CMakeFiles/everest.dir/library/x25519.c.obj
[5/1161] Building C object esp-idf/mbedtls/mbedtls/tf-psa-crypto/drivers/builtin/CMakeFiles/builtin.dir/src/bignum_mod.c.obj
[6/1161] Building C object esp-idf/mbedtls/mbedtls/tf-psa-crypto/drivers/builtin/CMakeFiles/builtin.dir/src/chachapoly.c.obj
[7/1161] Building C object esp-idf/mbedtls/mbedtls/tf-psa-crypto/drivers/builtin/CMakeFiles/builtin.dir/src/bignum_mod_raw.c.obj
[8/1161] Building C object esp-idf/mbedtls/mbedtls/tf-psa-crypto/drivers/builtin/CMakeFiles/builtin.dir/src/chacha20.c.obj
[9/1161] Building C object esp-idf/mbedtls/mbedtls/tf-psa-crypto/drivers/builtin/CMakeFiles/builtin.dir/src/block_cipher.c.obj
[10/1161] Building C object esp-idf/mbedtls/mbedtls/tf-psa-crypto/drivers/builtin/CMakeFiles/builtin.dir/src/ecjpake.c.obj
[11/1161] Building C object esp-idf/mbedtls/mbedtls/tf-psa-crypto/drivers/builtin/CMakeFiles/builtin.dir/src/aria.c.obj
[12/1161] Building C object esp-idf/mbedtls/mbedtls/tf-psa-crypto/drivers/everest/CMakeFiles/everest.dir/library/Hacl_Curve25519_joined.c.obj
[13/1161] Building C object esp-idf/mbedtls/mbedtls/tf-psa-crypto/drivers/builtin/CMakeFiles/builtin.dir/src/chacha20_neon.c.obj
[14/1161] Building C object esp-idf/mbedtls/mbedtls/tf-psa-crypto/drivers/builtin/CMakeFiles/builtin.dir/src/aesce.c.obj
[15/1161] Generating ../../partition_table/partition-table.bin
Partition table binary generated. Contents:
*******************************************************************************
# ESP-IDF Partition Table
# Name, Type, SubType, Offset, Size, Flags
nvs,data,nvs,0x9000,24K,
phy_init,data,phy,0xf000,4K,
factory,app,factory,0x10000,1536K,
rlsec,data,nvs,0x190000,128K,
*******************************************************************************
[16/1161] Building C object esp-idf/mbedtls/mbedtls/tf-psa-crypto/drivers/builtin/CMakeFiles/builtin.dir/src/aesni.c.obj
[17/1161] Building C object esp-idf/mbedtls/mbedtls/tf-psa-crypto/drivers/builtin/CMakeFiles/builtin.dir/src/ecp_curves_new.c.obj
[18/1161] Creating directories for 'bootloader'
[19/1161] Building C object esp-idf/mbedtls/mbedtls/tf-psa-crypto/drivers/p256-m/CMakeFiles/p256-m.dir/p256-m_driver_entrypoints.c.obj
[20/1161] No download step for 'bootloader'
[21/1161] Building C object esp-idf/mbedtls/mbedtls/tf-psa-crypto/drivers/p256-m/CMakeFiles/p256-m.dir/p256-m/p256-m.c.obj
[22/1161] No update step for 'bootloader'
[23/1161] Building C object esp-idf/mbedtls/mbedtls/tf-psa-crypto/drivers/builtin/CMakeFiles/builtin.dir/src/camellia.c.obj
[24/1161] Building C object esp-idf/mbedtls/mbedtls/tf-psa-crypto/drivers/builtin/CMakeFiles/builtin.dir/src/entropy_poll.c.obj
[25/1161] No patch step for 'bootloader'
[26/1161] Building C object esp-idf/mbedtls/mbedtls/tf-psa-crypto/drivers/builtin/CMakeFiles/builtin.dir/src/poly1305.c.obj
[27/1161] Building C object esp-idf/mbedtls/mbedtls/tf-psa-crypto/drivers/builtin/CMakeFiles/builtin.dir/src/md5.c.obj
[28/1161] Building C object esp-idf/mbedtls/mbedtls/tf-psa-crypto/drivers/builtin/CMakeFiles/builtin.dir/src/entropy.c.obj
[29/1161] Building C object esp-idf/mbedtls/mbedtls/tf-psa-crypto/drivers/builtin/CMakeFiles/builtin.dir/src/cipher_wrap.c.obj
[30/1161] Building C object esp-idf/mbedtls/mbedtls/tf-psa-crypto/drivers/builtin/CMakeFiles/builtin.dir/src/ripemd160.c.obj
[31/1161] Building C object esp-idf/mbedtls/mbedtls/tf-psa-crypto/drivers/builtin/CMakeFiles/builtin.dir/src/ccm.c.obj
[32/1161] Building C object esp-idf/mbedtls/mbedtls/tf-psa-crypto/drivers/builtin/CMakeFiles/builtin.dir/src/psa_crypto_xof.c.obj
[33/1161] Building C object esp-idf/mbedtls/mbedtls/tf-psa-crypto/drivers/builtin/CMakeFiles/builtin.dir/src/sha1.c.obj
[34/1161] Building C object esp-idf/mbedtls/mbedtls/tf-psa-crypto/drivers/builtin/CMakeFiles/builtin.dir/src/psa_util_internal.c.obj
[35/1161] Building C object esp-idf/mbedtls/mbedtls/tf-psa-crypto/drivers/builtin/CMakeFiles/builtin.dir/src/ctr_drbg.c.obj
[36/1161] Building C object esp-idf/mbedtls/mbedtls/tf-psa-crypto/drivers/builtin/CMakeFiles/builtin.dir/src/psa_crypto_hash.c.obj
[37/1161] Building C object esp-idf/mbedtls/mbedtls/tf-psa-crypto/drivers/builtin/CMakeFiles/builtin.dir/src/psa_crypto_pake.c.obj
[38/1161] Building C object esp-idf/mbedtls/mbedtls/tf-psa-crypto/drivers/builtin/CMakeFiles/builtin.dir/src/hmac_drbg.c.obj
[39/1161] Building C object esp-idf/mbedtls/mbedtls/tf-psa-crypto/drivers/builtin/CMakeFiles/builtin.dir/src/ecdsa.c.obj
[40/1161] Building C object esp-idf/mbedtls/mbedtls/tf-psa-crypto/drivers/builtin/CMakeFiles/builtin.dir/src/psa_crypto_aead.c.obj
[41/1161] Building C object esp-idf/mbedtls/mbedtls/tf-psa-crypto/drivers/builtin/CMakeFiles/builtin.dir/src/cmac.c.obj
[42/1161] Building C object esp-idf/mbedtls/mbedtls/tf-psa-crypto/drivers/builtin/CMakeFiles/builtin.dir/src/psa_crypto_ffdh.c.obj
[43/1161] Building C object esp-idf/mbedtls/mbedtls/tf-psa-crypto/drivers/builtin/CMakeFiles/builtin.dir/src/rsa_alt_helpers.c.obj
[44/1161] Building C object esp-idf/mbedtls/mbedtls/tf-psa-crypto/drivers/builtin/CMakeFiles/builtin.dir/src/psa_crypto_mac.c.obj
[45/1161] Building C object esp-idf/mbedtls/mbedtls/tf-psa-crypto/drivers/pqcp/CMakeFiles/pqcp.dir/src/psa_crypto_mldsa.c.obj
[46/1161] Building C object esp-idf/mbedtls/mbedtls/tf-psa-crypto/drivers/pqcp/CMakeFiles/pqcp.dir/src/wrap_mldsa_native.c.obj
[47/1161] Building C object esp-idf/mbedtls/mbedtls/tf-psa-crypto/extras/CMakeFiles/extras.dir/nist_kw.c.obj
[48/1161] Building C object esp-idf/mbedtls/mbedtls/tf-psa-crypto/drivers/builtin/CMakeFiles/builtin.dir/src/psa_crypto_ecp.c.obj
[49/1161] Building C object esp-idf/mbedtls/mbedtls/tf-psa-crypto/extras/CMakeFiles/extras.dir/lms.c.obj
[50/1161] Building C object esp-idf/mbedtls/mbedtls/tf-psa-crypto/drivers/builtin/CMakeFiles/builtin.dir/src/cipher.c.obj
[51/1161] Building C object esp-idf/mbedtls/mbedtls/tf-psa-crypto/drivers/builtin/CMakeFiles/builtin.dir/src/bignum_core.c.obj
[52/1161] Building C object esp-idf/mbedtls/mbedtls/tf-psa-crypto/extras/CMakeFiles/extras.dir/lmots.c.obj
[53/1161] Building C object esp-idf/mbedtls/mbedtls/tf-psa-crypto/drivers/builtin/CMakeFiles/builtin.dir/src/ecp_curves.c.obj
[54/1161] Building C object esp-idf/mbedtls/mbedtls/tf-psa-crypto/drivers/builtin/CMakeFiles/builtin.dir/src/psa_crypto_rsa.c.obj
[55/1161] Building C object esp-idf/mbedtls/mbedtls/tf-psa-crypto/platform/CMakeFiles/platform.dir/memory_buffer_alloc.c.obj
[56/1161] Building C object esp-idf/mbedtls/mbedtls/tf-psa-crypto/drivers/builtin/CMakeFiles/builtin.dir/src/psa_crypto_cipher.c.obj
[57/1161] Building C object esp-idf/mbedtls/mbedtls/tf-psa-crypto/drivers/builtin/CMakeFiles/builtin.dir/src/gcm.c.obj
[58/1161] Building C object esp-idf/mbedtls/mbedtls/tf-psa-crypto/extras/CMakeFiles/extras.dir/pk_ecc.c.obj
[59/1161] Building C object esp-idf/mbedtls/mbedtls/tf-psa-crypto/platform/CMakeFiles/platform.dir/platform.c.obj
[60/1161] Building C object esp-idf/mbedtls/mbedtls/tf-psa-crypto/platform/CMakeFiles/platform.dir/platform_util.c.obj
[61/1161] Building C object esp-idf/mbedtls/mbedtls/tf-psa-crypto/extras/CMakeFiles/extras.dir/pk_rsa.c.obj
[62/1161] Building C object esp-idf/mbedtls/mbedtls/tf-psa-crypto/platform/CMakeFiles/platform.dir/threading.c.obj
[63/1161] Building C object esp-idf/mbedtls/mbedtls/tf-psa-crypto/drivers/builtin/CMakeFiles/builtin.dir/src/sha3.c.obj
[64/1161] Building C object esp-idf/mbedtls/mbedtls/tf-psa-crypto/drivers/builtin/CMakeFiles/builtin.dir/src/sha512.c.obj
[65/1161] Building C object esp-idf/mbedtls/mbedtls/tf-psa-crypto/drivers/builtin/CMakeFiles/builtin.dir/src/aes.c.obj
[66/1161] Building C object esp-idf/mbedtls/mbedtls/tf-psa-crypto/extras/CMakeFiles/extras.dir/pk_wrap.c.obj
[67/1161] Building C object esp-idf/mbedtls/mbedtls/tf-psa-crypto/core/CMakeFiles/tfpsacrypto.dir/psa_crypto_random.c.obj
[68/1161] Building C object esp-idf/mbedtls/mbedtls/tf-psa-crypto/core/CMakeFiles/tfpsacrypto.dir/psa_its_file.c.obj
[69/1161] Building C object esp-idf/mbedtls/mbedtls/tf-psa-crypto/utilities/CMakeFiles/utilities.dir/constant_time.c.obj
[70/1161] Building C object esp-idf/mbedtls/mbedtls/tf-psa-crypto/drivers/builtin/CMakeFiles/builtin.dir/src/sha256.c.obj
[71/1161] Building C object esp-idf/mbedtls/mbedtls/tf-psa-crypto/utilities/CMakeFiles/utilities.dir/oid.c.obj
[72/1161] Building C object esp-idf/mbedtls/mbedtls/tf-psa-crypto/core/CMakeFiles/tfpsacrypto.dir/psa_crypto_client.c.obj
[73/1161] Building C object esp-idf/mbedtls/mbedtls/tf-psa-crypto/utilities/CMakeFiles/utilities.dir/asn1write.c.obj
[74/1161] Building C object esp-idf/mbedtls/mbedtls/tf-psa-crypto/extras/CMakeFiles/extras.dir/md.c.obj
[75/1161] Building C object esp-idf/mbedtls/mbedtls/tf-psa-crypto/utilities/CMakeFiles/utilities.dir/base64.c.obj
[76/1161] Building C object esp-idf/mbedtls/mbedtls/tf-psa-crypto/utilities/CMakeFiles/utilities.dir/asn1parse.c.obj
[77/1161] Building C object esp-idf/mbedtls/mbedtls/tf-psa-crypto/core/CMakeFiles/tfpsacrypto.dir/tf_psa_crypto_version.c.obj
[78/1161] Building C object esp-idf/mbedtls/mbedtls/tf-psa-crypto/utilities/CMakeFiles/utilities.dir/pem.c.obj
[79/1161] Building C object esp-idf/mbedtls/mbedtls/tf-psa-crypto/extras/CMakeFiles/extras.dir/pkwrite.c.obj
[80/1161] Building C object esp-idf/mbedtls/mbedtls/tf-psa-crypto/core/CMakeFiles/tfpsacrypto.dir/opt/esp/idf/components/mbedtls/port/sha/core/esp_sha_gdma_impl.c.obj
[81/1161] Building C object esp-idf/mbedtls/mbedtls/tf-psa-crypto/utilities/CMakeFiles/utilities.dir/pkcs5.c.obj
[82/1161] Building C object esp-idf/mbedtls/mbedtls/tf-psa-crypto/core/CMakeFiles/tfpsacrypto.dir/opt/esp/idf/components/mbedtls/port/aes/dma/esp_aes_gdma_impl.c.obj
[83/1161] Building C object esp-idf/mbedtls/mbedtls/tf-psa-crypto/core/CMakeFiles/tfpsacrypto.dir/tf_psa_crypto_config.c.obj
[84/1161] Building C object esp-idf/mbedtls/mbedtls/tf-psa-crypto/core/CMakeFiles/tfpsacrypto.dir/psa_crypto_storage.c.obj
[85/1161] Building C object esp-idf/mbedtls/mbedtls/tf-psa-crypto/extras/CMakeFiles/extras.dir/pkparse.c.obj
[86/1161] Building C object esp-idf/mbedtls/mbedtls/tf-psa-crypto/drivers/builtin/CMakeFiles/builtin.dir/src/bignum.c.obj
[87/1161] Building C object esp-idf/mbedtls/mbedtls/tf-psa-crypto/core/CMakeFiles/tfpsacrypto.dir/opt/esp/idf/components/mbedtls/port/aes/esp_aes_xts.c.obj
[88/1161] Building C object esp-idf/mbedtls/mbedtls/tf-psa-crypto/core/CMakeFiles/tfpsacrypto.dir/psa_crypto_driver_wrappers_no_static.c.obj
[89/1161] Building C object esp-idf/mbedtls/mbedtls/tf-psa-crypto/core/CMakeFiles/tfpsacrypto.dir/psa_util.c.obj
[90/1161] Building C object esp-idf/mbedtls/mbedtls/tf-psa-crypto/core/CMakeFiles/tfpsacrypto.dir/opt/esp/idf/components/mbedtls/port/esp_hardware.c.obj
[91/1161] Building C object esp-idf/mbedtls/mbedtls/tf-psa-crypto/core/CMakeFiles/tfpsacrypto.dir/opt/esp/idf/components/mbedtls/port/psa_crypto_storage/esp_psa_its.c.obj
[92/1161] Building C object esp-idf/mbedtls/mbedtls/tf-psa-crypto/core/CMakeFiles/tfpsacrypto.dir/opt/esp/idf/components/mbedtls/port/crypto_shared_gdma/esp_crypto_shared_gdma.c.obj
[93/1161] Building C object esp-idf/mbedtls/mbedtls/tf-psa-crypto/core/CMakeFiles/tfpsacrypto.dir/opt/esp/idf/components/mbedtls/port/aes/esp_aes_common.c.obj
[94/1161] Building C object esp-idf/mbedtls/mbedtls/tf-psa-crypto/core/CMakeFiles/tfpsacrypto.dir/opt/esp/idf/components/mbedtls/port/psa_driver/esp_sha/core/psa_crypto_driver_esp_sha512.c.obj
[95/1161] Building C object esp-idf/mbedtls/mbedtls/tf-psa-crypto/core/CMakeFiles/tfpsacrypto.dir/psa_crypto_slot_management.c.obj
[96/1161] Building C object esp-idf/mbedtls/mbedtls/tf-psa-crypto/drivers/builtin/CMakeFiles/builtin.dir/src/rsa.c.obj
[97/1161] Building C object esp-idf/mbedtls/mbedtls/tf-psa-crypto/drivers/builtin/CMakeFiles/builtin.dir/src/ecp.c.obj
[98/1161] Building C object esp-idf/mbedtls/mbedtls/tf-psa-crypto/core/CMakeFiles/tfpsacrypto.dir/opt/esp/idf/components/mbedtls/port/sha/esp_sha.c.obj
[99/1161] Building C object esp-idf/mbedtls/mbedtls/tf-psa-crypto/core/CMakeFiles/tfpsacrypto.dir/opt/esp/idf/components/mbedtls/port/psa_driver/esp_sha/psa_crypto_driver_esp_sha.c.obj
[100/1161] Building C object esp-idf/mbedtls/mbedtls/tf-psa-crypto/extras/CMakeFiles/extras.dir/pk.c.obj
[101/1161] Building C object esp-idf/mbedtls/mbedtls/tf-psa-crypto/core/CMakeFiles/tfpsacrypto.dir/opt/esp/idf/components/mbedtls/port/psa_driver/esp_md/psa_crypto_driver_esp_md5.c.obj
[102/1161] Building C object esp-idf/mbedtls/mbedtls/tf-psa-crypto/core/CMakeFiles/tfpsacrypto.dir/opt/esp/idf/components/mbedtls/port/psa_driver/esp_sha/core/psa_crypto_driver_esp_sha256.c.obj
[103/1161] Building C object esp-idf/mbedtls/mbedtls/tf-psa-crypto/core/CMakeFiles/tfpsacrypto.dir/opt/esp/idf/components/mbedtls/port/aes/esp_aes.c.obj
[104/1161] Building C object esp-idf/mbedtls/mbedtls/tf-psa-crypto/core/CMakeFiles/tfpsacrypto.dir/opt/esp/idf/components/mbedtls/port/aes/dma/esp_aes_dma_core.c.obj
[105/1161] Building C object esp-idf/mbedtls/mbedtls/tf-psa-crypto/core/CMakeFiles/tfpsacrypto.dir/opt/esp/idf/components/mbedtls/port/bignum/bignum_alt.c.obj
[106/1161] Building C object esp-idf/mbedtls/mbedtls/library/CMakeFiles/mbedx509.dir/mbedtls_config.c.obj
[107/1161] Building C object esp-idf/mbedtls/mbedtls/tf-psa-crypto/core/CMakeFiles/tfpsacrypto.dir/opt/esp/idf/components/mbedtls/port/esp_hmac_pbkdf2.c.obj
[108/1161] Building C object esp-idf/mbedtls/mbedtls/tf-psa-crypto/core/CMakeFiles/tfpsacrypto.dir/opt/esp/idf/components/mbedtls/port/psa_driver/esp_sha/core/psa_crypto_driver_esp_sha1.c.obj
[109/1161] Building C object esp-idf/mbedtls/mbedtls/tf-psa-crypto/core/CMakeFiles/tfpsacrypto.dir/opt/esp/idf/components/mbedtls/port/sha/core/sha.c.obj
[110/1161] Building C object esp-idf/mbedtls/mbedtls/tf-psa-crypto/core/CMakeFiles/tfpsacrypto.dir/opt/esp/idf/components/mbedtls/port/psa_driver/esp_mac/psa_crypto_driver_esp_hmac_opaque.c.obj
[111/1161] Building C object esp-idf/mbedtls/mbedtls/tf-psa-crypto/core/CMakeFiles/tfpsacrypto.dir/opt/esp/idf/components/mbedtls/port/psa_driver/esp_rsa_ds/psa_crypto_driver_esp_rsa_ds_utilities.c.obj
[112/1161] Building C object esp-idf/mbedtls/mbedtls/tf-psa-crypto/core/CMakeFiles/tfpsacrypto.dir/opt/esp/idf/components/mbedtls/port/psa_driver/esp_mac/psa_crypto_driver_esp_hmac_transparent.c.obj
[113/1161] Building C object esp-idf/mbedtls/mbedtls/library/CMakeFiles/mbedx509.dir/x509_create.c.obj
[114/1161] Building C object esp-idf/mbedtls/mbedtls/tf-psa-crypto/core/CMakeFiles/tfpsacrypto.dir/opt/esp/idf/components/mbedtls/port/aes/esp_aes_gcm.c.obj
[115/1161] Building C object esp-idf/mbedtls/mbedtls/tf-psa-crypto/core/CMakeFiles/tfpsacrypto.dir/opt/esp/idf/components/mbedtls/port/psa_driver/esp_aes/psa_crypto_driver_esp_aes_gcm.c.obj
[116/1161] Building C object esp-idf/mbedtls/mbedtls/tf-psa-crypto/core/CMakeFiles/tfpsacrypto.dir/opt/esp/idf/components/mbedtls/port/psa_driver/esp_mac/psa_crypto_driver_esp_cmac.c.obj
[117/1161] Building C object esp-idf/mbedtls/mbedtls/tf-psa-crypto/core/CMakeFiles/tfpsacrypto.dir/opt/esp/idf/components/mbedtls/port/bignum/esp_bignum.c.obj
[118/1161] Building C object esp-idf/mbedtls/mbedtls/library/CMakeFiles/mbedx509.dir/x509write_crt.c.obj
[119/1161] Building C object esp-idf/mbedtls/mbedtls/library/CMakeFiles/mbedx509.dir/x509write_csr.c.obj
[120/1161] Building C object esp-idf/mbedtls/mbedtls/library/CMakeFiles/mbedx509.dir/x509write.c.obj
[121/1161] Building C object esp-idf/mbedtls/mbedtls/library/CMakeFiles/mbedtls.dir/debug.c.obj
[122/1161] Building C object esp-idf/mbedtls/mbedtls/library/CMakeFiles/mbedx509.dir/pkcs7.c.obj
[123/1161] Building C object esp-idf/mbedtls/mbedtls/library/CMakeFiles/mbedtls.dir/mps_reader.c.obj
[124/1161] Building C object esp-idf/mbedtls/mbedtls/library/CMakeFiles/mbedtls.dir/mps_trace.c.obj
[125/1161] Building C object esp-idf/mbedtls/mbedtls/tf-psa-crypto/core/CMakeFiles/tfpsacrypto.dir/opt/esp/idf/components/mbedtls/port/psa_driver/esp_rsa_ds/psa_crypto_driver_esp_rsa_ds.c.obj
[126/1161] Building C object esp-idf/mbedtls/mbedtls/tf-psa-crypto/core/CMakeFiles/tfpsacrypto.dir/opt/esp/idf/components/mbedtls/port/psa_driver/esp_aes/psa_crypto_driver_esp_aes.c.obj
[127/1161] Building C object esp-idf/mbedtls/mbedtls/library/CMakeFiles/mbedtls.dir/ssl_cookie.c.obj
[128/1161] Building C object esp-idf/mbedtls/mbedtls/library/CMakeFiles/mbedx509.dir/x509_oid.c.obj
[129/1161] Building C object esp-idf/mbedtls/mbedtls/library/CMakeFiles/mbedx509.dir/x509_crl.c.obj
[130/1161] Building C object esp-idf/mbedtls/mbedtls/library/CMakeFiles/mbedx509.dir/x509_csr.c.obj
[131/1161] Building C object esp-idf/mbedtls/mbedtls/library/CMakeFiles/mbedx509.dir/error.c.obj
[132/1161] Building C object esp-idf/mbedtls/mbedtls/library/CMakeFiles/mbedtls.dir/ssl_ciphersuites.c.obj
[133/1161] Building C object esp-idf/mbedtls/mbedtls/library/CMakeFiles/mbedtls.dir/version_features.c.obj
[134/1161] Building C object esp-idf/mbedtls/mbedtls/library/CMakeFiles/mbedtls.dir/ssl_cache.c.obj
[135/1161] Building C object esp-idf/mbedtls/mbedtls/library/CMakeFiles/mbedtls.dir/ssl_debug_helpers_generated.c.obj
[136/1161] Building C object esp-idf/mbedtls/mbedtls/library/CMakeFiles/mbedtls.dir/opt/esp/idf/components/mbedtls/port/esp_platform_time.c.obj
[137/1161] Building C object esp-idf/mbedtls/mbedtls/library/CMakeFiles/mbedtls.dir/ssl_tls13_keys.c.obj
[138/1161] Building C object esp-idf/esp_hal_wdt/CMakeFiles/__idf_esp_hal_wdt.dir/esp32c3/mwdt_periph.c.obj
[139/1161] Building C object esp-idf/mbedtls/mbedtls/library/CMakeFiles/mbedtls.dir/opt/esp/idf/components/mbedtls/port/mbedtls_debug.c.obj
[140/1161] Building C object esp-idf/mbedtls/mbedtls/library/CMakeFiles/mbedtls.dir/ssl_tls13_client.c.obj
[141/1161] Building C object esp-idf/mbedtls/mbedtls/library/CMakeFiles/mbedtls.dir/ssl_client.c.obj
[142/1161] Building C object esp-idf/mbedtls/mbedtls/library/CMakeFiles/mbedtls.dir/opt/esp/idf/components/mbedtls/port/esp_timing.c.obj
[143/1161] Building C object esp-idf/mbedtls/mbedtls/library/CMakeFiles/mbedtls.dir/ssl_tls13_server.c.obj
[144/1161] Building C object esp-idf/esp_hal_timg/CMakeFiles/__idf_esp_hal_timg.dir/esp32c3/timer_periph.c.obj
[145/1161] Building C object esp-idf/mbedtls/mbedtls/library/CMakeFiles/mbedtls.dir/timing.c.obj
[146/1161] Building C object esp-idf/esp_hal_timg/CMakeFiles/__idf_esp_hal_timg.dir/timer_hal.c.obj
[147/1161] Building C object esp-idf/esp_hal_ana_conv/CMakeFiles/__idf_esp_hal_ana_conv.dir/esp32c3/adc_periph.c.obj
[148/1161] Building C object esp-idf/mbedtls/mbedtls/library/CMakeFiles/mbedtls.dir/version.c.obj
[149/1161] Building C object esp-idf/esp_hal_wdt/CMakeFiles/__idf_esp_hal_wdt.dir/xt_wdt_hal.c.obj
[150/1161] Building C object esp-idf/mbedtls/mbedtls/library/CMakeFiles/mbedtls.dir/ssl_ticket.c.obj
[151/1161] Building C object esp-idf/esp_hal_ana_conv/CMakeFiles/__idf_esp_hal_ana_conv.dir/esp32c3/temperature_sensor_periph.c.obj
[152/1161] Building C object esp-idf/mbedtls/mbedtls/library/CMakeFiles/mbedtls.dir/ssl_tls13_generic.c.obj
[153/1161] Building C object esp-idf/mbedtls/mbedtls/library/CMakeFiles/mbedtls.dir/opt/esp/idf/components/mbedtls/port/esp_psa_crypto_init.c.obj
[154/1161] Building C object esp-idf/bootloader_support/CMakeFiles/__idf_bootloader_support.dir/src/bootloader_clock_init.c.obj
[155/1161] Building C object esp-idf/bootloader_support/CMakeFiles/__idf_bootloader_support.dir/src/bootloader_mem.c.obj
[156/1161] Building C object esp-idf/esp_hal_wdt/CMakeFiles/__idf_esp_hal_wdt.dir/wdt_hal_iram.c.obj
[157/1161] Building C object esp-idf/esp_hal_ana_conv/CMakeFiles/__idf_esp_hal_ana_conv.dir/adc_hal_common.c.obj
[158/1161] Building C object esp-idf/bootloader_support/CMakeFiles/__idf_bootloader_support.dir/src/bootloader_random.c.obj
[159/1161] Building C object esp-idf/esp_hal_ana_conv/CMakeFiles/__idf_esp_hal_ana_conv.dir/adc_oneshot_hal.c.obj
[160/1161] Building C object esp-idf/bootloader_support/CMakeFiles/__idf_bootloader_support.dir/src/bootloader_efuse.c.obj
[161/1161] Building C object esp-idf/esp_hal_ana_conv/CMakeFiles/__idf_esp_hal_ana_conv.dir/temperature_sensor_hal.c.obj
[162/1161] Building C object esp-idf/mbedtls/mbedtls/library/CMakeFiles/mbedx509.dir/x509.c.obj
[163/1161] Building C object esp-idf/bootloader_support/CMakeFiles/__idf_bootloader_support.dir/src/bootloader_common_loader.c.obj
[164/1161] Building C object esp-idf/bootloader_support/CMakeFiles/__idf_bootloader_support.dir/src/flash_encrypt.c.obj
[165/1161] Building C object esp-idf/esp_hal_ana_conv/CMakeFiles/__idf_esp_hal_ana_conv.dir/adc_hal.c.obj
[166/1161] Building C object esp-idf/bootloader_support/CMakeFiles/__idf_bootloader_support.dir/src/bootloader_common.c.obj
[167/1161] Building C object esp-idf/bootloader_support/CMakeFiles/__idf_bootloader_support.dir/src/secure_boot.c.obj
[168/1161] Building C object esp-idf/spi_flash/CMakeFiles/__idf_spi_flash.dir/flash_brownout_hook.c.obj
[169/1161] Building C object esp-idf/bootloader_support/CMakeFiles/__idf_bootloader_support.dir/src/flash_partitions.c.obj
[170/1161] Building C object esp-idf/mbedtls/mbedtls/library/CMakeFiles/mbedtls.dir/opt/esp/idf/components/mbedtls/port/net_sockets.c.obj
[171/1161] Building C object esp-idf/spi_flash/CMakeFiles/__idf_spi_flash.dir/spi_flash_chip_issi.c.obj
[172/1161] Building C object esp-idf/bootloader_support/CMakeFiles/__idf_bootloader_support.dir/src/esp32c3/secure_boot_secure_features.c.obj
[173/1161] Building C object esp-idf/spi_flash/CMakeFiles/__idf_spi_flash.dir/spi_flash_chip_drivers.c.obj
[174/1161] Building C object esp-idf/bootloader_support/CMakeFiles/__idf_bootloader_support.dir/bootloader_flash/src/flash_qio_mode.c.obj
[175/1161] Building C object esp-idf/bootloader_support/CMakeFiles/__idf_bootloader_support.dir/src/bootloader_random_esp32c3.c.obj
[176/1161] Building C object esp-idf/bootloader_support/CMakeFiles/__idf_bootloader_support.dir/bootloader_flash/src/bootloader_flash_config_esp32c3.c.obj
[177/1161] Building C object esp-idf/bootloader_support/CMakeFiles/__idf_bootloader_support.dir/bootloader_flash/src/bootloader_flash.c.obj
[178/1161] Building C object esp-idf/spi_flash/CMakeFiles/__idf_spi_flash.dir/spi_flash_chip_gd.c.obj
[179/1161] Building C object esp-idf/spi_flash/CMakeFiles/__idf_spi_flash.dir/spi_flash_chip_boya.c.obj
[180/1161] Building C object esp-idf/spi_flash/CMakeFiles/__idf_spi_flash.dir/spi_flash_chip_th.c.obj
[181/1161] Building C object esp-idf/spi_flash/CMakeFiles/__idf_spi_flash.dir/spi_flash_blockdev.c.obj
[182/1161] Building C object esp-idf/bootloader_support/CMakeFiles/__idf_bootloader_support.dir/src/bootloader_sha.c.obj
[183/1161] Building C object esp-idf/spi_flash/CMakeFiles/__idf_spi_flash.dir/spi_flash_chip_mxic.c.obj
[184/1161] Building C object esp-idf/mbedtls/mbedtls/library/CMakeFiles/mbedtls.dir/ssl_tls12_client.c.obj
[185/1161] Building C object esp-idf/spi_flash/CMakeFiles/__idf_spi_flash.dir/spi_flash_chip_winbond.c.obj
[186/1161] Building C object esp-idf/mbedtls/mbedtls/library/CMakeFiles/mbedtls.dir/ssl_tls12_server.c.obj
[187/1161] Building C object esp-idf/spi_flash/CMakeFiles/__idf_spi_flash.dir/spi_flash_wrap.c.obj
[188/1161] Building C object esp-idf/bootloader_support/CMakeFiles/__idf_bootloader_support.dir/src/bootloader_utility.c.obj
[189/1161] Building C object esp-idf/spi_flash/CMakeFiles/__idf_spi_flash.dir/spi_flash_chip_mxic_opi.c.obj
[190/1161] Building C object esp-idf/spi_flash/CMakeFiles/__idf_spi_flash.dir/cache_utils.c.obj
[191/1161] Building C object esp-idf/mbedtls/mbedtls/library/CMakeFiles/mbedtls.dir/ssl_msg.c.obj
[192/1161] Building C object esp-idf/spi_flash/CMakeFiles/__idf_spi_flash.dir/flash_mmap.c.obj
[193/1161] Building C object esp-idf/spi_flash/CMakeFiles/__idf_spi_flash.dir/spi_flash_os_func_noos.c.obj
[194/1161] Building C object esp-idf/esp_system/CMakeFiles/__idf_esp_system.dir/esp_err.c.obj
[195/1161] Building C object esp-idf/bootloader_support/CMakeFiles/__idf_bootloader_support.dir/src/esp_image_format.c.obj
[196/1161] Building C object esp-idf/esp_system/CMakeFiles/__idf_esp_system.dir/esp_ipc.c.obj
[197/1161] Building C object esp-idf/spi_flash/CMakeFiles/__idf_spi_flash.dir/spi_flash_chip_generic.c.obj
[198/1161] Building C object esp-idf/spi_flash/CMakeFiles/__idf_spi_flash.dir/memspi_host_driver.c.obj
[199/1161] Building C object esp-idf/esp_system/CMakeFiles/__idf_esp_system.dir/freertos_hooks.c.obj
[200/1161] Building C object esp-idf/spi_flash/CMakeFiles/__idf_spi_flash.dir/flash_ops.c.obj
[201/1161] Building C object esp-idf/esp_system/CMakeFiles/__idf_esp_system.dir/crosscore_int.c.obj
[202/1161] Building C object esp-idf/mbedtls/mbedtls/library/CMakeFiles/mbedx509.dir/x509_crt.c.obj
[203/1161] Building C object esp-idf/esp_system/CMakeFiles/__idf_esp_system.dir/stack_check.c.obj
[204/1161] Building C object esp-idf/esp_system/CMakeFiles/__idf_esp_system.dir/esp_system.c.obj
[205/1161] Building C object esp-idf/spi_flash/CMakeFiles/__idf_spi_flash.dir/spi_flash_os_func_app.c.obj
[206/1161] Building C object esp-idf/esp_system/CMakeFiles/__idf_esp_system.dir/int_wdt.c.obj
[207/1161] Building C object esp-idf/esp_system/CMakeFiles/__idf_esp_system.dir/system_time.c.obj
[208/1161] Building C object esp-idf/spi_flash/CMakeFiles/__idf_spi_flash.dir/esp_flash_spi_init.c.obj
[209/1161] Building C object esp-idf/esp_system/CMakeFiles/__idf_esp_system.dir/ubsan.c.obj
[210/1161] Building C object esp-idf/esp_system/CMakeFiles/__idf_esp_system.dir/startup.c.obj
[211/1161] Building C object esp-idf/esp_system/CMakeFiles/__idf_esp_system.dir/port/esp_system_chip.c.obj
[212/1161] Building C object esp-idf/esp_system/CMakeFiles/__idf_esp_system.dir/hw_stack_guard.c.obj
[213/1161] Building C object esp-idf/esp_system/CMakeFiles/__idf_esp_system.dir/xt_wdt.c.obj
[214/1161] Building C object esp-idf/esp_system/CMakeFiles/__idf_esp_system.dir/port/arch/riscv/debug_stubs.c.obj
[215/1161] Building C object esp-idf/esp_system/CMakeFiles/__idf_esp_system.dir/panic.c.obj
[216/1161] Building C object esp-idf/esp_system/CMakeFiles/__idf_esp_system.dir/startup_funcs.c.obj
[217/1161] Building C object esp-idf/esp_system/CMakeFiles/__idf_esp_system.dir/port/arch/riscv/debug_helpers.c.obj
[218/1161] Building C object esp-idf/esp_rom/CMakeFiles/__idf_esp_rom.dir/patches/esp_rom_sys.c.obj
[219/1161] Building C object esp-idf/esp_system/CMakeFiles/__idf_esp_system.dir/port/panic_handler.c.obj
[220/1161] Building C object esp-idf/esp_rom/CMakeFiles/__idf_esp_rom.dir/patches/esp_rom_crc.c.obj
[221/1161] Building C object esp-idf/esp_system/CMakeFiles/__idf_esp_system.dir/port/soc/esp32c3/reset_reason.c.obj
[222/1161] Building C object esp-idf/spi_flash/CMakeFiles/__idf_spi_flash.dir/esp_flash_api.c.obj
[223/1161] Building C object esp-idf/esp_system/CMakeFiles/__idf_esp_system.dir/port/arch/riscv/expression_with_stack.c.obj
[224/1161] Building C object esp-idf/esp_rom/CMakeFiles/__idf_esp_rom.dir/patches/esp_rom_spiflash.c.obj
[225/1161] Building C object esp-idf/esp_system/CMakeFiles/__idf_esp_system.dir/port/soc/esp32c3/apb_backup_dma.c.obj
[226/1161] Building C object esp-idf/esp_system/CMakeFiles/__idf_esp_system.dir/port/image_process.c.obj
[227/1161] Building C object esp-idf/esp_system/CMakeFiles/__idf_esp_system.dir/task_wdt/task_wdt_impl_timergroup.c.obj
[228/1161] Building C object esp-idf/esp_system/CMakeFiles/__idf_esp_system.dir/port/arch/riscv/panic_arch.c.obj
[229/1161] Building C object esp-idf/esp_system/CMakeFiles/__idf_esp_system.dir/port/soc/esp32c3/cache_err_int.c.obj
[230/1161] Building C object esp-idf/esp_rom/CMakeFiles/__idf_esp_rom.dir/patches/esp_rom_print.c.obj
[231/1161] Building C object esp-idf/esp_system/CMakeFiles/__idf_esp_system.dir/port/cpu_start.c.obj
[232/1161] Building C object esp-idf/esp_rom/CMakeFiles/__idf_esp_rom.dir/patches/esp_rom_gpio.c.obj
[233/1161] Building C object esp-idf/esp_rom/CMakeFiles/__idf_esp_rom.dir/patches/esp_rom_systimer.c.obj
[234/1161] Building C object esp-idf/esp_rom/CMakeFiles/__idf_esp_rom.dir/patches/esp_rom_efuse.c.obj
[235/1161] Building C object esp-idf/esp_system/CMakeFiles/__idf_esp_system.dir/task_wdt/task_wdt.c.obj
[236/1161] Building C object esp-idf/esp_system/CMakeFiles/__idf_esp_system.dir/port/soc/esp32c3/clk.c.obj
[237/1161] Building C object esp-idf/hal/CMakeFiles/__idf_hal.dir/color_hal.c.obj
[238/1161] Building C object esp-idf/esp_system/CMakeFiles/__idf_esp_system.dir/port/soc/esp32c3/system_internal.c.obj
[239/1161] Building C object esp-idf/hal/CMakeFiles/__idf_hal.dir/hal_utils.c.obj
[240/1161] Building C object esp-idf/esp_rom/CMakeFiles/__idf_esp_rom.dir/patches/esp_rom_serial_output.c.obj
[241/1161] Building C object esp-idf/log/CMakeFiles/__idf_log.dir/src/util.c.obj
[242/1161] Building C object esp-idf/hal/CMakeFiles/__idf_hal.dir/efuse_hal.c.obj
[243/1161] Building C object esp-idf/hal/CMakeFiles/__idf_hal.dir/cache_hal.c.obj
[244/1161] Building C object esp-idf/hal/CMakeFiles/__idf_hal.dir/esp32c3/efuse_hal.c.obj
[245/1161] Building C object esp-idf/log/CMakeFiles/__idf_log.dir/src/log_format_text.c.obj
[246/1161] Building C object esp-idf/hal/CMakeFiles/__idf_hal.dir/mmu_hal.c.obj
[247/1161] Building C object esp-idf/log/CMakeFiles/__idf_log.dir/src/buffer/log_buffers.c.obj
[248/1161] Building C object esp-idf/log/CMakeFiles/__idf_log.dir/src/log_level/log_level.c.obj
[249/1161] Building C object esp-idf/log/CMakeFiles/__idf_log.dir/src/os/log_lock.c.obj
[250/1161] Building C object esp-idf/hal/CMakeFiles/__idf_hal.dir/systimer_hal.c.obj
[251/1161] Building C object esp-idf/log/CMakeFiles/__idf_log.dir/src/os/log_write.c.obj
[252/1161] Building C object esp-idf/log/CMakeFiles/__idf_log.dir/src/log.c.obj
[253/1161] Building C object esp-idf/log/CMakeFiles/__idf_log.dir/src/os/util.c.obj
[254/1161] Building C object esp-idf/log/CMakeFiles/__idf_log.dir/src/log_level/tag_log_level/tag_log_level.c.obj
[255/1161] Building C object esp-idf/log/CMakeFiles/__idf_log.dir/src/log_timestamp_common.c.obj
[256/1161] Building C object esp-idf/log/CMakeFiles/__idf_log.dir/src/log_print.c.obj
[257/1161] Building C object esp-idf/heap/CMakeFiles/__idf_heap.dir/port/esp32c3/memory_layout.c.obj
[258/1161] Building C object esp-idf/log/CMakeFiles/__idf_log.dir/src/log_level/tag_log_level/linked_list/log_linked_list.c.obj
[259/1161] Building C object esp-idf/soc/CMakeFiles/__idf_soc.dir/esp32c3/interrupts.c.obj
[260/1161] Building C object esp-idf/soc/CMakeFiles/__idf_soc.dir/esp32c3/gpio_periph.c.obj
[261/1161] Building C object esp-idf/soc/CMakeFiles/__idf_soc.dir/lldesc.c.obj
[262/1161] Building C object esp-idf/soc/CMakeFiles/__idf_soc.dir/esp32c3/mpi_periph.c.obj
[263/1161] Building C object esp-idf/esp_hal_gpio/CMakeFiles/__idf_esp_hal_gpio.dir/esp32c3/dedic_gpio_periph.c.obj
[264/1161] Building C object esp-idf/log/CMakeFiles/__idf_log.dir/src/log_level/tag_log_level/cache/log_binary_heap.c.obj
[265/1161] Building C object esp-idf/soc/CMakeFiles/__idf_soc.dir/dport_access_common.c.obj
[266/1161] Building C object esp-idf/log/CMakeFiles/__idf_log.dir/src/os/log_timestamp.c.obj
[267/1161] Building C object esp-idf/esp_hal_gpio/CMakeFiles/__idf_esp_hal_gpio.dir/esp32c3/sdm_periph.c.obj
[268/1161] Building C object esp-idf/soc/CMakeFiles/__idf_soc.dir/esp32c3/power_supply_periph.c.obj
[269/1161] Building C object esp-idf/esp_hal_gpio/CMakeFiles/__idf_esp_hal_gpio.dir/sdm_hal.c.obj
[270/1161] Building C object esp-idf/esp_hal_usb/CMakeFiles/__idf_esp_hal_usb.dir/usb_serial_jtag_hal.c.obj
[271/1161] Building C object esp-idf/heap/CMakeFiles/__idf_heap.dir/port/memory_layout_utils.c.obj
[272/1161] Building C object esp-idf/esp_hal_gpio/CMakeFiles/__idf_esp_hal_gpio.dir/gpio_hal.c.obj
[273/1161] Building C object esp-idf/esp_hal_pmu/CMakeFiles/__idf_esp_hal_pmu.dir/esp32c3/rtc_cntl_hal.c.obj
[274/1161] Building C object esp-idf/heap/CMakeFiles/__idf_heap.dir/heap_caps_base.c.obj
[275/1161] Building C object esp-idf/esp_common/CMakeFiles/__idf_esp_common.dir/src/esp_err_to_name.c.obj
[276/1161] Building C object esp-idf/esp_hw_support/CMakeFiles/__idf_esp_hw_support.dir/esp_memory_utils.c.obj
[277/1161] Building C object esp-idf/heap/CMakeFiles/__idf_heap.dir/multi_heap.c.obj
[278/1161] Building C object esp-idf/esp_hal_pmu/CMakeFiles/__idf_esp_hal_pmu.dir/brownout_hal.c.obj
[279/1161] Building C object esp-idf/esp_hw_support/CMakeFiles/__idf_esp_hw_support.dir/port/esp32c3/esp_cpu_intr.c.obj
[280/1161] Building C object esp-idf/esp_hal_i2s/CMakeFiles/__idf_esp_hal_i2s.dir/esp32c3/i2s_periph.c.obj
[281/1161] Building C object esp-idf/esp_hw_support/CMakeFiles/__idf_esp_hw_support.dir/clk_ctrl_os.c.obj
[282/1161] Building C object esp-idf/esp_hw_support/CMakeFiles/__idf_esp_hw_support.dir/revision.c.obj
[283/1161] Building C object esp-idf/esp_hw_support/CMakeFiles/__idf_esp_hw_support.dir/port/esp32c3/cpu_region_protect.c.obj
[284/1161] Building C object esp-idf/esp_hw_support/CMakeFiles/__idf_esp_hw_support.dir/cpu.c.obj
[285/1161] Building C object esp-idf/esp_hw_support/CMakeFiles/__idf_esp_hw_support.dir/esp_gpio_reserve.c.obj
[286/1161] Building C object esp-idf/heap/CMakeFiles/__idf_heap.dir/heap_caps.c.obj
[287/1161] Building C object esp-idf/heap/CMakeFiles/__idf_heap.dir/heap_caps_init.c.obj
[288/1161] Building C object esp-idf/esp_hw_support/CMakeFiles/__idf_esp_hw_support.dir/hw_random.c.obj
[289/1161] Building C object esp-idf/esp_hw_support/CMakeFiles/__idf_esp_hw_support.dir/port/esp32c3/io_mux.c.obj
[290/1161] Building C object esp-idf/esp_hw_support/CMakeFiles/__idf_esp_hw_support.dir/mac_addr.c.obj
[291/1161] Building C object esp-idf/esp_hw_support/CMakeFiles/__idf_esp_hw_support.dir/sleep_mspi.c.obj
[292/1161] Building C object esp-idf/esp_hal_i2s/CMakeFiles/__idf_esp_hal_i2s.dir/i2s_hal.c.obj
[293/1161] Building C object esp-idf/esp_hw_support/CMakeFiles/__idf_esp_hw_support.dir/regi2c_ctrl.c.obj
[294/1161] Building C object esp-idf/esp_hw_support/CMakeFiles/__idf_esp_hw_support.dir/esp_clk.c.obj
[295/1161] Building C object esp-idf/esp_hw_support/CMakeFiles/__idf_esp_hw_support.dir/periph_ctrl.c.obj
[296/1161] Building C object esp-idf/esp_hw_support/CMakeFiles/__idf_esp_hw_support.dir/sleep_usb.c.obj
[297/1161] Building C object esp-idf/esp_hw_support/CMakeFiles/__idf_esp_hw_support.dir/clk_utils.c.obj
[298/1161] Building C object esp-idf/esp_hw_support/CMakeFiles/__idf_esp_hw_support.dir/rtc_module.c.obj
[299/1161] Building C object esp-idf/esp_hw_support/CMakeFiles/__idf_esp_hw_support.dir/heap_align_hw.c.obj
[300/1161] Building C object esp-idf/mbedtls/mbedtls/library/CMakeFiles/mbedtls.dir/ssl_tls.c.obj
[301/1161] Building C object esp-idf/esp_hw_support/CMakeFiles/__idf_esp_hw_support.dir/port/esp32c3/esp_clk_tree.c.obj
[302/1161] Building C object esp-idf/esp_hw_support/CMakeFiles/__idf_esp_hw_support.dir/sar_tsens_ctrl.c.obj
[303/1161] Building C object esp-idf/esp_hw_support/CMakeFiles/__idf_esp_hw_support.dir/sleep_modem.c.obj
[304/1161] Building C object esp-idf/esp_hw_support/CMakeFiles/__idf_esp_hw_support.dir/sleep_console.c.obj
[305/1161] Building C object esp-idf/esp_hw_support/CMakeFiles/__idf_esp_hw_support.dir/spi_share_hw_ctrl.c.obj
[306/1161] Building C object esp-idf/esp_hw_support/CMakeFiles/__idf_esp_hw_support.dir/port/esp32c3/systimer.c.obj
[307/1161] Building C object esp-idf/esp_hw_support/CMakeFiles/__idf_esp_hw_support.dir/sleep_uart.c.obj
[308/1161] Building C object esp-idf/esp_hw_support/CMakeFiles/__idf_esp_hw_support.dir/sleep_event.c.obj
[309/1161] Building C object esp-idf/esp_hw_support/CMakeFiles/__idf_esp_hw_support.dir/port/esp_clk_tree_common.c.obj
[310/1161] Building C object esp-idf/esp_hw_support/CMakeFiles/__idf_esp_hw_support.dir/port/esp32c3/chip_info.c.obj
[311/1161] Building C object esp-idf/heap/CMakeFiles/__idf_heap.dir/tlsf/tlsf.c.obj
[312/1161] Building C object esp-idf/esp_hw_support/CMakeFiles/__idf_esp_hw_support.dir/adc_share_hw_ctrl.c.obj
[313/1161] Building C object esp-idf/esp_hw_support/CMakeFiles/__idf_esp_hw_support.dir/mspi_timing_tuning/mspi_timing_tuning.c.obj
[314/1161] Building C object esp-idf/esp_hw_support/CMakeFiles/__idf_esp_hw_support.dir/intr_alloc.c.obj
[315/1161] Building C object esp-idf/esp_hw_support/CMakeFiles/__idf_esp_hw_support.dir/sleep_wake_stub.c.obj
[316/1161] Building C object esp-idf/esp_hw_support/CMakeFiles/__idf_esp_hw_support.dir/port/esp_memprot_conv.c.obj
[317/1161] Building C object esp-idf/esp_hw_support/CMakeFiles/__idf_esp_hw_support.dir/port/esp32c3/rtc_clk_init.c.obj
[318/1161] Building C object esp-idf/esp_hw_support/CMakeFiles/__idf_esp_hw_support.dir/spi_bus_lock.c.obj
[319/1161] Building C object esp-idf/esp_hw_support/CMakeFiles/__idf_esp_hw_support.dir/port/esp32c3/rtc_time.c.obj
[320/1161] Building C object esp-idf/esp_hw_support/CMakeFiles/__idf_esp_hw_support.dir/sleep_gpio.c.obj
[321/1161] Building C object esp-idf/esp_hw_support/CMakeFiles/__idf_esp_hw_support.dir/port/esp32c3/rtc_init.c.obj
[322/1161] Building C object esp-idf/esp_hw_support/CMakeFiles/__idf_esp_hw_support.dir/port/esp32c3/adc2_init_cal.c.obj
[323/1161] Building C object esp-idf/esp_hw_support/CMakeFiles/__idf_esp_hw_support.dir/power_supply/brownout.c.obj
[324/1161] Building ASM object esp-idf/freertos/CMakeFiles/__idf_freertos.dir/FreeRTOS-Kernel/portable/riscv/portasm.S.obj
[325/1161] Building C object esp-idf/freertos/CMakeFiles/__idf_freertos.dir/app_startup.c.obj
[326/1161] Building C object esp-idf/esp_hw_support/CMakeFiles/__idf_esp_hw_support.dir/port/esp32c3/rtc_sleep.c.obj
[327/1161] Building C object esp-idf/mbedtls/mbedtls/tf-psa-crypto/core/CMakeFiles/tfpsacrypto.dir/psa_crypto.c.obj
[328/1161] Building C object esp-idf/esp_hw_support/CMakeFiles/__idf_esp_hw_support.dir/port/esp32c3/rtc_clk.c.obj
[329/1161] Building C object esp-idf/esp_hw_support/CMakeFiles/__idf_esp_hw_support.dir/esp_clock_output.c.obj
[330/1161] Building C object esp-idf/freertos/CMakeFiles/__idf_freertos.dir/port_common.c.obj
[331/1161] Building C object esp-idf/esp_hw_support/CMakeFiles/__idf_esp_hw_support.dir/port/esp32c3/sar_periph_ctrl.c.obj
[332/1161] Building C object esp-idf/freertos/CMakeFiles/__idf_freertos.dir/FreeRTOS-Kernel/list.c.obj
[333/1161] Building C object esp-idf/freertos/CMakeFiles/__idf_freertos.dir/heap_idf.c.obj
[334/1161] Building C object esp-idf/esp_hw_support/CMakeFiles/__idf_esp_hw_support.dir/lowpower/port/esp32c3/sleep_cpu.c.obj
[335/1161] Building C object esp-idf/esp_libc/CMakeFiles/__idf_esp_libc.dir/src/termios.c.obj
[336/1161] Building C object esp-idf/freertos/CMakeFiles/__idf_freertos.dir/port_systick.c.obj
[337/1161] Building C object esp-idf/esp_libc/CMakeFiles/__idf_esp_libc.dir/src/assert.c.obj
[338/1161] Building C object esp-idf/esp_libc/CMakeFiles/__idf_esp_libc.dir/src/poll.c.obj
[339/1161] Building C object esp-idf/esp_libc/CMakeFiles/__idf_esp_libc.dir/src/getentropy.c.obj
[340/1161] Building C object esp-idf/esp_libc/CMakeFiles/__idf_esp_libc.dir/src/init.c.obj
[341/1161] Building C object esp-idf/freertos/CMakeFiles/__idf_freertos.dir/esp_additions/idf_additions_event_groups.c.obj
[342/1161] Building C object esp-idf/esp_libc/CMakeFiles/__idf_esp_libc.dir/src/heap.c.obj
[343/1161] Building C object esp-idf/esp_libc/CMakeFiles/__idf_esp_libc.dir/src/random.c.obj
[344/1161] Building C object esp-idf/freertos/CMakeFiles/__idf_freertos.dir/FreeRTOS-Kernel/event_groups.c.obj
[345/1161] Building C object esp-idf/esp_libc/CMakeFiles/__idf_esp_libc.dir/src/pthread.c.obj
[346/1161] Building C object esp-idf/freertos/CMakeFiles/__idf_freertos.dir/esp_additions/idf_additions.c.obj
[347/1161] Building C object esp-idf/freertos/CMakeFiles/__idf_freertos.dir/FreeRTOS-Kernel/timers.c.obj
[348/1161] Building C object esp-idf/freertos/CMakeFiles/__idf_freertos.dir/FreeRTOS-Kernel/portable/riscv/port.c.obj
[349/1161] Building ASM object esp-idf/esp_libc/CMakeFiles/__idf_esp_libc.dir/src/port/riscv/strcmp.S.obj
[350/1161] Building C object esp-idf/esp_libc/CMakeFiles/__idf_esp_libc.dir/src/abort.c.obj
[351/1161] Building C object esp-idf/esp_libc/CMakeFiles/__idf_esp_libc.dir/src/sysconf.c.obj
[352/1161] Building C object esp-idf/esp_libc/CMakeFiles/__idf_esp_libc.dir/src/realpath.c.obj
[353/1161] Building C object esp-idf/esp_hw_support/CMakeFiles/__idf_esp_hw_support.dir/port/esp32c3/esp_memprot.c.obj
[354/1161] Building C object esp-idf/esp_hw_support/CMakeFiles/__idf_esp_hw_support.dir/sleep_modes.c.obj
[355/1161] Building C object esp-idf/esp_libc/CMakeFiles/__idf_esp_libc.dir/src/reent_syscalls.c.obj
[356/1161] Building C object esp-idf/esp_libc/CMakeFiles/__idf_esp_libc.dir/src/syscalls.c.obj
[357/1161] Building C object esp-idf/esp_libc/CMakeFiles/__idf_esp_libc.dir/src/port/riscv/memcpy.c.obj
[358/1161] Building C object esp-idf/freertos/CMakeFiles/__idf_freertos.dir/FreeRTOS-Kernel/stream_buffer.c.obj
[359/1161] Building C object esp-idf/esp_libc/CMakeFiles/__idf_esp_libc.dir/src/port/riscv/strcpy.c.obj
[360/1161] Building C object esp-idf/esp_libc/CMakeFiles/__idf_esp_libc.dir/src/port/esp_time_impl.c.obj
[361/1161] Building C object esp-idf/esp_libc/CMakeFiles/__idf_esp_libc.dir/src/scandir.c.obj
[362/1161] Building C object esp-idf/esp_libc/CMakeFiles/__idf_esp_libc.dir/src/string/strncpy.c.obj
[363/1161] Building C object esp-idf/esp_libc/CMakeFiles/__idf_esp_libc.dir/src/string/strncmp.c.obj
[364/1161] Building C object esp-idf/esp_libc/CMakeFiles/__idf_esp_libc.dir/src/string/memcmp.c.obj
[365/1161] Building C object esp-idf/esp_libc/CMakeFiles/__idf_esp_libc.dir/src/picolibc/errno.c.obj
[366/1161] Building C object esp-idf/esp_libc/CMakeFiles/__idf_esp_libc.dir/src/port/riscv/memmove.c.obj
[367/1161] Building C object esp-idf/esp_libc/CMakeFiles/__idf_esp_libc.dir/src/locks.c.obj
[368/1161] Building C object esp-idf/esp_libc/CMakeFiles/__idf_esp_libc.dir/src/time.c.obj
[369/1161] Building C object esp-idf/freertos/CMakeFiles/__idf_freertos.dir/FreeRTOS-Kernel/queue.c.obj
[370/1161] Building C object esp-idf/esp_libc/CMakeFiles/__idf_esp_libc.dir/src/picolibc/rand.c.obj
[371/1161] Building C object esp-idf/esp_libc/CMakeFiles/__idf_esp_libc.dir/src/picolibc/bufio_setvbuf.c.obj
[372/1161] Building C object esp-idf/esp_libc/CMakeFiles/__idf_esp_libc.dir/src/picolibc/fopencookie.c.obj
[373/1161] Building C object esp-idf/esp_libc/CMakeFiles/__idf_esp_libc.dir/src/picolibc/picolibc_init.c.obj
[374/1161] Building C object esp-idf/esp_libc/CMakeFiles/__idf_esp_libc.dir/src/picolibc/getreent.c.obj
[375/1161] Building C object esp-idf/esp_libc/CMakeFiles/__idf_esp_libc.dir/src/picolibc/open_memstream.c.obj
[376/1161] Building CXX object esp-idf/cxx/CMakeFiles/__idf_cxx.dir/cxx_init.cpp.obj
[377/1161] Building C object esp-idf/esp_timer/CMakeFiles/__idf_esp_timer.dir/src/esp_timer_init.c.obj
[378/1161] Building C object esp-idf/esp_timer/CMakeFiles/__idf_esp_timer.dir/src/system_time.c.obj
[379/1161] Building C object esp-idf/pthread/CMakeFiles/__idf_pthread.dir/pthread_semaphore.c.obj
[380/1161] Building CXX object esp-idf/cxx/CMakeFiles/__idf_cxx.dir/cxx_exception_stubs.cpp.obj
[381/1161] Building C object esp-idf/esp_timer/CMakeFiles/__idf_esp_timer.dir/src/esp_timer_impl_common.c.obj
[382/1161] Building C object esp-idf/esp_libc/CMakeFiles/__idf_esp_libc.dir/src/stdatomic.c.obj
[383/1161] Building C object esp-idf/pthread/CMakeFiles/__idf_pthread.dir/pthread_cond_var.c.obj
[384/1161] Building C object esp-idf/esp_timer/CMakeFiles/__idf_esp_timer.dir/src/ets_timer_legacy.c.obj
[385/1161] Building C object esp-idf/esp_driver_uart/CMakeFiles/__idf_esp_driver_uart.dir/src/uart_wakeup.c.obj
[386/1161] Building C object esp-idf/pthread/CMakeFiles/__idf_pthread.dir/pthread_rwlock.c.obj
[387/1161] Building C object esp-idf/esp_psram/CMakeFiles/__idf_esp_psram.dir/system_layer/esp_psram_mspi.c.obj
[388/1161] Building C object esp-idf/esp_event/CMakeFiles/__idf_esp_event.dir/default_event_loop.c.obj
[389/1161] Building C object esp-idf/pthread/CMakeFiles/__idf_pthread.dir/pthread_local_storage.c.obj
[390/1161] Building C object esp-idf/esp_timer/CMakeFiles/__idf_esp_timer.dir/src/esp_timer_impl_systimer.c.obj
[391/1161] Building C object esp-idf/freertos/CMakeFiles/__idf_freertos.dir/FreeRTOS-Kernel/tasks.c.obj
[392/1161] Building C object esp-idf/nvs_sec_provider/CMakeFiles/__idf_nvs_sec_provider.dir/nvs_sec_provider.c.obj
[393/1161] Building C object esp-idf/esp_timer/CMakeFiles/__idf_esp_timer.dir/src/esp_timer.c.obj
[394/1161] Building C object esp-idf/pthread/CMakeFiles/__idf_pthread.dir/pthread.c.obj
[395/1161] Building C object esp-idf/esp_event/CMakeFiles/__idf_esp_event.dir/esp_event_private.c.obj
[396/1161] Building CXX object esp-idf/nvs_flash/CMakeFiles/__idf_nvs_flash.dir/src/nvs_platform.cpp.obj
[397/1161] Building C object esp-idf/nvs_flash/CMakeFiles/__idf_nvs_flash.dir/src/nvs_bootloader_aes.c.obj
[398/1161] Building C object esp-idf/esp_driver_uart/CMakeFiles/__idf_esp_driver_uart.dir/src/uart_vfs.c.obj
[399/1161] Building C object esp-idf/nvs_flash/CMakeFiles/__idf_nvs_flash.dir/src/nvs_bootloader_xts_aes.c.obj
[400/1161] Building C object esp-idf/esp_event/CMakeFiles/__idf_esp_event.dir/esp_event.c.obj
[401/1161] Building C object esp-idf/esp_phy/CMakeFiles/__idf_esp_phy.dir/esp32c3/phy_init_data.c.obj
[402/1161] Building C object esp-idf/esp_phy/CMakeFiles/__idf_esp_phy.dir/src/phy_override.c.obj
[403/1161] Building C object esp-idf/esp_phy/CMakeFiles/__idf_esp_phy.dir/src/lib_printf.c.obj
[404/1161] Building C object esp-idf/esp_driver_uart/CMakeFiles/__idf_esp_driver_uart.dir/src/uhci.c.obj
[405/1161] Building C object esp-idf/esp_ringbuf/CMakeFiles/__idf_esp_ringbuf.dir/ringbuf.c.obj
[406/1161] Building C object esp-idf/esp_phy/CMakeFiles/__idf_esp_phy.dir/src/phy_common.c.obj
[407/1161] Building C object esp-idf/nvs_flash/CMakeFiles/__idf_nvs_flash.dir/src/nvs_bootloader.c.obj
[408/1161] Building C object esp-idf/esp_phy/CMakeFiles/__idf_esp_phy.dir/src/btbb_init.c.obj
[409/1161] Building C object esp-idf/esp_driver_usb_serial_jtag/CMakeFiles/__idf_esp_driver_usb_serial_jtag.dir/src/usb_serial_jtag_connection_monitor.c.obj
[410/1161] Building CXX object esp-idf/cxx/CMakeFiles/__idf_cxx.dir/cxx_guards.cpp.obj
[411/1161] Building C object esp-idf/esp_driver_usb_serial_jtag/CMakeFiles/__idf_esp_driver_usb_serial_jtag.dir/src/usb_serial_jtag.c.obj
[412/1161] Building C object esp-idf/esp_phy/CMakeFiles/__idf_esp_phy.dir/src/phy_init.c.obj
[413/1161] Building CXX object esp-idf/nvs_flash/CMakeFiles/__idf_nvs_flash.dir/src/nvs_partition_lookup.cpp.obj
[414/1161] Building C object esp-idf/vfs/CMakeFiles/__idf_vfs.dir/vfs_eventfd.c.obj
[415/1161] Building C object esp-idf/esp_driver_usb_serial_jtag/CMakeFiles/__idf_esp_driver_usb_serial_jtag.dir/src/usb_serial_jtag_vfs.c.obj
[416/1161] Building C object esp-idf/vfs/CMakeFiles/__idf_vfs.dir/nullfs.c.obj
[417/1161] Building CXX object esp-idf/nvs_flash/CMakeFiles/__idf_nvs_flash.dir/src/nvs_partition.cpp.obj
[418/1161] Building C object esp-idf/lwip/CMakeFiles/__idf_lwip.dir/apps/sntp/sntp.c.obj
[419/1161] Building C object esp-idf/esp_driver_uart/CMakeFiles/__idf_esp_driver_uart.dir/src/uart.c.obj
[420/1161] Building C object esp-idf/lwip/CMakeFiles/__idf_lwip.dir/lwip/src/api/err.c.obj
[421/1161] Building C object esp-idf/vfs/CMakeFiles/__idf_vfs.dir/vfs_calls.c.obj
[422/1161] Building C object esp-idf/vfs/CMakeFiles/__idf_vfs.dir/vfs.c.obj
[423/1161] Building C object esp-idf/lwip/CMakeFiles/__idf_lwip.dir/lwip/src/api/if_api.c.obj
[424/1161] Building C object esp-idf/lwip/CMakeFiles/__idf_lwip.dir/lwip/src/api/netbuf.c.obj
[425/1161] Building C object esp-idf/vfs/CMakeFiles/__idf_vfs.dir/vfs_semihost.c.obj
[426/1161] Building C object esp-idf/lwip/CMakeFiles/__idf_lwip.dir/lwip/src/api/netifapi.c.obj
[427/1161] Building C object esp-idf/lwip/CMakeFiles/__idf_lwip.dir/lwip/src/apps/sntp/sntp.c.obj
[428/1161] Building C object esp-idf/lwip/CMakeFiles/__idf_lwip.dir/lwip/src/api/tcpip.c.obj
[429/1161] Building C object esp-idf/lwip/CMakeFiles/__idf_lwip.dir/lwip/src/api/api_lib.c.obj
[430/1161] Building C object esp-idf/lwip/CMakeFiles/__idf_lwip.dir/lwip/src/api/netdb.c.obj
[431/1161] Building C object esp-idf/lwip/CMakeFiles/__idf_lwip.dir/lwip/src/apps/netbiosns/netbiosns.c.obj
[432/1161] Building C object esp-idf/lwip/CMakeFiles/__idf_lwip.dir/lwip/src/core/init.c.obj
[433/1161] Building C object esp-idf/lwip/CMakeFiles/__idf_lwip.dir/lwip/src/core/def.c.obj
[434/1161] Building C object esp-idf/lwip/CMakeFiles/__idf_lwip.dir/lwip/src/core/inet_chksum.c.obj
[435/1161] Building C object esp-idf/lwip/CMakeFiles/__idf_lwip.dir/lwip/src/core/mem.c.obj
[436/1161] Building C object esp-idf/lwip/CMakeFiles/__idf_lwip.dir/lwip/src/core/ip.c.obj
[437/1161] Building C object esp-idf/lwip/CMakeFiles/__idf_lwip.dir/lwip/src/core/memp.c.obj
[438/1161] Building C object esp-idf/lwip/CMakeFiles/__idf_lwip.dir/lwip/src/core/stats.c.obj
[439/1161] Building C object esp-idf/lwip/CMakeFiles/__idf_lwip.dir/lwip/src/api/api_msg.c.obj
[440/1161] Building C object esp-idf/lwip/CMakeFiles/__idf_lwip.dir/lwip/src/core/sys.c.obj
[441/1161] Building C object esp-idf/lwip/CMakeFiles/__idf_lwip.dir/lwip/src/core/dns.c.obj
[442/1161] Building C object esp-idf/lwip/CMakeFiles/__idf_lwip.dir/lwip/src/core/timeouts.c.obj
[443/1161] Building C object esp-idf/lwip/CMakeFiles/__idf_lwip.dir/lwip/src/core/pbuf.c.obj
[444/1161] Building C object esp-idf/lwip/CMakeFiles/__idf_lwip.dir/lwip/src/core/ipv4/autoip.c.obj
[445/1161] Building C object esp-idf/lwip/CMakeFiles/__idf_lwip.dir/lwip/src/core/raw.c.obj
[446/1161] Building C object esp-idf/lwip/CMakeFiles/__idf_lwip.dir/lwip/src/core/netif.c.obj
[447/1161] Building C object esp-idf/lwip/CMakeFiles/__idf_lwip.dir/lwip/src/core/ipv4/icmp.c.obj
[448/1161] Building CXX object esp-idf/nvs_flash/CMakeFiles/__idf_nvs_flash.dir/src/nvs_item_hash_list.cpp.obj
[449/1161] Building C object esp-idf/lwip/CMakeFiles/__idf_lwip.dir/lwip/src/core/ipv4/ip4_napt.c.obj
[450/1161] Building C object esp-idf/lwip/CMakeFiles/__idf_lwip.dir/lwip/src/core/tcp_out.c.obj
[451/1161] Building C object esp-idf/lwip/CMakeFiles/__idf_lwip.dir/lwip/src/api/sockets.c.obj
[452/1161] Building CXX object esp-idf/nvs_flash/CMakeFiles/__idf_nvs_flash.dir/src/nvs_handle_simple.cpp.obj
[453/1161] Building C object esp-idf/lwip/CMakeFiles/__idf_lwip.dir/lwip/src/core/ipv4/etharp.c.obj
[454/1161] Building CXX object esp-idf/nvs_flash/CMakeFiles/__idf_nvs_flash.dir/src/nvs_encrypted_partition.cpp.obj
[455/1161] Building C object esp-idf/lwip/CMakeFiles/__idf_lwip.dir/lwip/src/core/ipv4/ip4_frag.c.obj
[456/1161] Building CXX object esp-idf/nvs_flash/CMakeFiles/__idf_nvs_flash.dir/src/nvs_types.cpp.obj
[457/1161] Building C object esp-idf/lwip/CMakeFiles/__idf_lwip.dir/lwip/src/core/ipv6/dhcp6.c.obj
[458/1161] Building C object esp-idf/lwip/CMakeFiles/__idf_lwip.dir/lwip/src/core/ipv4/ip4.c.obj
[459/1161] Building C object esp-idf/lwip/CMakeFiles/__idf_lwip.dir/lwip/src/core/ipv4/ip4_addr.c.obj
[460/1161] Building C object esp-idf/lwip/CMakeFiles/__idf_lwip.dir/lwip/src/core/udp.c.obj
[461/1161] Building C object esp-idf/lwip/CMakeFiles/__idf_lwip.dir/lwip/src/core/ipv4/igmp.c.obj
[462/1161] Building C object esp-idf/lwip/CMakeFiles/__idf_lwip.dir/lwip/src/core/ipv6/ethip6.c.obj
[463/1161] Building C object esp-idf/lwip/CMakeFiles/__idf_lwip.dir/lwip/src/core/tcp.c.obj
[464/1161] Building C object esp-idf/lwip/CMakeFiles/__idf_lwip.dir/lwip/src/core/ipv6/inet6.c.obj
[465/1161] Building C object esp-idf/lwip/CMakeFiles/__idf_lwip.dir/lwip/src/core/ipv4/dhcp.c.obj
[466/1161] Building CXX object esp-idf/nvs_flash/CMakeFiles/__idf_nvs_flash.dir/src/nvs_page.cpp.obj
[467/1161] Building C object esp-idf/lwip/CMakeFiles/__idf_lwip.dir/lwip/src/core/ipv6/icmp6.c.obj
[468/1161] Building C object esp-idf/lwip/CMakeFiles/__idf_lwip.dir/lwip/src/core/tcp_in.c.obj
[469/1161] Building C object esp-idf/lwip/CMakeFiles/__idf_lwip.dir/lwip/src/core/ipv6/ip6_frag.c.obj
[470/1161] Building C object esp-idf/lwip/CMakeFiles/__idf_lwip.dir/lwip/src/core/ipv6/ip6_addr.c.obj
[471/1161] Building C object esp-idf/lwip/CMakeFiles/__idf_lwip.dir/lwip/src/netif/bridgeif.c.obj
[472/1161] Building C object esp-idf/lwip/CMakeFiles/__idf_lwip.dir/lwip/src/netif/ppp/chap-md5.c.obj
[473/1161] Building CXX object esp-idf/nvs_flash/CMakeFiles/__idf_nvs_flash.dir/src/nvs_storage.cpp.obj
[474/1161] Building C object esp-idf/lwip/CMakeFiles/__idf_lwip.dir/lwip/src/netif/ethernet.c.obj
[475/1161] Building C object esp-idf/lwip/CMakeFiles/__idf_lwip.dir/lwip/src/netif/bridgeif_fdb.c.obj
[476/1161] Building C object esp-idf/lwip/CMakeFiles/__idf_lwip.dir/lwip/src/netif/ppp/ccp.c.obj
[477/1161] Building C object esp-idf/lwip/CMakeFiles/__idf_lwip.dir/lwip/src/netif/ppp/chap-new.c.obj
[478/1161] Building C object esp-idf/lwip/CMakeFiles/__idf_lwip.dir/lwip/src/netif/slipif.c.obj
[479/1161] Building C object esp-idf/lwip/CMakeFiles/__idf_lwip.dir/lwip/src/netif/ppp/demand.c.obj
[480/1161] Building C object esp-idf/lwip/CMakeFiles/__idf_lwip.dir/lwip/src/netif/ppp/chap_ms.c.obj
[481/1161] Building CXX object esp-idf/nvs_flash/CMakeFiles/__idf_nvs_flash.dir/src/nvs_cxx_api.cpp.obj
[482/1161] Building CXX object esp-idf/nvs_flash/CMakeFiles/__idf_nvs_flash.dir/src/nvs_handle_locked.cpp.obj
[483/1161] Building C object esp-idf/lwip/CMakeFiles/__idf_lwip.dir/lwip/src/netif/ppp/auth.c.obj
[484/1161] Building C object esp-idf/lwip/CMakeFiles/__idf_lwip.dir/lwip/src/netif/ppp/eap.c.obj
[485/1161] Building C object esp-idf/lwip/CMakeFiles/__idf_lwip.dir/lwip/src/netif/ppp/ecp.c.obj
[486/1161] Building C object esp-idf/lwip/CMakeFiles/__idf_lwip.dir/lwip/src/netif/ppp/eui64.c.obj
[487/1161] Building C object esp-idf/lwip/CMakeFiles/__idf_lwip.dir/lwip/src/core/ipv6/mld6.c.obj
[488/1161] Building C object esp-idf/lwip/CMakeFiles/__idf_lwip.dir/lwip/src/netif/ppp/ipcp.c.obj
[489/1161] Building CXX object esp-idf/nvs_flash/CMakeFiles/__idf_nvs_flash.dir/src/nvs_pagemanager.cpp.obj
[490/1161] Building C object esp-idf/lwip/CMakeFiles/__idf_lwip.dir/lwip/src/netif/ppp/fsm.c.obj
[491/1161] Building C object esp-idf/lwip/CMakeFiles/__idf_lwip.dir/lwip/src/netif/ppp/lcp.c.obj
[492/1161] Building C object esp-idf/lwip/CMakeFiles/__idf_lwip.dir/lwip/src/core/ipv6/ip6.c.obj
[493/1161] Building C object esp-idf/lwip/CMakeFiles/__idf_lwip.dir/lwip/src/netif/ppp/ipv6cp.c.obj
[494/1161] Building C object esp-idf/lwip/CMakeFiles/__idf_lwip.dir/lwip/src/netif/ppp/magic.c.obj
[495/1161] Building C object esp-idf/lwip/CMakeFiles/__idf_lwip.dir/lwip/src/netif/ppp/multilink.c.obj
[496/1161] Building C object esp-idf/lwip/CMakeFiles/__idf_lwip.dir/lwip/src/netif/ppp/mppe.c.obj
[497/1161] Building C object esp-idf/lwip/CMakeFiles/__idf_lwip.dir/lwip/src/netif/ppp/pppapi.c.obj
[498/1161] Building C object esp-idf/lwip/CMakeFiles/__idf_lwip.dir/lwip/src/netif/ppp/ppp.c.obj
[499/1161] Building C object esp-idf/lwip/CMakeFiles/__idf_lwip.dir/lwip/src/netif/ppp/pppoe.c.obj
[500/1161] Building C object esp-idf/lwip/CMakeFiles/__idf_lwip.dir/lwip/src/netif/ppp/pppol2tp.c.obj
[501/1161] Building C object esp-idf/lwip/CMakeFiles/__idf_lwip.dir/lwip/src/netif/ppp/pppos.c.obj
[502/1161] Building C object esp-idf/lwip/CMakeFiles/__idf_lwip.dir/lwip/src/netif/ppp/pppcrypt.c.obj
[503/1161] Building C object esp-idf/lwip/CMakeFiles/__idf_lwip.dir/lwip/src/netif/ppp/utils.c.obj
[504/1161] Building C object esp-idf/lwip/CMakeFiles/__idf_lwip.dir/lwip/src/netif/ppp/upap.c.obj
[505/1161] Building CXX object esp-idf/nvs_flash/CMakeFiles/__idf_nvs_flash.dir/src/nvs_partition_manager.cpp.obj
[506/1161] Building C object esp-idf/lwip/CMakeFiles/__idf_lwip.dir/lwip/src/netif/ppp/vj.c.obj
[507/1161] Building C object esp-idf/lwip/CMakeFiles/__idf_lwip.dir/port/hooks/tcp_isn_default.c.obj
[508/1161] Building C object esp-idf/lwip/CMakeFiles/__idf_lwip.dir/lwip/src/netif/ppp/polarssl/des.c.obj
[509/1161] Building C object esp-idf/lwip/CMakeFiles/__idf_lwip.dir/port/sockets_ext.c.obj
[510/1161] Building C object esp-idf/esp_netif/CMakeFiles/__idf_esp_netif.dir/esp_netif_defaults.c.obj
[511/1161] Building C object esp-idf/lwip/CMakeFiles/__idf_lwip.dir/lwip/src/netif/ppp/polarssl/arc4.c.obj
[512/1161] Building C object esp-idf/lwip/CMakeFiles/__idf_lwip.dir/lwip/src/netif/ppp/polarssl/md4.c.obj
[513/1161] Building C object esp-idf/lwip/CMakeFiles/__idf_lwip.dir/lwip/src/netif/ppp/polarssl/sha1.c.obj
[514/1161] Building C object esp-idf/lwip/CMakeFiles/__idf_lwip.dir/lwip/src/netif/ppp/polarssl/md5.c.obj
[515/1161] Building C object esp-idf/lwip/CMakeFiles/__idf_lwip.dir/port/acd_dhcp_check.c.obj
[516/1161] Building C object esp-idf/lwip/CMakeFiles/__idf_lwip.dir/port/esp32xx/vfs_lwip.c.obj
[517/1161] Building C object esp-idf/esp_netif/CMakeFiles/__idf_esp_netif.dir/esp_netif_objects.c.obj
[518/1161] Building C object esp-idf/lwip/CMakeFiles/__idf_lwip.dir/port/if_index.c.obj
[519/1161] Building C object esp-idf/lwip/CMakeFiles/__idf_lwip.dir/port/debug/lwip_debug.c.obj
[520/1161] Building C object esp-idf/lwip/CMakeFiles/__idf_lwip.dir/port/freertos/sys_arch.c.obj
[521/1161] Building C object esp-idf/lwip/CMakeFiles/__idf_lwip.dir/port/hooks/lwip_default_hooks.c.obj
[522/1161] Building C object esp-idf/lwip/CMakeFiles/__idf_lwip.dir/apps/ping/ping_sock.c.obj
[523/1161] Building C object esp-idf/esp_netif/CMakeFiles/__idf_esp_netif.dir/lwip/netif/esp_pbuf_ref.c.obj
[524/1161] Building C object esp-idf/esp_netif/CMakeFiles/__idf_esp_netif.dir/esp_netif_handlers.c.obj
[525/1161] Building C object esp-idf/esp_netif/CMakeFiles/__idf_esp_netif.dir/lwip/esp_netif_lwip_defaults.c.obj
[526/1161] Building C object esp-idf/lwip/CMakeFiles/__idf_lwip.dir/lwip/src/core/ipv6/nd6.c.obj
[527/1161] Building CXX object esp-idf/nvs_flash/CMakeFiles/__idf_nvs_flash.dir/src/nvs_api.cpp.obj
[528/1161] Building C object esp-idf/esp_netif/CMakeFiles/__idf_esp_netif.dir/lwip/netif/wlanif.c.obj
[529/1161] Building C object esp-idf/esp_netif/CMakeFiles/__idf_esp_netif.dir/lwip/netif/ethernetif.c.obj
[530/1161] Building C object esp-idf/wpa_supplicant/CMakeFiles/__idf_wpa_supplicant.dir/port/os_xtensa.c.obj
[531/1161] Building C object esp-idf/esp_netif/CMakeFiles/__idf_esp_netif.dir/lwip/esp_netif_sntp.c.obj
[532/1161] Building C object esp-idf/wpa_supplicant/CMakeFiles/__idf_wpa_supplicant.dir/src/ap/ap_config.c.obj
[533/1161] Building C object esp-idf/lwip/CMakeFiles/__idf_lwip.dir/apps/dhcpserver/dhcpserver.c.obj
[534/1161] Building C object esp-idf/wpa_supplicant/CMakeFiles/__idf_wpa_supplicant.dir/src/ap/comeback_token.c.obj
[535/1161] Building C object esp-idf/wpa_supplicant/CMakeFiles/__idf_wpa_supplicant.dir/src/ap/pmksa_cache_auth.c.obj
[536/1161] Building C object esp-idf/wpa_supplicant/CMakeFiles/__idf_wpa_supplicant.dir/src/ap/sta_info.c.obj
[537/1161] Building C object esp-idf/wpa_supplicant/CMakeFiles/__idf_wpa_supplicant.dir/src/common/dragonfly.c.obj
[538/1161] Building C object esp-idf/wpa_supplicant/CMakeFiles/__idf_wpa_supplicant.dir/src/ap/ieee802_1x.c.obj
[539/1161] Building C object esp-idf/wpa_supplicant/CMakeFiles/__idf_wpa_supplicant.dir/port/eloop.c.obj
[540/1161] Building C object esp-idf/wpa_supplicant/CMakeFiles/__idf_wpa_supplicant.dir/src/crypto/sha256-kdf.c.obj
[541/1161] Building C object esp-idf/wpa_supplicant/CMakeFiles/__idf_wpa_supplicant.dir/src/crypto/aes-siv.c.obj
[542/1161] Building C object esp-idf/wpa_supplicant/CMakeFiles/__idf_wpa_supplicant.dir/src/utils/bitfield.c.obj
[543/1161] Building C object esp-idf/wpa_supplicant/CMakeFiles/__idf_wpa_supplicant.dir/src/crypto/crypto_ops.c.obj
[544/1161] Building C object esp-idf/wpa_supplicant/CMakeFiles/__idf_wpa_supplicant.dir/src/crypto/dh_group5.c.obj
[545/1161] Building C object esp-idf/wpa_supplicant/CMakeFiles/__idf_wpa_supplicant.dir/src/ap/wpa_auth_ie.c.obj
[546/1161] Building C object esp-idf/wpa_supplicant/CMakeFiles/__idf_wpa_supplicant.dir/src/crypto/ccmp.c.obj
[547/1161] Building C object esp-idf/wpa_supplicant/CMakeFiles/__idf_wpa_supplicant.dir/src/crypto/aes-gcm.c.obj
[548/1161] Building C object esp-idf/wpa_supplicant/CMakeFiles/__idf_wpa_supplicant.dir/src/crypto/sha1-tlsprf.c.obj
[549/1161] Building C object esp-idf/wpa_supplicant/CMakeFiles/__idf_wpa_supplicant.dir/src/crypto/sha256-tlsprf.c.obj
[550/1161] Building C object esp-idf/wpa_supplicant/CMakeFiles/__idf_wpa_supplicant.dir/src/ap/ieee802_11.c.obj
[551/1161] Building C object esp-idf/wpa_supplicant/CMakeFiles/__idf_wpa_supplicant.dir/src/crypto/dh_groups.c.obj
[552/1161] Building C object esp-idf/wpa_supplicant/CMakeFiles/__idf_wpa_supplicant.dir/src/crypto/sha384-tlsprf.c.obj
[553/1161] Building C object esp-idf/wpa_supplicant/CMakeFiles/__idf_wpa_supplicant.dir/src/crypto/ms_funcs.c.obj
[554/1161] Building C object esp-idf/wpa_supplicant/CMakeFiles/__idf_wpa_supplicant.dir/src/crypto/sha256-prf.c.obj
[555/1161] Building C object esp-idf/wpa_supplicant/CMakeFiles/__idf_wpa_supplicant.dir/src/common/wpa_common.c.obj
[556/1161] Building C object esp-idf/wpa_supplicant/CMakeFiles/__idf_wpa_supplicant.dir/src/crypto/sha384-prf.c.obj
[557/1161] Building C object esp-idf/wpa_supplicant/CMakeFiles/__idf_wpa_supplicant.dir/src/crypto/sha1-prf.c.obj
[558/1161] Building C object esp-idf/wpa_supplicant/CMakeFiles/__idf_wpa_supplicant.dir/src/eap_common/eap_wsc_common.c.obj
[559/1161] Building C object esp-idf/wpa_supplicant/CMakeFiles/__idf_wpa_supplicant.dir/src/crypto/sha1-tprf.c.obj
[560/1161] Building C object esp-idf/wpa_supplicant/CMakeFiles/__idf_wpa_supplicant.dir/src/eap_peer/chap.c.obj
[561/1161] Building C object esp-idf/wpa_supplicant/CMakeFiles/__idf_wpa_supplicant.dir/src/crypto/md4-internal.c.obj
[562/1161] Building C object esp-idf/wpa_supplicant/CMakeFiles/__idf_wpa_supplicant.dir/src/common/ieee802_11_common.c.obj
[563/1161] Building C object esp-idf/wpa_supplicant/CMakeFiles/__idf_wpa_supplicant.dir/src/eap_peer/eap_peap_common.c.obj
[564/1161] Building C object esp-idf/wpa_supplicant/CMakeFiles/__idf_wpa_supplicant.dir/src/eap_peer/eap_common.c.obj
[565/1161] Building C object esp-idf/wpa_supplicant/CMakeFiles/__idf_wpa_supplicant.dir/src/eap_peer/mschapv2.c.obj
[566/1161] Building C object esp-idf/wpa_supplicant/CMakeFiles/__idf_wpa_supplicant.dir/src/eap_peer/eap_tls.c.obj
[567/1161] Building C object esp-idf/wpa_supplicant/CMakeFiles/__idf_wpa_supplicant.dir/src/eap_peer/eap_fast_common.c.obj
[568/1161] Building C object esp-idf/wpa_supplicant/CMakeFiles/__idf_wpa_supplicant.dir/src/ap/wpa_auth.c.obj
[569/1161] Building C object esp-idf/wpa_supplicant/CMakeFiles/__idf_wpa_supplicant.dir/src/utils/base64.c.obj
[570/1161] Building C object esp-idf/wpa_supplicant/CMakeFiles/__idf_wpa_supplicant.dir/src/eap_peer/eap.c.obj
[571/1161] Building C object esp-idf/wpa_supplicant/CMakeFiles/__idf_wpa_supplicant.dir/src/eap_peer/eap_mschapv2.c.obj
[572/1161] Building C object esp-idf/wpa_supplicant/CMakeFiles/__idf_wpa_supplicant.dir/src/eap_peer/eap_tls_common.c.obj
[573/1161] Building C object esp-idf/wpa_supplicant/CMakeFiles/__idf_wpa_supplicant.dir/src/utils/ext_password.c.obj
[574/1161] Building C object esp-idf/wpa_supplicant/CMakeFiles/__idf_wpa_supplicant.dir/src/common/sae.c.obj
[575/1161] Building C object esp-idf/wpa_supplicant/CMakeFiles/__idf_wpa_supplicant.dir/src/utils/uuid.c.obj
[576/1161] Building C object esp-idf/esp_netif/CMakeFiles/__idf_esp_netif.dir/lwip/esp_netif_lwip.c.obj
[577/1161] Building C object esp-idf/wpa_supplicant/CMakeFiles/__idf_wpa_supplicant.dir/src/rsn_supp/pmksa_cache.c.obj
[578/1161] Building C object esp-idf/wpa_supplicant/CMakeFiles/__idf_wpa_supplicant.dir/src/utils/wpa_debug.c.obj
[579/1161] Building C object esp-idf/wpa_supplicant/CMakeFiles/__idf_wpa_supplicant.dir/src/rsn_supp/wpa_ie.c.obj
[580/1161] Building C object esp-idf/wpa_supplicant/CMakeFiles/__idf_wpa_supplicant.dir/src/eap_peer/eap_peap.c.obj
[581/1161] Building C object esp-idf/wpa_supplicant/CMakeFiles/__idf_wpa_supplicant.dir/src/eap_peer/eap_fast_pac.c.obj
[582/1161] Building C object esp-idf/wpa_supplicant/CMakeFiles/__idf_wpa_supplicant.dir/src/eap_peer/eap_ttls.c.obj
[583/1161] Building C object esp-idf/wpa_supplicant/CMakeFiles/__idf_wpa_supplicant.dir/src/utils/common.c.obj
[584/1161] Building C object esp-idf/wpa_supplicant/CMakeFiles/__idf_wpa_supplicant.dir/src/utils/wpabuf.c.obj
[585/1161] Building C object esp-idf/wpa_supplicant/CMakeFiles/__idf_wpa_supplicant.dir/src/wps/wps_attr_process.c.obj
[586/1161] Building C object esp-idf/wpa_supplicant/CMakeFiles/__idf_wpa_supplicant.dir/esp_supplicant/src/esp_wpa2_api_port.c.obj
[587/1161] Building C object esp-idf/wpa_supplicant/CMakeFiles/__idf_wpa_supplicant.dir/src/utils/json.c.obj
[588/1161] Building C object esp-idf/wpa_supplicant/CMakeFiles/__idf_wpa_supplicant.dir/src/wps/wps_attr_parse.c.obj
[589/1161] Building C object esp-idf/wpa_supplicant/CMakeFiles/__idf_wpa_supplicant.dir/src/wps/wps.c.obj
[590/1161] Building C object esp-idf/wpa_supplicant/CMakeFiles/__idf_wpa_supplicant.dir/src/wps/wps_dev_attr.c.obj
[591/1161] Building C object esp-idf/wpa_supplicant/CMakeFiles/__idf_wpa_supplicant.dir/src/wps/wps_attr_build.c.obj
[592/1161] Building C object esp-idf/wpa_supplicant/CMakeFiles/__idf_wpa_supplicant.dir/esp_supplicant/src/crypto/fastpsk.c.obj
[593/1161] Building C object esp-idf/wpa_supplicant/CMakeFiles/__idf_wpa_supplicant.dir/src/wps/wps_common.c.obj
[594/1161] Building C object esp-idf/wpa_supplicant/CMakeFiles/__idf_wpa_supplicant.dir/esp_supplicant/src/esp_owe.c.obj
[595/1161] Building C object esp-idf/wpa_supplicant/CMakeFiles/__idf_wpa_supplicant.dir/esp_supplicant/src/esp_wpas_glue.c.obj
[596/1161] Building C object esp-idf/wpa_supplicant/CMakeFiles/__idf_wpa_supplicant.dir/esp_supplicant/src/esp_common.c.obj
[597/1161] Building C object esp-idf/esp_coex/CMakeFiles/__idf_esp_coex.dir/src/coexist_debug_diagram.c.obj
[598/1161] Building C object esp-idf/wpa_supplicant/CMakeFiles/__idf_wpa_supplicant.dir/src/common/sae_pk.c.obj
[599/1161] Building C object esp-idf/esp_coex/CMakeFiles/__idf_esp_coex.dir/src/coexist_debug.c.obj
[600/1161] Building C object esp-idf/wpa_supplicant/CMakeFiles/__idf_wpa_supplicant.dir/src/crypto/rc4.c.obj
[601/1161] Building C object esp-idf/wpa_supplicant/CMakeFiles/__idf_wpa_supplicant.dir/esp_supplicant/src/esp_wpa_main.c.obj
[602/1161] Building C object esp-idf/wpa_supplicant/CMakeFiles/__idf_wpa_supplicant.dir/src/eap_peer/eap_fast.c.obj
[603/1161] Building C object esp-idf/wpa_supplicant/CMakeFiles/__idf_wpa_supplicant.dir/esp_supplicant/src/esp_hostap.c.obj
[604/1161] Building C object esp-idf/wpa_supplicant/CMakeFiles/__idf_wpa_supplicant.dir/esp_supplicant/src/esp_wpa3.c.obj
[605/1161] Building C object esp-idf/esp_wifi/CMakeFiles/__idf_esp_wifi.dir/src/lib_printf.c.obj
[606/1161] Building C object esp-idf/esp_coex/CMakeFiles/__idf_esp_coex.dir/esp32c3/esp_coex_adapter.c.obj
[607/1161] Building C object esp-idf/wpa_supplicant/CMakeFiles/__idf_wpa_supplicant.dir/src/crypto/des-internal.c.obj
[608/1161] Building C object esp-idf/wpa_supplicant/CMakeFiles/__idf_wpa_supplicant.dir/src/wps/wps_enrollee.c.obj
[609/1161] Building C object esp-idf/wpa_supplicant/CMakeFiles/__idf_wpa_supplicant.dir/src/crypto/aes-ccm.c.obj
[610/1161] Building C object esp-idf/wpa_supplicant/CMakeFiles/__idf_wpa_supplicant.dir/src/crypto/aes-wrap.c.obj
[611/1161] Building C object esp-idf/esp_wifi/CMakeFiles/__idf_esp_wifi.dir/src/wifi_default_ap.c.obj
[612/1161] Building C object esp-idf/esp_wifi/CMakeFiles/__idf_esp_wifi.dir/src/smartconfig.c.obj
[613/1161] Building C object esp-idf/wpa_supplicant/CMakeFiles/__idf_wpa_supplicant.dir/esp_supplicant/src/crypto/crypto_mbedtls-rsa.c.obj
[614/1161] Building C object esp-idf/esp_wifi/CMakeFiles/__idf_esp_wifi.dir/src/mesh_event.c.obj
[615/1161] Building C object esp-idf/wpa_supplicant/CMakeFiles/__idf_wpa_supplicant.dir/src/crypto/aes-unwrap.c.obj
[616/1161] Building C object esp-idf/esp_gdbstub/CMakeFiles/__idf_esp_gdbstub.dir/src/port/riscv/target_xml.c.obj
[617/1161] Building C object esp-idf/esp_wifi/CMakeFiles/__idf_esp_wifi.dir/regulatory/esp_wifi_regulatory.c.obj
[618/1161] Building C object esp-idf/wpa_supplicant/CMakeFiles/__idf_wpa_supplicant.dir/esp_supplicant/src/esp_wps.c.obj
[619/1161] Building C object esp-idf/wpa_supplicant/CMakeFiles/__idf_wpa_supplicant.dir/src/rsn_supp/wpa.c.obj
[620/1161] Building C object esp-idf/wpa_supplicant/CMakeFiles/__idf_wpa_supplicant.dir/esp_supplicant/src/crypto/tls_mbedtls.c.obj
[621/1161] Building C object esp-idf/esp_wifi/CMakeFiles/__idf_esp_wifi.dir/src/wifi_netif.c.obj
[622/1161] Building C object esp-idf/esp_hal_i2c/CMakeFiles/__idf_esp_hal_i2c.dir/esp32c3/i2c_periph.c.obj
[623/1161] Building C object esp-idf/esp_wifi/CMakeFiles/__idf_esp_wifi.dir/src/wifi_default.c.obj
[624/1161] Building C object esp-idf/esp_gdbstub/CMakeFiles/__idf_esp_gdbstub.dir/src/gdbstub_transport.c.obj
[625/1161] Building C object esp-idf/wpa_supplicant/CMakeFiles/__idf_wpa_supplicant.dir/esp_supplicant/src/crypto/crypto_mbedtls-bignum.c.obj
[626/1161] Building C object esp-idf/wpa_supplicant/CMakeFiles/__idf_wpa_supplicant.dir/esp_supplicant/src/crypto/crypto_mbedtls.c.obj
[627/1161] Building C object esp-idf/esp_hal_i2c/CMakeFiles/__idf_esp_hal_i2c.dir/i2c_hal_iram.c.obj
[628/1161] Building C object esp-idf/esp_gdbstub/CMakeFiles/__idf_esp_gdbstub.dir/src/packet.c.obj
[629/1161] Building C object esp-idf/esp-tls/CMakeFiles/__idf_esp-tls.dir/esp_tls_platform_port.c.obj
[630/1161] Building C object esp-idf/esp_wifi/CMakeFiles/__idf_esp_wifi.dir/src/wifi_init.c.obj
[631/1161] Building C object esp-idf/esp_gdbstub/CMakeFiles/__idf_esp_gdbstub.dir/src/port/riscv/rv_decode.c.obj
[632/1161] Building C object esp-idf/wpa_supplicant/CMakeFiles/__idf_wpa_supplicant.dir/esp_supplicant/src/esp_eap_client.c.obj
[633/1161] Building C object esp-idf/esp_gdbstub/CMakeFiles/__idf_esp_gdbstub.dir/src/port/riscv/gdbstub_riscv.c.obj
[634/1161] Building C object esp-idf/esp_hal_i2c/CMakeFiles/__idf_esp_hal_i2c.dir/i2c_hal.c.obj
[635/1161] Building C object esp-idf/esp_wifi/CMakeFiles/__idf_esp_wifi.dir/src/smartconfig_ack.c.obj
[636/1161] Building C object esp-idf/esp_adc/CMakeFiles/__idf_esp_adc.dir/esp32c3/curve_fitting_coefficients.c.obj
[637/1161] Building C object esp-idf/esp_wifi/CMakeFiles/__idf_esp_wifi.dir/esp32c3/esp_adapter.c.obj
[638/1161] Building C object esp-idf/esp_adc/CMakeFiles/__idf_esp_adc.dir/adc_cali.c.obj
[639/1161] Building C object esp-idf/esp-tls/CMakeFiles/__idf_esp-tls.dir/esp-tls-crypto/esp_tls_crypto.c.obj
[640/1161] Building C object esp-idf/esp_gdbstub/CMakeFiles/__idf_esp_gdbstub.dir/src/gdbstub.c.obj
[641/1161] Building C object esp-idf/esp-tls/CMakeFiles/__idf_esp-tls.dir/esp_tls_error_capture.c.obj
[642/1161] Building C object esp-idf/esp_adc/CMakeFiles/__idf_esp_adc.dir/adc_cali_curve_fitting.c.obj
[643/1161] Building C object esp-idf/esp_adc/CMakeFiles/__idf_esp_adc.dir/adc_common.c.obj
[644/1161] Building C object esp-idf/esp_driver_i2s/CMakeFiles/__idf_esp_driver_i2s.dir/i2s_platform.c.obj
[645/1161] Building C object esp-idf/esp_adc/CMakeFiles/__idf_esp_adc.dir/adc_monitor.c.obj
[646/1161] Building C object esp-idf/esp_adc/CMakeFiles/__idf_esp_adc.dir/gdma/adc_dma.c.obj
[647/1161] Building C object esp-idf/esp_adc/CMakeFiles/__idf_esp_adc.dir/adc_oneshot.c.obj
[648/1161] Building C object esp-idf/esp_adc/CMakeFiles/__idf_esp_adc.dir/adc_filter.c.obj
[649/1161] Building C object esp-idf/esp_http_client/CMakeFiles/__idf_esp_http_client.dir/lib/http_header.c.obj
[650/1161] Building C object esp-idf/esp_driver_i2s/CMakeFiles/__idf_esp_driver_i2s.dir/i2s_std.c.obj
[651/1161] Building C object esp-idf/esp_http_client/CMakeFiles/__idf_esp_http_client.dir/lib/http_utils.c.obj
[652/1161] Building C object esp-idf/esp_adc/CMakeFiles/__idf_esp_adc.dir/adc_continuous.c.obj
[653/1161] Building C object esp-idf/tcp_transport/CMakeFiles/__idf_tcp_transport.dir/transport_internal.c.obj
[654/1161] Building C object esp-idf/esp_driver_i2s/CMakeFiles/__idf_esp_driver_i2s.dir/i2s_tdm.c.obj
[655/1161] Building C object esp-idf/esp-tls/CMakeFiles/__idf_esp-tls.dir/esp_tls.c.obj
[656/1161] Building C object esp-idf/wpa_supplicant/CMakeFiles/__idf_wpa_supplicant.dir/esp_supplicant/src/crypto/crypto_mbedtls-ec.c.obj
[657/1161] Building C object esp-idf/tcp_transport/CMakeFiles/__idf_tcp_transport.dir/transport_socks_proxy.c.obj
[658/1161] Building C object esp-idf/esp-tls/CMakeFiles/__idf_esp-tls.dir/esp_tls_mbedtls.c.obj
[659/1161] Building C object esp-idf/esp_http_server/CMakeFiles/__idf_esp_http_server.dir/src/httpd_main.c.obj
[660/1161] Building C object esp-idf/esp_http_client/CMakeFiles/__idf_esp_http_client.dir/lib/http_auth.c.obj
[661/1161] Building C object esp-idf/tcp_transport/CMakeFiles/__idf_tcp_transport.dir/transport.c.obj
[662/1161] Building C object esp-idf/esp_driver_i2s/CMakeFiles/__idf_esp_driver_i2s.dir/i2s_pdm.c.obj
[663/1161] Building C object esp-idf/http_parser/CMakeFiles/__idf_http_parser.dir/http_parser.c.obj
[664/1161] Building C object esp-idf/esp_http_server/CMakeFiles/__idf_esp_http_server.dir/src/httpd_uri.c.obj
[665/1161] Building C object esp-idf/esp_http_server/CMakeFiles/__idf_esp_http_server.dir/src/util/ctrl_sock.c.obj
[666/1161] Building C object esp-idf/esp_http_server/CMakeFiles/__idf_esp_http_server.dir/src/httpd_ws.c.obj
[667/1161] Building C object esp-idf/esp_http_server/CMakeFiles/__idf_esp_http_server.dir/src/httpd_sess.c.obj
[668/1161] Building C object esp-idf/esp_http_server/CMakeFiles/__idf_esp_http_server.dir/src/httpd_txrx.c.obj
[669/1161] Building C object esp-idf/esp_driver_i2s/CMakeFiles/__idf_esp_driver_i2s.dir/i2s_common.c.obj
[670/1161] Building C object esp-idf/tcp_transport/CMakeFiles/__idf_tcp_transport.dir/transport_ssl.c.obj
[671/1161] Building C object esp-idf/esp_http_server/CMakeFiles/__idf_esp_http_server.dir/src/httpd_parse.c.obj
[672/1161] Building C object esp-idf/tcp_transport/CMakeFiles/__idf_tcp_transport.dir/transport_ws.c.obj
[673/1161] Building C object esp-idf/esp_https_ota/CMakeFiles/__idf_esp_https_ota.dir/src/esp_https_ota.c.obj
[674/1161] Linking C static library esp-idf/esp_https_ota/libesp_https_ota.a
[675/1161] Linking C static library esp-idf/esp_http_server/libesp_http_server.a
[676/1161] Building C object esp-idf/esp_http_client/CMakeFiles/__idf_esp_http_client.dir/esp_http_client.c.obj
[677/1161] Linking C static library esp-idf/esp_http_client/libesp_http_client.a
[678/1161] Linking C static library esp-idf/tcp_transport/libtcp_transport.a
[679/1161] Linking C static library esp-idf/esp_driver_i2s/libesp_driver_i2s.a
[680/1161] Linking C static library esp-idf/esp_adc/libesp_adc.a
[681/1161] Linking C static library esp-idf/esp-tls/libesp-tls.a
[682/1161] Linking C static library esp-idf/http_parser/libhttp_parser.a
[683/1161] Linking C static library esp-idf/esp_hal_i2c/libesp_hal_i2c.a
[684/1161] Linking C static library esp-idf/esp_gdbstub/libesp_gdbstub.a
[685/1161] Linking C static library esp-idf/esp_wifi/libesp_wifi.a
[686/1161] Linking C static library esp-idf/esp_coex/libesp_coex.a
[687/1161] Linking C static library esp-idf/wpa_supplicant/libwpa_supplicant.a
[688/1161] Linking C static library esp-idf/esp_netif/libesp_netif.a
[689/1161] Linking C static library esp-idf/lwip/liblwip.a
[690/1161] Linking C static library esp-idf/vfs/libvfs.a
[691/1161] Linking C static library esp-idf/esp_driver_usb_serial_jtag/libesp_driver_usb_serial_jtag.a
[692/1161] Linking C static library esp-idf/esp_phy/libesp_phy.a
[693/1161] Linking C static library esp-idf/nvs_flash/libnvs_flash.a
[694/1161] Linking C static library esp-idf/nvs_sec_provider/libnvs_sec_provider.a
[695/1161] Linking C static library esp-idf/esp_event/libesp_event.a
[696/1161] Linking C static library esp-idf/esp_driver_uart/libesp_driver_uart.a
[697/1161] Linking C static library esp-idf/esp_psram/libesp_psram.a
[698/1161] Linking C static library esp-idf/esp_ringbuf/libesp_ringbuf.a
[699/1161] Linking C static library esp-idf/esp_timer/libesp_timer.a
[700/1161] Linking C static library esp-idf/cxx/libcxx.a
[701/1161] Linking C static library esp-idf/pthread/libpthread.a
[702/1161] Linking C static library esp-idf/esp_libc/libesp_libc.a
[703/1161] Linking C static library esp-idf/freertos/libfreertos.a
[704/1161] Linking C static library esp-idf/esp_hw_support/libesp_hw_support.a
[705/1161] Linking C static library esp-idf/esp_hal_i2s/libesp_hal_i2s.a
[706/1161] Linking C static library esp-idf/esp_hal_pmu/libesp_hal_pmu.a
[707/1161] Linking C static library esp-idf/esp_hal_usb/libesp_hal_usb.a
[708/1161] Linking C static library esp-idf/esp_hal_gpio/libesp_hal_gpio.a
[709/1161] Linking C static library esp-idf/soc/libsoc.a
[710/1161] Linking C static library esp-idf/heap/libheap.a
[711/1161] Linking C static library esp-idf/log/liblog.a
[712/1161] Linking C static library esp-idf/hal/libhal.a
[713/1161] Linking C static library esp-idf/esp_rom/libesp_rom.a
[714/1161] Linking C static library esp-idf/esp_common/libesp_common.a
[715/1161] Linking C static library esp-idf/esp_system/libesp_system.a
[716/1161] Linking C static library esp-idf/spi_flash/libspi_flash.a
[717/1161] Linking C static library esp-idf/bootloader_support/libbootloader_support.a
[718/1161] Linking C static library esp-idf/esp_hal_ana_conv/libesp_hal_ana_conv.a
[719/1161] Linking C static library esp-idf/esp_hal_wdt/libesp_hal_wdt.a
[720/1161] Linking C static library esp-idf/esp_hal_timg/libesp_hal_timg.a
[721/1161] Linking CXX static library esp-idf/mbedtls/mbedtls/tf-psa-crypto/drivers/everest/libeverest.a
[722/1161] Linking CXX static library esp-idf/mbedtls/mbedtls/tf-psa-crypto/drivers/p256-m/libp256-m.a
[723/1161] Linking CXX static library esp-idf/mbedtls/mbedtls/tf-psa-crypto/drivers/builtin/libmbed-builtin.a
[724/1161] Linking CXX static library esp-idf/mbedtls/mbedtls/tf-psa-crypto/drivers/pqcp/libpqcp.a
[725/1161] Linking CXX static library esp-idf/mbedtls/mbedtls/tf-psa-crypto/extras/libextras.a
[726/1161] Linking CXX static library esp-idf/mbedtls/mbedtls/tf-psa-crypto/platform/libplatform.a
[727/1161] Linking CXX static library esp-idf/mbedtls/mbedtls/tf-psa-crypto/utilities/libutilities.a
[728/1161] Linking CXX static library esp-idf/mbedtls/mbedtls/tf-psa-crypto/core/libtfpsacrypto.a
[729/1161] Linking CXX static library esp-idf/mbedtls/mbedtls/library/libmbedtls.a
[730/1161] Linking CXX static library esp-idf/mbedtls/mbedtls/library/libmbedx509.a
[731/1161] Generating x509_crt_bundle
[732/1161] Generating ../../x509_crt_bundle.S
[733/1161] Building ASM object esp-idf/riscv/CMakeFiles/__idf_riscv.dir/vectors_intc.S.obj
[734/1161] Building ASM object esp-idf/riscv/CMakeFiles/__idf_riscv.dir/vectors.S.obj
[735/1161] Building C object esp-idf/riscv/CMakeFiles/__idf_riscv.dir/instruction_decode.c.obj
[736/1161] Building C object esp-idf/esp_hal_gpspi/CMakeFiles/__idf_esp_hal_gpspi.dir/esp32c3/spi_periph.c.obj
[737/1161] Building C object esp-idf/esp_stdio/CMakeFiles/__idf_esp_stdio.dir/stdio_simple.c.obj
[738/1161] Building C object esp-idf/esp_hal_dma/CMakeFiles/__idf_esp_hal_dma.dir/esp32c3/gdma_periph.c.obj
[739/1161] Building C object esp-idf/riscv/CMakeFiles/__idf_riscv.dir/rv_utils.c.obj
[740/1161] Building C object esp-idf/esp_hal_mspi/CMakeFiles/__idf_esp_hal_mspi.dir/spi_flash_encrypt_hal_iram.c.obj
[741/1161] Building C object esp-idf/esp_hal_dma/CMakeFiles/__idf_esp_hal_dma.dir/gdma_hal_top.c.obj
[742/1161] Building C object esp-idf/riscv/CMakeFiles/__idf_riscv.dir/interrupt.c.obj
[743/1161] Building C object esp-idf/riscv/CMakeFiles/__idf_riscv.dir/interrupt_intc.c.obj
[744/1161] Building C object esp-idf/esp_hal_security/CMakeFiles/__idf_esp_hal_security.dir/mpi_hal.c.obj
[745/1161] Building C object esp-idf/esp_stdio/CMakeFiles/__idf_esp_stdio.dir/stdio_syscalls_simple.c.obj
[746/1161] Building C object esp-idf/esp_hal_gpspi/CMakeFiles/__idf_esp_hal_gpspi.dir/spi_slave_hal.c.obj
[747/1161] Building C object esp-idf/esp_hal_clock/CMakeFiles/__idf_esp_hal_clock.dir/esp32c3/clk_tree_hal.c.obj
[748/1161] Building C object esp-idf/esp_hal_security/CMakeFiles/__idf_esp_hal_security.dir/sha_hal.c.obj
[749/1161] Building C object esp-idf/esp_hal_mspi/CMakeFiles/__idf_esp_hal_mspi.dir/spi_flash_hal.c.obj
[750/1161] Building C object esp-idf/esp_hal_dma/CMakeFiles/__idf_esp_hal_dma.dir/gdma_hal_ahb_v1.c.obj
[751/1161] Building C object esp-idf/esp_hal_gpspi/CMakeFiles/__idf_esp_hal_gpspi.dir/spi_hal.c.obj
[752/1161] Building C object esp-idf/esp_bootloader_format/CMakeFiles/__idf_esp_bootloader_format.dir/esp_bootloader_desc.c.obj
[753/1161] Building C object esp-idf/esp_hal_gpspi/CMakeFiles/__idf_esp_hal_gpspi.dir/spi_slave_hal_iram.c.obj
[754/1161] Building C object esp-idf/esp_hal_security/CMakeFiles/__idf_esp_hal_security.dir/hmac_hal.c.obj
[755/1161] Building C object esp-idf/esp_hal_security/CMakeFiles/__idf_esp_hal_security.dir/ds_hal.c.obj
[756/1161] Building C object esp-idf/esp_hal_security/CMakeFiles/__idf_esp_hal_security.dir/aes_hal.c.obj
[757/1161] Building C object esp-idf/esp_hal_mspi/CMakeFiles/__idf_esp_hal_mspi.dir/spi_flash_hal_gpspi.c.obj
[758/1161] Building C object esp-idf/esp_app_format/CMakeFiles/__idf_esp_app_format.dir/esp_app_desc.c.obj
[759/1161] Building C object esp-idf/esp_stdio/CMakeFiles/__idf_esp_stdio.dir/stdio_vfs.c.obj
[760/1161] Building C object esp-idf/efuse/CMakeFiles/__idf_efuse.dir/esp32c3/esp_efuse_table.c.obj
[761/1161] Building C object esp-idf/efuse/CMakeFiles/__idf_efuse.dir/esp32c3/esp_efuse_fields.c.obj
[762/1161] Building C object esp-idf/efuse/CMakeFiles/__idf_efuse.dir/esp32c3/esp_efuse_rtc_calib.c.obj
[763/1161] Building C object esp-idf/esp_hal_gpspi/CMakeFiles/__idf_esp_hal_gpspi.dir/spi_slave_hd_hal.c.obj
[764/1161] Building C object esp-idf/esp_security/CMakeFiles/__idf_esp_security.dir/src/esp_crypto_lock.c.obj
[765/1161] Building C object esp-idf/esp_hal_mspi/CMakeFiles/__idf_esp_hal_mspi.dir/spi_flash_hal_iram.c.obj
[766/1161] Building C object esp-idf/esp_partition/CMakeFiles/__idf_esp_partition.dir/partition_target.c.obj
[767/1161] Building C object esp-idf/esp_hal_gpspi/CMakeFiles/__idf_esp_hal_gpspi.dir/spi_hal_iram.c.obj
[768/1161] Building C object esp-idf/efuse/CMakeFiles/__idf_efuse.dir/src/esp_efuse_fields.c.obj
[769/1161] Building C object esp-idf/esp_security/CMakeFiles/__idf_esp_security.dir/src/init.c.obj
[770/1161] Building C object esp-idf/esp_hal_uart/CMakeFiles/__idf_esp_hal_uart.dir/esp32c3/uart_periph.c.obj
[771/1161] Building C object esp-idf/efuse/CMakeFiles/__idf_efuse.dir/esp32c3/esp_efuse_utility.c.obj
[772/1161] Building C object esp-idf/esp_driver_gpio/CMakeFiles/__idf_esp_driver_gpio.dir/src/gpio_glitch_filter_ops.c.obj
[773/1161] Building C object esp-idf/efuse/CMakeFiles/__idf_efuse.dir/src/esp_efuse_startup.c.obj
[774/1161] Building C object esp-idf/esp_security/CMakeFiles/__idf_esp_security.dir/src/esp_crypto_periph_clk.c.obj
[775/1161] Building C object esp-idf/efuse/CMakeFiles/__idf_efuse.dir/src/esp_efuse_api.c.obj
[776/1161] Building C object esp-idf/esp_security/CMakeFiles/__idf_esp_security.dir/src/esp_hmac.c.obj
[777/1161] Building C object esp-idf/esp_security/CMakeFiles/__idf_esp_security.dir/src/esp_ds.c.obj
[778/1161] Building C object esp-idf/esp_hal_uart/CMakeFiles/__idf_esp_hal_uart.dir/uart_hal_iram.c.obj
[779/1161] Building C object esp-idf/esp_mm/CMakeFiles/__idf_esp_mm.dir/port/esp32c3/ext_mem_layout.c.obj
[780/1161] Building C object esp-idf/esp_hal_uart/CMakeFiles/__idf_esp_hal_uart.dir/uhci_hal.c.obj
[781/1161] Building C object esp-idf/efuse/CMakeFiles/__idf_efuse.dir/src/efuse_controller/keys/with_key_purposes/esp_efuse_api_key.c.obj
[782/1161] Building C object esp-idf/esp_driver_gpio/CMakeFiles/__idf_esp_driver_gpio.dir/src/rtc_io.c.obj
[783/1161] Building C object esp-idf/efuse/CMakeFiles/__idf_efuse.dir/src/esp_efuse_utility.c.obj
[784/1161] Building C object esp-idf/esp_driver_gpio/CMakeFiles/__idf_esp_driver_gpio.dir/src/gpio_pin_glitch_filter.c.obj
[785/1161] Building C object esp-idf/esp_pm/CMakeFiles/__idf_esp_pm.dir/pm_trace.c.obj
[786/1161] Building C object esp-idf/esp_pm/CMakeFiles/__idf_esp_pm.dir/pm_locks.c.obj
[787/1161] Building C object esp-idf/esp_partition/CMakeFiles/__idf_esp_partition.dir/partition.c.obj
[788/1161] Building C object esp-idf/app_update/CMakeFiles/__idf_app_update.dir/esp_ota_ops.c.obj
[789/1161] Building ASM object esp-idf/mbedtls/CMakeFiles/__idf_mbedtls.dir/__/__/x509_crt_bundle.S.obj
[790/1161] Building C object esp-idf/esp_driver_dma/CMakeFiles/__idf_esp_driver_dma.dir/src/esp_async_memcpy.c.obj
[791/1161] Building C object esp-idf/mbedtls/CMakeFiles/__idf_mbedtls.dir/port/esp_mem.c.obj
[792/1161] Building C object esp-idf/esp_hal_uart/CMakeFiles/__idf_esp_hal_uart.dir/uart_hal.c.obj
[793/1161] Building C object esp-idf/esp_driver_gpio/CMakeFiles/__idf_esp_driver_gpio.dir/src/dedic_gpio.c.obj
[794/1161] Building C object esp-idf/esp_driver_dma/CMakeFiles/__idf_esp_driver_dma.dir/src/esp_dma_utils.c.obj
[795/1161] Building C object esp-idf/esp_mm/CMakeFiles/__idf_esp_mm.dir/esp_cache_utils.c.obj
[796/1161] Building C object esp-idf/esp_mm/CMakeFiles/__idf_esp_mm.dir/esp_cache_msync.c.obj
[797/1161] Building C object esp-idf/unity/CMakeFiles/__idf_unity.dir/unity_compat.c.obj
[798/1161] Building C object esp-idf/esp_pm/CMakeFiles/__idf_esp_pm.dir/pm_impl.c.obj
[799/1161] Building C object esp-idf/mbedtls/CMakeFiles/__idf_mbedtls.dir/port/psa_crypto_storage/esp_psa_key_file.c.obj
[800/1161] Building C object esp-idf/esp_driver_dma/CMakeFiles/__idf_esp_driver_dma.dir/src/gdma_link.c.obj
[801/1161] Building C object esp-idf/esp_mm/CMakeFiles/__idf_esp_mm.dir/esp_mmu_map.c.obj
[802/1161] Building C object esp-idf/cmock/CMakeFiles/__idf_cmock.dir/CMock/src/cmock.c.obj
[803/1161] Building C object esp-idf/unity/CMakeFiles/__idf_unity.dir/unity_utils_memory.c.obj
[804/1161] Building C object esp-idf/unity/CMakeFiles/__idf_unity.dir/unity_utils_cache.c.obj
[805/1161] Building C object esp-idf/esp_driver_gptimer/CMakeFiles/__idf_esp_driver_gptimer.dir/src/gptimer_common.c.obj
[806/1161] Building C object esp-idf/unity/CMakeFiles/__idf_unity.dir/unity_utils_freertos.c.obj
[807/1161] Building C object esp-idf/console/CMakeFiles/__idf_console.dir/split_argv.c.obj
[808/1161] Building C object esp-idf/unity/CMakeFiles/__idf_unity.dir/unity_runner.c.obj
[809/1161] Building C object esp-idf/unity/CMakeFiles/__idf_unity.dir/unity_port_esp32.c.obj
[810/1161] Building C object esp-idf/unity/CMakeFiles/__idf_unity.dir/port/esp/unity_utils_memory_esp.c.obj
[811/1161] Building C object esp-idf/esp_driver_dma/CMakeFiles/__idf_esp_driver_dma.dir/src/async_memcpy_gdma.c.obj
[812/1161] Building C object esp-idf/esp_driver_gptimer/CMakeFiles/__idf_esp_driver_gptimer.dir/src/gptimer.c.obj
[813/1161] Building C object esp-idf/esp_driver_gpio/CMakeFiles/__idf_esp_driver_gpio.dir/src/gpio.c.obj
[814/1161] Building C object esp-idf/console/CMakeFiles/__idf_console.dir/argtable3/arg_dbl.c.obj
[815/1161] Building C object esp-idf/console/CMakeFiles/__idf_console.dir/argtable3/arg_cmd.c.obj
[816/1161] Building C object esp-idf/console/CMakeFiles/__idf_console.dir/argtable3/arg_dstr.c.obj
[817/1161] Building C object esp-idf/esp_driver_dma/CMakeFiles/__idf_esp_driver_dma.dir/src/gdma.c.obj
[818/1161] Building C object esp-idf/console/CMakeFiles/__idf_console.dir/argtable3/arg_end.c.obj
[819/1161] Building C object esp-idf/console/CMakeFiles/__idf_console.dir/esp_console_repl_internal.c.obj
[820/1161] Building C object esp-idf/console/CMakeFiles/__idf_console.dir/commands.c.obj
[821/1161] Building C object esp-idf/esp_driver_spi/CMakeFiles/__idf_esp_driver_spi.dir/src/gpspi/spi_slave_hd.c.obj
[822/1161] Building C object esp-idf/console/CMakeFiles/__idf_console.dir/argtable3/arg_file.c.obj
[823/1161] Building C object esp-idf/console/CMakeFiles/__idf_console.dir/argtable3/arg_lit.c.obj
[824/1161] Building C object esp-idf/mbedtls/CMakeFiles/__idf_mbedtls.dir/esp_crt_bundle/esp_crt_bundle.c.obj
[825/1161] Building C object esp-idf/console/CMakeFiles/__idf_console.dir/argtable3/arg_int.c.obj
[826/1161] Building C object esp-idf/esp_driver_spi/CMakeFiles/__idf_esp_driver_spi.dir/src/gpspi/spi_slave.c.obj
[827/1161] Building C object esp-idf/console/CMakeFiles/__idf_console.dir/argtable3/arg_date.c.obj
[828/1161] Linking C static library esp-idf/mbedtls/libmbedtls.a
[829/1161] Building C object esp-idf/console/CMakeFiles/__idf_console.dir/argtable3/arg_hashtable.c.obj
[830/1161] Building C object esp-idf/console/CMakeFiles/__idf_console.dir/esp_console_common.c.obj
[831/1161] Building C object esp-idf/console/CMakeFiles/__idf_console.dir/argtable3/arg_str.c.obj
[832/1161] Linking C static library esp-idf/esp_driver_dma/libesp_driver_dma.a
[833/1161] Building C object esp-idf/esp_hal_twai/CMakeFiles/__idf_esp_hal_twai.dir/esp32c3/twai_periph.c.obj
[834/1161] Building C object esp-idf/esp_driver_spi/CMakeFiles/__idf_esp_driver_spi.dir/src/gpspi/spi_common.c.obj
[835/1161] Linking C static library esp-idf/esp_mm/libesp_mm.a
[836/1161] Building C object esp-idf/unity/CMakeFiles/__idf_unity.dir/unity/src/unity.c.obj
[837/1161] Building C object esp-idf/esp_hal_ledc/CMakeFiles/__idf_esp_hal_ledc.dir/esp32c3/ledc_periph.c.obj
[838/1161] Linking C static library esp-idf/esp_pm/libesp_pm.a
[839/1161] Linking C static library esp-idf/esp_hal_uart/libesp_hal_uart.a
[840/1161] Building C object esp-idf/console/CMakeFiles/__idf_console.dir/argtable3/arg_utils.c.obj
[841/1161] Building C object esp-idf/console/CMakeFiles/__idf_console.dir/argtable3/arg_rem.c.obj
[842/1161] Linking C static library esp-idf/esp_driver_gpio/libesp_driver_gpio.a
[843/1161] Linking C static library esp-idf/esp_security/libesp_security.a
[844/1161] Building C object esp-idf/console/CMakeFiles/__idf_console.dir/linenoise/linenoise.c.obj
[845/1161] Building C object esp-idf/esp_hal_ledc/CMakeFiles/__idf_esp_hal_ledc.dir/ledc_hal.c.obj
[846/1161] Building C object esp-idf/esp_hal_ledc/CMakeFiles/__idf_esp_hal_ledc.dir/ledc_hal_iram.c.obj
[847/1161] Building C object esp-idf/esp_hal_rmt/CMakeFiles/__idf_esp_hal_rmt.dir/esp32c3/rmt_periph.c.obj
[848/1161] Building C object esp-idf/console/CMakeFiles/__idf_console.dir/esp_console_repl_chip.c.obj
[849/1161] Linking C static library esp-idf/efuse/libefuse.a
[850/1161] Building C object esp-idf/esp_driver_cam/CMakeFiles/__idf_esp_driver_cam.dir/esp_cam_ctlr.c.obj
[851/1161] Building C object esp-idf/esp_hal_rmt/CMakeFiles/__idf_esp_hal_rmt.dir/rmt_hal.c.obj
[852/1161] Linking C static library esp-idf/esp_partition/libesp_partition.a
[853/1161] Building C object esp-idf/esp_blockdev_util/CMakeFiles/__idf_esp_blockdev_util.dir/memory.c.obj
[854/1161] Linking C static library esp-idf/app_update/libapp_update.a
[855/1161] Building C object esp-idf/esp_blockdev_util/CMakeFiles/__idf_esp_blockdev_util.dir/generic_partition.c.obj
[856/1161] Linking C static library esp-idf/esp_bootloader_format/libesp_bootloader_format.a
[857/1161] Linking C static library esp-idf/esp_app_format/libesp_app_format.a
[858/1161] Building C object esp-idf/esp_driver_cam/CMakeFiles/__idf_esp_driver_cam.dir/dvp_share_ctrl.c.obj
[859/1161] Linking C static library esp-idf/esp_hal_security/libesp_hal_security.a
[860/1161] Linking C static library esp-idf/esp_hal_mspi/libesp_hal_mspi.a
[861/1161] Building C object esp-idf/esp_hal_twai/CMakeFiles/__idf_esp_hal_twai.dir/twai_hal_v1.c.obj
[862/1161] Linking C static library esp-idf/esp_hal_clock/libesp_hal_clock.a
[863/1161] Building C object esp-idf/console/CMakeFiles/__idf_console.dir/argtable3/arg_rex.c.obj
[864/1161] Linking C static library esp-idf/esp_hal_gpspi/libesp_hal_gpspi.a
[865/1161] Building C object esp-idf/console/CMakeFiles/__idf_console.dir/argtable3/argtable3.c.obj
[866/1161] Linking C static library esp-idf/esp_hal_dma/libesp_hal_dma.a
[867/1161] Building C object esp-idf/esp_driver_spi/CMakeFiles/__idf_esp_driver_spi.dir/src/gpspi/spi_master.c.obj
[868/1161] Linking C static library esp-idf/esp_stdio/libesp_stdio.a
[869/1161] Building C object esp-idf/esp_driver_i2c/CMakeFiles/__idf_esp_driver_i2c.dir/i2c_common.c.obj
[870/1161] Linking C static library esp-idf/riscv/libriscv.a
[871/1161] Building C object esp-idf/esp_driver_rmt/CMakeFiles/__idf_esp_driver_rmt.dir/src/rmt_encoder.c.obj
[872/1161] Linking C static library esp-idf/esp_driver_spi/libesp_driver_spi.a
[873/1161] Building C object esp-idf/esp_driver_rmt/CMakeFiles/__idf_esp_driver_rmt.dir/src/rmt_encoder_copy.c.obj
[874/1161] Building C object esp-idf/sdmmc/CMakeFiles/__idf_sdmmc.dir/sd_pwr_ctrl/sd_pwr_ctrl.c.obj
[875/1161] Linking C static library esp-idf/esp_driver_gptimer/libesp_driver_gptimer.a
[876/1161] Building C object esp-idf/driver/CMakeFiles/__idf_driver.dir/twai/twai.c.obj
[877/1161] Building C object esp-idf/sdmmc/CMakeFiles/__idf_sdmmc.dir/sdmmc_init.c.obj
[878/1161] Linking C static library esp-idf/unity/libunity.a
[879/1161] Linking C static library esp-idf/esp_hal_twai/libesp_hal_twai.a
[880/1161] Linking C static library esp-idf/esp_blockdev_util/libesp_blockdev_util.a
[881/1161] Building C object esp-idf/sdmmc/CMakeFiles/__idf_sdmmc.dir/sdmmc_blockdev.c.obj
[882/1161] Linking C static library esp-idf/esp_hal_rmt/libesp_hal_rmt.a
[883/1161] Linking C static library esp-idf/esp_driver_cam/libesp_driver_cam.a
[884/1161] Linking C static library esp-idf/cmock/libcmock.a
[885/1161] Building C object esp-idf/esp_driver_i2c/CMakeFiles/__idf_esp_driver_i2c.dir/i2c_slave.c.obj
[886/1161] Linking C static library esp-idf/console/libconsole.a
[887/1161] Linking C static library esp-idf/esp_hal_ledc/libesp_hal_ledc.a
[888/1161] Building C object esp-idf/esp_driver_rmt/CMakeFiles/__idf_esp_driver_rmt.dir/src/rmt_encoder_simple.c.obj
[889/1161] Building C object esp-idf/esp_driver_sdspi/CMakeFiles/__idf_esp_driver_sdspi.dir/src/sdspi_crc.c.obj
[890/1161] Building C object esp-idf/esp_driver_rmt/CMakeFiles/__idf_esp_driver_rmt.dir/src/rmt_common.c.obj
[891/1161] Building C object esp-idf/esp_driver_rmt/CMakeFiles/__idf_esp_driver_rmt.dir/src/rmt_encoder_bytes.c.obj
[892/1161] Building C object esp-idf/sdmmc/CMakeFiles/__idf_sdmmc.dir/sdmmc_mmc.c.obj
[893/1161] Building C object esp-idf/esp_driver_sd_intf/CMakeFiles/__idf_esp_driver_sd_intf.dir/sd_host.c.obj
[894/1161] Building C object esp-idf/sdmmc/CMakeFiles/__idf_sdmmc.dir/sdmmc_common.c.obj
[895/1161] Building C object esp-idf/sdmmc/CMakeFiles/__idf_sdmmc.dir/sdmmc_io.c.obj
[896/1161] Building C object esp-idf/esp_driver_sdm/CMakeFiles/__idf_esp_driver_sdm.dir/src/sdm.c.obj
[897/1161] Building C object esp-idf/sdmmc/CMakeFiles/__idf_sdmmc.dir/sdmmc_cmd.c.obj
[898/1161] Linking C static library esp-idf/esp_driver_sdm/libesp_driver_sdm.a
[899/1161] Building C object esp-idf/esp_lcd/CMakeFiles/__idf_esp_lcd.dir/src/esp_lcd_common.c.obj
[900/1161] Building C object esp-idf/esp_driver_twai/CMakeFiles/__idf_esp_driver_twai.dir/twai_frame_queue.c.obj
[901/1161] Building C object esp-idf/sdmmc/CMakeFiles/__idf_sdmmc.dir/sdmmc_sd.c.obj
[902/1161] Building C object esp-idf/esp_hid/CMakeFiles/__idf_esp_hid.dir/src/esp_hid_common.c.obj
[903/1161] Building C object esp-idf/esp_lcd/CMakeFiles/__idf_esp_lcd.dir/src/esp_lcd_panel_io.c.obj
[904/1161] Linking C static library esp-idf/sdmmc/libsdmmc.a
[905/1161] Building C object esp-idf/esp_driver_rmt/CMakeFiles/__idf_esp_driver_rmt.dir/src/rmt_rx.c.obj
[906/1161] Linking C static library esp-idf/esp_driver_sd_intf/libesp_driver_sd_intf.a
[907/1161] Building C object esp-idf/esp_driver_twai/CMakeFiles/__idf_esp_driver_twai.dir/esp_twai.c.obj
[908/1161] Building C object esp-idf/esp_driver_sdspi/CMakeFiles/__idf_esp_driver_sdspi.dir/src/sdspi_transaction.c.obj
[909/1161] Building C object esp-idf/esp_hid/CMakeFiles/__idf_esp_hid.dir/src/esp_hidd.c.obj
[910/1161] Building C object esp-idf/esp_eth/CMakeFiles/__idf_esp_eth.dir/src/esp_eth_netif_glue.c.obj
[911/1161] Building C object esp-idf/esp_driver_i2c/CMakeFiles/__idf_esp_driver_i2c.dir/i2c_master.c.obj
[912/1161] Linking C static library esp-idf/esp_driver_i2c/libesp_driver_i2c.a
[913/1161] Building C object esp-idf/esp_driver_sdspi/CMakeFiles/__idf_esp_driver_sdspi.dir/src/sdspi_host.c.obj
[914/1161] Linking C static library esp-idf/esp_driver_sdspi/libesp_driver_sdspi.a
[915/1161] Building C object esp-idf/esp_driver_tsens/CMakeFiles/__idf_esp_driver_tsens.dir/src/temperature_sensor.c.obj
[916/1161] Linking C static library esp-idf/esp_driver_tsens/libesp_driver_tsens.a
[917/1161] Building C object esp-idf/driver/CMakeFiles/__idf_driver.dir/i2c/i2c.c.obj
[918/1161] Building C object esp-idf/protocomm/CMakeFiles/__idf_protocomm.dir/proto-c/constants.pb-c.c.obj
[919/1161] Linking C static library esp-idf/driver/libdriver.a
[920/1161] Building C object esp-idf/esp_driver_rmt/CMakeFiles/__idf_esp_driver_rmt.dir/src/rmt_tx.c.obj
[921/1161] Building C object esp-idf/protocomm/CMakeFiles/__idf_protocomm.dir/proto-c/session.pb-c.c.obj
[922/1161] Building C object esp-idf/esp_lcd/CMakeFiles/__idf_esp_lcd.dir/src/esp_lcd_panel_ssd1306.c.obj
[923/1161] Building C object esp-idf/esp_https_server/CMakeFiles/__idf_esp_https_server.dir/src/https_server.c.obj
[924/1161] Linking C static library esp-idf/esp_driver_rmt/libesp_driver_rmt.a
[925/1161] Building C object esp-idf/esp_lcd/CMakeFiles/__idf_esp_lcd.dir/src/esp_lcd_panel_ops.c.obj
[926/1161] Linking C static library esp-idf/esp_https_server/libesp_https_server.a
[927/1161] Building C object esp-idf/esp_hid/CMakeFiles/__idf_esp_hid.dir/src/esp_hidh.c.obj
[928/1161] Building C object esp-idf/protocomm/CMakeFiles/__idf_protocomm.dir/proto-c/sec1.pb-c.c.obj
[929/1161] Building C object esp-idf/protocomm/CMakeFiles/__idf_protocomm.dir/proto-c/sec2.pb-c.c.obj
[930/1161] Building C object esp-idf/protocomm/CMakeFiles/__idf_protocomm.dir/proto-c/sec0.pb-c.c.obj
[931/1161] Linking C static library esp-idf/esp_hid/libesp_hid.a
[932/1161] Building C object esp-idf/esp_lcd/CMakeFiles/__idf_esp_lcd.dir/i2c/esp_lcd_panel_io_i2c.c.obj
[933/1161] Building C object esp-idf/esp_eth/CMakeFiles/__idf_esp_eth.dir/src/esp_eth.c.obj
[934/1161] Building C object esp-idf/esp_eth/CMakeFiles/__idf_esp_eth.dir/src/phy/esp_eth_phy_802_3.c.obj
[935/1161] Building C object esp-idf/protocomm/CMakeFiles/__idf_protocomm.dir/src/crypto/srp6a/esp_srp_mpi.c.obj
[936/1161] Building C object esp-idf/protocomm/CMakeFiles/__idf_protocomm.dir/src/transports/protocomm_console.c.obj
[937/1161] Building C object esp-idf/esp_driver_ledc/CMakeFiles/__idf_esp_driver_ledc.dir/src/ledc.c.obj
[938/1161] Linking C static library esp-idf/esp_eth/libesp_eth.a
[939/1161] Building C object esp-idf/esp_driver_twai/CMakeFiles/__idf_esp_driver_twai.dir/esp_twai_onchip.c.obj
[940/1161] Linking C static library esp-idf/esp_driver_ledc/libesp_driver_ledc.a
[941/1161] Building C object esp-idf/esp_lcd/CMakeFiles/__idf_esp_lcd.dir/src/esp_lcd_panel_st7789.c.obj
[942/1161] Building C object esp-idf/protocomm/CMakeFiles/__idf_protocomm.dir/src/transports/protocomm_httpd.c.obj
[943/1161] Building CXX object esp-idf/wear_levelling/CMakeFiles/__idf_wear_levelling.dir/crc32.cpp.obj
[944/1161] Linking C static library esp-idf/esp_driver_twai/libesp_driver_twai.a
[945/1161] Building C object esp-idf/protocomm/CMakeFiles/__idf_protocomm.dir/src/common/protocomm.c.obj
[946/1161] Building CXX object esp-idf/wear_levelling/CMakeFiles/__idf_wear_levelling.dir/Partition.cpp.obj
[947/1161] Building CXX object esp-idf/wear_levelling/CMakeFiles/__idf_wear_levelling.dir/BDL_Access.cpp.obj
[948/1161] Building C object esp-idf/esp_lcd/CMakeFiles/__idf_esp_lcd.dir/spi/esp_lcd_panel_io_spi.c.obj
[949/1161] Building C object esp-idf/esp_local_ctrl/CMakeFiles/__idf_esp_local_ctrl.dir/src/esp_local_ctrl_transport_httpd.c.obj
[950/1161] Building CXX object esp-idf/wear_levelling/CMakeFiles/__idf_wear_levelling.dir/SPI_Flash.cpp.obj
[951/1161] Linking C static library esp-idf/esp_lcd/libesp_lcd.a
[952/1161] Building CXX object esp-idf/wear_levelling/CMakeFiles/__idf_wear_levelling.dir/WL_Ext_Perf.cpp.obj
[953/1161] Building C object esp-idf/esp_local_ctrl/CMakeFiles/__idf_esp_local_ctrl.dir/proto-c/esp_local_ctrl.pb-c.c.obj
[954/1161] Building C object esp-idf/esp_local_ctrl/CMakeFiles/__idf_esp_local_ctrl.dir/src/esp_local_ctrl.c.obj
[955/1161] Building CXX object esp-idf/wear_levelling/CMakeFiles/__idf_wear_levelling.dir/WL_Ext_Safe.cpp.obj
[956/1161] Building CXX object esp-idf/wear_levelling/CMakeFiles/__idf_wear_levelling.dir/wl_blockdev.cpp.obj
[957/1161] Building CXX object esp-idf/wear_levelling/CMakeFiles/__idf_wear_levelling.dir/wear_levelling.cpp.obj
[958/1161] Building C object esp-idf/esp_local_ctrl/CMakeFiles/__idf_esp_local_ctrl.dir/src/esp_local_ctrl_handler.c.obj
[959/1161] Building C object esp-idf/fatfs/CMakeFiles/__idf_fatfs.dir/diskio/diskio.c.obj
[960/1161] Building C object esp-idf/protocomm/CMakeFiles/__idf_protocomm.dir/src/security/security2.c.obj
[961/1161] Building C object esp-idf/fatfs/CMakeFiles/__idf_fatfs.dir/port/freertos/ffsystem.c.obj
[962/1161] Building C object esp-idf/fatfs/CMakeFiles/__idf_fatfs.dir/diskio/diskio_rawflash.c.obj
[963/1161] Building C object esp-idf/fatfs/CMakeFiles/__idf_fatfs.dir/diskio/diskio_wl.c.obj
[964/1161] Building C object esp-idf/fatfs/CMakeFiles/__idf_fatfs.dir/diskio/diskio_sdmmc.c.obj
[965/1161] Building C object esp-idf/fatfs/CMakeFiles/__idf_fatfs.dir/src/ffunicode.c.obj
[966/1161] Building C object esp-idf/protocomm/CMakeFiles/__idf_protocomm.dir/src/crypto/srp6a/esp_srp.c.obj
[967/1161] Building C object esp-idf/spiffs/CMakeFiles/__idf_spiffs.dir/spiffs/src/spiffs_cache.c.obj
[968/1161] Building C object esp-idf/rt/CMakeFiles/__idf_rt.dir/FreeRTOS_POSIX_utils.c.obj
[969/1161] Building C object esp-idf/spiffs/CMakeFiles/__idf_spiffs.dir/spiffs_api.c.obj
[970/1161] Building C object esp-idf/rt/CMakeFiles/__idf_rt.dir/FreeRTOS_POSIX_mqueue.c.obj
[971/1161] Building C object esp-idf/fatfs/CMakeFiles/__idf_fatfs.dir/vfs/vfs_fat_spiflash.c.obj
[972/1161] Linking C static library esp-idf/rt/librt.a
[973/1161] Building C object esp-idf/protobuf-c/CMakeFiles/__idf_protobuf-c.dir/protobuf-c/protobuf-c/protobuf-c.c.obj
[974/1161] Building C object esp-idf/fatfs/CMakeFiles/__idf_fatfs.dir/vfs/vfs_fat_sdmmc.c.obj
[975/1161] Linking C static library esp-idf/protobuf-c/libprotobuf-c.a
[976/1161] Linking C static library esp-idf/protocomm/libprotocomm.a
[977/1161] Building C object esp-idf/spiffs/CMakeFiles/__idf_spiffs.dir/spiffs/src/spiffs_gc.c.obj
[978/1161] Linking C static library esp-idf/esp_local_ctrl/libesp_local_ctrl.a
[979/1161] Building CXX object esp-idf/wear_levelling/CMakeFiles/__idf_wear_levelling.dir/WL_Flash.cpp.obj
[980/1161] Linking C static library esp-idf/wear_levelling/libwear_levelling.a
[981/1161] Building C object esp-idf/spiffs/CMakeFiles/__idf_spiffs.dir/spiffs/src/spiffs_check.c.obj
[982/1161] Building C object esp-idf/spiffs/CMakeFiles/__idf_spiffs.dir/spiffs/src/spiffs_hydrogen.c.obj
[983/1161] Building CXX object esp-idf/routeloom/CMakeFiles/__idf_routeloom.dir/src/byte_io.cpp.obj
[984/1161] Building C object esp-idf/fatfs/CMakeFiles/__idf_fatfs.dir/vfs/vfs_fat.c.obj
[985/1161] Building C object esp-idf/spiffs/CMakeFiles/__idf_spiffs.dir/esp_spiffs.c.obj
[986/1161] Building CXX object esp-idf/routeloom/CMakeFiles/__idf_routeloom.dir/src/authority.cpp.obj
[987/1161] Building CXX object esp-idf/routeloom/CMakeFiles/__idf_routeloom.dir/src/crc32.cpp.obj
[988/1161] Building C object esp-idf/spiffs/CMakeFiles/__idf_spiffs.dir/spiffs/src/spiffs_nucleus.c.obj
[989/1161] Building CXX object esp-idf/routeloom/CMakeFiles/__idf_routeloom.dir/src/autonomy_wire.cpp.obj
[990/1161] Linking C static library esp-idf/spiffs/libspiffs.a
[991/1161] Building C object esp-idf/fatfs/CMakeFiles/__idf_fatfs.dir/src/ff.c.obj
[992/1161] Linking C static library esp-idf/fatfs/libfatfs.a
[993/1161] Building CXX object esp-idf/routeloom/CMakeFiles/__idf_routeloom.dir/src/group_wire.cpp.obj
[994/1161] Performing configure step for 'bootloader'
-- Found Git: /usr/bin/git (found version "2.43.0")
-- Minimal build - OFF
-- The C compiler identification is GNU 15.2.0
-- The CXX compiler identification is GNU 15.2.0
-- The ASM compiler identification is GNU
-- Found assembler: /opt/esp/tools/riscv32-esp-elf/esp-15.2.0_20251204/riscv32-esp-elf/bin/riscv32-esp-elf-gcc
-- Detecting C compiler ABI info
-- Detecting C compiler ABI info - done
-- Check for working C compiler: /opt/esp/tools/riscv32-esp-elf/esp-15.2.0_20251204/riscv32-esp-elf/bin/riscv32-esp-elf-gcc - skipped
-- Detecting C compile features
-- Detecting C compile features - done
-- Detecting CXX compiler ABI info
-- Detecting CXX compiler ABI info - done
-- Check for working CXX compiler: /opt/esp/tools/riscv32-esp-elf/esp-15.2.0_20251204/riscv32-esp-elf/bin/riscv32-esp-elf-g++ - skipped
-- Detecting CXX compile features
-- Detecting CXX compile features - done
-- Building ESP-IDF components for target esp32c3
-- KCONFIG_REPORT_VERBOSITY not set, using default
-- Project sdkconfig file /src/firmware/bridge_node/sdkconfig
NOTE: Kconfig parser version: 1
NOTE: Kconfig defaults policy: use sdkconfig
NOTE: Status: Finished successfully
-- Detecting C compiler ABI info
-- Detecting C compiler ABI info - done
-- Detecting CXX compiler ABI info
-- Detecting CXX compiler ABI info - done
-- Detecting C compiler ABI info
-- Detecting C compiler ABI info - done
-- Detecting CXX compiler ABI info
-- Detecting CXX compiler ABI info - done
-- Detecting C compiler ABI info
-- Detecting C compiler ABI info - done
-- Detecting CXX compiler ABI info
-- Detecting CXX compiler ABI info - done
-- Adding linker script /opt/esp/idf/components/riscv/ld/rom.api.ld
-- Adding linker script /opt/esp/idf/components/soc/esp32c3/ld/esp32c3.peripherals.ld
-- Bootloader project name: "bootloader" version: 1
-- Adding linker script /opt/esp/idf/components/esp_rom/esp32c3/ld/esp32c3.rom.ld
-- Adding linker script /opt/esp/idf/components/esp_rom/esp32c3/ld/esp32c3.rom.api.ld
-- Adding linker script /opt/esp/idf/components/esp_rom/esp32c3/ld/esp32c3.rom.bt_funcs.ld
-- Adding linker script /opt/esp/idf/components/esp_rom/esp32c3/ld/esp32c3.rom.libgcc.ld
-- Adding linker script /opt/esp/idf/components/esp_rom/esp32c3/ld/esp32c3.rom.version.ld
-- Adding linker script /opt/esp/idf/components/esp_rom/esp32c3/ld/esp32c3.rom.libc.ld
-- Adding linker script /opt/esp/idf/components/esp_rom/esp32c3/ld/esp32c3.rom.libc-suboptimal_for_misaligned_mem.ld
-- Components: bootloader bootloader_support efuse esp_app_format esp_blockdev esp_bootloader_format esp_common esp_hal_ana_conv esp_hal_clock esp_hal_dma esp_hal_gpio esp_hal_gpspi esp_hal_mspi esp_hal_pmu esp_hal_rtc_timer esp_hal_security esp_hal_timg esp_hal_uart esp_hal_usb esp_hal_wdt esp_hw_support esp_libc esp_rom esp_security esp_stdio esp_system esptool_py freertos hal log main micro-ecc partition_table riscv soc spi_flash
-- Component paths: /opt/esp/idf/components/bootloader /opt/esp/idf/components/bootloader_support /opt/esp/idf/components/efuse /opt/esp/idf/components/esp_app_format /opt/esp/idf/components/esp_blockdev /opt/esp/idf/components/esp_bootloader_format /opt/esp/idf/components/esp_common /opt/esp/idf/components/esp_hal_ana_conv /opt/esp/idf/components/esp_hal_clock /opt/esp/idf/components/esp_hal_dma /opt/esp/idf/components/esp_hal_gpio /opt/esp/idf/components/esp_hal_gpspi /opt/esp/idf/components/esp_hal_mspi /opt/esp/idf/components/esp_hal_pmu /opt/esp/idf/components/esp_hal_rtc_timer /opt/esp/idf/components/esp_hal_security /opt/esp/idf/components/esp_hal_timg /opt/esp/idf/components/esp_hal_uart /opt/esp/idf/components/esp_hal_usb /opt/esp/idf/components/esp_hal_wdt /opt/esp/idf/components/esp_hw_support /opt/esp/idf/components/esp_libc /opt/esp/idf/components/esp_rom /opt/esp/idf/components/esp_security /opt/esp/idf/components/esp_stdio /opt/esp/idf/components/esp_system /opt/esp/idf/components/esptool_py /opt/esp/idf/components/freertos /opt/esp/idf/components/hal /opt/esp/idf/components/log /opt/esp/idf/components/bootloader/subproject/main /opt/esp/idf/components/bootloader/subproject/components/micro-ecc /opt/esp/idf/components/partition_table /opt/esp/idf/components/riscv /opt/esp/idf/components/soc /opt/esp/idf/components/spi_flash
-- Adding linker script /opt/esp/idf/components/bootloader/subproject/main/ld/esp32c3/bootloader.memory.ld.in
--   -> Preprocessing .in script: /opt/esp/idf/components/bootloader/subproject/main/ld/esp32c3/bootloader.memory.ld.in
-- Adding linker script /opt/esp/idf/components/bootloader/subproject/main/ld/esp32c3/bootloader.sections.ld.in
--   -> Preprocessing .in script: /opt/esp/idf/components/bootloader/subproject/main/ld/esp32c3/bootloader.sections.ld.in
-- Configuring done (7.4s)
-- Generating done (0.1s)
-- Build files have been written to: /src/firmware/bridge_node/build/bootloader
[995/1161] Building CXX object esp-idf/routeloom/CMakeFiles/__idf_routeloom.dir/src/replay.cpp.obj
[996/1161] Building CXX object esp-idf/routeloom/CMakeFiles/__idf_routeloom.dir/src/reply_peer_leases.cpp.obj
[997/1161] Building CXX object esp-idf/routeloom/CMakeFiles/__idf_routeloom.dir/src/discovery_scope.cpp.obj
[998/1161] Building CXX object esp-idf/routeloom/CMakeFiles/__idf_routeloom.dir/src/group_replay.cpp.obj
[999/1161] Building CXX object esp-idf/routeloom/CMakeFiles/__idf_routeloom.dir/src/bootstrap_transport.cpp.obj
[1000/1161] Building CXX object esp-idf/routeloom/CMakeFiles/__idf_routeloom.dir/src/kdf.cpp.obj
[1001/1161] Building CXX object esp-idf/routeloom/CMakeFiles/__idf_routeloom.dir/src/config_cose.cpp.obj
[1002/1161] Building CXX object esp-idf/routeloom/CMakeFiles/__idf_routeloom.dir/src/device_credential.cpp.obj
[1003/1161] Building CXX object esp-idf/routeloom/CMakeFiles/__idf_routeloom.dir/src/counter_store.cpp.obj
[1004/1161] Building CXX object esp-idf/routeloom/CMakeFiles/__idf_routeloom.dir/src/config_dev.cpp.obj
[1005/1161] Building CXX object esp-idf/routeloom/CMakeFiles/__idf_routeloom.dir/src/c_api.cpp.obj
[1006/1161] Building CXX object esp-idf/routeloom/CMakeFiles/__idf_routeloom.dir/src/node_status.cpp.obj
[1007/1161] Building CXX object esp-idf/routeloom/CMakeFiles/__idf_routeloom.dir/src/channel_plan.cpp.obj
[1008/1161] Building CXX object esp-idf/routeloom/CMakeFiles/__idf_routeloom.dir/src/key_schedule.cpp.obj
[1009/1161] Building CXX object esp-idf/routeloom/CMakeFiles/__idf_routeloom.dir/src/sdkv1_blob_storage.cpp.obj
[1010/1161] Building CXX object esp-idf/routeloom/CMakeFiles/__idf_routeloom.dir/src/peer_state.cpp.obj
[1011/1161] Building CXX object esp-idf/routeloom/CMakeFiles/__idf_routeloom.dir/src/endpoint_wire.cpp.obj
[1012/1161] Building CXX object esp-idf/routeloom/CMakeFiles/__idf_routeloom.dir/src/migration.cpp.obj
[1013/1161] Building CXX object esp-idf/routeloom/CMakeFiles/__idf_routeloom.dir/src/gateway.cpp.obj
[1014/1161] Performing build step for 'bootloader'
[1/142] Generating project_elf_src_esp32c3.c
[2/142] Preprocessing linker script /opt/esp/idf/components/bootloader/subproject/main/ld/esp32c3/bootloader.memory.ld.in -> /src/firmware/bridge_node/build/bootloader/ld/bootloader.memory.ld
[3/142] Preprocessing linker script /opt/esp/idf/components/bootloader/subproject/main/ld/esp32c3/bootloader.sections.ld.in -> /src/firmware/bridge_node/build/bootloader/ld/bootloader.sections.ld
[4/142] Building C object esp-idf/esp_hal_gpio/CMakeFiles/__idf_esp_hal_gpio.dir/esp32c3/dedic_gpio_periph.c.obj
[5/142] Building C object esp-idf/soc/CMakeFiles/__idf_soc.dir/esp32c3/interrupts.c.obj
[6/142] Building C object esp-idf/soc/CMakeFiles/__idf_soc.dir/esp32c3/mpi_periph.c.obj
[7/142] Building C object esp-idf/soc/CMakeFiles/__idf_soc.dir/esp32c3/gpio_periph.c.obj
[8/142] Building C object CMakeFiles/bootloader.elf.dir/project_elf_src_esp32c3.c.obj
[9/142] Building C object esp-idf/soc/CMakeFiles/__idf_soc.dir/esp32c3/power_supply_periph.c.obj
[10/142] Building C object esp-idf/soc/CMakeFiles/__idf_soc.dir/dport_access_common.c.obj
[11/142] Building C object esp-idf/esp_hal_gpio/CMakeFiles/__idf_esp_hal_gpio.dir/esp32c3/sdm_periph.c.obj
[12/142] Building C object esp-idf/esp_hal_gpspi/CMakeFiles/__idf_esp_hal_gpspi.dir/esp32c3/spi_periph.c.obj
[13/142] Building C object esp-idf/esp_hal_dma/CMakeFiles/__idf_esp_hal_dma.dir/esp32c3/gdma_periph.c.obj
[14/142] Building C object esp-idf/esp_hal_gpio/CMakeFiles/__idf_esp_hal_gpio.dir/sdm_hal.c.obj
[15/142] Building C object esp-idf/riscv/CMakeFiles/__idf_riscv.dir/rv_utils.c.obj
[16/142] Building C object esp-idf/esp_hal_usb/CMakeFiles/__idf_esp_hal_usb.dir/usb_serial_jtag_hal.c.obj
[17/142] Building C object esp-idf/esp_hal_wdt/CMakeFiles/__idf_esp_hal_wdt.dir/esp32c3/mwdt_periph.c.obj
[18/142] Building C object esp-idf/hal/CMakeFiles/__idf_hal.dir/efuse_hal.c.obj
[19/142] Building C object esp-idf/soc/CMakeFiles/__idf_soc.dir/lldesc.c.obj
[20/142] Building C object esp-idf/esp_hal_timg/CMakeFiles/__idf_esp_hal_timg.dir/esp32c3/timer_periph.c.obj
[21/142] Building C object esp-idf/esp_hal_pmu/CMakeFiles/__idf_esp_hal_pmu.dir/esp32c3/rtc_cntl_hal.c.obj
[22/142] Building C object esp-idf/esp_hal_pmu/CMakeFiles/__idf_esp_hal_pmu.dir/brownout_hal.c.obj
[23/142] Building C object esp-idf/esp_bootloader_format/CMakeFiles/__idf_esp_bootloader_format.dir/esp_bootloader_desc.c.obj
[24/142] Building C object esp-idf/esp_hal_gpio/CMakeFiles/__idf_esp_hal_gpio.dir/gpio_hal.c.obj
[25/142] Building C object esp-idf/esp_hal_uart/CMakeFiles/__idf_esp_hal_uart.dir/esp32c3/uart_periph.c.obj
[26/142] Building C object esp-idf/hal/CMakeFiles/__idf_hal.dir/esp32c3/efuse_hal.c.obj
[27/142] Building C object esp-idf/esp_hal_timg/CMakeFiles/__idf_esp_hal_timg.dir/timer_hal.c.obj
[28/142] Building C object esp-idf/esp_hal_ana_conv/CMakeFiles/__idf_esp_hal_ana_conv.dir/esp32c3/adc_periph.c.obj
[29/142] Building C object esp-idf/hal/CMakeFiles/__idf_hal.dir/cache_hal.c.obj
[30/142] Building C object esp-idf/hal/CMakeFiles/__idf_hal.dir/mmu_hal.c.obj
[31/142] Building C object esp-idf/esp_hal_dma/CMakeFiles/__idf_esp_hal_dma.dir/gdma_hal_top.c.obj
[32/142] Building C object esp-idf/esp_hal_wdt/CMakeFiles/__idf_esp_hal_wdt.dir/xt_wdt_hal.c.obj
[33/142] Building C object esp-idf/esp_hal_uart/CMakeFiles/__idf_esp_hal_uart.dir/uhci_hal.c.obj
[34/142] Building C object esp-idf/esp_hal_gpspi/CMakeFiles/__idf_esp_hal_gpspi.dir/spi_slave_hal.c.obj
[35/142] Building C object esp-idf/esp_hal_clock/CMakeFiles/__idf_esp_hal_clock.dir/esp32c3/clk_tree_hal.c.obj
[36/142] Building C object esp-idf/hal/CMakeFiles/__idf_hal.dir/hal_utils.c.obj
[37/142] Building C object esp-idf/esp_hal_ana_conv/CMakeFiles/__idf_esp_hal_ana_conv.dir/esp32c3/temperature_sensor_periph.c.obj
[38/142] Building C object esp-idf/esp_security/CMakeFiles/__idf_esp_security.dir/src/esp_crypto_lock.c.obj
[39/142] Building C object esp-idf/esp_hal_uart/CMakeFiles/__idf_esp_hal_uart.dir/uart_hal_iram.c.obj
[40/142] Building C object esp-idf/esp_hal_gpspi/CMakeFiles/__idf_esp_hal_gpspi.dir/spi_slave_hd_hal.c.obj
[41/142] Building C object esp-idf/spi_flash/CMakeFiles/__idf_spi_flash.dir/spi_flash_wrap.c.obj
[42/142] Building C object esp-idf/esp_hal_gpspi/CMakeFiles/__idf_esp_hal_gpspi.dir/spi_hal.c.obj
[43/142] Building C object esp-idf/esp_hal_gpspi/CMakeFiles/__idf_esp_hal_gpspi.dir/spi_slave_hal_iram.c.obj
[44/142] Building C object esp-idf/esp_hal_dma/CMakeFiles/__idf_esp_hal_dma.dir/gdma_hal_ahb_v1.c.obj
[45/142] Building C object esp-idf/bootloader_support/CMakeFiles/__idf_bootloader_support.dir/src/bootloader_mem.c.obj
[46/142] Building C object esp-idf/bootloader_support/CMakeFiles/__idf_bootloader_support.dir/src/secure_boot.c.obj
[47/142] Building C object esp-idf/bootloader_support/CMakeFiles/__idf_bootloader_support.dir/src/bootloader_clock_init.c.obj
[48/142] Building C object esp-idf/bootloader_support/CMakeFiles/__idf_bootloader_support.dir/src/bootloader_efuse.c.obj
[49/142] Building C object esp-idf/esp_hal_ana_conv/CMakeFiles/__idf_esp_hal_ana_conv.dir/temperature_sensor_hal.c.obj
[50/142] Building C object esp-idf/esp_security/CMakeFiles/__idf_esp_security.dir/src/esp_crypto_periph_clk.c.obj
[51/142] Building C object esp-idf/bootloader_support/CMakeFiles/__idf_bootloader_support.dir/src/flash_encrypt.c.obj
[52/142] Building C object esp-idf/bootloader_support/CMakeFiles/__idf_bootloader_support.dir/src/bootloader_console_loader.c.obj
[53/142] Building C object esp-idf/bootloader_support/CMakeFiles/__idf_bootloader_support.dir/src/bootloader_random.c.obj
[54/142] Building C object esp-idf/bootloader_support/CMakeFiles/__idf_bootloader_support.dir/src/bootloader_clock_loader.c.obj
[55/142] Building C object esp-idf/bootloader_support/CMakeFiles/__idf_bootloader_support.dir/src/bootloader_sha.c.obj
[56/142] Building C object esp-idf/bootloader_support/CMakeFiles/__idf_bootloader_support.dir/bootloader_flash/src/bootloader_flash_config_esp32c3.c.obj
[57/142] Building C object esp-idf/esp_hal_ana_conv/CMakeFiles/__idf_esp_hal_ana_conv.dir/adc_hal_common.c.obj
[58/142] Building C object esp-idf/bootloader_support/CMakeFiles/__idf_bootloader_support.dir/src/bootloader_random_esp32c3.c.obj
[59/142] Building C object esp-idf/bootloader_support/CMakeFiles/__idf_bootloader_support.dir/src/flash_partitions.c.obj
[60/142] Building C object esp-idf/esp_hal_wdt/CMakeFiles/__idf_esp_hal_wdt.dir/wdt_hal_iram.c.obj
[61/142] Building C object esp-idf/esp_hal_ana_conv/CMakeFiles/__idf_esp_hal_ana_conv.dir/adc_oneshot_hal.c.obj
[62/142] Building C object esp-idf/bootloader_support/CMakeFiles/__idf_bootloader_support.dir/bootloader_flash/src/flash_qio_mode.c.obj
[63/142] Building C object esp-idf/esp_hal_uart/CMakeFiles/__idf_esp_hal_uart.dir/uart_hal.c.obj
[64/142] Building C object esp-idf/bootloader_support/CMakeFiles/__idf_bootloader_support.dir/src/bootloader_common.c.obj
[65/142] Building C object esp-idf/bootloader_support/CMakeFiles/__idf_bootloader_support.dir/src/esp32c3/bootloader_soc.c.obj
[66/142] Building C object esp-idf/bootloader_support/CMakeFiles/__idf_bootloader_support.dir/src/bootloader_common_loader.c.obj
[67/142] Building C object esp-idf/bootloader_support/CMakeFiles/__idf_bootloader_support.dir/src/bootloader_panic.c.obj
[68/142] Building C object esp-idf/efuse/CMakeFiles/__idf_efuse.dir/esp32c3/esp_efuse_table.c.obj
[69/142] Building C object esp-idf/bootloader_support/CMakeFiles/__idf_bootloader_support.dir/src/bootloader_console.c.obj
[70/142] Building C object esp-idf/efuse/CMakeFiles/__idf_efuse.dir/esp32c3/esp_efuse_fields.c.obj
[71/142] Building C object esp-idf/efuse/CMakeFiles/__idf_efuse.dir/esp32c3/esp_efuse_rtc_calib.c.obj
[72/142] Building C object esp-idf/esp_hal_ana_conv/CMakeFiles/__idf_esp_hal_ana_conv.dir/adc_hal.c.obj
[73/142] Building C object esp-idf/esp_hal_gpspi/CMakeFiles/__idf_esp_hal_gpspi.dir/spi_hal_iram.c.obj
[74/142] Building C object esp-idf/esp_hw_support/CMakeFiles/__idf_esp_hw_support.dir/port/esp32c3/esp_cpu_intr.c.obj
[75/142] Building C object esp-idf/bootloader_support/CMakeFiles/__idf_bootloader_support.dir/src/esp32c3/bootloader_esp32c3.c.obj
[76/142] Building C object esp-idf/esp_hw_support/CMakeFiles/__idf_esp_hw_support.dir/esp_memory_utils.c.obj
[77/142] Building C object esp-idf/esp_hw_support/CMakeFiles/__idf_esp_hw_support.dir/port/esp32c3/cpu_region_protect.c.obj
[78/142] Building C object esp-idf/esp_system/CMakeFiles/__idf_esp_system.dir/esp_err.c.obj
[79/142] Building C object esp-idf/esp_hw_support/CMakeFiles/__idf_esp_hw_support.dir/port/esp32c3/rtc_clk_init.c.obj
[80/142] Building C object esp-idf/efuse/CMakeFiles/__idf_efuse.dir/src/esp_efuse_fields.c.obj
[81/142] Building C object esp-idf/esp_rom/CMakeFiles/__idf_esp_rom.dir/patches/esp_rom_crc.c.obj
[82/142] Building C object esp-idf/esp_hw_support/CMakeFiles/__idf_esp_hw_support.dir/port/esp32c3/chip_info.c.obj
[83/142] Building C object esp-idf/esp_hw_support/CMakeFiles/__idf_esp_hw_support.dir/cpu.c.obj
[84/142] Building C object esp-idf/bootloader_support/CMakeFiles/__idf_bootloader_support.dir/src/bootloader_init.c.obj
[85/142] Building C object esp-idf/esp_rom/CMakeFiles/__idf_esp_rom.dir/patches/esp_rom_efuse.c.obj
[86/142] Building C object esp-idf/esp_rom/CMakeFiles/__idf_esp_rom.dir/patches/esp_rom_sys.c.obj
[87/142] Building C object esp-idf/esp_rom/CMakeFiles/__idf_esp_rom.dir/patches/esp_rom_systimer.c.obj
[88/142] Building C object esp-idf/esp_rom/CMakeFiles/__idf_esp_rom.dir/patches/esp_rom_gpio.c.obj
[89/142] Building C object esp-idf/esp_rom/CMakeFiles/__idf_esp_rom.dir/patches/esp_rom_spiflash.c.obj
[90/142] Building C object esp-idf/log/CMakeFiles/__idf_log.dir/src/util.c.obj
[91/142] Building C object esp-idf/esp_common/CMakeFiles/__idf_esp_common.dir/src/esp_err_to_name.c.obj
[92/142] Building C object esp-idf/log/CMakeFiles/__idf_log.dir/src/noos/util.c.obj
[93/142] Building C object esp-idf/log/CMakeFiles/__idf_log.dir/src/log_timestamp_common.c.obj
[94/142] Building C object esp-idf/log/CMakeFiles/__idf_log.dir/src/noos/log_timestamp.c.obj
[95/142] Building C object esp-idf/log/CMakeFiles/__idf_log.dir/src/noos/log_lock.c.obj
[96/142] Building C object esp-idf/esp_hw_support/CMakeFiles/__idf_esp_hw_support.dir/port/esp32c3/rtc_init.c.obj
[97/142] Building C object esp-idf/efuse/CMakeFiles/__idf_efuse.dir/src/esp_efuse_utility.c.obj
[98/142] Building C object esp-idf/efuse/CMakeFiles/__idf_efuse.dir/esp32c3/esp_efuse_utility.c.obj
[99/142] Building C object esp-idf/log/CMakeFiles/__idf_log.dir/src/log_format_text.c.obj
[100/142] Building C object esp-idf/esp_rom/CMakeFiles/__idf_esp_rom.dir/patches/esp_rom_serial_output.c.obj
[101/142] Building C object esp-idf/efuse/CMakeFiles/__idf_efuse.dir/src/esp_efuse_api.c.obj
[102/142] Building C object esp-idf/log/CMakeFiles/__idf_log.dir/src/log.c.obj
[103/142] Building C object esp-idf/main/CMakeFiles/__idf_main.dir/bootloader_start.c.obj
[104/142] Building C object esp-idf/log/CMakeFiles/__idf_log.dir/src/log_print.c.obj
[105/142] Building C object esp-idf/esp_hw_support/CMakeFiles/__idf_esp_hw_support.dir/port/esp32c3/rtc_sleep.c.obj
[106/142] Building C object esp-idf/esp_hw_support/CMakeFiles/__idf_esp_hw_support.dir/port/esp32c3/rtc_time.c.obj
[107/142] Building C object esp-idf/esp_rom/CMakeFiles/__idf_esp_rom.dir/patches/esp_rom_print.c.obj
[108/142] Building C object esp-idf/log/CMakeFiles/__idf_log.dir/src/buffer/log_buffers.c.obj
[109/142] Building C object esp-idf/bootloader_support/CMakeFiles/__idf_bootloader_support.dir/bootloader_flash/src/bootloader_flash.c.obj
[110/142] Building C object esp-idf/bootloader_support/CMakeFiles/__idf_bootloader_support.dir/src/bootloader_utility.c.obj
[111/142] Linking C static library esp-idf/log/liblog.a
[112/142] Linking C static library esp-idf/esp_rom/libesp_rom.a
[113/142] Building C object esp-idf/efuse/CMakeFiles/__idf_efuse.dir/src/efuse_controller/keys/with_key_purposes/esp_efuse_api_key.c.obj
[114/142] Linking C static library esp-idf/esp_common/libesp_common.a
[115/142] Building C object esp-idf/bootloader_support/CMakeFiles/__idf_bootloader_support.dir/src/esp_image_format.c.obj
[116/142] Building C object esp-idf/esp_hw_support/CMakeFiles/__idf_esp_hw_support.dir/port/esp32c3/rtc_clk.c.obj
[117/142] Linking C static library esp-idf/esp_hw_support/libesp_hw_support.a
[118/142] Linking C static library esp-idf/esp_system/libesp_system.a
[119/142] Linking C static library esp-idf/efuse/libefuse.a
[120/142] Linking C static library esp-idf/bootloader_support/libbootloader_support.a
[121/142] Linking C static library esp-idf/esp_security/libesp_security.a
[122/142] Linking C static library esp-idf/esp_hal_ana_conv/libesp_hal_ana_conv.a
[123/142] Linking C static library esp-idf/esp_hal_uart/libesp_hal_uart.a
[124/142] Linking C static library esp-idf/esp_hal_wdt/libesp_hal_wdt.a
[125/142] Building C object esp-idf/micro-ecc/CMakeFiles/__idf_micro-ecc.dir/uECC_verify_antifault.c.obj
[126/142] Linking C static library esp-idf/esp_hal_timg/libesp_hal_timg.a
[127/142] Linking C static library esp-idf/micro-ecc/libmicro-ecc.a
[128/142] Linking C static library esp-idf/esp_bootloader_format/libesp_bootloader_format.a
[129/142] Linking C static library esp-idf/spi_flash/libspi_flash.a
[130/142] Linking C static library esp-idf/esp_hal_clock/libesp_hal_clock.a
[131/142] Linking C static library esp-idf/esp_hal_gpspi/libesp_hal_gpspi.a
[132/142] Linking C static library esp-idf/esp_hal_dma/libesp_hal_dma.a
[133/142] Linking C static library esp-idf/esp_hal_pmu/libesp_hal_pmu.a
[134/142] Linking C static library esp-idf/esp_hal_usb/libesp_hal_usb.a
[135/142] Linking C static library esp-idf/esp_hal_gpio/libesp_hal_gpio.a
[136/142] Linking C static library esp-idf/soc/libsoc.a
[137/142] Linking C static library esp-idf/riscv/libriscv.a
[138/142] Linking C static library esp-idf/hal/libhal.a
[139/142] Linking C static library esp-idf/main/libmain.a
[140/142] Linking C executable bootloader.elf
[141/142] Generating binary image from built executable
esptool v5.3.1
Creating ESP32-C3 image...
Merged 2 ELF sections.
Successfully created ESP32-C3 image.
Generated /src/firmware/bridge_node/build/bootloader/bootloader.bin
[142/142] cd /src/firmware/bridge_node/build/bootloader && /opt/esp/python_env/idf6.0_py3.12_env/bin/python /opt/esp/idf/components/partition_table/check_sizes.py --offset 0x8000 bootloader 0x0 /src/firmware/bridge_node/build/bootloader/bootloader.bin
Bootloader binary size 0x5360 bytes. 0x2ca0 bytes (35%) free.
[1015/1161] No install step for 'bootloader'
[1016/1161] Building CXX object esp-idf/routeloom/CMakeFiles/__idf_routeloom.dir/src/config.cpp.obj
[1017/1161] Completed 'bootloader'
[1018/1161] Building CXX object esp-idf/routeloom/CMakeFiles/__idf_routeloom.dir/src/sdkv1_boot_session.cpp.obj
[1019/1161] Building CXX object esp-idf/routeloom/CMakeFiles/__idf_routeloom.dir/src/config_wire.cpp.obj
[1020/1161] Building CXX object esp-idf/routeloom/CMakeFiles/__idf_routeloom.dir/src/group.cpp.obj
[1021/1161] Building CXX object esp-idf/routeloom/CMakeFiles/__idf_routeloom.dir/src/migration_wire.cpp.obj
[1022/1161] Building CXX object esp-idf/routeloom/CMakeFiles/__idf_routeloom.dir/src/rlres1.cpp.obj
[1023/1161] Building CXX object esp-idf/routeloom/CMakeFiles/__idf_routeloom.dir/src/discovery.cpp.obj
[1024/1161] Building CXX object esp-idf/routeloom/CMakeFiles/__idf_routeloom.dir/src/rlcw1.cpp.obj
[1025/1161] Building CXX object esp-idf/routeloom/CMakeFiles/__idf_routeloom.dir/src/power.cpp.obj
[1026/1161] Building CXX object esp-idf/routeloom/CMakeFiles/__idf_routeloom.dir/src/sdkv1_legacy_purge.cpp.obj
[1027/1161] Building CXX object esp-idf/routeloom/CMakeFiles/__idf_routeloom.dir/src/sdkv1_join_transport.cpp.obj
[1028/1161] Building CXX object esp-idf/routeloom/CMakeFiles/__idf_routeloom.dir/src/sdkv1_session_wire.cpp.obj
[1029/1161] Building CXX object esp-idf/routeloom/CMakeFiles/__idf_routeloom.dir/src/sdkv1_join_handshake.cpp.obj
[1030/1161] Building CXX object esp-idf/routeloom/CMakeFiles/__idf_routeloom.dir/src/routing.cpp.obj
[1031/1161] Building CXX object esp-idf/routeloom/CMakeFiles/__idf_routeloom.dir/src/sdkv1_grant_renew.cpp.obj
[1032/1161] Building CXX object esp-idf/routeloom/CMakeFiles/__idf_routeloom.dir/src/sdkv1_lifecycle_store.cpp.obj
[1033/1161] Building CXX object esp-idf/routeloom/CMakeFiles/__idf_routeloom.dir/src/security_floor.cpp.obj
[1034/1161] Building CXX object esp-idf/routeloom/CMakeFiles/__idf_routeloom.dir/src/sdkv1_join_candidates.cpp.obj
[1035/1161] Building CXX object esp-idf/routeloom/CMakeFiles/__idf_routeloom.dir/src/status.cpp.obj
[1036/1161] Building CXX object esp-idf/routeloom/CMakeFiles/__idf_routeloom.dir/src/sdkv1_membership.cpp.obj
[1037/1161] Building CXX object esp-idf/routeloom/CMakeFiles/__idf_routeloom.dir/src/sdkv1_authority.cpp.obj
[1038/1161] Building CXX object esp-idf/routeloom/CMakeFiles/__idf_routeloom.dir/src/sdkv1_ead.cpp.obj
[1039/1161] Building CXX object esp-idf/routeloom/CMakeFiles/__idf_routeloom.dir/src/sdkv1_maintenance.cpp.obj
[1040/1161] Building CXX object esp-idf/routeloom/CMakeFiles/__idf_routeloom.dir/src/sdkv1_pop.cpp.obj
[1041/1161] Building CXX object esp-idf/routeloom/CMakeFiles/__idf_routeloom.dir/src/route_scale.cpp.obj
[1042/1161] Building CXX object esp-idf/routeloom/CMakeFiles/__idf_routeloom.dir/src/usb_codec.cpp.obj
[1043/1161] Building CXX object esp-idf/routeloom/CMakeFiles/__idf_routeloom.dir/src/sdkv1_authority_transport.cpp.obj
[1044/1161] Building CXX object esp-idf/routeloom/CMakeFiles/__idf_routeloom.dir/src/sdkv1_dev_session.cpp.obj
[1045/1161] Building CXX object esp-idf/routeloom/CMakeFiles/__idf_routeloom.dir/src/sdkv1_joiner.cpp.obj
[1046/1161] Building CXX object esp-idf/routeloom/CMakeFiles/__idf_routeloom.dir/src/usb_session.cpp.obj
[1047/1161] Building C object esp-idf/routeloom/CMakeFiles/__idf_routeloom.dir/third_party/libedhoc/library/core/classic/edhoc_classic_message_1.c.obj
[1048/1161] Building C object esp-idf/routeloom/CMakeFiles/__idf_routeloom.dir/third_party/micro-ecc/uECC.c.obj
[1049/1161] Building C object esp-idf/routeloom/CMakeFiles/__idf_routeloom.dir/third_party/libedhoc/library/core/edhoc.c.obj
[1050/1161] Building CXX object esp-idf/routeloom/CMakeFiles/__idf_routeloom.dir/src/sdkv1_records.cpp.obj
[1051/1161] Building C object esp-idf/routeloom/CMakeFiles/__idf_routeloom.dir/third_party/libedhoc/library/core/classic/edhoc_classic_message_2.c.obj
[1052/1161] Building C object esp-idf/routeloom/CMakeFiles/__idf_routeloom.dir/third_party/libedhoc/library/core/edhoc_error_internal.c.obj
[1053/1161] Building C object esp-idf/routeloom/CMakeFiles/__idf_routeloom.dir/third_party/libedhoc/library/core/classic/edhoc_classic_message_4.c.obj
[1054/1161] Building C object esp-idf/routeloom/CMakeFiles/__idf_routeloom.dir/third_party/libedhoc/library/core/psk/edhoc_psk_message_2.c.obj
[1055/1161] Building C object esp-idf/routeloom/CMakeFiles/__idf_routeloom.dir/third_party/libedhoc/library/core/classic/edhoc_classic_message_3.c.obj
[1056/1161] Building C object esp-idf/routeloom/CMakeFiles/__idf_routeloom.dir/third_party/libedhoc/library/core/edhoc_cbor_internal.c.obj
[1057/1161] Building C object esp-idf/routeloom/CMakeFiles/__idf_routeloom.dir/third_party/libedhoc/library/core/edhoc_exporter_internal.c.obj
[1058/1161] Building C object esp-idf/routeloom/CMakeFiles/__idf_routeloom.dir/third_party/libedhoc/library/core/psk/edhoc_psk_message_3.c.obj
[1059/1161] Building C object esp-idf/routeloom/CMakeFiles/__idf_routeloom.dir/third_party/libedhoc/library/core/edhoc_kdf_internal.c.obj
[1060/1161] Building C object esp-idf/routeloom/CMakeFiles/__idf_routeloom.dir/third_party/libedhoc/library/core/edhoc_transcript_hash_internal.c.obj
[1061/1161] Building C object esp-idf/routeloom/CMakeFiles/__idf_routeloom.dir/third_party/libedhoc/library/core/edhoc_key_slot_internal.c.obj
[1062/1161] Building CXX object esp-idf/routeloom/CMakeFiles/__idf_routeloom.dir/src/sdkv1_session_rtc.cpp.obj
[1063/1161] Building C object esp-idf/routeloom/CMakeFiles/__idf_routeloom.dir/third_party/libedhoc/library/core/edhoc_ead_internal.c.obj
[1064/1161] Building C object esp-idf/routeloom/CMakeFiles/__idf_routeloom.dir/third_party/libedhoc/library/core/edhoc_cipher_internal.c.obj
[1065/1161] Building C object esp-idf/routeloom/CMakeFiles/__idf_routeloom.dir/third_party/libedhoc/library/core/edhoc_mac_internal.c.obj
[1066/1161] Building C object esp-idf/routeloom/CMakeFiles/__idf_routeloom.dir/third_party/libedhoc/library/core/edhoc_coap.c.obj
[1067/1161] Building C object esp-idf/routeloom/CMakeFiles/__idf_routeloom.dir/third_party/libedhoc/backends/cbor/src/backend_cbor_bstr_type_decode.c.obj
[1068/1161] Building C object esp-idf/routeloom/CMakeFiles/__idf_routeloom.dir/third_party/libedhoc/backends/cbor/src/backend_cbor_bstr_type_encode.c.obj
[1069/1161] Building C object esp-idf/routeloom/CMakeFiles/__idf_routeloom.dir/third_party/libedhoc/library/core/edhoc_key_schedule_internal.c.obj
[1070/1161] Building C object esp-idf/routeloom/CMakeFiles/__idf_routeloom.dir/third_party/libedhoc/library/core/edhoc_connection_id_internal.c.obj
[1071/1161] Building CXX object esp-idf/routeloom/CMakeFiles/__idf_routeloom.dir/src/sdkv1_group_security.cpp.obj
[1072/1161] Building C object esp-idf/routeloom/CMakeFiles/__idf_routeloom.dir/third_party/libedhoc/backends/cbor/src/backend_cbor_connection_identifier_decode.c.obj
[1073/1161] Building C object esp-idf/routeloom/CMakeFiles/__idf_routeloom.dir/third_party/libedhoc/backends/cbor/src/backend_cbor_connection_identifier_encode.c.obj
[1074/1161] Building C object esp-idf/routeloom/CMakeFiles/__idf_routeloom.dir/third_party/libedhoc/backends/cbor/src/backend_cbor_ead_decode.c.obj
[1075/1161] Building C object esp-idf/routeloom/CMakeFiles/__idf_routeloom.dir/third_party/libedhoc/backends/cbor/src/backend_cbor_ead_encode.c.obj
[1076/1161] Building C object esp-idf/routeloom/CMakeFiles/__idf_routeloom.dir/third_party/libedhoc/library/core/edhoc_credentials_internal.c.obj
[1077/1161] Building C object esp-idf/routeloom/CMakeFiles/__idf_routeloom.dir/third_party/libedhoc/library/core/edhoc_plaintext_internal.c.obj
[1078/1161] Building C object esp-idf/routeloom/CMakeFiles/__idf_routeloom.dir/third_party/libedhoc/backends/cbor/src/backend_cbor_enc_structure_decode.c.obj
[1079/1161] Building C object esp-idf/routeloom/CMakeFiles/__idf_routeloom.dir/third_party/libedhoc/backends/cbor/src/backend_cbor_enc_structure_encode.c.obj
[1080/1161] Building CXX object esp-idf/routeloom/CMakeFiles/__idf_routeloom.dir/src/sdkv1_group_keys.cpp.obj
[1081/1161] Building C object esp-idf/routeloom/CMakeFiles/__idf_routeloom.dir/third_party/libedhoc/backends/cbor/src/backend_cbor_info_decode.c.obj
[1082/1161] Building C object esp-idf/routeloom/CMakeFiles/__idf_routeloom.dir/third_party/libedhoc/backends/cbor/src/backend_cbor_id_cred_x_encode.c.obj
[1083/1161] Building C object esp-idf/routeloom/CMakeFiles/__idf_routeloom.dir/third_party/libedhoc/backends/cbor/src/backend_cbor_id_cred_x_decode.c.obj
[1084/1161] Building C object esp-idf/routeloom/CMakeFiles/__idf_routeloom.dir/third_party/libedhoc/backends/cbor/src/backend_cbor_int_type_encode.c.obj
[1085/1161] Building C object esp-idf/routeloom/CMakeFiles/__idf_routeloom.dir/third_party/libedhoc/backends/cbor/src/backend_cbor_message_2_decode.c.obj
[1086/1161] Building C object esp-idf/routeloom/CMakeFiles/__idf_routeloom.dir/third_party/libedhoc/backends/cbor/src/backend_cbor_message_2_encode.c.obj
[1087/1161] Building C object esp-idf/routeloom/CMakeFiles/__idf_routeloom.dir/third_party/libedhoc/backends/cbor/src/backend_cbor_message_1_encode.c.obj
[1088/1161] Building C object esp-idf/routeloom/CMakeFiles/__idf_routeloom.dir/third_party/libedhoc/backends/cbor/src/backend_cbor_message_1_decode.c.obj
[1089/1161] Building C object esp-idf/routeloom/CMakeFiles/__idf_routeloom.dir/third_party/libedhoc/backends/cbor/src/backend_cbor_int_type_decode.c.obj
[1090/1161] Building CXX object esp-idf/routeloom/CMakeFiles/__idf_routeloom.dir/src/trust_manifest.cpp.obj
[1091/1161] Building C object esp-idf/routeloom/CMakeFiles/__idf_routeloom.dir/third_party/libedhoc/backends/cbor/src/backend_cbor_message_3_encode.c.obj
[1092/1161] Building C object esp-idf/routeloom/CMakeFiles/__idf_routeloom.dir/third_party/libedhoc/backends/cbor/src/backend_cbor_info_encode.c.obj
[1093/1161] Building CXX object esp-idf/routeloom/CMakeFiles/__idf_routeloom.dir/src/telemetry.cpp.obj
[1094/1161] Building C object esp-idf/routeloom/CMakeFiles/__idf_routeloom.dir/third_party/libedhoc/backends/cbor/src/backend_cbor_message_3_decode.c.obj
[1095/1161] Building C object esp-idf/routeloom/CMakeFiles/__idf_routeloom.dir/third_party/libedhoc/backends/cbor/src/backend_cbor_message_4_decode.c.obj
[1096/1161] Building CXX object esp-idf/routeloom/CMakeFiles/__idf_routeloom.dir/src/sdkv1_join_relay.cpp.obj
[1097/1161] Building C object esp-idf/routeloom/CMakeFiles/__idf_routeloom.dir/third_party/libedhoc/backends/cbor/src/backend_cbor_message_error_decode.c.obj
[1098/1161] Building C object esp-idf/routeloom/CMakeFiles/__idf_routeloom.dir/third_party/libedhoc/backends/cbor/src/backend_cbor_message_error_encode.c.obj
[1099/1161] Building C object esp-idf/routeloom/CMakeFiles/__idf_routeloom.dir/third_party/libedhoc/backends/cbor/src/backend_cbor_message_4_encode.c.obj
[1100/1161] Building CXX object esp-idf/routeloom/CMakeFiles/__idf_routeloom.dir/src/sdkv1_store.cpp.obj
[1101/1161] Building C object esp-idf/routeloom/CMakeFiles/__idf_routeloom.dir/third_party/libedhoc/backends/cbor/src/backend_cbor_plaintext_4_decode.c.obj
[1102/1161] Building C object esp-idf/routeloom/CMakeFiles/__idf_routeloom.dir/third_party/libedhoc/backends/cbor/src/backend_cbor_plaintext_4_encode.c.obj
[1103/1161] Building C object esp-idf/routeloom/CMakeFiles/__idf_routeloom.dir/third_party/libedhoc/backends/cbor/src/backend_cbor_plaintext_3_encode.c.obj
[1104/1161] Building CXX object esp-idf/routeloom/CMakeFiles/__idf_routeloom.dir/src/sdkv1_handshake.cpp.obj
[1105/1161] Building C object esp-idf/routeloom/CMakeFiles/__idf_routeloom.dir/third_party/libedhoc/backends/cbor/src/backend_cbor_plaintext_2_encode.c.obj
[1106/1161] Building C object esp-idf/routeloom/CMakeFiles/__idf_routeloom.dir/third_party/libedhoc/backends/cbor/src/backend_cbor_plaintext_3_decode.c.obj
[1107/1161] Building C object esp-idf/routeloom/CMakeFiles/__idf_routeloom.dir/third_party/libedhoc/backends/cbor/src/backend_cbor_plaintext_2a_decode.c.obj
[1108/1161] Building C object esp-idf/routeloom/CMakeFiles/__idf_routeloom.dir/third_party/libedhoc/backends/cbor/src/backend_cbor_plaintext_2_decode.c.obj
[1109/1161] Building C object esp-idf/routeloom/CMakeFiles/__idf_routeloom.dir/third_party/libedhoc/backends/cbor/src/backend_cbor_plaintext_3a_encode.c.obj
[1110/1161] Building C object esp-idf/routeloom/CMakeFiles/__idf_routeloom.dir/third_party/libedhoc/backends/cbor/src/backend_cbor_plaintext_3a_decode.c.obj
[1111/1161] Building C object esp-idf/routeloom/CMakeFiles/__idf_routeloom.dir/third_party/libedhoc/backends/cbor/src/backend_cbor_plaintext_3b_encode.c.obj
[1112/1161] Building C object esp-idf/routeloom/CMakeFiles/__idf_routeloom.dir/third_party/libedhoc/backends/cbor/src/backend_cbor_sig_structure_decode.c.obj
[1113/1161] Building C object esp-idf/routeloom/CMakeFiles/__idf_routeloom.dir/third_party/libedhoc/backends/cbor/src/backend_cbor_plaintext_2a_encode.c.obj
[1114/1161] Building C object esp-idf/routeloom/CMakeFiles/__idf_routeloom.dir/third_party/libedhoc/backends/cbor/src/backend_cbor_plaintext_3b_decode.c.obj
[1115/1161] Building C object esp-idf/routeloom/CMakeFiles/__idf_routeloom.dir/third_party/libedhoc/backends/cbor/src/backend_cbor_sig_structure_encode.c.obj
[1116/1161] Building C object esp-idf/routeloom/CMakeFiles/__idf_routeloom.dir/src/edhoc/edhoc_port.c.obj
[1117/1161] Building C object esp-idf/routeloom/CMakeFiles/__idf_routeloom.dir/third_party/zcbor/src/zcbor_common.c.obj
[1118/1161] Building C object esp-idf/routeloom/CMakeFiles/__idf_routeloom.dir/third_party/zcbor/src/zcbor_encode.c.obj
[1119/1161] Building CXX object esp-idf/routeloom/CMakeFiles/__idf_routeloom.dir/src/wire.cpp.obj
[1120/1161] Building CXX object esp-idf/routeloom/CMakeFiles/__idf_routeloom.dir/src/trust_view.cpp.obj
[1121/1161] Building C object esp-idf/routeloom/CMakeFiles/__idf_routeloom.dir/third_party/zcbor/src/zcbor_decode.c.obj
[1122/1161] Building CXX object esp-idf/routeloom/CMakeFiles/__idf_routeloom.dir/src/trust_store.cpp.obj
[1123/1161] Building CXX object esp-idf/routeloom/CMakeFiles/__idf_routeloom.dir/src/edhoc/aead_gcm_builtin.cpp.obj
[1124/1161] Building CXX object esp-idf/routeloom_espnow/CMakeFiles/__idf_routeloom_espnow.dir/src/nvs_boot_session.cpp.obj
[1125/1161] Building CXX object esp-idf/routeloom_espnow/CMakeFiles/__idf_routeloom_espnow.dir/src/nvs_cred_store.cpp.obj
[1126/1161] Building CXX object esp-idf/routeloom_espnow/CMakeFiles/__idf_routeloom_espnow.dir/src/nvs_legacy_purge.cpp.obj
[1127/1161] Building CXX object esp-idf/routeloom/CMakeFiles/__idf_routeloom.dir/src/sdkv1_security_coordinator.cpp.obj
[1128/1161] Building CXX object esp-idf/routeloom_espnow/CMakeFiles/__idf_routeloom_espnow.dir/src/nvs_ledger_store.cpp.obj
[1129/1161] Building CXX object esp-idf/routeloom_espnow/CMakeFiles/__idf_routeloom_espnow.dir/src/nvs_security_floor.cpp.obj
[1130/1161] Building CXX object esp-idf/routeloom_espnow/CMakeFiles/__idf_routeloom_espnow.dir/src/nvs_trust_store.cpp.obj
[1131/1161] Building CXX object esp-idf/routeloom/CMakeFiles/__idf_routeloom.dir/src/sdkv1_revocation.cpp.obj
[1132/1161] Building CXX object esp-idf/routeloom_espnow/CMakeFiles/__idf_routeloom_espnow.dir/src/psa_aead_gcm.cpp.obj
[1133/1161] Building CXX object esp-idf/routeloom/CMakeFiles/__idf_routeloom.dir/src/session_bank.cpp.obj
[1134/1161] Building CXX object esp-idf/routeloom_espnow/CMakeFiles/__idf_routeloom_espnow.dir/src/nvs_sdkv1_store.cpp.obj
[1135/1161] Building CXX object esp-idf/routeloom_espnow/CMakeFiles/__idf_routeloom_espnow.dir/src/nvs_counter_store.cpp.obj
[1136/1161] Building CXX object esp-idf/routeloom/CMakeFiles/__idf_routeloom.dir/src/edhoc/edhoc_aead_builtin.cpp.obj
[1137/1161] Building CXX object esp-idf/routeloom/CMakeFiles/__idf_routeloom.dir/src/node.cpp.obj
[1138/1161] Building CXX object esp-idf/routeloom_espnow/CMakeFiles/__idf_routeloom_espnow.dir/src/espnow_sdkv1_entropy.cpp.obj
[1139/1161] Building CXX object esp-idf/routeloom/CMakeFiles/__idf_routeloom.dir/src/usb_host_ops.cpp.obj
[1140/1161] Building CXX object esp-idf/routeloom_espnow/CMakeFiles/__idf_routeloom_espnow.dir/src/espnow_sdkv1.cpp.obj
/src/components/routeloom_espnow/src/espnow_sdkv1.cpp:27:5: warning: 'int routeloom::espnow::{anonymous}::hex_value(char)' defined but not used [-Wunused-function]
   27 | int hex_value(const char value) noexcept {
      |     ^~~~~~~~~
[1141/1161] Building CXX object esp-idf/routeloom_espnow/CMakeFiles/__idf_routeloom_espnow.dir/src/espnow_autonomy.cpp.obj
[1142/1161] Building CXX object esp-idf/routeloom_espnow/CMakeFiles/__idf_routeloom_espnow.dir/src/nvs_config_store.cpp.obj
[1143/1161] Building CXX object esp-idf/routeloom_espnow/CMakeFiles/__idf_routeloom_espnow.dir/src/espnow_power.cpp.obj
[1144/1161] Building CXX object esp-idf/routeloom_espnow/CMakeFiles/__idf_routeloom_espnow.dir/src/nvs_replay_store.cpp.obj
[1145/1161] Building CXX object esp-idf/routeloom_espnow/CMakeFiles/__idf_routeloom_espnow.dir/src/psa_edhoc_aead.cpp.obj
[1146/1161] Building CXX object esp-idf/routeloom/CMakeFiles/__idf_routeloom.dir/src/usb_bridge.cpp.obj
[1147/1161] Building CXX object esp-idf/routeloom_espnow/CMakeFiles/__idf_routeloom_espnow.dir/src/psa_session_aead.cpp.obj
[1148/1161] Building CXX object esp-idf/routeloom_espnow/CMakeFiles/__idf_routeloom_espnow.dir/src/espnow_migration.cpp.obj
[1149/1161] Building CXX object esp-idf/routeloom/CMakeFiles/__idf_routeloom.dir/src/edhoc/edhoc_session.cpp.obj
[1150/1161] Building CXX object esp-idf/routeloom_espnow/CMakeFiles/__idf_routeloom_espnow.dir/src/espnow_runtime.cpp.obj
[1151/1161] Linking C static library esp-idf/routeloom/librouteloom.a
[1152/1161] Building CXX object esp-idf/main/CMakeFiles/__idf_main.dir/main.cpp.obj
[1153/1161] Building CXX object esp-idf/routeloom_espnow/CMakeFiles/__idf_routeloom_espnow.dir/src/psk_security.cpp.obj
[1154/1161] Building CXX object esp-idf/routeloom_espnow/CMakeFiles/__idf_routeloom_espnow.dir/src/espnow_security_owner.cpp.obj
[1155/1161] Linking C static library esp-idf/routeloom_espnow/librouteloom_espnow.a
[1156/1161] Linking C static library esp-idf/main/libmain.a
[1157/1161] Generating esp-idf/esp_system/ld/sections.ld
NOTE: /opt/esp/idf/components/bt/host/nimble/Kconfig.in:1453: 
BT_NIMBLE_MESH_PROVISIONER: 'default 0' is not a valid bool value (only 'y' and 
'n' are allowed). Value is treated as 'n'.
NOTE: /opt/esp/idf/components/fatfs/Kconfig:230: FATFS_PRINT_LLI: 'default 0' is
not a valid bool value (only 'y' and 'n' are allowed). Value is treated as 'n'.
NOTE: /opt/esp/idf/components/fatfs/Kconfig:235: FATFS_PRINT_FLOAT: 'default 0' 
is not a valid bool value (only 'y' and 'n' are allowed). Value is treated as 
'n'.
[1158/1161] Building C object CMakeFiles/routeloom_bridge_node.elf.dir/project_elf_src_esp32c3.c.obj
[1159/1161] Linking CXX executable routeloom_bridge_node.elf
[1160/1161] Generating binary image from built executable
esptool v5.3.1
Creating ESP32-C3 image...
Merged 3 ELF sections.
Successfully created ESP32-C3 image.
Generated /src/firmware/bridge_node/build/routeloom_bridge_node.bin
[1161/1161] cd /src/firmware/bridge_node/build && /opt/esp/python_env/idf6.0_py3.12_env/bin/python /opt/esp/idf/components/partition_table/check_sizes.py --offset 0x8000 partition --type app /src/firmware/bridge_node/build/partition_table/partition-table.bin /src/firmware/bridge_node/build/routeloom_bridge_node.bin
routeloom_bridge_node.bin binary size 0x1646a0 bytes. Smallest app partition is 0x180000 bytes. 0x1b960 bytes (7%) free.

Project build complete. To flash, run:
 idf.py flash
or
 idf.py -p PORT flash
or
 python -m esptool --chip esp32c3 -b 460800 --before default-reset --after hard-reset write-flash --flash-mode dio --flash-size 2MB --flash-freq 80m 0x0 build/bootloader/bootloader.bin 0x8000 build/partition_table/partition-table.bin 0x10000 build/routeloom_bridge_node.bin
or from the "/src/firmware/bridge_node/build" directory
 python -m esptool --chip esp32c3 -b 460800 --before default-reset --after hard-reset write-flash "@flash_args"
Executing action: size
Running ninja in directory /src/firmware/bridge_node/build
Executing "ninja all"...
[1/4] cd /src/firmware/bridge_node/build && /opt/esp/python_env/idf6.0_py3.12_env/bin/python /opt/esp/idf/components/partition_table/check_sizes.py --offset 0x8000 partition --type app /src/firmware/bridge_node/build/partition_table/partition-table.bin /src/firmware/bridge_node/build/routeloom_bridge_node.bin
routeloom_bridge_node.bin binary size 0x1646a0 bytes. Smallest app partition is 0x180000 bytes. 0x1b960 bytes (7%) free.
[2/4] Performing build step for 'bootloader'
[1/1] cd /src/firmware/bridge_node/build/bootloader && /opt/esp/python_env/idf6.0_py3.12_env/bin/python /opt/esp/idf/components/partition_table/check_sizes.py --offset 0x8000 bootloader 0x0 /src/firmware/bridge_node/build/bootloader/bootloader.bin
Bootloader binary size 0x5360 bytes. 0x2ca0 bytes (35%) free.
[3/4] No install step for 'bootloader'
[4/4] Completed 'bootloader'
Running ninja in directory /src/firmware/bridge_node/build
Executing "ninja size"...
[0/1] cd /src/firmware/bridge_node/build && /opt/esp/tools/cmake/4.0.3/bin/cmake -D "IDF_SIZE_TOOL=/opt/esp/python_env/idf6.0_py3.12_env/bin/python;-m;esp_idf_size" -D MAP_FILE=/src/firmware/bridge_node/build/routeloom_bridge_node.map -D OUTPUT_JSON= -P /opt/esp/idf/tools/cmake/run_size_tool.cmake
### Static RAM: hil

| Memory type | Used | Total | Free | Used % | Largest parts |
|---|---:|---:|---:|---:|---|
| DRAM | 292062 | 321296 | 29234 | 90.9 | .bss 221528, .text 57266, .data 13268 |
| RTC SLOW | 5912 | 8192 | 2280 | 72.2 | .data 5816, .force_slow 36, .text 28, .rtc_reserved 24 |

Guard (DRAM, .bss 221528 B, .data 13268 B): free 29234 B vs floor 8192 B — **PASS**

