[2026-09-26T10:28:32.563Z] !! capture open /dev/serial/by-id/usb-Espressif_USB_JTAG_serial_debug_unit_94:A9:90:7A:26:AC-if00 @ 115200 backend=pyserial dtr=1 rts=0
[2026-09-26T10:28:32.890Z] I (73884) RouteLoom: HIL LINK tx peer=2 type=32 cid=213160084 seI (142486) RouteLoom: HIL LINK rx peer=2 type=32 cid=237340361 current=0 status=5 seq=15
[2026-09-26T10:28:35.526Z] I (145122) RouteLoom: HIL LINK tx peer=2 type=32 cid=487400799 seq=41
[2026-09-26T10:28:37.892Z] I (147487) RouteLoom: HIL LINK rx peer=2 type=32 cid=237340361 current=0 status=5 seq=17
[2026-09-26T10:28:40.527Z] I (150123) RouteLoom: HIL LINK tx peer=2 type=32 cid=487400799 seq=42
[2026-09-26T10:28:42.527Z] I (152123) RouteLoom: HIL PROBE tx peer=2 type=40 status=0
[2026-09-26T10:28:42.544Z] I (152140) RouteLoom: HIL LINK rx peer=2 type=41 cid=237340361 current=0 status=5 seq=12
[2026-09-26T10:28:42.895Z] I (152491) RouteLoom: HIL LINK rx peer=2 type=32 cid=237340361 current=0 status=5 seq=19
[2026-09-26T10:28:45.529Z] I (155124) RouteLoom: HIL LINK tx peer=2 type=32 cid=487400799 seq=43
[2026-09-26T10:28:47.895Z] I (157490) RouteLoom: HIL LINK rx peer=2 type=32 cid=237340361 current=0 status=5 seq=21
[2026-09-26T10:28:50.531Z] I (160126) RouteLoom: HIL LINK tx peer=2 type=32 cid=487400799 seq=44
[2026-09-26T10:28:52.544Z] I (162140) RouteLoom: HIL LINK rx peer=2 type=40 cid=237340361 current=0 status=5 seq=14
[2026-09-26T10:28:52.548Z] I (162144) RouteLoom: HIL PROBE tx peer=2 type=41 status=0
[2026-09-26T10:28:52.899Z] I (162494) RouteLoom: HIL LINK rx peer=2 type=32 cid=237340361 current=0 status=5 seq=23
[2026-09-26T10:28:55.532Z] I (165127) RouteLoom: HIL LINK tx peer=2 type=32 cid=487400799 seq=45
[2026-09-26T10:28:57.900Z] I (167495) RouteLoom: HIL LINK rx peer=2 type=32 cid=237340361 current=0 status=5 seq=25
[2026-09-26T10:29:00.533Z] I (170128) RouteLoom: HIL LINK tx peer=2 type=32 cid=487400799 seq=46
[2026-09-26T10:29:02.547Z] I (172143) RouteLoom: HIL PROBE tx peer=2 type=40 status=0
[2026-09-26T10:29:02.564Z] I (172160) RouteLoom: HIL LINK rx peer=2 type=41 cid=237340361 current=0 status=5 seq=16
[2026-09-26T10:29:02.901Z] I (172496) RouteLoom: HIL LINK rx peer=2 type=32 cid=237340361 current=0 status=5 seq=27
[2026-09-26T10:29:04.621Z] I (174216) RouteLoom: HIL LINK rx peer=2 type=3 cid=237340361 current=0 status=5 seq=2
[2026-09-26T10:29:04.626Z] I (174221) RouteLoom: HIL LINK tx peer=2 type=17 cid=487400799 seq=2
[2026-09-26T10:29:04.638Z] I (174234) RouteLoom: HIL LINK tx peer=2 type=3 cid=487400799 seq=1
[2026-09-26T10:29:04.650Z] I (174246) RouteLoom: HIL LINK tx peer=2 type=3 cid=487400799 seq=2
[2026-09-26T10:29:04.665Z] I (174261) RouteLoom: HIL LINK rx peer=2 type=17 cid=237340361 current=0 status=5 seq=1
[2026-09-26T10:29:04.676Z] I (174272) RouteLoom: HIL LINK rx peer=2 type=17 cid=237340361 current=0 status=5 seq=2
[2026-09-26T10:29:04.773Z] I (174368) RouteLoom: HIL LINK rx peer=2 type=16 cid=237340361 current=0 status=5 seq=1
[2026-09-26T10:29:04.777Z] W (174371) RouteLoomRef: diagnostic reason=session unknown context peer=2 message=present
[2026-09-26T10:29:04.785Z] I (174379) RouteLoom: HIL LINK rx peer=2 type=3 cid=237340361 current=0 status=5 seq=3
[2026-09-26T10:29:04.791Z] I (174386) RouteLoom: HIL LINK tx peer=2 type=17 cid=487400799 seq=3
[2026-09-26T10:29:04.813Z] I (174409) RouteLoom: HIL LINK rx peer=2 type=16 cid=237340361 current=0 status=5 seq=1
[2026-09-26T10:29:04.816Z] I (174412) RouteLoomRef: message origin=1 session=249 sequence=1 bytes=9
[2026-09-26T10:29:04.822Z] I (174416) RouteLoom: HIL LINK tx peer=2 type=17 cid=487400799 seq=1
[2026-09-26T10:29:04.831Z] I (174427) RouteLoom: HIL LINK tx peer=2 type=18 cid=487400799 seq=1
[2026-09-26T10:29:04.851Z] I (174447) RouteLoom: HIL LINK rx peer=2 type=17 cid=237340361 current=0 status=5 seq=1
[2026-09-26T10:29:04.928Z] I (174524) RouteLoom: HIL LINK rx peer=2 type=16 cid=237340361 current=0 status=5 seq=4
[2026-09-26T10:29:04.931Z] I (174527) RouteLoomRef: message origin=1 session=249 sequence=4 bytes=9
[2026-09-26T10:29:04.937Z] I (174530) RouteLoom: HIL LINK tx peer=2 type=17 cid=487400799 seq=4
[2026-09-26T10:29:04.946Z] I (174542) RouteLoom: HIL LINK tx peer=2 type=18 cid=487400799 seq=4
[2026-09-26T10:29:04.966Z] I (174562) RouteLoom: HIL LINK rx peer=2 type=17 cid=237340361 current=0 status=5 seq=4
[2026-09-26T10:29:04.990Z] I (174585) RouteLoom: HIL LINK rx peer=2 type=32 cid=237340361 current=0 status=5 seq=28
[2026-09-26T10:29:05.087Z] I (174682) RouteLoom: HIL LINK rx peer=2 type=16 cid=237340361 current=0 status=5 seq=5
[2026-09-26T10:29:05.090Z] I (174686) RouteLoomRef: message origin=1 session=249 sequence=5 bytes=9
[2026-09-26T10:29:05.096Z] I (174689) RouteLoom: HIL LINK tx peer=2 type=17 cid=487400799 seq=5
[2026-09-26T10:29:05.104Z] I (174700) RouteLoom: HIL LINK tx peer=2 type=18 cid=487400799 seq=5
[2026-09-26T10:29:05.124Z] I (174720) RouteLoom: HIL LINK rx peer=2 type=17 cid=237340361 current=0 status=5 seq=5
[2026-09-26T10:29:05.144Z] I (174740) RouteLoom: HIL LINK tx peer=2 type=32 cid=487400799 seq=47
[2026-09-26T10:29:05.233Z] I (174829) RouteLoom: HIL LINK rx peer=2 type=3 cid=237340361 current=0 status=5 seq=6
[2026-09-26T10:29:05.238Z] I (174834) RouteLoom: HIL LINK tx peer=2 type=17 cid=487400799 seq=6
[2026-09-26T10:29:05.534Z] I (175130) RouteLoom: HIL LINK tx peer=2 type=32 cid=487400799 seq=48
[2026-09-26T10:29:05.734Z] I (175329) RouteLoom: HIL LINK rx peer=2 type=3 cid=237340361 current=0 status=5 seq=7
[2026-09-26T10:29:05.739Z] I (175335) RouteLoom: HIL LINK tx peer=2 type=17 cid=487400799 seq=7
[2026-09-26T10:29:06.023Z] I (175618) RouteLoom: HIL LINK rx peer=2 type=32 cid=237340361 current=0 status=5 seq=31
[2026-09-26T10:29:06.234Z] I (175830) RouteLoom: HIL LINK rx peer=2 type=3 cid=237340361 current=0 status=5 seq=8
[2026-09-26T10:29:06.240Z] I (175835) RouteLoom: HIL LINK tx peer=2 type=17 cid=487400799 seq=8
[2026-09-26T10:29:07.076Z] I (176671) RouteLoom: HIL LINK rx peer=2 type=32 cid=237340361 current=0 status=5 seq=33
[2026-09-26T10:29:07.902Z] I (177497) RouteLoom: HIL LINK rx peer=2 type=32 cid=237340361 current=0 status=5 seq=35
[2026-09-26T10:29:10.535Z] I (180130) RouteLoom: HIL LINK tx peer=2 type=32 cid=487400799 seq=49
[2026-09-26T10:29:10.816Z] I (180412) RouteLoom: stack hwm main 11096 B
[2026-09-26T10:29:10.816Z] I (180412) RouteLoom: HIL HEAP free=22172 largest=19456 min=21408 B
[2026-09-26T10:29:10.826Z] I (180413) RouteLoom: HIL DISCOVERY candidates=0 neighbors=1 capacity=0 auth=2 stale=0 probes=15 send_failures=2 kind_rejects=0
[2026-09-26T10:29:10.834Z] I (180423) RouteLoom: HIL ROUTE peer=1 phase=-1 via=2 metric=2 generation=249 seq=1
[2026-09-26T10:29:10.841Z] I (180430) RouteLoom: HIL ROUTE peer=2 phase=5 via=2 metric=1 generation=257 seq=1
[2026-09-26T10:29:12.563Z] I (182159) RouteLoom: HIL LINK rx peer=2 type=40 cid=237340361 current=0 status=5 seq=18
[2026-09-26T10:29:12.567Z] I (182163) RouteLoom: HIL PROBE tx peer=2 type=41 status=0
[2026-09-26T10:29:12.904Z] I (182499) RouteLoom: HIL LINK rx peer=2 type=32 cid=237340361 current=0 status=5 seq=37
[2026-09-26T10:29:15.537Z] I (185132) RouteLoom: HIL LINK tx peer=2 type=32 cid=487400799 seq=50
[2026-09-26T10:29:17.906Z] I (187501) RouteLoom: HIL LINK rx peer=2 type=32 cid=237340361 current=0 status=5 seq=39
[2026-09-26T10:29:20.539Z] I (190134) RouteLoom: HIL LINK tx peer=2 type=32 cid=487400799 seq=51
[2026-09-26T10:29:22.566Z] I (192162) RouteLoom: HIL PROBE tx peer=2 type=40 status=0
[2026-09-26T10:29:22.585Z] I (192180) RouteLoom: HIL LINK rx peer=2 type=41 cid=237340361 current=0 status=5 seq=20
[2026-09-26T10:29:22.908Z] I (192503) RouteLoom: HIL LINK rx peer=2 type=32 cid=237340361 current=0 status=5 seq=41
[2026-09-26T10:29:23.296Z] I (192891) RouteLoom: HIL LINK rx peer=2 type=16 cid=237340361 current=0 status=5 seq=9
[2026-09-26T10:29:23.299Z] I (192895) RouteLoomRef: message origin=1 session=249 sequence=9 bytes=9
[2026-09-26T10:29:23.305Z] I (192898) RouteLoom: HIL LINK tx peer=2 type=17 cid=487400799 seq=9
[2026-09-26T10:29:23.314Z] I (192909) RouteLoom: HIL LINK tx peer=2 type=18 cid=487400799 seq=9
[2026-09-26T10:29:23.337Z] I (192932) RouteLoom: HIL LINK rx peer=2 type=17 cid=237340361 current=0 status=5 seq=9
[2026-09-26T10:29:23.405Z] I (193001) RouteLoom: HIL LINK rx peer=2 type=16 cid=237340361 current=0 status=5 seq=10
[2026-09-26T10:29:23.409Z] I (193004) RouteLoomRef: message origin=1 session=249 sequence=10 bytes=9
[2026-09-26T10:29:23.415Z] I (193008) RouteLoom: HIL LINK tx peer=2 type=17 cid=487400799 seq=10
[2026-09-26T10:29:23.423Z] I (193019) RouteLoom: HIL LINK tx peer=2 type=18 cid=487400799 seq=10
[2026-09-26T10:29:23.444Z] I (193039) RouteLoom: HIL LINK rx peer=2 type=17 cid=237340361 current=0 status=5 seq=10
[2026-09-26T10:29:23.522Z] I (193117) RouteLoom: HIL LINK rx peer=2 type=16 cid=237340361 current=0 status=5 seq=11
[2026-09-26T10:29:23.525Z] I (193121) RouteLoomRef: message origin=1 session=249 sequence=11 bytes=9
[2026-09-26T10:29:23.531Z] I (193124) RouteLoom: HIL LINK tx peer=2 type=17 cid=487400799 seq=11
[2026-09-26T10:29:23.541Z] I (193136) RouteLoom: HIL LINK tx peer=2 type=18 cid=487400799 seq=11
[2026-09-26T10:29:23.562Z] I (193157) RouteLoom: HIL LINK rx peer=2 type=17 cid=237340361 current=0 status=5 seq=11
[2026-09-26T10:29:23.639Z] I (193234) RouteLoom: HIL LINK rx peer=2 type=16 cid=237340361 current=0 status=5 seq=12
[2026-09-26T10:29:23.642Z] I (193238) RouteLoomRef: message origin=1 session=249 sequence=12 bytes=9
[2026-09-26T10:29:23.648Z] I (193241) RouteLoom: HIL LINK tx peer=2 type=17 cid=487400799 seq=12
[2026-09-26T10:29:23.659Z] I (193255) RouteLoom: HIL LINK tx peer=2 type=18 cid=487400799 seq=12
[2026-09-26T10:29:23.680Z] I (193275) RouteLoom: HIL LINK rx peer=2 type=17 cid=237340361 current=0 status=5 seq=12
[2026-09-26T10:29:23.761Z] I (193356) RouteLoom: HIL LINK rx peer=2 type=16 cid=237340361 current=0 status=5 seq=13
[2026-09-26T10:29:23.764Z] I (193359) RouteLoomRef: message origin=1 session=249 sequence=13 bytes=9
[2026-09-26T10:29:23.770Z] I (193363) RouteLoom: HIL LINK tx peer=2 type=17 cid=487400799 seq=13
[2026-09-26T10:29:23.779Z] I (193374) RouteLoom: HIL LINK tx peer=2 type=18 cid=487400799 seq=13
[2026-09-26T10:29:23.790Z] I (193386) RouteLoom: HIL LINK tx peer=2 type=32 cid=487400799 seq=52
[2026-09-26T10:29:23.795Z] I (193391) RouteLoom: HIL LINK rx peer=2 type=32 cid=237340361 current=0 status=5 seq=42
[2026-09-26T10:29:23.810Z] I (193405) RouteLoom: HIL LINK rx peer=2 type=17 cid=237340361 current=0 status=5 seq=13
[2026-09-26T10:29:23.919Z] I (193514) RouteLoom: HIL LINK rx peer=2 type=16 cid=237340361 current=0 status=5 seq=14
[2026-09-26T10:29:23.922Z] I (193518) RouteLoomRef: message origin=1 session=249 sequence=14 bytes=9
[2026-09-26T10:29:23.928Z] I (193521) RouteLoom: HIL LINK tx peer=2 type=17 cid=487400799 seq=14
[2026-09-26T10:29:23.938Z] I (193532) RouteLoom: HIL LINK tx peer=2 type=18 cid=487400799 seq=14
[2026-09-26T10:29:23.957Z] I (193553) RouteLoom: HIL LINK rx peer=2 type=17 cid=237340361 current=0 status=5 seq=14
[2026-09-26T10:29:24.033Z] I (193628) RouteLoom: HIL LINK rx peer=2 type=16 cid=237340361 current=0 status=5 seq=15
[2026-09-26T10:29:24.036Z] I (193631) RouteLoomRef: message origin=1 session=249 sequence=15 bytes=9
[2026-09-26T10:29:24.042Z] I (193635) RouteLoom: HIL LINK tx peer=2 type=17 cid=487400799 seq=15
[2026-09-26T10:29:24.051Z] I (193647) RouteLoom: HIL LINK tx peer=2 type=18 cid=487400799 seq=15
[2026-09-26T10:29:24.071Z] I (193666) RouteLoom: HIL LINK rx peer=2 type=17 cid=237340361 current=0 status=5 seq=15
[2026-09-26T10:29:24.151Z] I (193746) RouteLoom: HIL LINK rx peer=2 type=16 cid=237340361 current=0 status=5 seq=16
[2026-09-26T10:29:24.154Z] I (193750) RouteLoomRef: message origin=1 session=249 sequence=16 bytes=9
[2026-09-26T10:29:24.160Z] I (193753) RouteLoom: HIL LINK tx peer=2 type=17 cid=487400799 seq=16
[2026-09-26T10:29:24.171Z] I (193767) RouteLoom: HIL LINK tx peer=2 type=18 cid=487400799 seq=16
[2026-09-26T10:29:24.192Z] I (193787) RouteLoom: HIL LINK rx peer=2 type=17 cid=237340361 current=0 status=5 seq=16
[2026-09-26T10:29:24.260Z] I (193855) RouteLoom: HIL LINK rx peer=2 type=16 cid=237340361 current=0 status=5 seq=17
[2026-09-26T10:29:24.267Z] I (193858) RouteLoomRef: message origin=1 session=249 sequence=17 bytes=9
[2026-09-26T10:29:24.269Z] I (193862) RouteLoom: HIL LINK tx peer=2 type=17 cid=487400799 seq=17
[2026-09-26T10:29:24.278Z] I (193873) RouteLoom: HIL LINK tx peer=2 type=18 cid=487400799 seq=17
[2026-09-26T10:29:24.298Z] I (193893) RouteLoom: HIL LINK rx peer=2 type=17 cid=237340361 current=0 status=5 seq=17
[2026-09-26T10:29:24.384Z] I (193979) RouteLoom: HIL LINK rx peer=2 type=16 cid=237340361 current=0 status=5 seq=18
[2026-09-26T10:29:24.387Z] I (193983) RouteLoomRef: message origin=1 session=249 sequence=18 bytes=9
[2026-09-26T10:29:24.393Z] I (193986) RouteLoom: HIL LINK tx peer=2 type=17 cid=487400799 seq=18
[2026-09-26T10:29:24.402Z] I (193997) RouteLoom: HIL LINK tx peer=2 type=18 cid=487400799 seq=18
[2026-09-26T10:29:24.422Z] I (194017) RouteLoom: HIL LINK rx peer=2 type=17 cid=237340361 current=0 status=5 seq=18
[2026-09-26T10:29:24.499Z] I (194094) RouteLoom: HIL LINK rx peer=2 type=16 cid=237340361 current=0 status=5 seq=19
[2026-09-26T10:29:24.502Z] I (194098) RouteLoomRef: message origin=1 session=249 sequence=19 bytes=9
[2026-09-26T10:29:24.508Z] I (194101) RouteLoom: HIL LINK tx peer=2 type=17 cid=487400799 seq=19
[2026-09-26T10:29:24.518Z] I (194113) RouteLoom: HIL LINK tx peer=2 type=18 cid=487400799 seq=19
[2026-09-26T10:29:24.538Z] I (194133) RouteLoom: HIL LINK rx peer=2 type=17 cid=237340361 current=0 status=5 seq=19
[2026-09-26T10:29:24.625Z] I (194220) RouteLoom: HIL LINK rx peer=2 type=16 cid=237340361 current=0 status=5 seq=20
[2026-09-26T10:29:24.628Z] I (194224) RouteLoomRef: message origin=1 session=249 sequence=20 bytes=9
[2026-09-26T10:29:24.634Z] I (194227) RouteLoom: HIL LINK tx peer=2 type=17 cid=487400799 seq=20
[2026-09-26T10:29:24.643Z] I (194238) RouteLoom: HIL LINK tx peer=2 type=18 cid=487400799 seq=20
[2026-09-26T10:29:24.663Z] I (194258) RouteLoom: HIL LINK rx peer=2 type=17 cid=237340361 current=0 status=5 seq=20
[2026-09-26T10:29:24.746Z] I (194341) RouteLoom: HIL LINK rx peer=2 type=16 cid=237340361 current=0 status=5 seq=21
[2026-09-26T10:29:24.749Z] I (194344) RouteLoomRef: message origin=1 session=249 sequence=21 bytes=9
[2026-09-26T10:29:24.755Z] I (194348) RouteLoom: HIL LINK tx peer=2 type=17 cid=487400799 seq=21
[2026-09-26T10:29:24.770Z] I (194366) RouteLoom: HIL LINK tx peer=2 type=18 cid=487400799 seq=21
[2026-09-26T10:29:24.791Z] I (194386) RouteLoom: HIL LINK rx peer=2 type=17 cid=237340361 current=0 status=5 seq=21
[2026-09-26T10:29:24.799Z] I (194395) RouteLoom: HIL LINK tx peer=2 type=32 cid=487400799 seq=53
[2026-09-26T10:29:24.819Z] I (194414) RouteLoom: HIL LINK rx peer=2 type=32 cid=237340361 current=0 status=5 seq=44
[2026-09-26T10:29:25.541Z] I (195137) RouteLoom: HIL LINK tx peer=2 type=32 cid=487400799 seq=54
[2026-09-26T10:29:25.835Z] I (195431) RouteLoom: HIL LINK tx peer=2 type=32 cid=487400799 seq=55
[2026-09-26T10:29:25.840Z] I (195435) RouteLoom: HIL LINK rx peer=2 type=32 cid=237340361 current=0 status=5 seq=47
[2026-09-26T10:29:26.886Z] I (196481) RouteLoom: HIL LINK rx peer=2 type=32 cid=237340361 current=0 status=5 seq=49
[2026-09-26T10:29:27.872Z] I (197467) RouteLoom: HIL LINK tx peer=2 type=32 cid=487400799 seq=56
[2026-09-26T10:29:27.912Z] I (197507) RouteLoom: HIL LINK rx peer=2 type=32 cid=237340361 current=0 status=5 seq=51
[2026-09-26T10:29:30.542Z] I (200137) RouteLoom: HIL LINK tx peer=2 type=32 cid=487400799 seq=57
[2026-09-26T10:29:32.583Z] I (202178) RouteLoom: HIL LINK rx peer=2 type=40 cid=237340361 current=0 status=5 seq=22
[2026-09-26T10:29:32.587Z] I (202182) RouteLoom: HIL PROBE tx peer=2 type=41 status=0
[2026-09-26T10:29:32.910Z] I (202506) RouteLoom: HIL LINK rx peer=2 type=32 cid=237340361 current=0 status=5 seq=53
[2026-09-26T10:29:34.714Z] I (204310) RouteLoom: HIL LINK rx peer=2 type=16 cid=237340361 current=0 status=5 seq=22
[2026-09-26T10:29:34.718Z] I (204313) RouteLoomRef: message origin=1 session=249 sequence=22 bytes=9
[2026-09-26T10:29:34.724Z] I (204317) RouteLoom: HIL LINK tx peer=2 type=17 cid=487400799 seq=22
[2026-09-26T10:29:34.733Z] I (204328) RouteLoom: HIL LINK tx peer=2 type=18 cid=487400799 seq=22
[2026-09-26T10:29:34.753Z] I (204348) RouteLoom: HIL LINK rx peer=2 type=17 cid=237340361 current=0 status=5 seq=22
[2026-09-26T10:29:35.544Z] I (205140) RouteLoom: HIL LINK tx peer=2 type=32 cid=487400799 seq=58
[2026-09-26T10:29:37.913Z] I (207509) RouteLoom: HIL LINK rx peer=2 type=32 cid=237340361 current=0 status=5 seq=55
[2026-09-26T10:29:40.546Z] I (210142) RouteLoom: HIL LINK tx peer=2 type=32 cid=487400799 seq=59
[2026-09-26T10:29:42.584Z] I (212180) RouteLoom: HIL PROBE tx peer=2 type=40 status=0
[2026-09-26T10:29:42.601Z] I (212197) RouteLoom: HIL LINK rx peer=2 type=41 cid=237340361 current=0 status=5 seq=24
[2026-09-26T10:29:42.914Z] I (212509) RouteLoom: HIL LINK rx peer=2 type=32 cid=237340361 current=0 status=5 seq=57
[2026-09-26T10:29:45.547Z] I (215142) RouteLoom: HIL LINK tx peer=2 type=32 cid=487400799 seq=60
[2026-09-26T10:29:47.914Z] I (217509) RouteLoom: HIL LINK rx peer=2 type=32 cid=237340361 current=0 status=5 seq=59
[2026-09-26T10:29:50.549Z] I (220144) RouteLoom: HIL LINK tx peer=2 type=32 cid=487400799 seq=61
[2026-09-26T10:29:52.601Z] I (222196) RouteLoom: HIL LINK rx peer=2 type=40 cid=237340361 current=0 status=5 seq=26
[2026-09-26T10:29:52.605Z] I (222200) RouteLoom: HIL PROBE tx peer=2 type=41 status=0
[2026-09-26T10:29:52.915Z] I (222510) RouteLoom: HIL LINK rx peer=2 type=32 cid=237340361 current=0 status=5 seq=61
[2026-09-26T10:29:55.551Z] I (225146) RouteLoom: HIL LINK tx peer=2 type=32 cid=487400799 seq=62
[2026-09-26T10:29:57.916Z] I (227511) RouteLoom: HIL LINK rx peer=2 type=32 cid=237340361 current=0 status=5 seq=63
[2026-09-26T10:30:00.553Z] I (230147) RouteLoom: HIL LINK tx peer=2 type=32 cid=487400799 seq=63
[2026-09-26T10:30:02.602Z] I (232198) RouteLoom: HIL PROBE tx peer=2 type=40 status=0
[2026-09-26T10:30:02.621Z] I (232216) RouteLoom: HIL LINK rx peer=2 type=41 cid=237340361 current=0 status=5 seq=28
[2026-09-26T10:30:02.918Z] I (232513) RouteLoom: HIL LINK rx peer=2 type=32 cid=237340361 current=0 status=5 seq=65
[2026-09-26T10:30:04.709Z] I (234304) RouteLoom: HIL LINK rx peer=2 type=16 cid=237340361 current=0 status=5 seq=23
[2026-09-26T10:30:04.712Z] I (234307) RouteLoomRef: message origin=1 session=249 sequence=23 bytes=9
[2026-09-26T10:30:04.718Z] I (234311) RouteLoom: HIL LINK tx peer=2 type=17 cid=487400799 seq=23
[2026-09-26T10:30:04.727Z] I (234322) RouteLoom: HIL LINK tx peer=2 type=18 cid=487400799 seq=23
[2026-09-26T10:30:04.747Z] I (234342) RouteLoom: HIL LINK rx peer=2 type=17 cid=237340361 current=0 status=5 seq=23
[2026-09-26T10:30:05.553Z] I (235148) RouteLoom: HIL LINK tx peer=2 type=32 cid=487400799 seq=64
[2026-09-26T10:30:07.920Z] I (237515) RouteLoom: HIL LINK rx peer=2 type=32 cid=237340361 current=0 status=5 seq=67
[2026-09-26T10:30:10.555Z] I (240150) RouteLoom: HIL LINK tx peer=2 type=32 cid=487400799 seq=65
[2026-09-26T10:30:10.819Z] I (240414) RouteLoom: stack hwm main 11096 B
[2026-09-26T10:30:10.820Z] I (240414) RouteLoom: HIL HEAP free=22172 largest=19456 min=21408 B
[2026-09-26T10:30:10.829Z] I (240415) RouteLoom: HIL DISCOVERY candidates=0 neighbors=1 capacity=0 auth=2 stale=0 probes=18 send_failures=2 kind_rejects=0
[2026-09-26T10:30:10.836Z] I (240425) RouteLoom: HIL ROUTE peer=1 phase=-1 via=2 metric=2 generation=249 seq=1
[2026-09-26T10:30:10.844Z] I (240432) RouteLoom: HIL ROUTE peer=2 phase=5 via=2 metric=1 generation=257 seq=1
[2026-09-26T10:30:12.619Z] I (242214) RouteLoom: HIL LINK rx peer=2 type=40 cid=237340361 current=0 status=5 seq=30
[2026-09-26T10:30:12.623Z] I (242218) RouteLoom: HIL PROBE tx peer=2 type=41 status=0
[2026-09-26T10:30:12.921Z] I (242516) RouteLoom: HIL LINK rx peer=2 type=32 cid=237340361 current=0 status=5 seq=69
[2026-09-26T10:30:15.557Z] I (245152) RouteLoom: HIL LINK tx peer=2 type=32 cid=487400799 seq=66
[2026-09-26T10:30:17.921Z] I (247516) RouteLoom: HIL LINK rx peer=2 type=32 cid=237340361 current=0 status=5 seq=71
[2026-09-26T10:30:20.559Z] I (250154) RouteLoom: HIL LINK tx peer=2 type=32 cid=487400799 seq=67
[2026-09-26T10:30:22.622Z] I (252217) RouteLoom: HIL PROBE tx peer=2 type=40 status=0
[2026-09-26T10:30:22.639Z] I (252234) RouteLoom: HIL LINK rx peer=2 type=41 cid=237340361 current=0 status=5 seq=32
[2026-09-26T10:30:22.921Z] I (252516) RouteLoom: HIL LINK rx peer=2 type=32 cid=237340361 current=0 status=5 seq=73
[2026-09-26T10:30:25.560Z] I (255155) RouteLoom: HIL LINK tx peer=2 type=32 cid=487400799 seq=68
[2026-09-26T10:30:27.921Z] I (257516) RouteLoom: HIL LINK rx peer=2 type=32 cid=237340361 current=0 status=5 seq=75
[2026-09-26T10:30:30.563Z] I (260157) RouteLoom: HIL LINK tx peer=2 type=32 cid=487400799 seq=69
[2026-09-26T10:30:32.640Z] I (262234) RouteLoom: HIL LINK rx peer=2 type=40 cid=237340361 current=0 status=5 seq=34
[2026-09-26T10:30:32.643Z] I (262238) RouteLoom: HIL PROBE tx peer=2 type=41 status=0
[2026-09-26T10:30:32.924Z] I (262519) RouteLoom: HIL LINK rx peer=2 type=32 cid=237340361 current=0 status=5 seq=77
[2026-09-26T10:30:34.711Z] I (264305) RouteLoom: HIL LINK rx peer=2 type=16 cid=237340361 current=0 status=5 seq=24
[2026-09-26T10:30:34.714Z] I (264309) RouteLoomRef: message origin=1 session=249 sequence=24 bytes=9
[2026-09-26T10:30:34.720Z] I (264312) RouteLoom: HIL LINK tx peer=2 type=17 cid=487400799 seq=24
[2026-09-26T10:30:34.729Z] I (264323) RouteLoom: HIL LINK tx peer=2 type=18 cid=487400799 seq=24
[2026-09-26T10:30:34.749Z] I (264343) RouteLoom: HIL LINK rx peer=2 type=17 cid=237340361 current=0 status=5 seq=24
[2026-09-26T10:30:35.564Z] I (265159) RouteLoom: HIL LINK tx peer=2 type=32 cid=487400799 seq=70
[2026-09-26T10:30:37.927Z] I (267521) RouteLoom: HIL LINK rx peer=2 type=32 cid=237340361 current=0 status=5 seq=79
[2026-09-26T10:30:40.566Z] I (270160) RouteLoom: HIL LINK tx peer=2 type=32 cid=487400799 seq=71
[2026-09-26T10:30:42.641Z] I (272236) RouteLoom: HIL PROBE tx peer=2 type=40 status=0
[2026-09-26T10:30:42.658Z] I (272253) RouteLoom: HIL LINK rx peer=2 type=41 cid=237340361 current=0 status=5 seq=36
[2026-09-26T10:30:42.929Z] I (272523) RouteLoom: HIL LINK rx peer=2 type=32 cid=237340361 current=0 status=5 seq=81
[2026-09-26T10:30:45.568Z] I (275162) RouteLoom: HIL LINK tx peer=2 type=32 cid=487400799 seq=72
[2026-09-26T10:30:47.931Z] I (277525) RouteLoom: HIL LINK rx peer=2 type=32 cid=237340361 current=0 status=5 seq=83
[2026-09-26T10:30:50.570Z] I (280164) RouteLoom: HIL LINK tx peer=2 type=32 cid=487400799 seq=73
[2026-09-26T10:30:52.659Z] I (282253) RouteLoom: HIL LINK rx peer=2 type=40 cid=237340361 current=0 status=5 seq=38
[2026-09-26T10:30:52.662Z] I (282257) RouteLoom: HIL PROBE tx peer=2 type=41 status=0
[2026-09-26T10:30:52.928Z] I (282523) RouteLoom: HIL LINK rx peer=2 type=32 cid=237340361 current=0 status=5 seq=85
[2026-09-26T10:30:55.570Z] I (285164) RouteLoom: HIL LINK tx peer=2 type=32 cid=487400799 seq=74
[2026-09-26T10:30:57.932Z] I (287526) RouteLoom: HIL LINK rx peer=2 type=32 cid=237340361 current=0 status=5 seq=87
[2026-09-26T10:31:00.571Z] I (290165) RouteLoom: HIL LINK tx peer=2 type=32 cid=487400799 seq=75
[2026-09-26T10:31:02.660Z] I (292255) RouteLoom: HIL PROBE tx peer=2 type=40 status=0
[2026-09-26T10:31:02.679Z] I (292273) RouteLoom: HIL LINK rx peer=2 type=41 cid=237340361 current=0 status=5 seq=40
[2026-09-26T10:31:02.933Z] I (292528) RouteLoom: HIL LINK rx peer=2 type=32 cid=237340361 current=0 status=5 seq=89
[2026-09-26T10:31:04.716Z] I (294310) RouteLoom: HIL LINK rx peer=2 type=16 cid=237340361 current=0 status=5 seq=25
[2026-09-26T10:31:04.719Z] I (294313) RouteLoomRef: message origin=1 session=249 sequence=25 bytes=9
[2026-09-26T10:31:04.725Z] I (294317) RouteLoom: HIL LINK tx peer=2 type=17 cid=487400799 seq=25
[2026-09-26T10:31:04.734Z] I (294328) RouteLoom: HIL LINK tx peer=2 type=18 cid=487400799 seq=25
[2026-09-26T10:31:04.753Z] I (294348) RouteLoom: HIL LINK rx peer=2 type=17 cid=237340361 current=0 status=5 seq=25
[2026-09-26T10:31:05.575Z] I (295165) RouteLoom: HIL LINK tx peer=2 type=32 cid=487400799 seq=76
[2026-09-26T10:31:07.937Z] I (297531) RouteLoom: HIL LINK rx peer=2 type=32 cid=237340361 current=0 status=5 seq=91
[2026-09-26T10:31:10.572Z] I (300166) RouteLoom: HIL LINK tx peer=2 type=32 cid=487400799 seq=77
[2026-09-26T10:31:10.821Z] I (300415) RouteLoom: stack hwm main 11096 B
[2026-09-26T10:31:10.821Z] I (300415) RouteLoom: HIL HEAP free=22172 largest=19456 min=21408 B
[2026-09-26T10:31:10.831Z] I (300416) RouteLoom: HIL DISCOVERY candidates=0 neighbors=1 capacity=0 auth=2 stale=0 probes=21 send_failures=2 kind_rejects=0
[2026-09-26T10:31:10.838Z] I (300426) RouteLoom: HIL ROUTE peer=1 phase=-1 via=2 metric=2 generation=249 seq=1
[2026-09-26T10:31:10.845Z] I (300433) RouteLoom: HIL ROUTE peer=2 phase=5 via=2 metric=1 generation=257 seq=1
[2026-09-26T10:31:12.677Z] I (302271) RouteLoom: HIL LINK rx peer=2 type=40 cid=237340361 current=0 status=5 seq=42
[2026-09-26T10:31:12.681Z] I (302275) RouteLoom: HIL PROBE tx peer=2 type=41 status=0
[2026-09-26T10:31:12.941Z] I (302535) RouteLoom: HIL LINK rx peer=2 type=32 cid=237340361 current=0 status=5 seq=93
[2026-09-26T10:31:15.573Z] I (305167) RouteLoom: HIL LINK tx peer=2 type=32 cid=487400799 seq=78
[2026-09-26T10:31:17.942Z] I (307536) RouteLoom: HIL LINK rx peer=2 type=32 cid=237340361 current=0 status=5 seq=95
[2026-09-26T10:31:20.574Z] I (310168) RouteLoom: HIL LINK tx peer=2 type=32 cid=487400799 seq=79
[2026-09-26T10:31:22.680Z] I (312274) RouteLoom: HIL PROBE tx peer=2 type=40 status=0
[2026-09-26T10:31:22.700Z] I (312291) RouteLoom: HIL LINK rx peer=2 type=41 cid=237340361 current=0 status=5 seq=44
[2026-09-26T10:31:22.944Z] I (312537) RouteLoom: HIL LINK rx peer=2 type=32 cid=237340361 current=0 status=5 seq=97
[2026-09-26T10:31:25.576Z] I (315170) RouteLoom: HIL LINK tx peer=2 type=32 cid=487400799 seq=80
[2026-09-26T10:31:27.944Z] I (317537) RouteLoom: HIL LINK rx peer=2 type=32 cid=237340361 current=0 status=5 seq=99
[2026-09-26T10:31:30.578Z] I (320172) RouteLoom: HIL LINK tx peer=2 type=32 cid=487400799 seq=81
[2026-09-26T10:31:32.699Z] I (322291) RouteLoom: HIL LINK rx peer=2 type=40 cid=237340361 current=0 status=5 seq=46
[2026-09-26T10:31:32.701Z] I (322295) RouteLoom: HIL PROBE tx peer=2 type=41 status=0
[2026-09-26T10:31:32.949Z] I (322540) RouteLoom: HIL LINK rx peer=2 type=32 cid=237340361 current=0 status=5 seq=101
[2026-09-26T10:31:34.765Z] I (324358) RouteLoom: HIL LINK rx peer=2 type=16 cid=237340361 current=0 status=5 seq=26
[2026-09-26T10:31:34.768Z] I (324361) RouteLoomRef: message origin=1 session=249 sequence=26 bytes=9
[2026-09-26T10:31:34.774Z] I (324365) RouteLoom: HIL LINK tx peer=2 type=17 cid=487400799 seq=26
[2026-09-26T10:31:34.782Z] I (324376) RouteLoom: HIL LINK tx peer=2 type=18 cid=487400799 seq=26
[2026-09-26T10:31:34.803Z] I (324396) RouteLoom: HIL LINK rx peer=2 type=17 cid=237340361 current=0 status=5 seq=26
[2026-09-26T10:31:35.583Z] I (325175) RouteLoom: HIL LINK tx peer=2 type=32 cid=487400799 seq=82
[2026-09-26T10:31:37.946Z] I (327540) RouteLoom: HIL LINK rx peer=2 type=32 cid=237340361 current=0 status=5 seq=103
[2026-09-26T10:31:40.582Z] I (330175) RouteLoom: HIL LINK tx peer=2 type=32 cid=487400799 seq=83
[2026-09-26T10:31:42.701Z] I (332295) RouteLoom: HIL PROBE tx peer=2 type=40 status=0
[2026-09-26T10:31:42.718Z] I (332312) RouteLoom: HIL LINK rx peer=2 type=41 cid=237340361 current=0 status=5 seq=48
[2026-09-26T10:31:42.946Z] I (332540) RouteLoom: HIL LINK rx peer=2 type=32 cid=237340361 current=0 status=5 seq=105
[2026-09-26T10:31:45.583Z] I (335176) RouteLoom: HIL LINK tx peer=2 type=32 cid=487400799 seq=84
[2026-09-26T10:31:47.947Z] I (337541) RouteLoom: HIL LINK rx peer=2 type=32 cid=237340361 current=0 status=5 seq=107
[2026-09-26T10:31:50.583Z] I (340177) RouteLoom: HIL LINK tx peer=2 type=32 cid=487400799 seq=85
[2026-09-26T10:31:52.717Z] I (342310) RouteLoom: HIL LINK rx peer=2 type=40 cid=237340361 current=0 status=5 seq=50
[2026-09-26T10:31:52.720Z] I (342314) RouteLoom: HIL PROBE tx peer=2 type=41 status=0
[2026-09-26T10:31:52.946Z] I (342540) RouteLoom: HIL LINK rx peer=2 type=32 cid=237340361 current=0 status=5 seq=109
[2026-09-26T10:31:55.586Z] I (345179) RouteLoom: HIL LINK tx peer=2 type=32 cid=487400799 seq=86
[2026-09-26T10:31:57.947Z] I (347541) RouteLoom: HIL LINK rx peer=2 type=32 cid=237340361 current=0 status=5 seq=111
[2026-09-26T10:32:00.587Z] I (350180) RouteLoom: HIL LINK tx peer=2 type=32 cid=487400799 seq=87
[2026-09-26T10:32:02.623Z] !! capture closed
[2026-09-26T10:32:26.247Z] !! capture open /dev/serial/by-id/usb-Espressif_USB_JTAG_serial_debug_unit_94:A9:90:7A:26:AC-if00 @ 115200 backend=pyserial dtr=1 rts=0
[2026-09-26T10:32:27.988Z] I (377555) RouteLoom: HIL LINK rx peer=2 type=32 cid=237340361 current=0 status=5 seq=123
[2026-09-26T10:32:30.597Z] I (380190) RouteLoom: HIL LINK tx peer=2 type=32 cid=487400799 seq=93
[2026-09-26T10:32:32.755Z] I (382348) RouteLoom: HIL LINK rx peer=2 type=40 cid=237340361 current=0 status=5 seq=58
[2026-09-26T10:32:32.759Z] I (382352) RouteLoom: HIL PROBE tx peer=2 type=41 status=0
[2026-09-26T10:32:32.962Z] I (382555) RouteLoom: HIL LINK rx peer=2 type=32 cid=237340361 current=0 status=5 seq=125
[2026-09-26T10:32:34.709Z] I (384302) RouteLoom: HIL LINK rx peer=2 type=16 cid=237340361 current=0 status=5 seq=28
[2026-09-26T10:32:34.712Z] I (384305) RouteLoomRef: message origin=1 session=249 sequence=28 bytes=9
[2026-09-26T10:32:34.719Z] I (384309) RouteLoom: HIL LINK tx peer=2 type=17 cid=487400799 seq=28
[2026-09-26T10:32:34.729Z] I (384320) RouteLoom: HIL LINK tx peer=2 type=18 cid=487400799 seq=28
[2026-09-26T10:32:34.748Z] I (384341) RouteLoom: HIL LINK rx peer=2 type=17 cid=237340361 current=0 status=5 seq=28
[2026-09-26T10:32:35.599Z] I (385193) RouteLoom: HIL LINK tx peer=2 type=32 cid=487400799 seq=94
[2026-09-26T10:32:37.965Z] I (387558) RouteLoom: HIL LINK rx peer=2 type=32 cid=237340361 current=0 status=5 seq=127
[2026-09-26T10:32:40.601Z] I (390194) RouteLoom: HIL LINK tx peer=2 type=32 cid=487400799 seq=95
[2026-09-26T10:32:42.756Z] I (392350) RouteLoom: HIL PROBE tx peer=2 type=40 status=0
[2026-09-26T10:32:42.775Z] I (392368) RouteLoom: HIL LINK rx peer=2 type=41 cid=237340361 current=0 status=5 seq=60
[2026-09-26T10:32:42.969Z] I (392562) RouteLoom: HIL LINK rx peer=2 type=32 cid=237340361 current=0 status=5 seq=129
[2026-09-26T10:32:45.602Z] I (395195) RouteLoom: HIL LINK tx peer=2 type=32 cid=487400799 seq=96
[2026-09-26T10:32:47.976Z] I (397566) RouteLoom: HIL LINK rx peer=2 type=32 cid=237340361 current=0 status=5 seq=131
[2026-09-26T10:32:50.603Z] I (400196) RouteLoom: HIL LINK tx peer=2 type=32 cid=487400799 seq=97
[2026-09-26T10:32:52.773Z] I (402367) RouteLoom: HIL LINK rx peer=2 type=40 cid=237340361 current=0 status=5 seq=62
[2026-09-26T10:32:52.777Z] I (402371) RouteLoom: HIL PROBE tx peer=2 type=41 status=0
[2026-09-26T10:32:52.973Z] I (402566) RouteLoom: HIL LINK rx peer=2 type=32 cid=237340361 current=0 status=5 seq=133
[2026-09-26T10:32:55.603Z] I (405196) RouteLoom: HIL LINK tx peer=2 type=32 cid=487400799 seq=98
[2026-09-26T10:32:57.976Z] I (407567) RouteLoom: HIL LINK rx peer=2 type=32 cid=237340361 current=0 status=5 seq=135
[2026-09-26T10:33:00.604Z] I (410197) RouteLoom: HIL LINK tx peer=2 type=32 cid=487400799 seq=99
[2026-09-26T10:33:02.777Z] I (412371) RouteLoom: HIL PROBE tx peer=2 type=40 status=0
[2026-09-26T10:33:02.844Z] I (412438) RouteLoom: HIL LINK rx peer=2 type=41 cid=237340361 current=0 status=5 seq=64
[2026-09-26T10:33:02.980Z] I (412570) RouteLoom: HIL LINK rx peer=2 type=32 cid=237340361 current=0 status=5 seq=137
[2026-09-26T10:33:04.709Z] I (414302) RouteLoom: HIL LINK rx peer=2 type=16 cid=237340361 current=0 status=5 seq=29
[2026-09-26T10:33:04.712Z] I (414306) RouteLoomRef: message origin=1 session=249 sequence=29 bytes=9
[2026-09-26T10:33:04.719Z] I (414309) RouteLoom: HIL LINK tx peer=2 type=17 cid=487400799 seq=29
[2026-09-26T10:33:04.727Z] I (414320) RouteLoom: HIL LINK tx peer=2 type=18 cid=487400799 seq=29
[2026-09-26T10:33:04.749Z] I (414342) RouteLoom: HIL LINK rx peer=2 type=17 cid=237340361 current=0 status=5 seq=29
[2026-09-26T10:33:05.606Z] I (415200) RouteLoom: HIL LINK tx peer=2 type=32 cid=487400799 seq=100
[2026-09-26T10:33:07.979Z] I (417571) RouteLoom: HIL LINK rx peer=2 type=32 cid=237340361 current=0 status=5 seq=139
[2026-09-26T10:33:10.609Z] I (420201) RouteLoom: HIL LINK tx peer=2 type=32 cid=487400799 seq=101
[2026-09-26T10:33:10.827Z] I (420417) RouteLoom: stack hwm main 11096 B
[2026-09-26T10:33:10.827Z] I (420417) RouteLoom: HIL HEAP free=22172 largest=19456 min=21408 B
[2026-09-26T10:33:10.834Z] I (420418) RouteLoom: HIL DISCOVERY candidates=0 neighbors=1 capacity=0 auth=2 stale=0 probes=27 send_failures=2 kind_rejects=0
[2026-09-26T10:33:10.841Z] I (420428) RouteLoom: HIL ROUTE peer=1 phase=-1 via=2 metric=2 generation=249 seq=1
[2026-09-26T10:33:10.853Z] I (420435) RouteLoom: HIL ROUTE peer=2 phase=5 via=2 metric=1 generation=257 seq=1
[2026-09-26T10:33:12.794Z] I (422387) RouteLoom: HIL LINK rx peer=2 type=40 cid=237340361 current=0 status=5 seq=66
[2026-09-26T10:33:12.798Z] I (422391) RouteLoom: HIL PROBE tx peer=2 type=41 status=0
[2026-09-26T10:33:12.981Z] I (422574) RouteLoom: HIL LINK rx peer=2 type=32 cid=237340361 current=0 status=5 seq=141
[2026-09-26T10:33:15.610Z] I (425203) RouteLoom: HIL LINK tx peer=2 type=32 cid=487400799 seq=102
[2026-09-26T10:33:17.983Z] I (427576) RouteLoom: HIL LINK rx peer=2 type=32 cid=237340361 current=0 status=5 seq=143
[2026-09-26T10:33:20.612Z] I (430205) RouteLoom: HIL LINK tx peer=2 type=32 cid=487400799 seq=103
[2026-09-26T10:33:22.798Z] I (432391) RouteLoom: HIL PROBE tx peer=2 type=40 status=0
[2026-09-26T10:33:22.816Z] I (432409) RouteLoom: HIL LINK rx peer=2 type=41 cid=237340361 current=0 status=5 seq=68
[2026-09-26T10:33:22.987Z] I (432580) RouteLoom: HIL LINK rx peer=2 type=32 cid=237340361 current=0 status=5 seq=145
[2026-09-26T10:33:25.614Z] I (435206) RouteLoom: HIL LINK tx peer=2 type=32 cid=487400799 seq=104
[2026-09-26T10:33:27.988Z] I (437580) RouteLoom: HIL LINK rx peer=2 type=32 cid=237340361 current=0 status=5 seq=147
[2026-09-26T10:33:30.614Z] I (440207) RouteLoom: HIL LINK tx peer=2 type=32 cid=487400799 seq=105
[2026-09-26T10:33:32.815Z] I (442408) RouteLoom: HIL LINK rx peer=2 type=40 cid=237340361 current=0 status=5 seq=70
[2026-09-26T10:33:32.819Z] I (442412) RouteLoom: HIL PROBE tx peer=2 type=41 status=0
[2026-09-26T10:33:32.996Z] I (442589) RouteLoom: HIL LINK rx peer=2 type=32 cid=237340361 current=0 status=5 seq=149
[2026-09-26T10:33:34.706Z] I (444299) RouteLoom: HIL LINK rx peer=2 type=16 cid=237340361 current=0 status=5 seq=30
[2026-09-26T10:33:34.709Z] I (444302) RouteLoomRef: message origin=1 session=249 sequence=30 bytes=9
[2026-09-26T10:33:34.716Z] I (444306) RouteLoom: HIL LINK tx peer=2 type=17 cid=487400799 seq=30
[2026-09-26T10:33:34.724Z] I (444317) RouteLoom: HIL LINK tx peer=2 type=18 cid=487400799 seq=30
[2026-09-26T10:33:34.746Z] I (444339) RouteLoom: HIL LINK rx peer=2 type=17 cid=237340361 current=0 status=5 seq=30
[2026-09-26T10:33:35.616Z] I (445209) RouteLoom: HIL LINK tx peer=2 type=32 cid=487400799 seq=106
[2026-09-26T10:33:37.991Z] I (447584) RouteLoom: HIL LINK rx peer=2 type=32 cid=237340361 current=0 status=5 seq=151
[2026-09-26T10:33:40.618Z] I (450210) RouteLoom: HIL LINK tx peer=2 type=32 cid=487400799 seq=107
[2026-09-26T10:33:42.818Z] I (452411) RouteLoom: HIL PROBE tx peer=2 type=40 status=0
[2026-09-26T10:33:42.836Z] I (452429) RouteLoom: HIL LINK rx peer=2 type=41 cid=237340361 current=0 status=5 seq=72
[2026-09-26T10:33:42.995Z] I (452588) RouteLoom: HIL LINK rx peer=2 type=32 cid=237340361 current=0 status=5 seq=153
[2026-09-26T10:33:45.619Z] I (455211) RouteLoom: HIL LINK tx peer=2 type=32 cid=487400799 seq=108
[2026-09-26T10:33:47.997Z] I (457590) RouteLoom: HIL LINK rx peer=2 type=32 cid=237340361 current=0 status=5 seq=155
[2026-09-26T10:33:50.621Z] I (460213) RouteLoom: HIL LINK tx peer=2 type=32 cid=487400799 seq=109
[2026-09-26T10:33:52.836Z] I (462428) RouteLoom: HIL LINK rx peer=2 type=40 cid=237340361 current=0 status=5 seq=74
[2026-09-26T10:33:52.842Z] I (462432) RouteLoom: HIL PROBE tx peer=2 type=41 status=0
[2026-09-26T10:33:53.002Z] I (462592) RouteLoom: HIL LINK rx peer=2 type=32 cid=237340361 current=0 status=5 seq=157
[2026-09-26T10:33:55.621Z] I (465213) RouteLoom: HIL LINK tx peer=2 type=32 cid=487400799 seq=110
[2026-09-26T10:33:58.002Z] I (467594) RouteLoom: HIL LINK rx peer=2 type=32 cid=237340361 current=0 status=5 seq=159
[2026-09-26T10:34:00.622Z] I (470214) RouteLoom: HIL LINK tx peer=2 type=32 cid=487400799 seq=111
[2026-09-26T10:34:02.840Z] I (472430) RouteLoom: HIL PROBE tx peer=2 type=40 status=0
[2026-09-26T10:34:02.854Z] I (472447) RouteLoom: HIL LINK rx peer=2 type=41 cid=237340361 current=0 status=5 seq=76
[2026-09-26T10:34:03.005Z] I (472597) RouteLoom: HIL LINK rx peer=2 type=32 cid=237340361 current=0 status=5 seq=161
[2026-09-26T10:34:04.770Z] I (474362) RouteLoom: HIL LINK rx peer=2 type=16 cid=237340361 current=0 status=5 seq=31
[2026-09-26T10:34:04.773Z] I (474365) RouteLoomRef: message origin=1 session=249 sequence=31 bytes=9
[2026-09-26T10:34:04.779Z] I (474369) RouteLoom: HIL LINK tx peer=2 type=17 cid=487400799 seq=31
[2026-09-26T10:34:04.788Z] I (474380) RouteLoom: HIL LINK tx peer=2 type=18 cid=487400799 seq=31
[2026-09-26T10:34:04.821Z] I (474400) RouteLoom: HIL LINK rx peer=2 type=17 cid=237340361 current=0 status=5 seq=31
[2026-09-26T10:34:05.624Z] I (475215) RouteLoom: HIL LINK tx peer=2 type=32 cid=487400799 seq=112
[2026-09-26T10:34:08.009Z] I (477600) RouteLoom: HIL LINK rx peer=2 type=32 cid=237340361 current=0 status=5 seq=163
[2026-09-26T10:34:10.623Z] I (480216) RouteLoom: HIL LINK tx peer=2 type=32 cid=487400799 seq=113
[2026-09-26T10:34:10.827Z] I (480419) RouteLoom: stack hwm main 11096 B
[2026-09-26T10:34:10.827Z] I (480419) RouteLoom: HIL HEAP free=22172 largest=19456 min=21408 B
[2026-09-26T10:34:10.837Z] I (480420) RouteLoom: HIL DISCOVERY candidates=0 neighbors=1 capacity=0 auth=2 stale=0 probes=30 send_failures=2 kind_rejects=0
[2026-09-26T10:34:10.844Z] I (480430) RouteLoom: HIL ROUTE peer=1 phase=-1 via=2 metric=2 generation=249 seq=1
[2026-09-26T10:34:10.853Z] I (480437) RouteLoom: HIL ROUTE peer=2 phase=5 via=2 metric=1 generation=257 seq=1
[2026-09-26T10:34:12.852Z] I (482444) RouteLoom: HIL LINK rx peer=2 type=40 cid=237340361 current=0 status=5 seq=78
[2026-09-26T10:34:12.858Z] I (482448) RouteLoom: HIL PROBE tx peer=2 type=41 status=0
[2026-09-26T10:34:13.010Z] I (482599) RouteLoom: HIL LINK rx peer=2 type=32 cid=237340361 current=0 status=5 seq=165
[2026-09-26T10:34:15.625Z] I (485217) RouteLoom: HIL LINK tx peer=2 type=32 cid=487400799 seq=114
[2026-09-26T10:34:18.007Z] I (487599) RouteLoom: HIL LINK rx peer=2 type=32 cid=237340361 current=0 status=5 seq=167
[2026-09-26T10:34:20.627Z] I (490219) RouteLoom: HIL LINK tx peer=2 type=32 cid=487400799 seq=115
[2026-09-26T10:34:22.857Z] I (492447) RouteLoom: HIL PROBE tx peer=2 type=40 status=0
[2026-09-26T10:34:22.875Z] I (492466) RouteLoom: HIL LINK rx peer=2 type=41 cid=237340361 current=0 status=5 seq=80
[2026-09-26T10:34:23.011Z] I (492600) RouteLoom: HIL LINK rx peer=2 type=32 cid=237340361 current=0 status=5 seq=169
[2026-09-26T10:34:25.628Z] I (495220) RouteLoom: HIL LINK tx peer=2 type=32 cid=487400799 seq=116
[2026-09-26T10:34:28.009Z] I (497601) RouteLoom: HIL LINK rx peer=2 type=32 cid=237340361 current=0 status=5 seq=171
[2026-09-26T10:34:30.629Z] I (500221) RouteLoom: HIL LINK tx peer=2 type=32 cid=487400799 seq=117
[2026-09-26T10:34:32.872Z] I (502464) RouteLoom: HIL LINK rx peer=2 type=40 cid=237340361 current=0 status=5 seq=83
[2026-09-26T10:34:32.876Z] I (502468) RouteLoom: HIL PROBE tx peer=2 type=41 status=0
[2026-09-26T10:34:33.012Z] I (502604) RouteLoom: HIL LINK rx peer=2 type=32 cid=237340361 current=0 status=5 seq=173
[2026-09-26T10:34:34.733Z] I (504325) RouteLoom: HIL LINK rx peer=2 type=16 cid=237340361 current=0 status=5 seq=32
[2026-09-26T10:34:34.736Z] I (504329) RouteLoomRef: message origin=1 session=249 sequence=32 bytes=9
[2026-09-26T10:34:34.743Z] I (504332) RouteLoom: HIL LINK tx peer=2 type=17 cid=487400799 seq=32
[2026-09-26T10:34:34.751Z] I (504344) RouteLoom: HIL LINK tx peer=2 type=18 cid=487400799 seq=32
[2026-09-26T10:34:34.771Z] I (504363) RouteLoom: HIL LINK rx peer=2 type=17 cid=237340361 current=0 status=5 seq=32
[2026-09-26T10:34:35.632Z] I (505223) RouteLoom: HIL LINK tx peer=2 type=32 cid=487400799 seq=118
[2026-09-26T10:34:38.012Z] I (507604) RouteLoom: HIL LINK rx peer=2 type=32 cid=237340361 current=0 status=5 seq=175
[2026-09-26T10:34:40.637Z] I (510226) RouteLoom: HIL LINK tx peer=2 type=32 cid=487400799 seq=119
[2026-09-26T10:34:42.874Z] I (512466) RouteLoom: HIL PROBE tx peer=2 type=40 status=0
[2026-09-26T10:34:42.891Z] I (512483) RouteLoom: HIL LINK rx peer=2 type=41 cid=237340361 current=0 status=5 seq=85
[2026-09-26T10:34:43.014Z] I (512606) RouteLoom: HIL LINK rx peer=2 type=32 cid=237340361 current=0 status=5 seq=177
[2026-09-26T10:34:45.635Z] I (515227) RouteLoom: HIL LINK tx peer=2 type=32 cid=487400799 seq=120
[2026-09-26T10:34:48.014Z] I (517606) RouteLoom: HIL LINK rx peer=2 type=32 cid=237340361 current=0 status=5 seq=179
[2026-09-26T10:34:50.637Z] I (520229) RouteLoom: HIL LINK tx peer=2 type=32 cid=487400799 seq=121
[2026-09-26T10:34:52.892Z] I (522483) RouteLoom: HIL LINK rx peer=2 type=40 cid=237340361 current=0 status=5 seq=87
[2026-09-26T10:34:52.895Z] I (522487) RouteLoom: HIL PROBE tx peer=2 type=41 status=0
[2026-09-26T10:34:53.017Z] I (522609) RouteLoom: HIL LINK rx peer=2 type=32 cid=237340361 current=0 status=5 seq=181
[2026-09-26T10:34:55.639Z] I (525229) RouteLoom: HIL LINK tx peer=2 type=32 cid=487400799 seq=122
[2026-09-26T10:34:58.018Z] I (527610) RouteLoom: HIL LINK rx peer=2 type=32 cid=237340361 current=0 status=5 seq=183
[2026-09-26T10:35:00.638Z] I (530230) RouteLoom: HIL LINK tx peer=2 type=32 cid=487400799 seq=123
[2026-09-26T10:35:02.892Z] I (532485) RouteLoom: HIL PROBE tx peer=2 type=40 status=0
[2026-09-26T10:35:02.912Z] I (532504) RouteLoom: HIL LINK rx peer=2 type=41 cid=237340361 current=0 status=5 seq=89
[2026-09-26T10:35:03.020Z] I (532612) RouteLoom: HIL LINK rx peer=2 type=32 cid=237340361 current=0 status=5 seq=185
[2026-09-26T10:35:04.721Z] I (534312) RouteLoom: HIL LINK rx peer=2 type=16 cid=237340361 current=0 status=5 seq=33
[2026-09-26T10:35:04.724Z] I (534316) RouteLoomRef: message origin=1 session=249 sequence=33 bytes=9
[2026-09-26T10:35:04.730Z] I (534319) RouteLoom: HIL LINK tx peer=2 type=17 cid=487400799 seq=33
[2026-09-26T10:35:04.741Z] I (534333) RouteLoom: HIL LINK tx peer=2 type=18 cid=487400799 seq=33
[2026-09-26T10:35:04.762Z] I (534354) RouteLoom: HIL LINK rx peer=2 type=17 cid=237340361 current=0 status=5 seq=33
[2026-09-26T10:35:05.641Z] I (535232) RouteLoom: HIL LINK tx peer=2 type=32 cid=487400799 seq=124
[2026-09-26T10:35:08.026Z] I (537615) RouteLoom: HIL LINK rx peer=2 type=32 cid=237340361 current=0 status=5 seq=187
[2026-09-26T10:35:10.641Z] I (540232) RouteLoom: HIL LINK tx peer=2 type=32 cid=487400799 seq=125
[2026-09-26T10:35:10.829Z] I (540421) RouteLoom: stack hwm main 11096 B
[2026-09-26T10:35:10.829Z] I (540421) RouteLoom: HIL HEAP free=22172 largest=19456 min=21408 B
[2026-09-26T10:35:10.839Z] I (540422) RouteLoom: HIL DISCOVERY candidates=0 neighbors=1 capacity=0 auth=2 stale=0 probes=33 send_failures=2 kind_rejects=0
[2026-09-26T10:35:10.847Z] I (540432) RouteLoom: HIL ROUTE peer=1 phase=-1 via=2 metric=2 generation=249 seq=1
[2026-09-26T10:35:10.856Z] I (540439) RouteLoom: HIL ROUTE peer=2 phase=5 via=2 metric=1 generation=257 seq=1
[2026-09-26T10:35:12.913Z] I (542503) RouteLoom: HIL LINK rx peer=2 type=40 cid=237340361 current=0 status=5 seq=91
[2026-09-26T10:35:12.915Z] I (542507) RouteLoom: HIL PROBE tx peer=2 type=41 status=0
[2026-09-26T10:35:13.024Z] I (542613) RouteLoom: HIL LINK rx peer=2 type=32 cid=237340361 current=0 status=5 seq=189
[2026-09-26T10:35:15.643Z] I (545234) RouteLoom: HIL LINK tx peer=2 type=32 cid=487400799 seq=126
[2026-09-26T10:35:18.021Z] I (547613) RouteLoom: HIL LINK rx peer=2 type=32 cid=237340361 current=0 status=5 seq=191
[2026-09-26T10:35:20.645Z] I (550236) RouteLoom: HIL LINK tx peer=2 type=32 cid=487400799 seq=127
[2026-09-26T10:35:22.920Z] I (552506) RouteLoom: HIL PROBE tx peer=2 type=40 status=0
[2026-09-26T10:35:22.932Z] I (552524) RouteLoom: HIL LINK rx peer=2 type=41 cid=237340361 current=0 status=5 seq=93
[2026-09-26T10:35:23.023Z] I (552614) RouteLoom: HIL LINK rx peer=2 type=32 cid=237340361 current=0 status=5 seq=193
[2026-09-26T10:35:25.647Z] I (555238) RouteLoom: HIL LINK tx peer=2 type=32 cid=487400799 seq=128
[2026-09-26T10:35:28.025Z] I (557616) RouteLoom: HIL LINK rx peer=2 type=32 cid=237340361 current=0 status=5 seq=195
[2026-09-26T10:35:30.650Z] I (560240) RouteLoom: HIL LINK tx peer=2 type=32 cid=487400799 seq=129
[2026-09-26T10:35:32.933Z] I (562525) RouteLoom: HIL PROBE tx peer=2 type=40 status=0
[2026-09-26T10:35:32.935Z] I (562527) RouteLoom: HIL LINK rx peer=2 type=40 cid=237340361 current=0 status=5 seq=95
[2026-09-26T10:35:32.940Z] I (562530) RouteLoom: HIL PROBE tx peer=2 type=41 status=6
[2026-09-26T10:35:32.952Z] I (562543) RouteLoom: HIL LINK rx peer=2 type=41 cid=237340361 current=0 status=5 seq=96
[2026-09-26T10:35:33.028Z] I (562619) RouteLoom: HIL LINK rx peer=2 type=32 cid=237340361 current=0 status=5 seq=197
[2026-09-26T10:35:34.709Z] I (564301) RouteLoom: HIL LINK rx peer=2 type=16 cid=237340361 current=0 status=5 seq=34
[2026-09-26T10:35:34.712Z] I (564304) RouteLoomRef: message origin=1 session=249 sequence=34 bytes=9
[2026-09-26T10:35:34.718Z] I (564308) RouteLoom: HIL LINK tx peer=2 type=17 cid=487400799 seq=34
[2026-09-26T10:35:34.727Z] I (564319) RouteLoom: HIL LINK tx peer=2 type=18 cid=487400799 seq=34
[2026-09-26T10:35:34.750Z] I (564341) RouteLoom: HIL LINK rx peer=2 type=17 cid=237340361 current=0 status=5 seq=34
[2026-09-26T10:35:35.649Z] I (565241) RouteLoom: HIL LINK tx peer=2 type=32 cid=487400799 seq=130
[2026-09-26T10:35:38.028Z] I (567619) RouteLoom: HIL LINK rx peer=2 type=32 cid=237340361 current=0 status=5 seq=199
[2026-09-26T10:35:40.649Z] I (570240) RouteLoom: HIL LINK tx peer=2 type=32 cid=487400799 seq=131
[2026-09-26T10:35:42.952Z] I (572543) RouteLoom: HIL LINK rx peer=2 type=40 cid=237340361 current=0 status=5 seq=98
[2026-09-26T10:35:42.955Z] I (572547) RouteLoom: HIL PROBE tx peer=2 type=41 status=0
[2026-09-26T10:35:43.030Z] I (572621) RouteLoom: HIL LINK rx peer=2 type=32 cid=237340361 current=0 status=5 seq=201
[2026-09-26T10:35:45.651Z] I (575242) RouteLoom: HIL LINK tx peer=2 type=32 cid=487400799 seq=132
[2026-09-26T10:35:48.032Z] I (577623) RouteLoom: HIL LINK rx peer=2 type=32 cid=237340361 current=0 status=5 seq=203
[2026-09-26T10:35:50.653Z] I (580244) RouteLoom: HIL LINK tx peer=2 type=32 cid=487400799 seq=133
[2026-09-26T10:35:52.955Z] I (582547) RouteLoom: HIL PROBE tx peer=2 type=40 status=0
[2026-09-26T10:35:52.974Z] I (582565) RouteLoom: HIL LINK rx peer=2 type=41 cid=237340361 current=0 status=5 seq=100
[2026-09-26T10:35:53.033Z] I (582624) RouteLoom: HIL LINK rx peer=2 type=32 cid=237340361 current=0 status=5 seq=205
[2026-09-26T10:35:55.654Z] I (585245) RouteLoom: HIL LINK tx peer=2 type=32 cid=487400799 seq=134
[2026-09-26T10:35:58.035Z] I (587626) RouteLoom: HIL LINK rx peer=2 type=32 cid=237340361 current=0 status=5 seq=207
[2026-09-26T10:36:00.656Z] I (590247) RouteLoom: HIL LINK tx peer=2 type=32 cid=487400799 seq=135
[2026-09-26T10:36:02.973Z] I (592564) RouteLoom: HIL LINK rx peer=2 type=40 cid=237340361 current=0 status=5 seq=102
[2026-09-26T10:36:02.977Z] I (592568) RouteLoom: HIL PROBE tx peer=2 type=41 status=0
[2026-09-26T10:36:03.039Z] I (592630) RouteLoom: HIL LINK rx peer=2 type=32 cid=237340361 current=0 status=5 seq=209
[2026-09-26T10:36:04.709Z] I (594301) RouteLoom: HIL LINK rx peer=2 type=16 cid=237340361 current=0 status=5 seq=35
[2026-09-26T10:36:04.713Z] I (594304) RouteLoomRef: message origin=1 session=249 sequence=35 bytes=9
[2026-09-26T10:36:04.719Z] I (594307) RouteLoom: HIL LINK tx peer=2 type=17 cid=487400799 seq=35
[2026-09-26T10:36:04.727Z] I (594319) RouteLoom: HIL LINK tx peer=2 type=18 cid=487400799 seq=35
[2026-09-26T10:36:04.748Z] I (594339) RouteLoom: HIL LINK rx peer=2 type=17 cid=237340361 current=0 status=5 seq=35
[2026-09-26T10:36:05.658Z] I (595250) RouteLoom: HIL LINK tx peer=2 type=32 cid=487400799 seq=136
[2026-09-26T10:36:08.040Z] I (597631) RouteLoom: HIL LINK rx peer=2 type=32 cid=237340361 current=0 status=5 seq=211
[2026-09-26T10:36:10.658Z] I (600249) RouteLoom: HIL LINK tx peer=2 type=32 cid=487400799 seq=137
[2026-09-26T10:36:10.832Z] I (600423) RouteLoom: stack hwm main 11096 B
[2026-09-26T10:36:10.832Z] I (600423) RouteLoom: HIL HEAP free=22172 largest=19456 min=21408 B
[2026-09-26T10:36:10.842Z] I (600424) RouteLoom: HIL DISCOVERY candidates=0 neighbors=1 capacity=0 auth=2 stale=0 probes=36 send_failures=3 kind_rejects=0
[2026-09-26T10:36:10.849Z] I (600434) RouteLoom: HIL ROUTE peer=1 phase=-1 via=2 metric=2 generation=249 seq=1
[2026-09-26T10:36:10.856Z] I (600441) RouteLoom: HIL ROUTE peer=2 phase=5 via=2 metric=1 generation=257 seq=1
[2026-09-26T10:36:12.976Z] I (602568) RouteLoom: HIL PROBE tx peer=2 type=40 status=0
[2026-09-26T10:36:12.993Z] I (602585) RouteLoom: HIL LINK rx peer=2 type=41 cid=237340361 current=0 status=5 seq=104
[2026-09-26T10:36:13.045Z] I (602636) RouteLoom: HIL LINK rx peer=2 type=32 cid=237340361 current=0 status=5 seq=213
[2026-09-26T10:36:15.660Z] I (605251) RouteLoom: HIL LINK tx peer=2 type=32 cid=487400799 seq=138
[2026-09-26T10:36:18.046Z] I (607637) RouteLoom: HIL LINK rx peer=2 type=32 cid=237340361 current=0 status=5 seq=215
[2026-09-26T10:36:20.661Z] I (610252) RouteLoom: HIL LINK tx peer=2 type=32 cid=487400799 seq=139
[2026-09-26T10:36:22.993Z] I (612584) RouteLoom: HIL LINK rx peer=2 type=40 cid=237340361 current=0 status=5 seq=106
[2026-09-26T10:36:22.997Z] I (612588) RouteLoom: HIL PROBE tx peer=2 type=41 status=0
[2026-09-26T10:36:23.047Z] I (612638) RouteLoom: HIL LINK rx peer=2 type=32 cid=237340361 current=0 status=5 seq=217
[2026-09-26T10:36:25.662Z] I (615253) RouteLoom: HIL LINK tx peer=2 type=32 cid=487400799 seq=140
[2026-09-26T10:36:28.048Z] I (617639) RouteLoom: HIL LINK rx peer=2 type=32 cid=237340361 current=0 status=5 seq=219
[2026-09-26T10:36:30.663Z] I (620254) RouteLoom: HIL LINK tx peer=2 type=32 cid=487400799 seq=141
[2026-09-26T10:36:32.997Z] I (622588) RouteLoom: HIL PROBE tx peer=2 type=40 status=0
[2026-09-26T10:36:33.016Z] I (622607) RouteLoom: HIL LINK rx peer=2 type=40 cid=237340361 current=0 status=5 seq=108
[2026-09-26T10:36:33.019Z] I (622611) RouteLoom: HIL PROBE tx peer=2 type=41 status=0
[2026-09-26T10:36:33.047Z] I (622638) RouteLoom: HIL LINK rx peer=2 type=32 cid=237340361 current=0 status=5 seq=221
[2026-09-26T10:36:34.711Z] I (624301) RouteLoom: HIL LINK rx peer=2 type=16 cid=237340361 current=0 status=5 seq=36
[2026-09-26T10:36:34.714Z] I (624304) RouteLoomRef: message origin=1 session=249 sequence=36 bytes=9
[2026-09-26T10:36:34.720Z] I (624308) RouteLoom: HIL LINK tx peer=2 type=17 cid=487400799 seq=36
[2026-09-26T10:36:34.728Z] I (624319) RouteLoom: HIL LINK tx peer=2 type=18 cid=487400799 seq=36
[2026-09-26T10:36:34.748Z] I (624339) RouteLoom: HIL LINK rx peer=2 type=17 cid=237340361 current=0 status=5 seq=36
[2026-09-26T10:36:35.665Z] I (625256) RouteLoom: HIL LINK tx peer=2 type=32 cid=487400799 seq=142
[2026-09-26T10:36:38.050Z] I (627641) RouteLoom: HIL LINK rx peer=2 type=32 cid=237340361 current=0 status=5 seq=223
[2026-09-26T10:36:40.665Z] I (630256) RouteLoom: HIL LINK tx peer=2 type=32 cid=487400799 seq=143
[2026-09-26T10:36:43.019Z] I (632610) RouteLoom: HIL PROBE tx peer=2 type=40 status=0
[2026-09-26T10:36:43.037Z] I (632628) RouteLoom: HIL LINK rx peer=2 type=41 cid=237340361 current=0 status=5 seq=112
[2026-09-26T10:36:43.052Z] I (632643) RouteLoom: HIL LINK rx peer=2 type=32 cid=237340361 current=0 status=5 seq=225
[2026-09-26T10:36:45.666Z] I (635257) RouteLoom: HIL LINK tx peer=2 type=32 cid=487400799 seq=144
[2026-09-26T10:36:48.053Z] I (637643) RouteLoom: HIL LINK rx peer=2 type=32 cid=237340361 current=0 status=5 seq=227
[2026-09-26T10:36:50.667Z] I (640258) RouteLoom: HIL LINK tx peer=2 type=32 cid=487400799 seq=145
[2026-09-26T10:36:53.035Z] I (642626) RouteLoom: HIL LINK rx peer=2 type=40 cid=237340361 current=0 status=5 seq=114
[2026-09-26T10:36:53.039Z] I (642630) RouteLoom: HIL PROBE tx peer=2 type=41 status=0
[2026-09-26T10:36:53.056Z] I (642647) RouteLoom: HIL LINK rx peer=2 type=32 cid=237340361 current=0 status=5 seq=229
[2026-09-26T10:36:55.668Z] I (645258) RouteLoom: HIL LINK tx peer=2 type=32 cid=487400799 seq=146
[2026-09-26T10:36:58.059Z] I (647650) RouteLoom: HIL LINK rx peer=2 type=32 cid=237340361 current=0 status=5 seq=231
[2026-09-26T10:37:00.668Z] I (650258) RouteLoom: HIL LINK tx peer=2 type=32 cid=487400799 seq=147
[2026-09-26T10:37:03.039Z] I (652630) RouteLoom: HIL PROBE tx peer=2 type=40 status=0
[2026-09-26T10:37:03.056Z] I (652647) RouteLoom: HIL LINK rx peer=2 type=41 cid=237340361 current=0 status=5 seq=116
[2026-09-26T10:37:03.066Z] I (652657) RouteLoom: HIL LINK rx peer=2 type=32 cid=237340361 current=0 status=5 seq=233
[2026-09-26T10:37:04.714Z] I (654304) RouteLoom: HIL LINK rx peer=2 type=16 cid=237340361 current=0 status=5 seq=37
[2026-09-26T10:37:04.717Z] I (654308) RouteLoomRef: message origin=1 session=249 sequence=37 bytes=9
[2026-09-26T10:37:04.723Z] I (654311) RouteLoom: HIL LINK tx peer=2 type=17 cid=487400799 seq=37
[2026-09-26T10:37:04.732Z] I (654322) RouteLoom: HIL LINK tx peer=2 type=18 cid=487400799 seq=37
[2026-09-26T10:37:04.751Z] I (654342) RouteLoom: HIL LINK rx peer=2 type=17 cid=237340361 current=0 status=5 seq=37
[2026-09-26T10:37:05.668Z] I (655259) RouteLoom: HIL LINK tx peer=2 type=32 cid=487400799 seq=148
[2026-09-26T10:37:08.064Z] I (657655) RouteLoom: HIL LINK rx peer=2 type=32 cid=237340361 current=0 status=5 seq=235
[2026-09-26T10:37:10.671Z] I (660260) RouteLoom: HIL LINK tx peer=2 type=32 cid=487400799 seq=149
[2026-09-26T10:37:10.834Z] I (660425) RouteLoom: stack hwm main 11096 B
[2026-09-26T10:37:10.834Z] I (660425) RouteLoom: HIL HEAP free=22172 largest=19456 min=21408 B
[2026-09-26T10:37:10.844Z] I (660426) RouteLoom: HIL DISCOVERY candidates=0 neighbors=1 capacity=0 auth=2 stale=0 probes=40 send_failures=3 kind_rejects=0
[2026-09-26T10:37:10.853Z] I (660436) RouteLoom: HIL ROUTE peer=1 phase=-1 via=2 metric=2 generation=249 seq=1
[2026-09-26T10:37:10.861Z] I (660443) RouteLoom: HIL ROUTE peer=2 phase=5 via=2 metric=1 generation=257 seq=1
[2026-09-26T10:37:13.055Z] I (662646) RouteLoom: HIL LINK rx peer=2 type=40 cid=237340361 current=0 status=5 seq=118
[2026-09-26T10:37:13.059Z] I (662650) RouteLoom: HIL PROBE tx peer=2 type=41 status=0
[2026-09-26T10:37:13.075Z] I (662665) RouteLoom: HIL LINK rx peer=2 type=32 cid=237340361 current=0 status=5 seq=237
[2026-09-26T10:37:15.674Z] I (665262) RouteLoom: HIL LINK tx peer=2 type=32 cid=487400799 seq=150
[2026-09-26T10:37:18.067Z] I (667657) RouteLoom: HIL LINK rx peer=2 type=32 cid=237340361 current=0 status=5 seq=239
[2026-09-26T10:37:20.673Z] I (670263) RouteLoom: HIL LINK tx peer=2 type=32 cid=487400799 seq=151
[2026-09-26T10:37:23.059Z] I (672650) RouteLoom: HIL PROBE tx peer=2 type=40 status=0
[2026-09-26T10:37:23.075Z] I (672665) RouteLoom: HIL LINK rx peer=2 type=32 cid=237340361 current=0 status=5 seq=241
[2026-09-26T10:37:25.062Z] I (674653) RouteLoom: HIL PROBE tx peer=2 type=40 status=0
[2026-09-26T10:37:25.079Z] I (674670) RouteLoom: HIL LINK rx peer=2 type=41 cid=237340361 current=0 status=5 seq=121
[2026-09-26T10:37:25.675Z] I (675265) RouteLoom: HIL LINK tx peer=2 type=32 cid=487400799 seq=152
[2026-09-26T10:37:28.072Z] I (677662) RouteLoom: HIL LINK rx peer=2 type=32 cid=237340361 current=0 status=5 seq=243
[2026-09-26T10:37:30.677Z] I (680267) RouteLoom: HIL LINK tx peer=2 type=32 cid=487400799 seq=153
[2026-09-26T10:37:33.072Z] I (682663) RouteLoom: HIL LINK rx peer=2 type=32 cid=237340361 current=0 status=5 seq=245
[2026-09-26T10:37:34.714Z] I (684304) RouteLoom: HIL LINK rx peer=2 type=16 cid=237340361 current=0 status=5 seq=38
[2026-09-26T10:37:34.717Z] I (684307) RouteLoomRef: message origin=1 session=249 sequence=38 bytes=9
[2026-09-26T10:37:34.723Z] I (684311) RouteLoom: HIL LINK tx peer=2 type=17 cid=487400799 seq=38
[2026-09-26T10:37:34.732Z] I (684322) RouteLoom: HIL LINK tx peer=2 type=18 cid=487400799 seq=38
[2026-09-26T10:37:34.756Z] I (684345) RouteLoom: HIL LINK rx peer=2 type=17 cid=237340361 current=0 status=5 seq=38
[2026-09-26T10:37:35.079Z] I (684667) RouteLoom: HIL LINK rx peer=2 type=40 cid=237340361 current=0 status=5 seq=123
[2026-09-26T10:37:35.080Z] I (684671) RouteLoom: HIL PROBE tx peer=2 type=41 status=0
[2026-09-26T10:37:35.763Z] I (685267) RouteLoom: HIL LINK tx peer=2 type=32 cid=487400799 seq=154
[2026-09-26T10:37:38.075Z] I (687666) RouteLoom: HIL LINK rx peer=2 type=32 cid=237340361 current=0 status=5 seq=247
[2026-09-26T10:37:40.678Z] I (690269) RouteLoom: HIL LINK tx peer=2 type=32 cid=487400799 seq=155
[2026-09-26T10:37:43.077Z] I (692667) RouteLoom: HIL LINK rx peer=2 type=32 cid=237340361 current=0 status=5 seq=249
[2026-09-26T10:37:45.078Z] I (694669) RouteLoom: HIL PROBE tx peer=2 type=40 status=0
[2026-09-26T10:37:45.097Z] I (694687) RouteLoom: HIL LINK rx peer=2 type=41 cid=237340361 current=0 status=5 seq=125
[2026-09-26T10:37:45.680Z] I (695270) RouteLoom: HIL LINK tx peer=2 type=32 cid=487400799 seq=156
[2026-09-26T10:37:48.078Z] I (697668) RouteLoom: HIL LINK rx peer=2 type=32 cid=237340361 current=0 status=5 seq=251
[2026-09-26T10:37:50.681Z] I (700271) RouteLoom: HIL LINK tx peer=2 type=32 cid=487400799 seq=157
[2026-09-26T10:37:53.081Z] I (702671) RouteLoom: HIL LINK rx peer=2 type=32 cid=237340361 current=0 status=5 seq=253
[2026-09-26T10:37:55.094Z] I (704684) RouteLoom: HIL LINK rx peer=2 type=40 cid=237340361 current=0 status=5 seq=127
[2026-09-26T10:37:55.098Z] I (704688) RouteLoom: HIL PROBE tx peer=2 type=41 status=0
[2026-09-26T10:37:55.691Z] I (705272) RouteLoom: HIL LINK tx peer=2 type=32 cid=487400799 seq=158
[2026-09-26T10:37:58.082Z] I (707672) RouteLoom: HIL LINK rx peer=2 type=32 cid=237340361 current=0 status=5 seq=255
[2026-09-26T10:38:00.684Z] I (710274) RouteLoom: HIL LINK tx peer=2 type=32 cid=487400799 seq=159
[2026-09-26T10:38:03.085Z] I (712673) RouteLoom: HIL LINK rx peer=2 type=32 cid=237340361 current=0 status=5 seq=257
[2026-09-26T10:38:04.709Z] I (714299) RouteLoom: HIL LINK rx peer=2 type=16 cid=237340361 current=0 status=5 seq=39
[2026-09-26T10:38:04.712Z] I (714303) RouteLoomRef: message origin=1 session=249 sequence=39 bytes=9
[2026-09-26T10:38:04.719Z] I (714306) RouteLoom: HIL LINK tx peer=2 type=17 cid=487400799 seq=39
[2026-09-26T10:38:04.727Z] I (714317) RouteLoom: HIL LINK tx peer=2 type=18 cid=487400799 seq=39
[2026-09-26T10:38:04.747Z] I (714337) RouteLoom: HIL LINK rx peer=2 type=17 cid=237340361 current=0 status=5 seq=39
[2026-09-26T10:38:05.095Z] I (714686) RouteLoom: HIL PROBE tx peer=2 type=40 status=0
[2026-09-26T10:38:05.114Z] I (714704) RouteLoom: HIL LINK rx peer=2 type=41 cid=237340361 current=0 status=5 seq=129
[2026-09-26T10:38:05.686Z] I (715277) RouteLoom: HIL LINK tx peer=2 type=32 cid=487400799 seq=160
[2026-09-26T10:38:08.086Z] I (717675) RouteLoom: HIL LINK rx peer=2 type=32 cid=237340361 current=0 status=5 seq=259
[2026-09-26T10:38:10.688Z] I (720278) RouteLoom: HIL LINK tx peer=2 type=32 cid=487400799 seq=161
[2026-09-26T10:38:10.835Z] I (720425) RouteLoom: stack hwm main 11096 B
[2026-09-26T10:38:10.835Z] I (720425) RouteLoom: HIL HEAP free=22172 largest=19456 min=21408 B
[2026-09-26T10:38:10.849Z] I (720426) RouteLoom: HIL DISCOVERY candidates=0 neighbors=1 capacity=0 auth=2 stale=0 probes=44 send_failures=3 kind_rejects=0
[2026-09-26T10:38:10.852Z] I (720436) RouteLoom: HIL ROUTE peer=1 phase=-1 via=2 metric=2 generation=249 seq=1
[2026-09-26T10:38:10.860Z] I (720443) RouteLoom: HIL ROUTE peer=2 phase=5 via=2 metric=1 generation=257 seq=1
[2026-09-26T10:38:13.086Z] I (722676) RouteLoom: HIL LINK rx peer=2 type=32 cid=237340361 current=0 status=5 seq=261
[2026-09-26T10:38:15.133Z] I (724705) RouteLoom: HIL LINK rx peer=2 type=40 cid=237340361 current=0 status=5 seq=131
[2026-09-26T10:38:15.133Z] I (724709) RouteLoom: HIL PROBE tx peer=2 type=41 status=0
[2026-09-26T10:38:15.689Z] I (725278) RouteLoom: HIL LINK tx peer=2 type=32 cid=487400799 seq=162
[2026-09-26T10:38:18.092Z] I (727678) RouteLoom: HIL LINK rx peer=2 type=32 cid=237340361 current=0 status=5 seq=263
[2026-09-26T10:38:20.691Z] I (730280) RouteLoom: HIL LINK tx peer=2 type=32 cid=487400799 seq=163
[2026-09-26T10:38:23.090Z] I (732680) RouteLoom: HIL LINK rx peer=2 type=32 cid=237340361 current=0 status=5 seq=265
[2026-09-26T10:38:25.119Z] I (734709) RouteLoom: HIL PROBE tx peer=2 type=40 status=0
[2026-09-26T10:38:25.136Z] I (734726) RouteLoom: HIL LINK rx peer=2 type=41 cid=237340361 current=0 status=5 seq=133
[2026-09-26T10:38:25.693Z] I (735282) RouteLoom: HIL LINK tx peer=2 type=32 cid=487400799 seq=164
[2026-09-26T10:38:28.092Z] I (737682) RouteLoom: HIL LINK rx peer=2 type=32 cid=237340361 current=0 status=5 seq=267
[2026-09-26T10:38:30.695Z] I (740284) RouteLoom: HIL LINK tx peer=2 type=32 cid=487400799 seq=165
[2026-09-26T10:38:33.094Z] I (742684) RouteLoom: HIL LINK rx peer=2 type=32 cid=237340361 current=0 status=5 seq=269
[2026-09-26T10:38:34.742Z] I (744331) RouteLoom: HIL LINK rx peer=2 type=16 cid=237340361 current=0 status=5 seq=40
[2026-09-26T10:38:34.745Z] I (744335) RouteLoomRef: message origin=1 session=249 sequence=40 bytes=9
[2026-09-26T10:38:34.751Z] I (744338) RouteLoom: HIL LINK tx peer=2 type=17 cid=487400799 seq=40
[2026-09-26T10:38:34.759Z] I (744349) RouteLoom: HIL LINK tx peer=2 type=18 cid=487400799 seq=40
[2026-09-26T10:38:34.779Z] I (744369) RouteLoom: HIL LINK rx peer=2 type=17 cid=237340361 current=0 status=5 seq=40
[2026-09-26T10:38:35.134Z] I (744724) RouteLoom: HIL LINK rx peer=2 type=40 cid=237340361 current=0 status=5 seq=135
[2026-09-26T10:38:35.138Z] I (744728) RouteLoom: HIL PROBE tx peer=2 type=41 status=0
[2026-09-26T10:38:35.696Z] I (745285) RouteLoom: HIL LINK tx peer=2 type=32 cid=487400799 seq=166
[2026-09-26T10:38:38.095Z] I (747685) RouteLoom: HIL LINK rx peer=2 type=32 cid=237340361 current=0 status=5 seq=271
[2026-09-26T10:38:40.698Z] I (750288) RouteLoom: HIL LINK tx peer=2 type=32 cid=487400799 seq=167
[2026-09-26T10:38:43.099Z] I (752689) RouteLoom: HIL LINK rx peer=2 type=32 cid=237340361 current=0 status=5 seq=273
[2026-09-26T10:38:45.137Z] I (754727) RouteLoom: HIL PROBE tx peer=2 type=40 status=0
[2026-09-26T10:38:45.154Z] I (754744) RouteLoom: HIL LINK rx peer=2 type=41 cid=237340361 current=0 status=5 seq=137
[2026-09-26T10:38:45.699Z] I (755289) RouteLoom: HIL LINK tx peer=2 type=32 cid=487400799 seq=168
[2026-09-26T10:38:48.101Z] I (757691) RouteLoom: HIL LINK rx peer=2 type=32 cid=237340361 current=0 status=5 seq=275
[2026-09-26T10:38:50.701Z] I (760290) RouteLoom: HIL LINK tx peer=2 type=32 cid=487400799 seq=169
[2026-09-26T10:38:53.103Z] I (762693) RouteLoom: HIL LINK rx peer=2 type=32 cid=237340361 current=0 status=5 seq=277
[2026-09-26T10:38:55.153Z] I (764742) RouteLoom: HIL LINK rx peer=2 type=40 cid=237340361 current=0 status=5 seq=139
[2026-09-26T10:38:55.157Z] I (764747) RouteLoom: HIL PROBE tx peer=2 type=41 status=0
[2026-09-26T10:38:55.702Z] I (765291) RouteLoom: HIL LINK tx peer=2 type=32 cid=487400799 seq=170
[2026-09-26T10:38:58.104Z] I (767694) RouteLoom: HIL LINK rx peer=2 type=32 cid=237340361 current=0 status=5 seq=279
[2026-09-26T10:39:00.704Z] I (770293) RouteLoom: HIL LINK tx peer=2 type=32 cid=487400799 seq=171
[2026-09-26T10:39:03.106Z] I (772695) RouteLoom: HIL LINK rx peer=2 type=32 cid=237340361 current=0 status=5 seq=281
[2026-09-26T10:39:04.713Z] I (774303) RouteLoom: HIL LINK rx peer=2 type=16 cid=237340361 current=0 status=5 seq=41
[2026-09-26T10:39:04.716Z] I (774306) RouteLoomRef: message origin=1 session=249 sequence=41 bytes=9
[2026-09-26T10:39:04.722Z] I (774309) RouteLoom: HIL LINK tx peer=2 type=17 cid=487400799 seq=41
[2026-09-26T10:39:04.731Z] I (774320) RouteLoom: HIL LINK tx peer=2 type=18 cid=487400799 seq=41
[2026-09-26T10:39:04.751Z] I (774341) RouteLoom: HIL LINK rx peer=2 type=17 cid=237340361 current=0 status=5 seq=41
[2026-09-26T10:39:05.154Z] I (774744) RouteLoom: HIL PROBE tx peer=2 type=40 status=0
[2026-09-26T10:39:05.174Z] I (774764) RouteLoom: HIL LINK rx peer=2 type=41 cid=237340361 current=0 status=5 seq=141
[2026-09-26T10:39:05.704Z] I (775294) RouteLoom: HIL LINK tx peer=2 type=32 cid=487400799 seq=172
[2026-09-26T10:39:08.108Z] I (777697) RouteLoom: HIL LINK rx peer=2 type=32 cid=237340361 current=0 status=5 seq=283
[2026-09-26T10:39:10.705Z] I (780294) RouteLoom: HIL LINK tx peer=2 type=32 cid=487400799 seq=173
[2026-09-26T10:39:10.836Z] I (780426) RouteLoom: stack hwm main 11096 B
[2026-09-26T10:39:10.837Z] I (780426) RouteLoom: HIL HEAP free=22172 largest=19456 min=21408 B
[2026-09-26T10:39:10.847Z] I (780427) RouteLoom: HIL DISCOVERY candidates=0 neighbors=1 capacity=0 auth=2 stale=0 probes=47 send_failures=3 kind_rejects=0
[2026-09-26T10:39:10.854Z] I (780437) RouteLoom: HIL ROUTE peer=1 phase=-1 via=2 metric=2 generation=249 seq=1
[2026-09-26T10:39:10.861Z] I (780444) RouteLoom: HIL ROUTE peer=2 phase=5 via=2 metric=1 generation=257 seq=1
[2026-09-26T10:39:13.110Z] I (782699) RouteLoom: HIL LINK rx peer=2 type=32 cid=237340361 current=0 status=5 seq=285
[2026-09-26T10:39:15.170Z] I (784760) RouteLoom: HIL LINK rx peer=2 type=40 cid=237340361 current=0 status=5 seq=143
[2026-09-26T10:39:15.174Z] I (784764) RouteLoom: HIL PROBE tx peer=2 type=41 status=0
[2026-09-26T10:39:15.707Z] I (785296) RouteLoom: HIL LINK tx peer=2 type=32 cid=487400799 seq=174
[2026-09-26T10:39:18.111Z] I (787700) RouteLoom: HIL LINK rx peer=2 type=32 cid=237340361 current=0 status=5 seq=287
[2026-09-26T10:39:20.708Z] I (790297) RouteLoom: HIL LINK tx peer=2 type=32 cid=487400799 seq=175
[2026-09-26T10:39:23.113Z] I (792702) RouteLoom: HIL LINK rx peer=2 type=32 cid=237340361 current=0 status=5 seq=289
[2026-09-26T10:39:25.172Z] I (794762) RouteLoom: HIL PROBE tx peer=2 type=40 status=0
[2026-09-26T10:39:25.189Z] I (794779) RouteLoom: HIL LINK rx peer=2 type=41 cid=237340361 current=0 status=5 seq=145
[2026-09-26T10:39:25.710Z] I (795300) RouteLoom: HIL LINK tx peer=2 type=32 cid=487400799 seq=176
[2026-09-26T10:39:28.114Z] I (797703) RouteLoom: HIL LINK rx peer=2 type=32 cid=237340361 current=0 status=5 seq=291
[2026-09-26T10:39:30.711Z] I (800300) RouteLoom: HIL LINK tx peer=2 type=32 cid=487400799 seq=177
[2026-09-26T10:39:33.113Z] I (802702) RouteLoom: HIL LINK rx peer=2 type=32 cid=237340361 current=0 status=5 seq=293
[2026-09-26T10:39:34.712Z] I (804301) RouteLoom: HIL LINK rx peer=2 type=16 cid=237340361 current=0 status=5 seq=42
[2026-09-26T10:39:34.715Z] I (804304) RouteLoomRef: message origin=1 session=249 sequence=42 bytes=9
[2026-09-26T10:39:34.721Z] I (804307) RouteLoom: HIL LINK tx peer=2 type=17 cid=487400799 seq=42
[2026-09-26T10:39:34.730Z] I (804319) RouteLoom: HIL LINK tx peer=2 type=18 cid=487400799 seq=42
[2026-09-26T10:39:34.750Z] I (804339) RouteLoom: HIL LINK rx peer=2 type=17 cid=237340361 current=0 status=5 seq=42
[2026-09-26T10:39:35.189Z] I (804779) RouteLoom: HIL LINK rx peer=2 type=40 cid=237340361 current=0 status=5 seq=147
[2026-09-26T10:39:35.193Z] I (804782) RouteLoom: HIL PROBE tx peer=2 type=41 status=0
[2026-09-26T10:39:35.711Z] I (805301) RouteLoom: HIL LINK tx peer=2 type=32 cid=487400799 seq=178
[2026-09-26T10:39:38.115Z] I (807704) RouteLoom: HIL LINK rx peer=2 type=32 cid=237340361 current=0 status=5 seq=295
[2026-09-26T10:39:40.713Z] I (810301) RouteLoom: HIL LINK tx peer=2 type=32 cid=487400799 seq=179
[2026-09-26T10:39:43.114Z] I (812703) RouteLoom: HIL LINK rx peer=2 type=32 cid=237340361 current=0 status=5 seq=297
[2026-09-26T10:39:45.191Z] I (814781) RouteLoom: HIL PROBE tx peer=2 type=40 status=0
[2026-09-26T10:39:45.209Z] I (814798) RouteLoom: HIL LINK rx peer=2 type=41 cid=237340361 current=0 status=5 seq=149
[2026-09-26T10:39:45.714Z] I (815303) RouteLoom: HIL LINK tx peer=2 type=32 cid=487400799 seq=180
[2026-09-26T10:39:48.116Z] I (817705) RouteLoom: HIL LINK rx peer=2 type=32 cid=237340361 current=0 status=5 seq=299
[2026-09-26T10:39:50.716Z] I (820305) RouteLoom: HIL LINK tx peer=2 type=32 cid=487400799 seq=181
[2026-09-26T10:39:53.121Z] I (822709) RouteLoom: HIL LINK rx peer=2 type=32 cid=237340361 current=0 status=5 seq=301
[2026-09-26T10:39:55.206Z] I (824796) RouteLoom: HIL LINK rx peer=2 type=40 cid=237340361 current=0 status=5 seq=152
[2026-09-26T10:39:55.210Z] I (824799) RouteLoom: HIL PROBE tx peer=2 type=41 status=0
[2026-09-26T10:39:55.716Z] I (825306) RouteLoom: HIL LINK tx peer=2 type=32 cid=487400799 seq=182
[2026-09-26T10:39:58.119Z] I (827708) RouteLoom: HIL LINK rx peer=2 type=32 cid=237340361 current=0 status=5 seq=303
[2026-09-26T10:40:00.717Z] I (830305) RouteLoom: HIL LINK tx peer=2 type=32 cid=487400799 seq=183
[2026-09-26T10:40:03.121Z] I (832709) RouteLoom: HIL LINK rx peer=2 type=32 cid=237340361 current=0 status=5 seq=305
[2026-09-26T10:40:04.706Z] I (834295) RouteLoom: HIL LINK rx peer=2 type=16 cid=237340361 current=0 status=5 seq=43
[2026-09-26T10:40:04.709Z] I (834298) RouteLoomRef: message origin=1 session=249 sequence=43 bytes=9
[2026-09-26T10:40:04.715Z] I (834302) RouteLoom: HIL LINK tx peer=2 type=17 cid=487400799 seq=43
[2026-09-26T10:40:04.724Z] I (834313) RouteLoom: HIL LINK tx peer=2 type=18 cid=487400799 seq=43
[2026-09-26T10:40:04.744Z] I (834333) RouteLoom: HIL LINK rx peer=2 type=17 cid=237340361 current=0 status=5 seq=43
[2026-09-26T10:40:05.210Z] I (834799) RouteLoom: HIL PROBE tx peer=2 type=40 status=0
[2026-09-26T10:40:05.227Z] I (834816) RouteLoom: HIL LINK rx peer=2 type=41 cid=237340361 current=0 status=5 seq=154
[2026-09-26T10:40:05.718Z] I (835307) RouteLoom: HIL LINK tx peer=2 type=32 cid=487400799 seq=184
[2026-09-26T10:40:08.120Z] I (837708) RouteLoom: HIL LINK rx peer=2 type=32 cid=237340361 current=0 status=5 seq=307
[2026-09-26T10:40:10.720Z] I (840308) RouteLoom: HIL LINK tx peer=2 type=32 cid=487400799 seq=185
[2026-09-26T10:40:10.837Z] I (840426) RouteLoom: stack hwm main 11096 B
[2026-09-26T10:40:10.837Z] I (840426) RouteLoom: HIL HEAP free=22172 largest=19456 min=21408 B
[2026-09-26T10:40:10.847Z] I (840427) RouteLoom: HIL DISCOVERY candidates=0 neighbors=1 capacity=0 auth=2 stale=0 probes=50 send_failures=3 kind_rejects=0
[2026-09-26T10:40:10.854Z] I (840437) RouteLoom: HIL ROUTE peer=1 phase=-1 via=2 metric=2 generation=249 seq=1
[2026-09-26T10:40:10.862Z] I (840444) RouteLoom: HIL ROUTE peer=2 phase=5 via=2 metric=1 generation=257 seq=1
[2026-09-26T10:40:13.123Z] I (842711) RouteLoom: HIL LINK rx peer=2 type=32 cid=237340361 current=0 status=5 seq=309
[2026-09-26T10:40:15.225Z] I (844814) RouteLoom: HIL LINK rx peer=2 type=40 cid=237340361 current=0 status=5 seq=156
[2026-09-26T10:40:15.229Z] I (844818) RouteLoom: HIL PROBE tx peer=2 type=41 status=0
[2026-09-26T10:40:15.720Z] I (845308) RouteLoom: HIL LINK tx peer=2 type=32 cid=487400799 seq=186
[2026-09-26T10:40:18.124Z] I (847712) RouteLoom: HIL LINK rx peer=2 type=32 cid=237340361 current=0 status=5 seq=311
[2026-09-26T10:40:20.721Z] I (850309) RouteLoom: HIL LINK tx peer=2 type=32 cid=487400799 seq=187
[2026-09-26T10:40:23.128Z] I (852716) RouteLoom: HIL LINK rx peer=2 type=32 cid=237340361 current=0 status=5 seq=313
[2026-09-26T10:40:25.229Z] I (854818) RouteLoom: HIL PROBE tx peer=2 type=40 status=0
[2026-09-26T10:40:25.246Z] I (854835) RouteLoom: HIL LINK rx peer=2 type=41 cid=237340361 current=0 status=5 seq=158
[2026-09-26T10:40:25.722Z] I (855310) RouteLoom: HIL LINK tx peer=2 type=32 cid=487400799 seq=188
[2026-09-26T10:40:28.127Z] I (857715) RouteLoom: HIL LINK rx peer=2 type=32 cid=237340361 current=0 status=5 seq=315
[2026-09-26T10:40:30.724Z] I (860312) RouteLoom: HIL LINK tx peer=2 type=32 cid=487400799 seq=189
[2026-09-26T10:40:33.129Z] I (862717) RouteLoom: HIL LINK rx peer=2 type=32 cid=237340361 current=0 status=5 seq=317
[2026-09-26T10:40:34.710Z] I (864298) RouteLoom: HIL LINK rx peer=2 type=16 cid=237340361 current=0 status=5 seq=44
[2026-09-26T10:40:34.713Z] I (864301) RouteLoomRef: message origin=1 session=249 sequence=44 bytes=9
[2026-09-26T10:40:34.719Z] I (864305) RouteLoom: HIL LINK tx peer=2 type=17 cid=487400799 seq=44
[2026-09-26T10:40:34.728Z] I (864316) RouteLoom: HIL LINK tx peer=2 type=18 cid=487400799 seq=44
[2026-09-26T10:40:34.748Z] I (864336) RouteLoom: HIL LINK rx peer=2 type=17 cid=237340361 current=0 status=5 seq=44
[2026-09-26T10:40:35.243Z] I (864832) RouteLoom: HIL LINK rx peer=2 type=40 cid=237340361 current=0 status=5 seq=160
[2026-09-26T10:40:35.247Z] I (864836) RouteLoom: HIL PROBE tx peer=2 type=41 status=0
[2026-09-26T10:40:35.726Z] I (865314) RouteLoom: HIL LINK tx peer=2 type=32 cid=487400799 seq=190
[2026-09-26T10:40:38.130Z] I (867718) RouteLoom: HIL LINK rx peer=2 type=32 cid=237340361 current=0 status=5 seq=319
[2026-09-26T10:40:40.727Z] I (870315) RouteLoom: HIL LINK tx peer=2 type=32 cid=487400799 seq=191
[2026-09-26T10:40:43.129Z] I (872718) RouteLoom: HIL LINK rx peer=2 type=32 cid=237340361 current=0 status=5 seq=321
[2026-09-26T10:40:45.245Z] I (874834) RouteLoom: HIL PROBE tx peer=2 type=40 status=0
[2026-09-26T10:40:45.262Z] I (874851) RouteLoom: HIL LINK rx peer=2 type=41 cid=237340361 current=0 status=5 seq=163
[2026-09-26T10:40:45.729Z] I (875318) RouteLoom: HIL LINK tx peer=2 type=32 cid=487400799 seq=192
[2026-09-26T10:40:48.131Z] I (877720) RouteLoom: HIL LINK rx peer=2 type=32 cid=237340361 current=0 status=5 seq=323
[2026-09-26T10:40:50.737Z] I (880319) RouteLoom: HIL LINK tx peer=2 type=32 cid=487400799 seq=193
[2026-09-26T10:40:53.141Z] I (882722) RouteLoom: HIL LINK rx peer=2 type=32 cid=237340361 current=0 status=5 seq=325
[2026-09-26T10:40:55.259Z] I (884848) RouteLoom: HIL LINK rx peer=2 type=40 cid=237340361 current=0 status=5 seq=165
[2026-09-26T10:40:55.263Z] I (884852) RouteLoom: HIL PROBE tx peer=2 type=41 status=0
[2026-09-26T10:40:55.733Z] I (885322) RouteLoom: HIL LINK tx peer=2 type=32 cid=487400799 seq=194
[2026-09-26T10:40:58.137Z] I (887725) RouteLoom: HIL LINK rx peer=2 type=32 cid=237340361 current=0 status=5 seq=327
[2026-09-26T10:41:00.734Z] I (890322) RouteLoom: HIL LINK tx peer=2 type=32 cid=487400799 seq=195
[2026-09-26T10:41:03.133Z] I (892722) RouteLoom: HIL LINK rx peer=2 type=32 cid=237340361 current=0 status=5 seq=329
[2026-09-26T10:41:04.745Z] I (894330) RouteLoom: HIL LINK rx peer=2 type=16 cid=237340361 current=0 status=5 seq=45
[2026-09-26T10:41:04.745Z] I (894334) RouteLoomRef: message origin=1 session=249 sequence=45 bytes=9
[2026-09-26T10:41:04.751Z] I (894337) RouteLoom: HIL LINK tx peer=2 type=17 cid=487400799 seq=45
[2026-09-26T10:41:04.760Z] I (894348) RouteLoom: HIL LINK tx peer=2 type=18 cid=487400799 seq=45
[2026-09-26T10:41:04.780Z] I (894368) RouteLoom: HIL LINK rx peer=2 type=17 cid=237340361 current=0 status=5 seq=45
[2026-09-26T10:41:05.263Z] I (894852) RouteLoom: HIL PROBE tx peer=2 type=40 status=0
[2026-09-26T10:41:05.281Z] I (894869) RouteLoom: HIL LINK rx peer=2 type=41 cid=237340361 current=0 status=5 seq=167
[2026-09-26T10:41:05.735Z] I (895324) RouteLoom: HIL LINK tx peer=2 type=32 cid=487400799 seq=196
[2026-09-26T10:41:08.135Z] I (897723) RouteLoom: HIL LINK rx peer=2 type=32 cid=237340361 current=0 status=5 seq=331
[2026-09-26T10:41:10.737Z] I (900325) RouteLoom: HIL LINK tx peer=2 type=32 cid=487400799 seq=197
[2026-09-26T10:41:10.839Z] I (900427) RouteLoom: stack hwm main 11096 B
[2026-09-26T10:41:10.839Z] I (900427) RouteLoom: HIL HEAP free=22172 largest=19456 min=21408 B
[2026-09-26T10:41:10.849Z] I (900428) RouteLoom: HIL DISCOVERY candidates=0 neighbors=1 capacity=0 auth=2 stale=0 probes=53 send_failures=3 kind_rejects=0
[2026-09-26T10:41:10.856Z] I (900438) RouteLoom: HIL ROUTE peer=1 phase=-1 via=2 metric=2 generation=249 seq=1
[2026-09-26T10:41:10.864Z] I (900445) RouteLoom: HIL ROUTE peer=2 phase=5 via=2 metric=1 generation=257 seq=1
[2026-09-26T10:41:13.136Z] I (902724) RouteLoom: HIL LINK rx peer=2 type=32 cid=237340361 current=0 status=5 seq=333
[2026-09-26T10:41:15.281Z] I (904869) RouteLoom: HIL LINK rx peer=2 type=40 cid=237340361 current=0 status=5 seq=169
[2026-09-26T10:41:15.285Z] I (904873) RouteLoom: HIL PROBE tx peer=2 type=41 status=0
[2026-09-26T10:41:15.737Z] I (905325) RouteLoom: HIL LINK tx peer=2 type=32 cid=487400799 seq=198
[2026-09-26T10:41:18.137Z] I (907725) RouteLoom: HIL LINK rx peer=2 type=32 cid=237340361 current=0 status=5 seq=335
[2026-09-26T10:41:20.739Z] I (910327) RouteLoom: HIL LINK tx peer=2 type=32 cid=487400799 seq=199
[2026-09-26T10:41:23.139Z] I (912727) RouteLoom: HIL LINK rx peer=2 type=32 cid=237340361 current=0 status=5 seq=337
[2026-09-26T10:41:25.285Z] I (914873) RouteLoom: HIL PROBE tx peer=2 type=40 status=0
[2026-09-26T10:41:25.302Z] I (914890) RouteLoom: HIL LINK rx peer=2 type=41 cid=237340361 current=0 status=5 seq=171
[2026-09-26T10:41:25.741Z] I (915329) RouteLoom: HIL LINK tx peer=2 type=32 cid=487400799 seq=200
[2026-09-26T10:41:28.141Z] I (917729) RouteLoom: HIL LINK rx peer=2 type=32 cid=237340361 current=0 status=5 seq=339
[2026-09-26T10:41:30.744Z] I (920331) RouteLoom: HIL LINK tx peer=2 type=32 cid=487400799 seq=201
[2026-09-26T10:41:33.143Z] I (922729) RouteLoom: HIL LINK rx peer=2 type=32 cid=237340361 current=0 status=5 seq=341
[2026-09-26T10:41:34.711Z] I (924299) RouteLoom: HIL LINK rx peer=2 type=16 cid=237340361 current=0 status=5 seq=46
[2026-09-26T10:41:34.715Z] I (924302) RouteLoomRef: message origin=1 session=249 sequence=46 bytes=9
[2026-09-26T10:41:34.721Z] I (924306) RouteLoom: HIL LINK tx peer=2 type=17 cid=487400799 seq=46
[2026-09-26T10:41:34.729Z] I (924317) RouteLoom: HIL LINK tx peer=2 type=18 cid=487400799 seq=46
[2026-09-26T10:41:34.749Z] I (924337) RouteLoom: HIL LINK rx peer=2 type=17 cid=237340361 current=0 status=5 seq=46
[2026-09-26T10:41:35.301Z] I (924889) RouteLoom: HIL LINK rx peer=2 type=40 cid=237340361 current=0 status=5 seq=173
[2026-09-26T10:41:35.305Z] I (924893) RouteLoom: HIL PROBE tx peer=2 type=41 status=0
[2026-09-26T10:41:35.747Z] I (925334) RouteLoom: HIL LINK tx peer=2 type=32 cid=487400799 seq=202
[2026-09-26T10:41:38.141Z] I (927729) RouteLoom: HIL LINK rx peer=2 type=32 cid=237340361 current=0 status=5 seq=343
[2026-09-26T10:41:40.747Z] I (930334) RouteLoom: HIL LINK tx peer=2 type=32 cid=487400799 seq=203
[2026-09-26T10:41:43.145Z] I (932732) RouteLoom: HIL LINK rx peer=2 type=32 cid=237340361 current=0 status=5 seq=345
[2026-09-26T10:41:45.303Z] I (934891) RouteLoom: HIL PROBE tx peer=2 type=40 status=0
[2026-09-26T10:41:45.320Z] I (934908) RouteLoom: HIL LINK rx peer=2 type=41 cid=237340361 current=0 status=5 seq=175
[2026-09-26T10:41:45.761Z] I (935335) RouteLoom: HIL LINK tx peer=2 type=32 cid=487400799 seq=204
[2026-09-26T10:41:48.166Z] I (937732) RouteLoom: HIL LINK rx peer=2 type=32 cid=237340361 current=0 status=5 seq=347
[2026-09-26T10:41:50.750Z] I (940337) RouteLoom: HIL LINK tx peer=2 type=32 cid=487400799 seq=205
[2026-09-26T10:41:53.146Z] I (942734) RouteLoom: HIL LINK rx peer=2 type=32 cid=237340361 current=0 status=5 seq=349
[2026-09-26T10:41:55.319Z] I (944906) RouteLoom: HIL LINK rx peer=2 type=40 cid=237340361 current=0 status=5 seq=177
[2026-09-26T10:41:55.322Z] I (944910) RouteLoom: HIL PROBE tx peer=2 type=41 status=0
[2026-09-26T10:41:55.755Z] I (945339) RouteLoom: HIL LINK tx peer=2 type=32 cid=487400799 seq=206
[2026-09-26T10:41:58.149Z] I (947737) RouteLoom: HIL LINK rx peer=2 type=32 cid=237340361 current=0 status=5 seq=351
[2026-09-26T10:42:00.752Z] I (950339) RouteLoom: HIL LINK tx peer=2 type=32 cid=487400799 seq=207
[2026-09-26T10:42:03.156Z] I (952741) RouteLoom: HIL LINK rx peer=2 type=32 cid=237340361 current=0 status=5 seq=353
[2026-09-26T10:42:04.714Z] I (954301) RouteLoom: HIL LINK rx peer=2 type=16 cid=237340361 current=0 status=5 seq=47
[2026-09-26T10:42:04.717Z] I (954304) RouteLoomRef: message origin=1 session=249 sequence=47 bytes=9
[2026-09-26T10:42:04.723Z] I (954308) RouteLoom: HIL LINK tx peer=2 type=17 cid=487400799 seq=47
[2026-09-26T10:42:04.731Z] I (954319) RouteLoom: HIL LINK tx peer=2 type=18 cid=487400799 seq=47
[2026-09-26T10:42:04.751Z] I (954339) RouteLoom: HIL LINK rx peer=2 type=17 cid=237340361 current=0 status=5 seq=47
[2026-09-26T10:42:05.322Z] I (954910) RouteLoom: HIL PROBE tx peer=2 type=40 status=0
[2026-09-26T10:42:05.341Z] I (954928) RouteLoom: HIL LINK rx peer=2 type=41 cid=237340361 current=0 status=5 seq=179
[2026-09-26T10:42:05.754Z] I (955342) RouteLoom: HIL LINK tx peer=2 type=32 cid=487400799 seq=208
[2026-09-26T10:42:08.155Z] I (957743) RouteLoom: HIL LINK rx peer=2 type=32 cid=237340361 current=0 status=5 seq=355
[2026-09-26T10:42:10.755Z] I (960343) RouteLoom: HIL LINK tx peer=2 type=32 cid=487400799 seq=209
[2026-09-26T10:42:10.841Z] I (960429) RouteLoom: stack hwm main 11096 B
[2026-09-26T10:42:10.842Z] I (960429) RouteLoom: HIL HEAP free=22172 largest=19456 min=21408 B
[2026-09-26T10:42:10.851Z] I (960430) RouteLoom: HIL DISCOVERY candidates=0 neighbors=1 capacity=0 auth=2 stale=0 probes=56 send_failures=3 kind_rejects=0
[2026-09-26T10:42:10.859Z] I (960440) RouteLoom: HIL ROUTE peer=1 phase=-1 via=2 metric=2 generation=249 seq=1
[2026-09-26T10:42:10.866Z] I (960447) RouteLoom: HIL ROUTE peer=2 phase=5 via=2 metric=1 generation=257 seq=1
[2026-09-26T10:42:13.155Z] I (962743) RouteLoom: HIL LINK rx peer=2 type=32 cid=237340361 current=0 status=5 seq=357
[2026-09-26T10:42:15.340Z] I (964927) RouteLoom: HIL LINK rx peer=2 type=40 cid=237340361 current=0 status=5 seq=181
[2026-09-26T10:42:15.343Z] I (964931) RouteLoom: HIL PROBE tx peer=2 type=41 status=0
[2026-09-26T10:42:15.757Z] I (965344) RouteLoom: HIL LINK tx peer=2 type=32 cid=487400799 seq=210
[2026-09-26T10:42:18.159Z] I (967746) RouteLoom: HIL LINK rx peer=2 type=32 cid=237340361 current=0 status=5 seq=359
[2026-09-26T10:42:20.758Z] I (970345) RouteLoom: HIL LINK tx peer=2 type=32 cid=487400799 seq=211
[2026-09-26T10:42:23.159Z] I (972747) RouteLoom: HIL LINK rx peer=2 type=32 cid=237340361 current=0 status=5 seq=361
[2026-09-26T10:42:25.341Z] I (974929) RouteLoom: HIL PROBE tx peer=2 type=40 status=0
[2026-09-26T10:42:25.358Z] I (974946) RouteLoom: HIL LINK rx peer=2 type=41 cid=237340361 current=0 status=5 seq=183
[2026-09-26T10:42:25.759Z] I (975347) RouteLoom: HIL LINK tx peer=2 type=32 cid=487400799 seq=212
[2026-09-26T10:42:28.162Z] I (977749) RouteLoom: HIL LINK rx peer=2 type=32 cid=237340361 current=0 status=5 seq=363
[2026-09-26T10:42:30.761Z] I (980348) RouteLoom: HIL LINK tx peer=2 type=32 cid=487400799 seq=213
[2026-09-26T10:42:33.162Z] I (982749) RouteLoom: HIL LINK rx peer=2 type=32 cid=237340361 current=0 status=5 seq=365
[2026-09-26T10:42:34.714Z] I (984301) RouteLoom: HIL LINK rx peer=2 type=16 cid=237340361 current=0 status=5 seq=48
[2026-09-26T10:42:34.717Z] I (984304) RouteLoomRef: message origin=1 session=249 sequence=48 bytes=9
[2026-09-26T10:42:34.723Z] I (984308) RouteLoom: HIL LINK tx peer=2 type=17 cid=487400799 seq=48
[2026-09-26T10:42:34.732Z] I (984319) RouteLoom: HIL LINK tx peer=2 type=18 cid=487400799 seq=48
[2026-09-26T10:42:34.753Z] I (984340) RouteLoom: HIL LINK rx peer=2 type=17 cid=237340361 current=0 status=5 seq=48
[2026-09-26T10:42:35.359Z] I (984946) RouteLoom: HIL LINK rx peer=2 type=40 cid=237340361 current=0 status=5 seq=185
[2026-09-26T10:42:35.363Z] I (984950) RouteLoom: HIL PROBE tx peer=2 type=41 status=0
[2026-09-26T10:42:35.761Z] I (985348) RouteLoom: HIL LINK tx peer=2 type=32 cid=487400799 seq=214
[2026-09-26T10:42:38.163Z] I (987750) RouteLoom: HIL LINK rx peer=2 type=32 cid=237340361 current=0 status=5 seq=367
[2026-09-26T10:42:40.762Z] I (990349) RouteLoom: HIL LINK tx peer=2 type=32 cid=487400799 seq=215
[2026-09-26T10:42:43.163Z] I (992750) RouteLoom: HIL LINK rx peer=2 type=32 cid=237340361 current=0 status=5 seq=369
[2026-09-26T10:42:45.360Z] I (994948) RouteLoom: HIL PROBE tx peer=2 type=40 status=0
[2026-09-26T10:42:45.378Z] I (994965) RouteLoom: HIL LINK rx peer=2 type=41 cid=237340361 current=0 status=5 seq=187
[2026-09-26T10:42:45.763Z] I (995350) RouteLoom: HIL LINK tx peer=2 type=32 cid=487400799 seq=216
[2026-09-26T10:42:48.163Z] I (997750) RouteLoom: HIL LINK rx peer=2 type=32 cid=237340361 current=0 status=5 seq=371
[2026-09-26T10:42:50.763Z] I (1000350) RouteLoom: HIL LINK tx peer=2 type=32 cid=487400799 seq=217
[2026-09-26T10:42:53.165Z] I (1002752) RouteLoom: HIL LINK rx peer=2 type=32 cid=237340361 current=0 status=5 seq=373
[2026-09-26T10:42:55.376Z] I (1004963) RouteLoom: HIL LINK rx peer=2 type=40 cid=237340361 current=0 status=5 seq=189
[2026-09-26T10:42:55.380Z] I (1004967) RouteLoom: HIL PROBE tx peer=2 type=41 status=0
[2026-09-26T10:42:55.763Z] I (1005350) RouteLoom: HIL LINK tx peer=2 type=32 cid=487400799 seq=218
[2026-09-26T10:42:58.168Z] I (1007755) RouteLoom: HIL LINK rx peer=2 type=32 cid=237340361 current=0 status=5 seq=375
[2026-09-26T10:43:00.765Z] I (1010352) RouteLoom: HIL LINK tx peer=2 type=32 cid=487400799 seq=219
[2026-09-26T10:43:03.169Z] I (1012756) RouteLoom: HIL LINK rx peer=2 type=32 cid=237340361 current=0 status=5 seq=377
[2026-09-26T10:43:04.709Z] I (1014296) RouteLoom: HIL LINK rx peer=2 type=16 cid=237340361 current=0 status=5 seq=49
[2026-09-26T10:43:04.713Z] I (1014300) RouteLoomRef: message origin=1 session=249 sequence=49 bytes=9
[2026-09-26T10:43:04.719Z] I (1014303) RouteLoom: HIL LINK tx peer=2 type=17 cid=487400799 seq=49
[2026-09-26T10:43:04.727Z] I (1014314) RouteLoom: HIL LINK tx peer=2 type=18 cid=487400799 seq=49
[2026-09-26T10:43:04.748Z] I (1014335) RouteLoom: HIL LINK rx peer=2 type=17 cid=237340361 current=0 status=5 seq=49
[2026-09-26T10:43:05.379Z] I (1014966) RouteLoom: HIL PROBE tx peer=2 type=40 status=0
[2026-09-26T10:43:05.396Z] I (1014983) RouteLoom: HIL LINK rx peer=2 type=41 cid=237340361 current=0 status=5 seq=191
[2026-09-26T10:43:05.767Z] I (1015354) RouteLoom: HIL LINK tx peer=2 type=32 cid=487400799 seq=220
[2026-09-26T10:43:08.170Z] I (1017757) RouteLoom: HIL LINK rx peer=2 type=32 cid=237340361 current=0 status=5 seq=379
[2026-09-26T10:43:10.767Z] I (1020354) RouteLoom: HIL LINK tx peer=2 type=32 cid=487400799 seq=221
[2026-09-26T10:43:10.842Z] I (1020429) RouteLoom: stack hwm main 11096 B
[2026-09-26T10:43:10.842Z] I (1020429) RouteLoom: HIL HEAP free=22172 largest=19456 min=21408 B
[2026-09-26T10:43:10.852Z] I (1020430) RouteLoom: HIL DISCOVERY candidates=0 neighbors=1 capacity=0 auth=2 stale=0 probes=59 send_failures=3 kind_rejects=0
[2026-09-26T10:43:10.860Z] I (1020440) RouteLoom: HIL ROUTE peer=1 phase=-1 via=2 metric=2 generation=249 seq=1
[2026-09-26T10:43:10.867Z] I (1020447) RouteLoom: HIL ROUTE peer=2 phase=5 via=2 metric=1 generation=257 seq=1
[2026-09-26T10:43:13.172Z] I (1022757) RouteLoom: HIL LINK rx peer=2 type=32 cid=237340361 current=0 status=5 seq=381
[2026-09-26T10:43:15.396Z] I (1024982) RouteLoom: HIL LINK rx peer=2 type=40 cid=237340361 current=0 status=5 seq=193
[2026-09-26T10:43:15.400Z] I (1024986) RouteLoom: HIL PROBE tx peer=2 type=41 status=0
[2026-09-26T10:43:15.767Z] I (1025354) RouteLoom: HIL LINK tx peer=2 type=32 cid=487400799 seq=222
[2026-09-26T10:43:18.171Z] I (1027758) RouteLoom: HIL LINK rx peer=2 type=32 cid=237340361 current=0 status=5 seq=383
[2026-09-26T10:43:20.769Z] I (1030355) RouteLoom: HIL LINK tx peer=2 type=32 cid=487400799 seq=223
[2026-09-26T10:43:23.173Z] I (1032759) RouteLoom: HIL LINK rx peer=2 type=32 cid=237340361 current=0 status=5 seq=385
[2026-09-26T10:43:25.397Z] I (1034984) RouteLoom: HIL PROBE tx peer=2 type=40 status=0
[2026-09-26T10:43:25.414Z] I (1035001) RouteLoom: HIL LINK rx peer=2 type=41 cid=237340361 current=0 status=5 seq=195
[2026-09-26T10:43:25.770Z] I (1035356) RouteLoom: HIL LINK tx peer=2 type=32 cid=487400799 seq=224
[2026-09-26T10:43:28.175Z] I (1037761) RouteLoom: HIL LINK rx peer=2 type=32 cid=237340361 current=0 status=5 seq=387
[2026-09-26T10:43:30.772Z] I (1040358) RouteLoom: HIL LINK tx peer=2 type=32 cid=487400799 seq=225
[2026-09-26T10:43:33.175Z] I (1042762) RouteLoom: HIL LINK rx peer=2 type=32 cid=237340361 current=0 status=5 seq=389
[2026-09-26T10:43:34.710Z] I (1044296) RouteLoom: HIL LINK rx peer=2 type=16 cid=237340361 current=0 status=5 seq=50
[2026-09-26T10:43:34.713Z] I (1044299) RouteLoomRef: message origin=1 session=249 sequence=50 bytes=9
[2026-09-26T10:43:34.719Z] I (1044303) RouteLoom: HIL LINK tx peer=2 type=17 cid=487400799 seq=50
[2026-09-26T10:43:34.727Z] I (1044314) RouteLoom: HIL LINK tx peer=2 type=18 cid=487400799 seq=50
[2026-09-26T10:43:34.747Z] I (1044334) RouteLoom: HIL LINK rx peer=2 type=17 cid=237340361 current=0 status=5 seq=50
[2026-09-26T10:43:35.414Z] I (1045001) RouteLoom: HIL LINK rx peer=2 type=40 cid=237340361 current=0 status=5 seq=197
[2026-09-26T10:43:35.417Z] I (1045004) RouteLoom: HIL PROBE tx peer=2 type=41 status=0
[2026-09-26T10:43:35.772Z] I (1045358) RouteLoom: HIL LINK tx peer=2 type=32 cid=487400799 seq=226
[2026-09-26T10:43:38.176Z] I (1047763) RouteLoom: HIL LINK rx peer=2 type=32 cid=237340361 current=0 status=5 seq=391
[2026-09-26T10:43:40.774Z] I (1050360) RouteLoom: HIL LINK tx peer=2 type=32 cid=487400799 seq=227
[2026-09-26T10:43:43.179Z] I (1052765) RouteLoom: HIL LINK rx peer=2 type=32 cid=237340361 current=0 status=5 seq=393
[2026-09-26T10:43:45.415Z] I (1055002) RouteLoom: HIL PROBE tx peer=2 type=40 status=0
[2026-09-26T10:43:45.434Z] I (1055020) RouteLoom: HIL LINK rx peer=2 type=41 cid=237340361 current=0 status=5 seq=200
[2026-09-26T10:43:45.775Z] I (1055362) RouteLoom: HIL LINK tx peer=2 type=32 cid=487400799 seq=228
[2026-09-26T10:43:48.180Z] I (1057766) RouteLoom: HIL LINK rx peer=2 type=32 cid=237340361 current=0 status=5 seq=395
[2026-09-26T10:43:50.777Z] I (1060363) RouteLoom: HIL LINK tx peer=2 type=32 cid=487400799 seq=229
[2026-09-26T10:43:53.181Z] I (1062767) RouteLoom: HIL LINK rx peer=2 type=32 cid=237340361 current=0 status=5 seq=397
[2026-09-26T10:43:55.432Z] I (1065019) RouteLoom: HIL LINK rx peer=2 type=40 cid=237340361 current=0 status=5 seq=202
[2026-09-26T10:43:55.436Z] I (1065023) RouteLoom: HIL PROBE tx peer=2 type=41 status=0
[2026-09-26T10:43:55.777Z] I (1065363) RouteLoom: HIL LINK tx peer=2 type=32 cid=487400799 seq=230
[2026-09-26T10:43:58.181Z] I (1067767) RouteLoom: HIL LINK rx peer=2 type=32 cid=237340361 current=0 status=5 seq=399
[2026-09-26T10:44:00.778Z] I (1070364) RouteLoom: HIL LINK tx peer=2 type=32 cid=487400799 seq=231
[2026-09-26T10:44:03.182Z] I (1072768) RouteLoom: HIL LINK rx peer=2 type=32 cid=237340361 current=0 status=5 seq=401
[2026-09-26T10:44:04.713Z] I (1074299) RouteLoom: HIL LINK rx peer=2 type=16 cid=237340361 current=0 status=5 seq=51
[2026-09-26T10:44:04.716Z] I (1074302) RouteLoomRef: message origin=1 session=249 sequence=51 bytes=9
[2026-09-26T10:44:04.722Z] I (1074306) RouteLoom: HIL LINK tx peer=2 type=17 cid=487400799 seq=51
[2026-09-26T10:44:04.731Z] I (1074317) RouteLoom: HIL LINK tx peer=2 type=18 cid=487400799 seq=51
[2026-09-26T10:44:04.752Z] I (1074337) RouteLoom: HIL LINK rx peer=2 type=17 cid=237340361 current=0 status=5 seq=51
[2026-09-26T10:44:05.485Z] I (1075022) RouteLoom: HIL PROBE tx peer=2 type=40 status=0
[2026-09-26T10:44:05.485Z] I (1075040) RouteLoom: HIL LINK rx peer=2 type=41 cid=237340361 current=0 status=5 seq=204
[2026-09-26T10:44:05.780Z] I (1075367) RouteLoom: HIL LINK tx peer=2 type=32 cid=487400799 seq=232
[2026-09-26T10:44:08.182Z] I (1077768) RouteLoom: HIL LINK rx peer=2 type=32 cid=237340361 current=0 status=5 seq=403
[2026-09-26T10:44:10.782Z] I (1080368) RouteLoom: HIL LINK tx peer=2 type=32 cid=487400799 seq=233
[2026-09-26T10:44:10.845Z] I (1080431) RouteLoom: stack hwm main 11096 B
[2026-09-26T10:44:10.845Z] I (1080431) RouteLoom: HIL HEAP free=22172 largest=19456 min=21408 B
[2026-09-26T10:44:10.855Z] I (1080432) RouteLoom: HIL DISCOVERY candidates=0 neighbors=1 capacity=0 auth=2 stale=0 probes=62 send_failures=3 kind_rejects=0
[2026-09-26T10:44:10.863Z] I (1080442) RouteLoom: HIL ROUTE peer=1 phase=-1 via=2 metric=2 generation=249 seq=1
[2026-09-26T10:44:10.870Z] I (1080449) RouteLoom: HIL ROUTE peer=2 phase=5 via=2 metric=1 generation=257 seq=1
[2026-09-26T10:44:13.182Z] I (1082768) RouteLoom: HIL LINK rx peer=2 type=32 cid=237340361 current=0 status=5 seq=405
[2026-09-26T10:44:15.452Z] I (1085039) RouteLoom: HIL LINK rx peer=2 type=40 cid=237340361 current=0 status=5 seq=206
[2026-09-26T10:44:15.456Z] I (1085043) RouteLoom: HIL PROBE tx peer=2 type=41 status=0
[2026-09-26T10:44:15.783Z] I (1085370) RouteLoom: HIL LINK tx peer=2 type=32 cid=487400799 seq=234
[2026-09-26T10:44:18.185Z] I (1087771) RouteLoom: HIL LINK rx peer=2 type=32 cid=237340361 current=0 status=5 seq=407
[2026-09-26T10:44:20.785Z] I (1090371) RouteLoom: HIL LINK tx peer=2 type=32 cid=487400799 seq=235
[2026-09-26T10:44:23.186Z] I (1092772) RouteLoom: HIL LINK rx peer=2 type=32 cid=237340361 current=0 status=5 seq=409
[2026-09-26T10:44:25.455Z] I (1095042) RouteLoom: HIL PROBE tx peer=2 type=40 status=0
[2026-09-26T10:44:25.472Z] I (1095059) RouteLoom: HIL LINK rx peer=2 type=41 cid=237340361 current=0 status=5 seq=208
[2026-09-26T10:44:25.786Z] I (1095372) RouteLoom: HIL LINK tx peer=2 type=32 cid=487400799 seq=236
[2026-09-26T10:44:28.188Z] I (1097775) RouteLoom: HIL LINK rx peer=2 type=32 cid=237340361 current=0 status=5 seq=411
[2026-09-26T10:44:30.788Z] I (1100374) RouteLoom: HIL LINK tx peer=2 type=32 cid=487400799 seq=237
[2026-09-26T10:44:33.189Z] I (1102775) RouteLoom: HIL LINK rx peer=2 type=32 cid=237340361 current=0 status=5 seq=413
[2026-09-26T10:44:34.707Z] I (1104293) RouteLoom: HIL LINK rx peer=2 type=16 cid=237340361 current=0 status=5 seq=52
[2026-09-26T10:44:34.710Z] I (1104296) RouteLoomRef: message origin=1 session=249 sequence=52 bytes=9
[2026-09-26T10:44:34.716Z] I (1104300) RouteLoom: HIL LINK tx peer=2 type=17 cid=487400799 seq=52
[2026-09-26T10:44:34.725Z] I (1104311) RouteLoom: HIL LINK tx peer=2 type=18 cid=487400799 seq=52
[2026-09-26T10:44:34.745Z] I (1104331) RouteLoom: HIL LINK rx peer=2 type=17 cid=237340361 current=0 status=5 seq=52
[2026-09-26T10:44:35.472Z] I (1105058) RouteLoom: HIL LINK rx peer=2 type=40 cid=237340361 current=0 status=5 seq=210
[2026-09-26T10:44:35.476Z] I (1105062) RouteLoom: HIL PROBE tx peer=2 type=41 status=0
[2026-09-26T10:44:35.790Z] I (1105376) RouteLoom: HIL LINK tx peer=2 type=32 cid=487400799 seq=238
[2026-09-26T10:44:38.192Z] I (1107779) RouteLoom: HIL LINK rx peer=2 type=32 cid=237340361 current=0 status=5 seq=415
[2026-09-26T10:44:40.792Z] I (1110378) RouteLoom: HIL LINK tx peer=2 type=32 cid=487400799 seq=239
[2026-09-26T10:44:43.192Z] I (1112779) RouteLoom: HIL LINK rx peer=2 type=32 cid=237340361 current=0 status=5 seq=417
[2026-09-26T10:44:45.473Z] I (1115060) RouteLoom: HIL PROBE tx peer=2 type=40 status=0
[2026-09-26T10:44:45.492Z] I (1115078) RouteLoom: HIL LINK rx peer=2 type=41 cid=237340361 current=0 status=5 seq=212
[2026-09-26T10:44:45.794Z] I (1115380) RouteLoom: HIL LINK tx peer=2 type=32 cid=487400799 seq=240
[2026-09-26T10:44:48.194Z] I (1117780) RouteLoom: HIL LINK rx peer=2 type=32 cid=237340361 current=0 status=5 seq=419
[2026-09-26T10:44:50.796Z] I (1120382) RouteLoom: HIL LINK tx peer=2 type=32 cid=487400799 seq=241
[2026-09-26T10:44:53.196Z] I (1122782) RouteLoom: HIL LINK rx peer=2 type=32 cid=237340361 current=0 status=5 seq=421
[2026-09-26T10:44:55.490Z] I (1125076) RouteLoom: HIL LINK rx peer=2 type=40 cid=237340361 current=0 status=5 seq=214
[2026-09-26T10:44:55.494Z] I (1125080) RouteLoom: HIL PROBE tx peer=2 type=41 status=0
[2026-09-26T10:44:55.796Z] I (1125382) RouteLoom: HIL LINK tx peer=2 type=32 cid=487400799 seq=242
[2026-09-26T10:44:58.198Z] I (1127784) RouteLoom: HIL LINK rx peer=2 type=32 cid=237340361 current=0 status=5 seq=423
[2026-09-26T10:45:00.797Z] I (1130383) RouteLoom: HIL LINK tx peer=2 type=32 cid=487400799 seq=243
[2026-09-26T10:45:03.200Z] I (1132786) RouteLoom: HIL LINK rx peer=2 type=32 cid=237340361 current=0 status=5 seq=425
[2026-09-26T10:45:04.706Z] I (1134292) RouteLoom: HIL LINK rx peer=2 type=16 cid=237340361 current=0 status=5 seq=53
[2026-09-26T10:45:04.709Z] I (1134295) RouteLoomRef: message origin=1 session=249 sequence=53 bytes=9
[2026-09-26T10:45:04.716Z] I (1134299) RouteLoom: HIL LINK tx peer=2 type=17 cid=487400799 seq=53
[2026-09-26T10:45:04.724Z] I (1134310) RouteLoom: HIL LINK tx peer=2 type=18 cid=487400799 seq=53
[2026-09-26T10:45:04.744Z] I (1134330) RouteLoom: HIL LINK rx peer=2 type=17 cid=237340361 current=0 status=5 seq=53
[2026-09-26T10:45:05.493Z] I (1135079) RouteLoom: HIL PROBE tx peer=2 type=40 status=0
[2026-09-26T10:45:05.511Z] I (1135097) RouteLoom: HIL LINK rx peer=2 type=41 cid=237340361 current=0 status=5 seq=216
[2026-09-26T10:45:05.799Z] I (1135385) RouteLoom: HIL LINK tx peer=2 type=32 cid=487400799 seq=244
[2026-09-26T10:45:08.202Z] I (1137788) RouteLoom: HIL LINK rx peer=2 type=32 cid=237340361 current=0 status=5 seq=427
[2026-09-26T10:45:10.800Z] I (1140385) RouteLoom: HIL LINK tx peer=2 type=32 cid=487400799 seq=245
[2026-09-26T10:45:10.847Z] I (1140433) RouteLoom: stack hwm main 11096 B
[2026-09-26T10:45:10.847Z] I (1140433) RouteLoom: HIL HEAP free=22172 largest=19456 min=21408 B
[2026-09-26T10:45:10.857Z] I (1140434) RouteLoom: HIL DISCOVERY candidates=0 neighbors=1 capacity=0 auth=2 stale=0 probes=65 send_failures=3 kind_rejects=0
[2026-09-26T10:45:10.865Z] I (1140444) RouteLoom: HIL ROUTE peer=1 phase=-1 via=2 metric=2 generation=249 seq=1
[2026-09-26T10:45:10.872Z] I (1140451) RouteLoom: HIL ROUTE peer=2 phase=5 via=2 metric=1 generation=257 seq=1
[2026-09-26T10:45:13.206Z] I (1142791) RouteLoom: HIL LINK rx peer=2 type=32 cid=237340361 current=0 status=5 seq=429
[2026-09-26T10:45:15.511Z] I (1145096) RouteLoom: HIL LINK rx peer=2 type=40 cid=237340361 current=0 status=5 seq=218
[2026-09-26T10:45:15.514Z] I (1145100) RouteLoom: HIL PROBE tx peer=2 type=41 status=0
[2026-09-26T10:45:15.802Z] I (1145387) RouteLoom: HIL LINK tx peer=2 type=32 cid=487400799 seq=246
[2026-09-26T10:45:18.204Z] I (1147790) RouteLoom: HIL LINK rx peer=2 type=32 cid=237340361 current=0 status=5 seq=431
[2026-09-26T10:45:20.804Z] I (1150389) RouteLoom: HIL LINK tx peer=2 type=32 cid=487400799 seq=247
[2026-09-26T10:45:23.208Z] I (1152793) RouteLoom: HIL LINK rx peer=2 type=32 cid=237340361 current=0 status=5 seq=433
[2026-09-26T10:45:25.513Z] I (1155099) RouteLoom: HIL PROBE tx peer=2 type=40 status=0
[2026-09-26T10:45:25.530Z] I (1155116) RouteLoom: HIL LINK rx peer=2 type=41 cid=237340361 current=0 status=5 seq=220
[2026-09-26T10:45:25.805Z] I (1155391) RouteLoom: HIL LINK tx peer=2 type=32 cid=487400799 seq=248
[2026-09-26T10:45:28.207Z] I (1157793) RouteLoom: HIL LINK rx peer=2 type=32 cid=237340361 current=0 status=5 seq=435
[2026-09-26T10:45:30.807Z] I (1160392) RouteLoom: HIL LINK tx peer=2 type=32 cid=487400799 seq=249
[2026-09-26T10:45:33.209Z] I (1162795) RouteLoom: HIL LINK rx peer=2 type=32 cid=237340361 current=0 status=5 seq=437
[2026-09-26T10:45:34.708Z] I (1164293) RouteLoom: HIL LINK rx peer=2 type=16 cid=237340361 current=0 status=5 seq=54
[2026-09-26T10:45:34.711Z] I (1164297) RouteLoomRef: message origin=1 session=249 sequence=54 bytes=9
[2026-09-26T10:45:34.717Z] I (1164300) RouteLoom: HIL LINK tx peer=2 type=17 cid=487400799 seq=54
[2026-09-26T10:45:34.728Z] I (1164314) RouteLoom: HIL LINK tx peer=2 type=18 cid=487400799 seq=54
[2026-09-26T10:45:34.749Z] I (1164334) RouteLoom: HIL LINK rx peer=2 type=17 cid=237340361 current=0 status=5 seq=54
[2026-09-26T10:45:35.530Z] I (1165115) RouteLoom: HIL LINK rx peer=2 type=40 cid=237340361 current=0 status=5 seq=222
[2026-09-26T10:45:35.533Z] I (1165119) RouteLoom: HIL PROBE tx peer=2 type=41 status=0
[2026-09-26T10:45:35.809Z] I (1165394) RouteLoom: HIL LINK tx peer=2 type=32 cid=487400799 seq=250
[2026-09-26T10:45:38.211Z] I (1167797) RouteLoom: HIL LINK rx peer=2 type=32 cid=237340361 current=0 status=5 seq=439
[2026-09-26T10:45:40.811Z] I (1170396) RouteLoom: HIL LINK tx peer=2 type=32 cid=487400799 seq=251
[2026-09-26T10:45:43.212Z] I (1172798) RouteLoom: HIL LINK rx peer=2 type=32 cid=237340361 current=0 status=5 seq=441
[2026-09-26T10:45:45.532Z] I (1175118) RouteLoom: HIL PROBE tx peer=2 type=40 status=0
[2026-09-26T10:45:45.551Z] I (1175136) RouteLoom: HIL LINK rx peer=2 type=41 cid=237340361 current=0 status=5 seq=224
[2026-09-26T10:45:45.811Z] I (1175396) RouteLoom: HIL LINK tx peer=2 type=32 cid=487400799 seq=252
[2026-09-26T10:45:48.212Z] I (1177798) RouteLoom: HIL LINK rx peer=2 type=32 cid=237340361 current=0 status=5 seq=443
[2026-09-26T10:45:50.812Z] I (1180397) RouteLoom: HIL LINK tx peer=2 type=32 cid=487400799 seq=253
[2026-09-26T10:45:53.217Z] I (1182802) RouteLoom: HIL LINK rx peer=2 type=32 cid=237340361 current=0 status=5 seq=445
[2026-09-26T10:45:55.549Z] I (1185134) RouteLoom: HIL LINK rx peer=2 type=40 cid=237340361 current=0 status=5 seq=226
[2026-09-26T10:45:55.553Z] I (1185138) RouteLoom: HIL PROBE tx peer=2 type=41 status=0
[2026-09-26T10:45:55.813Z] I (1185398) RouteLoom: HIL LINK tx peer=2 type=32 cid=487400799 seq=254
[2026-09-26T10:45:58.218Z] I (1187803) RouteLoom: HIL LINK rx peer=2 type=32 cid=237340361 current=0 status=5 seq=447
[2026-09-26T10:46:00.814Z] I (1190399) RouteLoom: HIL LINK tx peer=2 type=32 cid=487400799 seq=255
[2026-09-26T10:46:03.222Z] I (1192807) RouteLoom: HIL LINK rx peer=2 type=32 cid=237340361 current=0 status=5 seq=449
[2026-09-26T10:46:04.707Z] I (1194292) RouteLoom: HIL LINK rx peer=2 type=16 cid=237340361 current=0 status=5 seq=55
[2026-09-26T10:46:04.710Z] I (1194295) RouteLoomRef: message origin=1 session=249 sequence=55 bytes=9
[2026-09-26T10:46:04.717Z] I (1194299) RouteLoom: HIL LINK tx peer=2 type=17 cid=487400799 seq=55
[2026-09-26T10:46:04.725Z] I (1194310) RouteLoom: HIL LINK tx peer=2 type=18 cid=487400799 seq=55
[2026-09-26T10:46:04.744Z] I (1194330) RouteLoom: HIL LINK rx peer=2 type=17 cid=237340361 current=0 status=5 seq=55
[2026-09-26T10:46:05.552Z] I (1195138) RouteLoom: HIL PROBE tx peer=2 type=40 status=0
[2026-09-26T10:46:05.571Z] I (1195156) RouteLoom: HIL LINK rx peer=2 type=41 cid=237340361 current=0 status=5 seq=228
[2026-09-26T10:46:05.816Z] I (1195402) RouteLoom: HIL LINK tx peer=2 type=32 cid=487400799 seq=256
[2026-09-26T10:46:08.224Z] I (1197809) RouteLoom: HIL LINK rx peer=2 type=32 cid=237340361 current=0 status=5 seq=451
[2026-09-26T10:46:10.817Z] I (1200402) RouteLoom: HIL LINK tx peer=2 type=32 cid=487400799 seq=257
[2026-09-26T10:46:10.850Z] I (1200435) RouteLoom: stack hwm main 11096 B
[2026-09-26T10:46:10.850Z] I (1200435) RouteLoom: HIL HEAP free=22172 largest=19456 min=21408 B
[2026-09-26T10:46:10.860Z] I (1200436) RouteLoom: HIL DISCOVERY candidates=0 neighbors=1 capacity=0 auth=2 stale=0 probes=68 send_failures=3 kind_rejects=0
[2026-09-26T10:46:10.867Z] I (1200446) RouteLoom: HIL ROUTE peer=1 phase=-1 via=2 metric=2 generation=249 seq=1
[2026-09-26T10:46:10.875Z] I (1200453) RouteLoom: HIL ROUTE peer=2 phase=5 via=2 metric=1 generation=257 seq=1
[2026-09-26T10:46:13.228Z] I (1202813) RouteLoom: HIL LINK rx peer=2 type=32 cid=237340361 current=0 status=5 seq=453
[2026-09-26T10:46:15.570Z] I (1205153) RouteLoom: HIL LINK rx peer=2 type=40 cid=237340361 current=0 status=5 seq=230
[2026-09-26T10:46:15.573Z] I (1205157) RouteLoom: HIL PROBE tx peer=2 type=41 status=0
[2026-09-26T10:46:15.818Z] I (1205403) RouteLoom: HIL LINK tx peer=2 type=32 cid=487400799 seq=258
[2026-09-26T10:46:18.230Z] I (1207815) RouteLoom: HIL LINK rx peer=2 type=32 cid=237340361 current=0 status=5 seq=455
[2026-09-26T10:46:20.818Z] I (1210403) RouteLoom: HIL LINK tx peer=2 type=32 cid=487400799 seq=259
[2026-09-26T10:46:23.232Z] I (1212817) RouteLoom: HIL LINK rx peer=2 type=32 cid=237340361 current=0 status=5 seq=457
[2026-09-26T10:46:25.569Z] I (1215155) RouteLoom: HIL PROBE tx peer=2 type=40 status=0
[2026-09-26T10:46:25.587Z] I (1215172) RouteLoom: HIL LINK rx peer=2 type=41 cid=237340361 current=0 status=5 seq=232
[2026-09-26T10:46:25.819Z] I (1215405) RouteLoom: HIL LINK tx peer=2 type=32 cid=487400799 seq=260
[2026-09-26T10:46:28.234Z] I (1217819) RouteLoom: HIL LINK rx peer=2 type=32 cid=237340361 current=0 status=5 seq=459
[2026-09-26T10:46:30.821Z] I (1220406) RouteLoom: HIL LINK tx peer=2 type=32 cid=487400799 seq=261
[2026-09-26T10:46:33.235Z] I (1222820) RouteLoom: HIL LINK rx peer=2 type=32 cid=237340361 current=0 status=5 seq=461
[2026-09-26T10:46:34.712Z] I (1224296) RouteLoom: HIL LINK rx peer=2 type=16 cid=237340361 current=0 status=5 seq=56
[2026-09-26T10:46:34.715Z] I (1224299) RouteLoomRef: message origin=1 session=249 sequence=56 bytes=9
[2026-09-26T10:46:34.721Z] I (1224303) RouteLoom: HIL LINK tx peer=2 type=17 cid=487400799 seq=56
[2026-09-26T10:46:34.729Z] I (1224314) RouteLoom: HIL LINK tx peer=2 type=18 cid=487400799 seq=56
[2026-09-26T10:46:34.749Z] I (1224334) RouteLoom: HIL LINK rx peer=2 type=17 cid=237340361 current=0 status=5 seq=56
[2026-09-26T10:46:35.586Z] I (1225171) RouteLoom: HIL LINK rx peer=2 type=40 cid=237340361 current=0 status=5 seq=234
[2026-09-26T10:46:35.590Z] I (1225175) RouteLoom: HIL PROBE tx peer=2 type=41 status=0
[2026-09-26T10:46:35.824Z] I (1225408) RouteLoom: HIL LINK tx peer=2 type=32 cid=487400799 seq=262
[2026-09-26T10:46:38.235Z] I (1227820) RouteLoom: HIL LINK rx peer=2 type=32 cid=237340361 current=0 status=5 seq=463
[2026-09-26T10:46:40.826Z] I (1230410) RouteLoom: HIL LINK tx peer=2 type=32 cid=487400799 seq=263
[2026-09-26T10:46:43.239Z] I (1232823) RouteLoom: HIL LINK rx peer=2 type=32 cid=237340361 current=0 status=5 seq=465
[2026-09-26T10:46:45.589Z] I (1235174) RouteLoom: HIL PROBE tx peer=2 type=40 status=0
[2026-09-26T10:46:45.606Z] I (1235191) RouteLoom: HIL LINK rx peer=2 type=41 cid=237340361 current=0 status=5 seq=236
[2026-09-26T10:46:45.827Z] I (1235412) RouteLoom: HIL LINK tx peer=2 type=32 cid=487400799 seq=264
[2026-09-26T10:46:48.240Z] I (1237824) RouteLoom: HIL LINK rx peer=2 type=32 cid=237340361 current=0 status=5 seq=467
[2026-09-26T10:46:50.832Z] I (1240412) RouteLoom: HIL LINK tx peer=2 type=32 cid=487400799 seq=265
[2026-09-26T10:46:53.244Z] I (1242825) RouteLoom: HIL LINK rx peer=2 type=32 cid=237340361 current=0 status=5 seq=469
[2026-09-26T10:46:55.608Z] I (1245190) RouteLoom: HIL LINK rx peer=2 type=40 cid=237340361 current=0 status=5 seq=238
[2026-09-26T10:46:55.611Z] I (1245194) RouteLoom: HIL PROBE tx peer=2 type=41 status=0
[2026-09-26T10:46:55.828Z] I (1245413) RouteLoom: HIL LINK tx peer=2 type=32 cid=487400799 seq=266
[2026-09-26T10:46:58.241Z] I (1247825) RouteLoom: HIL LINK rx peer=2 type=32 cid=237340361 current=0 status=5 seq=471
[2026-09-26T10:47:00.829Z] I (1250413) RouteLoom: HIL LINK tx peer=2 type=32 cid=487400799 seq=267
[2026-09-26T10:47:03.240Z] I (1252824) RouteLoom: HIL LINK rx peer=2 type=32 cid=237340361 current=0 status=5 seq=473
[2026-09-26T10:47:04.712Z] I (1254295) RouteLoom: HIL LINK rx peer=2 type=16 cid=237340361 current=0 status=5 seq=57
[2026-09-26T10:47:04.714Z] I (1254299) RouteLoomRef: message origin=1 session=249 sequence=57 bytes=9
[2026-09-26T10:47:04.720Z] I (1254302) RouteLoom: HIL LINK tx peer=2 type=17 cid=487400799 seq=57
[2026-09-26T10:47:04.729Z] I (1254313) RouteLoom: HIL LINK tx peer=2 type=18 cid=487400799 seq=57
[2026-09-26T10:47:04.749Z] I (1254334) RouteLoom: HIL LINK rx peer=2 type=17 cid=237340361 current=0 status=5 seq=57
[2026-09-26T10:47:05.627Z] I (1255193) RouteLoom: HIL PROBE tx peer=2 type=40 status=0
[2026-09-26T10:47:05.627Z] I (1255210) RouteLoom: HIL LINK rx peer=2 type=41 cid=237340361 current=0 status=5 seq=240
[2026-09-26T10:47:05.831Z] I (1255416) RouteLoom: HIL LINK tx peer=2 type=32 cid=487400799 seq=268
[2026-09-26T10:47:08.244Z] I (1257825) RouteLoom: HIL LINK rx peer=2 type=32 cid=237340361 current=0 status=5 seq=475
[2026-09-26T10:47:10.907Z] I (1260416) RouteLoom: HIL LINK tx peer=2 type=32 cid=487400799 seq=269
[2026-09-26T10:47:10.907Z] I (1260437) RouteLoom: stack hwm main 11096 B
[2026-09-26T10:47:10.907Z] I (1260437) RouteLoom: HIL HEAP free=22172 largest=19456 min=21408 B
[2026-09-26T10:47:10.907Z] I (1260438) RouteLoom: HIL DISCOVERY candidates=0 neighbors=1 capacity=0 auth=2 stale=0 probes=71 send_failures=3 kind_rejects=0
[2026-09-26T10:47:10.907Z] I (1260448) RouteLoom: HIL ROUTE peer=1 phase=-1 via=2 metric=2 generation=249 seq=1
[2026-09-26T10:47:10.907Z] I (1260455) RouteLoom: HIL ROUTE peer=2 phase=5 via=2 metric=1 generation=257 seq=1
[2026-09-26T10:47:13.241Z] I (1262825) RouteLoom: HIL LINK rx peer=2 type=32 cid=237340361 current=0 status=5 seq=477
[2026-09-26T10:47:15.626Z] I (1265210) RouteLoom: HIL LINK rx peer=2 type=40 cid=237340361 current=0 status=5 seq=242
[2026-09-26T10:47:15.629Z] I (1265214) RouteLoom: HIL PROBE tx peer=2 type=41 status=0
[2026-09-26T10:47:15.832Z] I (1265416) RouteLoom: HIL LINK tx peer=2 type=32 cid=487400799 seq=270
[2026-09-26T10:47:18.242Z] I (1267826) RouteLoom: HIL LINK rx peer=2 type=32 cid=237340361 current=0 status=5 seq=479
[2026-09-26T10:47:20.834Z] I (1270417) RouteLoom: HIL LINK tx peer=2 type=32 cid=487400799 seq=271
[2026-09-26T10:47:23.244Z] I (1272828) RouteLoom: HIL LINK rx peer=2 type=32 cid=237340361 current=0 status=5 seq=481
[2026-09-26T10:47:25.627Z] I (1275212) RouteLoom: HIL PROBE tx peer=2 type=40 status=0
[2026-09-26T10:47:25.644Z] I (1275229) RouteLoom: HIL LINK rx peer=2 type=41 cid=237340361 current=0 status=5 seq=244
[2026-09-26T10:47:25.835Z] I (1275420) RouteLoom: HIL LINK tx peer=2 type=32 cid=487400799 seq=272
[2026-09-26T10:47:28.246Z] I (1277830) RouteLoom: HIL LINK rx peer=2 type=32 cid=237340361 current=0 status=5 seq=483
[2026-09-26T10:47:30.837Z] I (1280421) RouteLoom: HIL LINK tx peer=2 type=32 cid=487400799 seq=273
[2026-09-26T10:47:33.249Z] I (1282832) RouteLoom: HIL LINK rx peer=2 type=32 cid=237340361 current=0 status=5 seq=485
[2026-09-26T10:47:34.711Z] I (1284296) RouteLoom: HIL LINK rx peer=2 type=16 cid=237340361 current=0 status=5 seq=58
[2026-09-26T10:47:34.715Z] I (1284299) RouteLoomRef: message origin=1 session=249 sequence=58 bytes=9
[2026-09-26T10:47:34.721Z] I (1284303) RouteLoom: HIL LINK tx peer=2 type=17 cid=487400799 seq=58
[2026-09-26T10:47:34.730Z] I (1284314) RouteLoom: HIL LINK tx peer=2 type=18 cid=487400799 seq=58
[2026-09-26T10:47:34.753Z] I (1284337) RouteLoom: HIL LINK rx peer=2 type=17 cid=237340361 current=0 status=5 seq=58
[2026-09-26T10:47:35.645Z] I (1285229) RouteLoom: HIL LINK rx peer=2 type=40 cid=237340361 current=0 status=5 seq=246
[2026-09-26T10:47:35.648Z] I (1285233) RouteLoom: HIL PROBE tx peer=2 type=41 status=0
[2026-09-26T10:47:35.840Z] I (1285423) RouteLoom: HIL LINK tx peer=2 type=32 cid=487400799 seq=274
[2026-09-26T10:47:38.249Z] I (1287833) RouteLoom: HIL LINK rx peer=2 type=32 cid=237340361 current=0 status=5 seq=487
[2026-09-26T10:47:40.840Z] I (1290424) RouteLoom: HIL LINK tx peer=2 type=32 cid=487400799 seq=275
[2026-09-26T10:47:43.250Z] I (1292834) RouteLoom: HIL LINK rx peer=2 type=32 cid=237340361 current=0 status=5 seq=489
[2026-09-26T10:47:45.648Z] I (1295233) RouteLoom: HIL PROBE tx peer=2 type=40 status=0
[2026-09-26T10:47:45.665Z] I (1295250) RouteLoom: HIL LINK rx peer=2 type=41 cid=237340361 current=0 status=5 seq=248
[2026-09-26T10:47:45.841Z] I (1295425) RouteLoom: HIL LINK tx peer=2 type=32 cid=487400799 seq=276
[2026-09-26T10:47:48.249Z] I (1297833) RouteLoom: HIL LINK rx peer=2 type=32 cid=237340361 current=0 status=5 seq=491
[2026-09-26T10:47:50.843Z] I (1300427) RouteLoom: HIL LINK tx peer=2 type=32 cid=487400799 seq=277
[2026-09-26T10:47:53.250Z] I (1302834) RouteLoom: HIL LINK rx peer=2 type=32 cid=237340361 current=0 status=5 seq=493
[2026-09-26T10:47:55.665Z] I (1305249) RouteLoom: HIL LINK rx peer=2 type=40 cid=237340361 current=0 status=5 seq=250
[2026-09-26T10:47:55.668Z] I (1305253) RouteLoom: HIL PROBE tx peer=2 type=41 status=0
[2026-09-26T10:47:55.844Z] I (1305429) RouteLoom: HIL LINK tx peer=2 type=32 cid=487400799 seq=278
[2026-09-26T10:47:58.256Z] I (1307840) RouteLoom: HIL LINK rx peer=2 type=32 cid=237340361 current=0 status=5 seq=495
[2026-09-26T10:48:00.846Z] I (1310430) RouteLoom: HIL LINK tx peer=2 type=32 cid=487400799 seq=279
[2026-09-26T10:48:03.252Z] I (1312835) RouteLoom: HIL LINK rx peer=2 type=32 cid=237340361 current=0 status=5 seq=497
[2026-09-26T10:48:04.708Z] I (1314292) RouteLoom: HIL LINK rx peer=2 type=16 cid=237340361 current=0 status=5 seq=59
[2026-09-26T10:48:04.711Z] I (1314295) RouteLoomRef: message origin=1 session=249 sequence=59 bytes=9
[2026-09-26T10:48:04.717Z] I (1314299) RouteLoom: HIL LINK tx peer=2 type=17 cid=487400799 seq=59
[2026-09-26T10:48:04.726Z] I (1314310) RouteLoom: HIL LINK tx peer=2 type=18 cid=487400799 seq=59
[2026-09-26T10:48:04.746Z] I (1314330) RouteLoom: HIL LINK rx peer=2 type=17 cid=237340361 current=0 status=5 seq=59
[2026-09-26T10:48:05.667Z] I (1315252) RouteLoom: HIL PROBE tx peer=2 type=40 status=0
[2026-09-26T10:48:05.685Z] I (1315269) RouteLoom: HIL LINK rx peer=2 type=41 cid=237340361 current=0 status=5 seq=252
[2026-09-26T10:48:05.848Z] I (1315433) RouteLoom: HIL LINK tx peer=2 type=32 cid=487400799 seq=280
[2026-09-26T10:48:08.254Z] I (1317837) RouteLoom: HIL LINK rx peer=2 type=32 cid=237340361 current=0 status=5 seq=499
[2026-09-26T10:48:10.850Z] I (1320434) RouteLoom: HIL LINK tx peer=2 type=32 cid=487400799 seq=281
[2026-09-26T10:48:10.854Z] I (1320438) RouteLoom: stack hwm main 11096 B
[2026-09-26T10:48:10.856Z] I (1320438) RouteLoom: HIL HEAP free=21832 largest=19456 min=21408 B
[2026-09-26T10:48:10.867Z] I (1320440) RouteLoom: HIL DISCOVERY candidates=0 neighbors=1 capacity=0 auth=2 stale=0 probes=74 send_failures=3 kind_rejects=0
[2026-09-26T10:48:10.875Z] I (1320452) RouteLoom: HIL ROUTE peer=1 phase=-1 via=2 metric=2 generation=249 seq=1
[2026-09-26T10:48:10.882Z] I (1320459) RouteLoom: HIL ROUTE peer=2 phase=5 via=2 metric=1 generation=257 seq=1
[2026-09-26T10:48:13.254Z] I (1322838) RouteLoom: HIL LINK rx peer=2 type=32 cid=237340361 current=0 status=5 seq=501
[2026-09-26T10:48:15.684Z] I (1325268) RouteLoom: HIL LINK rx peer=2 type=40 cid=237340361 current=0 status=5 seq=254
[2026-09-26T10:48:15.688Z] I (1325272) RouteLoom: HIL PROBE tx peer=2 type=41 status=0
[2026-09-26T10:48:15.852Z] I (1325436) RouteLoom: HIL LINK tx peer=2 type=32 cid=487400799 seq=282
[2026-09-26T10:48:18.255Z] I (1327839) RouteLoom: HIL LINK rx peer=2 type=32 cid=237340361 current=0 status=5 seq=503
[2026-09-26T10:48:20.853Z] I (1330436) RouteLoom: HIL LINK tx peer=2 type=32 cid=487400799 seq=283
[2026-09-26T10:48:23.261Z] I (1332845) RouteLoom: HIL LINK rx peer=2 type=32 cid=237340361 current=0 status=5 seq=505
[2026-09-26T10:48:25.686Z] I (1335270) RouteLoom: HIL PROBE tx peer=2 type=40 status=0
[2026-09-26T10:48:25.703Z] I (1335287) RouteLoom: HIL LINK rx peer=2 type=41 cid=237340361 current=0 status=5 seq=256
[2026-09-26T10:48:25.855Z] I (1335438) RouteLoom: HIL LINK tx peer=2 type=32 cid=487400799 seq=284
[2026-09-26T10:48:28.260Z] I (1337844) RouteLoom: HIL LINK rx peer=2 type=32 cid=237340361 current=0 status=5 seq=507
[2026-09-26T10:48:30.857Z] I (1340440) RouteLoom: HIL LINK tx peer=2 type=32 cid=487400799 seq=285
[2026-09-26T10:48:33.261Z] I (1342844) RouteLoom: HIL LINK rx peer=2 type=32 cid=237340361 current=0 status=5 seq=509
[2026-09-26T10:48:34.705Z] I (1344289) RouteLoom: HIL LINK rx peer=2 type=16 cid=237340361 current=0 status=5 seq=60
[2026-09-26T10:48:34.709Z] I (1344292) RouteLoomRef: message origin=1 session=249 sequence=60 bytes=9
[2026-09-26T10:48:34.715Z] I (1344296) RouteLoom: HIL LINK tx peer=2 type=17 cid=487400799 seq=60
[2026-09-26T10:48:34.723Z] I (1344307) RouteLoom: HIL LINK tx peer=2 type=18 cid=487400799 seq=60
[2026-09-26T10:48:34.744Z] I (1344327) RouteLoom: HIL LINK rx peer=2 type=17 cid=237340361 current=0 status=5 seq=60
[2026-09-26T10:48:35.700Z] I (1345284) RouteLoom: HIL LINK rx peer=2 type=40 cid=237340361 current=0 status=5 seq=258
[2026-09-26T10:48:35.704Z] I (1345288) RouteLoom: HIL PROBE tx peer=2 type=41 status=0
[2026-09-26T10:48:35.857Z] I (1345441) RouteLoom: HIL LINK tx peer=2 type=32 cid=487400799 seq=286
[2026-09-26T10:48:38.262Z] I (1347846) RouteLoom: HIL LINK rx peer=2 type=32 cid=237340361 current=0 status=5 seq=511
[2026-09-26T10:48:40.859Z] I (1350442) RouteLoom: HIL LINK tx peer=2 type=32 cid=487400799 seq=287
[2026-09-26T10:48:43.264Z] I (1352848) RouteLoom: HIL LINK rx peer=2 type=32 cid=237340361 current=0 status=5 seq=513
[2026-09-26T10:48:45.704Z] I (1355288) RouteLoom: HIL PROBE tx peer=2 type=40 status=0
[2026-09-26T10:48:45.724Z] I (1355307) RouteLoom: HIL LINK rx peer=2 type=41 cid=237340361 current=0 status=5 seq=260
[2026-09-26T10:48:45.861Z] I (1355445) RouteLoom: HIL LINK tx peer=2 type=32 cid=487400799 seq=288
[2026-09-26T10:48:48.265Z] I (1357848) RouteLoom: HIL LINK rx peer=2 type=32 cid=237340361 current=0 status=5 seq=515
[2026-09-26T10:48:50.862Z] I (1360445) RouteLoom: HIL LINK tx peer=2 type=32 cid=487400799 seq=289
[2026-09-26T10:48:53.266Z] I (1362849) RouteLoom: HIL LINK rx peer=2 type=32 cid=237340361 current=0 status=5 seq=517
[2026-09-26T10:48:55.722Z] I (1365305) RouteLoom: HIL LINK rx peer=2 type=40 cid=237340361 current=0 status=5 seq=262
[2026-09-26T10:48:55.725Z] I (1365309) RouteLoom: HIL PROBE tx peer=2 type=41 status=0
[2026-09-26T10:48:55.863Z] I (1365446) RouteLoom: HIL LINK tx peer=2 type=32 cid=487400799 seq=290
[2026-09-26T10:48:58.265Z] I (1367849) RouteLoom: HIL LINK rx peer=2 type=32 cid=237340361 current=0 status=5 seq=519
[2026-09-26T10:49:00.865Z] I (1370448) RouteLoom: HIL LINK tx peer=2 type=32 cid=487400799 seq=291
[2026-09-26T10:49:03.267Z] I (1372851) RouteLoom: HIL LINK rx peer=2 type=32 cid=237340361 current=0 status=5 seq=521
[2026-09-26T10:49:04.712Z] I (1374295) RouteLoom: HIL LINK rx peer=2 type=16 cid=237340361 current=0 status=5 seq=61
[2026-09-26T10:49:04.715Z] I (1374298) RouteLoomRef: message origin=1 session=249 sequence=61 bytes=9
[2026-09-26T10:49:04.721Z] I (1374302) RouteLoom: HIL LINK tx peer=2 type=17 cid=487400799 seq=61
[2026-09-26T10:49:04.729Z] I (1374313) RouteLoom: HIL LINK tx peer=2 type=18 cid=487400799 seq=61
[2026-09-26T10:49:04.752Z] I (1374335) RouteLoom: HIL LINK rx peer=2 type=17 cid=237340361 current=0 status=5 seq=61
[2026-09-26T10:49:05.725Z] I (1375309) RouteLoom: HIL PROBE tx peer=2 type=40 status=0
[2026-09-26T10:49:05.742Z] I (1375326) RouteLoom: HIL LINK rx peer=2 type=41 cid=237340361 current=0 status=5 seq=264
[2026-09-26T10:49:05.867Z] I (1375451) RouteLoom: HIL LINK tx peer=2 type=32 cid=487400799 seq=292
[2026-09-26T10:49:08.269Z] I (1377853) RouteLoom: HIL LINK rx peer=2 type=32 cid=237340361 current=0 status=5 seq=523
[2026-09-26T10:49:10.854Z] I (1380438) RouteLoom: stack hwm main 11096 B
[2026-09-26T10:49:10.855Z] I (1380438) RouteLoom: HIL HEAP free=22172 largest=19456 min=21408 B
[2026-09-26T10:49:10.865Z] I (1380439) RouteLoom: HIL DISCOVERY candidates=0 neighbors=1 capacity=0 auth=2 stale=0 probes=77 send_failures=3 kind_rejects=0
[2026-09-26T10:49:10.872Z] I (1380449) RouteLoom: HIL ROUTE peer=1 phase=-1 via=2 metric=2 generation=249 seq=1
[2026-09-26T10:49:10.880Z] I (1380456) RouteLoom: HIL ROUTE peer=2 phase=5 via=2 metric=1 generation=257 seq=1
[2026-09-26T10:49:10.886Z] I (1380470) RouteLoom: HIL LINK tx peer=2 type=32 cid=487400799 seq=293
[2026-09-26T10:49:13.270Z] I (1382854) RouteLoom: HIL LINK rx peer=2 type=32 cid=237340361 current=0 status=5 seq=525
[2026-09-26T10:49:15.742Z] I (1385325) RouteLoom: HIL LINK rx peer=2 type=40 cid=237340361 current=0 status=5 seq=266
[2026-09-26T10:49:15.746Z] I (1385329) RouteLoom: HIL PROBE tx peer=2 type=41 status=0
[2026-09-26T10:49:15.886Z] I (1385469) RouteLoom: HIL LINK tx peer=2 type=32 cid=487400799 seq=294
[2026-09-26T10:49:18.272Z] I (1387855) RouteLoom: HIL LINK rx peer=2 type=32 cid=237340361 current=0 status=5 seq=527
[2026-09-26T10:49:20.887Z] I (1390470) RouteLoom: HIL LINK tx peer=2 type=32 cid=487400799 seq=295
[2026-09-26T10:49:23.272Z] I (1392855) RouteLoom: HIL LINK rx peer=2 type=32 cid=237340361 current=0 status=5 seq=529
[2026-09-26T10:49:25.747Z] I (1395328) RouteLoom: HIL PROBE tx peer=2 type=40 status=0
[2026-09-26T10:49:25.765Z] I (1395346) RouteLoom: HIL LINK rx peer=2 type=41 cid=237340361 current=0 status=5 seq=268
[2026-09-26T10:49:25.888Z] I (1395472) RouteLoom: HIL LINK tx peer=2 type=32 cid=487400799 seq=296
[2026-09-26T10:49:28.276Z] I (1397858) RouteLoom: HIL LINK rx peer=2 type=32 cid=237340361 current=0 status=5 seq=531
[2026-09-26T10:49:30.890Z] I (1400472) RouteLoom: HIL LINK tx peer=2 type=32 cid=487400799 seq=297
[2026-09-26T10:49:33.276Z] I (1402859) RouteLoom: HIL LINK rx peer=2 type=32 cid=237340361 current=0 status=5 seq=533
[2026-09-26T10:49:34.713Z] I (1404296) RouteLoom: HIL LINK rx peer=2 type=16 cid=237340361 current=0 status=5 seq=62
[2026-09-26T10:49:34.716Z] I (1404299) RouteLoomRef: message origin=1 session=249 sequence=62 bytes=9
[2026-09-26T10:49:34.722Z] I (1404303) RouteLoom: HIL LINK tx peer=2 type=17 cid=487400799 seq=62
[2026-09-26T10:49:34.734Z] I (1404317) RouteLoom: HIL LINK tx peer=2 type=18 cid=487400799 seq=62
[2026-09-26T10:49:34.754Z] I (1404338) RouteLoom: HIL LINK rx peer=2 type=17 cid=237340361 current=0 status=5 seq=62
[2026-09-26T10:49:35.763Z] I (1405346) RouteLoom: HIL LINK rx peer=2 type=40 cid=237340361 current=0 status=5 seq=270
[2026-09-26T10:49:35.767Z] I (1405350) RouteLoom: HIL PROBE tx peer=2 type=41 status=0
[2026-09-26T10:49:35.889Z] I (1405473) RouteLoom: HIL LINK tx peer=2 type=32 cid=487400799 seq=298
[2026-09-26T10:49:38.284Z] I (1407867) RouteLoom: HIL LINK rx peer=2 type=32 cid=237340361 current=0 status=5 seq=535
[2026-09-26T10:49:40.890Z] I (1410473) RouteLoom: HIL LINK tx peer=2 type=32 cid=487400799 seq=299
[2026-09-26T10:49:43.284Z] I (1412867) RouteLoom: HIL LINK rx peer=2 type=32 cid=237340361 current=0 status=5 seq=537
[2026-09-26T10:49:45.765Z] I (1415349) RouteLoom: HIL PROBE tx peer=2 type=40 status=0
[2026-09-26T10:49:45.785Z] I (1415368) RouteLoom: HIL LINK rx peer=2 type=41 cid=237340361 current=0 status=5 seq=272
[2026-09-26T10:49:45.891Z] I (1415474) RouteLoom: HIL LINK tx peer=2 type=32 cid=487400799 seq=300
[2026-09-26T10:49:48.286Z] I (1417870) RouteLoom: HIL LINK rx peer=2 type=32 cid=237340361 current=0 status=5 seq=539
[2026-09-26T10:49:50.892Z] I (1420475) RouteLoom: HIL LINK tx peer=2 type=32 cid=487400799 seq=301
[2026-09-26T10:49:53.291Z] I (1422874) RouteLoom: HIL LINK rx peer=2 type=32 cid=237340361 current=0 status=5 seq=541
[2026-09-26T10:49:55.783Z] I (1425366) RouteLoom: HIL LINK rx peer=2 type=40 cid=237340361 current=0 status=5 seq=274
[2026-09-26T10:49:55.787Z] I (1425370) RouteLoom: HIL PROBE tx peer=2 type=41 status=0
[2026-09-26T10:49:55.895Z] I (1425477) RouteLoom: HIL LINK tx peer=2 type=32 cid=487400799 seq=302
[2026-09-26T10:49:58.290Z] I (1427873) RouteLoom: HIL LINK rx peer=2 type=32 cid=237340361 current=0 status=5 seq=543
[2026-09-26T10:50:00.896Z] I (1430478) RouteLoom: HIL LINK tx peer=2 type=32 cid=487400799 seq=303
[2026-09-26T10:50:03.293Z] I (1432875) RouteLoom: HIL LINK rx peer=2 type=32 cid=237340361 current=0 status=5 seq=545
[2026-09-26T10:50:04.710Z] I (1434292) RouteLoom: HIL LINK rx peer=2 type=16 cid=237340361 current=0 status=5 seq=63
[2026-09-26T10:50:04.713Z] I (1434295) RouteLoomRef: message origin=1 session=249 sequence=63 bytes=9
[2026-09-26T10:50:04.719Z] I (1434299) RouteLoom: HIL LINK tx peer=2 type=17 cid=487400799 seq=63
[2026-09-26T10:50:04.728Z] I (1434311) RouteLoom: HIL LINK tx peer=2 type=18 cid=487400799 seq=63
[2026-09-26T10:50:04.748Z] I (1434331) RouteLoom: HIL LINK rx peer=2 type=17 cid=237340361 current=0 status=5 seq=63
[2026-09-26T10:50:05.787Z] I (1435370) RouteLoom: HIL PROBE tx peer=2 type=40 status=0
[2026-09-26T10:50:05.810Z] I (1435393) RouteLoom: HIL LINK rx peer=2 type=41 cid=237340361 current=0 status=5 seq=276
[2026-09-26T10:50:05.896Z] I (1435479) RouteLoom: HIL LINK tx peer=2 type=32 cid=487400799 seq=304
[2026-09-26T10:50:08.292Z] I (1437875) RouteLoom: HIL LINK rx peer=2 type=32 cid=237340361 current=0 status=5 seq=547
[2026-09-26T10:50:10.856Z] I (1440439) RouteLoom: stack hwm main 11096 B
[2026-09-26T10:50:10.857Z] I (1440439) RouteLoom: HIL HEAP free=22172 largest=19456 min=21408 B
[2026-09-26T10:50:10.867Z] I (1440440) RouteLoom: HIL DISCOVERY candidates=0 neighbors=1 capacity=0 auth=2 stale=0 probes=80 send_failures=3 kind_rejects=0
[2026-09-26T10:50:10.874Z] I (1440450) RouteLoom: HIL ROUTE peer=1 phase=-1 via=2 metric=2 generation=249 seq=1
[2026-09-26T10:50:10.882Z] I (1440457) RouteLoom: HIL ROUTE peer=2 phase=5 via=2 metric=1 generation=257 seq=1
[2026-09-26T10:50:10.897Z] I (1440480) RouteLoom: HIL LINK tx peer=2 type=32 cid=487400799 seq=305
[2026-09-26T10:50:13.293Z] I (1442876) RouteLoom: HIL LINK rx peer=2 type=32 cid=237340361 current=0 status=5 seq=549
[2026-09-26T10:50:15.811Z] I (1445393) RouteLoom: HIL LINK rx peer=2 type=40 cid=237340361 current=0 status=5 seq=278
[2026-09-26T10:50:15.814Z] I (1445397) RouteLoom: HIL PROBE tx peer=2 type=41 status=0
[2026-09-26T10:50:15.898Z] I (1445480) RouteLoom: HIL LINK tx peer=2 type=32 cid=487400799 seq=306
[2026-09-26T10:50:18.296Z] I (1447878) RouteLoom: HIL LINK rx peer=2 type=32 cid=237340361 current=0 status=5 seq=551
[2026-09-26T10:50:20.899Z] I (1450481) RouteLoom: HIL LINK tx peer=2 type=32 cid=487400799 seq=307
[2026-09-26T10:50:23.295Z] I (1452878) RouteLoom: HIL LINK rx peer=2 type=32 cid=237340361 current=0 status=5 seq=553
[2026-09-26T10:50:25.813Z] I (1455396) RouteLoom: HIL PROBE tx peer=2 type=40 status=0
[2026-09-26T10:50:25.831Z] I (1455413) RouteLoom: HIL LINK rx peer=2 type=41 cid=237340361 current=0 status=5 seq=280
[2026-09-26T10:50:25.901Z] I (1455484) RouteLoom: HIL LINK tx peer=2 type=32 cid=487400799 seq=308
[2026-09-26T10:50:28.298Z] I (1457880) RouteLoom: HIL LINK rx peer=2 type=32 cid=237340361 current=0 status=5 seq=555
[2026-09-26T10:50:30.901Z] I (1460483) RouteLoom: HIL LINK tx peer=2 type=32 cid=487400799 seq=309
[2026-09-26T10:50:33.300Z] I (1462881) RouteLoom: HIL LINK rx peer=2 type=32 cid=237340361 current=0 status=5 seq=557
[2026-09-26T10:50:34.708Z] I (1464291) RouteLoom: HIL LINK rx peer=2 type=16 cid=237340361 current=0 status=5 seq=64
[2026-09-26T10:50:34.711Z] I (1464294) RouteLoomRef: message origin=1 session=249 sequence=64 bytes=9
[2026-09-26T10:50:34.718Z] I (1464297) RouteLoom: HIL LINK tx peer=2 type=17 cid=487400799 seq=64
[2026-09-26T10:50:34.726Z] I (1464309) RouteLoom: HIL LINK tx peer=2 type=18 cid=487400799 seq=64
[2026-09-26T10:50:34.746Z] I (1464329) RouteLoom: HIL LINK rx peer=2 type=17 cid=237340361 current=0 status=5 seq=64
[2026-09-26T10:50:35.831Z] I (1465412) RouteLoom: HIL LINK rx peer=2 type=40 cid=237340361 current=0 status=5 seq=282
[2026-09-26T10:50:35.834Z] I (1465416) RouteLoom: HIL PROBE tx peer=2 type=41 status=0
[2026-09-26T10:50:35.903Z] I (1465484) RouteLoom: HIL LINK tx peer=2 type=32 cid=487400799 seq=310
[2026-09-26T10:50:38.302Z] I (1467882) RouteLoom: HIL LINK rx peer=2 type=32 cid=237340361 current=0 status=5 seq=559
[2026-09-26T10:50:40.903Z] I (1470485) RouteLoom: HIL LINK tx peer=2 type=32 cid=487400799 seq=311
[2026-09-26T10:50:43.299Z] I (1472881) RouteLoom: HIL LINK rx peer=2 type=32 cid=237340361 current=0 status=5 seq=561
[2026-09-26T10:50:45.832Z] I (1475415) RouteLoom: HIL PROBE tx peer=2 type=40 status=0
[2026-09-26T10:50:45.855Z] I (1475437) RouteLoom: HIL LINK rx peer=2 type=41 cid=237340361 current=0 status=5 seq=284
[2026-09-26T10:50:45.904Z] I (1475486) RouteLoom: HIL LINK tx peer=2 type=32 cid=487400799 seq=312
[2026-09-26T10:50:48.302Z] I (1477882) RouteLoom: HIL LINK rx peer=2 type=32 cid=237340361 current=0 status=5 seq=563
[2026-09-26T10:50:50.906Z] I (1480488) RouteLoom: HIL LINK tx peer=2 type=32 cid=487400799 seq=313
[2026-09-26T10:50:53.301Z] I (1482883) RouteLoom: HIL LINK rx peer=2 type=32 cid=237340361 current=0 status=5 seq=565
[2026-09-26T10:50:55.849Z] I (1485431) RouteLoom: HIL LINK rx peer=2 type=40 cid=237340361 current=0 status=5 seq=286
[2026-09-26T10:50:55.853Z] I (1485435) RouteLoom: HIL PROBE tx peer=2 type=41 status=0
[2026-09-26T10:50:55.906Z] I (1485488) RouteLoom: HIL LINK tx peer=2 type=32 cid=487400799 seq=314
[2026-09-26T10:50:58.307Z] I (1487889) RouteLoom: HIL LINK rx peer=2 type=32 cid=237340361 current=0 status=5 seq=567
[2026-09-26T10:51:00.907Z] I (1490489) RouteLoom: HIL LINK tx peer=2 type=32 cid=487400799 seq=315
[2026-09-26T10:51:03.307Z] I (1492889) RouteLoom: HIL LINK rx peer=2 type=32 cid=237340361 current=0 status=5 seq=569
[2026-09-26T10:51:04.711Z] I (1494293) RouteLoom: HIL LINK rx peer=2 type=16 cid=237340361 current=0 status=5 seq=65
[2026-09-26T10:51:04.715Z] I (1494296) RouteLoomRef: message origin=1 session=249 sequence=65 bytes=9
[2026-09-26T10:51:04.720Z] I (1494299) RouteLoom: HIL LINK tx peer=2 type=17 cid=487400799 seq=65
[2026-09-26T10:51:04.729Z] I (1494311) RouteLoom: HIL LINK tx peer=2 type=18 cid=487400799 seq=65
[2026-09-26T10:51:04.749Z] I (1494331) RouteLoom: HIL LINK rx peer=2 type=17 cid=237340361 current=0 status=5 seq=65
[2026-09-26T10:51:05.854Z] I (1495433) RouteLoom: HIL PROBE tx peer=2 type=40 status=0
[2026-09-26T10:51:05.868Z] I (1495450) RouteLoom: HIL LINK rx peer=2 type=41 cid=237340361 current=0 status=5 seq=288
[2026-09-26T10:51:05.909Z] I (1495491) RouteLoom: HIL LINK tx peer=2 type=32 cid=487400799 seq=316
[2026-09-26T10:51:08.308Z] I (1497889) RouteLoom: HIL LINK rx peer=2 type=32 cid=237340361 current=0 status=5 seq=571
[2026-09-26T10:51:10.857Z] I (1500439) RouteLoom: stack hwm main 11096 B
[2026-09-26T10:51:10.857Z] I (1500439) RouteLoom: HIL HEAP free=22172 largest=19456 min=21408 B
[2026-09-26T10:51:10.868Z] I (1500440) RouteLoom: HIL DISCOVERY candidates=0 neighbors=1 capacity=0 auth=2 stale=0 probes=83 send_failures=3 kind_rejects=0
[2026-09-26T10:51:10.876Z] I (1500450) RouteLoom: HIL ROUTE peer=1 phase=-1 via=2 metric=2 generation=249 seq=1
[2026-09-26T10:51:10.882Z] I (1500457) RouteLoom: HIL ROUTE peer=2 phase=5 via=2 metric=1 generation=257 seq=1
[2026-09-26T10:51:10.913Z] I (1500491) RouteLoom: HIL LINK tx peer=2 type=32 cid=487400799 seq=317
[2026-09-26T10:51:13.308Z] I (1502890) RouteLoom: HIL LINK rx peer=2 type=32 cid=237340361 current=0 status=5 seq=573
[2026-09-26T10:51:15.928Z] I (1505449) RouteLoom: HIL LINK rx peer=2 type=40 cid=237340361 current=0 status=5 seq=290
[2026-09-26T10:51:15.928Z] I (1505452) RouteLoom: HIL PROBE tx peer=2 type=41 status=0
[2026-09-26T10:51:15.928Z] I (1505494) RouteLoom: HIL LINK tx peer=2 type=32 cid=487400799 seq=318
[2026-09-26T10:51:18.309Z] I (1507891) RouteLoom: HIL LINK rx peer=2 type=32 cid=237340361 current=0 status=5 seq=575
[2026-09-26T10:51:20.943Z] I (1510494) RouteLoom: HIL LINK tx peer=2 type=32 cid=487400799 seq=319
[2026-09-26T10:51:23.312Z] I (1512894) RouteLoom: HIL LINK rx peer=2 type=32 cid=237340361 current=0 status=5 seq=577
[2026-09-26T10:51:25.868Z] I (1515451) RouteLoom: HIL PROBE tx peer=2 type=40 status=0
[2026-09-26T10:51:25.891Z] I (1515473) RouteLoom: HIL LINK rx peer=2 type=41 cid=237340361 current=0 status=5 seq=292
[2026-09-26T10:51:25.913Z] I (1515495) RouteLoom: HIL LINK tx peer=2 type=32 cid=487400799 seq=320
[2026-09-26T10:51:28.314Z] I (1517896) RouteLoom: HIL LINK rx peer=2 type=32 cid=237340361 current=0 status=5 seq=579
[2026-09-26T10:51:30.914Z] I (1520496) RouteLoom: HIL LINK tx peer=2 type=32 cid=487400799 seq=321
[2026-09-26T10:51:33.314Z] I (1522895) RouteLoom: HIL LINK rx peer=2 type=32 cid=237340361 current=0 status=5 seq=581
[2026-09-26T10:51:34.710Z] I (1524292) RouteLoom: HIL LINK rx peer=2 type=16 cid=237340361 current=0 status=5 seq=66
[2026-09-26T10:51:34.713Z] I (1524295) RouteLoomRef: message origin=1 session=249 sequence=66 bytes=9
[2026-09-26T10:51:34.720Z] I (1524299) RouteLoom: HIL LINK tx peer=2 type=17 cid=487400799 seq=66
[2026-09-26T10:51:34.732Z] I (1524313) RouteLoom: HIL LINK tx peer=2 type=18 cid=487400799 seq=66
[2026-09-26T10:51:34.753Z] I (1524335) RouteLoom: HIL LINK rx peer=2 type=17 cid=237340361 current=0 status=5 seq=66
[2026-09-26T10:51:35.893Z] I (1525475) RouteLoom: HIL LINK rx peer=2 type=40 cid=237340361 current=0 status=5 seq=294
[2026-09-26T10:51:35.897Z] I (1525479) RouteLoom: HIL PROBE tx peer=2 type=41 status=0
[2026-09-26T10:51:35.914Z] I (1525496) RouteLoom: HIL LINK tx peer=2 type=32 cid=487400799 seq=322
[2026-09-26T10:51:38.314Z] I (1527895) RouteLoom: HIL LINK rx peer=2 type=32 cid=237340361 current=0 status=5 seq=583
[2026-09-26T10:51:40.917Z] I (1530499) RouteLoom: HIL LINK tx peer=2 type=32 cid=487400799 seq=323
[2026-09-26T10:51:43.319Z] I (1532901) RouteLoom: HIL LINK rx peer=2 type=32 cid=237340361 current=0 status=5 seq=585
[2026-09-26T10:51:45.897Z] I (1535479) RouteLoom: HIL PROBE tx peer=2 type=40 status=0
[2026-09-26T10:51:45.913Z] I (1535495) RouteLoom: HIL LINK rx peer=2 type=40 cid=237340361 current=0 status=5 seq=296
[2026-09-26T10:51:45.917Z] I (1535499) RouteLoom: HIL PROBE tx peer=2 type=41 status=0
[2026-09-26T10:51:45.929Z] I (1535511) RouteLoom: HIL LINK tx peer=2 type=32 cid=487400799 seq=324
[2026-09-26T10:51:48.321Z] I (1537902) RouteLoom: HIL LINK rx peer=2 type=32 cid=237340361 current=0 status=5 seq=587
[2026-09-26T10:51:50.924Z] I (1540505) RouteLoom: HIL LINK tx peer=2 type=32 cid=487400799 seq=325
[2026-09-26T10:51:53.322Z] I (1542904) RouteLoom: HIL LINK rx peer=2 type=32 cid=237340361 current=0 status=5 seq=589
[2026-09-26T10:51:55.915Z] I (1545497) RouteLoom: HIL PROBE tx peer=2 type=40 status=0
[2026-09-26T10:51:55.924Z] I (1545506) RouteLoom: HIL LINK tx peer=2 type=32 cid=487400799 seq=326
[2026-09-26T10:51:55.944Z] I (1545525) RouteLoom: HIL LINK rx peer=2 type=41 cid=237340361 current=0 status=5 seq=299
[2026-09-26T10:51:58.337Z] I (1547919) RouteLoom: HIL LINK rx peer=2 type=32 cid=237340361 current=0 status=5 seq=591
[2026-09-26T10:52:00.925Z] I (1550506) RouteLoom: HIL LINK tx peer=2 type=32 cid=487400799 seq=327
[2026-09-26T10:52:03.325Z] I (1552906) RouteLoom: HIL LINK rx peer=2 type=32 cid=237340361 current=0 status=5 seq=593
[2026-09-26T10:52:04.713Z] I (1554295) RouteLoom: HIL LINK rx peer=2 type=16 cid=237340361 current=0 status=5 seq=67
[2026-09-26T10:52:04.717Z] I (1554298) RouteLoomRef: message origin=1 session=249 sequence=67 bytes=9
[2026-09-26T10:52:04.723Z] I (1554302) RouteLoom: HIL LINK tx peer=2 type=17 cid=487400799 seq=67
[2026-09-26T10:52:04.731Z] I (1554313) RouteLoom: HIL LINK tx peer=2 type=18 cid=487400799 seq=67
[2026-09-26T10:52:04.752Z] I (1554333) RouteLoom: HIL LINK rx peer=2 type=17 cid=237340361 current=0 status=5 seq=67
[2026-09-26T10:52:05.927Z] I (1555509) RouteLoom: HIL LINK tx peer=2 type=32 cid=487400799 seq=328
[2026-09-26T10:52:05.930Z] I (1555512) RouteLoom: HIL LINK rx peer=2 type=40 cid=237340361 current=0 status=5 seq=302
[2026-09-26T10:52:05.935Z] I (1555515) RouteLoom: HIL PROBE tx peer=2 type=41 status=6
[2026-09-26T10:52:07.938Z] I (1557519) RouteLoom: HIL LINK rx peer=2 type=40 cid=237340361 current=0 status=5 seq=303
[2026-09-26T10:52:07.941Z] I (1557523) RouteLoom: HIL PROBE tx peer=2 type=41 status=0
[2026-09-26T10:52:08.324Z] I (1557906) RouteLoom: HIL LINK rx peer=2 type=32 cid=237340361 current=0 status=5 seq=595
[2026-09-26T10:52:10.863Z] I (1560440) RouteLoom: stack hwm main 11096 B
[2026-09-26T10:52:10.863Z] I (1560440) RouteLoom: HIL HEAP free=22172 largest=19456 min=21408 B
[2026-09-26T10:52:10.871Z] I (1560441) RouteLoom: HIL DISCOVERY candidates=0 neighbors=1 capacity=0 auth=2 stale=0 probes=86 send_failures=4 kind_rejects=0
[2026-09-26T10:52:10.879Z] I (1560451) RouteLoom: HIL ROUTE peer=1 phase=-1 via=2 metric=2 generation=249 seq=1
[2026-09-26T10:52:10.886Z] I (1560458) RouteLoom: HIL ROUTE peer=2 phase=5 via=2 metric=1 generation=257 seq=1
[2026-09-26T10:52:10.931Z] I (1560511) RouteLoom: HIL LINK tx peer=2 type=32 cid=487400799 seq=329
[2026-09-26T10:52:13.385Z] I (1562909) RouteLoom: HIL LINK rx peer=2 type=32 cid=237340361 current=0 status=5 seq=597
[2026-09-26T10:52:15.930Z] I (1565511) RouteLoom: HIL LINK tx peer=2 type=32 cid=487400799 seq=330
[2026-09-26T10:52:17.941Z] I (1567523) RouteLoom: HIL PROBE tx peer=2 type=40 status=0
[2026-09-26T10:52:17.960Z] I (1567541) RouteLoom: HIL LINK rx peer=2 type=40 cid=237340361 current=0 status=5 seq=305
[2026-09-26T10:52:17.965Z] I (1567545) RouteLoom: HIL PROBE tx peer=2 type=41 status=0
[2026-09-26T10:52:18.328Z] I (1567909) RouteLoom: HIL LINK rx peer=2 type=32 cid=237340361 current=0 status=5 seq=599
[2026-09-26T10:52:20.931Z] I (1570512) RouteLoom: HIL LINK tx peer=2 type=32 cid=487400799 seq=331
[2026-09-26T10:52:23.327Z] I (1572909) RouteLoom: HIL LINK rx peer=2 type=32 cid=237340361 current=0 status=5 seq=601
[2026-09-26T10:52:25.933Z] I (1575514) RouteLoom: HIL LINK tx peer=2 type=32 cid=487400799 seq=332
[2026-09-26T10:52:27.962Z] I (1577544) RouteLoom: HIL PROBE tx peer=2 type=40 status=0
[2026-09-26T10:52:27.982Z] I (1577563) RouteLoom: HIL LINK rx peer=2 type=40 cid=237340361 current=0 status=5 seq=308
[2026-09-26T10:52:27.985Z] I (1577567) RouteLoom: HIL PROBE tx peer=2 type=41 status=0
[2026-09-26T10:52:28.332Z] I (1577913) RouteLoom: HIL LINK rx peer=2 type=32 cid=237340361 current=0 status=5 seq=603
[2026-09-26T10:52:30.935Z] I (1580516) RouteLoom: HIL LINK tx peer=2 type=32 cid=487400799 seq=333
[2026-09-26T10:52:33.331Z] I (1582912) RouteLoom: HIL LINK rx peer=2 type=32 cid=237340361 current=0 status=5 seq=605
[2026-09-26T10:52:34.712Z] I (1584294) RouteLoom: HIL LINK rx peer=2 type=16 cid=237340361 current=0 status=5 seq=68
[2026-09-26T10:52:34.716Z] I (1584297) RouteLoomRef: message origin=1 session=249 sequence=68 bytes=9
[2026-09-26T10:52:34.722Z] I (1584300) RouteLoom: HIL LINK tx peer=2 type=17 cid=487400799 seq=68
[2026-09-26T10:52:34.732Z] I (1584314) RouteLoom: HIL LINK tx peer=2 type=18 cid=487400799 seq=68
[2026-09-26T10:52:34.753Z] I (1584334) RouteLoom: HIL LINK rx peer=2 type=17 cid=237340361 current=0 status=5 seq=68
[2026-09-26T10:52:35.937Z] I (1585519) RouteLoom: HIL LINK tx peer=2 type=32 cid=487400799 seq=334
[2026-09-26T10:52:37.984Z] I (1587566) RouteLoom: HIL PROBE tx peer=2 type=40 status=0
[2026-09-26T10:52:38.004Z] I (1587585) RouteLoom: HIL LINK rx peer=2 type=41 cid=237340361 current=0 status=5 seq=311
[2026-09-26T10:52:38.335Z] I (1587916) RouteLoom: HIL LINK rx peer=2 type=32 cid=237340361 current=0 status=5 seq=607
[2026-09-26T10:52:40.938Z] I (1590519) RouteLoom: HIL LINK tx peer=2 type=32 cid=487400799 seq=335
[2026-09-26T10:52:43.337Z] I (1592918) RouteLoom: HIL LINK rx peer=2 type=32 cid=237340361 current=0 status=5 seq=609
[2026-09-26T10:52:45.939Z] I (1595520) RouteLoom: HIL LINK tx peer=2 type=32 cid=487400799 seq=336
[2026-09-26T10:52:48.008Z] I (1597589) RouteLoom: HIL PROBE tx peer=2 type=40 status=0
[2026-09-26T10:52:48.010Z] I (1597591) RouteLoom: HIL LINK rx peer=2 type=40 cid=237340361 current=0 status=5 seq=313
[2026-09-26T10:52:48.016Z] I (1597594) RouteLoom: HIL PROBE tx peer=2 type=41 status=6
[2026-09-26T10:52:48.026Z] I (1597607) RouteLoom: HIL LINK rx peer=2 type=41 cid=237340361 current=0 status=5 seq=314
[2026-09-26T10:52:48.342Z] I (1597923) RouteLoom: HIL LINK rx peer=2 type=32 cid=237340361 current=0 status=5 seq=611
[2026-09-26T10:52:50.939Z] I (1600520) RouteLoom: HIL LINK tx peer=2 type=32 cid=487400799 seq=337
[2026-09-26T10:52:53.343Z] I (1602924) RouteLoom: HIL LINK rx peer=2 type=32 cid=237340361 current=0 status=5 seq=613
[2026-09-26T10:52:55.940Z] I (1605520) RouteLoom: HIL LINK tx peer=2 type=32 cid=487400799 seq=338
[2026-09-26T10:52:58.024Z] I (1607606) RouteLoom: HIL LINK rx peer=2 type=40 cid=237340361 current=0 status=5 seq=316
[2026-09-26T10:52:58.028Z] I (1607609) RouteLoom: HIL PROBE tx peer=2 type=41 status=0
[2026-09-26T10:52:58.343Z] I (1607924) RouteLoom: HIL LINK rx peer=2 type=32 cid=237340361 current=0 status=5 seq=615
[2026-09-26T10:53:00.939Z] I (1610520) RouteLoom: HIL LINK tx peer=2 type=32 cid=487400799 seq=339
[2026-09-26T10:53:03.344Z] I (1612925) RouteLoom: HIL LINK rx peer=2 type=32 cid=237340361 current=0 status=5 seq=617
[2026-09-26T10:53:04.709Z] I (1614290) RouteLoom: HIL LINK rx peer=2 type=16 cid=237340361 current=0 status=5 seq=69
[2026-09-26T10:53:04.712Z] I (1614293) RouteLoomRef: message origin=1 session=249 sequence=69 bytes=9
[2026-09-26T10:53:04.719Z] I (1614297) RouteLoom: HIL LINK tx peer=2 type=17 cid=487400799 seq=69
[2026-09-26T10:53:04.731Z] I (1614312) RouteLoom: HIL LINK tx peer=2 type=18 cid=487400799 seq=69
[2026-09-26T10:53:04.751Z] I (1614332) RouteLoom: HIL LINK rx peer=2 type=17 cid=237340361 current=0 status=5 seq=69
[2026-09-26T10:53:05.940Z] I (1615522) RouteLoom: HIL LINK tx peer=2 type=32 cid=487400799 seq=340
[2026-09-26T10:53:08.026Z] I (1617608) RouteLoom: HIL PROBE tx peer=2 type=40 status=0
[2026-09-26T10:53:08.045Z] I (1617626) RouteLoom: HIL LINK rx peer=2 type=41 cid=237340361 current=0 status=5 seq=318
[2026-09-26T10:53:08.345Z] I (1617926) RouteLoom: HIL LINK rx peer=2 type=32 cid=237340361 current=0 status=5 seq=619
[2026-09-26T10:53:10.859Z] I (1620440) RouteLoom: stack hwm main 11096 B
[2026-09-26T10:53:10.859Z] I (1620440) RouteLoom: HIL HEAP free=22172 largest=19456 min=21408 B
[2026-09-26T10:53:10.869Z] I (1620441) RouteLoom: HIL DISCOVERY candidates=0 neighbors=1 capacity=0 auth=2 stale=0 probes=91 send_failures=5 kind_rejects=0
[2026-09-26T10:53:10.877Z] I (1620451) RouteLoom: HIL ROUTE peer=1 phase=-1 via=2 metric=2 generation=249 seq=1
[2026-09-26T10:53:10.884Z] I (1620458) RouteLoom: HIL ROUTE peer=2 phase=5 via=2 metric=1 generation=257 seq=1
[2026-09-26T10:53:10.941Z] I (1620522) RouteLoom: HIL LINK tx peer=2 type=32 cid=487400799 seq=341
[2026-09-26T10:53:13.345Z] I (1622926) RouteLoom: HIL LINK rx peer=2 type=32 cid=237340361 current=0 status=5 seq=621
[2026-09-26T10:53:15.941Z] I (1625522) RouteLoom: HIL LINK tx peer=2 type=32 cid=487400799 seq=342
[2026-09-26T10:53:18.045Z] I (1627626) RouteLoom: HIL LINK rx peer=2 type=40 cid=237340361 current=0 status=5 seq=320
[2026-09-26T10:53:18.049Z] I (1627630) RouteLoom: HIL PROBE tx peer=2 type=41 status=0
[2026-09-26T10:53:18.346Z] I (1627927) RouteLoom: HIL LINK rx peer=2 type=32 cid=237340361 current=0 status=5 seq=623
[2026-09-26T10:53:20.943Z] I (1630523) RouteLoom: HIL LINK tx peer=2 type=32 cid=487400799 seq=343
[2026-09-26T10:53:23.350Z] I (1632930) RouteLoom: HIL LINK rx peer=2 type=32 cid=237340361 current=0 status=5 seq=625
[2026-09-26T10:53:25.944Z] I (1635524) RouteLoom: HIL LINK tx peer=2 type=32 cid=487400799 seq=344
[2026-09-26T10:53:28.049Z] I (1637630) RouteLoom: HIL PROBE tx peer=2 type=40 status=0
[2026-09-26T10:53:28.071Z] I (1637651) RouteLoom: HIL LINK rx peer=2 type=41 cid=237340361 current=0 status=5 seq=322
[2026-09-26T10:53:28.353Z] I (1637933) RouteLoom: HIL LINK rx peer=2 type=32 cid=237340361 current=0 status=5 seq=627
[2026-09-26T10:53:30.946Z] I (1640526) RouteLoom: HIL LINK tx peer=2 type=32 cid=487400799 seq=345
[2026-09-26T10:53:33.356Z] I (1642937) RouteLoom: HIL LINK rx peer=2 type=32 cid=237340361 current=0 status=5 seq=629
[2026-09-26T10:53:34.711Z] I (1644291) RouteLoom: HIL LINK rx peer=2 type=16 cid=237340361 current=0 status=5 seq=70
[2026-09-26T10:53:34.714Z] I (1644294) RouteLoomRef: message origin=1 session=249 sequence=70 bytes=9
[2026-09-26T10:53:34.720Z] I (1644298) RouteLoom: HIL LINK tx peer=2 type=17 cid=487400799 seq=70
[2026-09-26T10:53:34.728Z] I (1644309) RouteLoom: HIL LINK tx peer=2 type=18 cid=487400799 seq=70
[2026-09-26T10:53:34.749Z] I (1644330) RouteLoom: HIL LINK rx peer=2 type=17 cid=237340361 current=0 status=5 seq=70
[2026-09-26T10:53:35.948Z] I (1645529) RouteLoom: HIL LINK tx peer=2 type=32 cid=487400799 seq=346
[2026-09-26T10:53:38.068Z] I (1647648) RouteLoom: HIL LINK rx peer=2 type=40 cid=237340361 current=0 status=5 seq=324
[2026-09-26T10:53:38.071Z] I (1647652) RouteLoom: HIL PROBE tx peer=2 type=41 status=0
[2026-09-26T10:53:38.356Z] I (1647937) RouteLoom: HIL LINK rx peer=2 type=32 cid=237340361 current=0 status=5 seq=631
[2026-09-26T10:53:40.950Z] I (1650530) RouteLoom: HIL LINK tx peer=2 type=32 cid=487400799 seq=347
[2026-09-26T10:53:43.360Z] I (1652940) RouteLoom: HIL LINK rx peer=2 type=32 cid=237340361 current=0 status=5 seq=633
[2026-09-26T10:53:45.951Z] I (1655531) RouteLoom: HIL LINK tx peer=2 type=32 cid=487400799 seq=348
[2026-09-26T10:53:48.071Z] I (1657652) RouteLoom: HIL PROBE tx peer=2 type=40 status=0
[2026-09-26T10:53:48.089Z] I (1657670) RouteLoom: HIL LINK rx peer=2 type=40 cid=237340361 current=0 status=5 seq=326
[2026-09-26T10:53:48.093Z] I (1657674) RouteLoom: HIL PROBE tx peer=2 type=41 status=0
[2026-09-26T10:53:48.359Z] I (1657939) RouteLoom: HIL LINK rx peer=2 type=32 cid=237340361 current=0 status=5 seq=635
[2026-09-26T10:53:50.953Z] I (1660533) RouteLoom: HIL LINK tx peer=2 type=32 cid=487400799 seq=349
[2026-09-26T10:53:53.363Z] I (1662943) RouteLoom: HIL LINK rx peer=2 type=32 cid=237340361 current=0 status=5 seq=637
[2026-09-26T10:53:55.954Z] I (1665534) RouteLoom: HIL LINK tx peer=2 type=32 cid=487400799 seq=350
[2026-09-26T10:53:58.091Z] I (1667672) RouteLoom: HIL PROBE tx peer=2 type=40 status=0
[2026-09-26T10:53:58.108Z] I (1667689) RouteLoom: HIL LINK rx peer=2 type=40 cid=237340361 current=0 status=5 seq=329
[2026-09-26T10:53:58.112Z] I (1667693) RouteLoom: HIL PROBE tx peer=2 type=41 status=0
[2026-09-26T10:53:58.364Z] I (1667944) RouteLoom: HIL LINK rx peer=2 type=32 cid=237340361 current=0 status=5 seq=639
[2026-09-26T10:54:00.955Z] I (1670535) RouteLoom: HIL LINK tx peer=2 type=32 cid=487400799 seq=351
[2026-09-26T10:54:03.365Z] I (1672945) RouteLoom: HIL LINK rx peer=2 type=32 cid=237340361 current=0 status=5 seq=641
[2026-09-26T10:54:04.711Z] I (1674291) RouteLoom: HIL LINK rx peer=2 type=16 cid=237340361 current=0 status=5 seq=71
[2026-09-26T10:54:04.714Z] I (1674294) RouteLoomRef: message origin=1 session=249 sequence=71 bytes=9
[2026-09-26T10:54:04.720Z] I (1674298) RouteLoom: HIL LINK tx peer=2 type=17 cid=487400799 seq=71
[2026-09-26T10:54:04.729Z] I (1674309) RouteLoom: HIL LINK tx peer=2 type=18 cid=487400799 seq=71
[2026-09-26T10:54:04.750Z] I (1674330) RouteLoom: HIL LINK rx peer=2 type=17 cid=237340361 current=0 status=5 seq=71
[2026-09-26T10:54:05.957Z] I (1675537) RouteLoom: HIL LINK tx peer=2 type=32 cid=487400799 seq=352
[2026-09-26T10:54:08.112Z] I (1677693) RouteLoom: HIL PROBE tx peer=2 type=40 status=0
[2026-09-26T10:54:08.129Z] I (1677710) RouteLoom: HIL LINK rx peer=2 type=41 cid=237340361 current=0 status=5 seq=332
[2026-09-26T10:54:08.367Z] I (1677947) RouteLoom: HIL LINK rx peer=2 type=32 cid=237340361 current=0 status=5 seq=643
[2026-09-26T10:54:10.860Z] I (1680440) RouteLoom: stack hwm main 11096 B
[2026-09-26T10:54:10.860Z] I (1680440) RouteLoom: HIL HEAP free=22172 largest=19456 min=21408 B
[2026-09-26T10:54:10.870Z] I (1680441) RouteLoom: HIL DISCOVERY candidates=0 neighbors=1 capacity=0 auth=2 stale=0 probes=95 send_failures=5 kind_rejects=0
[2026-09-26T10:54:10.877Z] I (1680451) RouteLoom: HIL ROUTE peer=1 phase=-1 via=2 metric=2 generation=249 seq=1
[2026-09-26T10:54:10.885Z] I (1680458) RouteLoom: HIL ROUTE peer=2 phase=5 via=2 metric=1 generation=257 seq=1
[2026-09-26T10:54:10.957Z] I (1680537) RouteLoom: HIL LINK tx peer=2 type=32 cid=487400799 seq=353
[2026-09-26T10:54:13.370Z] I (1682950) RouteLoom: HIL LINK rx peer=2 type=32 cid=237340361 current=0 status=5 seq=645
[2026-09-26T10:54:15.958Z] I (1685538) RouteLoom: HIL LINK tx peer=2 type=32 cid=487400799 seq=354
[2026-09-26T10:54:18.131Z] I (1687712) RouteLoom: HIL PROBE tx peer=2 type=40 status=0
[2026-09-26T10:54:18.134Z] I (1687714) RouteLoom: HIL LINK rx peer=2 type=40 cid=237340361 current=0 status=5 seq=334
[2026-09-26T10:54:18.139Z] I (1687717) RouteLoom: HIL PROBE tx peer=2 type=41 status=6
[2026-09-26T10:54:18.153Z] I (1687733) RouteLoom: HIL LINK rx peer=2 type=41 cid=237340361 current=0 status=5 seq=335
[2026-09-26T10:54:18.371Z] I (1687951) RouteLoom: HIL LINK rx peer=2 type=32 cid=237340361 current=0 status=5 seq=647
[2026-09-26T10:54:20.959Z] I (1690539) RouteLoom: HIL LINK tx peer=2 type=32 cid=487400799 seq=355
[2026-09-26T10:54:23.373Z] I (1692953) RouteLoom: HIL LINK rx peer=2 type=32 cid=237340361 current=0 status=5 seq=649
[2026-09-26T10:54:25.961Z] I (1695541) RouteLoom: HIL LINK tx peer=2 type=32 cid=487400799 seq=356
[2026-09-26T10:54:28.152Z] I (1697732) RouteLoom: HIL LINK rx peer=2 type=40 cid=237340361 current=0 status=5 seq=337
[2026-09-26T10:54:28.156Z] I (1697736) RouteLoom: HIL PROBE tx peer=2 type=41 status=0
[2026-09-26T10:54:28.374Z] I (1697954) RouteLoom: HIL LINK rx peer=2 type=32 cid=237340361 current=0 status=5 seq=651
[2026-09-26T10:54:30.962Z] I (1700542) RouteLoom: HIL LINK tx peer=2 type=32 cid=487400799 seq=357
[2026-09-26T10:54:33.378Z] I (1702958) RouteLoom: HIL LINK rx peer=2 type=32 cid=237340361 current=0 status=5 seq=653
[2026-09-26T10:54:34.711Z] I (1704291) RouteLoom: HIL LINK rx peer=2 type=16 cid=237340361 current=0 status=5 seq=72
[2026-09-26T10:54:34.714Z] I (1704294) RouteLoomRef: message origin=1 session=249 sequence=72 bytes=9
[2026-09-26T10:54:34.720Z] I (1704298) RouteLoom: HIL LINK tx peer=2 type=17 cid=487400799 seq=72
[2026-09-26T10:54:34.732Z] I (1704312) RouteLoom: HIL LINK tx peer=2 type=18 cid=487400799 seq=72
[2026-09-26T10:54:34.752Z] I (1704332) RouteLoom: HIL LINK rx peer=2 type=17 cid=237340361 current=0 status=5 seq=72
[2026-09-26T10:54:35.963Z] I (1705544) RouteLoom: HIL LINK tx peer=2 type=32 cid=487400799 seq=358
[2026-09-26T10:54:38.154Z] I (1707735) RouteLoom: HIL PROBE tx peer=2 type=40 status=0
[2026-09-26T10:54:38.176Z] I (1707756) RouteLoom: HIL LINK rx peer=2 type=41 cid=237340361 current=0 status=5 seq=339
[2026-09-26T10:54:38.378Z] I (1707958) RouteLoom: HIL LINK rx peer=2 type=32 cid=237340361 current=0 status=5 seq=655
[2026-09-26T10:54:40.963Z] I (1710543) RouteLoom: HIL LINK tx peer=2 type=32 cid=487400799 seq=359
[2026-09-26T10:54:43.378Z] I (1712957) RouteLoom: HIL LINK rx peer=2 type=32 cid=237340361 current=0 status=5 seq=657
[2026-09-26T10:54:45.967Z] I (1715545) RouteLoom: HIL LINK tx peer=2 type=32 cid=487400799 seq=360
[2026-09-26T10:54:48.171Z] I (1717751) RouteLoom: HIL LINK rx peer=2 type=40 cid=237340361 current=0 status=5 seq=341
[2026-09-26T10:54:48.175Z] I (1717755) RouteLoom: HIL PROBE tx peer=2 type=41 status=0
[2026-09-26T10:54:48.386Z] I (1717961) RouteLoom: HIL LINK rx peer=2 type=32 cid=237340361 current=0 status=5 seq=659
[2026-09-26T10:54:50.966Z] I (1720546) RouteLoom: HIL LINK tx peer=2 type=32 cid=487400799 seq=361
[2026-09-26T10:54:53.386Z] I (1722965) RouteLoom: HIL LINK rx peer=2 type=32 cid=237340361 current=0 status=5 seq=661
[2026-09-26T10:54:55.968Z] I (1725547) RouteLoom: HIL LINK tx peer=2 type=32 cid=487400799 seq=362
[2026-09-26T10:54:58.174Z] I (1727754) RouteLoom: HIL PROBE tx peer=2 type=40 status=0
[2026-09-26T10:54:58.193Z] I (1727772) RouteLoom: HIL LINK rx peer=2 type=41 cid=237340361 current=0 status=5 seq=344
[2026-09-26T10:54:58.384Z] I (1727964) RouteLoom: HIL LINK rx peer=2 type=32 cid=237340361 current=0 status=5 seq=663
[2026-09-26T10:55:00.969Z] I (1730548) RouteLoom: HIL LINK tx peer=2 type=32 cid=487400799 seq=363
[2026-09-26T10:55:03.385Z] I (1732964) RouteLoom: HIL LINK rx peer=2 type=32 cid=237340361 current=0 status=5 seq=665
[2026-09-26T10:55:04.712Z] I (1734291) RouteLoom: HIL LINK rx peer=2 type=16 cid=237340361 current=0 status=5 seq=73
[2026-09-26T10:55:04.715Z] I (1734294) RouteLoomRef: message origin=1 session=249 sequence=73 bytes=9
[2026-09-26T10:55:04.722Z] I (1734298) RouteLoom: HIL LINK tx peer=2 type=17 cid=487400799 seq=73
[2026-09-26T10:55:04.730Z] I (1734309) RouteLoom: HIL LINK tx peer=2 type=18 cid=487400799 seq=73
[2026-09-26T10:55:04.749Z] I (1734329) RouteLoom: HIL LINK rx peer=2 type=17 cid=237340361 current=0 status=5 seq=73
[2026-09-26T10:55:05.969Z] I (1735549) RouteLoom: HIL LINK tx peer=2 type=32 cid=487400799 seq=364
[2026-09-26T10:55:08.190Z] I (1737770) RouteLoom: HIL LINK rx peer=2 type=40 cid=237340361 current=0 status=5 seq=346
[2026-09-26T10:55:08.194Z] I (1737774) RouteLoom: HIL PROBE tx peer=2 type=41 status=0
[2026-09-26T10:55:08.384Z] I (1737963) RouteLoom: HIL LINK rx peer=2 type=32 cid=237340361 current=0 status=5 seq=667
[2026-09-26T10:55:10.861Z] I (1740441) RouteLoom: stack hwm main 11096 B
[2026-09-26T10:55:10.861Z] I (1740441) RouteLoom: HIL HEAP free=22172 largest=19456 min=21408 B
[2026-09-26T10:55:10.871Z] I (1740442) RouteLoom: HIL DISCOVERY candidates=0 neighbors=1 capacity=0 auth=2 stale=0 probes=98 send_failures=6 kind_rejects=0
[2026-09-26T10:55:10.879Z] I (1740452) RouteLoom: HIL ROUTE peer=1 phase=-1 via=2 metric=2 generation=249 seq=1
[2026-09-26T10:55:10.887Z] I (1740459) RouteLoom: HIL ROUTE peer=2 phase=5 via=2 metric=1 generation=257 seq=1
[2026-09-26T10:55:10.971Z] I (1740550) RouteLoom: HIL LINK tx peer=2 type=32 cid=487400799 seq=365
[2026-09-26T10:55:13.385Z] I (1742964) RouteLoom: HIL LINK rx peer=2 type=32 cid=237340361 current=0 status=5 seq=669
[2026-09-26T10:55:15.973Z] I (1745552) RouteLoom: HIL LINK tx peer=2 type=32 cid=487400799 seq=366
[2026-09-26T10:55:18.194Z] I (1747774) RouteLoom: HIL PROBE tx peer=2 type=40 status=0
[2026-09-26T10:55:18.215Z] I (1747792) RouteLoom: HIL LINK rx peer=2 type=40 cid=237340361 current=0 status=5 seq=348
[2026-09-26T10:55:18.216Z] I (1747796) RouteLoom: HIL PROBE tx peer=2 type=41 status=0
[2026-09-26T10:55:18.387Z] I (1747966) RouteLoom: HIL LINK rx peer=2 type=32 cid=237340361 current=0 status=5 seq=671
[2026-09-26T10:55:20.975Z] I (1750554) RouteLoom: HIL LINK tx peer=2 type=32 cid=487400799 seq=367
[2026-09-26T10:55:23.389Z] I (1752968) RouteLoom: HIL LINK rx peer=2 type=32 cid=237340361 current=0 status=5 seq=673
[2026-09-26T10:55:25.978Z] I (1755556) RouteLoom: HIL LINK tx peer=2 type=32 cid=487400799 seq=368
[2026-09-26T10:55:28.214Z] I (1757794) RouteLoom: HIL PROBE tx peer=2 type=40 status=0
[2026-09-26T10:55:28.231Z] I (1757811) RouteLoom: HIL LINK rx peer=2 type=41 cid=237340361 current=0 status=5 seq=351
[2026-09-26T10:55:28.394Z] I (1757973) RouteLoom: HIL LINK rx peer=2 type=32 cid=237340361 current=0 status=5 seq=675
[2026-09-26T10:55:30.979Z] I (1760558) RouteLoom: HIL LINK tx peer=2 type=32 cid=487400799 seq=369
[2026-09-26T10:55:33.393Z] I (1762972) RouteLoom: HIL LINK rx peer=2 type=32 cid=237340361 current=0 status=5 seq=677
[2026-09-26T10:55:34.710Z] I (1764289) RouteLoom: HIL LINK rx peer=2 type=16 cid=237340361 current=0 status=5 seq=74
[2026-09-26T10:55:34.713Z] I (1764292) RouteLoomRef: message origin=1 session=249 sequence=74 bytes=9
[2026-09-26T10:55:34.719Z] I (1764296) RouteLoom: HIL LINK tx peer=2 type=17 cid=487400799 seq=74
[2026-09-26T10:55:34.727Z] I (1764307) RouteLoom: HIL LINK tx peer=2 type=18 cid=487400799 seq=74
[2026-09-26T10:55:34.748Z] I (1764327) RouteLoom: HIL LINK rx peer=2 type=17 cid=237340361 current=0 status=5 seq=74
[2026-09-26T10:55:35.980Z] I (1765560) RouteLoom: HIL LINK tx peer=2 type=32 cid=487400799 seq=370
[2026-09-26T10:55:38.230Z] I (1767810) RouteLoom: HIL LINK rx peer=2 type=40 cid=237340361 current=0 status=5 seq=353
[2026-09-26T10:55:38.234Z] I (1767814) RouteLoom: HIL PROBE tx peer=2 type=41 status=0
[2026-09-26T10:55:38.394Z] I (1767974) RouteLoom: HIL LINK rx peer=2 type=32 cid=237340361 current=0 status=5 seq=679
[2026-09-26T10:55:40.983Z] I (1770561) RouteLoom: HIL LINK tx peer=2 type=32 cid=487400799 seq=371
[2026-09-26T10:55:43.395Z] I (1772974) RouteLoom: HIL LINK rx peer=2 type=32 cid=237340361 current=0 status=5 seq=681
[2026-09-26T10:55:45.983Z] I (1775562) RouteLoom: HIL LINK tx peer=2 type=32 cid=487400799 seq=372
[2026-09-26T10:55:48.234Z] I (1777814) RouteLoom: HIL PROBE tx peer=2 type=40 status=0
[2026-09-26T10:55:48.253Z] I (1777832) RouteLoom: HIL LINK rx peer=2 type=41 cid=237340361 current=0 status=5 seq=355
[2026-09-26T10:55:48.396Z] I (1777976) RouteLoom: HIL LINK rx peer=2 type=32 cid=237340361 current=0 status=5 seq=683
[2026-09-26T10:55:50.984Z] I (1780563) RouteLoom: HIL LINK tx peer=2 type=32 cid=487400799 seq=373
[2026-09-26T10:55:53.397Z] I (1782976) RouteLoom: HIL LINK rx peer=2 type=32 cid=237340361 current=0 status=5 seq=685
[2026-09-26T10:55:55.985Z] I (1785564) RouteLoom: HIL LINK tx peer=2 type=32 cid=487400799 seq=374
[2026-09-26T10:55:58.251Z] I (1787830) RouteLoom: HIL LINK rx peer=2 type=40 cid=237340361 current=0 status=5 seq=357
[2026-09-26T10:55:58.255Z] I (1787834) RouteLoom: HIL PROBE tx peer=2 type=41 status=0
[2026-09-26T10:55:58.398Z] I (1787978) RouteLoom: HIL LINK rx peer=2 type=32 cid=237340361 current=0 status=5 seq=687
[2026-09-26T10:56:00.986Z] I (1790565) RouteLoom: HIL LINK tx peer=2 type=32 cid=487400799 seq=375
[2026-09-26T10:56:03.400Z] I (1792980) RouteLoom: HIL LINK rx peer=2 type=32 cid=237340361 current=0 status=5 seq=689
[2026-09-26T10:56:04.707Z] I (1794286) RouteLoom: HIL LINK rx peer=2 type=16 cid=237340361 current=0 status=5 seq=75
[2026-09-26T10:56:04.710Z] I (1794289) RouteLoomRef: message origin=1 session=249 sequence=75 bytes=9
[2026-09-26T10:56:04.716Z] I (1794293) RouteLoom: HIL LINK tx peer=2 type=17 cid=487400799 seq=75
[2026-09-26T10:56:04.730Z] I (1794310) RouteLoom: HIL LINK tx peer=2 type=18 cid=487400799 seq=75
[2026-09-26T10:56:04.755Z] I (1794334) RouteLoom: HIL LINK rx peer=2 type=17 cid=237340361 current=0 status=5 seq=75
[2026-09-26T10:56:05.987Z] I (1795567) RouteLoom: HIL LINK tx peer=2 type=32 cid=487400799 seq=376
[2026-09-26T10:56:08.253Z] I (1797833) RouteLoom: HIL PROBE tx peer=2 type=40 status=0
[2026-09-26T10:56:08.274Z] I (1797854) RouteLoom: HIL LINK rx peer=2 type=41 cid=237340361 current=0 status=5 seq=359
[2026-09-26T10:56:08.404Z] I (1797983) RouteLoom: HIL LINK rx peer=2 type=32 cid=237340361 current=0 status=5 seq=691
[2026-09-26T10:56:10.864Z] I (1800443) RouteLoom: stack hwm main 11096 B
[2026-09-26T10:56:10.864Z] I (1800443) RouteLoom: HIL HEAP free=22172 largest=19456 min=21408 B
[2026-09-26T10:56:10.874Z] I (1800444) RouteLoom: HIL DISCOVERY candidates=0 neighbors=1 capacity=0 auth=2 stale=0 probes=102 send_failures=6 kind_rejects=0
[2026-09-26T10:56:10.882Z] I (1800454) RouteLoom: HIL ROUTE peer=1 phase=-1 via=2 metric=2 generation=249 seq=1
[2026-09-26T10:56:10.889Z] I (1800461) RouteLoom: HIL ROUTE peer=2 phase=5 via=2 metric=1 generation=257 seq=1
[2026-09-26T10:56:10.989Z] I (1800567) RouteLoom: HIL LINK tx peer=2 type=32 cid=487400799 seq=377
[2026-09-26T10:56:13.408Z] I (1802987) RouteLoom: HIL LINK rx peer=2 type=32 cid=237340361 current=0 status=5 seq=693
[2026-09-26T10:56:15.990Z] I (1805568) RouteLoom: HIL LINK tx peer=2 type=32 cid=487400799 seq=378
[2026-09-26T10:56:18.274Z] I (1807853) RouteLoom: HIL LINK rx peer=2 type=40 cid=237340361 current=0 status=5 seq=361
[2026-09-26T10:56:18.279Z] I (1807857) RouteLoom: HIL PROBE tx peer=2 type=41 status=0
[2026-09-26T10:56:18.408Z] I (1807987) RouteLoom: HIL LINK rx peer=2 type=32 cid=237340361 current=0 status=5 seq=695
[2026-09-26T10:56:20.991Z] I (1810569) RouteLoom: HIL LINK tx peer=2 type=32 cid=487400799 seq=379
[2026-09-26T10:56:23.408Z] I (1812987) RouteLoom: HIL LINK rx peer=2 type=32 cid=237340361 current=0 status=5 seq=697
[2026-09-26T10:56:25.993Z] I (1815571) RouteLoom: HIL LINK tx peer=2 type=32 cid=487400799 seq=380
[2026-09-26T10:56:28.278Z] I (1817857) RouteLoom: HIL PROBE tx peer=2 type=40 status=0
[2026-09-26T10:56:28.295Z] I (1817874) RouteLoom: HIL LINK rx peer=2 type=41 cid=237340361 current=0 status=5 seq=363
[2026-09-26T10:56:28.414Z] I (1817991) RouteLoom: HIL LINK rx peer=2 type=32 cid=237340361 current=0 status=5 seq=699
[2026-09-26T10:56:30.998Z] I (1820573) RouteLoom: HIL LINK tx peer=2 type=32 cid=487400799 seq=381
[2026-09-26T10:56:33.412Z] I (1822991) RouteLoom: HIL LINK rx peer=2 type=32 cid=237340361 current=0 status=5 seq=701
[2026-09-26T10:56:34.799Z] I (1824377) RouteLoom: HIL LINK rx peer=2 type=16 cid=237340361 current=0 status=5 seq=76
[2026-09-26T10:56:34.802Z] I (1824381) RouteLoomRef: message origin=1 session=249 sequence=76 bytes=9
[2026-09-26T10:56:34.808Z] I (1824384) RouteLoom: HIL LINK tx peer=2 type=17 cid=487400799 seq=76
[2026-09-26T10:56:34.822Z] I (1824401) RouteLoom: HIL LINK tx peer=2 type=18 cid=487400799 seq=76
[2026-09-26T10:56:34.846Z] I (1824424) RouteLoom: HIL LINK rx peer=2 type=17 cid=237340361 current=0 status=5 seq=76
[2026-09-26T10:56:36.001Z] I (1825576) RouteLoom: HIL LINK tx peer=2 type=32 cid=487400799 seq=382
[2026-09-26T10:56:38.309Z] I (1827871) RouteLoom: HIL LINK rx peer=2 type=40 cid=237340361 current=0 status=5 seq=365
[2026-09-26T10:56:38.309Z] I (1827875) RouteLoom: HIL PROBE tx peer=2 type=41 status=0
[2026-09-26T10:56:38.414Z] I (1827993) RouteLoom: HIL LINK rx peer=2 type=32 cid=237340361 current=0 status=5 seq=703
[2026-09-26T10:56:40.997Z] I (1830575) RouteLoom: HIL LINK tx peer=2 type=32 cid=487400799 seq=383
[2026-09-26T10:56:43.446Z] I (1832993) RouteLoom: HIL LINK rx peer=2 type=32 cid=237340361 current=0 status=5 seq=705
[2026-09-26T10:56:45.999Z] I (1835577) RouteLoom: HIL LINK tx peer=2 type=32 cid=487400799 seq=384
[2026-09-26T10:56:48.295Z] I (1837874) RouteLoom: HIL PROBE tx peer=2 type=40 status=0
[2026-09-26T10:56:48.312Z] I (1837891) RouteLoom: HIL LINK rx peer=2 type=41 cid=237340361 current=0 status=5 seq=367
[2026-09-26T10:56:48.415Z] I (1837993) RouteLoom: HIL LINK rx peer=2 type=32 cid=237340361 current=0 status=5 seq=707
[2026-09-26T10:56:51.000Z] I (1840578) RouteLoom: HIL LINK tx peer=2 type=32 cid=487400799 seq=385
[2026-09-26T10:56:53.414Z] I (1842993) RouteLoom: HIL LINK rx peer=2 type=32 cid=237340361 current=0 status=5 seq=709
[2026-09-26T10:56:56.002Z] I (1845580) RouteLoom: HIL LINK tx peer=2 type=32 cid=487400799 seq=386
[2026-09-26T10:56:58.310Z] I (1847888) RouteLoom: HIL LINK rx peer=2 type=40 cid=237340361 current=0 status=5 seq=369
[2026-09-26T10:56:58.313Z] I (1847892) RouteLoom: HIL PROBE tx peer=2 type=41 status=0
[2026-09-26T10:56:58.417Z] I (1847995) RouteLoom: HIL LINK rx peer=2 type=32 cid=237340361 current=0 status=5 seq=711
[2026-09-26T10:57:01.002Z] I (1850580) RouteLoom: HIL LINK tx peer=2 type=32 cid=487400799 seq=387
[2026-09-26T10:57:03.418Z] I (1852997) RouteLoom: HIL LINK rx peer=2 type=32 cid=237340361 current=0 status=5 seq=713
[2026-09-26T10:57:04.710Z] I (1854289) RouteLoom: HIL LINK rx peer=2 type=16 cid=237340361 current=0 status=5 seq=77
[2026-09-26T10:57:04.713Z] I (1854292) RouteLoomRef: message origin=1 session=249 sequence=77 bytes=9
[2026-09-26T10:57:04.720Z] I (1854296) RouteLoom: HIL LINK tx peer=2 type=17 cid=487400799 seq=77
[2026-09-26T10:57:04.728Z] I (1854307) RouteLoom: HIL LINK tx peer=2 type=18 cid=487400799 seq=77
[2026-09-26T10:57:04.749Z] I (1854328) RouteLoom: HIL LINK rx peer=2 type=17 cid=237340361 current=0 status=5 seq=77
[2026-09-26T10:57:06.002Z] I (1855581) RouteLoom: HIL LINK tx peer=2 type=32 cid=487400799 seq=388
[2026-09-26T10:57:08.313Z] I (1857892) RouteLoom: HIL PROBE tx peer=2 type=40 status=0
[2026-09-26T10:57:08.330Z] I (1857909) RouteLoom: HIL LINK rx peer=2 type=41 cid=237340361 current=0 status=5 seq=371
[2026-09-26T10:57:08.421Z] I (1857999) RouteLoom: HIL LINK rx peer=2 type=32 cid=237340361 current=0 status=5 seq=715
[2026-09-26T10:57:10.866Z] I (1860444) RouteLoom: stack hwm main 11096 B
[2026-09-26T10:57:10.866Z] I (1860444) RouteLoom: HIL HEAP free=22172 largest=19456 min=21408 B
[2026-09-26T10:57:10.876Z] I (1860445) RouteLoom: HIL DISCOVERY candidates=0 neighbors=1 capacity=0 auth=2 stale=0 probes=105 send_failures=6 kind_rejects=0
[2026-09-26T10:57:10.883Z] I (1860455) RouteLoom: HIL ROUTE peer=1 phase=-1 via=2 metric=2 generation=249 seq=1
[2026-09-26T10:57:10.891Z] I (1860462) RouteLoom: HIL ROUTE peer=2 phase=5 via=2 metric=1 generation=257 seq=1
[2026-09-26T10:57:11.002Z] I (1860580) RouteLoom: HIL LINK tx peer=2 type=32 cid=487400799 seq=389
[2026-09-26T10:57:13.422Z] I (1863000) RouteLoom: HIL LINK rx peer=2 type=32 cid=237340361 current=0 status=5 seq=717
[2026-09-26T10:57:16.003Z] I (1865581) RouteLoom: HIL LINK tx peer=2 type=32 cid=487400799 seq=390
[2026-09-26T10:57:18.330Z] I (1867908) RouteLoom: HIL LINK rx peer=2 type=40 cid=237340361 current=0 status=5 seq=373
[2026-09-26T10:57:18.333Z] I (1867912) RouteLoom: HIL PROBE tx peer=2 type=41 status=0
[2026-09-26T10:57:18.426Z] I (1868004) RouteLoom: HIL LINK rx peer=2 type=32 cid=237340361 current=0 status=5 seq=719
[2026-09-26T10:57:21.004Z] I (1870582) RouteLoom: HIL LINK tx peer=2 type=32 cid=487400799 seq=391
[2026-09-26T10:57:23.425Z] I (1873003) RouteLoom: HIL LINK rx peer=2 type=32 cid=237340361 current=0 status=5 seq=721
[2026-09-26T10:57:26.006Z] I (1875584) RouteLoom: HIL LINK tx peer=2 type=32 cid=487400799 seq=392
[2026-09-26T10:57:28.332Z] I (1877911) RouteLoom: HIL PROBE tx peer=2 type=40 status=0
[2026-09-26T10:57:28.349Z] I (1877928) RouteLoom: HIL LINK rx peer=2 type=41 cid=237340361 current=0 status=5 seq=375
[2026-09-26T10:57:28.428Z] I (1878006) RouteLoom: HIL LINK rx peer=2 type=32 cid=237340361 current=0 status=5 seq=723
[2026-09-26T10:57:31.007Z] I (1880585) RouteLoom: HIL LINK tx peer=2 type=32 cid=487400799 seq=393
[2026-09-26T10:57:33.430Z] I (1883008) RouteLoom: HIL LINK rx peer=2 type=32 cid=237340361 current=0 status=5 seq=725
[2026-09-26T10:57:34.715Z] I (1884293) RouteLoom: HIL LINK rx peer=2 type=16 cid=237340361 current=0 status=5 seq=78
[2026-09-26T10:57:34.718Z] I (1884296) RouteLoomRef: message origin=1 session=249 sequence=78 bytes=9
[2026-09-26T10:57:34.724Z] I (1884300) RouteLoom: HIL LINK tx peer=2 type=17 cid=487400799 seq=78
[2026-09-26T10:57:34.733Z] I (1884311) RouteLoom: HIL LINK tx peer=2 type=18 cid=487400799 seq=78
[2026-09-26T10:57:34.753Z] I (1884332) RouteLoom: HIL LINK rx peer=2 type=17 cid=237340361 current=0 status=5 seq=78
[2026-09-26T10:57:36.009Z] I (1885588) RouteLoom: HIL LINK tx peer=2 type=32 cid=487400799 seq=394
[2026-09-26T10:57:38.350Z] I (1887928) RouteLoom: HIL LINK rx peer=2 type=40 cid=237340361 current=0 status=5 seq=377
[2026-09-26T10:57:38.354Z] I (1887932) RouteLoom: HIL PROBE tx peer=2 type=41 status=0
[2026-09-26T10:57:38.434Z] I (1888012) RouteLoom: HIL LINK rx peer=2 type=32 cid=237340361 current=0 status=5 seq=727
[2026-09-26T10:57:41.009Z] I (1890587) RouteLoom: HIL LINK tx peer=2 type=32 cid=487400799 seq=395
[2026-09-26T10:57:43.438Z] I (1893013) RouteLoom: HIL LINK rx peer=2 type=32 cid=237340361 current=0 status=5 seq=729
[2026-09-26T10:57:46.011Z] I (1895588) RouteLoom: HIL LINK tx peer=2 type=32 cid=487400799 seq=396
[2026-09-26T10:57:48.351Z] I (1897930) RouteLoom: HIL PROBE tx peer=2 type=40 status=0
[2026-09-26T10:57:48.372Z] I (1897950) RouteLoom: HIL LINK rx peer=2 type=40 cid=237340361 current=0 status=5 seq=379
[2026-09-26T10:57:48.376Z] I (1897954) RouteLoom: HIL PROBE tx peer=2 type=41 status=0
[2026-09-26T10:57:48.438Z] I (1898016) RouteLoom: HIL LINK rx peer=2 type=32 cid=237340361 current=0 status=5 seq=731
[2026-09-26T10:57:51.012Z] I (1900589) RouteLoom: HIL LINK tx peer=2 type=32 cid=487400799 seq=397
[2026-09-26T10:57:53.439Z] I (1903017) RouteLoom: HIL LINK rx peer=2 type=32 cid=237340361 current=0 status=5 seq=733
[2026-09-26T10:57:56.012Z] I (1905590) RouteLoom: HIL LINK tx peer=2 type=32 cid=487400799 seq=398
[2026-09-26T10:57:58.374Z] I (1907953) RouteLoom: HIL PROBE tx peer=2 type=40 status=0
[2026-09-26T10:57:58.392Z] I (1907970) RouteLoom: HIL LINK rx peer=2 type=41 cid=237340361 current=0 status=5 seq=382
[2026-09-26T10:57:58.440Z] I (1908018) RouteLoom: HIL LINK rx peer=2 type=32 cid=237340361 current=0 status=5 seq=735
[2026-09-26T10:58:01.014Z] I (1910591) RouteLoom: HIL LINK tx peer=2 type=32 cid=487400799 seq=399
[2026-09-26T10:58:03.443Z] I (1913021) RouteLoom: HIL LINK rx peer=2 type=32 cid=237340361 current=0 status=5 seq=737
[2026-09-26T10:58:04.721Z] I (1914296) RouteLoom: HIL LINK rx peer=2 type=16 cid=237340361 current=0 status=5 seq=79
[2026-09-26T10:58:04.722Z] I (1914299) RouteLoomRef: message origin=1 session=249 sequence=79 bytes=9
[2026-09-26T10:58:04.731Z] I (1914303) RouteLoom: HIL LINK tx peer=2 type=17 cid=487400799 seq=79
[2026-09-26T10:58:04.736Z] I (1914314) RouteLoom: HIL LINK tx peer=2 type=18 cid=487400799 seq=79
[2026-09-26T10:58:04.757Z] I (1914335) RouteLoom: HIL LINK rx peer=2 type=17 cid=237340361 current=0 status=5 seq=79
[2026-09-26T10:58:06.015Z] I (1915594) RouteLoom: HIL LINK tx peer=2 type=32 cid=487400799 seq=400
[2026-09-26T10:58:08.395Z] I (1917970) RouteLoom: HIL LINK rx peer=2 type=40 cid=237340361 current=0 status=5 seq=384
[2026-09-26T10:58:08.396Z] I (1917974) RouteLoom: HIL PROBE tx peer=2 type=41 status=0
[2026-09-26T10:58:08.444Z] I (1918022) RouteLoom: HIL LINK rx peer=2 type=32 cid=237340361 current=0 status=5 seq=739
[2026-09-26T10:58:10.868Z] I (1920446) RouteLoom: stack hwm main 11096 B
[2026-09-26T10:58:10.868Z] I (1920446) RouteLoom: HIL HEAP free=22172 largest=19456 min=21408 B
[2026-09-26T10:58:10.878Z] I (1920447) RouteLoom: HIL DISCOVERY candidates=0 neighbors=1 capacity=0 auth=2 stale=0 probes=108 send_failures=6 kind_rejects=0
[2026-09-26T10:58:10.886Z] I (1920457) RouteLoom: HIL ROUTE peer=1 phase=-1 via=2 metric=2 generation=249 seq=1
[2026-09-26T10:58:10.893Z] I (1920464) RouteLoom: HIL ROUTE peer=2 phase=5 via=2 metric=1 generation=257 seq=1
[2026-09-26T10:58:11.017Z] I (1920594) RouteLoom: HIL LINK tx peer=2 type=32 cid=487400799 seq=401
[2026-09-26T10:58:13.445Z] I (1923023) RouteLoom: HIL LINK rx peer=2 type=32 cid=237340361 current=0 status=5 seq=741
[2026-09-26T10:58:16.020Z] I (1925596) RouteLoom: HIL LINK tx peer=2 type=32 cid=487400799 seq=402
[2026-09-26T10:58:18.396Z] I (1927974) RouteLoom: HIL PROBE tx peer=2 type=40 status=0
[2026-09-26T10:58:18.415Z] I (1927991) RouteLoom: HIL LINK rx peer=2 type=41 cid=237340361 current=0 status=5 seq=386
[2026-09-26T10:58:18.447Z] I (1928024) RouteLoom: HIL LINK rx peer=2 type=32 cid=237340361 current=0 status=5 seq=743
[2026-09-26T10:58:21.020Z] I (1930597) RouteLoom: HIL LINK tx peer=2 type=32 cid=487400799 seq=403
[2026-09-26T10:58:23.468Z] I (1933026) RouteLoom: HIL LINK rx peer=2 type=32 cid=237340361 current=0 status=5 seq=745
[2026-09-26T10:58:26.021Z] I (1935598) RouteLoom: HIL LINK tx peer=2 type=32 cid=487400799 seq=404
[2026-09-26T10:58:28.413Z] I (1937990) RouteLoom: HIL LINK rx peer=2 type=40 cid=237340361 current=0 status=5 seq=388
[2026-09-26T10:58:28.417Z] I (1937994) RouteLoom: HIL PROBE tx peer=2 type=41 status=0
[2026-09-26T10:58:28.449Z] I (1938026) RouteLoom: HIL LINK rx peer=2 type=32 cid=237340361 current=0 status=5 seq=747
[2026-09-26T10:58:31.022Z] I (1940599) RouteLoom: HIL LINK tx peer=2 type=32 cid=487400799 seq=405
[2026-09-26T10:58:33.450Z] I (1943027) RouteLoom: HIL LINK rx peer=2 type=32 cid=237340361 current=0 status=5 seq=749
[2026-09-26T10:58:34.711Z] I (1944289) RouteLoom: HIL LINK rx peer=2 type=16 cid=237340361 current=0 status=5 seq=80
[2026-09-26T10:58:34.715Z] I (1944292) RouteLoomRef: message origin=1 session=249 sequence=80 bytes=9
[2026-09-26T10:58:34.721Z] I (1944296) RouteLoom: HIL LINK tx peer=2 type=17 cid=487400799 seq=80
[2026-09-26T10:58:34.731Z] I (1944307) RouteLoom: HIL LINK tx peer=2 type=18 cid=487400799 seq=80
[2026-09-26T10:58:34.750Z] I (1944327) RouteLoom: HIL LINK rx peer=2 type=17 cid=237340361 current=0 status=5 seq=80
[2026-09-26T10:58:36.023Z] I (1945601) RouteLoom: HIL LINK tx peer=2 type=32 cid=487400799 seq=406
[2026-09-26T10:58:38.415Z] I (1947993) RouteLoom: HIL PROBE tx peer=2 type=40 status=0
[2026-09-26T10:58:38.434Z] I (1948011) RouteLoom: HIL LINK rx peer=2 type=40 cid=237340361 current=0 status=5 seq=390
[2026-09-26T10:58:38.438Z] I (1948015) RouteLoom: HIL PROBE tx peer=2 type=41 status=0
[2026-09-26T10:58:38.454Z] I (1948031) RouteLoom: HIL LINK rx peer=2 type=32 cid=237340361 current=0 status=5 seq=751
[2026-09-26T10:58:41.035Z] I (1950601) RouteLoom: HIL LINK tx peer=2 type=32 cid=487400799 seq=407
[2026-09-26T10:58:43.453Z] I (1953030) RouteLoom: HIL LINK rx peer=2 type=32 cid=237340361 current=0 status=5 seq=753
[2026-09-26T10:58:46.026Z] I (1955603) RouteLoom: HIL LINK tx peer=2 type=32 cid=487400799 seq=408
[2026-09-26T10:58:48.436Z] I (1958014) RouteLoom: HIL PROBE tx peer=2 type=40 status=0
[2026-09-26T10:58:48.454Z] I (1958032) RouteLoom: HIL LINK rx peer=2 type=41 cid=237340361 current=0 status=5 seq=393
[2026-09-26T10:58:48.464Z] I (1958041) RouteLoom: HIL LINK rx peer=2 type=32 cid=237340361 current=0 status=5 seq=755
[2026-09-26T10:58:51.028Z] I (1960605) RouteLoom: HIL LINK tx peer=2 type=32 cid=487400799 seq=409
[2026-09-26T10:58:53.463Z] I (1963040) RouteLoom: HIL LINK rx peer=2 type=32 cid=237340361 current=0 status=5 seq=757
[2026-09-26T10:58:56.030Z] I (1965607) RouteLoom: HIL LINK tx peer=2 type=32 cid=487400799 seq=410
[2026-09-26T10:58:58.452Z] I (1968030) RouteLoom: HIL LINK rx peer=2 type=40 cid=237340361 current=0 status=5 seq=395
[2026-09-26T10:58:58.456Z] I (1968034) RouteLoom: HIL PROBE tx peer=2 type=41 status=0
[2026-09-26T10:58:58.472Z] I (1968049) RouteLoom: HIL LINK rx peer=2 type=32 cid=237340361 current=0 status=5 seq=759
[2026-09-26T10:59:01.030Z] I (1970607) RouteLoom: HIL LINK tx peer=2 type=32 cid=487400799 seq=411
[2026-09-26T10:59:03.465Z] I (1973043) RouteLoom: HIL LINK rx peer=2 type=32 cid=237340361 current=0 status=5 seq=761
[2026-09-26T10:59:04.710Z] I (1974286) RouteLoom: HIL LINK rx peer=2 type=16 cid=237340361 current=0 status=5 seq=81
[2026-09-26T10:59:04.712Z] I (1974289) RouteLoomRef: message origin=1 session=249 sequence=81 bytes=9
[2026-09-26T10:59:04.718Z] I (1974293) RouteLoom: HIL LINK tx peer=2 type=17 cid=487400799 seq=81
[2026-09-26T10:59:04.728Z] I (1974304) RouteLoom: HIL LINK tx peer=2 type=18 cid=487400799 seq=81
[2026-09-26T10:59:04.747Z] I (1974324) RouteLoom: HIL LINK rx peer=2 type=17 cid=237340361 current=0 status=5 seq=81
[2026-09-26T10:59:06.030Z] I (1975608) RouteLoom: HIL LINK tx peer=2 type=32 cid=487400799 seq=412
[2026-09-26T10:59:08.455Z] I (1978033) RouteLoom: HIL PROBE tx peer=2 type=40 status=0
[2026-09-26T10:59:08.471Z] I (1978048) RouteLoom: HIL LINK rx peer=2 type=32 cid=237340361 current=0 status=5 seq=763
[2026-09-26T10:59:10.458Z] I (1980036) RouteLoom: HIL PROBE tx peer=2 type=40 status=0
[2026-09-26T10:59:10.477Z] I (1980054) RouteLoom: HIL LINK rx peer=2 type=41 cid=237340361 current=0 status=5 seq=398
[2026-09-26T10:59:10.869Z] I (1980447) RouteLoom: stack hwm main 11096 B
[2026-09-26T10:59:10.870Z] I (1980447) RouteLoom: HIL HEAP free=22172 largest=19456 min=21408 B
[2026-09-26T10:59:10.880Z] I (1980448) RouteLoom: HIL DISCOVERY candidates=0 neighbors=1 capacity=0 auth=2 stale=0 probes=113 send_failures=6 kind_rejects=0
[2026-09-26T10:59:10.887Z] I (1980458) RouteLoom: HIL ROUTE peer=1 phase=-1 via=2 metric=2 generation=249 seq=1
[2026-09-26T10:59:10.896Z] I (1980465) RouteLoom: HIL ROUTE peer=2 phase=5 via=2 metric=1 generation=257 seq=1
[2026-09-26T10:59:11.030Z] I (1980607) RouteLoom: HIL LINK tx peer=2 type=32 cid=487400799 seq=413
[2026-09-26T10:59:13.468Z] I (1983045) RouteLoom: HIL LINK rx peer=2 type=32 cid=237340361 current=0 status=5 seq=765
[2026-09-26T10:59:16.032Z] I (1985609) RouteLoom: HIL LINK tx peer=2 type=32 cid=487400799 seq=414
[2026-09-26T10:59:18.470Z] I (1988047) RouteLoom: HIL LINK rx peer=2 type=32 cid=237340361 current=0 status=5 seq=767
[2026-09-26T10:59:20.475Z] I (1990052) RouteLoom: HIL LINK rx peer=2 type=40 cid=237340361 current=0 status=5 seq=401
[2026-09-26T10:59:20.479Z] I (1990056) RouteLoom: HIL PROBE tx peer=2 type=41 status=0
[2026-09-26T10:59:21.033Z] I (1990610) RouteLoom: HIL LINK tx peer=2 type=32 cid=487400799 seq=415
[2026-09-26T10:59:23.471Z] I (1993049) RouteLoom: HIL LINK rx peer=2 type=32 cid=237340361 current=0 status=5 seq=769
[2026-09-26T10:59:26.037Z] I (1995612) RouteLoom: HIL LINK tx peer=2 type=32 cid=487400799 seq=416
[2026-09-26T10:59:28.478Z] I (1998055) RouteLoom: HIL LINK rx peer=2 type=32 cid=237340361 current=0 status=5 seq=771
[2026-09-26T10:59:30.477Z] I (2000055) RouteLoom: HIL PROBE tx peer=2 type=40 status=0
[2026-09-26T10:59:30.495Z] I (2000072) RouteLoom: HIL LINK rx peer=2 type=41 cid=237340361 current=0 status=5 seq=403
[2026-09-26T10:59:31.036Z] I (2000613) RouteLoom: HIL LINK tx peer=2 type=32 cid=487400799 seq=417
[2026-09-26T10:59:33.474Z] I (2003052) RouteLoom: HIL LINK rx peer=2 type=32 cid=237340361 current=0 status=5 seq=773
[2026-09-26T10:59:34.714Z] I (2004291) RouteLoom: HIL LINK rx peer=2 type=16 cid=237340361 current=0 status=5 seq=82
[2026-09-26T10:59:34.717Z] I (2004294) RouteLoomRef: message origin=1 session=249 sequence=82 bytes=9
[2026-09-26T10:59:34.724Z] I (2004298) RouteLoom: HIL LINK tx peer=2 type=17 cid=487400799 seq=82
[2026-09-26T10:59:34.735Z] I (2004312) RouteLoom: HIL LINK tx peer=2 type=18 cid=487400799 seq=82
[2026-09-26T10:59:34.757Z] I (2004334) RouteLoom: HIL LINK rx peer=2 type=17 cid=237340361 current=0 status=5 seq=82
[2026-09-26T10:59:36.036Z] I (2005614) RouteLoom: HIL LINK tx peer=2 type=32 cid=487400799 seq=418
[2026-09-26T10:59:38.476Z] I (2008053) RouteLoom: HIL LINK rx peer=2 type=32 cid=237340361 current=0 status=5 seq=775
[2026-09-26T10:59:40.494Z] I (2010071) RouteLoom: HIL LINK rx peer=2 type=40 cid=237340361 current=0 status=5 seq=405
[2026-09-26T10:59:40.503Z] I (2010075) RouteLoom: HIL PROBE tx peer=2 type=41 status=0
[2026-09-26T10:59:41.037Z] I (2010614) RouteLoom: HIL LINK tx peer=2 type=32 cid=487400799 seq=419
[2026-09-26T10:59:43.476Z] I (2013053) RouteLoom: HIL LINK rx peer=2 type=32 cid=237340361 current=0 status=5 seq=777
[2026-09-26T10:59:46.040Z] I (2015616) RouteLoom: HIL LINK tx peer=2 type=32 cid=487400799 seq=420
[2026-09-26T10:59:48.480Z] I (2018055) RouteLoom: HIL LINK rx peer=2 type=32 cid=237340361 current=0 status=5 seq=779
[2026-09-26T10:59:50.498Z] I (2020075) RouteLoom: HIL PROBE tx peer=2 type=40 status=0
[2026-09-26T10:59:50.517Z] I (2020093) RouteLoom: HIL LINK rx peer=2 type=41 cid=237340361 current=0 status=5 seq=407
[2026-09-26T10:59:51.040Z] I (2020617) RouteLoom: HIL LINK tx peer=2 type=32 cid=487400799 seq=421
[2026-09-26T10:59:53.479Z] I (2023056) RouteLoom: HIL LINK rx peer=2 type=32 cid=237340361 current=0 status=5 seq=781
[2026-09-26T10:59:56.043Z] I (2025619) RouteLoom: HIL LINK tx peer=2 type=32 cid=487400799 seq=422
[2026-09-26T10:59:58.480Z] I (2028056) RouteLoom: HIL LINK rx peer=2 type=32 cid=237340361 current=0 status=5 seq=783
[2026-09-26T11:00:00.519Z] I (2030091) RouteLoom: HIL LINK rx peer=2 type=40 cid=237340361 current=0 status=5 seq=409
[2026-09-26T11:00:00.519Z] I (2030095) RouteLoom: HIL PROBE tx peer=2 type=41 status=0
[2026-09-26T11:00:01.045Z] I (2030619) RouteLoom: HIL LINK tx peer=2 type=32 cid=487400799 seq=423
[2026-09-26T11:00:03.481Z] I (2033058) RouteLoom: HIL LINK rx peer=2 type=32 cid=237340361 current=0 status=5 seq=785
[2026-09-26T11:00:04.722Z] I (2034297) RouteLoom: HIL LINK rx peer=2 type=16 cid=237340361 current=0 status=5 seq=83
[2026-09-26T11:00:04.725Z] I (2034301) RouteLoomRef: message origin=1 session=249 sequence=83 bytes=9
[2026-09-26T11:00:04.730Z] I (2034304) RouteLoom: HIL LINK tx peer=2 type=17 cid=487400799 seq=83
[2026-09-26T11:00:04.742Z] I (2034316) RouteLoom: HIL LINK tx peer=2 type=18 cid=487400799 seq=83
[2026-09-26T11:00:04.764Z] I (2034340) RouteLoom: HIL LINK rx peer=2 type=17 cid=237340361 current=0 status=5 seq=83
[2026-09-26T11:00:06.045Z] I (2035621) RouteLoom: HIL LINK tx peer=2 type=32 cid=487400799 seq=424
[2026-09-26T11:00:08.482Z] I (2038058) RouteLoom: HIL LINK rx peer=2 type=32 cid=237340361 current=0 status=5 seq=787
[2026-09-26T11:00:10.516Z] I (2040093) RouteLoom: HIL PROBE tx peer=2 type=40 status=0
[2026-09-26T11:00:10.533Z] I (2040110) RouteLoom: HIL LINK rx peer=2 type=41 cid=237340361 current=0 status=5 seq=411
[2026-09-26T11:00:10.871Z] I (2040448) RouteLoom: stack hwm main 11096 B
[2026-09-26T11:00:10.871Z] I (2040448) RouteLoom: HIL HEAP free=22172 largest=19456 min=21408 B
[2026-09-26T11:00:10.881Z] I (2040449) RouteLoom: HIL DISCOVERY candidates=0 neighbors=1 capacity=0 auth=2 stale=0 probes=116 send_failures=6 kind_rejects=0
[2026-09-26T11:00:10.889Z] I (2040459) RouteLoom: HIL ROUTE peer=1 phase=-1 via=2 metric=2 generation=249 seq=1
[2026-09-26T11:00:10.897Z] I (2040466) RouteLoom: HIL ROUTE peer=2 phase=5 via=2 metric=1 generation=257 seq=1
[2026-09-26T11:00:11.044Z] I (2040620) RouteLoom: HIL LINK tx peer=2 type=32 cid=487400799 seq=425
[2026-09-26T11:00:13.484Z] I (2043061) RouteLoom: HIL LINK rx peer=2 type=32 cid=237340361 current=0 status=5 seq=789
[2026-09-26T11:00:16.045Z] I (2045621) RouteLoom: HIL LINK tx peer=2 type=32 cid=487400799 seq=426
[2026-09-26T11:00:18.486Z] I (2048063) RouteLoom: HIL LINK rx peer=2 type=32 cid=237340361 current=0 status=5 seq=791
[2026-09-26T11:00:20.539Z] I (2050109) RouteLoom: HIL LINK rx peer=2 type=40 cid=237340361 current=0 status=5 seq=413
[2026-09-26T11:00:20.539Z] I (2050113) RouteLoom: HIL PROBE tx peer=2 type=41 status=0
[2026-09-26T11:00:21.047Z] I (2050622) RouteLoom: HIL LINK tx peer=2 type=32 cid=487400799 seq=427
[2026-09-26T11:00:23.487Z] I (2053064) RouteLoom: HIL LINK rx peer=2 type=32 cid=237340361 current=0 status=5 seq=793
[2026-09-26T11:00:26.048Z] I (2055624) RouteLoom: HIL LINK tx peer=2 type=32 cid=487400799 seq=428
[2026-09-26T11:00:28.488Z] I (2058065) RouteLoom: HIL LINK rx peer=2 type=32 cid=237340361 current=0 status=5 seq=795
[2026-09-26T11:00:30.535Z] I (2060112) RouteLoom: HIL PROBE tx peer=2 type=40 status=0
[2026-09-26T11:00:30.554Z] I (2060130) RouteLoom: HIL LINK rx peer=2 type=41 cid=237340361 current=0 status=5 seq=416
[2026-09-26T11:00:31.048Z] I (2060624) RouteLoom: HIL LINK tx peer=2 type=32 cid=487400799 seq=429
[2026-09-26T11:00:33.488Z] I (2063065) RouteLoom: HIL LINK rx peer=2 type=32 cid=237340361 current=0 status=5 seq=797
[2026-09-26T11:00:34.709Z] I (2064284) RouteLoom: HIL LINK rx peer=2 type=16 cid=237340361 current=0 status=5 seq=84
[2026-09-26T11:00:34.711Z] I (2064288) RouteLoomRef: message origin=1 session=249 sequence=84 bytes=9
[2026-09-26T11:00:34.717Z] I (2064291) RouteLoom: HIL LINK tx peer=2 type=17 cid=487400799 seq=84
[2026-09-26T11:00:34.727Z] I (2064302) RouteLoom: HIL LINK tx peer=2 type=18 cid=487400799 seq=84
[2026-09-26T11:00:34.746Z] I (2064322) RouteLoom: HIL LINK rx peer=2 type=17 cid=237340361 current=0 status=5 seq=84
[2026-09-26T11:00:36.050Z] I (2065627) RouteLoom: HIL LINK tx peer=2 type=32 cid=487400799 seq=430
[2026-09-26T11:00:38.491Z] I (2068067) RouteLoom: HIL LINK rx peer=2 type=32 cid=237340361 current=0 status=5 seq=799
[2026-09-26T11:00:40.554Z] I (2070128) RouteLoom: HIL LINK rx peer=2 type=40 cid=237340361 current=0 status=5 seq=418
[2026-09-26T11:00:40.556Z] I (2070132) RouteLoom: HIL PROBE tx peer=2 type=41 status=0
[2026-09-26T11:00:41.052Z] I (2070626) RouteLoom: HIL LINK tx peer=2 type=32 cid=487400799 seq=431
[2026-09-26T11:00:43.493Z] I (2073070) RouteLoom: HIL LINK rx peer=2 type=32 cid=237340361 current=0 status=5 seq=801
[2026-09-26T11:00:46.051Z] I (2075627) RouteLoom: HIL LINK tx peer=2 type=32 cid=487400799 seq=432
[2026-09-26T11:00:48.496Z] I (2078072) RouteLoom: HIL LINK rx peer=2 type=32 cid=237340361 current=0 status=5 seq=803
[2026-09-26T11:00:50.558Z] I (2080131) RouteLoom: HIL PROBE tx peer=2 type=40 status=0
[2026-09-26T11:00:50.573Z] I (2080149) RouteLoom: HIL LINK rx peer=2 type=41 cid=237340361 current=0 status=5 seq=420
[2026-09-26T11:00:51.052Z] I (2080629) RouteLoom: HIL LINK tx peer=2 type=32 cid=487400799 seq=433
[2026-09-26T11:00:53.496Z] I (2083072) RouteLoom: HIL LINK rx peer=2 type=32 cid=237340361 current=0 status=5 seq=805
[2026-09-26T11:00:56.053Z] I (2085629) RouteLoom: HIL LINK tx peer=2 type=32 cid=487400799 seq=434
[2026-09-26T11:00:58.498Z] I (2088074) RouteLoom: HIL LINK rx peer=2 type=32 cid=237340361 current=0 status=5 seq=807
[2026-09-26T11:01:00.572Z] I (2090148) RouteLoom: HIL LINK rx peer=2 type=40 cid=237340361 current=0 status=5 seq=422
[2026-09-26T11:01:00.576Z] I (2090152) RouteLoom: HIL PROBE tx peer=2 type=41 status=0
[2026-09-26T11:01:01.055Z] I (2090631) RouteLoom: HIL LINK tx peer=2 type=32 cid=487400799 seq=435
[2026-09-26T11:01:03.501Z] I (2093077) RouteLoom: HIL LINK rx peer=2 type=32 cid=237340361 current=0 status=5 seq=809
[2026-09-26T11:01:04.706Z] I (2094282) RouteLoom: HIL LINK rx peer=2 type=16 cid=237340361 current=0 status=5 seq=85
[2026-09-26T11:01:04.709Z] I (2094285) RouteLoomRef: message origin=1 session=249 sequence=85 bytes=9
[2026-09-26T11:01:04.715Z] I (2094289) RouteLoom: HIL LINK tx peer=2 type=17 cid=487400799 seq=85
[2026-09-26T11:01:04.724Z] I (2094300) RouteLoom: HIL LINK tx peer=2 type=18 cid=487400799 seq=85
[2026-09-26T11:01:04.751Z] I (2094328) RouteLoom: HIL LINK rx peer=2 type=17 cid=237340361 current=0 status=5 seq=85
[2026-09-26T11:01:06.055Z] I (2095632) RouteLoom: HIL LINK tx peer=2 type=32 cid=487400799 seq=436
[2026-09-26T11:01:08.500Z] I (2098076) RouteLoom: HIL LINK rx peer=2 type=32 cid=237340361 current=0 status=5 seq=811
[2026-09-26T11:01:10.574Z] I (2100150) RouteLoom: HIL PROBE tx peer=2 type=40 status=0
[2026-09-26T11:01:10.591Z] I (2100167) RouteLoom: HIL LINK rx peer=2 type=41 cid=237340361 current=0 status=5 seq=424
[2026-09-26T11:01:10.872Z] I (2100448) RouteLoom: stack hwm main 11096 B
[2026-09-26T11:01:10.872Z] I (2100448) RouteLoom: HIL HEAP free=22172 largest=19456 min=21408 B
[2026-09-26T11:01:10.882Z] I (2100449) RouteLoom: HIL DISCOVERY candidates=0 neighbors=1 capacity=0 auth=2 stale=0 probes=119 send_failures=6 kind_rejects=0
[2026-09-26T11:01:10.890Z] I (2100459) RouteLoom: HIL ROUTE peer=1 phase=-1 via=2 metric=2 generation=249 seq=1
[2026-09-26T11:01:10.897Z] I (2100466) RouteLoom: HIL ROUTE peer=2 phase=5 via=2 metric=1 generation=257 seq=1
[2026-09-26T11:01:11.056Z] I (2100632) RouteLoom: HIL LINK tx peer=2 type=32 cid=487400799 seq=437
[2026-09-26T11:01:13.503Z] I (2103079) RouteLoom: HIL LINK rx peer=2 type=32 cid=237340361 current=0 status=5 seq=813
[2026-09-26T11:01:16.057Z] I (2105633) RouteLoom: HIL LINK tx peer=2 type=32 cid=487400799 seq=438
[2026-09-26T11:01:18.505Z] I (2108081) RouteLoom: HIL LINK rx peer=2 type=32 cid=237340361 current=0 status=5 seq=815
[2026-09-26T11:01:20.590Z] I (2110166) RouteLoom: HIL LINK rx peer=2 type=40 cid=237340361 current=0 status=5 seq=426
[2026-09-26T11:01:20.594Z] I (2110170) RouteLoom: HIL PROBE tx peer=2 type=41 status=0
[2026-09-26T11:01:21.058Z] I (2110634) RouteLoom: HIL LINK tx peer=2 type=32 cid=487400799 seq=439
[2026-09-26T11:01:23.508Z] I (2113084) RouteLoom: HIL LINK rx peer=2 type=32 cid=237340361 current=0 status=5 seq=817
[2026-09-26T11:01:26.060Z] I (2115635) RouteLoom: HIL LINK tx peer=2 type=32 cid=487400799 seq=440
[2026-09-26T11:01:28.509Z] I (2118085) RouteLoom: HIL LINK rx peer=2 type=32 cid=237340361 current=0 status=5 seq=819
[2026-09-26T11:01:30.592Z] I (2120168) RouteLoom: HIL PROBE tx peer=2 type=40 status=0
[2026-09-26T11:01:30.609Z] I (2120185) RouteLoom: HIL LINK rx peer=2 type=41 cid=237340361 current=0 status=5 seq=428
[2026-09-26T11:01:31.060Z] I (2120636) RouteLoom: HIL LINK tx peer=2 type=32 cid=487400799 seq=441
[2026-09-26T11:01:33.511Z] I (2123087) RouteLoom: HIL LINK rx peer=2 type=32 cid=237340361 current=0 status=5 seq=821
[2026-09-26T11:01:34.707Z] I (2124283) RouteLoom: HIL LINK rx peer=2 type=16 cid=237340361 current=0 status=5 seq=86
[2026-09-26T11:01:34.710Z] I (2124286) RouteLoomRef: message origin=1 session=249 sequence=86 bytes=9
[2026-09-26T11:01:34.716Z] I (2124290) RouteLoom: HIL LINK tx peer=2 type=17 cid=487400799 seq=86
[2026-09-26T11:01:34.725Z] I (2124301) RouteLoom: HIL LINK tx peer=2 type=18 cid=487400799 seq=86
[2026-09-26T11:01:34.745Z] I (2124321) RouteLoom: HIL LINK rx peer=2 type=17 cid=237340361 current=0 status=5 seq=86
[2026-09-26T11:01:36.061Z] I (2125637) RouteLoom: HIL LINK tx peer=2 type=32 cid=487400799 seq=442
[2026-09-26T11:01:38.513Z] I (2128089) RouteLoom: HIL LINK rx peer=2 type=32 cid=237340361 current=0 status=5 seq=823
[2026-09-26T11:01:40.608Z] I (2130184) RouteLoom: HIL LINK rx peer=2 type=40 cid=237340361 current=0 status=5 seq=430
[2026-09-26T11:01:40.612Z] I (2130188) RouteLoom: HIL PROBE tx peer=2 type=41 status=0
[2026-09-26T11:01:41.062Z] I (2130637) RouteLoom: HIL LINK tx peer=2 type=32 cid=487400799 seq=443
[2026-09-26T11:01:43.515Z] I (2133090) RouteLoom: HIL LINK rx peer=2 type=32 cid=237340361 current=0 status=5 seq=825
[2026-09-26T11:01:46.064Z] I (2135639) RouteLoom: HIL LINK tx peer=2 type=32 cid=487400799 seq=444
[2026-09-26T11:01:48.516Z] I (2138091) RouteLoom: HIL LINK rx peer=2 type=32 cid=237340361 current=0 status=5 seq=827
[2026-09-26T11:01:50.611Z] I (2140187) RouteLoom: HIL PROBE tx peer=2 type=40 status=0
[2026-09-26T11:01:50.629Z] I (2140204) RouteLoom: HIL LINK rx peer=2 type=41 cid=237340361 current=0 status=5 seq=432
[2026-09-26T11:01:51.065Z] I (2140641) RouteLoom: HIL LINK tx peer=2 type=32 cid=487400799 seq=445
[2026-09-26T11:01:53.517Z] I (2143092) RouteLoom: HIL LINK rx peer=2 type=32 cid=237340361 current=0 status=5 seq=829
[2026-09-26T11:01:56.066Z] I (2145641) RouteLoom: HIL LINK tx peer=2 type=32 cid=487400799 seq=446
[2026-09-26T11:01:58.518Z] I (2148093) RouteLoom: HIL LINK rx peer=2 type=32 cid=237340361 current=0 status=5 seq=831
[2026-09-26T11:02:00.628Z] I (2150203) RouteLoom: HIL LINK rx peer=2 type=40 cid=237340361 current=0 status=5 seq=435
[2026-09-26T11:02:00.631Z] I (2150207) RouteLoom: HIL PROBE tx peer=2 type=41 status=0
[2026-09-26T11:02:01.066Z] I (2150641) RouteLoom: HIL LINK tx peer=2 type=32 cid=487400799 seq=447
[2026-09-26T11:02:03.521Z] I (2153097) RouteLoom: HIL LINK rx peer=2 type=32 cid=237340361 current=0 status=5 seq=833
[2026-09-26T11:02:04.713Z] I (2154288) RouteLoom: HIL LINK rx peer=2 type=16 cid=237340361 current=0 status=5 seq=87
[2026-09-26T11:02:04.716Z] I (2154292) RouteLoomRef: message origin=1 session=249 sequence=87 bytes=9
[2026-09-26T11:02:04.722Z] I (2154295) RouteLoom: HIL LINK tx peer=2 type=17 cid=487400799 seq=87
[2026-09-26T11:02:04.731Z] I (2154306) RouteLoom: HIL LINK tx peer=2 type=18 cid=487400799 seq=87
[2026-09-26T11:02:04.751Z] I (2154327) RouteLoom: HIL LINK rx peer=2 type=17 cid=237340361 current=0 status=5 seq=87
[2026-09-26T11:02:06.067Z] I (2155643) RouteLoom: HIL LINK tx peer=2 type=32 cid=487400799 seq=448
[2026-09-26T11:02:08.520Z] I (2158095) RouteLoom: HIL LINK rx peer=2 type=32 cid=237340361 current=0 status=5 seq=835
[2026-09-26T11:02:10.630Z] I (2160206) RouteLoom: HIL PROBE tx peer=2 type=40 status=0
[2026-09-26T11:02:10.649Z] I (2160224) RouteLoom: HIL LINK rx peer=2 type=41 cid=237340361 current=0 status=5 seq=438
[2026-09-26T11:02:10.873Z] I (2160449) RouteLoom: stack hwm main 11096 B
[2026-09-26T11:02:10.874Z] I (2160449) RouteLoom: HIL HEAP free=22172 largest=19456 min=21408 B
[2026-09-26T11:02:10.883Z] I (2160450) RouteLoom: HIL DISCOVERY candidates=0 neighbors=1 capacity=0 auth=2 stale=0 probes=122 send_failures=6 kind_rejects=0
[2026-09-26T11:02:10.891Z] I (2160460) RouteLoom: HIL ROUTE peer=1 phase=-1 via=2 metric=2 generation=249 seq=1
[2026-09-26T11:02:10.899Z] I (2160467) RouteLoom: HIL ROUTE peer=2 phase=5 via=2 metric=1 generation=257 seq=1
[2026-09-26T11:02:11.067Z] I (2160642) RouteLoom: HIL LINK tx peer=2 type=32 cid=487400799 seq=449
[2026-09-26T11:02:13.520Z] I (2163095) RouteLoom: HIL LINK rx peer=2 type=32 cid=237340361 current=0 status=5 seq=837
[2026-09-26T11:02:16.069Z] I (2165644) RouteLoom: HIL LINK tx peer=2 type=32 cid=487400799 seq=450
[2026-09-26T11:02:18.522Z] I (2168097) RouteLoom: HIL LINK rx peer=2 type=32 cid=237340361 current=0 status=5 seq=839
[2026-09-26T11:02:20.647Z] I (2170222) RouteLoom: HIL LINK rx peer=2 type=40 cid=237340361 current=0 status=5 seq=440
[2026-09-26T11:02:20.650Z] I (2170226) RouteLoom: HIL PROBE tx peer=2 type=41 status=0
[2026-09-26T11:02:21.070Z] I (2170645) RouteLoom: HIL LINK tx peer=2 type=32 cid=487400799 seq=451
[2026-09-26T11:02:23.524Z] I (2173099) RouteLoom: HIL LINK rx peer=2 type=32 cid=237340361 current=0 status=5 seq=841
[2026-09-26T11:02:26.070Z] I (2175645) RouteLoom: HIL LINK tx peer=2 type=32 cid=487400799 seq=452
[2026-09-26T11:02:28.525Z] I (2178100) RouteLoom: HIL LINK rx peer=2 type=32 cid=237340361 current=0 status=5 seq=843
[2026-09-26T11:02:30.650Z] I (2180226) RouteLoom: HIL PROBE tx peer=2 type=40 status=0
[2026-09-26T11:02:30.667Z] I (2180243) RouteLoom: HIL LINK rx peer=2 type=41 cid=237340361 current=0 status=5 seq=442
[2026-09-26T11:02:31.071Z] I (2180646) RouteLoom: HIL LINK tx peer=2 type=32 cid=487400799 seq=453
[2026-09-26T11:02:33.526Z] I (2183100) RouteLoom: HIL LINK rx peer=2 type=32 cid=237340361 current=0 status=5 seq=845
[2026-09-26T11:02:34.714Z] I (2184289) RouteLoom: HIL LINK rx peer=2 type=16 cid=237340361 current=0 status=5 seq=88
[2026-09-26T11:02:34.717Z] I (2184292) RouteLoomRef: message origin=1 session=249 sequence=88 bytes=9
[2026-09-26T11:02:34.723Z] I (2184296) RouteLoom: HIL LINK tx peer=2 type=17 cid=487400799 seq=88
[2026-09-26T11:02:34.731Z] I (2184307) RouteLoom: HIL LINK tx peer=2 type=18 cid=487400799 seq=88
[2026-09-26T11:02:34.753Z] I (2184328) RouteLoom: HIL LINK rx peer=2 type=17 cid=237340361 current=0 status=5 seq=88
[2026-09-26T11:02:36.071Z] I (2185647) RouteLoom: HIL LINK tx peer=2 type=32 cid=487400799 seq=454
[2026-09-26T11:02:38.524Z] I (2188099) RouteLoom: HIL LINK rx peer=2 type=32 cid=237340361 current=0 status=5 seq=847
[2026-09-26T11:02:40.665Z] I (2190241) RouteLoom: HIL LINK rx peer=2 type=40 cid=237340361 current=0 status=5 seq=444
[2026-09-26T11:02:40.669Z] I (2190245) RouteLoom: HIL PROBE tx peer=2 type=41 status=0
[2026-09-26T11:02:41.073Z] I (2190649) RouteLoom: HIL LINK tx peer=2 type=32 cid=487400799 seq=455
[2026-09-26T11:02:43.524Z] I (2193099) RouteLoom: HIL LINK rx peer=2 type=32 cid=237340361 current=0 status=5 seq=849
[2026-09-26T11:02:46.073Z] I (2195648) RouteLoom: HIL LINK tx peer=2 type=32 cid=487400799 seq=456
[2026-09-26T11:02:48.525Z] I (2198100) RouteLoom: HIL LINK rx peer=2 type=32 cid=237340361 current=0 status=5 seq=851
[2026-09-26T11:02:50.668Z] I (2200244) RouteLoom: HIL PROBE tx peer=2 type=40 status=0
[2026-09-26T11:02:50.686Z] I (2200261) RouteLoom: HIL LINK rx peer=2 type=41 cid=237340361 current=0 status=5 seq=446
[2026-09-26T11:02:51.074Z] I (2200650) RouteLoom: HIL LINK tx peer=2 type=32 cid=487400799 seq=457
[2026-09-26T11:02:53.524Z] I (2203099) RouteLoom: HIL LINK rx peer=2 type=32 cid=237340361 current=0 status=5 seq=853
[2026-09-26T11:02:56.076Z] I (2205651) RouteLoom: HIL LINK tx peer=2 type=32 cid=487400799 seq=458
[2026-09-26T11:02:58.525Z] I (2208100) RouteLoom: HIL LINK rx peer=2 type=32 cid=237340361 current=0 status=5 seq=855
[2026-09-26T11:03:00.684Z] I (2210258) RouteLoom: HIL LINK rx peer=2 type=40 cid=237340361 current=0 status=5 seq=448
[2026-09-26T11:03:00.687Z] I (2210262) RouteLoom: HIL PROBE tx peer=2 type=41 status=0
[2026-09-26T11:03:01.077Z] I (2210651) RouteLoom: HIL LINK tx peer=2 type=32 cid=487400799 seq=459
[2026-09-26T11:03:03.529Z] I (2213104) RouteLoom: HIL LINK rx peer=2 type=32 cid=237340361 current=0 status=5 seq=857
[2026-09-26T11:03:04.712Z] I (2214287) RouteLoom: HIL LINK rx peer=2 type=16 cid=237340361 current=0 status=5 seq=89
[2026-09-26T11:03:04.715Z] I (2214290) RouteLoomRef: message origin=1 session=249 sequence=89 bytes=9
[2026-09-26T11:03:04.722Z] I (2214294) RouteLoom: HIL LINK tx peer=2 type=17 cid=487400799 seq=89
[2026-09-26T11:03:04.730Z] I (2214305) RouteLoom: HIL LINK tx peer=2 type=18 cid=487400799 seq=89
[2026-09-26T11:03:04.750Z] I (2214325) RouteLoom: HIL LINK rx peer=2 type=17 cid=237340361 current=0 status=5 seq=89
[2026-09-26T11:03:06.079Z] I (2215654) RouteLoom: HIL LINK tx peer=2 type=32 cid=487400799 seq=460
[2026-09-26T11:03:08.528Z] I (2218102) RouteLoom: HIL LINK rx peer=2 type=32 cid=237340361 current=0 status=5 seq=859
[2026-09-26T11:03:10.685Z] I (2220261) RouteLoom: HIL PROBE tx peer=2 type=40 status=0
[2026-09-26T11:03:10.704Z] I (2220279) RouteLoom: HIL LINK rx peer=2 type=41 cid=237340361 current=0 status=5 seq=450
[2026-09-26T11:03:10.875Z] I (2220450) RouteLoom: stack hwm main 11096 B
[2026-09-26T11:03:10.875Z] I (2220450) RouteLoom: HIL HEAP free=22172 largest=19456 min=21408 B
[2026-09-26T11:03:10.885Z] I (2220451) RouteLoom: HIL DISCOVERY candidates=0 neighbors=1 capacity=0 auth=2 stale=0 probes=125 send_failures=6 kind_rejects=0
[2026-09-26T11:03:10.893Z] I (2220461) RouteLoom: HIL ROUTE peer=1 phase=-1 via=2 metric=2 generation=249 seq=1
[2026-09-26T11:03:10.900Z] I (2220468) RouteLoom: HIL ROUTE peer=2 phase=5 via=2 metric=1 generation=257 seq=1
[2026-09-26T11:03:11.080Z] I (2220655) RouteLoom: HIL LINK tx peer=2 type=32 cid=487400799 seq=461
[2026-09-26T11:03:13.531Z] I (2223104) RouteLoom: HIL LINK rx peer=2 type=32 cid=237340361 current=0 status=5 seq=861
[2026-09-26T11:03:16.082Z] I (2225656) RouteLoom: HIL LINK tx peer=2 type=32 cid=487400799 seq=462
[2026-09-26T11:03:18.531Z] I (2228105) RouteLoom: HIL LINK rx peer=2 type=32 cid=237340361 current=0 status=5 seq=863
[2026-09-26T11:03:20.702Z] I (2230277) RouteLoom: HIL LINK rx peer=2 type=40 cid=237340361 current=0 status=5 seq=452
[2026-09-26T11:03:20.706Z] I (2230281) RouteLoom: HIL PROBE tx peer=2 type=41 status=0
[2026-09-26T11:03:21.086Z] I (2230657) RouteLoom: HIL LINK tx peer=2 type=32 cid=487400799 seq=463
[2026-09-26T11:03:23.560Z] I (2233106) RouteLoom: HIL LINK rx peer=2 type=32 cid=237340361 current=0 status=5 seq=865
[2026-09-26T11:03:26.083Z] I (2235657) RouteLoom: HIL LINK tx peer=2 type=32 cid=487400799 seq=464
[2026-09-26T11:03:28.533Z] I (2238108) RouteLoom: HIL LINK rx peer=2 type=32 cid=237340361 current=0 status=5 seq=867
[2026-09-26T11:03:30.706Z] I (2240281) RouteLoom: HIL PROBE tx peer=2 type=40 status=0
[2026-09-26T11:03:30.723Z] I (2240298) RouteLoom: HIL LINK rx peer=2 type=41 cid=237340361 current=0 status=5 seq=454
[2026-09-26T11:03:31.085Z] I (2240659) RouteLoom: HIL LINK tx peer=2 type=32 cid=487400799 seq=465
[2026-09-26T11:03:33.535Z] I (2243110) RouteLoom: HIL LINK rx peer=2 type=32 cid=237340361 current=0 status=5 seq=869
[2026-09-26T11:03:34.710Z] I (2244284) RouteLoom: HIL LINK rx peer=2 type=16 cid=237340361 current=0 status=5 seq=90
[2026-09-26T11:03:34.713Z] I (2244287) RouteLoomRef: message origin=1 session=249 sequence=90 bytes=9
[2026-09-26T11:03:34.719Z] I (2244291) RouteLoom: HIL LINK tx peer=2 type=17 cid=487400799 seq=90
[2026-09-26T11:03:34.728Z] I (2244302) RouteLoom: HIL LINK tx peer=2 type=18 cid=487400799 seq=90
[2026-09-26T11:03:34.748Z] I (2244323) RouteLoom: HIL LINK rx peer=2 type=17 cid=237340361 current=0 status=5 seq=90
[2026-09-26T11:03:36.090Z] I (2245660) RouteLoom: HIL LINK tx peer=2 type=32 cid=487400799 seq=466
[2026-09-26T11:03:38.540Z] I (2248111) RouteLoom: HIL LINK rx peer=2 type=32 cid=237340361 current=0 status=5 seq=871
[2026-09-26T11:03:40.725Z] I (2250297) RouteLoom: HIL LINK rx peer=2 type=40 cid=237340361 current=0 status=5 seq=456
[2026-09-26T11:03:40.728Z] I (2250301) RouteLoom: HIL PROBE tx peer=2 type=41 status=0
[2026-09-26T11:03:41.086Z] I (2250660) RouteLoom: HIL LINK tx peer=2 type=32 cid=487400799 seq=467
[2026-09-26T11:03:43.536Z] I (2253111) RouteLoom: HIL LINK rx peer=2 type=32 cid=237340361 current=0 status=5 seq=873
[2026-09-26T11:03:46.089Z] I (2255662) RouteLoom: HIL LINK tx peer=2 type=32 cid=487400799 seq=468
[2026-09-26T11:03:48.537Z] I (2258112) RouteLoom: HIL LINK rx peer=2 type=32 cid=237340361 current=0 status=5 seq=875
[2026-09-26T11:03:50.725Z] I (2260300) RouteLoom: HIL PROBE tx peer=2 type=40 status=0
[2026-09-26T11:03:50.744Z] I (2260318) RouteLoom: HIL LINK rx peer=2 type=41 cid=237340361 current=0 status=5 seq=458
[2026-09-26T11:03:51.088Z] I (2260662) RouteLoom: HIL LINK tx peer=2 type=32 cid=487400799 seq=469
[2026-09-26T11:03:53.537Z] I (2263112) RouteLoom: HIL LINK rx peer=2 type=32 cid=237340361 current=0 status=5 seq=877
[2026-09-26T11:03:56.093Z] I (2265663) RouteLoom: HIL LINK tx peer=2 type=32 cid=487400799 seq=470
[2026-09-26T11:03:58.541Z] I (2268113) RouteLoom: HIL LINK rx peer=2 type=32 cid=237340361 current=0 status=5 seq=879
[2026-09-26T11:04:00.744Z] I (2270317) RouteLoom: HIL LINK rx peer=2 type=40 cid=237340361 current=0 status=5 seq=460
[2026-09-26T11:04:00.747Z] I (2270321) RouteLoom: HIL PROBE tx peer=2 type=41 status=0
[2026-09-26T11:04:01.094Z] I (2270665) RouteLoom: HIL LINK tx peer=2 type=32 cid=487400799 seq=471
[2026-09-26T11:04:03.541Z] I (2273115) RouteLoom: HIL LINK rx peer=2 type=32 cid=237340361 current=0 status=5 seq=881
[2026-09-26T11:04:04.712Z] I (2274284) RouteLoom: HIL LINK rx peer=2 type=16 cid=237340361 current=0 status=5 seq=91
[2026-09-26T11:04:04.715Z] I (2274287) RouteLoomRef: message origin=1 session=249 sequence=91 bytes=9
[2026-09-26T11:04:04.720Z] I (2274291) RouteLoom: HIL LINK tx peer=2 type=17 cid=487400799 seq=91
[2026-09-26T11:04:04.728Z] I (2274302) RouteLoom: HIL LINK tx peer=2 type=18 cid=487400799 seq=91
[2026-09-26T11:04:04.755Z] I (2274324) RouteLoom: HIL LINK rx peer=2 type=17 cid=237340361 current=0 status=5 seq=91
[2026-09-26T11:04:06.093Z] I (2275668) RouteLoom: HIL LINK tx peer=2 type=32 cid=487400799 seq=472
[2026-09-26T11:04:08.542Z] I (2278114) RouteLoom: HIL LINK rx peer=2 type=32 cid=237340361 current=0 status=5 seq=883
[2026-09-26T11:04:10.745Z] I (2280320) RouteLoom: HIL PROBE tx peer=2 type=40 status=0
[2026-09-26T11:04:10.763Z] I (2280337) RouteLoom: HIL LINK rx peer=2 type=41 cid=237340361 current=0 status=5 seq=462
[2026-09-26T11:04:10.876Z] I (2280450) RouteLoom: stack hwm main 11096 B
[2026-09-26T11:04:10.876Z] I (2280450) RouteLoom: HIL HEAP free=22172 largest=19456 min=21408 B
[2026-09-26T11:04:10.886Z] I (2280451) RouteLoom: HIL DISCOVERY candidates=0 neighbors=1 capacity=0 auth=2 stale=0 probes=128 send_failures=6 kind_rejects=0
[2026-09-26T11:04:10.893Z] I (2280461) RouteLoom: HIL ROUTE peer=1 phase=-1 via=2 metric=2 generation=249 seq=1
[2026-09-26T11:04:10.904Z] I (2280468) RouteLoom: HIL ROUTE peer=2 phase=5 via=2 metric=1 generation=257 seq=1
[2026-09-26T11:04:11.095Z] I (2280667) RouteLoom: HIL LINK tx peer=2 type=32 cid=487400799 seq=473
[2026-09-26T11:04:13.543Z] I (2283117) RouteLoom: HIL LINK rx peer=2 type=32 cid=237340361 current=0 status=5 seq=885
[2026-09-26T11:04:16.094Z] I (2285668) RouteLoom: HIL LINK tx peer=2 type=32 cid=487400799 seq=474
[2026-09-26T11:04:18.544Z] I (2288118) RouteLoom: HIL LINK rx peer=2 type=32 cid=237340361 current=0 status=5 seq=887
[2026-09-26T11:04:20.761Z] I (2290335) RouteLoom: HIL LINK rx peer=2 type=40 cid=237340361 current=0 status=5 seq=464
[2026-09-26T11:04:20.765Z] I (2290339) RouteLoom: HIL PROBE tx peer=2 type=41 status=0
[2026-09-26T11:04:21.094Z] I (2290668) RouteLoom: HIL LINK tx peer=2 type=32 cid=487400799 seq=475
[2026-09-26T11:04:23.557Z] I (2293122) RouteLoom: HIL LINK rx peer=2 type=32 cid=237340361 current=0 status=5 seq=889
[2026-09-26T11:04:26.096Z] I (2295670) RouteLoom: HIL LINK tx peer=2 type=32 cid=487400799 seq=476
[2026-09-26T11:04:28.550Z] I (2298124) RouteLoom: HIL LINK rx peer=2 type=32 cid=237340361 current=0 status=5 seq=891
[2026-09-26T11:04:30.764Z] I (2300339) RouteLoom: HIL PROBE tx peer=2 type=40 status=0
[2026-09-26T11:04:30.784Z] I (2300357) RouteLoom: HIL LINK rx peer=2 type=41 cid=237340361 current=0 status=5 seq=466
[2026-09-26T11:04:31.097Z] I (2300671) RouteLoom: HIL LINK tx peer=2 type=32 cid=487400799 seq=477
[2026-09-26T11:04:33.550Z] I (2303124) RouteLoom: HIL LINK rx peer=2 type=32 cid=237340361 current=0 status=5 seq=893
[2026-09-26T11:04:34.711Z] I (2304285) RouteLoom: HIL LINK rx peer=2 type=16 cid=237340361 current=0 status=5 seq=92
[2026-09-26T11:04:34.715Z] I (2304289) RouteLoomRef: message origin=1 session=249 sequence=92 bytes=9
[2026-09-26T11:04:34.721Z] I (2304292) RouteLoom: HIL LINK tx peer=2 type=17 cid=487400799 seq=92
[2026-09-26T11:04:34.729Z] I (2304303) RouteLoom: HIL LINK tx peer=2 type=18 cid=487400799 seq=92
[2026-09-26T11:04:34.749Z] I (2304324) RouteLoom: HIL LINK rx peer=2 type=17 cid=237340361 current=0 status=5 seq=92
[2026-09-26T11:04:36.098Z] I (2305673) RouteLoom: HIL LINK tx peer=2 type=32 cid=487400799 seq=478
[2026-09-26T11:04:38.551Z] I (2308125) RouteLoom: HIL LINK rx peer=2 type=32 cid=237340361 current=0 status=5 seq=895
[2026-09-26T11:04:40.780Z] I (2310354) RouteLoom: HIL LINK rx peer=2 type=40 cid=237340361 current=0 status=5 seq=468
[2026-09-26T11:04:40.784Z] I (2310358) RouteLoom: HIL PROBE tx peer=2 type=41 status=0
[2026-09-26T11:04:41.098Z] I (2310672) RouteLoom: HIL LINK tx peer=2 type=32 cid=487400799 seq=479
[2026-09-26T11:04:43.555Z] I (2313128) RouteLoom: HIL LINK rx peer=2 type=32 cid=237340361 current=0 status=5 seq=897
[2026-09-26T11:04:46.100Z] I (2315674) RouteLoom: HIL LINK tx peer=2 type=32 cid=487400799 seq=480
[2026-09-26T11:04:48.554Z] I (2318128) RouteLoom: HIL LINK rx peer=2 type=32 cid=237340361 current=0 status=5 seq=899
[2026-09-26T11:04:50.784Z] I (2320358) RouteLoom: HIL PROBE tx peer=2 type=40 status=0
[2026-09-26T11:04:50.802Z] I (2320376) RouteLoom: HIL LINK rx peer=2 type=41 cid=237340361 current=0 status=5 seq=470
[2026-09-26T11:04:51.102Z] I (2320676) RouteLoom: HIL LINK tx peer=2 type=32 cid=487400799 seq=481
[2026-09-26T11:04:53.554Z] I (2323128) RouteLoom: HIL LINK rx peer=2 type=32 cid=237340361 current=0 status=5 seq=901
[2026-09-26T11:04:56.102Z] I (2325676) RouteLoom: HIL LINK tx peer=2 type=32 cid=487400799 seq=482
[2026-09-26T11:04:58.555Z] I (2328129) RouteLoom: HIL LINK rx peer=2 type=32 cid=237340361 current=0 status=5 seq=903
[2026-09-26T11:05:00.802Z] I (2330376) RouteLoom: HIL LINK rx peer=2 type=40 cid=237340361 current=0 status=5 seq=472
[2026-09-26T11:05:00.806Z] I (2330380) RouteLoom: HIL PROBE tx peer=2 type=41 status=0
[2026-09-26T11:05:01.102Z] I (2330676) RouteLoom: HIL LINK tx peer=2 type=32 cid=487400799 seq=483
[2026-09-26T11:05:03.558Z] I (2333132) RouteLoom: HIL LINK rx peer=2 type=32 cid=237340361 current=0 status=5 seq=905
[2026-09-26T11:05:04.709Z] I (2334282) RouteLoom: HIL LINK rx peer=2 type=16 cid=237340361 current=0 status=5 seq=93
[2026-09-26T11:05:04.712Z] I (2334286) RouteLoomRef: message origin=1 session=249 sequence=93 bytes=9
[2026-09-26T11:05:04.718Z] I (2334289) RouteLoom: HIL LINK tx peer=2 type=17 cid=487400799 seq=93
[2026-09-26T11:05:04.726Z] I (2334300) RouteLoom: HIL LINK tx peer=2 type=18 cid=487400799 seq=93
[2026-09-26T11:05:04.747Z] I (2334321) RouteLoom: HIL LINK rx peer=2 type=17 cid=237340361 current=0 status=5 seq=93
[2026-09-26T11:05:06.104Z] I (2335678) RouteLoom: HIL LINK tx peer=2 type=32 cid=487400799 seq=484
[2026-09-26T11:05:08.563Z] I (2338136) RouteLoom: HIL LINK rx peer=2 type=32 cid=237340361 current=0 status=5 seq=907
[2026-09-26T11:05:10.805Z] I (2340379) RouteLoom: HIL PROBE tx peer=2 type=40 status=0
[2026-09-26T11:05:10.822Z] I (2340396) RouteLoom: HIL LINK rx peer=2 type=40 cid=237340361 current=0 status=5 seq=474
[2026-09-26T11:05:10.826Z] I (2340400) RouteLoom: HIL PROBE tx peer=2 type=41 status=0
[2026-09-26T11:05:10.876Z] I (2340450) RouteLoom: stack hwm main 11096 B
[2026-09-26T11:05:10.876Z] I (2340450) RouteLoom: HIL HEAP free=22172 largest=19456 min=21408 B
[2026-09-26T11:05:10.886Z] I (2340451) RouteLoom: HIL DISCOVERY candidates=0 neighbors=1 capacity=0 auth=2 stale=0 probes=131 send_failures=6 kind_rejects=0
[2026-09-26T11:05:10.894Z] I (2340461) RouteLoom: HIL ROUTE peer=1 phase=-1 via=2 metric=2 generation=249 seq=1
[2026-09-26T11:05:10.901Z] I (2340468) RouteLoom: HIL ROUTE peer=2 phase=5 via=2 metric=1 generation=257 seq=1
[2026-09-26T11:05:11.106Z] I (2340679) RouteLoom: HIL LINK tx peer=2 type=32 cid=487400799 seq=485
[2026-09-26T11:05:13.564Z] I (2343137) RouteLoom: HIL LINK rx peer=2 type=32 cid=237340361 current=0 status=5 seq=909
[2026-09-26T11:05:16.107Z] I (2345680) RouteLoom: HIL LINK tx peer=2 type=32 cid=487400799 seq=486
[2026-09-26T11:05:18.563Z] I (2348136) RouteLoom: HIL LINK rx peer=2 type=32 cid=237340361 current=0 status=5 seq=911
[2026-09-26T11:05:20.826Z] I (2350400) RouteLoom: HIL PROBE tx peer=2 type=40 status=0
[2026-09-26T11:05:20.844Z] I (2350418) RouteLoom: HIL LINK rx peer=2 type=41 cid=237340361 current=0 status=5 seq=477
[2026-09-26T11:05:21.107Z] I (2350681) RouteLoom: HIL LINK tx peer=2 type=32 cid=487400799 seq=487
[2026-09-26T11:05:23.562Z] I (2353136) RouteLoom: HIL LINK rx peer=2 type=32 cid=237340361 current=0 status=5 seq=913
[2026-09-26T11:05:26.109Z] I (2355682) RouteLoom: HIL LINK tx peer=2 type=32 cid=487400799 seq=488
[2026-09-26T11:05:28.564Z] I (2358138) RouteLoom: HIL LINK rx peer=2 type=32 cid=237340361 current=0 status=5 seq=915
[2026-09-26T11:05:30.844Z] I (2360417) RouteLoom: HIL LINK rx peer=2 type=40 cid=237340361 current=0 status=5 seq=479
[2026-09-26T11:05:30.847Z] I (2360421) RouteLoom: HIL PROBE tx peer=2 type=41 status=0
[2026-09-26T11:05:31.111Z] I (2360684) RouteLoom: HIL LINK tx peer=2 type=32 cid=487400799 seq=489
[2026-09-26T11:05:33.566Z] I (2363140) RouteLoom: HIL LINK rx peer=2 type=32 cid=237340361 current=0 status=5 seq=917
[2026-09-26T11:05:34.705Z] I (2364279) RouteLoom: HIL LINK rx peer=2 type=16 cid=237340361 current=0 status=5 seq=94
[2026-09-26T11:05:34.708Z] I (2364282) RouteLoomRef: message origin=1 session=249 sequence=94 bytes=9
[2026-09-26T11:05:34.715Z] I (2364286) RouteLoom: HIL LINK tx peer=2 type=17 cid=487400799 seq=94
[2026-09-26T11:05:34.723Z] I (2364297) RouteLoom: HIL LINK tx peer=2 type=18 cid=487400799 seq=94
[2026-09-26T11:05:34.743Z] I (2364316) RouteLoom: HIL LINK rx peer=2 type=17 cid=237340361 current=0 status=5 seq=94
[2026-09-26T11:05:36.113Z] I (2365687) RouteLoom: HIL LINK tx peer=2 type=32 cid=487400799 seq=490
[2026-09-26T11:05:38.566Z] I (2368139) RouteLoom: HIL LINK rx peer=2 type=32 cid=237340361 current=0 status=5 seq=919
[2026-09-26T11:05:40.847Z] I (2370421) RouteLoom: HIL PROBE tx peer=2 type=40 status=0
[2026-09-26T11:05:40.864Z] I (2370438) RouteLoom: HIL LINK rx peer=2 type=41 cid=237340361 current=0 status=5 seq=481
[2026-09-26T11:05:41.115Z] I (2370689) RouteLoom: HIL LINK tx peer=2 type=32 cid=487400799 seq=491
[2026-09-26T11:05:43.567Z] I (2373140) RouteLoom: HIL LINK rx peer=2 type=32 cid=237340361 current=0 status=5 seq=921
[2026-09-26T11:05:46.116Z] I (2375689) RouteLoom: HIL LINK tx peer=2 type=32 cid=487400799 seq=492
[2026-09-26T11:05:48.569Z] I (2378142) RouteLoom: HIL LINK rx peer=2 type=32 cid=237340361 current=0 status=5 seq=923
[2026-09-26T11:05:50.863Z] I (2380437) RouteLoom: HIL LINK rx peer=2 type=40 cid=237340361 current=0 status=5 seq=483
[2026-09-26T11:05:50.867Z] I (2380440) RouteLoom: HIL PROBE tx peer=2 type=41 status=0
[2026-09-26T11:05:51.118Z] I (2380691) RouteLoom: HIL LINK tx peer=2 type=32 cid=487400799 seq=493
[2026-09-26T11:05:53.570Z] I (2383143) RouteLoom: HIL LINK rx peer=2 type=32 cid=237340361 current=0 status=5 seq=925
[2026-09-26T11:05:56.119Z] I (2385692) RouteLoom: HIL LINK tx peer=2 type=32 cid=487400799 seq=494
[2026-09-26T11:05:58.574Z] I (2388147) RouteLoom: HIL LINK rx peer=2 type=32 cid=237340361 current=0 status=5 seq=927
[2026-09-26T11:06:00.864Z] I (2390438) RouteLoom: HIL PROBE tx peer=2 type=40 status=0
[2026-09-26T11:06:00.884Z] I (2390457) RouteLoom: HIL LINK rx peer=2 type=41 cid=237340361 current=0 status=5 seq=485
[2026-09-26T11:06:01.119Z] I (2390692) RouteLoom: HIL LINK tx peer=2 type=32 cid=487400799 seq=495
[2026-09-26T11:06:03.575Z] I (2393148) RouteLoom: HIL LINK rx peer=2 type=32 cid=237340361 current=0 status=5 seq=929
[2026-09-26T11:06:04.709Z] I (2394281) RouteLoom: HIL LINK rx peer=2 type=16 cid=237340361 current=0 status=5 seq=95
[2026-09-26T11:06:04.711Z] I (2394285) RouteLoomRef: message origin=1 session=249 sequence=95 bytes=9
[2026-09-26T11:06:04.718Z] I (2394288) RouteLoom: HIL LINK tx peer=2 type=17 cid=487400799 seq=95
[2026-09-26T11:06:04.726Z] I (2394300) RouteLoom: HIL LINK tx peer=2 type=18 cid=487400799 seq=95
[2026-09-26T11:06:04.747Z] I (2394320) RouteLoom: HIL LINK rx peer=2 type=17 cid=237340361 current=0 status=5 seq=95
[2026-09-26T11:06:06.119Z] I (2395693) RouteLoom: HIL LINK tx peer=2 type=32 cid=487400799 seq=496
[2026-09-26T11:06:08.575Z] I (2398148) RouteLoom: HIL LINK rx peer=2 type=32 cid=237340361 current=0 status=5 seq=931
[2026-09-26T11:06:10.879Z] I (2400452) RouteLoom: stack hwm main 11096 B
[2026-09-26T11:06:10.879Z] I (2400452) RouteLoom: HIL HEAP free=22172 largest=19456 min=21408 B
[2026-09-26T11:06:10.889Z] I (2400453) RouteLoom: HIL DISCOVERY candidates=0 neighbors=1 capacity=0 auth=2 stale=0 probes=134 send_failures=6 kind_rejects=0
[2026-09-26T11:06:10.897Z] I (2400463) RouteLoom: HIL ROUTE peer=1 phase=-1 via=2 metric=2 generation=249 seq=1
[2026-09-26T11:06:10.904Z] I (2400470) RouteLoom: HIL ROUTE peer=2 phase=5 via=2 metric=1 generation=257 seq=1
[2026-09-26T11:06:10.913Z] I (2400478) RouteLoom: HIL LINK rx peer=2 type=40 cid=237340361 current=0 status=5 seq=487
[2026-09-26T11:06:10.917Z] I (2400489) RouteLoom: HIL PROBE tx peer=2 type=41 status=0
[2026-09-26T11:06:11.120Z] I (2400693) RouteLoom: HIL LINK tx peer=2 type=32 cid=487400799 seq=497
[2026-09-26T11:06:13.578Z] I (2403151) RouteLoom: HIL LINK rx peer=2 type=32 cid=237340361 current=0 status=5 seq=933
[2026-09-26T11:06:16.121Z] I (2405694) RouteLoom: HIL LINK tx peer=2 type=32 cid=487400799 seq=498
[2026-09-26T11:06:18.580Z] I (2408153) RouteLoom: HIL LINK rx peer=2 type=32 cid=237340361 current=0 status=5 seq=935
[2026-09-26T11:06:20.882Z] I (2410456) RouteLoom: HIL PROBE tx peer=2 type=40 status=0
[2026-09-26T11:06:20.900Z] I (2410473) RouteLoom: HIL LINK rx peer=2 type=41 cid=237340361 current=0 status=5 seq=489
[2026-09-26T11:06:21.123Z] I (2410696) RouteLoom: HIL LINK tx peer=2 type=32 cid=487400799 seq=499
[2026-09-26T11:06:23.582Z] I (2413155) RouteLoom: HIL LINK rx peer=2 type=32 cid=237340361 current=0 status=5 seq=937
[2026-09-26T11:06:26.125Z] I (2415698) RouteLoom: HIL LINK tx peer=2 type=32 cid=487400799 seq=500
[2026-09-26T11:06:28.583Z] I (2418156) RouteLoom: HIL LINK rx peer=2 type=32 cid=237340361 current=0 status=5 seq=939
[2026-09-26T11:06:30.898Z] I (2420471) RouteLoom: HIL LINK rx peer=2 type=40 cid=237340361 current=0 status=5 seq=491
[2026-09-26T11:06:30.901Z] I (2420475) RouteLoom: HIL PROBE tx peer=2 type=41 status=0
[2026-09-26T11:06:31.125Z] I (2420699) RouteLoom: HIL LINK tx peer=2 type=32 cid=487400799 seq=501
[2026-09-26T11:06:33.583Z] I (2423156) RouteLoom: HIL LINK rx peer=2 type=32 cid=237340361 current=0 status=5 seq=941
[2026-09-26T11:06:34.708Z] I (2424281) RouteLoom: HIL LINK rx peer=2 type=16 cid=237340361 current=0 status=5 seq=96
[2026-09-26T11:06:34.712Z] I (2424284) RouteLoomRef: message origin=1 session=249 sequence=96 bytes=9
[2026-09-26T11:06:34.718Z] I (2424288) RouteLoom: HIL LINK tx peer=2 type=17 cid=487400799 seq=96
[2026-09-26T11:06:34.726Z] I (2424299) RouteLoom: HIL LINK tx peer=2 type=18 cid=487400799 seq=96
[2026-09-26T11:06:34.746Z] I (2424319) RouteLoom: HIL LINK rx peer=2 type=17 cid=237340361 current=0 status=5 seq=96
[2026-09-26T11:06:36.125Z] I (2425699) RouteLoom: HIL LINK tx peer=2 type=32 cid=487400799 seq=502
[2026-09-26T11:06:38.585Z] I (2428157) RouteLoom: HIL LINK rx peer=2 type=32 cid=237340361 current=0 status=5 seq=943
[2026-09-26T11:06:40.902Z] I (2430475) RouteLoom: HIL PROBE tx peer=2 type=40 status=0
[2026-09-26T11:06:40.919Z] I (2430491) RouteLoom: HIL LINK rx peer=2 type=40 cid=237340361 current=0 status=5 seq=493
[2026-09-26T11:06:40.922Z] I (2430495) RouteLoom: HIL PROBE tx peer=2 type=41 status=0
[2026-09-26T11:06:41.126Z] I (2430698) RouteLoom: HIL LINK tx peer=2 type=32 cid=487400799 seq=503
[2026-09-26T11:06:43.626Z] I (2433158) RouteLoom: HIL LINK rx peer=2 type=32 cid=237340361 current=0 status=5 seq=945
[2026-09-26T11:06:46.126Z] I (2435698) RouteLoom: HIL LINK tx peer=2 type=32 cid=487400799 seq=504
[2026-09-26T11:06:48.586Z] I (2438158) RouteLoom: HIL LINK rx peer=2 type=32 cid=237340361 current=0 status=5 seq=947
[2026-09-26T11:06:50.921Z] I (2440494) RouteLoom: HIL PROBE tx peer=2 type=40 status=0
[2026-09-26T11:06:50.938Z] I (2440511) RouteLoom: HIL LINK rx peer=2 type=41 cid=237340361 current=0 status=5 seq=496
[2026-09-26T11:06:51.126Z] I (2440698) RouteLoom: HIL LINK tx peer=2 type=32 cid=487400799 seq=505
[2026-09-26T11:06:53.588Z] I (2443161) RouteLoom: HIL LINK rx peer=2 type=32 cid=237340361 current=0 status=5 seq=949
[2026-09-26T11:06:56.128Z] I (2445700) RouteLoom: HIL LINK tx peer=2 type=32 cid=487400799 seq=506
[2026-09-26T11:06:58.590Z] I (2448163) RouteLoom: HIL LINK rx peer=2 type=32 cid=237340361 current=0 status=5 seq=951
[2026-09-26T11:07:00.935Z] I (2450508) RouteLoom: HIL LINK rx peer=2 type=40 cid=237340361 current=0 status=5 seq=498
[2026-09-26T11:07:00.939Z] I (2450512) RouteLoom: HIL PROBE tx peer=2 type=41 status=0
[2026-09-26T11:07:01.130Z] I (2450702) RouteLoom: HIL LINK tx peer=2 type=32 cid=487400799 seq=507
[2026-09-26T11:07:03.591Z] I (2453163) RouteLoom: HIL LINK rx peer=2 type=32 cid=237340361 current=0 status=5 seq=953
[2026-09-26T11:07:04.709Z] I (2454281) RouteLoom: HIL LINK rx peer=2 type=16 cid=237340361 current=0 status=5 seq=97
[2026-09-26T11:07:04.712Z] I (2454284) RouteLoomRef: message origin=1 session=249 sequence=97 bytes=9
[2026-09-26T11:07:04.718Z] I (2454288) RouteLoom: HIL LINK tx peer=2 type=17 cid=487400799 seq=97
[2026-09-26T11:07:04.728Z] I (2454299) RouteLoom: HIL LINK tx peer=2 type=18 cid=487400799 seq=97
[2026-09-26T11:07:04.747Z] I (2454319) RouteLoom: HIL LINK rx peer=2 type=17 cid=237340361 current=0 status=5 seq=97
[2026-09-26T11:07:06.132Z] I (2455705) RouteLoom: HIL LINK tx peer=2 type=32 cid=487400799 seq=508
[2026-09-26T11:07:08.593Z] I (2458165) RouteLoom: HIL LINK rx peer=2 type=32 cid=237340361 current=0 status=5 seq=955
[2026-09-26T11:07:10.882Z] I (2460454) RouteLoom: stack hwm main 11096 B
[2026-09-26T11:07:10.882Z] I (2460454) RouteLoom: HIL HEAP free=22172 largest=19456 min=21408 B
[2026-09-26T11:07:10.894Z] I (2460455) RouteLoom: HIL DISCOVERY candidates=0 neighbors=1 capacity=0 auth=2 stale=0 probes=137 send_failures=6 kind_rejects=0
[2026-09-26T11:07:10.899Z] I (2460465) RouteLoom: HIL ROUTE peer=1 phase=-1 via=2 metric=2 generation=249 seq=1
[2026-09-26T11:07:10.909Z] I (2460472) RouteLoom: HIL ROUTE peer=2 phase=5 via=2 metric=1 generation=257 seq=1
[2026-09-26T11:07:10.939Z] I (2460512) RouteLoom: HIL PROBE tx peer=2 type=40 status=0
[2026-09-26T11:07:10.965Z] I (2460529) RouteLoom: HIL LINK rx peer=2 type=41 cid=237340361 current=0 status=5 seq=500
[2026-09-26T11:07:11.132Z] I (2460704) RouteLoom: HIL LINK tx peer=2 type=32 cid=487400799 seq=509
[2026-09-26T11:07:13.596Z] I (2463168) RouteLoom: HIL LINK rx peer=2 type=32 cid=237340361 current=0 status=5 seq=957
[2026-09-26T11:07:16.151Z] I (2465705) RouteLoom: HIL LINK tx peer=2 type=32 cid=487400799 seq=510
[2026-09-26T11:07:18.598Z] I (2468168) RouteLoom: HIL LINK rx peer=2 type=32 cid=237340361 current=0 status=5 seq=959
[2026-09-26T11:07:20.955Z] I (2470528) RouteLoom: HIL LINK rx peer=2 type=40 cid=237340361 current=0 status=5 seq=502
[2026-09-26T11:07:20.959Z] I (2470532) RouteLoom: HIL PROBE tx peer=2 type=41 status=0
[2026-09-26T11:07:21.146Z] I (2470705) RouteLoom: HIL LINK tx peer=2 type=32 cid=487400799 seq=511
[2026-09-26T11:07:23.598Z] I (2473171) RouteLoom: HIL LINK rx peer=2 type=32 cid=237340361 current=0 status=5 seq=961
[2026-09-26T11:07:26.135Z] I (2475707) RouteLoom: HIL LINK tx peer=2 type=32 cid=487400799 seq=512
[2026-09-26T11:07:28.600Z] I (2478173) RouteLoom: HIL LINK rx peer=2 type=32 cid=237340361 current=0 status=5 seq=963
[2026-09-26T11:07:30.959Z] I (2480532) RouteLoom: HIL PROBE tx peer=2 type=40 status=0
[2026-09-26T11:07:30.976Z] I (2480549) RouteLoom: HIL LINK rx peer=2 type=41 cid=237340361 current=0 status=5 seq=504
[2026-09-26T11:07:31.137Z] I (2480710) RouteLoom: HIL LINK tx peer=2 type=32 cid=487400799 seq=513
[2026-09-26T11:07:33.602Z] I (2483175) RouteLoom: HIL LINK rx peer=2 type=32 cid=237340361 current=0 status=5 seq=965
[2026-09-26T11:07:34.714Z] I (2484285) RouteLoom: HIL LINK rx peer=2 type=16 cid=237340361 current=0 status=5 seq=98
[2026-09-26T11:07:34.716Z] I (2484288) RouteLoomRef: message origin=1 session=249 sequence=98 bytes=9
[2026-09-26T11:07:34.722Z] I (2484292) RouteLoom: HIL LINK tx peer=2 type=17 cid=487400799 seq=98
[2026-09-26T11:07:34.731Z] I (2484303) RouteLoom: HIL LINK tx peer=2 type=18 cid=487400799 seq=98
[2026-09-26T11:07:34.751Z] I (2484323) RouteLoom: HIL LINK rx peer=2 type=17 cid=237340361 current=0 status=5 seq=98
[2026-09-26T11:07:36.139Z] I (2485712) RouteLoom: HIL LINK tx peer=2 type=32 cid=487400799 seq=514
[2026-09-26T11:07:38.603Z] I (2488176) RouteLoom: HIL LINK rx peer=2 type=32 cid=237340361 current=0 status=5 seq=967
[2026-09-26T11:07:40.976Z] I (2490548) RouteLoom: HIL LINK rx peer=2 type=40 cid=237340361 current=0 status=5 seq=506
[2026-09-26T11:07:40.979Z] I (2490552) RouteLoom: HIL PROBE tx peer=2 type=41 status=0
[2026-09-26T11:07:41.141Z] I (2490713) RouteLoom: HIL LINK tx peer=2 type=32 cid=487400799 seq=515
[2026-09-26T11:07:43.604Z] I (2493176) RouteLoom: HIL LINK rx peer=2 type=32 cid=237340361 current=0 status=5 seq=969
[2026-09-26T11:07:46.143Z] I (2495715) RouteLoom: HIL LINK tx peer=2 type=32 cid=487400799 seq=516
[2026-09-26T11:07:48.604Z] I (2498177) RouteLoom: HIL LINK rx peer=2 type=32 cid=237340361 current=0 status=5 seq=971
[2026-09-26T11:07:50.978Z] I (2500551) RouteLoom: HIL PROBE tx peer=2 type=40 status=0
[2026-09-26T11:07:50.997Z] I (2500569) RouteLoom: HIL LINK rx peer=2 type=41 cid=237340361 current=0 status=5 seq=508
[2026-09-26T11:07:51.143Z] I (2500715) RouteLoom: HIL LINK tx peer=2 type=32 cid=487400799 seq=517
[2026-09-26T11:07:53.605Z] I (2503177) RouteLoom: HIL LINK rx peer=2 type=32 cid=237340361 current=0 status=5 seq=973
[2026-09-26T11:07:56.144Z] I (2505716) RouteLoom: HIL LINK tx peer=2 type=32 cid=487400799 seq=518
[2026-09-26T11:07:58.607Z] I (2508179) RouteLoom: HIL LINK rx peer=2 type=32 cid=237340361 current=0 status=5 seq=975
[2026-09-26T11:08:00.996Z] I (2510568) RouteLoom: HIL LINK rx peer=2 type=40 cid=237340361 current=0 status=5 seq=510
[2026-09-26T11:08:01.000Z] I (2510572) RouteLoom: HIL PROBE tx peer=2 type=41 status=0
[2026-09-26T11:08:01.146Z] I (2510718) RouteLoom: HIL LINK tx peer=2 type=32 cid=487400799 seq=519
[2026-09-26T11:08:03.609Z] I (2513181) RouteLoom: HIL LINK rx peer=2 type=32 cid=237340361 current=0 status=5 seq=977
[2026-09-26T11:08:04.709Z] I (2514281) RouteLoom: HIL LINK rx peer=2 type=16 cid=237340361 current=0 status=5 seq=99
[2026-09-26T11:08:04.712Z] I (2514284) RouteLoomRef: message origin=1 session=249 sequence=99 bytes=9
[2026-09-26T11:08:04.718Z] I (2514287) RouteLoom: HIL LINK tx peer=2 type=17 cid=487400799 seq=99
[2026-09-26T11:08:04.726Z] I (2514299) RouteLoom: HIL LINK tx peer=2 type=18 cid=487400799 seq=99
[2026-09-26T11:08:04.746Z] I (2514318) RouteLoom: HIL LINK rx peer=2 type=17 cid=237340361 current=0 status=5 seq=99
[2026-09-26T11:08:06.146Z] I (2515719) RouteLoom: HIL LINK tx peer=2 type=32 cid=487400799 seq=520
[2026-09-26T11:08:08.611Z] I (2518183) RouteLoom: HIL LINK rx peer=2 type=32 cid=237340361 current=0 status=5 seq=979
[2026-09-26T11:08:10.884Z] I (2520456) RouteLoom: stack hwm main 11096 B
[2026-09-26T11:08:10.884Z] I (2520456) RouteLoom: HIL HEAP free=22172 largest=19456 min=21408 B
[2026-09-26T11:08:10.894Z] I (2520457) RouteLoom: HIL DISCOVERY candidates=0 neighbors=1 capacity=0 auth=2 stale=0 probes=140 send_failures=6 kind_rejects=0
[2026-09-26T11:08:10.902Z] I (2520467) RouteLoom: HIL ROUTE peer=1 phase=-1 via=2 metric=2 generation=249 seq=1
[2026-09-26T11:08:10.909Z] I (2520474) RouteLoom: HIL ROUTE peer=2 phase=5 via=2 metric=1 generation=257 seq=1
[2026-09-26T11:08:10.998Z] I (2520571) RouteLoom: HIL PROBE tx peer=2 type=40 status=0
[2026-09-26T11:08:11.017Z] I (2520589) RouteLoom: HIL LINK rx peer=2 type=41 cid=237340361 current=0 status=5 seq=512
[2026-09-26T11:08:11.148Z] I (2520721) RouteLoom: HIL LINK tx peer=2 type=32 cid=487400799 seq=521
[2026-09-26T11:08:13.613Z] I (2523185) RouteLoom: HIL LINK rx peer=2 type=32 cid=237340361 current=0 status=5 seq=981
[2026-09-26T11:08:16.149Z] I (2525721) RouteLoom: HIL LINK tx peer=2 type=32 cid=487400799 seq=522
[2026-09-26T11:08:18.614Z] I (2528186) RouteLoom: HIL LINK rx peer=2 type=32 cid=237340361 current=0 status=5 seq=983
[2026-09-26T11:08:21.017Z] I (2530589) RouteLoom: HIL LINK rx peer=2 type=40 cid=237340361 current=0 status=5 seq=514
[2026-09-26T11:08:21.021Z] I (2530593) RouteLoom: HIL PROBE tx peer=2 type=41 status=0
[2026-09-26T11:08:21.149Z] I (2530721) RouteLoom: HIL LINK tx peer=2 type=32 cid=487400799 seq=523
[2026-09-26T11:08:23.620Z] I (2533192) RouteLoom: HIL LINK rx peer=2 type=32 cid=237340361 current=0 status=5 seq=985
[2026-09-26T11:08:26.151Z] I (2535722) RouteLoom: HIL LINK tx peer=2 type=32 cid=487400799 seq=524
[2026-09-26T11:08:28.619Z] I (2538191) RouteLoom: HIL LINK rx peer=2 type=32 cid=237340361 current=0 status=5 seq=987
[2026-09-26T11:08:31.020Z] I (2540592) RouteLoom: HIL PROBE tx peer=2 type=40 status=0
[2026-09-26T11:08:31.037Z] I (2540609) RouteLoom: HIL LINK rx peer=2 type=41 cid=237340361 current=0 status=5 seq=516
[2026-09-26T11:08:31.153Z] I (2540724) RouteLoom: HIL LINK tx peer=2 type=32 cid=487400799 seq=525
[2026-09-26T11:08:33.621Z] I (2543193) RouteLoom: HIL LINK rx peer=2 type=32 cid=237340361 current=0 status=5 seq=989
[2026-09-26T11:08:34.708Z] I (2544279) RouteLoom: HIL LINK rx peer=2 type=16 cid=237340361 current=0 status=5 seq=100
[2026-09-26T11:08:34.711Z] I (2544283) RouteLoomRef: message origin=1 session=249 sequence=100 bytes=9
[2026-09-26T11:08:34.717Z] I (2544287) RouteLoom: HIL LINK tx peer=2 type=17 cid=487400799 seq=100
[2026-09-26T11:08:34.726Z] I (2544298) RouteLoom: HIL LINK tx peer=2 type=18 cid=487400799 seq=100
[2026-09-26T11:08:34.746Z] I (2544318) RouteLoom: HIL LINK rx peer=2 type=17 cid=237340361 current=0 status=5 seq=100
[2026-09-26T11:08:36.155Z] I (2545727) RouteLoom: HIL LINK tx peer=2 type=32 cid=487400799 seq=526
[2026-09-26T11:08:38.622Z] I (2548194) RouteLoom: HIL LINK rx peer=2 type=32 cid=237340361 current=0 status=5 seq=991
[2026-09-26T11:08:41.038Z] I (2550609) RouteLoom: HIL LINK rx peer=2 type=40 cid=237340361 current=0 status=5 seq=518
[2026-09-26T11:08:41.041Z] I (2550613) RouteLoom: HIL PROBE tx peer=2 type=41 status=0
[2026-09-26T11:08:41.155Z] I (2550726) RouteLoom: HIL LINK tx peer=2 type=32 cid=487400799 seq=527
[2026-09-26T11:08:43.625Z] I (2553197) RouteLoom: HIL LINK rx peer=2 type=32 cid=237340361 current=0 status=5 seq=993
[2026-09-26T11:08:46.156Z] I (2555727) RouteLoom: HIL LINK tx peer=2 type=32 cid=487400799 seq=528
[2026-09-26T11:08:48.627Z] I (2558198) RouteLoom: HIL LINK rx peer=2 type=32 cid=237340361 current=0 status=5 seq=995
[2026-09-26T11:08:51.039Z] I (2560611) RouteLoom: HIL PROBE tx peer=2 type=40 status=0
[2026-09-26T11:08:51.056Z] I (2560628) RouteLoom: HIL LINK rx peer=2 type=41 cid=237340361 current=0 status=5 seq=520
[2026-09-26T11:08:51.157Z] I (2560729) RouteLoom: HIL LINK tx peer=2 type=32 cid=487400799 seq=529
[2026-09-26T11:08:53.630Z] I (2563201) RouteLoom: HIL LINK rx peer=2 type=32 cid=237340361 current=0 status=5 seq=997
[2026-09-26T11:08:56.158Z] I (2565729) RouteLoom: HIL LINK tx peer=2 type=32 cid=487400799 seq=530
[2026-09-26T11:08:58.631Z] I (2568202) RouteLoom: HIL LINK rx peer=2 type=32 cid=237340361 current=0 status=5 seq=999
[2026-09-26T11:09:01.056Z] I (2570627) RouteLoom: HIL LINK rx peer=2 type=40 cid=237340361 current=0 status=5 seq=522
[2026-09-26T11:09:01.059Z] I (2570631) RouteLoom: HIL PROBE tx peer=2 type=41 status=0
[2026-09-26T11:09:01.158Z] I (2570729) RouteLoom: HIL LINK tx peer=2 type=32 cid=487400799 seq=531
[2026-09-26T11:09:03.632Z] I (2573203) RouteLoom: HIL LINK rx peer=2 type=32 cid=237340361 current=0 status=5 seq=1001
[2026-09-26T11:09:04.713Z] I (2574284) RouteLoom: HIL LINK rx peer=2 type=16 cid=237340361 current=0 status=5 seq=101
[2026-09-26T11:09:04.716Z] I (2574287) RouteLoomRef: message origin=1 session=249 sequence=101 bytes=9
[2026-09-26T11:09:04.723Z] I (2574291) RouteLoom: HIL LINK tx peer=2 type=17 cid=487400799 seq=101
[2026-09-26T11:09:04.732Z] I (2574303) RouteLoom: HIL LINK tx peer=2 type=18 cid=487400799 seq=101
[2026-09-26T11:09:04.751Z] I (2574322) RouteLoom: HIL LINK rx peer=2 type=17 cid=237340361 current=0 status=5 seq=101
[2026-09-26T11:09:06.160Z] I (2575732) RouteLoom: HIL LINK tx peer=2 type=32 cid=487400799 seq=532
[2026-09-26T11:09:08.636Z] I (2578207) RouteLoom: HIL LINK rx peer=2 type=32 cid=237340361 current=0 status=5 seq=1003
[2026-09-26T11:09:10.886Z] I (2580457) RouteLoom: stack hwm main 11096 B
[2026-09-26T11:09:10.886Z] I (2580457) RouteLoom: HIL HEAP free=22172 largest=19456 min=21408 B
[2026-09-26T11:09:10.896Z] I (2580458) RouteLoom: HIL DISCOVERY candidates=0 neighbors=1 capacity=0 auth=2 stale=0 probes=143 send_failures=6 kind_rejects=0
[2026-09-26T11:09:10.903Z] I (2580468) RouteLoom: HIL ROUTE peer=1 phase=-1 via=2 metric=2 generation=249 seq=1
[2026-09-26T11:09:10.911Z] I (2580475) RouteLoom: HIL ROUTE peer=2 phase=5 via=2 metric=1 generation=257 seq=1
[2026-09-26T11:09:11.057Z] I (2580629) RouteLoom: HIL PROBE tx peer=2 type=40 status=0
[2026-09-26T11:09:11.074Z] I (2580646) RouteLoom: HIL LINK rx peer=2 type=41 cid=237340361 current=0 status=5 seq=524
[2026-09-26T11:09:11.160Z] I (2580731) RouteLoom: HIL LINK tx peer=2 type=32 cid=487400799 seq=533
[2026-09-26T11:09:13.636Z] I (2583207) RouteLoom: HIL LINK rx peer=2 type=32 cid=237340361 current=0 status=5 seq=1005
[2026-09-26T11:09:16.161Z] I (2585732) RouteLoom: HIL LINK tx peer=2 type=32 cid=487400799 seq=534
[2026-09-26T11:09:18.637Z] I (2588208) RouteLoom: HIL LINK rx peer=2 type=32 cid=237340361 current=0 status=5 seq=1007
[2026-09-26T11:09:21.074Z] I (2590645) RouteLoom: HIL LINK rx peer=2 type=40 cid=237340361 current=0 status=5 seq=526
[2026-09-26T11:09:21.081Z] I (2590649) RouteLoom: HIL PROBE tx peer=2 type=41 status=0
[2026-09-26T11:09:21.161Z] I (2590732) RouteLoom: HIL LINK tx peer=2 type=32 cid=487400799 seq=535
[2026-09-26T11:09:23.638Z] I (2593209) RouteLoom: HIL LINK rx peer=2 type=32 cid=237340361 current=0 status=5 seq=1009
[2026-09-26T11:09:26.163Z] I (2595734) RouteLoom: HIL LINK tx peer=2 type=32 cid=487400799 seq=536
[2026-09-26T11:09:28.642Z] I (2598210) RouteLoom: HIL LINK rx peer=2 type=32 cid=237340361 current=0 status=5 seq=1011
[2026-09-26T11:09:31.076Z] I (2600648) RouteLoom: HIL PROBE tx peer=2 type=40 status=0
[2026-09-26T11:09:31.093Z] I (2600665) RouteLoom: HIL LINK rx peer=2 type=41 cid=237340361 current=0 status=5 seq=528
[2026-09-26T11:09:31.164Z] I (2600736) RouteLoom: HIL LINK tx peer=2 type=32 cid=487400799 seq=537
[2026-09-26T11:09:33.638Z] I (2603209) RouteLoom: HIL LINK rx peer=2 type=32 cid=237340361 current=0 status=5 seq=1013
[2026-09-26T11:09:34.711Z] I (2604282) RouteLoom: HIL LINK rx peer=2 type=16 cid=237340361 current=0 status=5 seq=102
[2026-09-26T11:09:34.714Z] I (2604285) RouteLoomRef: message origin=1 session=249 sequence=102 bytes=9
[2026-09-26T11:09:34.720Z] I (2604289) RouteLoom: HIL LINK tx peer=2 type=17 cid=487400799 seq=102
[2026-09-26T11:09:34.729Z] I (2604300) RouteLoom: HIL LINK tx peer=2 type=18 cid=487400799 seq=102
[2026-09-26T11:09:34.748Z] I (2604320) RouteLoom: HIL LINK rx peer=2 type=17 cid=237340361 current=0 status=5 seq=102
[2026-09-26T11:09:36.166Z] I (2605738) RouteLoom: HIL LINK tx peer=2 type=32 cid=487400799 seq=538
[2026-09-26T11:09:38.640Z] I (2608211) RouteLoom: HIL LINK rx peer=2 type=32 cid=237340361 current=0 status=5 seq=1015
[2026-09-26T11:09:41.093Z] I (2610665) RouteLoom: HIL LINK rx peer=2 type=40 cid=237340361 current=0 status=5 seq=530
[2026-09-26T11:09:41.097Z] I (2610668) RouteLoom: HIL PROBE tx peer=2 type=41 status=0
[2026-09-26T11:09:41.168Z] I (2610739) RouteLoom: HIL LINK tx peer=2 type=32 cid=487400799 seq=539
[2026-09-26T11:09:43.641Z] I (2613212) RouteLoom: HIL LINK rx peer=2 type=32 cid=237340361 current=0 status=5 seq=1017
[2026-09-26T11:09:46.169Z] I (2615740) RouteLoom: HIL LINK tx peer=2 type=32 cid=487400799 seq=540
[2026-09-26T11:09:48.641Z] I (2618212) RouteLoom: HIL LINK rx peer=2 type=32 cid=237340361 current=0 status=5 seq=1019
[2026-09-26T11:09:51.096Z] I (2620667) RouteLoom: HIL PROBE tx peer=2 type=40 status=0
[2026-09-26T11:09:51.113Z] I (2620684) RouteLoom: HIL LINK rx peer=2 type=41 cid=237340361 current=0 status=5 seq=532
[2026-09-26T11:09:51.171Z] I (2620743) RouteLoom: HIL LINK tx peer=2 type=32 cid=487400799 seq=541
[2026-09-26T11:09:53.642Z] I (2623213) RouteLoom: HIL LINK rx peer=2 type=32 cid=237340361 current=0 status=5 seq=1021
[2026-09-26T11:09:56.173Z] I (2625744) RouteLoom: HIL LINK tx peer=2 type=32 cid=487400799 seq=542
[2026-09-26T11:09:58.644Z] I (2628215) RouteLoom: HIL LINK rx peer=2 type=32 cid=237340361 current=0 status=5 seq=1023
[2026-09-26T11:10:01.113Z] I (2630684) RouteLoom: HIL LINK rx peer=2 type=40 cid=237340361 current=0 status=5 seq=534
[2026-09-26T11:10:01.116Z] I (2630688) RouteLoom: HIL PROBE tx peer=2 type=41 status=0
[2026-09-26T11:10:01.173Z] I (2630745) RouteLoom: HIL LINK tx peer=2 type=32 cid=487400799 seq=543
[2026-09-26T11:10:03.647Z] I (2633218) RouteLoom: HIL LINK rx peer=2 type=32 cid=237340361 current=0 status=5 seq=1025
[2026-09-26T11:10:04.708Z] I (2634279) RouteLoom: HIL LINK rx peer=2 type=16 cid=237340361 current=0 status=5 seq=103
[2026-09-26T11:10:04.712Z] I (2634282) RouteLoomRef: message origin=1 session=249 sequence=103 bytes=9
[2026-09-26T11:10:04.718Z] I (2634286) RouteLoom: HIL LINK tx peer=2 type=17 cid=487400799 seq=103
[2026-09-26T11:10:04.726Z] I (2634297) RouteLoom: HIL LINK tx peer=2 type=18 cid=487400799 seq=103
[2026-09-26T11:10:04.748Z] I (2634319) RouteLoom: HIL LINK rx peer=2 type=17 cid=237340361 current=0 status=5 seq=103
[2026-09-26T11:10:06.176Z] I (2635747) RouteLoom: HIL LINK tx peer=2 type=32 cid=487400799 seq=544
[2026-09-26T11:10:08.650Z] I (2638220) RouteLoom: HIL LINK rx peer=2 type=32 cid=237340361 current=0 status=5 seq=1027
[2026-09-26T11:10:10.887Z] I (2640458) RouteLoom: stack hwm main 11096 B
[2026-09-26T11:10:10.887Z] I (2640458) RouteLoom: HIL HEAP free=22172 largest=19456 min=21408 B
[2026-09-26T11:10:10.897Z] I (2640459) RouteLoom: HIL DISCOVERY candidates=0 neighbors=1 capacity=0 auth=2 stale=0 probes=146 send_failures=6 kind_rejects=0
[2026-09-26T11:10:10.905Z] I (2640469) RouteLoom: HIL ROUTE peer=1 phase=-1 via=2 metric=2 generation=249 seq=1
[2026-09-26T11:10:10.913Z] I (2640476) RouteLoom: HIL ROUTE peer=2 phase=5 via=2 metric=1 generation=257 seq=1
[2026-09-26T11:10:11.117Z] I (2640687) RouteLoom: HIL PROBE tx peer=2 type=40 status=0
[2026-09-26T11:10:11.134Z] I (2640705) RouteLoom: HIL LINK rx peer=2 type=41 cid=237340361 current=0 status=5 seq=536
[2026-09-26T11:10:11.176Z] I (2640747) RouteLoom: HIL LINK tx peer=2 type=32 cid=487400799 seq=545
[2026-09-26T11:10:13.654Z] I (2643224) RouteLoom: HIL LINK rx peer=2 type=32 cid=237340361 current=0 status=5 seq=1029
[2026-09-26T11:10:16.176Z] I (2645747) RouteLoom: HIL LINK tx peer=2 type=32 cid=487400799 seq=546
[2026-09-26T11:10:18.654Z] I (2648225) RouteLoom: HIL LINK rx peer=2 type=32 cid=237340361 current=0 status=5 seq=1031
[2026-09-26T11:10:21.131Z] I (2650702) RouteLoom: HIL LINK rx peer=2 type=40 cid=237340361 current=0 status=5 seq=538
[2026-09-26T11:10:21.135Z] I (2650706) RouteLoom: HIL PROBE tx peer=2 type=41 status=0
[2026-09-26T11:10:21.176Z] I (2650747) RouteLoom: HIL LINK tx peer=2 type=32 cid=487400799 seq=547
[2026-09-26T11:10:23.657Z] I (2653228) RouteLoom: HIL LINK rx peer=2 type=32 cid=237340361 current=0 status=5 seq=1033
[2026-09-26T11:10:26.176Z] I (2655747) RouteLoom: HIL LINK tx peer=2 type=32 cid=487400799 seq=548
[2026-09-26T11:10:28.657Z] I (2658228) RouteLoom: HIL LINK rx peer=2 type=32 cid=237340361 current=0 status=5 seq=1035
[2026-09-26T11:10:31.133Z] I (2660704) RouteLoom: HIL PROBE tx peer=2 type=40 status=0
[2026-09-26T11:10:31.150Z] I (2660721) RouteLoom: HIL LINK rx peer=2 type=41 cid=237340361 current=0 status=5 seq=540
[2026-09-26T11:10:31.176Z] I (2660747) RouteLoom: HIL LINK tx peer=2 type=32 cid=487400799 seq=549
[2026-09-26T11:10:33.659Z] I (2663230) RouteLoom: HIL LINK rx peer=2 type=32 cid=237340361 current=0 status=5 seq=1037
[2026-09-26T11:10:34.707Z] I (2664277) RouteLoom: HIL LINK rx peer=2 type=16 cid=237340361 current=0 status=5 seq=104
[2026-09-26T11:10:34.710Z] I (2664280) RouteLoomRef: message origin=1 session=249 sequence=104 bytes=9
[2026-09-26T11:10:34.716Z] I (2664284) RouteLoom: HIL LINK tx peer=2 type=17 cid=487400799 seq=104
[2026-09-26T11:10:34.725Z] I (2664295) RouteLoom: HIL LINK tx peer=2 type=18 cid=487400799 seq=104
[2026-09-26T11:10:34.744Z] I (2664315) RouteLoom: HIL LINK rx peer=2 type=17 cid=237340361 current=0 status=5 seq=104
[2026-09-26T11:10:36.178Z] I (2665749) RouteLoom: HIL LINK tx peer=2 type=32 cid=487400799 seq=550
[2026-09-26T11:10:38.661Z] I (2668232) RouteLoom: HIL LINK rx peer=2 type=32 cid=237340361 current=0 status=5 seq=1039
[2026-09-26T11:10:41.148Z] I (2670718) RouteLoom: HIL LINK rx peer=2 type=40 cid=237340361 current=0 status=5 seq=542
[2026-09-26T11:10:41.152Z] I (2670722) RouteLoom: HIL PROBE tx peer=2 type=41 status=0
[2026-09-26T11:10:41.180Z] I (2670751) RouteLoom: HIL LINK tx peer=2 type=32 cid=487400799 seq=551
[2026-09-26T11:10:43.663Z] I (2673234) RouteLoom: HIL LINK rx peer=2 type=32 cid=237340361 current=0 status=5 seq=1041
[2026-09-26T11:10:46.182Z] I (2675753) RouteLoom: HIL LINK tx peer=2 type=32 cid=487400799 seq=552
[2026-09-26T11:10:48.664Z] I (2678234) RouteLoom: HIL LINK rx peer=2 type=32 cid=237340361 current=0 status=5 seq=1043
[2026-09-26T11:10:51.153Z] I (2680720) RouteLoom: HIL PROBE tx peer=2 type=40 status=0
[2026-09-26T11:10:51.172Z] I (2680743) RouteLoom: HIL LINK rx peer=2 type=41 cid=237340361 current=0 status=5 seq=544
[2026-09-26T11:10:51.183Z] I (2680754) RouteLoom: HIL LINK tx peer=2 type=32 cid=487400799 seq=553
[2026-09-26T11:10:53.666Z] I (2683237) RouteLoom: HIL LINK rx peer=2 type=32 cid=237340361 current=0 status=5 seq=1045
[2026-09-26T11:10:56.185Z] I (2685756) RouteLoom: HIL LINK tx peer=2 type=32 cid=487400799 seq=554
[2026-09-26T11:10:58.667Z] I (2688237) RouteLoom: HIL LINK rx peer=2 type=32 cid=237340361 current=0 status=5 seq=1047
[2026-09-26T11:11:01.167Z] I (2690737) RouteLoom: HIL LINK rx peer=2 type=40 cid=237340361 current=0 status=5 seq=546
[2026-09-26T11:11:01.171Z] I (2690741) RouteLoom: HIL PROBE tx peer=2 type=41 status=0
[2026-09-26T11:11:01.187Z] I (2690757) RouteLoom: HIL LINK tx peer=2 type=32 cid=487400799 seq=555
[2026-09-26T11:11:03.673Z] I (2693243) RouteLoom: HIL LINK rx peer=2 type=32 cid=237340361 current=0 status=5 seq=1049
[2026-09-26T11:11:04.735Z] I (2694305) RouteLoom: HIL LINK rx peer=2 type=16 cid=237340361 current=0 status=5 seq=105
[2026-09-26T11:11:04.742Z] I (2694308) RouteLoomRef: message origin=1 session=249 sequence=105 bytes=9
[2026-09-26T11:11:04.746Z] I (2694312) RouteLoom: HIL LINK tx peer=2 type=17 cid=487400799 seq=105
[2026-09-26T11:11:04.753Z] I (2694323) RouteLoom: HIL LINK tx peer=2 type=18 cid=487400799 seq=105
[2026-09-26T11:11:04.776Z] I (2694343) RouteLoom: HIL LINK rx peer=2 type=17 cid=237340361 current=0 status=5 seq=105
[2026-09-26T11:11:06.208Z] I (2695758) RouteLoom: HIL LINK tx peer=2 type=32 cid=487400799 seq=556
[2026-09-26T11:11:08.670Z] I (2698241) RouteLoom: HIL LINK rx peer=2 type=32 cid=237340361 current=0 status=5 seq=1051
[2026-09-26T11:11:10.890Z] I (2700460) RouteLoom: stack hwm main 11096 B
[2026-09-26T11:11:10.890Z] I (2700460) RouteLoom: HIL HEAP free=22172 largest=19456 min=21408 B
[2026-09-26T11:11:10.900Z] I (2700461) RouteLoom: HIL DISCOVERY candidates=0 neighbors=1 capacity=0 auth=2 stale=0 probes=149 send_failures=6 kind_rejects=0
[2026-09-26T11:11:10.908Z] I (2700471) RouteLoom: HIL ROUTE peer=1 phase=-1 via=2 metric=2 generation=249 seq=1
[2026-09-26T11:11:10.915Z] I (2700478) RouteLoom: HIL ROUTE peer=2 phase=5 via=2 metric=1 generation=257 seq=1
[2026-09-26T11:11:11.171Z] I (2700740) RouteLoom: HIL PROBE tx peer=2 type=40 status=0
[2026-09-26T11:11:11.190Z] I (2700760) RouteLoom: HIL LINK tx peer=2 type=32 cid=487400799 seq=557
[2026-09-26T11:11:11.193Z] I (2700761) RouteLoom: HIL LINK rx peer=2 type=41 cid=237340361 current=0 status=5 seq=548
[2026-09-26T11:11:13.673Z] I (2703241) RouteLoom: HIL LINK rx peer=2 type=32 cid=237340361 current=0 status=5 seq=1053
[2026-09-26T11:11:16.189Z] I (2705759) RouteLoom: HIL LINK tx peer=2 type=32 cid=487400799 seq=558
[2026-09-26T11:11:18.674Z] I (2708242) RouteLoom: HIL LINK rx peer=2 type=32 cid=237340361 current=0 status=5 seq=1055
[2026-09-26T11:11:21.189Z] I (2710758) RouteLoom: HIL LINK rx peer=2 type=40 cid=237340361 current=0 status=5 seq=550
[2026-09-26T11:11:21.193Z] I (2710762) RouteLoom: HIL PROBE tx peer=2 type=41 status=0
[2026-09-26T11:11:21.201Z] I (2710771) RouteLoom: HIL LINK tx peer=2 type=32 cid=487400799 seq=559
[2026-09-26T11:11:23.673Z] I (2713242) RouteLoom: HIL LINK rx peer=2 type=32 cid=237340361 current=0 status=5 seq=1057
[2026-09-26T11:11:26.191Z] I (2715760) RouteLoom: HIL LINK tx peer=2 type=32 cid=487400799 seq=560
[2026-09-26T11:11:28.678Z] I (2718244) RouteLoom: HIL LINK rx peer=2 type=32 cid=237340361 current=0 status=5 seq=1059
[2026-09-26T11:11:31.192Z] I (2720762) RouteLoom: HIL PROBE tx peer=2 type=40 status=0
[2026-09-26T11:11:31.201Z] I (2720771) RouteLoom: HIL LINK tx peer=2 type=32 cid=487400799 seq=561
[2026-09-26T11:11:31.217Z] I (2720786) RouteLoom: HIL LINK rx peer=2 type=41 cid=237340361 current=0 status=5 seq=552
[2026-09-26T11:11:33.685Z] I (2723245) RouteLoom: HIL LINK rx peer=2 type=32 cid=237340361 current=0 status=5 seq=1061
[2026-09-26T11:11:35.126Z] I (2724694) RouteLoom: HIL LINK rx peer=2 type=16 cid=237340361 current=0 status=5 seq=106
[2026-09-26T11:11:35.128Z] I (2724697) RouteLoomRef: message origin=1 session=249 sequence=106 bytes=9
[2026-09-26T11:11:35.136Z] I (2724701) RouteLoom: HIL LINK tx peer=2 type=17 cid=487400799 seq=106
[2026-09-26T11:11:35.142Z] I (2724712) RouteLoom: HIL LINK tx peer=2 type=18 cid=487400799 seq=106
[2026-09-26T11:11:35.162Z] I (2724732) RouteLoom: HIL LINK rx peer=2 type=17 cid=237340361 current=0 status=5 seq=106
[2026-09-26T11:11:36.194Z] I (2725763) RouteLoom: HIL LINK tx peer=2 type=32 cid=487400799 seq=562
[2026-09-26T11:11:38.678Z] I (2728245) RouteLoom: HIL LINK rx peer=2 type=32 cid=237340361 current=0 status=5 seq=1063
[2026-09-26T11:11:41.196Z] I (2730764) RouteLoom: HIL LINK tx peer=2 type=32 cid=487400799 seq=563
[2026-09-26T11:11:41.209Z] I (2730779) RouteLoom: HIL LINK rx peer=2 type=40 cid=237340361 current=0 status=5 seq=554
[2026-09-26T11:11:41.213Z] I (2730783) RouteLoom: HIL PROBE tx peer=2 type=41 status=0
[2026-09-26T11:11:43.721Z] I (2733245) RouteLoom: HIL LINK rx peer=2 type=32 cid=237340361 current=0 status=5 seq=1065
[2026-09-26T11:11:46.198Z] I (2735763) RouteLoom: HIL LINK tx peer=2 type=32 cid=487400799 seq=564
[2026-09-26T11:11:48.676Z] I (2738246) RouteLoom: HIL LINK rx peer=2 type=32 cid=237340361 current=0 status=5 seq=1067
[2026-09-26T11:11:51.195Z] I (2740764) RouteLoom: HIL LINK tx peer=2 type=32 cid=487400799 seq=565
[2026-09-26T11:11:51.212Z] I (2740781) RouteLoom: HIL PROBE tx peer=2 type=40 status=0
[2026-09-26T11:11:51.228Z] I (2740798) RouteLoom: HIL LINK rx peer=2 type=41 cid=237340361 current=0 status=5 seq=556
[2026-09-26T11:11:53.680Z] I (2743249) RouteLoom: HIL LINK rx peer=2 type=32 cid=237340361 current=0 status=5 seq=1069
[2026-09-26T11:11:56.196Z] I (2745765) RouteLoom: HIL LINK tx peer=2 type=32 cid=487400799 seq=566
[2026-09-26T11:11:58.683Z] I (2748252) RouteLoom: HIL LINK rx peer=2 type=32 cid=237340361 current=0 status=5 seq=1071
[2026-09-26T11:12:01.196Z] I (2750765) RouteLoom: HIL LINK tx peer=2 type=32 cid=487400799 seq=567
[2026-09-26T11:12:01.226Z] I (2750796) RouteLoom: HIL LINK rx peer=2 type=40 cid=237340361 current=0 status=5 seq=558
[2026-09-26T11:12:01.230Z] I (2750800) RouteLoom: HIL PROBE tx peer=2 type=41 status=0
[2026-09-26T11:12:03.686Z] I (2753252) RouteLoom: HIL LINK rx peer=2 type=32 cid=237340361 current=0 status=5 seq=1073
[2026-09-26T11:12:04.740Z] I (2754310) RouteLoom: HIL LINK rx peer=2 type=16 cid=237340361 current=0 status=5 seq=107
[2026-09-26T11:12:04.743Z] I (2754313) RouteLoomRef: message origin=1 session=249 sequence=107 bytes=9
[2026-09-26T11:12:04.750Z] I (2754317) RouteLoom: HIL LINK tx peer=2 type=17 cid=487400799 seq=107
[2026-09-26T11:12:04.759Z] I (2754329) RouteLoom: HIL LINK tx peer=2 type=18 cid=487400799 seq=107
[2026-09-26T11:12:04.780Z] I (2754350) RouteLoom: HIL LINK rx peer=2 type=17 cid=237340361 current=0 status=5 seq=107
[2026-09-26T11:12:06.199Z] I (2755767) RouteLoom: HIL LINK tx peer=2 type=32 cid=487400799 seq=568
[2026-09-26T11:12:08.683Z] I (2758253) RouteLoom: HIL LINK rx peer=2 type=32 cid=237340361 current=0 status=5 seq=1075
[2026-09-26T11:12:10.890Z] I (2760460) RouteLoom: stack hwm main 11096 B
[2026-09-26T11:12:10.890Z] I (2760460) RouteLoom: HIL HEAP free=22172 largest=19456 min=21408 B
[2026-09-26T11:12:10.900Z] I (2760461) RouteLoom: HIL DISCOVERY candidates=0 neighbors=1 capacity=0 auth=2 stale=0 probes=152 send_failures=6 kind_rejects=0
[2026-09-26T11:12:10.908Z] I (2760471) RouteLoom: HIL ROUTE peer=1 phase=-1 via=2 metric=2 generation=249 seq=1
[2026-09-26T11:12:10.916Z] I (2760478) RouteLoom: HIL ROUTE peer=2 phase=5 via=2 metric=1 generation=257 seq=1
[2026-09-26T11:12:11.287Z] I (2760767) RouteLoom: HIL LINK tx peer=2 type=32 cid=487400799 seq=569
[2026-09-26T11:12:11.288Z] I (2760799) RouteLoom: HIL PROBE tx peer=2 type=40 status=0
[2026-09-26T11:12:11.288Z] I (2760817) RouteLoom: HIL LINK rx peer=2 type=41 cid=237340361 current=0 status=5 seq=560
[2026-09-26T11:12:13.686Z] I (2763256) RouteLoom: HIL LINK rx peer=2 type=32 cid=237340361 current=0 status=5 seq=1077
[2026-09-26T11:12:16.204Z] I (2765768) RouteLoom: HIL LINK tx peer=2 type=32 cid=487400799 seq=570
[2026-09-26T11:12:18.689Z] I (2768258) RouteLoom: HIL LINK rx peer=2 type=32 cid=237340361 current=0 status=5 seq=1079
[2026-09-26T11:12:21.201Z] I (2770770) RouteLoom: HIL LINK tx peer=2 type=32 cid=487400799 seq=571
[2026-09-26T11:12:21.247Z] I (2770816) RouteLoom: HIL LINK rx peer=2 type=40 cid=237340361 current=0 status=5 seq=562
[2026-09-26T11:12:21.251Z] I (2770820) RouteLoom: HIL PROBE tx peer=2 type=41 status=0
[2026-09-26T11:12:23.693Z] I (2773261) RouteLoom: HIL LINK rx peer=2 type=32 cid=237340361 current=0 status=5 seq=1081
[2026-09-26T11:12:26.201Z] I (2775770) RouteLoom: HIL LINK tx peer=2 type=32 cid=487400799 seq=572
[2026-09-26T11:12:28.695Z] I (2778263) RouteLoom: HIL LINK rx peer=2 type=32 cid=237340361 current=0 status=5 seq=1083
[2026-09-26T11:12:31.206Z] I (2780772) RouteLoom: HIL LINK tx peer=2 type=32 cid=487400799 seq=573
[2026-09-26T11:12:31.251Z] I (2780819) RouteLoom: HIL PROBE tx peer=2 type=40 status=0
[2026-09-26T11:12:31.269Z] I (2780836) RouteLoom: HIL LINK rx peer=2 type=41 cid=237340361 current=0 status=5 seq=564
[2026-09-26T11:12:33.694Z] I (2783263) RouteLoom: HIL LINK rx peer=2 type=32 cid=237340361 current=0 status=5 seq=1085
[2026-09-26T11:12:34.707Z] I (2784277) RouteLoom: HIL LINK rx peer=2 type=16 cid=237340361 current=0 status=5 seq=108
[2026-09-26T11:12:34.710Z] I (2784280) RouteLoomRef: message origin=1 session=249 sequence=108 bytes=9
[2026-09-26T11:12:34.717Z] I (2784284) RouteLoom: HIL LINK tx peer=2 type=17 cid=487400799 seq=108
[2026-09-26T11:12:34.725Z] I (2784295) RouteLoom: HIL LINK tx peer=2 type=18 cid=487400799 seq=108
[2026-09-26T11:12:34.745Z] I (2784315) RouteLoom: HIL LINK rx peer=2 type=17 cid=237340361 current=0 status=5 seq=108
[2026-09-26T11:12:36.205Z] I (2785775) RouteLoom: HIL LINK tx peer=2 type=32 cid=487400799 seq=574
[2026-09-26T11:12:38.694Z] I (2788263) RouteLoom: HIL LINK rx peer=2 type=32 cid=237340361 current=0 status=5 seq=1087
[2026-09-26T11:12:41.208Z] I (2790776) RouteLoom: HIL LINK tx peer=2 type=32 cid=487400799 seq=575
[2026-09-26T11:12:41.265Z] I (2790834) RouteLoom: HIL LINK rx peer=2 type=40 cid=237340361 current=0 status=5 seq=566
[2026-09-26T11:12:41.269Z] I (2790838) RouteLoom: HIL PROBE tx peer=2 type=41 status=0
[2026-09-26T11:12:43.694Z] I (2793263) RouteLoom: HIL LINK rx peer=2 type=32 cid=237340361 current=0 status=5 seq=1089
[2026-09-26T11:12:46.207Z] I (2795776) RouteLoom: HIL LINK tx peer=2 type=32 cid=487400799 seq=576
[2026-09-26T11:12:48.696Z] I (2798265) RouteLoom: HIL LINK rx peer=2 type=32 cid=237340361 current=0 status=5 seq=1091
[2026-09-26T11:12:51.210Z] I (2800778) RouteLoom: HIL LINK tx peer=2 type=32 cid=487400799 seq=577
[2026-09-26T11:12:51.268Z] I (2800837) RouteLoom: HIL PROBE tx peer=2 type=40 status=0
[2026-09-26T11:12:51.285Z] I (2800854) RouteLoom: HIL LINK rx peer=2 type=41 cid=237340361 current=0 status=5 seq=568
[2026-09-26T11:12:53.698Z] I (2803266) RouteLoom: HIL LINK rx peer=2 type=32 cid=237340361 current=0 status=5 seq=1093
[2026-09-26T11:12:56.210Z] I (2805779) RouteLoom: HIL LINK tx peer=2 type=32 cid=487400799 seq=578
[2026-09-26T11:12:58.700Z] I (2808268) RouteLoom: HIL LINK rx peer=2 type=32 cid=237340361 current=0 status=5 seq=1095
[2026-09-26T11:13:01.212Z] I (2810781) RouteLoom: HIL LINK tx peer=2 type=32 cid=487400799 seq=579
[2026-09-26T11:13:01.285Z] I (2810854) RouteLoom: HIL LINK rx peer=2 type=40 cid=237340361 current=0 status=5 seq=570
[2026-09-26T11:13:01.289Z] I (2810858) RouteLoom: HIL PROBE tx peer=2 type=41 status=0
[2026-09-26T11:13:03.703Z] I (2813272) RouteLoom: HIL LINK rx peer=2 type=32 cid=237340361 current=0 status=5 seq=1097
[2026-09-26T11:13:06.213Z] I (2815782) RouteLoom: HIL LINK tx peer=2 type=32 cid=487400799 seq=580
[2026-09-26T11:13:08.710Z] I (2818277) RouteLoom: HIL LINK rx peer=2 type=32 cid=237340361 current=0 status=5 seq=1099
